Gene,cox_p_staged_patients,cox_p_stage_strata
ENSG00000114374,0.00021108348498998652,0.0004558715914389523
ENSG00000198692,0.04706644418434495,0.04957452816527144
ENSG00000258992,0.6378059659472669,0.6709966275775472
ENSG00000012817,0.0013884871880096542,0.001590767779903621
ENSG00000129824,0.02543425625667314,0.01761898852278224
ENSG00000067646,0.0014685064941896149,0.0026511638070832954
ENSG00000067048,0.0012816627161061907,0.0014830166638412701
ENSG00000183878,6.457038537633965e-05,0.0001272811090566312
ENSG00000168757,0.4575044815808944,0.4785698131412822
ENSG00000165246,0.0009043561323748841,0.0011808497388679387
ENSG00000233803,0.575964751588131,0.6498934085415573
ENSG00000238074,0.6586025249475049,0.7410641035863144
ENSG00000089012,0.001016048733905469,0.0030215151503709143
ENSG00000171984,0.08648932180945852,0.07729301859303406
ENSG00000125827,0.0909956582816714,0.19433090282114465
ENSG00000149346,0.47296460296081544,0.667975806967775
ENSG00000125845,0.33007108510701244,0.1527283031170676
ENSG00000125898,0.7269656966290514,0.7431342031395423
ENSG00000132640,0.49508436661141564,0.38740627993172316
ENSG00000089063,0.019006225930846166,0.04694013560707302
ENSG00000088876,0.6678930179642709,0.8796820604228304
ENSG00000101230,0.1568123715712134,0.20138072841114757
ENSG00000284776,0.44082716818596734,0.5107493921363085
ENSG00000101463,0.8188972175614093,0.49864283498811746
ENSG00000088930,0.48326811348974097,0.7253503184234866
ENSG00000125870,0.06136398306966047,0.0900625047050398
ENSG00000077984,0.004084194584335596,0.0060430047459679
ENSG00000101474,0.28964691840897794,0.6301097472511654
ENSG00000125864,0.3852953626121931,0.4182565598293687
ENSG00000170369,0.38533961756157376,0.8741858760048057
ENSG00000125868,0.23316634150865453,0.1915188917130338
ENSG00000125834,0.830368696937358,0.8786970424941728
ENSG00000198646,0.9662832735339929,0.7257175040154433
ENSG00000172296,0.5658343619945808,0.2164487774816781
ENSG00000131069,0.5980007550559465,0.7497758688131417
ENSG00000078804,0.5595270443371536,0.4647251701393281
ENSG00000101384,0.29210892535394517,0.27833471972651175
ENSG00000089057,0.6847175902443072,0.5944132018789319
ENSG00000089123,0.8075647454337287,0.6201361609938013
ENSG00000132792,0.3340787105112573,0.3838638526186664
ENSG00000149639,0.5269396114793449,0.2561508346853913
ENSG00000101445,0.0002173992998002307,0.0007236624624425329
ENSG00000149633,0.8457789747312949,0.5115548037936167
ENSG00000101452,0.8788885656547367,0.6273643866607104
ENSG00000124191,0.6914841069485944,0.5660197162595011
ENSG00000064655,0.6323284450390769,0.3325843717901905
ENSG00000062598,0.8404473419630499,0.7477085644979848
ENSG00000198959,0.052262375466018425,0.05913694431014882
ENSG00000042062,0.00012523167329475186,0.0002662752879903394
ENSG00000158480,0.4388618202028167,0.260477379328976
ENSG00000101447,0.4472689683299488,0.6486679599407816
ENSG00000197496,0.5292788961402252,0.2319108726778341
ENSG00000124226,0.2407850341086283,0.27077320218917705
ENSG00000080189,0.9046220921922515,0.9071220617967246
ENSG00000198768,0.0209511579251357,0.022296267965835354
ENSG00000088298,0.6128249627430264,0.8792266621308893
ENSG00000124151,0.38877637102456986,0.457650401685183
ENSG00000124126,0.07391954059867986,0.04949394136379704
ENSG00000124212,0.3581549666051045,0.853132740874623
ENSG00000182621,0.7269760558469831,0.992010612678245
ENSG00000054793,0.7338871630383208,0.7585789405811648
ENSG00000125970,0.6489122078652263,0.3952027090760608
ENSG00000124216,0.20593551823020592,0.2696089533347404
ENSG00000101194,0.1951101532292017,0.13217110543988775
ENSG00000132825,0.5468679219639396,0.24731203234796134
ENSG00000101132,0.17539652454958346,0.10143598564832476
ENSG00000101182,0.07488267171540837,0.07860714333911833
ENSG00000124215,0.8546383505075942,0.5827868302590224
ENSG00000197586,0.5331649449087914,0.8736600782037585
ENSG00000130701,0.11463142771505805,0.10633059725617997
ENSG00000101439,0.867123681846352,0.5130038374909733
ENSG00000101193,0.7487452717745604,0.9499671790377217
ENSG00000124225,0.2625526639177464,0.239480165527155
ENSG00000101365,0.6211937054856045,0.9049640343598542
ENSG00000124164,0.08315896802322793,0.049691552836712255
ENSG00000182463,0.677896693916531,0.33163058798070366
ENSG00000132821,0.040828215087102056,0.040474441890409635
ENSG00000125977,0.10790300987355068,0.12870560479621412
ENSG00000203883,0.094401866956567,0.0920274435989544
ENSG00000154930,0.1379908902498668,0.03212476924296605
ENSG00000101134,0.5223325556567988,0.9432595025383137
ENSG00000158470,0.29906502575464794,0.7221297688304881
ENSG00000020256,0.3595422269947013,0.13200234084983387
ENSG00000101144,0.3767524507255994,0.13421217449624204
ENSG00000101407,0.3027092828613567,0.4563554282753086
ENSG00000101079,0.796784909918034,0.8542141883355187
ENSG00000171858,0.3481270799852144,0.558788965362111
ENSG00000087510,0.3078794542374518,0.5342230769686308
ENSG00000184402,0.11047232571631542,0.0781257541586823
ENSG00000101361,0.1278041313601341,0.2403532235673399
ENSG00000101096,0.19080168849708085,0.12702257503808162
ENSG00000196074,0.012774726379247371,0.004322920275708372
ENSG00000130702,0.18494308328506873,0.15516267809858136
ENSG00000149657,0.7537915606094275,0.5466244515495825
ENSG00000087495,0.6213432684843837,0.27435391492357886
ENSG00000171703,0.1704180905612135,0.6269901092508838
ENSG00000129988,0.12769735503190283,0.15364292878297828
ENSG00000196227,0.21392171587237022,0.10784346849848196
ENSG00000080839,0.6975028281657685,0.5259806855136091
ENSG00000124209,0.6168466203011658,0.56129894939222
ENSG00000101413,0.1632607966460941,0.2749615887908374
ENSG00000130706,0.6570180844688616,0.7928573702914208
ENSG00000025293,0.8144562886929968,0.8323629485884159
ENSG00000131067,0.3320335535266718,0.11389841466514085
ENSG00000124145,0.169745415598314,0.1710424828353438
ENSG00000204070,0.34298307134464845,0.44274435545089685
ENSG00000124222,0.9128371766413927,0.8843936851984915
ENSG00000215440,0.23381648387611537,0.2322314587670467
ENSG00000101158,0.6045143940951407,0.8408515941274554
ENSG00000124172,0.050693310321512475,0.0913690461422346
ENSG00000101166,0.10089486601470468,0.19648798154005365
ENSG00000244462,0.26476152656443436,0.41679908038008506
ENSG00000197296,0.1448942666864942,0.24117399833887326
ENSG00000124120,0.06379897941618853,0.050845980270410734
ENSG00000132824,0.055823206434123314,0.10918875455258849
ENSG00000168734,0.4014742279110024,0.6222017863693814
ENSG00000101342,0.3215041244573502,0.15527051273924325
ENSG00000132823,0.3870989780394707,0.914060167487887
ENSG00000149596,0.165321304459365,0.16885230757046285
ENSG00000124193,0.5241479305377288,0.6969016976637028
ENSG00000101052,0.9919176257616574,0.7270917677217428
ENSG00000101057,0.9737308008971715,0.9496606637408639
ENSG00000101307,0.5219564107967973,0.644689923500491
ENSG00000271303,0.04290257064900983,0.09601204659467596
ENSG00000125821,0.4090534951932209,0.5377362678348023
ENSG00000130703,0.2293912352997697,0.24973473535185509
ENSG00000149658,0.47034586302757075,0.6454310263692631
ENSG00000101199,0.2462767915421017,0.23239921301846253
ENSG00000125863,0.895914352527514,0.7765860516103469
ENSG00000285508,0.00017572773274611512,9.454498624937414e-05
ENSG00000285723,0.0013523043513102588,0.0030047748621388143
ENSG00000125534,0.2950823432777819,0.2693733939269217
ENSG00000101213,0.9205060516821634,0.4310672569599727
ENSG00000088356,0.5014219818970151,0.9008596290368946
ENSG00000126003,0.6516694998739867,0.2292504236069536
ENSG00000101367,0.19587188507500033,0.29148338452257716
ENSG00000101000,0.3937539465897225,0.27723802467194286
ENSG00000126005,0.8611114631078047,0.7334724032398516
ENSG00000125998,0.09335317285015401,0.1423093135648513
ENSG00000198053,0.5869655001519676,0.26478823084235287
ENSG00000149636,0.625289240365482,0.7574046836955151
ENSG00000130584,0.05619836305642402,0.026159450196558885
ENSG00000197818,0.7665961135714185,0.6526476798897025
ENSG00000101335,0.6373916037054914,0.9718095104173567
ENSG00000118707,0.5207737024272354,0.29167097400615144
ENSG00000259399,0.9662142902015742,0.7738678555013211
ENSG00000101082,0.00609695810485593,0.009412457093139091
ENSG00000125901,0.9234133630434147,0.43585365932257014
ENSG00000185019,0.4543423680057921,0.1971067858972964
ENSG00000198171,0.6436037649214298,0.8977806888803748
ENSG00000125877,0.16330887466118726,0.28427080614214173
ENSG00000125968,0.6142159625348347,0.5392055638528566
ENSG00000131055,0.006272062769057525,0.0068614053910424225
ENSG00000088325,0.2930762415107339,0.42576121245930554
ENSG00000179772,0.41925600094760185,0.22808602890133398
ENSG00000171552,0.4933896065858745,0.6571308662619237
ENSG00000088970,0.39145461417155303,0.42149764440924875
ENSG00000125850,0.1208002603238455,0.07757748079220642
ENSG00000125871,0.8943546510507592,0.6092125862576407
ENSG00000232838,0.1442144313889417,0.34208810629764663
ENSG00000125869,0.5257835211144293,0.30101342688637733
ENSG00000125818,0.027087430193853883,0.05819532448536016
ENSG00000101298,0.46105114314757534,0.5558447993028938
ENSG00000125775,0.19369205128850786,0.21569097931283
ENSG00000196209,0.25043951787788116,0.1698541311296092
ENSG00000124104,0.7403886493104653,0.7658210456137793
ENSG00000132801,0.01912912164688591,0.018622458557031395
ENSG00000100979,0.42063418133035746,0.5801188608051253
ENSG00000100982,0.3565453826002305,0.17144848611900718
ENSG00000198026,0.04468900932347854,0.03209313289725997
ENSG00000100985,0.8764162167072853,0.9785713534111972
ENSG00000088832,0.01405789664647137,0.011100688798997343
ENSG00000088836,0.3405021940711419,0.1515199331201844
ENSG00000125967,0.594290323227555,0.9181934076377062
ENSG00000101412,0.16012740113337132,0.10208559352363861
ENSG00000101417,0.3827342071308024,0.41393362887432616
ENSG00000101421,0.629321827033839,0.7468027308839464
ENSG00000242372,0.3776712042728866,0.28161619706430796
ENSG00000132646,0.9536802568695304,0.8013705800855021
ENSG00000101290,0.5446182037407523,0.8558428070782971
ENSG00000089006,0.11297205157167059,0.26626817612962284
ENSG00000149600,0.26716038578651624,0.3446266419204932
ENSG00000101160,0.851520308300597,0.9026626618780438
ENSG00000198900,0.023462866671095,0.026646504500366677
ENSG00000171867,0.21376502653045953,0.1012928021093933
ENSG00000101265,0.03874327537360529,0.052326861116092964
ENSG00000244005,0.1956744604311311,0.3023611622520041
ENSG00000125995,0.12141282612026272,0.15303227741855036
ENSG00000131051,0.36887843552341404,0.4768620023650304
ENSG00000214078,0.1314271174102665,0.09926611415002864
ENSG00000185052,0.6676589296917816,0.4922744690671038
ENSG00000204103,0.2691409002466083,0.647418327913799
ENSG00000132793,0.2234244192111746,0.22099013925499758
ENSG00000124177,0.6103898593403038,0.32207983149971253
ENSG00000124107,0.14953403529826811,0.35584010962953694
ENSG00000101443,0.4093178644293487,0.26439910974584796
ENSG00000101457,0.1170756678450009,0.23622722503245108
ENSG00000175063,0.1394349662246782,0.18404760516291843
ENSG00000101470,0.09612876038290363,0.1579031344839
ENSG00000168612,0.569953866420432,0.7794961779056686
ENSG00000124207,0.11108131738428505,0.12235519574423788
ENSG00000124214,0.2085093843822904,0.3949213764038566
ENSG00000101187,0.5636039023164099,0.6435867631127408
ENSG00000101189,0.1787362256133834,0.29042114866978525
ENSG00000060491,0.8582591736034384,0.8080906835370019
ENSG00000092758,0.9334180447922141,0.7004572421638655
ENSG00000101190,0.14566177579382378,0.1501470445692088
ENSG00000101191,0.5117556853095857,0.4564747727715659
ENSG00000132622,0.37874655958263725,0.23722954862293796
ENSG00000101220,0.6196681050252157,0.8636555814676277
ENSG00000125817,0.5382248751681857,0.7729303470350919
ENSG00000125843,0.6946574935359457,0.5373931471590223
ENSG00000088888,0.956805598581274,0.7164642730716047
ENSG00000088367,0.7633968254586978,0.9862648139019594
ENSG00000131043,0.18220359401009623,0.29216150870071333
ENSG00000196476,0.4207832781637093,0.1576225118155582
ENSG00000247315,0.678326110172476,0.8228391513577287
ENSG00000125841,0.40473083508562946,0.8741945075421498
ENSG00000125875,0.7336989240110723,0.9231488550464447
ENSG00000101266,0.18493572151619378,0.43186139254336053
ENSG00000101276,0.1080964861802159,0.2099236156074755
ENSG00000124198,0.6792639588336795,0.5774285010074731
ENSG00000124098,0.43492716647241003,0.40591046033547595
ENSG00000087586,0.040873804440906596,0.040384184721620996
ENSG00000101138,0.8809011522249982,0.9070152712381829
ENSG00000022277,0.18984746983626125,0.2606579733262894
ENSG00000101247,0.8292070453758164,0.3090503544964294
ENSG00000124201,0.8487105580350061,0.9787118718771716
ENSG00000124171,0.5027614750012563,0.24364484640425904
ENSG00000124217,0.6986845758355483,0.8182411561562503
ENSG00000173418,0.08200698449757957,0.08660248715215592
ENSG00000101343,0.45962471895996615,0.7538888775433756
ENSG00000132669,0.4690517991472084,0.35371371764487713
ENSG00000101236,0.1889299179789922,0.35562137801529947
ENSG00000088833,0.35743873176990126,0.24936053808152792
ENSG00000171222,0.6450245022108251,0.36034233737508703
ENSG00000101336,0.2781188376040315,0.27621603120231186
ENSG00000124228,0.1866515342581057,0.23049941681811792
ENSG00000101181,0.9754997225922176,0.7123415486704552
ENSG00000101224,0.7936348446106577,0.41865828958037365
ENSG00000177732,0.7135494938061546,0.6650392252013675
ENSG00000170373,0.5157532337930228,0.7776906865062734
ENSG00000171940,0.8694199870803644,0.9700754903963854
ENSG00000088854,0.3862509127257334,0.5352137248313923
ENSG00000124257,0.24888256652930046,0.05268695491951567
ENSG00000125779,0.5777226559755493,0.7965874502224464
ENSG00000089048,0.48711345953725427,0.8080405683877121
ENSG00000000419,0.13448117617666022,0.16692665416552843
ENSG00000026559,0.042492677189538634,0.10054374706325903
ENSG00000124160,0.10865547362148739,0.15576429453831378
ENSG00000101347,0.5036162274229868,0.7852354110996771
ENSG00000101216,0.477342641850224,0.3515654710842634
ENSG00000197457,0.9435909636234937,0.7072623500295896
ENSG00000243509,0.8178615573311502,0.7648643870495849
ENSG00000101246,0.8451185176884186,0.7877419925066806
ENSG00000197114,0.5314521183307397,0.3650146003110698
ENSG00000125520,0.9891117421995833,0.7795794278580347
ENSG00000088882,0.2871071535909287,0.1949662815933246
ENSG00000132635,0.04570495363160871,0.012432633492500877
ENSG00000215305,0.7844711976917457,0.5904326809667961
ENSG00000101363,0.07897022271757094,0.08580762774169494
ENSG00000124243,0.9402554172206617,0.8016365791200885
ENSG00000244274,0.7711669819932464,0.5017825819793319
ENSG00000101255,0.005894382099679601,0.016995125281900645
ENSG00000174306,0.7761020731365184,0.782143152776652
ENSG00000080845,0.413525266382492,0.527035900510637
ENSG00000088899,0.28786224491899454,0.09246541917983306
ENSG00000125895,0.3744448500904999,0.10382049104856725
ENSG00000132670,0.413794597885769,0.6980412121330344
ENSG00000078699,0.01841288288152994,0.0038971531191815765
ENSG00000087460,0.17853494186985447,0.42768376465350033
ENSG00000124181,0.17543454280889464,0.14140474074723292
ENSG00000124208,0.5929816509355852,0.8349906474503035
ENSG00000240849,0.3875693745386586,0.49719970272208003
ENSG00000172216,0.260179542426793,0.23661532491499893
ENSG00000196396,0.25048792634040895,0.3487836738398169
ENSG00000197122,0.4448838586411402,0.49934657445685116
ENSG00000132661,0.30767330976481266,0.8245220576213398
ENSG00000125812,0.3125432679233946,0.6243948214334855
ENSG00000125814,0.8788957568406022,0.5631452816842524
ENSG00000118702,0.7765287842285209,0.9260643757840786
ENSG00000101333,0.5881524788343486,0.9286018429740264
ENSG00000132623,0.5732445390605738,0.874882177310603
ENSG00000158296,0.6062144432746451,0.737178190798131
ENSG00000188559,0.7519218929653674,0.5086475049270069
ENSG00000125991,0.24040778452683673,0.5310428332902231
ENSG00000101084,0.029418199211432742,0.051044130061959965
ENSG00000244687,0.08742577644291111,0.021136289982481106
ENSG00000149451,0.002065289520617345,0.0019878112851945563
ENSG00000124140,0.8754554672734047,0.9591623903401232
ENSG00000125844,0.871727690548715,0.7307856967357698
ENSG00000149474,0.296436045571088,0.12372593252452048
ENSG00000125780,0.391634868943863,0.6107482095870743
ENSG00000125835,0.38675321996063794,0.6238748953698826
ENSG00000170471,0.9287424271648455,0.7984270287016689
ENSG00000101442,0.6229360059500677,0.5944043058473079
ENSG00000149646,0.9130688574536112,0.8729451420070703
ENSG00000130699,0.5252314564851022,0.3954499376556737
ENSG00000124143,0.8032480743402864,0.943186333156059
ENSG00000124155,0.7427303082520172,0.9662340003695327
ENSG00000019186,0.6645316079373971,0.9649306415795115
ENSG00000064787,0.6060087329664645,0.41651157994196597
ENSG00000215251,0.2909398725181656,0.4436421122261497
ENSG00000172315,0.5794172514275118,0.842371508713649
ENSG00000101161,0.5662102658441548,0.8129094474593046
ENSG00000061656,0.7331844735176536,0.45015745828793763
ENSG00000100983,0.6492639922696459,0.7291063078804211
ENSG00000078814,0.5149659908857009,0.33037894371743465
ENSG00000100991,0.7694773127527184,0.6778146091233483
ENSG00000124092,0.08930448007003047,0.14892185056108176
ENSG00000124256,0.0016463896406022933,0.005001513751556499
ENSG00000101040,0.45670733730933055,0.16071392411949337
ENSG00000149679,0.4980528922124483,0.28571556613040255
ENSG00000101017,0.9058659359886583,0.978114466352332
ENSG00000196839,0.05228583084230631,0.045249775667136644
ENSG00000064205,0.9694415694462777,0.5912604761863257
ENSG00000078898,0.01590363185481153,0.017580958814560666
ENSG00000198183,0.1359348291537451,0.12831357684135863
ENSG00000125999,0.11242395245661621,0.06687625594596656
ENSG00000101391,0.9404380561018921,0.8461304899681074
ENSG00000101400,0.317132379628167,0.24404715944696168
ENSG00000088305,0.9827181730226519,0.7482780395100906
ENSG00000100994,0.7017475304278569,0.9352074489856883
ENSG00000100997,0.5749453308083812,0.20107836376371468
ENSG00000101444,0.4671174692119262,0.7448733115863315
ENSG00000101460,0.016552712556551857,0.0035894588973124242
ENSG00000101464,0.9901671329403224,0.7460501933594359
ENSG00000125971,0.48675210376725064,0.5932840002799242
ENSG00000078747,0.22208304622475486,0.38809301934786056
ENSG00000101003,0.7958069912121196,0.8680272462716538
ENSG00000132664,0.9382163320160654,0.8651411655745561
ENSG00000089050,0.08189442658422162,0.05841523140494884
ENSG00000101310,0.9378392038459936,0.5779926956145455
ENSG00000232388,0.3060249863076495,0.7021581961657389
ENSG00000125826,0.02382315961321327,0.0551650512651686
ENSG00000258366,0.5040268117311214,0.5997331035379672
ENSG00000101146,0.2318899156110806,0.4419770079928347
ENSG00000132819,0.133497796101572,0.08532322528256835
ENSG00000101019,0.39086571535247794,0.5619793163857321
ENSG00000101473,0.29878151607916,0.43917928886716984
ENSG00000088320,0.002832738457108697,0.0018035035674588075
ENSG00000101294,0.036493514830393335,0.05005172577883237
ENSG00000101337,0.8492188270487756,0.9982615953488203
ENSG00000101350,0.9105392541794353,0.5045856216529241
ENSG00000171456,0.3813167794545269,0.1631205205473942
ENSG00000197183,0.44079189857075685,0.684826273238569
ENSG00000196562,0.8063889551620979,0.5028229386254508
ENSG00000130589,0.924411513027406,0.7140741060921194
ENSG00000166913,0.023772524393757485,0.014377854683911331
ENSG00000101104,0.1523541043986639,0.021460312683315216
ENSG00000025772,0.0026669672740495037,0.010207335166885831
ENSG00000124134,0.39994964544296585,0.5061264179422451
ENSG00000168703,0.2647161262328184,0.38738058132085895
ENSG00000124102,0.9812437337913679,0.7910729478660086
ENSG00000101109,0.9810278639176157,0.8977550883798374
ENSG00000125813,0.1892495783379166,0.17226147636072628
ENSG00000131061,0.5770100277680079,0.7087150952965768
ENSG00000125846,0.19155308866730295,0.07764221840115336
ENSG00000089199,0.00022340665660565797,0.0008604722509261018
ENSG00000089195,0.2515097266255894,0.4935887783414752
ENSG00000125885,0.44861821614718544,0.7033168749373186
ENSG00000088766,0.00564391172167251,0.014467455194719248
ENSG00000088812,0.4080021472123059,0.7232732590108931
ENSG00000088826,0.7214429827544846,0.9074681463828289
ENSG00000101311,0.8283473127359179,0.7143670096067074
ENSG00000089091,0.21440705003726632,0.0755337598045319
ENSG00000101898,0.9932638317039478,0.7184475934134842
ENSG00000101126,0.4044950198845486,0.16827714121203358
ENSG00000175121,0.36372907685347433,0.3934331042930769
ENSG00000088881,0.2814814915147613,0.1172787630807954
ENSG00000203880,0.5447171287414159,0.32653788985568455
ENSG00000178726,0.08356158098052399,0.038089527348836895
ENSG00000125810,0.7931766120040135,0.6770829768476925
ENSG00000171700,0.5107209898582212,0.5036444720747671
ENSG00000125772,0.8118018387141506,0.9573068522795481
ENSG00000203896,0.0035296679351073824,0.0015360826957734378
ENSG00000183260,0.9004510860726483,0.7018441193899916
ENSG00000101150,0.11284281647347055,0.07483505028558118
ENSG00000101152,0.8434052889191522,0.7752757532954595
ENSG00000198276,0.9875709698500545,0.4680841303833073
ENSG00000196700,0.2997266632323501,0.12805570036253666
ENSG00000130590,0.09323171636910212,0.0848107878666899
ENSG00000089177,0.5091252178568137,0.7672912704913858
ENSG00000172264,0.3904984805732188,0.746520637108005
ENSG00000125848,0.825988106614769,0.7314263880773246
ENSG00000118705,0.0586138137917451,0.13964929831755496
ENSG00000101346,0.7383926558246173,0.9640282169704459
ENSG00000170191,0.46942027499007455,0.9065690267004691
ENSG00000130684,0.11789549483701364,0.022528478314784744
ENSG00000126001,0.5119130887477208,0.2428717234259156
ENSG00000064601,0.5853874535089378,0.5558726277520021
ENSG00000101210,0.1625585935239137,0.33968704330087657
ENSG00000166619,0.18755664780489045,0.2378550485324976
ENSG00000053438,0.29710406131792316,0.13607774179623777
ENSG00000101004,0.3531117851699317,0.10584370443653995
ENSG00000088827,0.9859891259369357,0.6984412462498715
ENSG00000167393,0.3824548538298732,0.30102782318838134
ENSG00000183943,0.6962536402533319,0.3693601166596695
ENSG00000185291,0.01965335747092898,0.014954976977155148
ENSG00000182162,0.00022140057346304204,0.00018129186788539241
ENSG00000169100,0.8723139559849414,0.7473106468018202
ENSG00000169084,0.9909042121298126,0.7231982923533289
ENSG00000146950,0.3627537120083848,0.38941253288568023
ENSG00000011201,0.4469626081589494,0.25469968032472307
ENSG00000169093,0.05609757394215282,0.026826338627253653
ENSG00000004961,0.045757464648318744,0.029306118584471578
ENSG00000146938,0.3189799031045215,0.5152637721167953
ENSG00000101955,0.02209694145786699,0.015222962312107676
ENSG00000147027,0.9822598788084627,0.6970440552012576
ENSG00000197976,0.03575632141455189,0.029625859691869958
ENSG00000091482,0.025799151833073058,0.02423802007639088
ENSG00000131831,0.13626906128519173,0.02762397886811846
ENSG00000047230,0.6060396291943482,0.9079785175953479
ENSG00000102218,0.7813751453240074,0.8762828424407545
ENSG00000012174,0.2099020679952295,0.38741150229921495
ENSG00000158526,0.3128542998608472,0.75270492634733
ENSG00000180182,0.3119256904583636,0.2608904424972962
ENSG00000147119,0.3745462162094414,0.9027419489760865
ENSG00000273820,0.8228658834207381,0.3701643444006668
ENSG00000171365,0.36200084211426,0.14200300405112645
ENSG00000169895,0.06419958114118574,0.13132714633315037
ENSG00000008086,0.2782540645270896,0.11675903484419303
ENSG00000196368,0.05537904654187145,0.18955131677907452
ENSG00000165169,0.8098120862015631,0.8000099817238582
ENSG00000069535,0.7651577187559864,0.9717696835314727
ENSG00000155659,0.028873670775101747,0.14355203640522904
ENSG00000102221,0.6266663711505548,0.3497293575432162
ENSG00000065923,0.35008741741673444,0.5975102415827191
ENSG00000187601,0.7765016563677296,0.8009291055255479
ENSG00000087842,0.27617683781471697,0.6767391830350881
ENSG00000182220,0.7717755913090483,0.5618485194552668
ENSG00000147100,0.31749222118602133,0.17288356934932542
ENSG00000102302,0.4860117106436689,0.35270560361093606
ENSG00000102316,0.582559424964886,0.9349450936545881
ENSG00000102349,0.12153033393841978,0.2557014685790254
ENSG00000147099,0.6749356748034735,0.9547346256983005
ENSG00000094841,0.02048677310228628,0.034794177965763284
ENSG00000165288,0.7884994136759576,0.9369617382399666
ENSG00000188419,0.5085648483640117,0.7033718670474418
ENSG00000124429,0.32487950668420584,0.2007941855934294
ENSG00000198934,0.4318824762947603,0.7327368406979111
ENSG00000185222,0.002497074911534237,0.004216417640494381
ENSG00000102390,0.06012626203896552,0.09234014312621247
ENSG00000204272,0.03926071994133938,0.18547615612515042
ENSG00000131171,0.5651772470862686,0.4963086963555621
ENSG00000188917,0.9723318734827648,0.580106897866584
ENSG00000268104,0.439382829468306,0.8444259468591231
ENSG00000047597,0.5258336201688725,0.5493623998961932
ENSG00000187690,0.3706402371481816,0.43757852443964174
ENSG00000101844,0.026901997971754636,0.02439409122176605
ENSG00000101843,0.007511191031122878,0.019366723248915804
ENSG00000069509,0.04958929044016587,0.05690664118727951
ENSG00000078589,0.0010717281185197252,0.0014519212916422684
ENSG00000147121,0.7169034954386302,0.25902909836324023
ENSG00000090776,0.3376912753321175,0.30725107611710856
ENSG00000185753,0.40656768573014157,0.48899067559012566
ENSG00000182916,0.8113695926266996,0.8501935446077398
ENSG00000133169,0.6509378543224251,0.9657050944749266
ENSG00000186767,0.3765004781674677,0.20603856154963746
ENSG00000125676,0.460457207363716,0.6794362719307188
ENSG00000204271,0.17943830355332693,0.050658976028123706
ENSG00000078596,0.025487538151242602,0.04999118968546951
ENSG00000227234,0.01491596079516418,0.0070260525974120604
ENSG00000166681,0.0013110136575382103,0.0034376668410156454
ENSG00000046774,0.37310122641319976,0.42189077068557357
ENSG00000186462,0.0543710849161265,0.16442651663145547
ENSG00000102241,0.21282281674629996,0.32721110354659927
ENSG00000089289,0.04845597671478978,0.18444533175331984
ENSG00000131725,0.052975190229354416,0.04949112446935101
ENSG00000184675,0.7182899672437681,0.31668365953996497
ENSG00000198573,0.020405755160992477,0.01411399943871801
ENSG00000182712,0.08486560583088676,0.17170061666218053
ENSG00000010404,0.109117831131891,0.17738393066628705
ENSG00000182195,0.5907089484678509,0.9922220888031604
ENSG00000011677,0.21570778373187413,0.4965291476165844
ENSG00000241489,0.00680264311463433,0.00108779485409086
ENSG00000185247,0.5099424473473039,0.5803979925766931
ENSG00000102195,0.2576164391211469,0.3042890663294417
ENSG00000197021,0.7958005031905254,0.5077613982365752
ENSG00000165775,0.05455875545368122,0.09823606018248547
ENSG00000197620,0.9813147598487175,0.6344971917409381
ENSG00000133135,0.03811102782387683,0.06741976763545908
ENSG00000102243,0.41958636374224056,0.6070092966296856
ENSG00000155495,0.9351950152591372,0.8672274713142987
ENSG00000185010,0.3471688561288274,0.5552523174806838
ENSG00000198157,0.6132005259014801,0.3046598656045097
ENSG00000129680,0.0037587353426412457,0.005005637725587221
ENSG00000133138,0.09970383787277037,0.22979639450673753
ENSG00000133131,0.3108355411829579,0.6505787534170477
ENSG00000155959,0.0018739813674443265,0.0053885234608329275
ENSG00000123496,0.4042495309724411,0.3262043344543378
ENSG00000067177,0.22180572236145746,0.30453407515189085
ENSG00000147231,0.3055270208693931,0.6876066205099445
ENSG00000204019,0.4829741747950377,0.46206874089290806
ENSG00000203926,0.03634452740910815,0.01348338570662126
ENSG00000008056,0.21857357118161086,0.5209021690329694
ENSG00000126767,0.797823606738616,0.6636220160874606
ENSG00000102265,0.04618021669902716,0.1489160185055668
ENSG00000147130,0.5522928062586853,0.9130062286811411
ENSG00000186810,0.0014095172359658704,0.002765545137600256
ENSG00000155962,0.2200449618014749,0.3125089910947856
ENSG00000185973,0.021875138360828755,0.06198634590911022
ENSG00000124333,0.022161042651249577,0.032866230323085575
ENSG00000007350,0.23335781365003588,0.10316964427802514
ENSG00000071859,0.5954147339460892,0.95232362845348
ENSG00000130827,0.449577252893381,0.22557640644414506
ENSG00000102178,0.32242772241757756,0.6588880502017993
ENSG00000126903,0.47986630574803324,0.7667632313963297
ENSG00000147180,0.16440569092927743,0.03304508254550131
ENSG00000158427,0.9177743236425346,0.8612310523441631
ENSG00000005302,0.23085996568238107,0.30745259034143313
ENSG00000204379,0.2413656520270579,0.18577184672140074
ENSG00000047634,0.8518688638213272,0.9472332790023437
ENSG00000277150,0.2657027970452379,0.3027369493405103
ENSG00000063587,0.32337535720891575,0.8412797537123892
ENSG00000179222,0.9403478410888924,0.5978090196019301
ENSG00000130021,0.192883593149433,0.1705778687775455
ENSG00000188153,0.7129041455780835,0.7084590337666247
ENSG00000134594,0.05674650019862485,0.06680512387533862
ENSG00000056277,0.46660074325299983,0.7326775208055435
ENSG00000156709,0.19070489329064705,0.42258901588715125
ENSG00000131174,0.11001318439674646,0.21907657558789562
ENSG00000068438,0.653062521749893,0.7296256165399504
ENSG00000147155,0.4052219291060024,0.5823579543494084
ENSG00000102048,0.13667870959303685,0.053894765530022835
ENSG00000165195,0.9640334767691476,0.8333447828587746
ENSG00000130829,0.16679973974582848,0.34066642376854883
ENSG00000130822,0.5938745378884511,0.8772493805386529
ENSG00000185825,0.0023412389852526237,0.005133180768166147
ENSG00000101986,0.6687960131787501,0.7944547731413841
ENSG00000198753,0.6622400434269244,0.9031113119243235
ENSG00000184343,0.7681245655368147,0.9215511825932736
ENSG00000180879,0.7119845370329125,0.7737561085430902
ENSG00000198910,0.08998604188562141,0.05069922116523332
ENSG00000102032,0.5790713710860736,0.21299187731336985
ENSG00000172534,0.8089508205442634,0.5968629424789222
ENSG00000177854,0.6910300515799924,0.7281809203703751
ENSG00000126953,0.0028244236621530966,0.01891400925218644
ENSG00000241343,0.029632284519194085,0.06430622061623525
ENSG00000257529,0.0015204524026966057,0.012603385943844877
ENSG00000126945,0.011428117500276424,0.03095633182761574
ENSG00000262919,0.3201276603640875,0.6312963335366647
ENSG00000130821,0.2565463666694399,0.5474956836353707
ENSG00000147164,0.04643313908749675,0.05572048805843304
ENSG00000184481,0.3424469187165398,0.2065846027341917
ENSG00000131263,0.2004702945519247,0.46877360231152865
ENSG00000147113,0.22473975290841516,0.19235938783878334
ENSG00000147224,0.02040733536726496,0.03930456162284019
ENSG00000165194,0.648605552336285,0.7049188205411985
ENSG00000275113,0.3521387272651083,0.4269353116270347
ENSG00000147274,0.1079162674318996,0.2837305965130316
ENSG00000172465,0.10398138089148362,0.2878592314847169
ENSG00000123562,0.00019986469021750195,0.0005572201932382928
ENSG00000102007,0.31812601085994413,0.2567255441433858
ENSG00000012211,0.7684797155038156,0.8313593501263635
ENSG00000101997,0.21064818613938485,0.0939140068245495
ENSG00000049769,0.5055758695645349,0.2158606125130899
ENSG00000147118,0.10469352209434933,0.025755067255021906
ENSG00000221994,0.07218564365346399,0.02628523097680113
ENSG00000188021,0.7284945032363459,0.5271976470966944
ENSG00000130962,0.2288525274910839,0.12217995317778815
ENSG00000101911,0.37563992103537414,0.26833769075823066
ENSG00000085224,0.5687482557532623,0.8551290458852517
ENSG00000083750,0.2184589082968696,0.046004988721534294
ENSG00000156298,0.03555828606821191,0.06701975974122899
ENSG00000126759,0.024595303484171466,0.023541377398062727
ENSG00000000003,0.02629334906640018,0.09904767534555249
ENSG00000158164,0.4866168169362013,0.3154098651785037
ENSG00000169239,0.09729813839251071,0.025478538735777226
ENSG00000182287,0.5793979050242306,0.7890172601048562
ENSG00000169188,0.8811457861808901,0.6101860570896998
ENSG00000238269,0.8794442226051554,0.8990140894526397
ENSG00000234068,0.89725152877743,0.7533517866635434
ENSG00000196924,0.14583198276029904,0.10291605285817375
ENSG00000147003,0.9023887674708211,0.5916954728967558
ENSG00000147403,0.2154349396081896,0.5302119268751211
ENSG00000072501,0.7457452172561875,0.8415954301521695
ENSG00000198689,0.9460458351501736,0.916802895422854
ENSG00000134602,0.06962838179963199,0.16796254365888943
ENSG00000123728,0.08142836429593447,0.06920397004621247
ENSG00000147140,0.1876897401542756,0.4116655426418717
ENSG00000120280,0.10895324700460278,0.1406509073893252
ENSG00000101868,0.8297072307969982,0.6298438671868378
ENSG00000182484,0.9802835257619257,0.9332368281850074
ENSG00000131089,0.6092603340783336,0.8844986698380316
ENSG00000181191,0.0430229878672182,0.11120078255323843
ENSG00000102387,0.09515092024747254,0.08749061585037815
ENSG00000165359,0.03135982782858212,0.021174850240931256
ENSG00000005889,0.3987293686213117,0.4796197937537524
ENSG00000197779,0.1617490806779857,0.0334403682127719
ENSG00000080561,0.5289115059786649,0.8441900813233899
ENSG00000125354,0.44887526081916973,0.42134822206677724
ENSG00000022267,0.09765724046860472,0.10412969337685155
ENSG00000131269,0.011670531563071641,0.04335699989156898
ENSG00000188706,0.00998338193035444,0.034321885353483156
ENSG00000156697,0.0069470886746915515,0.008241793396165585
ENSG00000085185,0.10792490853891276,0.369773736898263
ENSG00000196507,0.18612780201191037,0.4270908363548721
ENSG00000123575,0.18420013416271896,0.3649207132287483
ENSG00000182378,0.0024185511490411983,0.005904220888045088
ENSG00000268651,0.3367456421728299,0.47541147906023373
ENSG00000171388,0.261455495658476,0.10854996455631724
ENSG00000122122,0.006443208021856985,0.009270040411929916
ENSG00000078061,0.981265509375008,0.5233900621101548
ENSG00000101938,0.4377601673213588,0.7298534810770901
ENSG00000077274,0.7966566674691824,0.5677088276673727
ENSG00000102359,0.028840005194621685,0.19089855519592655
ENSG00000232119,0.0008201231810738062,0.0012271334735422955
ENSG00000171155,0.029356843704399362,0.0899267517844521
ENSG00000158290,0.5674244404759494,0.9427804738507284
ENSG00000269096,0.013414881898508403,0.024103063894380723
ENSG00000046647,0.47850676862227326,0.549409847769729
ENSG00000157600,0.4878200398422795,0.6030505932528665
ENSG00000198918,0.0008709677189677792,0.007554014784072615
ENSG00000125352,0.07590747077114032,0.24470242764642602
ENSG00000125356,0.10632897108269143,0.295377989580614
ENSG00000101882,0.001527340085452378,0.004521574698202206
ENSG00000183337,0.6861463937915948,0.49948954019228153
ENSG00000132446,0.2009530279765285,0.3212188318372589
ENSG00000189369,0.7118263571332369,0.8912729879677332
ENSG00000181704,0.00904935639935968,0.03910697669934176
ENSG00000079482,0.053298041821266164,0.17842110858618385
ENSG00000160131,0.08095731900718153,0.19608611234340195
ENSG00000071553,0.015611009638948195,0.06009287283887562
ENSG00000186787,0.5995844439266607,0.25718255516634053
ENSG00000198455,0.8976724472978179,0.6281221004498793
ENSG00000165591,0.6057004588225656,0.3092988893108511
ENSG00000147251,0.07330206071273226,0.07212938656602527
ENSG00000198205,0.9284542154656559,0.46737919223674096
ENSG00000101849,0.7619849502507134,0.3907878318387231
ENSG00000101850,0.0727798540990167,0.07439796854021283
ENSG00000198759,0.01871477863764761,0.010675506332058812
ENSG00000123595,0.8461788273823432,0.7376058320531793
ENSG00000046651,0.4039654795704637,0.32222879057103054
ENSG00000147133,0.9042408054720767,0.5023313881105753
ENSG00000147144,0.5550070878954139,0.7541226268085806
ENSG00000068394,0.9551117244261129,0.7920148290816781
ENSG00000123584,0.5599561981440915,0.3102723782790297
ENSG00000212747,0.5432698809617162,0.43429431570524657
ENSG00000134590,0.08603574134063437,0.1367940268944048
ENSG00000203950,0.04155377420364522,0.10641589989621432
ENSG00000186376,0.7455424186734344,0.9793125503569845
ENSG00000173275,0.5692383303545987,0.36716880641610905
ENSG00000123131,0.1085719282609955,0.1841042825634424
ENSG00000123130,0.18824705965443903,0.17579647507476612
ENSG00000184831,0.5663129635705145,0.8071256564420112
ENSG00000130830,0.16376949916143368,0.2867593613625965
ENSG00000198908,0.7555795032017987,0.8886709442062979
ENSG00000101888,0.7482242870811715,0.7363592348201218
ENSG00000068366,0.2431605537518613,0.29003570239866727
ENSG00000183479,0.09713418846269246,0.1256846199734411
ENSG00000056998,0.8478670763620645,0.4626373476750555
ENSG00000006756,0.9674853420397466,0.956263105073221
ENSG00000187325,0.9655637080959886,0.8965242401214312
ENSG00000147050,0.6099426043001057,0.677794379814257
ENSG00000157399,0.41669406707944123,0.19113601263816987
ENSG00000102078,0.3955521410060352,0.7745455783950657
ENSG00000099399,0.21565325231522023,0.30578606765899324
ENSG00000102119,0.08290675532408184,0.18459647861259096
ENSG00000196459,0.3417759976797015,0.15550964058754083
ENSG00000102384,0.21563667348400933,0.3225587212038267
ENSG00000213397,0.3475558799495866,0.656922378448277
ENSG00000130066,0.513022734146392,0.4396290164407659
ENSG00000130052,0.5577386111621073,0.4827773928768182
ENSG00000267978,0.4165116367267262,0.6634012748109017
ENSG00000184033,0.17484524463425538,0.32766486063744704
ENSG00000126890,0.406302726881118,0.3715637732428464
ENSG00000126016,0.4655258282826338,0.8059591176669448
ENSG00000268350,0.14417720716367946,0.050090796980324814
ENSG00000214717,0.3523815515305786,0.2028695829801787
ENSG00000002586,0.3660340685714768,0.3781464512574887
ENSG00000124343,0.8582491853794776,0.7096913717192564
ENSG00000013619,0.6413455893845608,0.3136576752162154
ENSG00000072506,0.941394774198435,0.7749622094822761
ENSG00000269586,0.062330429295353526,0.11143921632372272
ENSG00000067840,0.028231636119357906,0.009288795467025084
ENSG00000147124,0.15637574607697513,0.07892683687991885
ENSG00000251192,0.3173272423833102,0.12295600193498692
ENSG00000147381,0.11606649615436397,0.07299012707724965
ENSG00000154545,0.5256754213268259,0.44900606017625677
ENSG00000076716,0.2396302082361734,0.4062346268014374
ENSG00000184194,0.41483724511215947,0.10367293494124587
ENSG00000184205,0.8894972176772207,0.37329604052927456
ENSG00000126012,0.4205631937929254,0.5033852726817432
ENSG00000157625,0.8105169094340289,0.717880112185818
ENSG00000124260,0.5994586971915371,0.8166388380679719
ENSG00000184634,0.9563048493719729,0.6646734136702009
ENSG00000102081,0.8363043153757863,0.7175894538670937
ENSG00000158301,0.1852516465780934,0.44874770557480737
ENSG00000189221,0.9718290544381578,0.7229027595923423
ENSG00000101825,0.469970441610037,0.6634977806468879
ENSG00000237671,0.2801960492539615,0.3541672652321599
ENSG00000227488,0.2801960492539615,0.3541672652321599
ENSG00000236362,0.3782782541937916,0.45245808996277237
ENSG00000215269,0.4077263668911064,0.32986109364950117
ENSG00000224902,0.6395643495299035,0.7761780541045176
ENSG00000189064,0.570590905520963,0.6752028274346036
ENSG00000205777,0.17352031826078135,0.1517112286715694
ENSG00000224659,0.25613755054704884,0.24308856138185647
ENSG00000274274,0.4458377578127988,0.3951423123259761
ENSG00000102158,0.036874174841046076,0.10778011911794515
ENSG00000268089,0.4328583964427064,0.3125897404867001
ENSG00000221867,0.6054480162501199,0.6786656797485534
ENSG00000183305,0.8405674536268525,0.7709690952634138
ENSG00000198930,0.6597077745646505,0.8849571216543624
ENSG00000213401,0.872449473843402,0.7713400658140036
ENSG00000268606,0.7616251372847066,0.5705877975690667
ENSG00000268916,0.4165591090583354,0.39883142781592873
ENSG00000147400,0.077380596242588,0.17242588633308684
ENSG00000147383,0.011316557240542065,0.01691886864723769
ENSG00000198883,0.38982989740400864,0.5926626895841074
ENSG00000130741,0.0506588569248246,0.06486462614938761
ENSG00000174010,0.22201334856997165,0.08613287594001975
ENSG00000171100,0.5933657690904306,0.5555406301636865
ENSG00000102181,0.6811328336237028,0.4208651860526388
ENSG00000001497,0.47226110642465824,0.7448701591537578
ENSG00000188158,0.3084188801364795,0.1676867200524336
ENSG00000156531,0.1461331344996907,0.2662709552563443
ENSG00000165704,5.110664808582512e-06,1.419732861278974e-05
ENSG00000170965,0.24168427347755,0.16697104823753584
ENSG00000156504,0.4153641572273645,0.8780124395051464
ENSG00000172943,0.6254063616974617,0.2799757000318836
ENSG00000184083,0.316916719801089,0.058937883438111266
ENSG00000269556,0.21074689336552258,0.20301772783134367
ENSG00000134597,0.033433048252089405,0.08928793435367817
ENSG00000171659,0.6371247245067323,0.5477412070704286
ENSG00000102034,0.4434876578824374,0.5545926293803414
ENSG00000147202,0.5580870965642561,0.7252460731433775
ENSG00000197565,0.6036944148485079,0.558659606527395
ENSG00000017483,0.22476669797801965,0.45166760787793514
ENSG00000133142,0.0027536296472247075,0.009982348297639837
ENSG00000185515,0.33200605101388525,0.525923642529416
ENSG00000067829,0.08898813240832519,0.16498554441604565
ENSG00000155008,0.21200969864495228,0.3967272887686226
ENSG00000102024,0.0016575647318843821,0.0027430216332556432
ENSG00000101972,0.3354398454376377,0.6159307831045973
ENSG00000147257,0.4445699995305056,0.7566895056491666
ENSG00000101846,0.818636213197138,0.9562748377203203
ENSG00000006757,0.006232067024389014,0.004518423718497566
ENSG00000204116,0.9466119127946043,0.6263707708071377
ENSG00000179304,0.4411059158030506,0.28917317207204646
ENSG00000197172,0.6824206150522288,0.8348592846002807
ENSG00000165175,0.226497122094486,0.19836646100141045
ENSG00000187243,0.9610700433559076,0.45179848954174195
ENSG00000182872,0.19179032308237698,0.05662626572984407
ENSG00000130985,0.9137669445584593,0.6302310660458066
ENSG00000147123,0.9026708855493502,0.3722097417657064
ENSG00000198088,0.4397415398835862,0.6068605227558574
ENSG00000165240,0.5317272215430902,0.869008085576995
ENSG00000044446,0.29594786714056204,0.09072202290571205
ENSG00000102393,0.020731767753758627,0.13455693514881653
ENSG00000101945,0.6902861721180086,0.5739964569913296
ENSG00000102109,0.34970344466865455,0.5938020038671519
ENSG00000102103,0.913196116751605,0.696886439804552
ENSG00000102100,0.1958280458196543,0.3283764926916547
ENSG00000102096,0.008157586783015024,0.0026753089935266225
ENSG00000068308,0.7751021563224312,0.4389407229300796
ENSG00000067445,0.8550262311460096,0.4219723772817975
ENSG00000067992,0.05951518523925847,0.0547736442213013
ENSG00000126947,0.7038620647220324,0.8930016070691497
ENSG00000198960,0.892385443287847,0.6233189031311996
ENSG00000102401,0.8776289555176586,0.4224758484845116
ENSG00000184867,0.8272950071188504,0.8065230349800784
ENSG00000169249,0.9643040981920641,0.8751518076175335
ENSG00000184515,0.9671483776678004,0.8351735205050481
ENSG00000157514,0.19472049116023235,0.03502045091109151
ENSG00000186416,0.008700925724130238,0.02966175488114308
ENSG00000198814,0.33956810380109254,0.17701865333904726
ENSG00000102038,0.1653014125536915,0.3866657036829205
ENSG00000122126,0.41019042049809473,0.5849847804586557
ENSG00000013563,0.007678557567095739,0.006285281145675412
ENSG00000125962,0.38650920363274366,0.7107315046837266
ENSG00000089682,0.4844650621509845,0.5354149431300121
ENSG00000102362,0.9569539933364337,0.5987946723486794
ENSG00000089472,0.9886899061347524,0.41045236874600066
ENSG00000196976,0.7765503904868352,0.8549666766409014
ENSG00000165675,0.7717368545286819,0.9951910085101434
ENSG00000158352,0.7156658813606555,0.4125635280979112
ENSG00000182518,0.3229105539045653,0.7135102037225008
ENSG00000184368,0.08917052028794799,0.047340405060518086
ENSG00000173674,0.018544823381832685,0.01782742004426376
ENSG00000177189,0.6692708161679175,0.8847780646437674
ENSG00000173681,0.37504877644564094,0.2532716033261619
ENSG00000130119,0.790461399354973,0.37365157340012567
ENSG00000171004,0.9792319741397203,0.5627142008271884
ENSG00000090889,0.3428723388210446,0.4766476373556917
ENSG00000130055,0.9654762965775305,0.7499333419824796
ENSG00000120509,0.000730795487022123,0.0010695874179584672
ENSG00000010671,0.03134737008619725,0.02415274488300365
ENSG00000129675,0.07883319037490753,0.08169117383011706
ENSG00000126768,0.7916448246778633,0.6619792477032089
ENSG00000165168,0.4668982159245475,0.34275170262588145
ENSG00000198223,0.07852093470784434,0.07073068183951774
ENSG00000130150,0.9661063343274038,0.7771698616834073
ENSG00000102317,0.26955449926304764,0.4941995021610215
ENSG00000101940,0.24755095421196682,0.055769182902505814
ENSG00000101856,0.0009961321819586836,0.008057947751577036
ENSG00000077713,0.013558639707636223,0.004880036941747547
ENSG00000005022,0.010930145648201042,0.04313347786498401
ENSG00000077721,0.004980777329853872,0.013145466676755278
ENSG00000018610,0.04064306440473941,0.12358057266277209
ENSG00000131828,0.29963771164736425,0.48799089690496633
ENSG00000269335,0.8619301753115817,0.9378854481008266
ENSG00000160211,0.04646010415482358,0.10389068985843664
ENSG00000147168,0.005028234431142621,0.005731810003533495
ENSG00000125351,0.2351240100010778,0.5038572434633195
ENSG00000147065,0.3215312290943311,0.19787555166699186
ENSG00000101935,0.20166095022889552,0.13410727054585372
ENSG00000130826,0.05348395853200454,0.12934370946189283
ENSG00000198681,0.6193904153704988,0.8112225607515632
ENSG00000102225,0.7961640999143375,0.5824900778011117
ENSG00000102226,0.9432217521805315,0.5067941960181259
ENSG00000071889,0.1556470456378341,0.46434183434018816
ENSG00000203879,0.03502131360074376,0.12181158480999028
ENSG00000102312,0.7790019848761138,0.9961751884533556
ENSG00000183918,0.0006649292011224845,0.000826752156754256
ENSG00000102125,0.8786315606586709,0.5783835751868589
ENSG00000101916,0.23733462192615457,0.1790380850265638
ENSG00000205542,0.6744287384074712,0.9466071897438699
ENSG00000101966,0.44797369239085905,0.5392477063661424
ENSG00000147044,0.6975786514421014,0.3540055872934118
ENSG00000076770,0.12442987823439038,0.0691703155073812
ENSG00000015285,0.018966983426518844,0.011000040474833618
ENSG00000268940,0.10767306435905145,0.1674314778222907
ENSG00000228836,0.010316493116196935,0.020677806120720215
ENSG00000130234,0.22823614017411487,0.2092148574934344
ENSG00000068354,0.10842933690736284,0.03624887707747826
ENSG00000068323,0.46400793151568465,0.6043635682701414
ENSG00000094631,0.07842082465153097,0.01499913139727947
ENSG00000102409,0.7649603832387046,0.8372017827993542
ENSG00000047644,0.5458869869698777,0.6254229621039742
ENSG00000003096,0.25081304670666466,0.612977694476289
ENSG00000147162,0.3562521465308047,0.2850378523989339
ENSG00000147010,0.3293120217221867,0.3857605938897678
ENSG00000268902,0.9844519426777547,0.9018202193131098
ENSG00000178605,0.03242931179874278,0.025495992326145207
ENSG00000269313,0.020162491536806323,0.011932843727274678
ENSG00000184216,0.22936337009179755,0.4662071521384129
ENSG00000086712,0.4214225036487671,0.5392159201128701
ENSG00000102054,0.5674209157386338,0.6697758313566222
ENSG00000169891,0.29898150792267264,0.16845364846618843
ENSG00000156500,0.7096335338889628,0.3011480844578376
ENSG00000101928,0.3929771271075545,0.3829244943124154
ENSG00000184785,0.6791686465364999,0.6400792030375677
ENSG00000180964,0.01966709904351364,0.04930973463534595
ENSG00000133134,0.877393034472014,0.32550148009438273
ENSG00000089820,0.00804966280498215,0.0036816343495566562
ENSG00000102030,0.03647582882740719,0.05495102070816225
ENSG00000156313,0.5017684531355926,0.4530559826769469
ENSG00000169057,0.1392370498904163,0.5101452655529631
ENSG00000101901,0.002864576896514783,0.014082904054498387
ENSG00000169446,0.0667224258879535,0.1823262533596693
ENSG00000126970,0.9852008948461239,0.7470309969158879
ENSG00000198947,0.2178864522122362,0.2758168019683269
ENSG00000049768,0.016300325048351872,0.014739438533335378
ENSG00000102144,2.285771705064268e-05,2.950770626961267e-05
ENSG00000177485,0.36986440011391664,0.6344449068520992
ENSG00000125355,0.9150632124207243,0.5922863802089171
ENSG00000102309,0.02076552547212422,0.06596659435029267
ENSG00000186871,0.5768279331574441,0.629737507594434
ENSG00000198034,0.006611563134778501,0.028010481612037615
ENSG00000086758,0.7968019316198286,0.9674921898101918
ENSG00000063601,0.5117499512685104,0.3204275366754499
ENSG00000029993,0.121066872939734,0.13167816116577283
ENSG00000124486,0.6240938519390455,0.7692690238502263
ENSG00000068400,0.842086721431937,0.5355065808422028
ENSG00000196998,0.11315031188587456,0.057427596424325524
ENSG00000214897,0.8391789805615264,0.9367236102580434
ENSG00000082458,0.3639559437745128,0.23256933107307026
ENSG00000101811,0.03236082042529545,0.04510100657082501
ENSG00000182489,0.21491869425264287,0.14688764750877195
ENSG00000182492,0.05744786461353198,0.1671257117132219
ENSG00000129682,0.17353821972865602,0.4763467462291102
ENSG00000005893,0.12017807161809885,0.12046897413041018
ENSG00000046653,0.15887606806421187,0.12842232408921803
ENSG00000243279,0.8807401132815045,0.4836598783763931
ENSG00000102172,0.004137881367575639,0.008128021171694973
ENSG00000215301,0.6640309207540982,0.5098467996695804
ENSG00000131724,0.14463603366879588,0.04172090558530661
ENSG00000101974,0.9424376293710611,0.746483350101606
ENSG00000101871,0.8517264064458167,0.9121003927718835
ENSG00000124313,0.9132260644775855,0.8183480812854581
ENSG00000147394,0.6176092022743509,0.9551281632624979
ENSG00000126756,0.8129823121069287,0.2899174619336893
ENSG00000102699,0.903069528825051,0.8645817870793018
ENSG00000027001,0.4309324241998833,0.6388941964383095
ENSG00000102781,0.3615638422392965,0.3254362746273278
ENSG00000133101,0.007169905233255268,0.014713835667754178
ENSG00000132952,0.9707634081764438,0.839140727784131
ENSG00000189403,0.2615634299018022,0.2512591610968559
ENSG00000102753,0.03792222072623071,0.07824278556258883
ENSG00000165475,0.6248045486418388,0.475535439233875
ENSG00000102547,0.623327144256073,0.8198959013303299
ENSG00000120675,0.007307265642951752,0.004484913373578977
ENSG00000132970,0.8731297248552011,0.7063076930931227
ENSG00000133110,0.24629752782883643,0.5292489570594785
ENSG00000102531,0.4195167998788839,0.6270872390872819
ENSG00000183722,0.5712719910461899,0.44772029973318617
ENSG00000023516,0.6097137743556507,0.8063588183767604
ENSG00000204899,0.020619750853553522,0.048633931734520575
ENSG00000120685,0.2416410778382973,0.3657690098810711
ENSG00000083535,0.2639498285944412,0.4743922353579145
ENSG00000136122,0.14759413936798388,0.2043979564891737
ENSG00000122034,0.10550913562386567,0.18154891375790147
ENSG00000120690,0.3494975869544895,0.43576435897455845
ENSG00000136155,0.6656436506409709,0.8277170982119025
ENSG00000102804,0.9688527320501693,0.8204479551506119
ENSG00000136111,0.11181683174948426,0.07460574829907479
ENSG00000136158,0.52437675640637,0.8776398757798951
ENSG00000120686,0.021589193977116214,0.05485937103421944
ENSG00000102554,0.9156161385390177,0.7178686657947226
ENSG00000088451,0.2224027393264941,0.44174175650576875
ENSG00000134882,0.007937129983792144,0.013115722744672877
ENSG00000133119,0.15070529209687375,0.18154034981217598
ENSG00000182957,0.04540313322298255,0.015039452430825218
ENSG00000188811,0.5556052127345469,0.9989566205480498
ENSG00000102837,0.21974440284986546,0.22766947372487933
ENSG00000065150,0.11692893568336474,0.1991039341842569
ENSG00000139734,0.0516878000932217,0.07504127866992791
ENSG00000118946,0.29588094018201033,0.22848460460285214
ENSG00000152484,0.10598835980922215,0.18926027461128409
ENSG00000120688,0.054561418514388886,0.03621059078815373
ENSG00000125285,0.20802380678425267,0.07784292625290333
ENSG00000139514,0.1979357968875635,0.0776915419067639
ENSG00000088386,0.17443556074081631,0.1686160216303543
ENSG00000150907,0.8815851078225019,0.8227357788351148
ENSG00000136152,0.5122416175898031,0.6347623416697739
ENSG00000136141,0.37865917075900635,0.6349447749726108
ENSG00000152749,0.2617345596017667,0.3298391994862687
ENSG00000102543,0.7354994624833116,0.9780113740060401
ENSG00000125257,0.975211468388016,0.7585146012134127
ENSG00000083520,0.10201727668149348,0.2043146070979348
ENSG00000133103,0.18472917469802003,0.18282380030385167
ENSG00000102802,0.1567720161913033,0.2575532411046266
ENSG00000134871,0.6224448251657335,0.6006259020147027
ENSG00000184564,0.10721042335296513,0.06631652612778205
ENSG00000102580,0.1828000022934316,0.24933040265603892
ENSG00000132950,0.3659407430586539,0.43248840401248256
ENSG00000187498,0.8840999746971528,0.8750376867341831
ENSG00000185950,0.21476150354994183,0.7871893920820947
ENSG00000134873,0.0074561895848659025,0.004961127133740953
ENSG00000088448,0.8302789175355947,0.6352995032372095
ENSG00000184497,0.7571423818948434,0.5416329355498017
ENSG00000175198,0.9090166667011204,0.4857354994444476
ENSG00000126216,0.19368825410959636,0.2548340355578847
ENSG00000152193,0.17348355910945487,0.3341103790393406
ENSG00000122042,0.7270225948204747,0.8928485240684011
ENSG00000185989,0.7951144691829868,0.7761657033623743
ENSG00000183098,0.2211579299797817,0.4659178568529957
ENSG00000134884,0.9390483617830211,0.8705994489714376
ENSG00000152767,0.8188179462454916,0.3154250021413844
ENSG00000136156,0.9809049455201323,0.974996206354524
ENSG00000204977,0.3097658084474851,0.3832043145531122
ENSG00000136104,0.47676744453033826,0.7074582738010161
ENSG00000205863,0.4863948042048074,0.2687649469365278
ENSG00000139597,0.5598213601623707,0.4175319693980215
ENSG00000133111,0.12209197392629216,0.26307434874088065
ENSG00000122035,0.3075953169564897,0.6211395279154515
ENSG00000136167,0.26931221922450654,0.3735194624926891
ENSG00000151287,0.15487508535191022,0.1622741753662829
ENSG00000134897,0.14023382662963166,0.3827891895794734
ENSG00000183087,0.12208274354978872,0.12326495707931026
ENSG00000136159,0.06263838481337519,0.06893797085865193
ENSG00000136146,0.10521508883328916,0.18913172459898617
ENSG00000139687,0.8337714704377727,0.8031627304389583
ENSG00000102683,0.12895808718799615,0.1367331603909277
ENSG00000139746,0.46015988376261907,0.7311478185732045
ENSG00000125266,0.002544139564044158,0.002121383573952717
ENSG00000102780,0.09970473528052883,0.21256530768036908
ENSG00000134874,0.30486970161105925,0.5032764858800307
ENSG00000136143,0.27618217184826616,0.350805662360536
ENSG00000118939,0.053328068082441143,0.031213195223301078
ENSG00000169508,0.24992705677194202,0.16077990282104185
ENSG00000139826,0.0863089368159075,0.10405651315726014
ENSG00000139684,0.001176121798505319,0.0019101480953500312
ENSG00000083544,0.39088213028156704,0.6388944992560674
ENSG00000133104,0.41783414700605026,0.7494104491109459
ENSG00000102572,0.010755356193332143,0.023402603125782503
ENSG00000136161,0.04131771357514671,0.025318948043512614
ENSG00000132965,0.4559099546127633,0.41563895863629297
ENSG00000032742,0.9300291563510028,0.937568792750987
ENSG00000102445,0.07649021214781142,0.08216131517142554
ENSG00000125247,0.6824495423120718,0.3222635911458413
ENSG00000133106,0.5275203218701936,0.2587689556366079
ENSG00000127863,0.03412941457999058,0.014305741950987584
ENSG00000139832,0.09288281641670867,0.310682851349866
ENSG00000134905,0.005146318519720068,0.014519738946658542
ENSG00000153487,0.93981782081323,0.5857317682912
ENSG00000165572,0.2867595078124476,0.43913945434341983
ENSG00000120696,0.6669582276810899,0.6960208948789914
ENSG00000120662,0.12101185881625137,0.2084858503662931
ENSG00000172766,0.9730772066228423,0.8262097180794573
ENSG00000102760,0.6277026671106667,0.3529249733942579
ENSG00000102763,0.08030502545190983,0.14756209330943726
ENSG00000125249,0.12426597049556132,0.14424551378990574
ENSG00000139679,0.23114051939325228,0.3706579903456797
ENSG00000213995,0.3208386509607126,0.44098575433149356
ENSG00000121743,0.19942439622368432,0.28298266843815517
ENSG00000165474,0.4768982951255123,0.16699013874326882
ENSG00000121742,0.5203827540123589,0.2266822110129548
ENSG00000121741,0.6321748287066102,0.904868805590017
ENSG00000150456,0.9444366298637358,0.8965639819646242
ENSG00000150457,0.15852738957930956,0.21604559384045016
ENSG00000151849,0.8797272442318297,0.6246358211281249
ENSG00000180730,0.8829873647093891,0.6929461319282517
ENSG00000083642,0.40667830793888526,0.5585954597332322
ENSG00000123178,0.015966141990635247,0.01425986548446693
ENSG00000136098,0.9098177009631842,0.8438919815134382
ENSG00000102786,0.38251506674836633,0.7810177670797398
ENSG00000122033,0.13621528763027524,0.18252629538501974
ENSG00000102524,0.886812047982915,0.7629923868522916
ENSG00000127870,0.04839294946740853,0.06868846360634735
ENSG00000151835,0.19507509499246095,0.19011282862500403
ENSG00000178695,0.14489099862392252,0.1340357423710973
ENSG00000102805,0.09212886740514689,0.1782948908038302
ENSG00000005812,0.4341726810454375,0.5890145119123145
ENSG00000122026,0.016697574846970802,0.03444441453945944
ENSG00000134899,0.15991488129374853,0.199296666539696
ENSG00000172458,0.09832829472244102,0.19644379213186272
ENSG00000134864,0.7631465934021572,0.7180419679837253
ENSG00000068650,0.1496326261667897,0.17940457682125638
ENSG00000188243,0.07008624013464003,0.23212746394680633
ENSG00000136114,0.1355865844069565,0.01931582188311559
ENSG00000136100,0.28751599587159943,0.26879523685891504
ENSG00000136108,0.20857069865078628,0.16077161385894526
ENSG00000165416,0.002643167822842651,0.0017717721863393671
ENSG00000139675,0.771610753309093,0.8073596491477426
ENSG00000043355,0.2963767653672647,0.15386235069188117
ENSG00000139800,0.6905306037584493,0.4012703198477735
ENSG00000139517,0.5774837417966809,0.5624554880158689
ENSG00000186184,0.0017153112253370138,0.005098081634378719
ENSG00000174405,0.25187755613641377,0.1151742562262894
ENSG00000125246,0.1916466086727856,0.31715203547080606
ENSG00000198542,0.35637711962424035,0.9491436550595239
ENSG00000102710,0.08816007939109957,0.12969512770071442
ENSG00000102595,0.12714012183981208,0.32269682338109706
ENSG00000136169,0.6434691757061834,0.3234948456837346
ENSG00000136147,0.3649957495638383,0.17719741416163337
ENSG00000136144,0.9828256075135648,0.784256344773507
ENSG00000165480,0.43351286325087646,0.34599475321074624
ENSG00000173141,0.04744921064902204,0.13264788810055875
ENSG00000165487,0.04499762944602691,0.030505148854904202
ENSG00000120697,0.0012423122558990166,0.0020304292579953033
ENSG00000120699,0.018354063869910595,0.016284702882610833
ENSG00000151773,0.15542506692368857,0.2113861435272565
ENSG00000179630,0.8247818443759749,0.7529565174408657
ENSG00000185896,0.03665876536940813,0.05432289129101742
ENSG00000139835,0.6843882872124336,0.9038750609697235
ENSG00000150401,0.6362820496444577,0.22447685374783602
ENSG00000150403,0.17995559255910434,0.22043142017627798
ENSG00000198176,0.10190288961208362,0.1069766255045926
ENSG00000153531,0.005588793691501918,0.018679484405738744
ENSG00000123200,0.34513418973780785,0.5343787337138985
ENSG00000197168,0.6331175114237353,0.39707685141463434
ENSG00000132953,0.5599006495897604,0.5748018292606467
ENSG00000005810,0.9997032638356421,0.8706948232954381
ENSG00000196199,0.7718682710399394,0.9265637367833089
ENSG00000121390,0.4124058004658969,0.5150340294924806
ENSG00000139668,0.8567026903014576,0.83399913192957
ENSG00000102796,0.9619962731485393,0.8509542243287425
ENSG00000136153,0.8604322793259157,0.8906132343107597
ENSG00000139508,0.444290731387194,0.5277537659576966
ENSG00000132963,3.7091446647171045e-05,2.7228943192564386e-05
ENSG00000120659,0.5825089926020941,0.236286717776487
ENSG00000134900,0.4144753851702402,0.5649577631117173
ENSG00000253710,0.23496916355206934,0.44445196540758614
ENSG00000139496,0.10772492765340724,0.15684270487298135
ENSG00000244754,0.1199911188846156,0.2416855395150934
ENSG00000150459,0.009681823502338711,0.009321462021588177
ENSG00000139618,0.9704399205096871,0.7395733951104817
ENSG00000075673,0.7732134874346851,0.6940493235256715
ENSG00000102606,0.5017953333981673,0.7950427997949362
ENSG00000132964,0.06404348696361063,0.05627454811665215
ENSG00000130177,0.06398273158250835,0.043931594932450295
ENSG00000169062,0.9524929325163286,0.9515310331557965
ENSG00000198824,0.89031975674052,0.8401217720941632
ENSG00000102471,0.046457792537892534,0.024674795121450085
ENSG00000088387,0.9290083249428329,0.8888869177997736
ENSG00000120694,0.1333494711058062,0.0970366069056191
ENSG00000187676,0.7437330286848922,0.9450367341461003
ENSG00000180776,0.5773802305310005,0.582332019341754
ENSG00000118922,0.8798653019120957,0.4638112448056618
ENSG00000139793,0.6192243052819628,0.5890966980581966
ENSG00000126226,0.006567320339146532,0.018486998805659394
ENSG00000139842,0.0326475920844021,0.04609234666928604
ENSG00000126217,0.18954645408269286,0.03791137397689705
ENSG00000136160,0.18952063332433733,0.05458154221743777
ENSG00000139737,0.1373183684520744,0.03698362775112189
ENSG00000133121,0.8427582714386921,0.698318091435422
ENSG00000123179,0.08154316377273269,0.1705914231522578
ENSG00000152213,0.6587195288003169,0.9471130841277515
ENSG00000134901,0.01830266486445631,0.07840832750461428
ENSG00000152520,0.5891751681104717,0.8695551053618789
ENSG00000102755,0.6855274847486512,0.4046869956541137
ENSG00000083635,0.06302314421666412,0.12470595309153786
ENSG00000133114,0.27875313730265516,0.543140726732612
ENSG00000188342,0.010823883655227412,0.020569264139187023
ENSG00000133112,0.00986172614267842,0.022311589078071146
ENSG00000174032,0.8654178441447067,0.9613379103574814
ENSG00000139505,0.18456809316853376,0.3080610576059659
ENSG00000125304,0.03380502369278112,0.048103236235493084
ENSG00000120669,0.27242896944781614,0.3222763097547799
ENSG00000133083,0.5858568739849239,0.9499822814934303
ENSG00000102738,0.040930722973770546,0.03621312012556841
ENSG00000102743,0.8285530217869999,0.967931772800264
ENSG00000099917,0.015137320664396254,0.012403486304986921
ENSG00000211667,0.0024350339469174794,0.0007890774807245304
ENSG00000211668,9.967583134806328e-05,7.874476606374697e-05
ENSG00000184792,0.44558849029422376,0.5393056942960728
ENSG00000185666,0.34035312885248925,0.49021513582505494
ENSG00000099985,0.4260837619708796,0.4160583640226516
ENSG00000185721,0.002535049884024508,0.015875938433743346
ENSG00000100225,0.045655138345488226,0.21500115580031864
ENSG00000100365,0.019120248971694766,0.021725335222901127
ENSG00000198089,0.07975541927277682,0.035569713760907964
ENSG00000100354,0.950823176986314,0.44490425222805774
ENSG00000100294,0.546818608993737,0.12740957808115155
ENSG00000100170,0.14553015952823375,0.2743414748313812
ENSG00000128342,0.03854903518585466,0.1287761108016312
ENSG00000100307,0.10612167349100908,0.047094900165606295
ENSG00000054611,0.8248196858213105,0.4710003428014281
ENSG00000100426,0.9859947225313453,0.7165993033338076
ENSG00000100316,0.4351096206137054,0.8110641544275603
ENSG00000075218,0.612820713551809,0.78080635925205
ENSG00000184708,0.8737576944775897,0.6369086905954899
ENSG00000188064,0.7474013337328635,0.6365705548754994
ENSG00000100347,0.5923565326951876,0.979981182033401
ENSG00000075234,0.41508612921150356,0.32375041386317377
ENSG00000100372,0.05533703683304644,0.09319637757392141
ENSG00000100106,0.6373705722435596,0.546591365733688
ENSG00000100304,0.8539625782489444,0.7207019518732736
ENSG00000186654,0.8185387701313488,0.29039784758617476
ENSG00000100150,0.9273418349273282,0.3879348413592111
ENSG00000198355,0.9387462258308328,0.41919787132185926
ENSG00000093000,0.7140191333888415,0.9989755340799951
ENSG00000205593,0.2414090542339598,0.11253769153379473
ENSG00000130638,0.3682835311186947,0.7459334069525607
ENSG00000100422,0.12390152503141458,0.06671055710113243
ENSG00000100239,0.0776315409973782,0.03128448078132073
ENSG00000183530,0.944720656794006,0.6170371845990212
ENSG00000188636,0.48547596576124696,0.23000539197070274
ENSG00000133477,0.6750340216653097,0.5356114037898161
ENSG00000100362,0.5801166362331925,0.6599217711241538
ENSG00000182858,0.09971538056788427,0.20263196618134077
ENSG00000100321,0.27991248277911046,0.21428719757957362
ENSG00000100360,0.3949126377912172,0.8785050004782642
ENSG00000100311,0.1799648617192697,0.23940000521653487
ENSG00000138964,0.04072656392510615,0.016050949982782954
ENSG00000100290,0.32069799084794454,0.7466503276620886
ENSG00000100271,0.01997939247059317,0.0057312342201823775
ENSG00000100124,0.5569029900914719,0.860380963411035
ENSG00000100300,0.027492589242550748,0.023138948166029866
ENSG00000100105,0.9593826707596632,0.5761767869503093
ENSG00000138944,0.317997683621921,0.7182129492269789
ENSG00000196236,0.6779710200221336,0.3183941192686195
ENSG00000183579,0.494269341618197,0.9184961352642507
ENSG00000100266,0.9006578180405516,0.511537499652734
ENSG00000100220,0.02848485309980011,0.18425054119733927
ENSG00000128245,0.35170866793244404,0.47099109576834197
ENSG00000128203,0.7191397758649618,0.7848126615002863
ENSG00000100104,0.3907923078010942,0.41788866372699074
ENSG00000100109,0.6379029476507372,0.7229396373719672
ENSG00000133466,0.13410872009813607,0.18866099446501788
ENSG00000100014,0.7602087345042078,0.9126264729600222
ENSG00000128271,0.0020447353510941943,0.003625641076039117
ENSG00000100028,0.5309596978803511,0.7016214606850026
ENSG00000178026,0.9288192091269565,0.9616030072902744
ENSG00000100031,0.16461402124942187,0.12737829056159022
ENSG00000219438,0.7763260457154427,0.6395187176245261
ENSG00000100030,0.8217470421970223,0.9798630682613825
ENSG00000100330,0.6016998829730473,0.3949785089686535
ENSG00000133454,0.14219382241303258,0.19059722856906083
ENSG00000100359,0.3664374716550358,0.16565597958443953
ENSG00000133422,0.5610880054536667,0.940822613958961
ENSG00000183628,0.9877848444769853,0.5565901413452216
ENSG00000283809,0.8271147439989565,0.44467729617994856
ENSG00000184983,0.962375188196177,0.8162265653562405
ENSG00000189306,0.7670738430928379,0.498094418541736
ENSG00000100246,0.929151293793893,0.49709384386883493
ENSG00000221890,0.9591506312594763,0.5209579400343014
ENSG00000183741,0.9127830491792246,0.6763602579092287
ENSG00000128383,0.30544625076756815,0.4280588559265105
ENSG00000179750,0.6831239827437152,0.4415659081342339
ENSG00000244509,0.809407199830389,0.7838062977467721
ENSG00000128394,0.4455618782923251,0.6649572938576003
ENSG00000239713,0.7030028868714076,0.7549683856455736
ENSG00000100324,0.5718605676725156,0.3085504196175648
ENSG00000128268,0.0023131444757229338,0.001321708625431873
ENSG00000100335,0.6386523936698698,0.9314526373030838
ENSG00000187051,0.7144806975984954,0.8268980494569597
ENSG00000131100,0.030202124707576813,0.03899399362893687
ENSG00000099968,0.5135055179994479,0.6968363860700543
ENSG00000243156,0.9503305213679645,0.9437740178387322
ENSG00000100416,0.6349804825555578,0.31317288524450404
ENSG00000075240,0.0707922006216481,0.02015607969945336
ENSG00000075275,0.648362165760304,0.9313621361228821
ENSG00000015475,0.10633821213114351,0.3607833624467335
ENSG00000100234,0.1568319174035133,0.338532870841282
ENSG00000184164,0.6526838762076348,0.5211664888032256
ENSG00000188677,0.2387874392030227,0.3957772558121242
ENSG00000100403,0.8746209640427185,0.6871180226210628
ENSG00000167074,0.4111894886651596,0.29447043913784543
ENSG00000183864,0.49385980429027443,0.7714641917298665
ENSG00000100410,0.09019172657217123,0.26123302165877244
ENSG00000100413,0.9361784660164999,0.7620692461545192
ENSG00000100417,0.8437854991437627,0.8036914933736896
ENSG00000100418,0.07484550437507793,0.10877683632343607
ENSG00000196419,0.2013953911873192,0.5224095053589739
ENSG00000100138,0.008575934628653551,0.05181984796696165
ENSG00000100209,0.7900864452427351,0.4516038749151994
ENSG00000183765,0.6908032296005115,0.7295419286834744
ENSG00000093010,0.00979563094690924,0.0069037195638710375
ENSG00000099889,0.23663979254437062,0.15992507579327983
ENSG00000183597,0.08276832860210558,0.10986444640566739
ENSG00000099901,0.02425876046571748,0.040964056808619885
ENSG00000099904,0.30831297438770827,0.5213359530822823
ENSG00000100084,0.7766598119233685,0.8600676941798915
ENSG00000070010,0.13079569868009,0.12186450030058227
ENSG00000093009,0.5582857061627622,0.7962872877725322
ENSG00000184702,0.8012523104513098,0.8293588946345501
ENSG00000185838,0.4159268382290773,0.6626394247426045
ENSG00000215012,0.14770520137439533,0.20980119715439968
ENSG00000040608,0.04312897672489355,0.13058302324948698
ENSG00000128185,0.14053430013053814,0.22464756956179657
ENSG00000184470,0.1673247475769771,0.16471099912156695
ENSG00000073150,0.1819783629732453,0.36094961717354457
ENSG00000170638,0.8646046189909868,0.42758936032484396
ENSG00000128159,0.16142919092275035,0.0501153215103679
ENSG00000100429,0.5442040166019102,0.9375843018555671
ENSG00000188130,0.19318463110567974,0.43340807940148895
ENSG00000185386,0.003246329120034897,0.0031245961357930447
ENSG00000242259,0.6788870225759246,0.9492065146206993
ENSG00000167077,0.0032485160921696455,0.003916151081546294
ENSG00000198911,0.4548225877384462,0.5185360225461013
ENSG00000159958,0.004089740269706478,0.0009120606313056681
ENSG00000100162,0.7219812587605071,0.8062022749020323
ENSG00000198951,0.6714194725406007,0.956640882188322
ENSG00000177096,0.03179914823694487,0.016777298888018318
ENSG00000100147,0.6344994055810711,0.3801637737102249
ENSG00000100281,0.9609676274121048,0.5428038691637582
ENSG00000100297,0.47831619962317773,0.24435729877449797
ENSG00000100292,0.9178286728654048,0.8230295051591943
ENSG00000138867,0.6133839314617631,0.6908212525434214
ENSG00000133424,0.02683711545725123,0.022969247853893877
ENSG00000241484,0.057288718314277474,0.20790325026900278
ENSG00000100298,0.03240593823522749,0.025861340077730846
ENSG00000128309,0.672722438549366,0.9280526216468552
ENSG00000128346,0.5140006090924545,0.41401762770787254
ENSG00000100142,0.14238448829711498,0.42129308924237874
ENSG00000100151,0.5629774040228182,0.9153570467687495
ENSG00000128298,0.7996319629733855,0.49825599656009856
ENSG00000161179,0.19701147433088195,0.2776003734196389
ENSG00000128228,0.7983387192974216,0.7496126170021404
ENSG00000100023,0.5300088158591849,0.4604657312508569
ENSG00000100027,0.0028137395019631156,0.0006030421318730467
ENSG00000185252,0.24068456982580103,0.43846335430473593
ENSG00000099910,0.39789663675811215,0.22652620733218676
ENSG00000133433,0.595236024016393,0.62825396432839
ENSG00000099974,0.4464030874326047,0.6169995667564904
ENSG00000099991,0.5156340959076091,0.28706435895293086
ENSG00000183762,0.17686396005595034,0.059830239935439795
ENSG00000186998,0.6706183489648871,0.35616747738929155
ENSG00000100263,0.6437795661451862,0.9275006775973413
ENSG00000100285,0.20362772004755664,0.14272387439628206
ENSG00000100296,0.21363543244137304,0.5183937972786212
ENSG00000184117,0.1519699902247306,0.3877075089375497
ENSG00000186575,0.5267265117350437,0.8223260220154943
ENSG00000100319,0.01593823558433383,0.02782163799678553
ENSG00000184076,0.03746008854498684,0.12885484898980096
ENSG00000239282,0.2651094647175185,0.3446909885563776
ENSG00000099992,0.36944012886721533,0.6207663089617592
ENSG00000099995,0.5360437984018815,0.8363669123108873
ENSG00000099999,0.8324687315196678,0.8069089034069468
ENSG00000100003,0.005337994200217982,0.0031579045423854174
ENSG00000242114,0.0047929767714084415,0.02102901461877509
ENSG00000100029,0.06489631320586986,0.21702530859582683
ENSG00000099958,0.03351483675422709,0.008003182817573184
ENSG00000240972,0.024202215486683516,0.05979726382594004
ENSG00000099994,0.9277923396782697,0.8944417332807204
ENSG00000100284,0.13211655093210053,0.18824997241389854
ENSG00000100216,0.060044924154544405,0.22625547176362587
ENSG00000196576,0.7312345880768354,0.5957267818910357
ENSG00000100056,0.26879989053999487,0.21141212594615855
ENSG00000100075,0.02581508290680292,0.03355028778341416
ENSG00000183785,0.84922187442528,0.31636280547233336
ENSG00000239900,0.050893083105088784,0.1344610043536978
ENSG00000128266,0.6047806232537523,0.985443633079549
ENSG00000186716,0.5995564440583633,0.5311954133134329
ENSG00000100116,0.5285796228177009,0.7533851759141328
ENSG00000100129,0.5653261107802763,0.9556784331624646
ENSG00000100139,0.736782072436138,0.9925474704040215
ENSG00000100412,0.3787990223223022,0.8739016830145805
ENSG00000100280,0.6550683985276327,0.7656994663583412
ENSG00000185608,0.045133456716516585,0.04489612318465454
ENSG00000100033,0.212509295922253,0.0926588203294465
ENSG00000243811,0.11503879524532842,0.05068421766053007
ENSG00000215193,0.4057130198732366,0.47964213848640624
ENSG00000099940,0.007933668312920047,0.0077564579926567906
ENSG00000099942,0.1365942373171436,0.24149766844421416
ENSG00000184436,0.8537004631833931,0.9497505635725288
ENSG00000100207,0.4556275491720374,0.12645188290665954
ENSG00000100336,0.9484313281485032,0.7767468970388763
ENSG00000100258,0.42733177372061704,0.2931851911722298
ENSG00000025770,0.186067246690268,0.046405947349244595
ENSG00000284194,0.08220208462198152,0.15557397206617207
ENSG00000025708,0.39076929285769235,0.5793179231088426
ENSG00000130487,0.091003735618114,0.04423970207533069
ENSG00000217442,0.3731707765736859,0.20139655995152939
ENSG00000205560,0.13676174057449178,0.034596086705873504
ENSG00000100288,0.6719852852083301,0.9350029965974337
ENSG00000008735,0.3555161813539468,0.11111493710296011
ENSG00000100299,0.764548006654074,0.5461964678203217
ENSG00000100228,0.31215388360059554,0.17620089301889738
ENSG00000189060,0.5937107805098077,0.9067556757637463
ENSG00000184113,0.308817149187656,0.14140636025797898
ENSG00000100034,0.07974594112589287,0.0901304930866311
ENSG00000100038,0.3133054942095383,0.3023603039502132
ENSG00000211637,0.0017100417459313157,0.0005255948117770541
ENSG00000211642,0.00016773606635312968,2.6570206697184316e-05
ENSG00000211638,0.006150403434878568,0.0038987904502060873
ENSG00000211639,1.197533877368506e-05,1.6582134238695648e-06
ENSG00000211640,0.0024257847309268952,0.0014430931171852165
ENSG00000211643,0.10106062385032362,0.08148597379687705
ENSG00000211644,0.00010574412395049524,2.5243224327359584e-05
ENSG00000211645,0.000960321684459766,0.00011657021134013062
ENSG00000223350,4.7159922087535694e-05,1.0837369770215923e-05
ENSG00000211648,0.0001329045212873503,7.11494163859914e-05
ENSG00000211649,0.012947194120899638,0.007606143311048489
ENSG00000211651,0.0012639355127324052,0.0007057237860247595
ENSG00000211652,0.000991215475888191,0.0002421393279808265
ENSG00000211653,0.00047467570251026673,0.0001294632250991349
ENSG00000211654,0.14319213453292443,0.09686644388377749
ENSG00000211655,0.005242197656668064,0.0020966623706132597
ENSG00000187860,0.023234169416992877,0.0032652032362742943
ENSG00000177989,0.008927372855050441,0.0036516257074136584
ENSG00000100221,0.6519132853801473,0.7027678657835349
ENSG00000100345,0.3847781872657253,0.4063225573555047
ENSG00000100302,0.6360837313716639,0.8576902168925037
ENSG00000198125,0.06411301071429971,0.08389513931178165
ENSG00000221963,0.680451356265301,0.42248731741575074
ENSG00000128335,0.7459415702632053,0.7015991783796458
ENSG00000197077,0.42130208732368746,0.17587029972470988
ENSG00000128272,0.8101526583402621,0.9060539496983328
ENSG00000100368,0.001410850982090203,0.004325851894274904
ENSG00000100077,0.543851452696526,0.7531488352846814
ENSG00000100206,0.7008181732048946,0.5402887820994617
ENSG00000100380,0.014751177408591545,0.0864807163384245
ENSG00000073169,0.37005406600148494,0.22632562675644563
ENSG00000244486,0.9747716588769212,0.7096336246650513
ENSG00000100154,0.22779220712213016,0.04722304564241168
ENSG00000100167,0.5452551816093882,0.1901892374166468
ENSG00000184459,0.4151019415934206,0.598108381475485
ENSG00000100379,0.28778896719202934,0.5613694584536828
ENSG00000128165,0.5305980654915197,0.2798733570415523
ENSG00000100241,0.014033337397782553,0.0195954383335632
ENSG00000079974,0.7756459382071079,0.8839635920566508
ENSG00000186951,0.34227894300812894,0.11449817350450027
ENSG00000205643,0.7367899472890986,0.3717340128750585
ENSG00000183569,0.8827485519166749,0.6092489449584191
ENSG00000183172,0.8213838081818239,0.7920117061546372
ENSG00000128274,0.4880978962514195,0.9009792417359735
ENSG00000242247,0.8791138526751604,0.5653154498617625
ENSG00000100243,0.1437459986171642,0.27395685800954445
ENSG00000100348,0.036288372301058934,0.15342177406783078
ENSG00000100350,0.21736912956959845,0.0612544855710102
ENSG00000100353,0.007641131708476585,0.035320145740008434
ENSG00000100242,0.6992596903672963,0.42014458198047966
ENSG00000100425,0.8754994320963043,0.6449589520883505
ENSG00000241878,0.827497278073078,0.8383304776911025
ENSG00000177663,0.8018619048931576,0.6301237991418136
ENSG00000069998,0.5527099288299429,0.9743897087824703
ENSG00000100211,0.45366677688342416,0.9013322963881327
ENSG00000128284,0.42789075911002405,0.6360136666904581
ENSG00000251322,0.14248015700000768,0.07864514109954013
ENSG00000100320,0.36884889090173234,0.5162233420575859
ENSG00000099998,0.7011072751029822,0.4186757959713844
ENSG00000185651,0.03673356637855761,0.03228712233942566
ENSG00000093072,0.20090397509034796,0.07298002082459444
ENSG00000100227,0.9067186149035324,0.5666309794112463
ENSG00000241973,0.8402241670118592,0.3769767695098649
ENSG00000169635,0.9855372191550098,0.5848250527873343
ENSG00000100351,0.00140637645745764,0.005841828577373375
ENSG00000235568,0.05875561518481956,0.027013576694171336
ENSG00000185686,0.2635942856704657,0.5173699636320511
ENSG00000211658,0.0001734140134651487,2.38400658434335e-05
ENSG00000211659,0.0007068930624558283,0.00025646433910007335
ENSG00000211660,0.01714330158390407,0.007026335161347954
ENSG00000211662,0.00036935120648961644,0.0002897469487988572
ENSG00000211663,0.0031666761622683487,0.001305362474631094
ENSG00000211664,0.0027468287396934417,0.0012807723790199692
ENSG00000211665,0.00017916567828095146,0.00013754771847345485
ENSG00000211666,0.00027005862955338387,0.0001489348224010166
ENSG00000070413,0.4014261544054001,0.4381375252602654
ENSG00000100226,0.9947892301779498,0.49209544782582804
ENSG00000250479,0.22417638318543692,0.44370002049271406
ENSG00000099953,0.971913979557308,0.5016733664874504
ENSG00000100325,0.15190171354458132,0.23656197445213603
ENSG00000100395,0.5446751554601914,0.33500771210184627
ENSG00000100399,0.17960622130983733,0.12783624440278313
ENSG00000100146,0.0583352321022229,0.04400454396548588
ENSG00000185022,0.04064630031867254,0.13526731068010842
ENSG00000198792,0.5944332196453288,0.835310937632837
ENSG00000213923,0.37017610292119285,0.7780914224568802
ENSG00000100036,0.7048493250995943,0.7362926039993722
ENSG00000167065,0.9857100595313856,0.8481130319988665
ENSG00000185339,0.5915270008757647,0.31959933535860946
ENSG00000253352,0.37418374939732046,0.7127588008579919
ENSG00000100385,0.08630828398806083,0.12887439355092417
ENSG00000184979,0.958200648046812,0.9120098442689129
ENSG00000100099,0.6799615030410147,0.7855356284325575
ENSG00000100083,0.3201648806677389,0.06420466072670411
ENSG00000100092,0.6284483720726414,0.956494742519254
ENSG00000285304,0.7181273050995931,0.895272364388755
ENSG00000100097,0.21948209435236826,0.2832923285852098
ENSG00000273899,0.23689530720789956,0.1367307835285122
ENSG00000184381,0.07823312190622168,0.01671254393078879
ENSG00000100196,0.4132279209509826,0.41774305931697175
ENSG00000100201,0.9212807138993677,0.47468077468093617
ENSG00000128311,0.7156398304005813,0.9609989210279318
ENSG00000100055,0.11169065960504862,0.11889172901763587
ENSG00000100060,0.05506594701617215,0.04747572648023978
ENSG00000100065,0.5425177952165197,0.4389157098169194
ENSG00000128283,0.2763872872314003,0.2550564647936063
ENSG00000100079,0.014051282726218329,0.022314214519605774
ENSG00000128340,0.5956462291885611,0.42903991317965506
ENSG00000100342,0.8065768612867427,0.7345263601754134
ENSG00000185340,0.3232695527470767,0.4126282330495883
ENSG00000196588,0.8001409647171362,0.9515085800907361
ENSG00000184058,0.35638570208954035,0.3899414991202361
ENSG00000099949,0.348111225870834,0.3985772966135366
ENSG00000180957,0.04330394984003778,0.09420817697369453
ENSG00000169184,0.33756566181900294,0.22126640929385183
ENSG00000100387,0.07026156646332042,0.08564599916880894
ENSG00000100393,0.7944012171498498,0.9313614618121694
ENSG00000099956,0.24056431038133966,0.08312807380740582
ENSG00000211669,0.00023194422220807658,3.858499459629204e-05
ENSG00000211670,3.592315829077084e-05,1.954057539446918e-05
ENSG00000278196,8.375855734284911e-05,1.9262811805662142e-05
ENSG00000211672,0.0008689736521481341,0.0005893774631975181
ENSG00000211673,0.0009359833929568048,0.0006098122062979156
ENSG00000254709,0.00015496419174745635,6.154965719586624e-05
ENSG00000211674,0.005603213201185995,0.004144194448067728
ENSG00000211675,0.00013407491694256726,5.0458883322835636e-05
ENSG00000211676,0.000868284520200888,0.00041348797632239737
ENSG00000211677,0.0001560072761974956,6.633182590011391e-05
ENSG00000211678,0.0023065087288213935,0.0013774740688651261
ENSG00000211679,0.00039063998752718554,0.00020794316423906832
ENSG00000211684,0.006090204317439941,0.006465514502367602
ENSG00000211685,0.000216539377718782,3.339506170717418e-05
ENSG00000099977,0.07420573807800473,0.1907038827979385
ENSG00000099899,0.7029740797005153,0.5833462094527065
ENSG00000100401,0.8857967099922228,0.9806850739799853
ENSG00000128294,0.3498992837638937,0.4986805755400642
ENSG00000099960,0.15250035065416234,0.3790517292205734
ENSG00000159496,0.005655882434066951,0.007465788414019415
ENSG00000187792,0.31233095602694333,0.11209050114456227
ENSG00000128218,0.11517261948222912,0.05205910033744265
ENSG00000182944,0.3285413333209489,0.6932649215427955
ENSG00000100364,0.9018009190650932,0.7715477651283726
ENSG00000100376,0.05772413685759501,0.014284323466865947
ENSG00000077935,0.08489926361935884,0.05632358968638608
ENSG00000128408,0.2140809152763989,0.19205098394170095
ENSG00000077942,0.3879753238027781,0.16390047364329904
ENSG00000241360,0.9022245515844167,0.8125135840307994
ENSG00000159873,0.6858591862568864,0.9397044559937295
ENSG00000100219,0.4290386665107414,0.363825550220103
ENSG00000070371,0.015482276188880985,0.03652544345827432
ENSG00000128191,0.7261588529434382,0.7779131731285336
ENSG00000183963,0.5064233284802477,0.47605581988415724
ENSG00000198832,0.2072572028667719,0.11497559069911457
ENSG00000185133,0.09381428574549819,0.051454132543400574
ENSG00000100078,0.04490088690350917,0.026319351812049845
ENSG00000138942,0.11736377723436806,0.1470129918523631
ENSG00000182541,0.37934940927410077,0.36876064783951956
ENSG00000100100,0.05631312378036353,0.02942701421472976
ENSG00000151240,0.2913387265458339,0.10442702243366966
ENSG00000196139,0.03894388665808714,0.09313894347467218
ENSG00000134463,0.08997138312318281,0.07064275859625711
ENSG00000151465,0.20073417216781278,0.2897620258074732
ENSG00000067082,0.9064316094640941,0.5482277895954618
ENSG00000165629,0.25078715200577434,0.355196297086265
ENSG00000065665,0.14186159609069526,0.03717121912521869
ENSG00000165609,0.4895340996355777,0.5731639417257096
ENSG00000151468,0.2810600809771178,0.3082299032099009
ENSG00000151657,0.7667856568813649,0.7851055730457388
ENSG00000151461,0.7193495618486152,0.534171630014352
ENSG00000176244,0.16550139186692459,0.06777458832766657
ENSG00000152464,0.875769621067718,0.6093515420033127
ENSG00000123243,0.032867585656901226,0.026497543252791012
ENSG00000260314,0.6434286910456553,0.9168142148007475
ENSG00000148481,0.3220460231604819,0.33610353376007146
ENSG00000150867,0.4815992421280252,0.3182054292151912
ENSG00000172671,0.1723977432533279,0.059089953274863445
ENSG00000095777,0.08618783143255192,0.02022996579878757
ENSG00000148450,0.024041615651040904,0.024423496931687095
ENSG00000099256,0.8886739033767432,0.6778896963969452
ENSG00000148426,0.11780193391193815,0.10098000400523788
ENSG00000136770,0.9931174512731922,0.8763453036543468
ENSG00000122912,0.3963634173002122,0.649490251659161
ENSG00000138303,0.0989301037862083,0.15637043883278048
ENSG00000165322,0.8506097906953682,0.49624648317864073
ENSG00000072401,0.02225342169180196,0.02702299919804121
ENSG00000196693,0.2598386297018304,0.4188200841999644
ENSG00000099250,0.46155905639767303,0.5542106860716208
ENSG00000120594,0.8018844172654153,0.7421058133450915
ENSG00000148484,0.7889176876300974,0.9142248943390058
ENSG00000227877,0.07840509778332173,0.11002305600397513
ENSG00000165757,0.6903715498286078,0.3158767823935103
ENSG00000165655,0.9042749138135541,0.7474813075737992
ENSG00000165406,0.6997954508095903,0.5212922338604445
ENSG00000107984,0.0001349117504036193,0.0014627686566419595
ENSG00000170759,0.7382130556079174,0.7357389740373144
ENSG00000152465,0.9879064117351136,0.904679571579991
ENSG00000204161,0.10025584251395402,0.10269573775424544
ENSG00000060339,0.7008483488353299,0.6607544828478271
ENSG00000122952,0.5754906738681209,0.7973139189972718
ENSG00000148655,0.7875245758182275,0.958250529284912
ENSG00000165512,0.5300432935134137,0.6449717811719178
ENSG00000122359,0.47343798431741446,0.8925828910060127
ENSG00000122378,0.5144851924272347,0.41157260034006193
ENSG00000107789,0.03132873088703502,0.07646384491857985
ENSG00000108064,0.1015173104253593,0.1901438209832394
ENSG00000138119,0.17078912299201202,0.17971161416022244
ENSG00000165733,0.09065696370227917,0.19122188463539788
ENSG00000152804,0.4420915018625111,0.43020038001571015
ENSG00000107771,0.6892846943631508,0.34936399322531575
ENSG00000165476,0.02365168385701701,0.026210611926134816
ENSG00000184719,0.6874044300914384,0.6492910601247197
ENSG00000148572,0.13704240381581428,0.08653568787143105
ENSG00000095713,0.39820281004403235,0.7853122771688372
ENSG00000181192,0.6071628231632678,0.35473738895840023
ENSG00000107551,0.8210948582681997,0.6541032437369732
ENSG00000155629,0.9186217906701023,0.7435712576327751
ENSG00000165887,0.34548880335605436,0.45670665675247746
ENSG00000077420,0.06697971320894253,0.0531242211197228
ENSG00000156650,0.6721093833903858,0.30377264651189295
ENSG00000175395,0.4065276308815243,0.2109942268208149
ENSG00000198060,0.17649638309680624,0.4000195837700439
ENSG00000213341,0.24745901315034585,0.5083058927269586
ENSG00000107864,0.14246623827018404,0.17146660863644173
ENSG00000138190,0.3019651043176788,0.6161675488967164
ENSG00000122870,0.6873854085566199,0.3448741589789238
ENSG00000122863,0.8439225334296876,0.7908253787180909
ENSG00000155254,0.3189256185245403,0.5050740712728459
ENSG00000099194,0.051176352016329266,0.04881606428129958
ENSG00000241935,0.6423307983092894,0.8305086653916112
ENSG00000166167,0.39603661503283716,0.6756252583077601
ENSG00000148468,0.2163560861742775,0.10035711037916109
ENSG00000189180,0.1500450989611882,0.0990605296814798
ENSG00000165507,0.13547325239698946,0.6136827207350799
ENSG00000171160,0.5814969574470252,0.8839946203314628
ENSG00000148834,0.0171466428747906,0.06881163402434365
ENSG00000165879,0.0019700237762580526,0.0002787399920710666
ENSG00000196072,0.25866789099427306,0.2762341349109284
ENSG00000165886,0.19561088827779685,0.31748128204476045
ENSG00000119986,0.8583060815875923,0.6879571308454029
ENSG00000052749,0.213683965783739,0.3637266158244977
ENSG00000177613,0.17103515534060698,0.28248334924131163
ENSG00000213390,0.6327177371186253,0.4237903688575254
ENSG00000166171,0.6818247540036206,0.7319819340003602
ENSG00000166169,0.4730745129567576,0.1270244332863037
ENSG00000165669,0.03550063647603863,0.0643333148345853
ENSG00000107829,0.7686355456565164,0.44388636111582214
ENSG00000155265,0.722984694054151,0.42860949272899196
ENSG00000148843,0.5260776583643505,0.862187342365401
ENSG00000203837,0.711141271072525,0.5517048732565835
ENSG00000107581,0.22336181280898829,0.2964702244467532
ENSG00000185875,0.47669115616815794,0.7886726749748285
ENSG00000072422,0.9656893111438436,0.9602290987905018
ENSG00000120029,0.6174691827853804,0.7218465852743459
ENSG00000204172,0.051826542838705664,0.029139756160482595
ENSG00000171314,0.008382378801245517,0.005055744961028319
ENSG00000095596,0.8227947447124777,0.25173648170638097
ENSG00000148541,0.4849823741129511,0.37202255289170416
ENSG00000148841,0.5952257389063855,0.7880911850414668
ENSG00000138346,0.5021869048938615,0.3504396439661345
ENSG00000108100,0.6895030149928318,0.9245816819580981
ENSG00000119979,0.5172107373456172,0.6553136080704517
ENSG00000151893,0.13950683834091054,0.2093883422316465
ENSG00000181274,0.19225353736382836,0.028602756010015214
ENSG00000107560,0.43933609381379335,0.6408166053651435
ENSG00000189319,0.0014061256869191009,0.0021814990271596234
ENSG00000213185,0.43339446891550015,0.9359243686818872
ENSG00000065154,0.9882315917254001,0.7678155438011418
ENSG00000170430,0.6184347733435255,0.8369647010664272
ENSG00000156398,0.01914667197445858,0.004730705423912031
ENSG00000148824,0.2665309614298571,0.3204060754944347
ENSG00000095574,0.7633946705980102,0.5406271810827987
ENSG00000166272,0.8956927425773845,0.5950013050263014
ENSG00000107949,0.008171800096658797,0.02515328204328464
ENSG00000068383,0.2417044136076129,0.4873949918948429
ENSG00000182022,0.10799067675089527,0.09505798311697154
ENSG00000138162,0.8329954819998477,0.44654052639440167
ENSG00000229544,0.4343482329684657,0.7000786191083803
ENSG00000107902,0.722150179268708,0.8952841553614637
ENSG00000089876,0.5248874571925608,0.7301226878809974
ENSG00000166033,0.22861034842013703,0.21864103845556898
ENSG00000148773,0.46493176358678967,0.5179954812682073
ENSG00000165650,0.2210622892292435,0.4095931255641706
ENSG00000203791,0.8423545268548455,0.961135448984863
ENSG00000077147,0.1476823354212129,0.39070157529633065
ENSG00000171307,0.04751572794258325,0.06595616994824628
ENSG00000183605,0.12476530894744743,0.30501957180996725
ENSG00000120008,0.47014600549269214,0.5023010767470406
ENSG00000165672,0.07117769751676256,0.15516883200816228
ENSG00000171311,0.016692217681963748,0.03122626187957857
ENSG00000188613,0.8292645475000568,0.47576003584849413
ENSG00000203780,0.9660170867009917,0.630284297447347
ENSG00000196177,0.34676306253670064,0.16489470554350638
ENSG00000108039,0.18272959307796935,0.40731658786097935
ENSG00000165660,0.24652336423054502,0.3075424019215714
ENSG00000187164,0.6104732140039973,0.9076477986832167
ENSG00000165752,0.7094329218593403,0.6311470051523922
ENSG00000188690,0.43008820387727864,0.5684847657392713
ENSG00000154473,0.3062835810743896,0.40280347680661555
ENSG00000119965,0.10743825561297825,0.19235272825550934
ENSG00000107938,0.610131449986254,0.38161374957409444
ENSG00000198873,0.638549554101549,0.6398163650231272
ENSG00000265763,0.5712113374748375,0.6552799609694068
ENSG00000148908,0.46543526296681037,0.5930876260675297
ENSG00000095485,0.1811632388598898,0.2558812851827666
ENSG00000148700,0.49768659940502047,0.2209146227474011
ENSG00000121898,0.5819730925402955,0.2255959167780475
ENSG00000107554,0.6692831812104023,0.7022470114595322
ENSG00000155229,0.12201987156757484,0.39713846146281573
ENSG00000138175,0.6556835022885219,0.8425831624068026
ENSG00000196865,0.9484230713442405,0.8022974339876182
ENSG00000182010,0.8220602308724011,0.5587733955934633
ENSG00000107566,0.14268228932689178,0.3031882778978354
ENSG00000065621,0.550192850376511,0.3193771415023258
ENSG00000148814,0.3862043406573832,0.12087737677557
ENSG00000171813,0.9631011715192292,0.7993294666531534
ENSG00000059915,0.49845450874468056,0.20881853712158752
ENSG00000107874,0.5010307501466023,0.75939941451994
ENSG00000120055,0.7865844102693805,0.3642077048832866
ENSG00000138111,0.6280853267781046,0.24134083759304462
ENSG00000138107,0.5027215384081622,0.523216339099851
ENSG00000122861,0.006531881177467666,0.008227848395614454
ENSG00000148677,0.03171118706394311,0.027915602125344333
ENSG00000099290,0.8627856971454653,0.6786045694923564
ENSG00000138311,0.09005146865134571,0.10464082593151962
ENSG00000181915,0.17333526521992076,0.48486472970043826
ENSG00000214285,0.046714353844039797,0.07773545618698115
ENSG00000151929,0.03382893671432547,0.05440363017363197
ENSG00000185532,0.8862288603706315,0.6806686500770771
ENSG00000035403,0.06167074177529462,0.10377492092100436
ENSG00000107882,0.5230822334349694,0.4190257251481101
ENSG00000197893,0.10145816134450442,0.10678994562756436
ENSG00000120539,0.7080037315940337,0.9788654261913601
ENSG00000107890,0.9269485123216971,0.725680423646624
ENSG00000173848,0.5754532719151784,0.7312182533747322
ENSG00000178372,0.0006109395796941455,0.0006441682593573392
ENSG00000178363,0.14698080954085396,0.24984735775078223
ENSG00000196372,0.7303236902990646,0.4677459630128078
ENSG00000057608,0.3233096652590775,0.3821514749920779
ENSG00000138180,0.18531613935403932,0.30185435758952295
ENSG00000148690,0.12008540307724014,0.23220136663818286
ENSG00000187522,0.36857519880988354,0.2931534791608479
ENSG00000148842,0.23998443800141597,0.6845767849535543
ENSG00000148798,0.2311972323309671,0.15758718009871678
ENSG00000156374,0.39704514452945083,0.6060992074596314
ENSG00000173915,0.030776415035022084,0.05506775802270718
ENSG00000176273,0.04430061410208162,0.16134624833210093
ENSG00000173145,0.1651679886556825,0.2992526029060666
ENSG00000108239,0.91955220438261,0.5226679787143865
ENSG00000276430,0.07384779124416747,0.2195872214233199
ENSG00000107968,0.14508354875407414,0.07330551827232468
ENSG00000119953,0.026007979752874603,0.06732593607891399
ENSG00000138166,0.11945475809437006,0.11473833178448603
ENSG00000107951,0.5515902557661829,0.9656658832209591
ENSG00000122862,0.8907759508583977,0.6621342720159147
ENSG00000265190,0.043869902830886036,0.0275251549177189
ENSG00000204130,0.2544288114237661,0.26589304827950194
ENSG00000196233,0.6819426239471765,0.8936200017714536
ENSG00000198954,0.005062965538902031,0.009556434236880544
ENSG00000148688,0.10713110290191791,0.18402104040762382
ENSG00000078114,0.6446045072154486,0.4940278592302616
ENSG00000150760,0.9328305352490114,0.7596360498089492
ENSG00000171206,0.8061686796491858,0.3324978340959443
ENSG00000187908,0.011407805123720825,0.010091101777522603
ENSG00000165868,0.518884376519504,0.4395039706389612
ENSG00000177791,0.10321182130763058,0.11964325643860607
ENSG00000166317,0.5481346360621682,0.6527093388111753
ENSG00000176986,0.3651531509088992,0.37690151017435425
ENSG00000196968,0.24266326001947622,0.4148973887959254
ENSG00000172586,0.19479232521073978,0.31199915845903026
ENSG00000214655,0.20441887202827363,0.07139041517209768
ENSG00000166507,0.3152183615013021,0.3060493709312866
ENSG00000177354,0.12179674612084475,0.1884543403984782
ENSG00000265354,0.007813540750444709,0.013844282401098874
ENSG00000263639,0.08172970861268973,0.020131503858223133
ENSG00000122958,0.015384654759861364,0.041233107456499815
ENSG00000156502,0.08631863360157735,0.27390877557328924
ENSG00000156510,0.5859665420790757,0.6694300584372772
ENSG00000099282,0.09875489016102751,0.18491455161434514
ENSG00000171224,0.0293920110718748,0.11796651728760538
ENSG00000107897,0.6254830409850121,0.3169033819969896
ENSG00000138160,0.3230481679717257,0.5386208531199607
ENSG00000042286,0.14231716758402463,0.46016236552825773
ENSG00000079332,0.03477587254187532,0.09909684038706287
ENSG00000180817,0.21831481268726852,0.44845694395604097
ENSG00000156521,0.6560038519950164,0.9248639167744953
ENSG00000107672,0.576029398532569,0.3665702398557448
ENSG00000166189,0.34951559891937345,0.32936180138635557
ENSG00000198728,0.1368204849618635,0.06530230667306539
ENSG00000148840,0.26571246194205805,0.6295216277932401
ENSG00000166197,0.051521510813529486,0.09520229406520267
ENSG00000119915,0.8233242376956907,0.9101210697580085
ENSG00000107959,0.40199607672815985,0.3149018882133718
ENSG00000133661,0.9265239174452096,0.9076747397463054
ENSG00000133678,0.04525075641720864,0.03331536853148947
ENSG00000099284,0.821191523685676,0.8383466599956158
ENSG00000078403,0.7376685824552236,0.5159488887841632
ENSG00000120616,0.2251440284816981,0.14078799173410453
ENSG00000138182,0.8063157554200286,0.83984055300408
ENSG00000204152,0.02749201653965047,0.09338898380101696
ENSG00000166024,0.8349365298871387,0.32697133603523737
ENSG00000179988,0.40055555458229897,0.4634146059909904
ENSG00000284024,0.6175028383688445,0.40987311547158
ENSG00000214562,0.715961763321028,0.6737594647916807
ENSG00000132334,0.31315777775108916,0.30778727560297303
ENSG00000185009,0.27545127738242897,0.4056439152398612
ENSG00000148634,0.7653531142486242,0.8300322576050513
ENSG00000119950,0.9603302660257236,0.5609702443217499
ENSG00000165338,0.8028563632705802,0.8005303821775182
ENSG00000156110,0.0012640038832625734,0.0007498912024993118
ENSG00000185745,0.497433430619047,0.3727202103844469
ENSG00000166295,0.21286428977780128,0.5749450458753522
ENSG00000168209,0.015312475094721929,0.08174672478111747
ENSG00000165996,0.09172298094026266,0.055334186489739166
ENSG00000136738,0.8195704015159707,0.7088501967681844
ENSG00000107937,0.1711557716329128,0.3235848651959058
ENSG00000264230,0.2442685954883234,0.18995462796649515
ENSG00000165730,0.878994448605222,0.7337194304669888
ENSG00000107625,0.08715139694293882,0.2868908200429301
ENSG00000107738,0.5143686309476876,0.5946170969617934
ENSG00000107736,0.056955878012751884,0.018618899170939843
ENSG00000108179,0.1479963046599642,0.054654034003054776
ENSG00000165424,0.4847760923367783,0.4274393244900031
ENSG00000062650,0.09578184790201195,0.23711092274537945
ENSG00000059573,0.3523058008275731,0.7948642535637613
ENSG00000138185,0.042234538962723195,0.02191936047639335
ENSG00000138131,0.1466244458568041,0.3430490040493733
ENSG00000197771,0.5267372768567176,0.8927042962621133
ENSG00000138135,0.4424156776936997,0.64911857550669
ENSG00000107798,0.1185686500966109,0.19576551998320976
ENSG00000119977,0.12752580162472643,0.2765547768934842
ENSG00000119917,0.6406665131570676,0.40897208575897026
ENSG00000197444,0.9652865868642532,0.5252372383409307
ENSG00000198964,0.7873166099700832,0.6945991590085803
ENSG00000198682,0.2941586047897388,0.1978302744824993
ENSG00000138138,0.00114690384580306,0.008159191881491083
ENSG00000150347,0.6762530976192032,0.4718113618586389
ENSG00000107758,0.2238017476255907,0.40239492345416206
ENSG00000166136,0.06879506797710477,0.17701813250923196
ENSG00000166135,0.8764444578843567,0.7567773129467993
ENSG00000119906,0.5859152175758437,0.3010947816983151
ENSG00000107815,0.18093547601509896,0.5411454630502023
ENSG00000186862,0.8064782209846726,0.4226982438693715
ENSG00000119922,0.39783997697207174,0.3896056937782906
ENSG00000095739,0.33850254198232027,0.6579771554234602
ENSG00000151651,0.43876591310592017,0.33474860700288334
ENSG00000198546,0.5746971171878081,0.9752425765344803
ENSG00000165828,0.43484254744447104,0.592216375085884
ENSG00000148803,0.4970714612361884,0.5540803289548699
ENSG00000127884,0.15958480054679822,0.31839962446475506
ENSG00000148832,0.025888703217352666,0.06359576061997661
ENSG00000225830,0.10651053060774757,0.1135591120478449
ENSG00000178645,0.33465974076176974,0.4068447342556699
ENSG00000198105,0.38738146740745105,0.18331749745202205
ENSG00000266412,0.6376409716916139,0.7210011047745262
ENSG00000165983,0.7817371411224607,0.8675860289830739
ENSG00000253626,0.5040509533890003,0.6618693295697691
ENSG00000227345,0.06823639602164407,0.11739641937395981
ENSG00000177283,0.5779342581893876,0.8544071533509332
ENSG00000151923,0.4693620759849021,0.42088415595944106
ENSG00000165449,0.08160558799594271,0.11112581050249386
ENSG00000065809,0.027832802138359085,0.019066796737337553
ENSG00000156384,0.17563324877427366,0.18472445224942552
ENSG00000198408,0.8371404746125035,0.7908713713893687
ENSG00000173269,0.34607746728404576,0.25436332122508293
ENSG00000173267,0.7360175455033744,0.739467242437365
ENSG00000148671,0.8512426012832945,0.9914094241946889
ENSG00000188100,0.2093549236883627,0.36158423166664433
ENSG00000122376,0.8542652493607618,0.8861462139177673
ENSG00000099246,0.17130519332462363,0.11484123550098238
ENSG00000119927,0.36866205501603944,0.3599823879685946
ENSG00000148516,0.24908055209520025,0.13672313603483346
ENSG00000130640,0.6898946039611786,0.9644607593710662
ENSG00000023041,0.4757247759468899,0.6578851131673153
ENSG00000148730,0.46151261023757795,0.6535897393122979
ENSG00000108001,0.0980671406783093,0.16396432722559748
ENSG00000237489,0.04448374182795666,0.043466532803540826
ENSG00000108010,0.12422418263874824,0.19866964399682527
ENSG00000197142,0.9064773544260236,0.818523314178908
ENSG00000165731,0.8984521132657941,0.496302251471589
ENSG00000169826,0.16261849338594206,0.2927064496158948
ENSG00000198915,0.5761156713280551,0.7254949805250407
ENSG00000148672,0.1860056743671702,0.5643733999087207
ENSG00000108176,0.05042218095056568,0.1042717631416477
ENSG00000096717,0.8248779029769522,0.8425535642431077
ENSG00000148719,0.019991384963474697,0.06621644808890095
ENSG00000107872,0.3945356039692173,0.21290476404299816
ENSG00000172650,0.029578768245280038,0.008960749422150112
ENSG00000189090,0.6167476813946813,0.8287426498247117
ENSG00000148848,0.7562748644612101,0.9287121737847174
ENSG00000204021,0.4611632651653387,0.6921553029556019
ENSG00000155256,0.5892021262004554,0.9610633290236266
ENSG00000150054,0.7861922329852548,0.900099450615942
ENSG00000095637,0.49957053304692867,0.7766008077034028
ENSG00000198879,0.07325418171247455,0.03205350221733446
ENSG00000169813,0.3462642095512577,0.42700766703854065
ENSG00000196793,0.7725741727767236,0.508807398909715
ENSG00000198298,0.7570356795378634,0.7000404482724591
ENSG00000169740,0.9573716249720657,0.40833148524530005
ENSG00000243660,0.6863161391263735,0.4346198738311241
ENSG00000107443,0.8153366401567986,0.4777780778280315
ENSG00000180644,0.023142484258770846,0.04798195579424219
ENSG00000138316,0.38180606085763125,0.22054827365728955
ENSG00000166228,0.02823557185947157,0.14155488348289091
ENSG00000107807,0.9343293427596342,0.5506743966463004
ENSG00000138172,0.33258045806947195,0.15156383922824399
ENSG00000204179,0.7856205218294965,0.9979412591189617
ENSG00000107779,0.5624393676041813,0.9883025249627233
ENSG00000176171,0.003284490102926643,0.0035460509165179013
ENSG00000107562,0.8646682517528712,0.78862961895987
ENSG00000130649,0.20034334953307856,0.09669719496932555
ENSG00000108187,0.8322128133686784,0.5008787578305285
ENSG00000096746,0.15967902232217351,0.2590078799387621
ENSG00000075407,0.09689838997784841,0.03150458814588762
ENSG00000108175,0.883710129385242,0.913332081282144
ENSG00000197746,0.5124335611518586,0.7704129286643501
ENSG00000172661,0.8233500601634554,0.8414906245512705
ENSG00000183049,0.10350758749921388,0.10726001088560305
ENSG00000107745,0.06374206732284401,0.23548170306857483
ENSG00000138207,0.09721307250950019,0.4112482082521688
ENSG00000107863,0.9318484769227583,0.9197343386923217
ENSG00000171988,0.5796682524221186,0.8365073748965328
ENSG00000012779,0.6062858594644642,0.5074738922341153
ENSG00000065675,0.4902134943763016,0.4902727096773821
ENSG00000136758,0.3206090831951744,0.5000661564658304
ENSG00000107742,0.0007226270786569392,0.00075139039876705
ENSG00000108055,0.6451149331541342,0.9179326363547573
ENSG00000138347,0.07988851428315626,0.11577840789376784
ENSG00000122367,0.17598899838796855,0.21834612070656004
ENSG00000151640,0.7521531892441072,0.4335714842866569
ENSG00000188234,0.2592285685598532,0.13459954344831548
ENSG00000107862,0.4110537885457257,0.6921017734024173
ENSG00000151632,0.5749122768899679,0.8740924648941195
ENSG00000095564,0.5636887688641139,0.4274599942250543
ENSG00000107954,0.5984014079777491,0.9677454367542342
ENSG00000148429,0.06245195780609312,0.05568876541784159
ENSG00000197321,0.28646487638326973,0.1534840029914843
ENSG00000156026,0.505230511390917,0.5899189475539612
ENSG00000138193,0.7824038533033031,0.5888885420444695
ENSG00000165632,0.8848222102238934,0.9541627060070368
ENSG00000150593,0.6855580287392393,0.8249357647029736
ENSG00000214413,0.011398101789147736,0.018338398328386157
ENSG00000108061,0.3655516389723048,0.6704789071669128
ENSG00000150594,0.8226888245481515,0.421560719887922
ENSG00000122877,0.9986879289164557,0.6890876725304397
ENSG00000148835,0.8285009525437056,0.44581063413835775
ENSG00000166348,0.20523466896249207,0.044442890188171
ENSG00000107643,0.9489590031336897,0.7671595788903334
ENSG00000128805,0.5016650232202506,0.7211724434498517
ENSG00000165732,0.05829704250062199,0.12681850482724302
ENSG00000152782,0.7718541265805716,0.8789843045447795
ENSG00000152766,0.18355592501983384,0.25820980267616717
ENSG00000138134,0.9284885513006699,0.8686603509193456
ENSG00000107796,0.49547433691172493,0.9599230780149826
ENSG00000166321,0.2055257626220231,0.426182815396984
ENSG00000122882,0.19895658483821738,0.3930983332606721
ENSG00000138286,0.03391694591730996,0.10185328122283704
ENSG00000213551,0.7373439505557953,0.8775547840702549
ENSG00000182180,0.09924928243822248,0.26872450954487065
ENSG00000138279,0.5817877544379355,0.6837718323607318
ENSG00000048740,0.01388956575065848,0.009985238732559576
ENSG00000107669,0.6858140761203758,0.43290058038022017
ENSG00000165678,0.0020495192434608588,0.012305853454000157
ENSG00000188373,0.5279029461277587,0.8185807078430326
ENSG00000148600,0.43721549985428243,0.5951607151953175
ENSG00000026025,0.9220739365279662,0.7503551561824322
ENSG00000172731,0.1961839051072474,0.10437974015476553
ENSG00000148444,0.9227445569968793,0.6341455746625317
ENSG00000168283,0.763305565116833,0.3685939086908402
ENSG00000165813,0.4656940685716572,0.45987325707676396
ENSG00000165816,0.4901062918114054,0.3832741306852405
ENSG00000204176,0.5379800695892718,0.24167686139096323
ENSG00000204175,0.02338593845873741,0.05424585302287343
ENSG00000107679,0.8012094857121237,0.8247022798608151
ENSG00000107957,0.8553689621388031,0.9842309903802477
ENSG00000128815,0.0008036664656457349,0.0009221637381831865
ENSG00000055950,0.3809512431169946,0.489364108645445
ENSG00000107929,0.43098473484534416,0.31913048429435453
ENSG00000165806,0.2672058999219389,0.17429409678321567
ENSG00000198924,0.6601051141870137,0.927366745138732
ENSG00000148735,0.12193371215628575,0.08211745661893076
ENSG00000107816,0.8013019291099538,0.2630081911903759
ENSG00000165568,0.3469579381587117,0.180412392060627
ENSG00000187134,0.4985290866147988,0.7372599703700551
ENSG00000134461,0.05149517658899646,0.016563826042099262
ENSG00000134452,0.8569480648742641,0.4759789303469669
ENSG00000134470,0.6806044231637057,0.8122965401490285
ENSG00000067064,0.06615949798394745,0.08503784306943667
ENSG00000177853,0.3425862988785792,0.10565480769939266
ENSG00000095585,0.0377165251573505,0.09184806085018891
ENSG00000165312,0.09410272449541475,0.06675774787364654
ENSG00000120549,0.08797577734099235,0.05222331603253257
ENSG00000148498,0.5774642728172257,0.9794122807640212
ENSG00000120053,0.1683819451826236,0.3704749078055797
ENSG00000169129,0.727373109640117,0.907416097404709
ENSG00000123240,0.40258540437155477,0.23333079291496542
ENSG00000065328,0.8445079954274773,0.7777883047600882
ENSG00000107537,0.04660928523823296,0.11881608755553667
ENSG00000183621,0.9344435345341514,0.9017436291123941
ENSG00000152455,0.7474235933799792,0.5587767439791009
ENSG00000026103,0.5670315962977742,0.562987261086972
ENSG00000134460,0.11948983008095188,0.09616553678838932
ENSG00000134453,0.29344334337071704,0.46326204131342485
ENSG00000170525,0.6830445229975615,0.9752856518335788
ENSG00000107719,0.035354144439882995,0.028561429113138224
ENSG00000095539,0.5009105030962685,0.9755617645871766
ENSG00000166275,0.20475087208825152,0.5495512912879335
ENSG00000214435,0.6406242367360553,0.27386857478356935
ENSG00000076685,0.6608441608894868,0.7209410295821017
ENSG00000107731,0.880970215927925,0.6747360781688061
ENSG00000198246,0.43224903420833893,0.7437237496747477
ENSG00000077150,0.7832536814089774,0.4262186005742733
ENSG00000166224,0.11638987064675109,0.2695260807641042
ENSG00000065613,0.6667718806572599,0.7474137290938545
ENSG00000065618,0.584232387600075,0.8896207204890713
ENSG00000107960,0.9629981862979347,0.8587052885613621
ENSG00000107438,0.6061758069662322,0.2467754149833968
ENSG00000165633,0.04724336252901663,0.020612636075593334
ENSG00000108242,0.3199174212443411,0.27300525571572065
ENSG00000151208,0.6335491674629956,0.5292593039420745
ENSG00000148606,0.2190743726150817,0.3419724147128751
ENSG00000138326,0.021801876446531896,0.15621202370197265
ENSG00000119969,0.8050175851930477,0.5264124604523279
ENSG00000108021,0.8368544241240109,0.9457205549294945
ENSG00000119943,0.373056660650918,0.7292690102235155
ENSG00000107521,0.5602014551414103,0.7682841483827253
ENSG00000067057,0.00588425031383757,0.01292495028983665
ENSG00000165630,0.45940330172571653,0.687397315169752
ENSG00000108219,0.25273294373865596,0.41905713622275376
ENSG00000107819,0.02825346831783453,0.028302904191568067
ENSG00000155252,0.07515478189046966,0.08620984445443078
ENSG00000107833,0.006814907037401245,0.032908690866435726
ENSG00000119919,0.0011916734200820484,0.0016509164365074544
ENSG00000198018,0.13948702965808066,0.13418009097287317
ENSG00000119929,0.24915881269191562,0.44517902303148404
ENSG00000014919,0.037655210872321335,0.16812234118169617
ENSG00000108091,0.44309549778420354,0.2604710719614222
ENSG00000170312,0.2329283869736305,0.361584210798232
ENSG00000155287,0.5566057520684785,0.567218693284149
ENSG00000151474,0.017245514112248676,0.03899606404326661
ENSG00000151151,0.5679577683419181,0.8917691349894934
ENSG00000122873,0.28312040331608374,0.5965247259176516
ENSG00000107485,0.3859599218066806,0.6024486392628166
ENSG00000156515,0.00195912220590197,0.013221667406484238
ENSG00000015171,0.42889052015779106,0.3081814656354841
ENSG00000148737,0.4525517681960496,0.8805233733724955
ENSG00000047056,0.020748463203774204,0.03939617766591442
ENSG00000107854,0.8505937707673319,0.9921981432892428
ENSG00000241058,0.3610406211537954,0.2209762459647528
ENSG00000165997,0.9721711238124504,0.7255828016101213
ENSG00000198825,0.8685421094486874,0.38082342228579547
ENSG00000107651,0.07297731245436323,0.13793349995130796
ENSG00000151150,0.538402052390927,0.4643881708586819
ENSG00000151532,0.2566230235430774,0.35499566668009974
ENSG00000095794,0.4298618526985267,0.7057282914746569
ENSG00000197467,0.5726128684910221,0.6552577521908383
ENSG00000019995,0.5887840302170062,0.8213414821971793
ENSG00000175029,0.07763933568114653,0.1698102336621925
ENSG00000066468,0.0597636430254482,0.03294574040519419
ENSG00000095787,0.7130408825038319,0.8684266757574455
ENSG00000189129,0.9574506743908042,0.5485071777204283
ENSG00000119938,0.23267503920009314,0.24869194754337837
ENSG00000152457,0.0723168587225496,0.03541417097161874
ENSG00000119912,0.686076766033396,0.9635093488337291
ENSG00000152778,0.13075378936148338,0.11116471570263473
ENSG00000150093,0.17164323002330262,0.1576586960403184
ENSG00000180628,0.8977998585134065,0.49889798582951295
ENSG00000171862,0.0753892392522938,0.10453669970641877
ENSG00000122884,0.0004899326042761141,0.003885600957125269
ENSG00000148680,0.17979395571213405,0.07041655415527058
ENSG00000204147,0.04883519484850938,0.06636812742329097
ENSG00000148459,0.2033085194557203,0.17008721376719668
ENSG00000136754,0.6923921427440809,0.5663437420012873
ENSG00000099204,0.19620471298331155,0.13047477958997536
ENSG00000151553,0.46657490052291706,0.3443957914589839
ENSG00000165832,0.3317130435007748,0.49330204239475606
ENSG00000079393,0.14433925491208988,0.25516265245084546
ENSG00000156671,0.05784411116539695,0.31305925643556504
ENSG00000165637,0.007956980356443353,0.0407483948317345
ENSG00000165644,0.8204864823260093,0.812511781864227
ENSG00000148660,0.7264476779118252,0.8647075506133248
ENSG00000108094,0.35251569153616824,0.4149300431612246
ENSG00000086475,0.871263361596152,0.5879329180879137
ENSG00000165626,0.18134383012243088,0.4579467497961843
ENSG00000156113,0.7554457773937311,0.44419762616399516
ENSG00000112699,0.47600327124195796,0.6840372484666546
ENSG00000112685,0.8867448917118481,0.6719321555252759
ENSG00000145945,0.9879162559462827,0.8933513419549055
ENSG00000124802,0.3078634573795794,0.5230828168723174
ENSG00000188428,0.7237424404269328,0.9459116138921013
ENSG00000165097,0.9464532934984305,0.9781115905675004
ENSG00000146109,0.7494650703810097,0.9192293390279095
ENSG00000153162,0.9570851335705624,0.8861219311800791
ENSG00000239264,0.6696298101418436,0.6615301828638043
ENSG00000181315,0.9859731464812086,0.5216973698715144
ENSG00000164379,0.8346313570868715,0.7414171895097441
ENSG00000124787,0.842590450298182,0.8853583469305023
ENSG00000124795,0.8080407536494152,0.6589751927350167
ENSG00000112763,0.9616518775001563,0.5310558411444082
ENSG00000095951,0.102638770056441,0.07660108902852998
ENSG00000145990,0.10695896061871277,0.15965232424911488
ENSG00000008083,0.6258975588271137,0.8427873489897092
ENSG00000204713,0.20767613398562837,0.28562927360078894
ENSG00000078401,0.47748379379374606,0.9129915894826206
ENSG00000112183,0.06202081472188322,0.09553703848496374
ENSG00000124783,0.7610726470265409,0.7240169527230873
ENSG00000137273,0.3896835819376141,0.4109051664659339
ENSG00000124766,0.07333563401858077,0.029270525066412423
ENSG00000145996,0.494499687851095,0.2571552908002328
ENSG00000172201,0.476364976524404,0.3439455160080912
ENSG00000137177,0.5454053489829219,0.766785810614945
ENSG00000137364,0.9525942779909043,0.7936309172202761
ENSG00000054598,0.24598882889123533,0.22263430910991028
ENSG00000187566,0.9177585225704888,0.8733065355616827
ENSG00000153046,0.9733698055879353,0.7798525870299189
ENSG00000124615,0.7984786237696935,0.6526415027910095
ENSG00000172197,0.5461985303688417,0.3971532944857211
ENSG00000007944,0.10936840095480856,0.07392132731003609
ENSG00000234127,0.3090068142961692,0.09914489632159036
ENSG00000156639,0.4293842618654927,0.7983897090663687
ENSG00000124784,0.42269872367039785,0.48299827293458486
ENSG00000096433,0.9456094152983904,0.9097925758515049
ENSG00000111859,0.35244974913638716,0.5615445123501193
ENSG00000124574,0.18409856786399717,0.1448150723372184
ENSG00000112078,0.2589738313766484,0.11404073234776274
ENSG00000171467,0.26672219032693045,0.13853869327545162
ENSG00000137288,0.1615361428456085,0.28239576592046367
ENSG00000146122,0.08417053312025202,0.030304268842070936
ENSG00000196284,0.010698080046064144,0.037756278172391064
ENSG00000146085,0.8520011386917061,0.6967484762116383
ENSG00000065308,0.48542437782760584,0.27731365198237523
ENSG00000112079,0.15188037805946147,0.08158623739334094
ENSG00000183826,0.07809171360566793,0.039359299732291624
ENSG00000112149,0.3559670221674186,0.30047372442553966
ENSG00000065491,0.6923755295817737,0.935316709854933
ENSG00000012660,0.26034354425766265,0.5521912467432424
ENSG00000112130,0.9239607959884002,0.7385206447457651
ENSG00000031691,0.5594067541834638,0.6385157516871397
ENSG00000124813,0.7572076391689742,0.7873489296025729
ENSG00000161896,0.08098450881657115,0.15113017162609213
ENSG00000171462,0.654216381630717,0.7521104444227366
ENSG00000096401,0.5494235962518565,0.8121211263244833
ENSG00000112759,0.4530174540615617,0.8182121532866236
ENSG00000154079,0.7143836467715421,0.38925854456129816
ENSG00000146147,0.7978973122265238,0.6295725027977422
ENSG00000157593,0.3687140922456318,0.6668893254538364
ENSG00000065615,0.7835284428936908,0.46877609966361555
ENSG00000065833,0.028632184811375833,0.04249052642482087
ENSG00000146143,0.30611186012171165,0.3955378758787589
ENSG00000135324,0.715578521162394,0.25202925504646445
ENSG00000057657,0.19952386809797149,0.2706537147828081
ENSG00000170915,0.030308178336746424,0.02297624121293936
ENSG00000156535,0.44732566194867696,0.6074530749511011
ENSG00000135315,0.07340485466989574,0.052153491905798766
ENSG00000112081,0.2696457956183678,0.3092394291235127
ENSG00000118407,0.8799580111520667,0.37739558923175665
ENSG00000124731,0.13490807777212885,0.2446940735152328
ENSG00000146233,0.8364958116087864,0.28607428850226957
ENSG00000005700,0.6223035245395141,0.666658639736369
ENSG00000124608,0.5808182465079463,0.4165810963201365
ENSG00000272398,0.3176535426075699,0.6366789748105492
ENSG00000112796,0.784183094414888,0.7368782620746177
ENSG00000135338,0.9680607876692552,0.5865361539911503
ENSG00000096384,0.05333548376334132,0.14073085138317065
ENSG00000173214,0.10357009649073087,0.26882704245133526
ENSG00000187189,0.7155407679033279,0.7243002908882195
ENSG00000137269,0.7505484973896547,0.545009167251342
ENSG00000111912,0.4673279246651082,0.549909144059036
ENSG00000130349,0.4634677629098981,0.5556546690150515
ENSG00000146232,0.48478084609665106,0.9364243346181542
ENSG00000186439,0.08589393093617918,0.10590958409744324
ENSG00000112305,0.6683727425528339,0.62111439744161
ENSG00000118402,0.6026223596458171,0.6590059005224579
ENSG00000009413,0.18682073787907189,0.05483401292822288
ENSG00000152661,0.8575083630346366,0.6306371949863256
ENSG00000079950,0.41537303131112213,0.4074968753248237
ENSG00000146410,0.4468205848713419,0.5664236037326342
ENSG00000001561,0.861542015382319,0.5171701862618663
ENSG00000153989,0.1373760234522869,0.2462205562820326
ENSG00000112701,0.8896271296427267,0.90258769651154
ENSG00000198087,0.530655052307957,0.5729923139321449
ENSG00000112234,0.37970170755290145,0.5921834088745608
ENSG00000198833,0.4871376493774231,0.6760308789889398
ENSG00000118690,0.7899782052707653,0.5886240624762138
ENSG00000085382,0.47610561995963563,0.42433342339829183
ENSG00000112773,0.7787857589137439,0.9638686645590012
ENSG00000112276,0.6214907102110463,0.809076164736515
ENSG00000203778,0.6281871820157918,0.9397590980600591
ENSG00000009844,0.16793236298573877,0.22541974196466205
ENSG00000178425,0.777867785301178,0.5074820298871134
ENSG00000111907,0.14387837717476365,0.260305762786963
ENSG00000153292,0.1320858522537884,0.13215712257753046
ENSG00000066651,0.5191454607262606,0.8829499521669171
ENSG00000124749,0.031095722314006913,0.003592226090128445
ENSG00000112339,0.6067905093595061,0.7841395350538172
ENSG00000111911,0.713139824605713,0.8917776140051201
ENSG00000025039,0.8780517802384722,0.7276119025290191
ENSG00000034693,0.4247818594463385,0.4035808040476868
ENSG00000025156,0.8893084516067837,0.43034444515716586
ENSG00000112837,0.9726884273279766,0.7853915517246916
ENSG00000146386,0.752735550389268,0.9195874723669092
ENSG00000095970,0.7035082696299686,0.6672962128605358
ENSG00000196591,0.18278388114210897,0.5324271799833458
ENSG00000029363,0.5391338825722085,0.7713245369023981
ENSG00000112414,0.6991992582850715,0.6960150565330507
ENSG00000111906,0.06168398376506735,0.21068962085558454
ENSG00000188820,0.9221084555161144,0.9979581289010934
ENSG00000168143,0.7307993978521177,0.8418979357658809
ENSG00000123500,0.41728363190911655,0.8883260404512953
ENSG00000079931,0.009016408270086328,0.015084143332794757
ENSG00000112249,0.1251994931277173,0.17571719160322374
ENSG00000198729,0.21844250708150725,0.11067052405906852
ENSG00000096093,0.6341120841572776,0.36220775394983096
ENSG00000112282,0.9772988658937943,0.8245895803958028
ENSG00000198523,0.11802834860640307,0.18596479048369308
ENSG00000111885,0.4841516275567388,0.6726970534790613
ENSG00000047932,0.14790914029328833,0.2899262265516446
ENSG00000155111,0.0943472049075111,0.06237445027213972
ENSG00000168216,0.6588188596902367,0.5677389167235993
ENSG00000277443,0.034849440980056184,0.029089903166693874
ENSG00000172594,0.2906413180272821,0.43754715990613213
ENSG00000112406,0.06103477414668278,0.02564923828128088
ENSG00000146409,0.11753218086445595,0.10915832507857441
ENSG00000146281,0.6964355714019675,0.4013360552019104
ENSG00000146072,0.42276370226787785,0.6784356659835119
ENSG00000111880,0.12219719275811444,0.15925135524741904
ENSG00000119900,0.23227999748407185,0.11229776974888035
ENSG00000071242,0.4156608214671371,0.4068598543452633
ENSG00000135547,0.11316649428336252,0.06408526499418275
ENSG00000124596,0.39682663727380607,0.7069944225174585
ENSG00000285976,0.04270935676557841,0.03705592566114693
ENSG00000123545,0.36165836470204304,0.7054555957683255
ENSG00000189007,0.43542487892142956,0.3001111994309184
ENSG00000132429,0.1109584156754139,0.12826806535454424
ENSG00000111817,0.19656114919257198,0.1890137940634052
ENSG00000135299,0.09505718252891054,0.06192539388693564
ENSG00000164494,0.3113202575192061,0.5176596688294308
ENSG00000215712,0.05252562942370704,0.11893178221553401
ENSG00000057663,0.03019077495848381,0.07916846861292735
ENSG00000112378,0.8432727337190544,0.667342660951644
ENSG00000111962,0.7947010091728962,0.8093737893365442
ENSG00000146276,0.0982700594115483,0.3175443151102348
ENSG00000131019,0.19864772003395073,0.11888443263438744
ENSG00000051620,0.22802983023052253,0.25615414094566963
ENSG00000131016,0.14508575580999836,0.44315037230545373
ENSG00000155918,0.9636397019273115,0.9285336050140236
ENSG00000112742,0.1152422391869872,0.1258260397877625
ENSG00000112306,0.22483264815625703,0.5497504309553125
ENSG00000164411,0.15685156343543388,0.3210871342863116
ENSG00000153721,0.3654100267256879,0.19206414482409107
ENSG00000118689,0.879424488563451,0.6961515312738896
ENSG00000168438,0.3704268306434253,0.6791346979255557
ENSG00000146425,0.3207048110898873,0.2860923582411861
ENSG00000112769,0.7662653458116999,0.46224255842124395
ENSG00000111816,0.664930980675996,0.26923767649060193
ENSG00000198719,0.7143039370758837,0.494454345291945
ENSG00000085511,0.3650017141657017,0.42763386416627014
ENSG00000083123,0.2226660321480198,0.4557888453602271
ENSG00000112531,0.7562623269915043,0.630809704750187
ENSG00000112031,0.25096628367845625,0.33210351475560923
ENSG00000146278,0.9036739560799194,0.8329687269105563
ENSG00000164440,0.47257688787372376,0.6757144967611964
ENSG00000198478,0.9313779089705939,0.5963951268104826
ENSG00000001036,0.4186633622193149,0.40817738432507455
ENSG00000119899,0.38493451006888524,0.6897829096584048
ENSG00000146477,0.5936635312034879,0.27048334673049285
ENSG00000112290,0.4734921115091959,0.8314115549570542
ENSG00000112029,0.8667473873980839,0.7946640974516259
ENSG00000131013,0.017232377965823865,0.04984483249163524
ENSG00000130023,0.831604468993126,0.5983261352587765
ENSG00000055211,0.03966021679952522,0.08494697351880759
ENSG00000203727,0.8086633657752572,0.7331800524787918
ENSG00000118520,0.4924350377348542,0.34492380072781337
ENSG00000008018,0.055686252338605476,0.1340882407537926
ENSG00000146411,0.9815345531590465,0.9753819277415327
ENSG00000111981,0.2442663054711595,0.43498509285986353
ENSG00000026652,0.0016769266133505815,0.004750640539368024
ENSG00000184465,0.17251864310068982,0.16383535491841725
ENSG00000175048,0.64376729889957,0.6642033128719214
ENSG00000130338,0.8886856971046025,0.6000334269098178
ENSG00000130024,0.936523200800752,0.5025308054526719
ENSG00000146416,1.3879108665395148e-06,1.941908716265952e-05
ENSG00000186625,0.8844750624420166,0.8846770387067353
ENSG00000074935,0.6413386509027741,0.9264336115037126
ENSG00000135521,0.20852110600454468,0.3135319635986343
ENSG00000164694,0.9585670382985588,0.4585988205368221
ENSG00000135537,0.23250952448001466,0.36632406207744084
ENSG00000118420,0.14805106226007686,0.38529452420764443
ENSG00000071994,0.11218236002095415,0.3092023175755881
ENSG00000112208,0.08723299836023374,0.264336914279308
ENSG00000198945,0.29740144822800174,0.5212094323065293
ENSG00000124767,0.4829931380698965,0.43607104783688766
ENSG00000112210,0.7614369756589412,0.9017284161731385
ENSG00000131023,0.4843546118298091,0.7269515570364593
ENSG00000164488,0.24192082101893822,0.20329727969476902
ENSG00000164442,0.5292484669811541,0.596856468795006
ENSG00000118496,0.9334198302163015,0.8796658709912551
ENSG00000028839,0.11675262262486696,0.23146391283069068
ENSG00000170899,0.8298175436191675,0.6782507291511141
ENSG00000112494,0.9194987712502422,0.7572805431953187
ENSG00000219607,0.7102216690941324,0.3827666316411402
ENSG00000111913,0.05389492638173217,0.04077260890192419
ENSG00000164465,0.053406962336200396,0.018689728847539614
ENSG00000118482,0.5147710975545897,0.8716516942277232
ENSG00000146242,0.24598511734903394,0.32313803373314726
ENSG00000189241,0.15137458000538478,0.22447715768008547
ENSG00000124789,0.9401769149624515,0.7942149765803799
ENSG00000145982,0.09663348507326831,0.04906712318499297
ENSG00000047579,0.21622242471875455,0.10690044127645494
ENSG00000137393,0.15561378949082427,0.25586134326251453
ENSG00000168994,0.15029467722868436,0.05978374827312017
ENSG00000124535,0.9401230457824374,0.7387416391503143
ENSG00000021355,0.2562343008475739,0.0975347981905495
ENSG00000170542,0.9058849291847313,0.9670923010067026
ENSG00000124570,0.11051233597123825,0.06481771218151665
ENSG00000137274,0.47387117296571557,0.6023219409803832
ENSG00000112294,0.7350495662168116,0.6907043748802248
ENSG00000111802,0.39654179901017605,0.6500941496736528
ENSG00000112304,0.6668152167108153,0.6706383415970595
ENSG00000145979,0.3195712128197749,0.5133350298280683
ENSG00000112425,0.9060530784976125,0.5750844594114455
ENSG00000112367,0.382927867904297,0.4168682843203093
ENSG00000137198,0.9934022394235161,0.6728356976954111
ENSG00000213886,0.6953817168940435,0.7589918218719589
ENSG00000204642,0.6907300946255874,0.9448929639667374
ENSG00000111845,0.3494411362007108,0.4179961832927471
ENSG00000111843,0.12143260734255314,0.1419622447672801
ENSG00000137210,0.013945319941409675,0.02654029775229508
ENSG00000146457,0.19815011732649648,0.5559547762427685
ENSG00000120437,0.6963066296922311,0.9948579228451921
ENSG00000120438,0.24801232338549392,0.4107581402071244
ENSG00000112110,0.24033322012626085,0.40160409649817275
ENSG00000146453,0.3771083872736739,0.1286625088946668
ENSG00000146223,0.3829222096367706,0.5060689973163043
ENSG00000221821,0.11191705926335949,0.0450079988477889
ENSG00000124587,0.951439406506157,0.9376638122554837
ENSG00000112640,0.7422370158115401,0.8043382455536944
ENSG00000124733,0.6861750969001832,0.5641077320987525
ENSG00000124541,0.9102027472346024,0.8541077475090048
ENSG00000137171,0.18672027498731006,0.10257971483036732
ENSG00000112651,0.928267088232762,0.8707055559422875
ENSG00000112655,0.9443574540243042,0.8492525529013921
ENSG00000112658,0.7941707704580577,0.6669988835909977
ENSG00000112659,0.0023833505246678107,0.0024909079117861384
ENSG00000112667,0.35213655751696893,0.5481451015547996
ENSG00000256980,0.18961964112456478,0.18332872500794004
ENSG00000048544,0.16894662844763653,0.07930707881062819
ENSG00000112297,0.4690677766777549,0.3049329556058705
ENSG00000130347,0.4089308853587229,0.5408925249659677
ENSG00000130348,0.3934827424419164,0.6179122581071256
ENSG00000123505,0.7878888361992736,0.596686872774822
ENSG00000155115,0.5331761963646631,0.38131715477658823
ENSG00000197498,0.0024891172629802638,0.006200173092862732
ENSG00000029639,0.599262007024173,0.837620039734115
ENSG00000213780,0.16235580384594434,0.1894370462301827
ENSG00000204544,0.4086260605386093,0.6268818341560335
ENSG00000204542,0.7203150140659491,0.5111738400561202
ENSG00000204539,0.30541859531147525,0.611317604806079
ENSG00000204538,0.75137284130796,0.9773980311542634
ENSG00000137411,0.500999889778879,0.5651762659511935
ENSG00000198818,0.015330152920818126,0.025652018196136214
ENSG00000060762,0.650405656934105,0.36800013115718033
ENSG00000124532,0.6360557157031894,0.6099545434398652
ENSG00000178409,0.6096726701504114,0.3606446126140037
ENSG00000085377,0.04109785016208798,0.06944311250248722
ENSG00000213079,0.9788995153143834,0.8607544328311973
ENSG00000112144,0.40566203469350726,0.16290014209103543
ENSG00000203760,0.8052401314898163,0.5152113811028488
ENSG00000164484,0.927586360896861,0.5979165788568384
ENSG00000135597,0.9863911858883478,0.7155923568276367
ENSG00000112584,0.10905366852685681,0.15633708936160162
ENSG00000096060,0.9457772440939194,0.6675588871262654
ENSG00000111863,0.16132535398104422,0.13217149299860695
ENSG00000214113,0.2541539956663684,0.08397031590603445
ENSG00000124785,0.391024305558594,0.7025314803890924
ENSG00000124491,0.1418074836848359,0.23583478561501012
ENSG00000024862,0.8628511129383472,0.49439459127409935
ENSG00000243955,0.6259693412077768,0.971227143058912
ENSG00000112343,0.4578280457123831,0.5206298766045714
ENSG00000187837,0.9141072947672351,0.7687442411169167
ENSG00000168298,0.530334901805882,0.9863623332537786
ENSG00000198563,0.8222723155331485,0.7680920545646476
ENSG00000227507,0.004937843323987529,0.01734970505303114
ENSG00000204482,0.11340897497459769,0.05561919523592085
ENSG00000204472,0.8263427939846743,0.6922704450569603
ENSG00000204439,0.11107518390217903,0.14154957369082274
ENSG00000204438,0.03760531110874166,0.030247933749499235
ENSG00000204427,0.9709545187306975,0.9678915672539169
ENSG00000204421,0.07407933727928814,0.04450389404506718
ENSG00000213722,0.08337199869741176,0.12557246082529036
ENSG00000024048,0.42195214902254174,0.5428006457515457
ENSG00000124659,0.2248331796465645,0.1918865527297614
ENSG00000112357,0.3333764902571127,0.3184623506610894
ENSG00000242574,0.16228789600789573,0.09102488276247962
ENSG00000204257,0.24831154869670963,0.26844704236971106
ENSG00000180992,0.3165181490014782,0.5191924202586313
ENSG00000137216,0.37190738723773287,0.35381989652915524
ENSG00000171453,0.8349051792463351,0.8379096316691932
ENSG00000137207,0.7442054949437467,0.992709380504748
ENSG00000124571,0.16623994861103955,0.3494676433520333
ENSG00000170734,0.15943203248724588,0.10590455902968468
ENSG00000172432,0.3463805531271986,0.45157153637957403
ENSG00000124688,0.3614878366410508,0.6073064829004617
ENSG00000137218,0.09084622556273275,0.03370591308287446
ENSG00000156508,0.2842876732181502,0.47321754882308453
ENSG00000204394,0.332328865718522,0.3973705499545144
ENSG00000204392,0.9397692001886376,0.8185345345767668
ENSG00000204389,0.6642644055542352,0.5115843044106605
ENSG00000204388,0.5099804560068234,0.6234983436975452
ENSG00000204435,0.8694781263025955,0.9777457742406885
ENSG00000197081,0.801972451327867,0.9040005481621181
ENSG00000175003,0.12888599556988914,0.1571160517403171
ENSG00000112561,0.71583389743876,0.5451816714963679
ENSG00000135316,0.24076375261010055,0.17748201243260375
ENSG00000204592,0.8953542467064839,0.9691160676853322
ENSG00000204569,0.22391739824338733,0.104755516894183
ENSG00000204568,0.28000781934590036,0.419148934439716
ENSG00000204564,0.5890217501391768,0.311012371418069
ENSG00000204560,0.32658672145863765,0.6142958794480735
ENSG00000204574,0.9583730902790034,0.7920832973791723
ENSG00000082269,0.6525902223112166,0.501806126643746
ENSG00000183137,0.12902964458526867,0.1520439153489667
ENSG00000124786,0.5467601173802479,0.42864651051553004
ENSG00000047936,0.3548476145475017,0.556392807249106
ENSG00000214736,0.29616873991181397,0.3426710260144182
ENSG00000152894,0.2736948911976648,0.45309949572184305
ENSG00000096006,0.03298819084093437,0.04762029441277769
ENSG00000120254,0.08437786507561656,0.1066676598760251
ENSG00000096080,0.315127918580589,0.6154767113028234
ENSG00000112146,0.2788330625815508,0.19276197546471377
ENSG00000137203,0.6477933638327297,0.8867619971961592
ENSG00000112782,0.8818810579974763,0.6946938705015865
ENSG00000137275,0.7676683624186633,0.901029123094797
ENSG00000225921,0.9039638632942572,0.9690134626454423
ENSG00000010017,0.38456300370257235,0.2854049726763592
ENSG00000130340,0.20881214231891598,0.2934838098811535
ENSG00000078269,0.8599266429314947,0.8154734890960592
ENSG00000156711,0.6997141328412717,0.6571977865244861
ENSG00000096070,0.3607094635841216,0.24981976238227396
ENSG00000010030,0.3204482809742219,0.5175511950076659
ENSG00000137200,0.9227071354318797,0.7882700492029526
ENSG00000198937,0.8213154923109893,0.9991035653475091
ENSG00000112139,0.8007244507667723,0.813063667232593
ENSG00000124523,0.5005960785966563,0.6965026218823169
ENSG00000180316,0.21325818440103514,0.34853799139638275
ENSG00000232629,0.08778195574898345,0.1281991708241424
ENSG00000241106,0.015095982778009453,0.01567876799433811
ENSG00000250264,0.13751379746241535,0.1516160477278496
ENSG00000240065,0.7987309219837461,0.5109202330431262
ENSG00000164430,0.5382743341637105,0.3611992290315791
ENSG00000010704,0.13846460299711985,0.24956221736134568
ENSG00000135541,0.28520286451208005,0.09236388006738144
ENSG00000135334,0.04405517514625776,0.0535735669415315
ENSG00000135336,0.7568159116322063,0.854228260204435
ENSG00000112308,0.21498825584560158,0.4353865269921292
ENSG00000112312,0.5438290623567211,0.6311525406777612
ENSG00000182952,0.2820735115955585,0.5581734684468544
ENSG00000278677,0.3290261938484569,0.553106684018684
ENSG00000274641,0.9804596113887502,0.6832186701091605
ENSG00000066379,0.139523071773042,0.07402139956797506
ENSG00000204619,0.8918969257537549,0.8842257445232669
ENSG00000204385,0.1463960295733347,0.10204010898622508
ENSG00000213676,0.12494525463438225,0.13496106524593768
ENSG00000204315,0.9832858827684477,0.8377550627250421
ENSG00000221988,0.8108848275691171,0.6792701412850226
ENSG00000204310,0.5324961793902472,0.3171305828953441
ENSG00000204308,0.5990037511817867,0.8248995609371582
ENSG00000204304,0.9970880587037892,0.8419497974603367
ENSG00000213654,0.09604244347064957,0.08194492350889063
ENSG00000204287,0.30213895164359794,0.17118906593526248
ENSG00000146112,0.6928625087326092,0.5132830536690423
ENSG00000196230,0.7783044571854991,0.7020166716821301
ENSG00000137312,0.11837050739060848,0.24155482997436473
ENSG00000137331,0.6911206852035805,0.7460133988786906
ENSG00000137285,0.1837355482495443,0.2544410595287167
ENSG00000180822,0.776752228082482,0.5594540111691256
ENSG00000137266,0.15844132969278454,0.3515185107844305
ENSG00000137267,0.47512436195789487,0.9711054282233558
ENSG00000111799,0.7512573872816632,0.7693319061414687
ENSG00000112697,0.9614629221975364,0.7019954246909268
ENSG00000146197,0.5290458389557965,0.14293301744405573
ENSG00000065029,0.3641701775705284,0.24552526590963444
ENSG00000112033,0.4369093988883631,0.516237163866021
ENSG00000198755,0.2877510765817177,0.7506439325602616
ENSG00000007866,0.8826450139184422,0.9706864959402219
ENSG00000130363,0.21888405633775962,0.26859720761652867
ENSG00000164691,0.022629858785033242,0.020643451851175533
ENSG00000146267,0.3380368960355041,0.13078910740640123
ENSG00000132423,0.15286022339238284,0.17677197386443996
ENSG00000132424,0.2348148166469216,0.18127092443425025
ENSG00000123552,0.12059135236881895,0.26092215122118056
ENSG00000112237,0.020595534827573966,0.032557464220610344
ENSG00000153291,0.35906523388442524,0.41771131735472156
ENSG00000146070,0.5937674502112755,0.29935146351298264
ENSG00000069122,0.3147787165075848,0.24352451609644585
ENSG00000204356,0.3851067556833422,0.5393515343154434
ENSG00000204348,0.10824587880394028,0.07762617069244121
ENSG00000224389,0.49578418208744035,0.4737408585914731
ENSG00000180573,0.7898471311741924,0.877660780015427
ENSG00000282988,0.6420330310734601,0.7506356395860692
ENSG00000197409,0.03766840847924131,0.036713326525384296
ENSG00000186470,0.5318708024385708,0.7599626961171971
ENSG00000124508,0.6002579065350618,0.510133928178776
ENSG00000026950,0.7402213460396991,0.8529161127521482
ENSG00000111801,0.5879561030603171,0.8149959535950821
ENSG00000111875,0.4597252537121568,0.7528595698998157
ENSG00000111877,0.8627120423154809,0.7268184584989437
ENSG00000135297,0.48265374616981216,0.48624125476282765
ENSG00000124588,0.9324443989079518,0.9814785833860411
ENSG00000151917,0.8547090291569743,0.9238758755988354
ENSG00000168116,0.8325381120589188,0.9785060112451289
ENSG00000197062,0.08145577698317587,0.06049094755052907
ENSG00000164674,0.26436700561930465,0.24290365765046695
ENSG00000186340,0.8404551333020809,0.9616423757850584
ENSG00000124701,0.12373365813547307,0.12036286981236648
ENSG00000204520,0.006788565458534674,0.005125397749136098
ENSG00000112739,0.007561445725827868,0.007434096495055296
ENSG00000198721,0.07578743294654824,0.07356585892122312
ENSG00000026297,0.9692718718005362,0.572143925174845
ENSG00000181472,0.5373787783613282,0.989519825830423
ENSG00000155906,0.16411599021750162,0.4635148823273707
ENSG00000146476,0.14959015764291508,0.11468329868738796
ENSG00000118523,0.235728118740258,0.46135031272925986
ENSG00000118518,0.31008066024734915,0.14416970300818852
ENSG00000198315,0.20021823117259688,0.08463958943087205
ENSG00000204252,0.5581698600145927,0.49929268698740037
ENSG00000223865,0.37438496599356297,0.4167383197847977
ENSG00000204231,0.09371327657571894,0.10317372422266564
ENSG00000204228,0.47233861827671375,0.6340414664976856
ENSG00000204227,0.9409553251810733,0.9205982705659603
ENSG00000223501,0.6113679734750622,0.5826726763202617
ENSG00000231500,0.5057412155620495,0.9152846461977798
ENSG00000227057,0.1253048853190141,0.1882249967100727
ENSG00000204220,0.16688991083901758,0.2318282046481192
ENSG00000237441,0.7073431698579693,0.606938255101841
ENSG00000236104,0.6994719551883044,0.6492908471303469
ENSG00000197594,0.9218293215939649,0.310321547193671
ENSG00000237649,0.9570760727054897,0.9781432162513305
ENSG00000112511,0.27027302190779695,0.20689808043531677
ENSG00000112514,0.738121505533113,0.8609419455250159
ENSG00000197283,0.15654729786530816,0.06003606549987434
ENSG00000213588,0.8164291982825264,0.5067701847756076
ENSG00000120253,0.7104615757076946,0.9956268464394711
ENSG00000120256,0.03494737945994212,0.015823451557226254
ENSG00000203722,0.5699701385418159,0.1832799876187421
ENSG00000131015,0.06355797466179579,0.03689310837837662
ENSG00000135317,0.012373232108726616,0.010531388064074625
ENSG00000124788,0.2024955353805231,0.152064136793925
ENSG00000096696,0.36615524832179813,0.5826671359112165
ENSG00000168566,0.8338871940307245,0.8108833753188347
ENSG00000112578,0.41647384018812095,0.4927911415792028
ENSG00000112576,0.9739615041789011,0.8818326679397284
ENSG00000001167,0.5441596779285454,0.42073922728540414
ENSG00000204618,0.04057027399135638,0.040367488357065086
ENSG00000146373,0.20781732691924482,0.3922086499732068
ENSG00000204580,0.9647397715828486,0.9815232066126405
ENSG00000235109,0.3403719299688557,0.23283550055861
ENSG00000135525,0.5796169006894971,0.7535363958146031
ENSG00000016402,0.016848339358774212,0.014686076347432452
ENSG00000118515,0.8405595261873605,0.7142695709843984
ENSG00000204590,0.6794271594101274,0.241444456485289
ENSG00000172469,0.23751853123414457,0.3214417693605322
ENSG00000135318,0.016489746427429376,0.012588747151615585
ENSG00000137338,0.2344277311812808,0.15397886551225898
ENSG00000137404,0.4098892104602243,0.44297570047400703
ENSG00000155085,0.41554751181819694,0.2666615582285269
ENSG00000274750,0.5264622558423517,0.29412442964534397
ENSG00000112245,0.04471735755646933,0.03010300413588193
ENSG00000158691,0.20758411922614367,0.08848842625876924
ENSG00000146433,0.12282961432438931,0.3043363618223076
ENSG00000014123,0.47214269213744486,0.36614111927809934
ENSG00000122335,0.38257227540820127,0.2507983977100141
ENSG00000272047,0.024541516239593542,0.03262812319571325
ENSG00000185760,0.8755740075642178,0.4332859377902366
ENSG00000241370,0.17282844112771045,0.3264284421346989
ENSG00000276368,0.9053989609816788,0.8606800863645486
ENSG00000273542,0.02404422979559372,0.10823472229739368
ENSG00000112799,0.6131230599349399,0.37653844123117397
ENSG00000278828,0.33910955747702853,0.6433310291758563
ENSG00000204525,0.9918963277897613,0.7591027247167557
ENSG00000204632,0.5332766258464872,0.7915052471194708
ENSG00000146376,0.20769800497242502,0.2764064686299196
ENSG00000231389,0.5664401142242254,0.5064015276544775
ENSG00000198502,0.033062007059047646,0.04236332456034825
ENSG00000196735,0.21836405733533223,0.4779627672679211
ENSG00000179344,0.660744312550898,0.9998324929963209
ENSG00000196569,0.6139925824028526,0.36158349519971866
ENSG00000196586,0.3520534121395835,0.23838044410479373
ENSG00000137337,0.9428853069859965,0.8046915135757888
ENSG00000112592,0.2448194137860427,0.40094886996081935
ENSG00000111961,0.3761175741817969,0.4126955598892389
ENSG00000112242,0.4791281071010507,0.2944420873173329
ENSG00000030110,0.0896274419701046,0.02246221072352247
ENSG00000172348,0.7645952960169912,0.611942821886855
ENSG00000124782,0.20990015843977197,0.21142235623841113
ENSG00000112761,0.6990033997733005,0.7973422400460588
ENSG00000204531,0.12758419090067785,0.03412733651100606
ENSG00000112562,0.9606107876584268,0.28270044390988075
ENSG00000112394,0.44842780743226074,0.765143412024669
ENSG00000137161,0.4550692239267068,0.17189376116929972
ENSG00000124702,0.5224023896354665,0.24858794966125594
ENSG00000118513,0.04106685604269469,0.016692131477199338
ENSG00000092820,0.011002788399350137,0.020697689949264762
ENSG00000111846,0.9822856299756886,0.6150485972824924
ENSG00000091831,0.0048707923285228015,0.005489191041428041
ENSG00000118495,0.9275488576185996,0.6674366849735102
ENSG00000124641,0.8427306643603208,0.9911149385916126
ENSG00000135540,0.9708762247937976,0.5636240438678962
ENSG00000197261,0.12399405542336449,0.345532339084045
ENSG00000112624,0.03155671957496465,0.024431040775851502
ENSG00000196747,0.33980730946956555,0.6937712692577296
ENSG00000273802,0.790440993978698,0.6116652117121324
ENSG00000275713,0.08285812061001771,0.3185383642015326
ENSG00000180596,0.8937295428733802,0.7636464894970076
ENSG00000158373,0.5164245686685449,0.6987640722115982
ENSG00000120279,0.44672860584034413,0.5461147856434592
ENSG00000164663,0.0022753573081428537,0.0004968398363754744
ENSG00000197279,0.12015606949463804,0.16989203251608606
ENSG00000044090,0.3544573114012771,0.2833570617022642
ENSG00000153294,0.47838969467580783,0.23608207745499105
ENSG00000196812,0.05280735249191147,0.012779775537931288
ENSG00000137185,0.1045827134644773,0.043880938894892696
ENSG00000187626,0.09682256186648942,0.052638027784714166
ENSG00000124635,0.5348610295633823,0.3091525691209243
ENSG00000196787,0.06287599045047833,0.16920861498548936
ENSG00000276180,0.4223196800569896,0.6945408480917432
ENSG00000197903,0.31123656331723704,0.46458857433568745
ENSG00000112812,0.21193161891484175,0.18465377054875362
ENSG00000124613,0.6968408313079351,0.683545067658371
ENSG00000096654,0.4409946633770808,0.23790444249650827
ENSG00000137413,0.2785826186744632,0.07667841248666019
ENSG00000064995,0.8348476140998242,0.5436569693271582
ENSG00000111850,0.30268821026500126,0.8391978239337925
ENSG00000164414,0.27769640701761067,0.3524195688647963
ENSG00000146282,0.25166249252833567,0.40441034136278586
ENSG00000146414,0.28305794423263003,0.08899789201703047
ENSG00000164520,0.41943387210309,0.7591789631859787
ENSG00000112186,0.07042950237335598,0.06586637094541786
ENSG00000137414,0.5276885554493593,0.45491396480764656
ENSG00000112137,0.3698483439066744,0.17575371113694158
ENSG00000112559,0.5787264744203416,0.9711814010078489
ENSG00000050393,0.398664326137684,0.233816886690367
ENSG00000112419,0.9048454828549807,0.9336084152973495
ENSG00000204536,0.2873687364594207,0.28957366666198764
ENSG00000204463,0.5461029474206771,0.548854540853725
ENSG00000080546,0.018808322310744557,0.033838016792580236
ENSG00000112486,0.0003089118358157749,0.0013081950951728447
ENSG00000124762,0.8662135908892188,0.7355210315720595
ENSG00000137168,0.02481153486715443,0.030459695306001462
ENSG00000198663,0.5763421877466192,0.7015118884318223
ENSG00000164530,0.31982163620827003,0.416336541293167
ENSG00000137409,0.4284789110436199,0.8775827212828418
ENSG00000137193,0.6544760109471937,0.5467066162320942
ENSG00000124496,0.08223546394159306,0.12982957969099185
ENSG00000112299,0.1224467956461175,0.06452706985881702
ENSG00000112303,0.04340084063431884,0.042837748883788766
ENSG00000188112,0.4171475456702457,0.7514867774923217
ENSG00000213719,0.27494053127810675,0.2837683785434911
ENSG00000120278,0.10732781673095461,0.06645731993692583
ENSG00000234745,0.1271930437194121,0.2035058740495593
ENSG00000111897,0.07534078087696743,0.16446824898432305
ENSG00000135549,0.21870995506434204,0.11675989426405815
ENSG00000096063,0.6267097426122601,0.9894969934847032
ENSG00000189298,0.09590643345276824,0.02901519788860977
ENSG00000112679,0.7994534023029058,0.959729668107217
ENSG00000137265,0.00022406116819538243,0.000739827467383328
ENSG00000027697,0.5590359563168192,0.8146757246292261
ENSG00000001084,0.4178215904320398,0.7795962062797389
ENSG00000204264,0.6169774755511509,0.6379001191623936
ENSG00000178033,0.46244064452469735,0.42284373492836824
ENSG00000111832,0.27640711782662736,0.5179322742154586
ENSG00000153975,0.6925387531251922,0.7802710025662611
ENSG00000196911,0.5239644419271539,0.9196735000212721
ENSG00000204351,0.45874741939456853,0.692725933198471
ENSG00000025796,0.16288904338433996,0.21911197315687536
ENSG00000146263,0.5799818665007981,0.9000573700011669
ENSG00000204498,0.7626218283895692,0.8451322114999622
ENSG00000146192,0.02015851897164781,0.032308544363505685
ENSG00000118503,0.6958608101375127,0.8635566489332329
ENSG00000169976,0.1484412703681463,0.34248169886385604
ENSG00000135604,0.4058174655481196,0.6847328482996449
ENSG00000083097,0.2139392678350174,0.17511708288677047
ENSG00000013392,0.31060222648061275,0.21293542380227753
ENSG00000168394,0.475628762471767,0.714105721724573
ENSG00000135535,0.23333197084621293,0.38640843713312345
ENSG00000135587,0.37946306704089006,0.45041140418865877
ENSG00000135596,0.0634382300797303,0.10358767577509799
ENSG00000112365,0.25714404739950675,0.13325504118887618
ENSG00000013375,0.1462180128634531,0.15592826991982778
ENSG00000243649,0.9813837742090322,0.8852816194016048
ENSG00000112473,0.9934314476215492,0.8482132188057044
ENSG00000112695,0.42607133547119314,0.7567851393487361
ENSG00000124562,0.2953845991368756,0.38690706661482466
ENSG00000065060,0.605351685139035,0.2526716892653849
ENSG00000064999,0.06668599646378663,0.05524761606131035
ENSG00000124678,0.0432594261979059,0.011305665970645308
ENSG00000096092,0.4651632178117744,0.6979022322034442
ENSG00000197442,0.10150345515180145,0.07304684592887059
ENSG00000023892,0.021085022399726476,0.02199373970797622
ENSG00000112039,0.2262134527963447,0.08009422796689838
ENSG00000112335,0.009935226874682837,0.008785341455648759
ENSG00000081087,0.1209780710577542,0.08867436753891628
ENSG00000244731,0.15384367019274958,0.12953403867780383
ENSG00000231925,0.4932957387348852,0.4036649346997654
ENSG00000056972,0.11990827954611247,0.10741723326414003
ENSG00000112118,0.6394621861928518,0.3794604613833533
ENSG00000135314,0.1034260660750062,0.2507218775369657
ENSG00000137221,0.7589673217856034,0.44434941597171485
ENSG00000196126,0.13447861620519547,0.28480138413767875
ENSG00000185127,0.08460244813524688,0.14168914926165782
ENSG00000204599,0.5581552799437424,0.3483391664770399
ENSG00000240053,0.007050483242385146,0.0029821729226745678
ENSG00000204371,0.3677839845652673,0.6745833345386681
ENSG00000277075,0.5244873847145085,0.7826636023166211
ENSG00000188994,0.49087529057121293,0.3005529544327973
ENSG00000130396,0.8028681020836066,0.6888041729696979
ENSG00000146247,0.2872357611817032,0.14969216014223766
ENSG00000083099,0.13785825649795344,0.18301589698606135
ENSG00000079691,0.949192919892388,0.8336717430860513
ENSG00000112159,0.7784370743435258,0.981103598218225
ENSG00000135341,0.4011429731941615,0.5712117491437536
ENSG00000124772,0.004033283232219908,0.0018089899764129303
ENSG00000055208,0.49785859651106446,0.6144513287327311
ENSG00000093144,0.6043592842762648,0.4705313621232684
ENSG00000224531,0.5625471529831525,0.8775574167356568
ENSG00000112167,0.6930857058782104,0.8122555464255333
ENSG00000164626,0.13614876679574078,0.23376255274751734
ENSG00000161904,0.45868079037155607,0.679366593377962
ENSG00000184530,0.052669387788934346,0.04128291337386191
ENSG00000186577,0.8150900051555663,0.6521941482434063
ENSG00000272325,0.10478215900164749,0.05098940709631416
ENSG00000137309,0.11449385354146258,0.27630732556088694
ENSG00000049618,0.2644706618738558,0.16432776794301182
ENSG00000010818,0.7685223888822732,0.46683523533205085
ENSG00000131018,0.6923803677694542,0.6246917696053353
ENSG00000270800,0.03821202042484088,0.23902945155400226
ENSG00000124614,0.33790851938032057,0.7818427578628617
ENSG00000124664,0.022905740764668753,0.009493225393385554
ENSG00000196821,0.9701074688516947,0.8336327738573815
ENSG00000137166,0.22010200101180158,0.07721501552992739
ENSG00000204267,0.14379887274902622,0.16533714879702707
ENSG00000166278,0.6533305476502786,0.4920616443363267
ENSG00000213066,0.8568872626923758,0.815202563104949
ENSG00000152818,0.4673415264881624,0.3379100484636807
ENSG00000204209,0.7639455892309182,0.8884811073790437
ENSG00000151914,0.2447575327765515,0.3827032856753211
ENSG00000112200,0.813220038207294,0.49371501886199454
ENSG00000112062,0.8076735735735766,0.7895057129827387
ENSG00000079819,0.990564883767163,0.6479784949081052
ENSG00000010810,0.16697458687426042,0.12130630872085232
ENSG00000204681,0.07469796002718858,0.034345831009903106
ENSG00000204469,0.49045961344529443,0.47120702635739353
ENSG00000118508,0.1300145449102387,0.16889557164193675
ENSG00000118418,0.9050935457834128,0.9379665828470928
ENSG00000164506,0.9552898636717447,0.9763071112184609
ENSG00000206503,0.7621879633688318,0.7241721925693525
ENSG00000204256,0.5668372075045479,0.6895788907721869
ENSG00000118507,0.7901097234229779,0.5735179081760526
ENSG00000137310,0.22235553706365607,0.2251372226197968
ENSG00000120265,0.0034146396585448516,0.004986187291024105
ENSG00000112715,0.19898518884362043,0.47531048466700865
ENSG00000141934,0.7830767259127674,0.3232757485988429
ENSG00000099812,0.49529655080100066,0.43720893223569923
ENSG00000064687,0.07492542708855014,0.06046508688331426
ENSG00000116017,0.35466197451618164,0.2729623581783361
ENSG00000064932,0.05690414896483546,0.08607574572441683
ENSG00000064666,0.8477322778655229,0.8201921311969589
ENSG00000099864,0.8429705869568882,0.7087841204224383
ENSG00000125910,9.640232829538338e-06,3.2620062224946014e-06
ENSG00000125912,0.9720486712536408,0.9187130629524322
ENSG00000011132,0.06012802732978565,0.014197425536073357
ENSG00000105289,0.010487973102392105,0.0045565076760616325
ENSG00000167476,0.7338098174370189,0.496390785605509
ENSG00000141905,0.07960508306624584,0.025785185386519367
ENSG00000031823,0.038549201287977335,0.005737648222543453
ENSG00000105248,0.02874427374394275,0.0130535098974286
ENSG00000060558,0.46696482892801294,0.7805007983455231
ENSG00000160633,0.33659989619262193,0.1369231326904492
ENSG00000105519,0.05681281029223907,0.015189529246051237
ENSG00000171105,0.059951548014793986,0.007626930406412211
ENSG00000127663,0.1906840584684634,0.0503500962876408
ENSG00000141968,0.11795097654226104,0.08594987971097559
ENSG00000105278,0.002494622192047335,0.0014258398008222368
ENSG00000174837,0.026277548333209423,0.0318694623495038
ENSG00000175691,0.34000164921558984,0.12726652706768604
ENSG00000088256,0.25097450754767436,0.09112698168600017
ENSG00000133243,0.9043672293538011,0.6048216439569669
ENSG00000007264,0.10022103123274043,0.02600148961430174
ENSG00000142347,0.036707229407215075,0.02486147160566996
ENSG00000182087,0.3721127669268699,0.28761173845375354
ENSG00000065717,0.12324961691774466,0.045734276749131136
ENSG00000183617,0.13329301291207868,0.04614710206965359
ENSG00000129932,0.033133783502123905,0.01409315915211998
ENSG00000167785,0.003603461978251807,0.0035250222905339056
ENSG00000074842,0.7823259426629305,0.4886627539806113
ENSG00000181143,0.06979702898051497,0.06297101873134292
ENSG00000065989,0.36851732744589916,0.1419974672189528
ENSG00000105401,0.9385927238868348,0.6736566618065385
ENSG00000197933,0.0005750184944361713,0.00133938232705222
ENSG00000171295,0.08255824397504447,0.12073871103301113
ENSG00000123136,0.28455396760036483,0.18078117034238567
ENSG00000123146,0.9571828146086826,0.8188850857706733
ENSG00000105137,0.23609222970162289,0.09775521013788036
ENSG00000127507,0.5289162036026616,0.7212333039931422
ENSG00000123159,0.3587670452867028,0.275032152047858
ENSG00000186204,0.05136753477604768,0.028691940880605636
ENSG00000105135,0.5406355224206988,0.3830836051562666
ENSG00000198551,0.14163022593969973,0.062468004492609176
ENSG00000160961,0.13982388029240203,0.03741808580299925
ENSG00000099330,0.5050155923727669,0.3888891059158911
ENSG00000127220,0.0499339972506888,0.015104544372102274
ENSG00000127527,0.22698441786947327,0.03778871568099045
ENSG00000130300,0.054034006740355356,0.03853952378129342
ENSG00000105141,0.9699178445419822,0.6891200577023093
ENSG00000160117,0.008314077331245565,0.002149321326839335
ENSG00000064490,0.23203517347626637,0.16183137237326972
ENSG00000130299,0.31347938149370025,0.08216154840715881
ENSG00000074855,0.009559171435450929,0.004413800452290583
ENSG00000258674,0.1036691913217383,0.0188734512726039
ENSG00000105058,0.7369227582795366,0.3284118349351656
ENSG00000105393,0.9189005970904871,0.6622204896227253
ENSG00000186010,0.6357258711371626,0.30332832583862723
ENSG00000105705,0.21011072245323273,0.18412368918405897
ENSG00000105122,0.0009186667911613743,0.0021812594366712726
ENSG00000105750,0.6568135215593609,0.6843649745765015
ENSG00000160229,0.45928297692221043,0.8627553654008323
ENSG00000105072,0.09579588272833275,0.024668857109621016
ENSG00000171954,0.6941528703989795,0.6802879180638755
ENSG00000256229,0.07279060623373032,0.08020777656516162
ENSG00000085872,0.5498284615911524,0.28778994781314066
ENSG00000160352,0.4460185390474707,0.30613812033584226
ENSG00000160161,0.6943448824844838,0.6152819484667509
ENSG00000105662,0.06756559737713205,0.009578305221283176
ENSG00000167487,0.02896921175447754,0.0021648688140134434
ENSG00000127526,0.8602512395963698,0.7221718380121551
ENSG00000064545,0.8352256852123685,0.48584170537220384
ENSG00000105676,0.11644692800486833,0.07884538184104549
ENSG00000118620,0.3342092975198773,0.18354384542976554
ENSG00000167232,0.1238625296008759,0.09038413962412861
ENSG00000186529,0.6062373685192899,0.9845629492214194
ENSG00000197372,0.9474201010522135,0.832582749960157
ENSG00000130311,0.11074646781498067,0.04394390725216262
ENSG00000064607,0.07465416392788905,0.017299300830880947
ENSG00000213999,0.0028153234352030197,0.0011229651948499147
ENSG00000196705,0.8742420458302981,0.5750810144960599
ENSG00000182141,0.020825527483504806,0.017888177950680616
ENSG00000121297,0.494629163745805,0.6292626651891731
ENSG00000130304,0.1557521609061924,0.059897397586689424
ENSG00000126249,0.5182581576479903,0.9533642808353844
ENSG00000161249,0.5321601973482089,0.395244771775221
ENSG00000142279,0.5635254897305135,0.5365687986349184
ENSG00000196357,0.2769883848124942,0.11144063712352757
ENSG00000161558,0.7058389619384873,0.46087827912828716
ENSG00000237440,0.027877009288728452,0.012048391523047415
ENSG00000204920,0.3326090965345151,0.15463417223249928
ENSG00000167637,0.3502496714009161,0.2134535041789725
ENSG00000105176,0.6272928727717105,0.7725033571388961
ENSG00000159882,0.4430506927554383,0.2409386018445789
ENSG00000124459,0.5861649679332389,0.39759968075935337
ENSG00000131116,0.5861873295572486,0.2732719001901807
ENSG00000159885,0.7739669957075275,0.6055531838883365
ENSG00000131941,0.04754730611190377,0.16191714337098237
ENSG00000269858,0.282056394513539,0.09538455880506409
ENSG00000105767,0.06214070456602023,0.021308556246968202
ENSG00000105738,0.35281205897893697,0.1893974774308103
ENSG00000168813,0.655918059682453,0.23545104066843137
ENSG00000011422,0.10321310167281669,0.27775606773473505
ENSG00000178904,0.16700634506876835,0.09351188709020054
ENSG00000105771,0.6292127338678202,0.26995678535998563
ENSG00000099326,0.060582338898828275,0.013539372725151036
ENSG00000189114,0.7767584740914202,0.3950726312391051
ENSG00000186230,0.24499376812752832,0.12135630590495392
ENSG00000161281,0.34820474072852503,0.3642446708146564
ENSG00000134830,0.047874051434105475,0.03760358817149345
ENSG00000105220,0.025148963972689686,0.13011709596542398
ENSG00000104879,0.018506337140914448,0.025170046674373326
ENSG00000126261,0.1044512829372876,0.3510581970907485
ENSG00000197050,0.3358083496365954,0.261367131704983
ENSG00000159871,0.2649261823260585,0.4982338696688201
ENSG00000188508,0.47541416605806486,0.5307009519208745
ENSG00000083828,0.792310490852194,0.8126057640110405
ENSG00000159917,0.45105208823375875,0.25549262758409313
ENSG00000171606,0.47403211834390246,0.4454519168395402
ENSG00000105173,0.7905966155554763,0.6472907345969734
ENSG00000243137,0.3774234899526957,0.2987351128850493
ENSG00000083844,0.53174978992048,0.4708978961692678
ENSG00000161243,0.1652074347306425,0.11006498873958759
ENSG00000121289,0.8259553769691301,0.5486517713597525
ENSG00000204524,0.4959534012640181,0.19087892521327038
ENSG00000204936,0.03699674297460233,0.04131550578132395
ENSG00000167578,0.3124770682507885,0.1819091426718212
ENSG00000105063,0.5448453226160328,0.8248566716787338
ENSG00000197714,0.6832132027227924,0.8514616022038701
ENSG00000133265,0.7325637740120681,0.7670335066366135
ENSG00000178229,0.872813466007608,0.8816564962391772
ENSG00000169021,0.17160790455436323,0.561306331876993
ENSG00000063127,0.21221791705543144,0.044547320936898054
ENSG00000160469,0.8327000598657359,0.6040907555828636
ENSG00000256060,0.04057599086414406,0.04558056409211506
ENSG00000197405,0.5923215439833545,0.7517454972496306
ENSG00000125503,0.3562796475243094,0.1680649061018365
ENSG00000104894,0.045893717617811504,0.0306990538473629
ENSG00000254901,0.06270858777721723,0.0540834623577706
ENSG00000188785,0.431060692337368,0.38804393921634717
ENSG00000012124,0.010870679112686774,0.007409379688093682
ENSG00000129990,0.37849810573167797,0.6638267790819703
ENSG00000104866,0.6705972116498002,0.9835577981139569
ENSG00000080031,0.7343219981070154,0.9065697731021714
ENSG00000105171,0.4765815857716873,0.7734732979688798
ENSG00000181035,0.104013532315286,0.042256097973817366
ENSG00000180089,0.6529516828597997,0.6308523603107777
ENSG00000183760,0.2564640842054535,0.3885739188288396
ENSG00000188505,0.1235450776170602,0.17294353929495515
ENSG00000130755,0.019994285787996755,0.01842658172073838
ENSG00000006712,0.493896549064322,0.9688340453004534
ENSG00000063322,0.41338812378922374,0.8250891852648207
ENSG00000128016,0.9162527393955118,0.991075095979749
ENSG00000090924,0.03142208996417397,0.009163479397169263
ENSG00000105193,0.33180414919209983,0.7797306046583538
ENSG00000196235,0.5402892350834394,0.9869268562583376
ENSG00000105197,0.16824581941808203,0.5852582054400272
ENSG00000176396,0.3156486435901557,0.6714974778291573
ENSG00000182013,0.3689415929087495,0.195244537099116
ENSG00000160014,0.027062160718653538,0.044877020876597944
ENSG00000160013,0.007933053914015543,0.003288560306839825
ENSG00000197380,0.9837605275563365,0.5110284119695869
ENSG00000128011,0.8545184281352013,0.619741673854654
ENSG00000130545,0.16726967518097285,0.03457479375297067
ENSG00000205744,0.004625305850100965,0.005406960373363986
ENSG00000104833,0.30394941168990597,0.10321056472157922
ENSG00000125657,0.8203018473273948,0.8739723740750057
ENSG00000125726,0.5574202792646902,0.6970077776999535
ENSG00000125733,0.43967408153807186,0.26974535850288595
ENSG00000125731,0.9290930258570443,0.9524540638073382
ENSG00000125755,0.8130128455099549,0.47395108596768243
ENSG00000170604,0.17805083555709972,0.022818841191064223
ENSG00000176182,0.42212396003998665,0.09269821734515887
ENSG00000104983,0.11936281368812032,0.1325945274820965
ENSG00000188624,0.3747508622352065,0.47613514320421246
ENSG00000185800,0.7770434288862476,0.7376443346678578
ENSG00000130818,0.006270823476544203,0.004490648203444666
ENSG00000171469,0.16678875875956997,0.1791528213065665
ENSG00000171466,0.030349283745964965,0.01981811489618817
ENSG00000127452,0.1598906869764811,0.05544253061678217
ENSG00000024422,0.11965824360783352,0.09178532953284008
ENSG00000105373,0.41723142378423617,0.15918465913574717
ENSG00000178935,0.02596275583294885,0.012688135178640033
ENSG00000268750,0.39761069406266625,0.2437571980801636
ENSG00000269343,0.8191390857620977,0.5863055382304296
ENSG00000198466,0.2448445355941955,0.1405082482290056
ENSG00000173480,0.015685964143024197,0.00862766499361163
ENSG00000152454,0.6407041463501919,0.6176806141113997
ENSG00000104951,0.18238330907328704,0.08785276473987454
ENSG00000105053,0.8774984457228302,0.5828729233199477
ENSG00000142528,0.06764394116241171,0.01908628685043032
ENSG00000167748,0.721150176477539,0.7704671253207798
ENSG00000142065,0.022774263009229842,0.0024260036002863306
ENSG00000254004,0.06636821227546659,0.02384800068876603
ENSG00000186020,0.20634042239139525,0.17308273547992856
ENSG00000130164,0.23212844162512195,0.23487834996219742
ENSG00000197019,0.5484101046038351,0.8366971018705387
ENSG00000167565,0.28666463945755716,0.7172937904918787
ENSG00000074219,0.9713376863222222,0.5347364751416382
ENSG00000167646,0.6454637048967141,0.49140501835263917
ENSG00000161677,0.6742670848904431,0.6015202953004286
ENSG00000196081,0.09651806794549488,0.06569436911122696
ENSG00000012061,0.3518653402833857,0.8382058138072296
ENSG00000123143,0.5985457744106344,0.1591408839058502
ENSG00000198521,0.007284284199841296,0.0041291341852081895
ENSG00000105085,0.12526452097035629,0.047963695226397283
ENSG00000127445,0.04474644553138061,0.011136110809473094
ENSG00000073050,0.35086450692203797,0.11630442569918228
ENSG00000127528,0.008768234180346215,0.004946767683308304
ENSG00000065268,0.9668061361513345,0.5438333851606942
ENSG00000184162,0.1797715578215667,0.043356871326667594
ENSG00000142453,0.5983085018781711,0.4206899502158812
ENSG00000105227,0.7286825019493909,0.3454747207985761
ENSG00000105552,0.7653715607419267,0.7127229811021066
ENSG00000087076,0.5201565749600612,0.17922913602406293
ENSG00000104808,0.8392129016221104,0.7472109971240131
ENSG00000087086,0.13837783533122539,0.44476812599593407
ENSG00000196967,0.7290384729352667,0.7474679628740233
ENSG00000245680,0.9653307881015137,0.8462156316094833
ENSG00000180884,0.12254931914651124,0.05381137652440322
ENSG00000285526,0.04899860245989966,0.015825906252538133
ENSG00000153902,0.07727651372635558,0.022177336879603382
ENSG00000089327,0.12726563425158746,0.07286566784436269
ENSG00000179115,0.6964809562180723,0.9330832466429398
ENSG00000179262,0.2098696986373788,0.65966034089543
ENSG00000179271,0.9543926603412064,0.8281827412461029
ENSG00000180061,0.9020211930759686,0.6243033667225197
ENSG00000133247,0.10571344374473408,0.03905748023259736
ENSG00000160471,0.03165028349258868,0.026039357223144162
ENSG00000095752,0.9423303717477378,0.8866711423536375
ENSG00000160472,0.05103948381393721,0.013649687813571775
ENSG00000233493,0.7925305079696343,0.395613707417077
ENSG00000108107,0.07389635219537918,0.22369826984457272
ENSG00000108106,0.24055259597384843,0.5769221187125174
ENSG00000063241,0.6408280039983785,0.26889449724124753
ENSG00000197483,0.4008053275980833,0.09814061369975477
ENSG00000090971,0.373678624121231,0.9149173011783353
ENSG00000179954,0.37605356082943087,0.19024796814379413
ENSG00000218891,0.3981427831392894,0.9022353791515728
ENSG00000179943,0.41030707900539554,0.1950208889557834
ENSG00000171443,0.5192600621672931,0.22200505072670712
ENSG00000179922,0.1863510507789152,0.10503988214710287
ENSG00000213015,0.5867350902005712,0.13706944770995227
ENSG00000171425,0.3227019485069156,0.897521105413082
ENSG00000173581,0.5680765891800755,0.11939793319652399
ENSG00000063245,0.9095856770179493,0.8688499001650141
ENSG00000130005,0.9561883769086715,0.6395112049368055
ENSG00000071626,0.8643815395144769,0.6376401898437984
ENSG00000119559,0.020299559430754895,0.01249542027679106
ENSG00000071655,0.007551060936203941,0.007719299008905077
ENSG00000013275,0.35395732030701677,0.8128881437668667
ENSG00000196110,0.33745605223832836,0.38543657536179565
ENSG00000080573,0.31765572632861516,0.23762555791039702
ENSG00000130813,0.4367881516772826,0.5009657256106119
ENSG00000243207,0.040019324376560576,0.017839577486550726
ENSG00000130810,0.12384136153233759,0.05461653097115889
ENSG00000244165,0.02117287100988787,0.0042972764572912535
ENSG00000130811,0.13873399295971123,0.048381041825913865
ENSG00000267534,0.06848394404321337,0.023119298268433123
ENSG00000105364,0.282665326168538,0.0910390212347083
ENSG00000090339,0.9173339605064206,0.8613102369493548
ENSG00000105371,0.1448184926389335,0.09714313085111398
ENSG00000213020,0.94191098478175,0.9093262977566499
ENSG00000198538,0.87570358416197,0.7876576441615001
ENSG00000152439,0.7850020915875003,0.8215847464659958
ENSG00000121406,0.9259652824758868,0.8687544503099207
ENSG00000083817,0.4848078217554933,0.6690111733757849
ENSG00000213762,0.011122330414966925,0.027208954016562086
ENSG00000121417,0.8367739648888536,0.8797731287550282
ENSG00000196437,0.1622205253079626,0.16007410188433505
ENSG00000180479,0.33429807028551567,0.26829622750578885
ENSG00000198182,0.24171635589387852,0.2853940178223098
ENSG00000167600,0.715127273914256,0.8802843470663653
ENSG00000167601,0.20158346426296936,0.40491324383104277
ENSG00000142039,0.07472488455107557,0.045254874894825894
ENSG00000142046,0.9776112066183781,0.7109855276135343
ENSG00000123810,0.038748363339194736,0.015352203820825007
ENSG00000248098,0.2935027410657044,0.0621879990204993
ENSG00000254521,0.4984756706439937,0.6348878152792397
ENSG00000105497,0.16020989612791098,0.08100435847109062
ENSG00000105509,0.30714328768751026,0.5245991028765414
ENSG00000171049,0.680748035530691,0.38895715945081144
ENSG00000187474,0.9387798778545005,0.7050239356836421
ENSG00000096996,0.01759040276601997,0.03203287685410215
ENSG00000105647,0.7057476987259288,0.662996052777726
ENSG00000216490,0.3892984198916747,0.25652020261094927
ENSG00000254858,0.6330521189300496,0.4152552739325792
ENSG00000105649,0.43179957152883,0.1305094942942201
ENSG00000130522,0.09323241504667482,0.038456771712238644
ENSG00000130520,0.616782835102857,0.3304071572052848
ENSG00000130517,0.031606305207051905,0.008013833273540797
ENSG00000175489,0.7511697762796683,0.5514148355036945
ENSG00000130511,0.15310033417612978,0.03238883899163437
ENSG00000105655,0.6690568637023301,0.26009606379433187
ENSG00000010361,0.19352610819926158,0.039341259824828015
ENSG00000039650,0.9075311912963223,0.6168145490860089
ENSG00000104973,0.1536635155006348,0.041614008755843694
ENSG00000178078,0.0034220151024089004,0.0016058629995960559
ENSG00000204673,0.7808569795870149,0.9840213999797915
ENSG00000130733,0.5162739864127147,0.38308360942574027
ENSG00000105341,0.7888031907872167,0.41083585699310465
ENSG00000266964,0.26796500406849094,0.35425630453948387
ENSG00000198258,0.47719313156899834,0.27380387464044725
ENSG00000072958,0.2976698062475289,0.3888699033261197
ENSG00000115268,0.34239691509621006,0.1630694701111445
ENSG00000007255,0.8536462224169687,0.5060892247997215
ENSG00000168661,0.182661577822509,0.08346346854129769
ENSG00000166398,0.3924243523507891,0.2403437454333625
ENSG00000131845,0.5323621325164712,0.4987474602922114
ENSG00000213096,0.33921453271221663,0.4405707080761523
ENSG00000197951,0.11543536612807513,0.08977751381942894
ENSG00000126246,0.0018840944034210537,0.0014542382693083758
ENSG00000161265,0.6937709326416326,0.7960769996218267
ENSG00000205155,0.16645282955726376,0.30206285961160223
ENSG00000267796,0.450707923112459,0.35760890541881973
ENSG00000004776,0.13084200990092498,0.16438609920012465
ENSG00000104903,0.018252655296197445,0.017007555728538074
ENSG00000090661,0.04541123351495447,0.05030318426633291
ENSG00000167775,0.20755261831427704,0.10004720604917983
ENSG00000267855,0.5696465965665704,0.4042103095296361
ENSG00000233927,0.03520299037738055,0.004902590490467195
ENSG00000167772,0.29466492549115264,0.24477886549781158
ENSG00000185236,0.008876454711236593,0.0009382090857409885
ENSG00000099783,0.21060169591444827,0.10122070838822574
ENSG00000133250,0.0008994554164132681,0.0003270180807178505
ENSG00000105467,0.6518298617897165,0.5785447408601487
ENSG00000105438,0.002429346444764008,0.007054679156705405
ENSG00000105447,0.34966562192224004,0.6096577729427228
ENSG00000088002,0.5019436615224825,0.5039988539621465
ENSG00000063177,0.5119782862311466,0.9709252084170347
ENSG00000063176,0.02890886697679236,0.005215774592013414
ENSG00000105516,0.031189777515948956,0.009181383552850904
ENSG00000063180,0.17285565828171287,0.04557487291378931
ENSG00000176920,0.012867597154495444,0.013559478040325788
ENSG00000176909,0.10462264315394078,0.026155475579115663
ENSG00000105518,0.5020552167562193,0.20840122618704848
ENSG00000183401,0.03471678755754507,0.044391339078147296
ENSG00000173928,0.023429179451657015,0.04857561277228768
ENSG00000187266,0.656951977193916,0.80533187755609
ENSG00000161914,0.1357662124578577,0.050016725568830425
ENSG00000130176,0.7505327340868335,0.7806036629668551
ENSG00000104872,0.8178452282007721,0.3830523748399097
ENSG00000161618,0.08726129897605196,0.02998091443773376
ENSG00000090554,0.12163669591294499,0.11236901189255137
ENSG00000142534,0.9108775688226903,0.3442834996970363
ENSG00000104870,0.2221193294672368,0.060846951833363
ENSG00000142552,0.7600454010256478,0.44904308568741713
ENSG00000142546,0.4275808300434467,0.6442757102307024
ENSG00000126460,0.9473687872172947,0.7246295113277269
ENSG00000126458,0.4413862812768399,0.4091549387493336
ENSG00000126461,0.7234183641035961,0.25496565370051794
ENSG00000126456,0.6781078150985205,0.8078133023679201
ENSG00000169169,0.0898098702143192,0.022059274428605384
ENSG00000126467,0.4231926403671207,0.26961477428235897
ENSG00000167625,0.1715611207499868,0.049537427429855604
ENSG00000105722,0.5838959073045323,0.8281555773926905
ENSG00000167619,0.268212873587374,0.1231018001304678
ENSG00000008382,0.022106566694608358,0.0032970366187373727
ENSG00000141985,0.6317394504145546,0.4634063639642071
ENSG00000167670,0.08988535846584672,0.02576345763131301
ENSG00000167671,0.15216189832709234,0.02321595606512011
ENSG00000167674,0.1852359165719023,0.03257476141231316
ENSG00000171236,0.4181893751306255,0.4262337479274968
ENSG00000185361,0.05298412733686531,0.0105834113216105
ENSG00000183207,0.028766055604360127,0.19058178626228953
ENSG00000189052,0.4155621596314826,0.3790136164428214
ENSG00000104852,0.7870728273745131,0.7159570329642351
ENSG00000104863,0.367056139447995,0.15948941911878922
ENSG00000221916,0.6626632457918287,0.2523843416618511
ENSG00000213799,0.24313480118205077,0.17290828821889986
ENSG00000203326,0.6566091348020318,0.5458073976047331
ENSG00000196417,0.6646239867725333,0.42528963747127113
ENSG00000079313,0.07391426439187794,0.026757769159655113
ENSG00000129911,0.783100670551683,0.4876293915551696
ENSG00000129968,0.09705517861070902,0.06815843960298054
ENSG00000213638,0.07874015278074734,0.028082711029662095
ENSG00000133275,0.04430801879211472,0.008547765307624675
ENSG00000130332,0.22463763154716143,0.08382307355067507
ENSG00000099800,0.3723172961215666,0.31926727657600723
ENSG00000176619,0.5865174966467304,0.42735419528882723
ENSG00000099860,0.14302330403153363,0.4233348124244577
ENSG00000142409,0.520007482276665,0.9574078307403717
ENSG00000167685,0.7012558003739653,0.43588538242971053
ENSG00000099797,0.6091933556819247,0.36365274390646896
ENSG00000099795,0.23184577827245537,0.10427012669554304
ENSG00000105429,0.511390130460064,0.27716800083570436
ENSG00000105427,0.010524879791089565,0.03133563424052588
ENSG00000079435,0.0064708763196668516,0.004489365246362808
ENSG00000189377,0.2936781823118953,0.1929441188108838
ENSG00000079385,0.13489172398757535,0.12493303670933839
ENSG00000132002,0.8579029253253905,0.625419231252728
ENSG00000076826,0.023391770533851775,0.0077993184872579445
ENSG00000076924,0.011011476877155854,0.0005051008770776191
ENSG00000174788,0.00246726710740361,0.0006222206639402967
ENSG00000269711,0.08192898457999831,0.1964703087759347
ENSG00000181029,0.0411856493714405,0.020586227067992412
ENSG00000171017,0.5553302351879992,0.2743300362802948
ENSG00000076984,0.0014932829700983685,0.00035454205368815425
ENSG00000178531,0.05026232797937615,0.009935314662918712
ENSG00000104980,0.08658830645049649,0.04034831884730735
ENSG00000005206,0.03392265869018436,0.009152003594143667
ENSG00000196268,0.005538035308588022,0.00594545778462229
ENSG00000090659,0.8279357577953944,0.7788404206676299
ENSG00000104883,0.11087426103497296,0.042689831740204326
ENSG00000198816,0.6652019943320553,0.2310849846563365
ENSG00000090674,0.20134867001883305,0.10682318185120851
ENSG00000032444,0.0023413088605308023,0.0013140491059923875
ENSG00000011304,0.7097932931738593,0.9332569918624083
ENSG00000142541,0.7208867893251583,0.6748021793671908
ENSG00000249709,0.025835772357627997,0.010224983873586026
ENSG00000188033,0.04220077112099429,0.011756963315441807
ENSG00000173875,0.048251602447074576,0.014061527942791006
ENSG00000104774,0.17427357532180615,0.07602341066726714
ENSG00000123154,0.8277415921309421,0.4818539379789073
ENSG00000105583,0.968216828097345,0.6890102774950448
ENSG00000132004,0.06620761472782409,0.04032502327214755
ENSG00000123144,0.9405586326697551,0.8661631172413541
ENSG00000198356,0.34815136692911985,0.14526750004929959
ENSG00000039987,0.007899518118526423,0.0027213249532037687
ENSG00000171223,0.2615547641602945,0.25741713406164957
ENSG00000167815,0.3769901360900765,0.13864207908567366
ENSG00000104889,0.6926757041365366,0.547535530836563
ENSG00000095066,0.0031311820825429227,0.0006686817649394376
ENSG00000074181,0.38745715517527746,0.1842105487822137
ENSG00000105131,0.0008080938936344267,5.981280362880658e-05
ENSG00000160410,0.9332110042964983,0.45913814815325027
ENSG00000090006,0.016714303650028656,0.0027028465870352035
ENSG00000105245,0.6744527691143181,0.5938521229231125
ENSG00000123815,0.7148852813694205,0.9405547799926764
ENSG00000130313,0.22439981321912256,0.13937307489422066
ENSG00000142444,0.4411161407012968,0.07785995218959753
ENSG00000104964,0.09110036925074515,0.05657503577579701
ENSG00000105290,0.5006381638931594,0.922563185281476
ENSG00000126264,0.11421305165319223,0.09249648415081917
ENSG00000011600,0.811848165490345,0.49161254354845774
ENSG00000132005,0.12890660436992799,0.03701367147095174
ENSG00000104998,0.5103741685070207,0.34665523585110747
ENSG00000105011,0.42663259451512014,0.2761890574505244
ENSG00000105669,0.3691625191126182,0.164326838893951
ENSG00000105671,0.728596757033196,0.3219561113695552
ENSG00000051128,0.32852260172423214,0.44360406459541746
ENSG00000105329,0.08589136913700966,0.12174442412181309
ENSG00000130175,0.3457483170134875,0.6551055861327546
ENSG00000141933,0.26326108938733733,0.16367530617898576
ENSG00000099804,0.8732418962666407,0.597909632837669
ENSG00000197540,5.346801238367304e-05,0.00016976801283680756
ENSG00000176490,0.3170887343004955,0.17145596360556484
ENSG00000267001,0.009553136988708692,0.00239755592852098
ENSG00000141873,0.40345131953086133,0.29272290388901245
ENSG00000104969,0.82123030116349,0.5735088566592871
ENSG00000172009,0.081800761961436,0.035219101645951364
ENSG00000186300,0.5012848731556901,0.2675950675989549
ENSG00000172000,0.7671173032299998,0.7380130450056241
ENSG00000079999,0.056521798023422345,0.015194282164739031
ENSG00000130734,0.14798881093047425,0.03745084803588675
ENSG00000129347,0.5034329636456603,0.29450285661198344
ENSG00000129355,0.2022313859748542,0.06099535658403108
ENSG00000129354,0.45456539629820547,0.62771274814201
ENSG00000129353,0.8650314228522642,0.9587110838170247
ENSG00000213339,0.16576203887072755,0.07118189864571166
ENSG00000099203,0.44567506939963486,0.19582114966180003
ENSG00000214212,0.05901373977154477,0.027344801872442186
ENSG00000130844,0.7619383297574006,0.383897422917416
ENSG00000105723,0.13823137175197164,0.31415297376230183
ENSG00000105732,0.4394968270725653,0.15963968134141074
ENSG00000160570,0.45639860742507365,0.27005274211982067
ENSG00000010310,0.006959195332331064,0.000928355205957875
ENSG00000011478,0.6804730209751165,0.8097326716117754
ENSG00000177051,0.12928965023488384,0.07267192262893118
ENSG00000167680,0.2763643533839358,0.6327595963407465
ENSG00000197961,0.034281222223278354,0.007143188129803039
ENSG00000197256,0.30402221407090374,0.23068069634376026
ENSG00000261221,0.7121049898044997,0.24373023207723937
ENSG00000186272,0.4066719995359167,0.37488484229278607
ENSG00000126262,0.47530605343719634,0.5069627394672026
ENSG00000196684,0.03260563402850788,0.023979723002301088
ENSG00000283632,0.012573931775524162,0.01124026337966942
ENSG00000126457,0.27335442866766924,0.9355968806462919
ENSG00000079462,0.3792514895623117,0.110228215609309
ENSG00000167635,0.557634404891775,0.8855876332466466
ENSG00000105287,0.9260437560149339,0.7936553126287291
ENSG00000130312,0.1496253277818379,0.029825678851338078
ENSG00000104814,0.0011718623543962023,0.001267591844724537
ENSG00000178982,0.7166315946815734,0.8249265007263386
ENSG00000182472,0.07559141201997675,0.02239434365256668
ENSG00000178934,0.32809217914485256,0.4018001596172036
ENSG00000125746,0.23157565397010232,0.30131577892866235
ENSG00000011451,0.24648445360722163,0.14226286185236994
ENSG00000160953,0.06896660403587705,0.07031742219882321
ENSG00000115255,0.5976327221360331,0.8376869952166018
ENSG00000141867,0.494583102857611,0.15568777323249194
ENSG00000104915,0.6041674336873062,0.4275697764733083
ENSG00000160888,0.11321007391114171,0.19843825895671902
ENSG00000179218,0.46157261937133043,0.3865134391218963
ENSG00000130303,0.4746151504107715,0.32643034377715785
ENSG00000141971,0.01459952168357252,0.004438654047859546
ENSG00000105538,0.059497996205285945,0.032277359555520205
ENSG00000156413,0.01892213404400693,0.014154406735338255
ENSG00000172270,0.3635817776899749,0.42010450205239136
ENSG00000105464,0.46191820696671815,0.9567579390709
ENSG00000105523,0.00804879237898072,0.003804457389797877
ENSG00000006638,0.7597492735773456,0.45303881153648073
ENSG00000105298,0.0594321530418158,0.013045620581782283
ENSG00000186111,0.25231281758524127,0.09578551775255398
ENSG00000105127,0.7391136883359097,0.599904568739667
ENSG00000089351,0.9979898115284285,0.673717041860999
ENSG00000087903,0.4676835260965625,0.33598685564487046
ENSG00000130382,0.018269755558663957,0.0026815251021252247
ENSG00000167769,0.15518769572922697,0.17170419899650857
ENSG00000125656,0.22989679378354397,0.061128596149390674
ENSG00000125652,0.036715749942554124,0.0054933797975153685
ENSG00000125651,0.2343662110874927,0.10673574882865312
ENSG00000125648,0.29918256116708336,0.039935951990933284
ENSG00000011243,0.5554088631384348,0.847992218488337
ENSG00000104957,0.020490244206888487,0.004272243099439688
ENSG00000037757,0.41976071030226336,0.18180503463222938
ENSG00000104979,0.47092807821626503,0.9206659094572187
ENSG00000132024,0.023425228533302467,0.0074638932888419175
ENSG00000167642,0.35355031961766803,0.5228134880516443
ENSG00000167641,0.12591843851680104,0.13850499643947548
ENSG00000267748,0.7933314591299414,0.8746943201377855
ENSG00000167645,0.7793438295167101,0.34126693565193983
ENSG00000167644,0.1592369853282816,0.07837742990503901
ENSG00000174951,0.8234002050857452,0.9444297608624498
ENSG00000104907,0.445904764483114,0.16134302716413787
ENSG00000105270,0.20630580125687056,0.0528415972029598
ENSG00000161277,0.4743025745016264,0.3735810750548827
ENSG00000105258,0.41141224176541935,0.6997009395675935
ENSG00000105254,0.9243558427010594,0.6594823907981123
ENSG00000126247,0.43613345071017107,0.5458873016137964
ENSG00000204604,0.8043586445537723,0.9810384954931263
ENSG00000075702,0.4134524303208297,0.21682358368329827
ENSG00000170906,0.06453222318972646,0.15335764954199427
ENSG00000105618,0.6538066533291029,0.8918563069691232
ENSG00000167608,0.735712075158601,0.2212028192385808
ENSG00000125505,0.04632613018173819,0.10583067321635654
ENSG00000170892,0.6721234102994498,0.7075610621163035
ENSG00000170889,0.5802634196005799,0.4577965902514525
ENSG00000104880,0.05122467340103863,0.01812119205921117
ENSG00000099785,0.0028446110841209584,0.001413372278089127
ENSG00000257103,0.32138281856487927,0.3833378852152456
ENSG00000099875,0.3764000085397715,0.26869752134274216
ENSG00000105707,0.34157405925708617,0.5378195615318733
ENSG00000188368,0.860787489626582,0.5045844290832794
ENSG00000188321,0.11657465028260297,0.22185840542333365
ENSG00000125743,0.21848849807597945,0.7660910803105365
ENSG00000180448,0.006443902536181221,0.009498060349460083
ENSG00000160113,0.1796780957140014,0.12073077126213563
ENSG00000105619,0.6398766647100176,0.37322755671245633
ENSG00000130202,0.23523160597193937,0.7135045723562241
ENSG00000130204,0.0482115551480107,0.21486208325315095
ENSG00000130203,0.6678486188389265,0.8527329589498378
ENSG00000130208,0.39211608369692086,0.8599050659586699
ENSG00000234906,0.7998171383345984,0.4323436457496451
ENSG00000104853,0.6209872595188218,0.743400904852551
ENSG00000188868,0.6309668618217732,0.6244929628051401
ENSG00000196466,0.00908426959875027,0.004068359447661763
ENSG00000180855,0.05210088845526648,0.03982930298697293
ENSG00000105607,0.14255043648108412,0.017420183829727015
ENSG00000161860,0.17594795729820173,0.12598774991244857
ENSG00000179820,0.15594496152017967,0.21615546441076752
ENSG00000105643,0.013273826255694008,0.001184080404326168
ENSG00000105325,0.28445616043390604,0.08630512551167706
ENSG00000161091,0.772630686169115,0.528753468801358
ENSG00000064961,0.23048485000530644,0.046974534334844005
ENSG00000007080,0.5799129140581104,0.40267354583464776
ENSG00000183397,0.00860663646102934,0.002478963782293608
ENSG00000105701,0.25850431475649405,0.27033244565748005
ENSG00000105700,0.5527760294239039,0.18983459421652357
ENSG00000221983,0.7726106333194485,0.41935611953449203
ENSG00000006016,0.010084371968590945,0.005337567596977253
ENSG00000006015,0.6158108147431235,0.560696325490901
ENSG00000196757,0.001805518442072966,0.0017674969322089844
ENSG00000132010,0.0006123543402330032,0.00023651487409685176
ENSG00000104892,0.5142749211121411,0.5814753536549313
ENSG00000104881,0.1781482610764009,0.12668794619745422
ENSG00000117877,0.09220405217458295,0.10369498575748744
ENSG00000104884,0.032250754865509594,0.20207422362676608
ENSG00000198093,0.10298733833811906,0.06864117329711426
ENSG00000176024,0.160539625650432,0.11835430929135464
ENSG00000256683,0.23449154079456583,0.22925832412102595
ENSG00000079805,0.03808840286272375,0.015040422664772861
ENSG00000130803,0.030084879510112076,0.004253221050443776
ENSG00000079432,0.3171086092862637,0.13334539345501886
ENSG00000166289,0.5193543186247751,0.5704015425797637
ENSG00000104936,0.722449223137887,0.9843980934417517
ENSG00000127511,0.26084374871509675,0.2663620684801284
ENSG00000127533,0.052151203345909745,0.004813144792688159
ENSG00000131351,0.46860151187593235,0.3312455743497166
ENSG00000099624,0.23410816204999696,0.14379748108490206
ENSG00000105711,0.17563016484765837,0.27341020424071844
ENSG00000089356,0.7304773835805498,0.6055632078363065
ENSG00000132000,0.28379709260312963,0.29184343787147377
ENSG00000129946,0.604671761520734,0.20006127238733915
ENSG00000181588,0.2498542885895058,0.2026545010655021
ENSG00000213030,0.920208996666257,0.5618362693262301
ENSG00000205076,0.5316467363377895,0.4753802747242455
ENSG00000171903,0.11643203375297802,0.20644136486499404
ENSG00000142235,0.3769578667973743,0.231124295332578
ENSG00000104827,0.30753125176169466,0.2204004863485629
ENSG00000105556,0.37159604957015313,0.358711305338518
ENSG00000174652,3.449821607158133e-05,2.6146268420467436e-05
ENSG00000172687,0.32800304658235124,0.2646922990995565
ENSG00000099331,0.00784544575144683,0.0008488011046013476
ENSG00000131848,0.8193872336525377,0.5745331725493226
ENSG00000153885,0.2160648966217729,0.16145645614183
ENSG00000105576,0.17479932836100084,0.039562448554818545
ENSG00000167491,0.5602353442394321,0.4758841015876196
ENSG00000160336,0.8693074354116118,0.49362295811651546
ENSG00000188283,0.32888767348375086,0.16873107617773622
ENSG00000204519,0.5900465674767745,0.6981972888468947
ENSG00000152443,0.9412764778864371,0.8045910333335107
ENSG00000197782,0.14895496049668405,0.07235098811997133
ENSG00000180257,0.2957076085834667,0.20856462605758444
ENSG00000197937,0.0047586127046579324,0.0015264147603842929
ENSG00000197928,0.023052693481970612,0.018130837915369534
ENSG00000170949,0.10659045326494165,0.07109369965507818
ENSG00000178386,0.9113640206627717,0.7120840945324967
ENSG00000267680,0.04473412207210998,0.01467305872210893
ENSG00000256294,0.3395790275522257,0.17070282291366293
ENSG00000263002,0.6798005802409262,0.9761833392907288
ENSG00000167380,0.11187814901472798,0.22062126106851437
ENSG00000131115,0.9343772179466351,0.4750267063175766
ENSG00000213022,0.52025218345305,0.9360528388812143
ENSG00000129451,0.8889710432076723,0.7883448628089041
ENSG00000167757,0.3602171837257194,0.20733439494222425
ENSG00000186474,0.060555788910163375,0.08942507251339123
ENSG00000167759,0.9984377833049047,0.9916143642784508
ENSG00000129437,0.49900228492710663,0.4041157884855875
ENSG00000142544,0.11830991355385662,0.04110275191487481
ENSG00000129450,0.8273305261420126,0.7387678669409301
ENSG00000168995,0.9247668283895016,0.5247977065490185
ENSG00000105383,0.4208244412512824,0.7257207559485421
ENSG00000186806,0.6777722454116452,0.9339758076140604
ENSG00000105379,0.07307283149207504,0.14585251362721002
ENSG00000160318,0.8255055434808591,0.7279688194092504
ENSG00000105374,0.053698190323184646,0.08009614481572422
ENSG00000142512,0.42252155913181333,0.342196072062027
ENSG00000167615,0.0912067462222622,0.06822649297649871
ENSG00000275183,0.0763901608528176,0.04617913260647806
ENSG00000167617,0.24485859797469522,0.08661475651012951
ENSG00000278129,0.15452207759590725,0.04414513825096381
ENSG00000198131,0.5425187025928219,0.6632945481705271
ENSG00000131398,0.26569768175773356,0.06891290359720387
ENSG00000131408,0.436956093813898,0.07752800758627065
ENSG00000269404,0.0002021280592954035,0.0005504867829537033
ENSG00000086967,0.0690238607636236,0.08807244808854059
ENSG00000142530,0.8218777834363197,0.327477496691687
ENSG00000161671,0.3815943731141842,0.7853116536093547
ENSG00000121413,0.23990691192590421,0.15619488630520195
ENSG00000181894,0.4271025008502003,0.44340258317766856
ENSG00000177191,0.33386019085105106,0.372155315442937
ENSG00000130255,0.9321823500237076,0.6755569330936788
ENSG00000174917,0.4333875644729239,0.2889508758776701
ENSG00000167733,0.002380422685827289,9.761364695728107e-05
ENSG00000196365,0.3957548090807115,0.12709462027599266
ENSG00000212123,0.06154797970136017,0.02908159245136543
ENSG00000141994,0.033482936548650956,0.004628275796470995
ENSG00000171119,0.031507104613847634,0.006108882176835289
ENSG00000267740,0.9453036261607346,0.8189269986033304
ENSG00000174886,0.4122420760065346,0.24016187912298465
ENSG00000187650,0.011292242565371325,0.0027853229965528275
ENSG00000167657,0.6408353951638988,0.37729886278708524
ENSG00000167658,0.15330278845482376,0.02541775086830901
ENSG00000105229,0.014653848145737827,0.0019216604737885843
ENSG00000178951,0.0807054532146327,0.05731836027618018
ENSG00000126934,0.05490300324406195,0.011451411486140884
ENSG00000077463,0.15221795918983594,0.06479967451821655
ENSG00000167470,0.29117810841115394,0.20777797674221335
ENSG00000099622,0.18546312101438317,0.09229984011819274
ENSG00000228300,0.47257045292321387,0.35707597195089047
ENSG00000008441,0.46241819160712705,0.3743373757656435
ENSG00000189042,0.3555646338312718,0.16660788003092053
ENSG00000272333,0.23984245708376836,0.06157928194374764
ENSG00000196646,0.07838023925535025,0.051388026230387816
ENSG00000004777,0.026093483349322003,0.006127788417406483
ENSG00000167378,0.09489915743564979,0.020510943610801875
ENSG00000124444,0.5483370712624316,0.2496771672994504
ENSG00000062822,0.21253856420367265,0.08288472688008802
ENSG00000169136,0.4986005507144192,0.4955078584315663
ENSG00000095059,0.33994427425952267,0.14520001748802097
ENSG00000104885,0.0032269461965534524,0.001431487708839559
ENSG00000104886,0.2181314819202202,0.18442945990773885
ENSG00000104897,0.45135184174937926,0.3627917740730875
ENSG00000105202,0.6922698248591581,0.590425081543834
ENSG00000129933,0.07344797759190602,0.02647221689163846
ENSG00000130544,0.000792991978526723,0.0002243938796938773
ENSG00000167414,0.0012835484110621724,0.0016608668545674073
ENSG00000197013,0.590040114113122,0.5649201785730071
ENSG00000053501,0.8099964476613243,0.5143900591660089
ENSG00000118046,0.0029659854876177387,0.003595055559928428
ENSG00000180739,0.14709231071881873,0.12410426205081067
ENSG00000178980,0.2486269832428034,0.3149654047378945
ENSG00000188227,0.06766531878746083,0.04312298349543993
ENSG00000105323,0.5341407081853298,0.24820061417944306
ENSG00000167562,0.09256669138011511,0.11974405145513652
ENSG00000105146,0.6888343475121234,0.7477729544717686
ENSG00000126464,0.41124782553333117,0.164683612754408
ENSG00000197128,0.8080663790132867,0.9139808377871592
ENSG00000171970,0.05037842551002479,0.015423820409081723
ENSG00000177045,0.4860597641062955,0.37934835316170346
ENSG00000197020,0.006010795881633974,0.0021963430319394167
ENSG00000007047,0.021423701734096814,0.16827303803416463
ENSG00000105048,0.06273447316343769,0.08121491926043198
ENSG00000186994,0.005496205147828969,0.002539388516167217
ENSG00000204514,0.7991742216685503,0.4040145222826679
ENSG00000105472,0.8043306165454239,0.806012613575531
ENSG00000105136,0.7993664070471256,0.7835233376231421
ENSG00000104783,0.9197839470248191,0.5592469267584018
ENSG00000213967,0.2881756963234485,0.21176849008840493
ENSG00000188171,0.2618493737869344,0.24067689037247192
ENSG00000197808,0.4212848850186546,0.34975987057954505
ENSG00000115286,0.15990928940287977,0.08894852617316522
ENSG00000087088,0.3232741708639266,0.6549556507729652
ENSG00000188293,0.3568625459889885,0.15941084894115942
ENSG00000196218,0.9531540746484787,0.545200267700259
ENSG00000224420,0.9892602945282721,0.5739215173965455
ENSG00000275395,5.872294366108979e-05,0.0002991094361975906
ENSG00000204866,0.7288064668312795,0.9207695096596684
ENSG00000072071,0.2328697085514618,0.02859483306291717
ENSG00000132017,0.6867708960018435,0.40874387246575783
ENSG00000077009,0.10523815245917312,0.1446637567850457
ENSG00000011332,0.4446612550825154,0.42765666336503494
ENSG00000099337,0.08220978309779527,0.20237630870288661
ENSG00000132016,0.0005546398111374696,0.0004685458412512137
ENSG00000131943,0.43483957692774144,0.7844510068454642
ENSG00000214046,0.20300627893114734,0.4028019411291551
ENSG00000072954,0.9772535691876756,0.6713347580471759
ENSG00000099821,0.8760699309521706,0.6226093709971598
ENSG00000070423,0.8212399684490302,0.7870077469087865
ENSG00000070404,0.07925295210910406,0.07985611672121615
ENSG00000105514,0.030017756841156564,0.08780883099370505
ENSG00000105246,0.13822307671113118,0.1704155719574958
ENSG00000132003,0.07072447382335864,0.01694702813919213
ENSG00000130309,0.16117214328811652,0.2885742851132301
ENSG00000125650,0.0078091519002182926,0.0012345728914321778
ENSG00000088247,0.3182892810166122,0.1574889228079361
ENSG00000105520,0.08749165643676385,0.11435282694421792
ENSG00000130726,0.4651416329982664,0.8228386185852165
ENSG00000130725,0.1800942186358863,0.5509564539144969
ENSG00000130724,0.3454951449078454,0.6103524640021858
ENSG00000063169,0.47646498251631164,0.18373017387907806
ENSG00000126243,0.7369648616699118,0.42751461806785296
ENSG00000205138,0.7582504981862983,0.1788982795875846
ENSG00000181392,0.1764171299723795,0.06485584363554577
ENSG00000028277,0.14795751742968222,0.18195497412578587
ENSG00000239382,0.758750690418903,0.32325574845212823
ENSG00000130159,0.06092299317887696,0.004307320928537615
ENSG00000077348,0.82426335422971,0.23301889850002705
ENSG00000142459,0.054967428190547764,0.04482539123483483
ENSG00000066044,0.6517848638291839,0.32294549003114276
ENSG00000130479,0.5020075524330185,0.17749753577864086
ENSG00000179913,0.2399077725747758,0.14551926917880895
ENSG00000130513,0.2591707641716408,0.4089317774051333
ENSG00000105656,0.4862971908281717,0.2913862429921588
ENSG00000181666,0.29944397113102583,0.10527870637682879
ENSG00000183647,0.4114230005631162,0.4382529945418585
ENSG00000166704,0.041714653312005946,0.00976868117895818
ENSG00000186017,0.033291640324947976,0.005924834198568949
ENSG00000197647,0.3876449354379454,0.3730921196553
ENSG00000124466,0.30477578167275016,0.4426625387507901
ENSG00000176531,0.3173416728312325,0.23478416889290385
ENSG00000105755,0.956674886429956,0.8354764624120812
ENSG00000176472,0.03937975695192156,0.015708842619840378
ENSG00000134815,0.23149336468729756,0.05591206255177007
ENSG00000105419,0.6742620060885656,0.843124076728028
ENSG00000118162,0.19106309576144598,0.27109676601448424
ENSG00000105402,0.7598873840505143,0.92929480808628
ENSG00000118156,0.001890794248058767,0.0012013697513490386
ENSG00000189190,0.29543753614966534,0.19119486170624161
ENSG00000182986,0.22793306855073606,0.11812288881905496
ENSG00000179846,0.07705938202880024,0.039926731259852334
ENSG00000167754,0.9910053765494713,0.4852357989427548
ENSG00000167755,0.8478735013108971,0.9630936964657866
ENSG00000169035,0.6125396286888347,0.9077894364595442
ENSG00000179134,0.3400013550211591,0.6890151996594298
ENSG00000125734,0.14804922912004018,0.0471745071463176
ENSG00000254415,0.25019398719200137,0.19624410107680862
ENSG00000213793,0.8220307096584603,0.607100932531465
ENSG00000170909,0.4184055719565696,0.17971351041193911
ENSG00000130244,0.2480900408800471,0.1072000289144604
ENSG00000161888,0.4119450065243351,0.2775674416997673
ENSG00000167749,0.6799195242376368,0.863847684464456
ENSG00000130669,0.14244711528894313,0.38214626224986725
ENSG00000186818,0.38848871178902644,0.19780899635950708
ENSG00000105185,0.181507641143104,0.3925935453346574
ENSG00000105186,0.6675714905110832,0.9845308921540086
ENSG00000213965,0.5688687477306029,0.9333520286886121
ENSG00000125730,0.882589558844933,0.6721391430272169
ENSG00000249115,0.995986809930965,0.6907730664658157
ENSG00000126254,0.982188359972611,0.5775468294465705
ENSG00000105672,0.1432126978568774,0.05680766933055044
ENSG00000126267,0.6596573292981861,0.8855594037318706
ENSG00000105668,0.2952605475361804,0.213176484350073
ENSG00000102575,0.21510235503970707,0.16812629104404278
ENSG00000129455,0.5425887395026199,0.3212638401017048
ENSG00000175221,0.1499819209076758,0.10127273841418556
ENSG00000167595,0.048062073456230266,0.012665878994689237
ENSG00000225950,0.5554343279030315,0.7287006925105302
ENSG00000198858,0.28614585143283056,0.3092788798083404
ENSG00000089639,0.011197573214608585,0.008047964721637928
ENSG00000105726,0.9212265078040054,0.8172675755593319
ENSG00000181896,0.008894417401027305,0.009912112595950933
ENSG00000105708,0.24660405157791446,0.19734822226933685
ENSG00000064547,0.00904809879138075,0.005599301032875309
ENSG00000125744,0.4461018684741648,0.6479924339841621
ENSG00000213889,0.16122601474951878,0.05685471651528816
ENSG00000125741,0.3367203221951278,0.15341272877048848
ENSG00000177464,0.8112984849180327,0.5617613151086129
ENSG00000196605,0.000360298963198244,0.00015712790733994568
ENSG00000197766,0.9590747970296207,0.708991625851541
ENSG00000105639,0.0023738086055719956,0.0018159463108332748
ENSG00000105640,0.7648312309216609,0.3170325242309019
ENSG00000197857,0.09734650549627066,0.05087015062616226
ENSG00000022556,0.06168048272472931,0.01918338969466591
ENSG00000160439,0.6601686275993564,0.258096068196131
ENSG00000011485,0.5971095919283029,0.9903532113644083
ENSG00000169515,0.9429808396248669,0.8261543639226103
ENSG00000141965,0.49434368804386153,0.13545035713815295
ENSG00000127666,0.7851309438014216,0.49696013582456167
ENSG00000105355,0.9265456718493625,0.7629287741236815
ENSG00000276043,0.5206117817532199,0.39324700495776754
ENSG00000127540,0.7619855436359158,0.3705072600563487
ENSG00000171124,0.21808751256265338,0.18845147680557658
ENSG00000130881,0.4799277759749967,0.8304980487947702
ENSG00000153879,0.25587436489604926,0.4921110288788253
ENSG00000104904,0.647808975162323,0.6896549764457662
ENSG00000229833,0.16831294992051368,0.06394713281419787
ENSG00000076944,0.3320554026811385,0.1275587243508097
ENSG00000124299,0.7635399664647939,0.41948813717479083
ENSG00000105698,0.8930711110542249,0.5993471199651733
ENSG00000105697,0.43936432062786646,0.6585899096626424
ENSG00000105699,0.2158583622617454,0.6105101771249379
ENSG00000007306,0.14948452435115472,0.15995593312649223
ENSG00000105388,0.18907895170040576,0.13520239221002833
ENSG00000086548,0.27006316185030965,0.38994947075963926
ENSG00000105372,0.6790782405901961,0.6256052146423337
ENSG00000105404,0.6307421821728798,0.6610801030119868
ENSG00000105369,5.995768298193175e-05,3.933984722818357e-05
ENSG00000126453,0.7150922465644823,0.9708152452324378
ENSG00000105612,0.6623232957330195,0.20134558137281003
ENSG00000130165,0.5357541544007229,0.4809172556687148
ENSG00000130475,0.03725538940246945,0.020349251211229075
ENSG00000072062,0.2772213187352786,0.50155901000348
ENSG00000171051,0.9658794481843737,0.6729110141041111
ENSG00000105397,0.018022784576146422,0.012006122607527129
ENSG00000251369,0.7578277789868502,0.42683200573090807
ENSG00000188493,0.7037761478300755,0.37862411045748157
ENSG00000077312,0.9872995574557517,0.6602688246589175
ENSG00000261857,0.7355729698406999,0.7393398053566969
ENSG00000086544,0.559390309037954,0.930037344391401
ENSG00000105499,0.11923573291104564,0.03952055898142318
ENSG00000185453,0.22366014660522265,0.04584526672781416
ENSG00000105483,0.6749221539551724,0.9592336162722432
ENSG00000178150,0.019635617256588696,0.040998922188696246
ENSG00000142227,0.8371307120514246,0.786884372208422
ENSG00000105486,0.46792876597349486,0.3342337282762375
ENSG00000172081,0.05892647118887181,0.11158679209269998
ENSG00000099840,0.8497738896901521,0.6018444401173166
ENSG00000131944,0.4826122781094415,0.5962055853920573
ENSG00000142396,0.32100290749250865,0.6272948698299863
ENSG00000234465,0.00709583549285848,0.0019519654502003483
ENSG00000160007,0.7937459840608023,0.45682936259352447
ENSG00000130751,0.07186980040029878,0.024420372397271625
ENSG00000130748,0.9127202799423426,0.8319892372985971
ENSG00000130749,0.0772642158344267,0.06594679278635639
ENSG00000142230,0.6148077166638446,0.7916775272049184
ENSG00000105327,0.31489202028781227,0.0696194353534854
ENSG00000105321,0.3585589057934092,0.21284581870395652
ENSG00000257704,0.21046911404759752,0.07163310796242725
ENSG00000160877,0.8613383983874247,0.8548488020997519
ENSG00000099341,0.09728352983299038,0.3648382705064649
ENSG00000065000,0.27457124368623687,0.2117051408971615
ENSG00000104856,0.48154671646857306,0.1478620059589615
ENSG00000104859,0.14256885199281352,0.0449931603137393
ENSG00000170684,0.17036489393164148,0.12062754125801638
ENSG00000142252,0.04529853512511887,0.10982929028421236
ENSG00000104946,0.2105737056711055,0.07011724291774449
ENSG00000213024,0.707137831270586,0.4652846141167083
ENSG00000063244,0.660991155540966,0.9761917720112416
ENSG00000130758,0.30286361837948045,0.15465120873343693
ENSG00000105219,0.662338000775535,0.7527326230059389
ENSG00000105221,0.6530724696942931,0.8143295092207508
ENSG00000160392,0.9659933036633224,0.5287722457924002
ENSG00000090013,0.39325323211461827,0.9078689527690068
ENSG00000088038,0.5528949168978681,0.8487923360536788
ENSG00000130816,0.2708304615587943,0.22938000788956378
ENSG00000130158,0.048004774356040975,0.03241483355257975
ENSG00000185761,0.8294473081713755,0.8975714238760375
ENSG00000142556,0.8366419016131019,0.8136842947164389
ENSG00000256087,0.09048724326539295,0.05140913711446473
ENSG00000197608,0.17343064686009824,0.14014614241774268
ENSG00000204611,0.4233297774100825,0.23454898927584836
ENSG00000196267,0.1594956589414727,0.11404968736803286
ENSG00000196214,0.3064229309833483,0.08485233331749464
ENSG00000198464,0.4810749457177651,0.8616208289033833
ENSG00000221923,0.025263664393610826,0.01087884322011395
ENSG00000167555,0.5018168097031999,0.5142667000454461
ENSG00000105568,0.10330545466786037,0.20833907997138829
ENSG00000089335,0.23295807298986546,0.10803857862889031
ENSG00000197841,0.1771555997028092,0.11618444989052545
ENSG00000153896,0.011520241559672975,0.0015643446955164969
ENSG00000081665,0.004418252338534933,0.0055840277090532815
ENSG00000256771,0.016105091203137138,0.014310344824620784
ENSG00000184635,0.1759785917226728,0.1916522340757725
ENSG00000120784,0.0345173764650956,0.014373012288696
ENSG00000161551,0.14664318017911185,0.07104649920588463
ENSG00000182318,0.29249763097407755,0.10062380565424592
ENSG00000174586,0.10912444595539894,0.04758783695929203
ENSG00000152475,0.002707557310856102,0.0008845930116170516
ENSG00000083845,0.3466814819559857,0.8722239151766937
ENSG00000269855,0.03981354290918517,0.02619514397263797
ENSG00000171574,0.86393520162756,0.2917641264503332
ENSG00000249471,0.05097059525135812,0.011310963102580122
ENSG00000083812,0.050777662642610855,0.012473756651104864
ENSG00000083838,0.08471927068685271,0.022855625877119572
ENSG00000083807,0.4732441499615698,0.17096223441804978
ENSG00000119574,0.7050320244191618,0.4637692670374518
ENSG00000142002,0.3882176777662045,0.25414112108875125
ENSG00000087074,0.7090483075721642,0.9400299521315735
ENSG00000104976,0.16789667113670137,0.08107905519999763
ENSG00000127616,0.18694388561414543,0.06805317546233981
ENSG00000099308,0.007652149600731067,0.006262587619705184
ENSG00000105357,0.7359960073321464,0.24237834156353572
ENSG00000105664,0.40320854415454577,0.8488690423119253
ENSG00000005007,0.7941674055937025,0.9949377144120132
ENSG00000105088,0.012160044948594998,0.006095039487313512
ENSG00000105443,0.929019956567743,0.542990412064097
ENSG00000071564,0.05801674215894619,0.01722737868754173
ENSG00000130402,0.33503015949539455,0.4462692513245491
ENSG00000196961,0.9218508309172307,0.8392740906931462
ENSG00000167460,0.9663380969242545,0.9637866642906918
ENSG00000167461,0.5657668997859001,0.37956663901532506
ENSG00000125740,0.6192691578228404,0.6863006865201715
ENSG00000125753,0.12706401045627086,0.2924950813836613
ENSG00000227500,0.7716636298447138,0.7801048937009369
ENSG00000076650,0.9836305130506061,0.7958388475520938
ENSG00000245848,0.044180810219667084,0.013739491404950283
ENSG00000197619,0.3325335011633291,0.1495367967770579
ENSG00000197863,0.2022724323645407,0.21707429585644708
ENSG00000251247,0.03989720236671425,0.02806244436822078
ENSG00000198453,0.020023722417460522,0.008290622613181507
ENSG00000167766,0.07940510455936563,0.030373584663323926
ENSG00000104812,0.05178692439043773,0.07486400962939024
ENSG00000196337,0.9952001431304132,0.9064988007969801
ENSG00000177380,0.0063348387401961454,0.004604662771428015
ENSG00000130528,0.062139322496139654,0.08431881100503257
ENSG00000130529,0.08139983197621023,0.03575467032470709
ENSG00000189001,0.2887688847026144,0.4034094940940355
ENSG00000105679,0.23771337494455672,0.06711408074521662
ENSG00000105677,0.1860105570813394,0.5102474068016496
ENSG00000062370,0.7092204211366893,0.8546478779703612
ENSG00000167384,0.10861330788425752,0.07673758876863335
ENSG00000073008,0.01237928543292462,0.02386010312385656
ENSG00000186567,0.7886307086740564,0.8863971814248089
ENSG00000069399,0.3818922668171928,0.1701901719480447
ENSG00000142273,0.4594728772625558,0.5549032372414104
ENSG00000187244,0.0905975915782117,0.202404070284521
ENSG00000105223,0.9198756243043068,0.35144291655458015
ENSG00000267673,0.3072758348550462,0.20512335869390982
ENSG00000161847,0.5162248508872087,0.3555735363014527
ENSG00000076662,0.0011224873849261182,0.0021600610774167067
ENSG00000099817,0.2463160662230444,0.08368510579603457
ENSG00000167468,0.38249945801050933,0.11290629812934036
ENSG00000105559,0.7309020844871796,0.44791053323106156
ENSG00000105426,0.12355525904792396,0.035692309235231444
ENSG00000104960,0.635197113917109,0.26160457578757434
ENSG00000131037,0.3105074477525971,0.34451712636943344
ENSG00000104823,0.8040932922262554,0.21433624016474437
ENSG00000268083,0.28740415497617217,0.4958486611441374
ENSG00000187994,0.006843616691494939,0.002310986192709373
ENSG00000068903,0.5650843125990068,0.17049406512705603
ENSG00000104825,0.9573106560668598,0.41067251938647453
ENSG00000104835,0.40527918689030396,0.21746071463336022
ENSG00000128626,0.7044953171811699,0.7485453865312761
ENSG00000269190,0.4346472429104955,0.24783522751643747
ENSG00000104824,0.3695809364988588,0.757954078098306
ENSG00000129351,0.49125721238533215,0.3611423522776459
ENSG00000141858,0.3799939498681526,0.15402980009528092
ENSG00000167604,0.04043678730263164,0.09451252840443031
ENSG00000076928,0.4942922364079928,0.3204058450770064
ENSG00000105204,0.11549895483114425,0.0396017833728737
ENSG00000090372,0.6344304134739529,0.8798454388323346
ENSG00000181027,0.46622724792786474,0.8132528592004664
ENSG00000105281,0.14517569542583553,0.43467032533767325
ENSG00000042753,0.14152268350248665,0.20752289610144456
ENSG00000104805,0.18346509424143698,0.4179683188561133
ENSG00000130254,0.3853030801397913,0.21873713616659826
ENSG00000223573,0.07543454522419449,0.020675822177198388
ENSG00000211825,0.4695584328884208,0.5376084285482934
ENSG00000211829,0.11698719717618203,0.128565716617422
ENSG00000151413,0.02194933042207403,0.025976222993898287
ENSG00000129515,0.012249551992126236,0.010800078251193565
ENSG00000087301,0.8291982584796346,0.7247778595664419
ENSG00000073712,0.11785699941960286,0.24650630953502475
ENSG00000129480,0.10438583952747636,0.07307805541986133
ENSG00000100519,0.12694484265723927,0.09639006155375641
ENSG00000126773,0.8145996467496981,0.8901336483535801
ENSG00000126778,0.3834984648261338,0.8105348351438564
ENSG00000154001,0.561341721331737,0.4718691967518289
ENSG00000198252,0.39916503553535454,0.3201324802583512
ENSG00000126790,0.4761605224994263,0.48481757828510863
ENSG00000100625,0.8293378166308354,0.6401286666656334
ENSG00000100614,0.9772529618558525,0.8983990381616185
ENSG00000100612,0.0029256999525041575,0.0001692046032073507
ENSG00000100731,0.9958277269564313,0.8144082593615336
ENSG00000020426,0.05085360209384266,0.06930777476092691
ENSG00000179476,0.85139058945312,0.725053757563284
ENSG00000119599,0.714765258280919,0.8911689132458059
ENSG00000050130,0.06123514130107779,0.044084339709603654
ENSG00000126785,0.23925335075508591,0.14431088718741739
ENSG00000180008,0.7923361587414673,0.6899438132738983
ENSG00000100647,0.7193621725780127,0.5576766579649627
ENSG00000258989,0.6648893732396346,0.794196176507119
ENSG00000129521,0.04292222687966959,0.08237986686763445
ENSG00000165389,0.05377634542103183,0.05637527342163638
ENSG00000170345,0.32159650447968424,0.5987274346340086
ENSG00000119681,0.6615587312264768,0.6530152400239388
ENSG00000165898,0.02154023580997788,0.043757349823425065
ENSG00000140044,0.5348014279135713,0.40507407193297507
ENSG00000042317,0.15426458816141106,0.2468093041458445
ENSG00000198718,0.4831810197966132,0.7425368322654256
ENSG00000053770,0.9244537582789274,0.8293115291444748
ENSG00000165548,0.5470994046402091,0.34367413681014114
ENSG00000125378,0.8413085093961856,0.8469101560355647
ENSG00000100650,0.9489582463006059,0.910008678096688
ENSG00000033170,0.3423125221766129,0.48050305047476594
ENSG00000197930,0.13321825319389302,0.10422214032518057
ENSG00000139977,0.3682854972548817,0.3509265012741033
ENSG00000176435,0.026212750414355383,0.02138587921656705
ENSG00000070778,0.6383422675306023,0.4010262177297155
ENSG00000100523,0.8999484276582507,0.7536961546954063
ENSG00000139921,0.02746439069227496,0.024551199728201325
ENSG00000198894,0.9026137027518528,0.5824187529208747
ENSG00000087302,0.05984595463406248,0.07154829314286414
ENSG00000151320,0.25504520762613986,0.28530644868253124
ENSG00000100629,0.8846645429548242,0.6756229954780725
ENSG00000070367,0.9840763146522991,0.9853303154904118
ENSG00000205476,0.6837728636139162,0.456619915415691
ENSG00000080823,0.8967746594051249,0.6507209401528001
ENSG00000196663,0.8469845513909516,0.9011803330850333
ENSG00000100764,0.0024676085111581376,0.002095386237732678
ENSG00000066739,0.6712228511495872,0.7497976859914282
ENSG00000211949,0.00041422045075563505,0.00018732191516756446
ENSG00000100784,0.03143126442670648,0.026613508015169617
ENSG00000211956,0.6619830217087299,0.3593457282757987
ENSG00000182512,0.0027318446974318126,0.01026385120814161
ENSG00000140057,0.7781204327875847,0.8410345320644534
ENSG00000088808,0.6017856295783435,0.7288325345612372
ENSG00000066455,0.025269936271322912,0.03148106126281967
ENSG00000070269,0.6482205714710371,0.41670002137733975
ENSG00000054983,0.9718860207695669,0.9264373611929397
ENSG00000100739,0.07169928942811671,0.05932690538826304
ENSG00000211958,0.003236770072479837,0.001777283796989716
ENSG00000170779,0.17194527193898296,0.15200610716769314
ENSG00000211952,0.0016398681471026483,0.00034022846268916404
ENSG00000211947,0.12016908087466834,0.1296891784616656
ENSG00000282639,0.0208983815077343,0.009637732195311544
ENSG00000211957,0.015749844208742567,0.006595834204895552
ENSG00000211943,0.012780495083587376,0.0058767330461282465
ENSG00000100600,0.23205749827304772,0.3511233479601106
ENSG00000090061,0.04516093455699358,0.056896805712489465
ENSG00000140104,0.5415574140658296,0.24188794168997335
ENSG00000183576,0.008099709229613023,0.02074846492509902
ENSG00000211946,0.0008270037009182769,0.0002861520586621888
ENSG00000185567,0.21986887812028225,0.17721771013923043
ENSG00000100865,0.021489492426651133,0.015828247896480286
ENSG00000211950,0.015719915869939604,0.015780610206512873
ENSG00000211955,0.00010653371214650052,3.053809564658994e-05
ENSG00000165914,0.017811360996817897,0.012607020921120808
ENSG00000270550,0.0009440364339162853,0.0007134366341979877
ENSG00000119714,0.9495141051591821,0.5427281490977196
ENSG00000211895,6.392007735482483e-05,2.282478635062691e-05
ENSG00000282651,0.2835031599910223,0.2505471741370218
ENSG00000258691,0.34607904646244714,0.3686251637208676
ENSG00000211951,0.16557564060536323,0.1892244801634292
ENSG00000042088,0.5180861605751865,0.5005296678973087
ENSG00000211945,0.4999454892835892,0.2045356516190772
ENSG00000231475,0.0013657178815778145,0.0007821387782643715
ENSG00000131966,0.43975192773132366,0.32309847128115643
ENSG00000100744,0.15548165600862113,0.09774603046502514
ENSG00000211942,0.0004858288093317974,0.00026340178527892925
ENSG00000126777,0.027863430900404527,0.021158523433321173
ENSG00000140025,0.011748427745823058,0.021767466560767956
ENSG00000100599,0.8047478061588642,0.5352170087486952
ENSG00000211941,0.0006280583543206386,0.0005331026312451647
ENSG00000100522,0.18547400215767793,0.16566614802823565
ENSG00000277734,0.001997345054750631,0.004061316505866462
ENSG00000129562,0.0018559708468696714,0.0030764313158587707
ENSG00000155463,0.0356932632414658,0.07829744218018167
ENSG00000197324,0.649881188675332,0.6484703387684565
ENSG00000100461,0.8112847103478973,0.7273063527583867
ENSG00000100462,0.03853752894906486,0.10013357863625323
ENSG00000259132,0.6149829733890246,0.6335224089128593
ENSG00000129474,0.6533987150308074,0.5308138716485714
ENSG00000100802,0.5136155524125967,0.24984816397269483
ENSG00000100804,0.018016313154668902,0.039335930873759944
ENSG00000179933,0.02859033492999541,0.0625879709423528
ENSG00000235194,0.028951989058065696,0.00241146150954113
ENSG00000100842,0.21249756378519494,0.15205407926378534
ENSG00000092054,0.16164192574614802,0.18215370672481482
ENSG00000259431,0.8647757923476446,0.9320633812287996
ENSG00000213983,0.47849576487799494,0.3948504726190428
ENSG00000157326,0.4214333374804532,0.6345615668929414
ENSG00000100721,0.00462405289472366,0.015276355984042218
ENSG00000100605,0.17841656233530573,0.3027276227825179
ENSG00000165943,0.07677461166871608,0.3016729889502902
ENSG00000153485,0.08899110916205036,0.2030054568740571
ENSG00000170270,0.22307900969189265,0.5050797584407667
ENSG00000012963,0.4337592290238037,0.5327235556999015
ENSG00000100601,0.09244325986989253,0.13974787004948935
ENSG00000119705,0.0397410444253128,0.039205387254649594
ENSG00000063761,0.43422873705472953,0.5315624754013004
ENSG00000151748,0.1540878326883798,0.1409309435652926
ENSG00000100504,0.0015111033111737796,0.00045683563419588504
ENSG00000119689,0.10377285789931842,0.10220547271016946
ENSG00000198208,0.12361225011400032,0.03675963997031832
ENSG00000119630,0.4742402273357037,0.3017656712344373
ENSG00000119718,0.3918853066881941,0.23260701862051694
ENSG00000119684,0.7955983153381193,0.600486277335673
ENSG00000119640,0.5441009845097322,0.3894231546171486
ENSG00000170348,0.01995740133616396,0.02665680178348393
ENSG00000196136,0.5075341624378875,0.512378561407491
ENSG00000100528,0.03514769919963053,0.061762592937065805
ENSG00000197045,0.1308526403677192,0.12124948615006641
ENSG00000020577,0.25973555194067666,0.2891806954068523
ENSG00000198554,0.7639217643104071,0.6637985027881288
ENSG00000139926,0.8377649954609393,0.8615984475549511
ENSG00000156411,0.011533327806707069,0.010675568137476806
ENSG00000100867,0.04033645890729363,0.04874724410821299
ENSG00000119655,0.13835181610159766,0.2076797332045578
ENSG00000100603,0.03824690835494479,0.05362169709237714
ENSG00000179454,0.8234977905415962,0.9741085886044737
ENSG00000166428,0.007109926970289615,0.009561012580894318
ENSG00000136319,0.2070923164610454,0.4427783077466301
ENSG00000100814,0.5649563791830067,0.6964655976016296
ENSG00000129566,0.33953893920973427,0.39687975152075416
ENSG00000092094,0.026477039082902692,0.052240225431376075
ENSG00000100823,0.3657254290292541,0.586035071967481
ENSG00000258818,0.21492822844364604,0.07556375234471106
ENSG00000259171,0.9032650966602782,0.3536277324487661
ENSG00000169413,0.3573400524432907,0.23192224952149468
ENSG00000129538,0.6128483719835095,0.326859980133538
ENSG00000169385,0.399040564042468,0.6468450147065572
ENSG00000165794,0.8451357024256061,0.7137387420858357
ENSG00000165799,0.5385980458554618,0.3103631557608386
ENSG00000165801,0.8349974273028333,0.9062856236860983
ENSG00000165804,0.8208798453034647,0.5698903683545896
ENSG00000092201,0.40035043124817393,0.5051338915916683
ENSG00000214274,0.8820552700591373,0.36121648774128756
ENSG00000166166,0.7842304425671788,0.9050486351604696
ENSG00000256500,0.15955996125863234,0.08507739099065734
ENSG00000126215,0.7373925238686427,0.5480344810797781
ENSG00000119699,0.5310887229466768,0.38379267097850045
ENSG00000283071,0.0570018090868662,0.05297282279393579
ENSG00000185215,0.5913924649794537,0.436959605337924
ENSG00000165959,0.7487955813380232,0.9736984168329033
ENSG00000184990,0.21006740795273532,0.41859761701187537
ENSG00000179627,0.738131812745361,0.5069177543418788
ENSG00000100722,0.08385232459131876,0.0747503636677078
ENSG00000165533,0.41316415382618954,0.49024620090906057
ENSG00000203485,0.22615826181987148,0.38360922468090286
ENSG00000131979,0.5545125557762165,0.4476312468638688
ENSG00000185559,0.9402091971764075,0.6642964862673002
ENSG00000100889,0.6644392485866263,0.947044462435984
ENSG00000100897,0.8546747935170111,0.5942445999863416
ENSG00000092010,0.18536172055271039,0.17247219019463117
ENSG00000100908,0.34281816861422515,0.5104505589921566
ENSG00000100911,0.4438860208727151,0.3466440032815258
ENSG00000196497,0.36269488942606665,0.6821211556807178
ENSG00000100926,0.09151841900969156,0.16244658935812853
ENSG00000254505,0.08579437807360099,0.09948523664038016
ENSG00000213920,0.2032570430701296,0.43916664517665804
ENSG00000129559,0.006735523917162871,0.0057746720922975696
ENSG00000092295,0.9018741875075788,0.8019052297018398
ENSG00000157379,0.5139382540415558,0.1394929068140483
ENSG00000196943,0.5214616271166765,0.4808365474593088
ENSG00000213906,0.14236059757447794,0.34328280860989313
ENSG00000213903,0.13675314219405502,0.29149152836481784
ENSG00000129465,0.12386258950356174,0.27006064014949815
ENSG00000100968,0.11870974331782701,0.06795337635368094
ENSG00000100888,0.3137326143174367,0.5502283802064167
ENSG00000129472,0.46017817720880394,0.7105131455090755
ENSG00000100567,0.11081376851293878,0.08504971837864848
ENSG00000032219,0.19035897701479118,0.11890170816901001
ENSG00000100575,0.0319519736239299,0.07969506006242068
ENSG00000100578,0.965068989239052,0.8760646089251698
ENSG00000100711,0.18674234415024768,0.09789862450011905
ENSG00000165782,0.8515415113824178,0.7291996702143595
ENSG00000140153,0.1531178247929224,0.22551235559580088
ENSG00000100592,0.6902563465285471,0.9249134827581404
ENSG00000171723,0.2021167425437052,0.4627078362503496
ENSG00000185100,0.44479864910113387,0.7387404969827767
ENSG00000165792,0.3104517554410796,0.47798993983061033
ENSG00000211776,0.015824002665523442,0.04109649871360486
ENSG00000211778,0.00036605793124835326,0.0013813906923916292
ENSG00000129473,0.6947626062089818,0.6985450923270633
ENSG00000165417,0.8025859562371719,0.6978732352953478
ENSG00000134001,0.03296665481459334,0.01914512189210499
ENSG00000100558,0.5648636126302516,0.23742523500013288
ENSG00000156127,0.0006722520618768712,0.0006874443200085217
ENSG00000119686,0.7301840810771054,0.7220811040588417
ENSG00000119685,0.7603022685451913,0.8852039391852344
ENSG00000133935,0.000598744798516976,0.000726027047297683
ENSG00000089916,0.3476933751032092,0.48429889548067606
ENSG00000119650,0.5490375721768226,0.7901863142653105
ENSG00000054690,0.11720878090301054,0.19029484102547523
ENSG00000100564,0.10726022891525143,0.1326913341621806
ENSG00000081181,0.3625678867072285,0.631028405001745
ENSG00000100568,0.06597418737250825,0.053215950447906335
ENSG00000072042,0.0036459567630955187,0.0035906853308582728
ENSG00000139988,0.5413395953271208,0.7839903312547043
ENSG00000198807,0.2963277168065985,0.24375425208995313
ENSG00000072415,0.48359673882167664,0.419453213150745
ENSG00000100554,0.04360193090274349,0.006755429042672868
ENSG00000100883,0.017343507816549527,0.02361466609750345
ENSG00000211959,0.12222257521541144,0.07980033667963812
ENSG00000232216,0.021386404236996566,0.009188234391970347
ENSG00000211961,0.020469836577375163,0.009450833908939152
ENSG00000211962,0.7482680312551756,0.9831866661199424
ENSG00000211964,0.0022770748157004846,0.0007452946776108773
ENSG00000211965,0.0006640792276059217,0.00032772338275610684
ENSG00000211966,0.12422723242498172,0.0823775968737223
ENSG00000211967,0.0021644225374520825,0.0004111933841181123
ENSG00000211968,0.0026428374919309364,0.0008647748238208965
ENSG00000224373,0.000998786272652426,0.0004353286792608558
ENSG00000119638,0.4648879562106908,0.5044362310793125
ENSG00000075413,0.12306267191795964,0.056180460351998134
ENSG00000205978,0.04424816078096076,0.01508717119770224
ENSG00000139899,0.04319378257985158,0.04258559242358484
ENSG00000100441,0.6149178646567208,0.823889696699127
ENSG00000100450,0.026532166741252375,0.0410553811631268
ENSG00000100448,0.02178931854771434,0.08402771514704337
ENSG00000139990,0.5940609407735332,0.5638572935914654
ENSG00000092140,0.24385176870515285,0.3991424587584165
ENSG00000092108,0.3409154361489859,0.2180863688455896
ENSG00000197249,0.40246040230526514,0.5449213469950509
ENSG00000129484,0.8804717921413933,0.9866772792829175
ENSG00000133943,0.4094255973806491,0.7184396879921326
ENSG00000227051,0.38774320867747947,0.20226732573298112
ENSG00000168398,0.8143873869163343,0.7980842428259576
ENSG00000053254,0.8055883454465046,0.7358757255639559
ENSG00000157227,0.06874017909013275,0.12279787617661615
ENSG00000165929,0.45244383521947884,0.47131906049356986
ENSG00000100815,0.32800567358638855,0.294613607627996
ENSG00000183648,0.050191471505191716,0.09462793800605492
ENSG00000165934,0.04284972028081086,0.04600476666542237
ENSG00000092203,0.5766055066307703,0.7600408028208657
ENSG00000165819,0.22051769185890677,0.2071895255086241
ENSG00000165821,0.7452119738104499,0.29629108908165197
ENSG00000100483,0.8922889813906807,0.8183341406508641
ENSG00000100485,0.818539653199251,0.6759331744980721
ENSG00000087299,0.6460340353409222,0.5395271057662436
ENSG00000100490,0.13667600115583467,0.06369183002086327
ENSG00000133983,0.006113204518815353,0.00469336485641903
ENSG00000258644,0.020934927061896258,0.01665741858229678
ENSG00000213463,0.39241266253170437,0.6712564015662865
ENSG00000133997,0.02640561411728413,0.026313927488915884
ENSG00000133985,0.2598699076335057,0.25901899817337337
ENSG00000006432,0.7090280587125031,0.821945572846161
ENSG00000100934,0.40070538927101385,0.4576564720680354
ENSG00000182400,0.04984148106505241,0.06438396327877643
ENSG00000100941,0.9436666107488302,0.7122687986106774
ENSG00000119682,0.9753137757916208,0.9687204239669844
ENSG00000119616,0.235712839352621,0.2297757907558408
ENSG00000119596,0.8049662618608864,0.9781084068267503
ENSG00000168175,0.14074710542153193,0.10116451518524419
ENSG00000131981,0.5216757605237881,0.6981496028151902
ENSG00000126787,0.2647515122304033,0.19557958104837445
ENSG00000178974,0.6830972760135201,0.43796851841848616
ENSG00000126775,0.796045660952811,0.6243395146333068
ENSG00000072121,0.3326541156929401,0.49209786182650017
ENSG00000100916,0.07826657241397994,0.17191584087368816
ENSG00000022976,0.9081606411696357,0.675073310641864
ENSG00000100949,0.39162213229136933,0.17326894790085812
ENSG00000100796,0.19794634369786143,0.1744602383076339
ENSG00000092036,0.3920060165914422,0.6629902886915426
ENSG00000174373,0.8736295856119018,0.7555057060165664
ENSG00000012983,0.799341080678676,0.9013037154436724
ENSG00000197102,0.25200918018785196,0.1685121071114731
ENSG00000100813,0.9184347229560759,0.9739627357991889
ENSG00000139998,0.9693420514098181,0.572069713525957
ENSG00000257365,0.7931041511137941,0.7012173951325633
ENSG00000125952,0.8908735379415075,0.9692338890223392
ENSG00000172590,0.05395779648628439,0.05909746531852444
ENSG00000100577,0.7672987435248049,0.6135415999276504
ENSG00000100580,0.9083935210730816,0.6329132508948813
ENSG00000183828,0.7398974805591093,0.9558032988017344
ENSG00000126822,0.3307715920409705,0.5559477263490411
ENSG00000070182,0.056997810973216774,0.11676519841987223
ENSG00000009830,0.13927372895666223,0.2719330492604975
ENSG00000142208,0.11185791448268372,0.15979013203509665
ENSG00000184887,0.557204341595892,0.6883447539336607
ENSG00000198513,0.7336210737453199,0.936447769608546
ENSG00000100473,0.5502627964287559,0.9591383171531551
ENSG00000196792,0.11132248471512958,0.10677579827204499
ENSG00000072110,0.027935842734711183,0.008490074176130851
ENSG00000100478,0.08403129427428672,0.10730489883153681
ENSG00000185070,0.5349097578264908,0.34501476989300994
ENSG00000090060,0.029044098096460046,0.07145204542768852
ENSG00000258289,0.010390773753518526,0.010360784724960125
ENSG00000092208,0.06913367605184714,0.07590277153123227
ENSG00000100836,0.5399221388612019,0.6829288741129425
ENSG00000100445,0.6548702459670797,0.633562757293507
ENSG00000165553,0.5064524694604384,0.2483762307811654
ENSG00000211785,0.24311901027613464,0.2647161247185856
ENSG00000211787,0.008227951464472924,0.018045820500833126
ENSG00000211788,0.0004513895079431228,0.0012553406189985317
ENSG00000211789,0.027772715681939873,0.05254865486671952
ENSG00000211790,0.007259234147171495,0.00647160367804221
ENSG00000211793,0.0009949352361818483,0.0008866305508054097
ENSG00000211794,0.05644142804960793,0.07733294026626245
ENSG00000211799,0.04715047221342787,0.05272651371549738
ENSG00000211801,0.0027485731565438255,0.003070057051740106
ENSG00000211817,0.0004529898865981138,0.0004272267382728245
ENSG00000211896,0.0007263951408673407,0.00029161975333466663
ENSG00000211897,0.0005222790495016436,0.00030231455320929503
ENSG00000211898,0.0022193815021407195,0.0005647959988145944
ENSG00000211899,0.0009721938203239865,0.00025480412220573454
ENSG00000211900,0.9939352718616995,0.7358669302934829
ENSG00000242472,0.8307710667180392,0.8753740970030506
ENSG00000240041,0.32407937419552346,0.45048088847567147
ENSG00000242887,0.1407460569224444,0.4126031369022647
ENSG00000211904,0.7514364173381294,0.6739713115589842
ENSG00000211905,0.005222896050007791,0.0026667062984348155
ENSG00000211933,0.8714386129275704,0.8743043351372916
ENSG00000211934,0.001010687109080334,0.0002752326611323257
ENSG00000211935,0.04480292033130775,0.02109093427575054
ENSG00000276775,0.0030660805300394625,0.0009440282296209517
ENSG00000282122,0.0017593887152132991,0.001027783217956379
ENSG00000211937,0.0001679651163279539,7.781354779496664e-05
ENSG00000211938,0.010796832488891428,0.006270760761639076
ENSG00000211970,0.0023670324355157756,0.0007855577083581149
ENSG00000223648,0.016004999121611466,0.0018034222204629912
ENSG00000211972,0.016030025718896418,0.004241967297539461
ENSG00000211973,0.45180826451116596,0.44590776893365314
ENSG00000211974,0.05636829618289708,0.03469833108034367
ENSG00000281990,0.3187696567718255,0.22151432518107023
ENSG00000280411,0.10975399770734667,0.0364359401999954
ENSG00000274576,0.008491190174952748,0.0020180581869421507
ENSG00000225698,0.0005232146302876277,8.886534507218607e-05
ENSG00000211976,0.01833540905533454,0.0026550640678688012
ENSG00000224650,0.7769986705533359,0.8122586790378541
ENSG00000211979,0.0009371653047209615,0.0005279492382108493
ENSG00000176438,0.0745973273865957,0.06806138495958698
ENSG00000197555,0.9604642035552801,0.8220277360215013
ENSG00000126804,0.24920049651542137,0.19242032001527365
ENSG00000100644,0.2634321870005995,0.2521567394287974
ENSG00000023608,0.20027831776145497,0.27407360716990464
ENSG00000100918,0.18321129639058273,0.27317556392894415
ENSG00000176473,0.14523572336612459,0.16008172219511035
ENSG00000100628,0.8294392567426502,0.9159041367493348
ENSG00000089723,0.9303511129214841,0.6254052716194909
ENSG00000165948,0.6645701015944145,0.738969649155532
ENSG00000119632,0.24301902400915776,0.23032081476294397
ENSG00000119698,0.5965332141699091,0.3491349938230607
ENSG00000126803,0.5201908385614298,0.8619965743814137
ENSG00000183484,0.11103644914489362,0.13444418577367492
ENSG00000184916,0.5850818202676203,0.5331141854824655
ENSG00000179364,0.3383981884947437,0.6101311874296613
ENSG00000182979,0.14646149492014363,0.28755625556809805
ENSG00000182809,0.49134572101656493,0.6915676161762057
ENSG00000213145,0.2669921046655571,0.4131282502311231
ENSG00000185347,0.4311625332211503,0.5268572881490556
ENSG00000184986,0.4298429502655944,0.14250762501826378
ENSG00000211890,0.020898279082277926,0.011207746456967692
ENSG00000211892,0.007833355171330148,0.007377837059444797
ENSG00000211893,7.926549854691357e-05,3.310127703263717e-05
ENSG00000071246,0.0861187474263462,0.05720603716315841
ENSG00000013523,0.9835227612405164,0.5600874991664673
ENSG00000119669,0.4305798309011212,0.3615305896583657
ENSG00000166165,0.4274996885248942,0.15502412715994787
ENSG00000256053,0.011108161484192344,0.022150149366444265
ENSG00000125375,0.49120849307194236,0.36360866358169674
ENSG00000211448,0.4130795165548947,0.47363555660624135
ENSG00000139970,0.8260689419780771,0.64071435374858
ENSG00000100526,0.04295362111707701,0.0398041939179863
ENSG00000100852,0.6644443091126899,0.5057680425877435
ENSG00000165795,0.601563395337266,0.5300527130782828
ENSG00000100453,0.008025904225937993,0.02261207136319301
ENSG00000054654,0.7503162959474106,0.6428361241908573
ENSG00000099814,0.9477466163495464,0.9036446182901783
ENSG00000187630,0.8314873561675071,0.9557272101601633
ENSG00000185024,0.5360751904986292,0.6525820056442542
ENSG00000087303,0.8706355928990713,0.564456845893541
ENSG00000015133,0.02394857111198123,0.015523635453265575
ENSG00000100938,0.4166780796794889,0.5197471978094121
ENSG00000139880,0.8676631448660906,0.5120945970757189
ENSG00000151332,0.21851109295421367,0.3353662053705659
ENSG00000066427,0.0282550605772244,0.04288467920029543
ENSG00000089737,0.033165934070831744,0.02656784649786084
ENSG00000027075,0.17065813932363944,0.12587155011191578
ENSG00000092068,0.261272570224035,0.3260199386543575
ENSG00000176153,0.24037018038241822,0.5733142791406478
ENSG00000198668,0.013744151400500448,0.003621386524099875
ENSG00000129518,0.10830439758976673,0.1640023900589805
ENSG00000092199,0.006483550558003313,0.03443366367948117
ENSG00000150527,0.13318418285742176,0.16205921269912776
ENSG00000136305,0.05214547616623942,0.059807968989678974
ENSG00000100439,0.2534177071816679,0.5325093738840458
ENSG00000186469,0.25545407579592266,0.30177705944910455
ENSG00000156050,0.02827216284850078,0.019135077920568296
ENSG00000119723,0.16861479828999748,0.28867931968360233
ENSG00000187097,0.8921404690227106,0.7806409702079509
ENSG00000119636,0.862219239636503,0.762159167490076
ENSG00000119711,0.9830121111009643,0.3775813762091289
ENSG00000119688,0.5091883445288115,0.21259720775772759
ENSG00000205659,0.7211545665998165,0.388390546128925
ENSG00000165525,0.9788791978176318,0.977107990470378
ENSG00000165527,0.25954376539830426,0.13288519970182822
ENSG00000165410,0.01796908323420065,0.02772587526904362
ENSG00000198604,0.2005560091876554,0.3212925819412496
ENSG00000092020,0.2957213651924263,0.3449676825284239
ENSG00000100890,0.05328387366683032,0.13210990378129148
ENSG00000100902,0.03689208894132475,0.04853878041545573
ENSG00000151445,0.27394257638554725,0.3121103300949505
ENSG00000100591,0.1493239242588728,0.1773392792579066
ENSG00000100596,0.9143100290879799,0.8764882980674842
ENSG00000100632,0.030146374775168544,0.024326493325333747
ENSG00000029364,0.18853245797212,0.21913837403246447
ENSG00000081177,0.6585543037118777,0.8130175681898859
ENSG00000140006,0.6131308041113835,0.5603043482451067
ENSG00000198133,0.9829018032569308,0.6612983159682977
ENSG00000071537,0.5607608265976123,0.697438279297534
ENSG00000140022,0.22959461878734921,0.09209426013825509
ENSG00000165949,0.09750230929175795,0.061454109411467624
ENSG00000205436,0.26690479356967095,0.49707646426001717
ENSG00000129493,0.4715685199984607,0.6215951041449583
ENSG00000184227,0.8795902645928342,0.8057490502669826
ENSG00000119673,0.8068643127606885,0.7667129200152158
ENSG00000177465,0.5707009940130171,0.6582398067326714
ENSG00000119661,0.16092157140351,0.437019481882858
ENSG00000176903,0.05301746675346035,0.11059332535820766
ENSG00000140043,0.8305560030230827,0.8106706357400207
ENSG00000119725,0.025001195154867737,0.039548517466489325
ENSG00000168952,0.5964716027075307,0.2670798837247483
ENSG00000182185,0.033462288547524414,0.05218522031032909
ENSG00000165355,0.6314092146551888,0.8451939203217969
ENSG00000092148,0.5480456207682511,0.6411571646421647
ENSG00000166170,0.049444070709028634,0.09134733832082327
ENSG00000126214,0.35384040558980845,0.2711054667305623
ENSG00000080824,0.01943593284400916,0.03952684517504102
ENSG00000078304,0.05341540880020193,0.07068757977299579
ENSG00000129514,0.427869378004731,0.18595404906858254
ENSG00000011114,0.5138981455910905,0.5706403146341351
ENSG00000175785,0.784958168116431,0.8868634176185964
ENSG00000182521,0.296011850975512,0.1863933463962444
ENSG00000156030,0.39719645495892164,0.44197309153753594
ENSG00000092096,0.5155411982678673,0.9848284806680925
ENSG00000185246,0.7464015622183879,0.6797472420339811
ENSG00000100442,0.017665002010738774,0.024150786823006455
ENSG00000129534,0.9468044195433462,0.9084253777430943
ENSG00000187790,0.9369486853824398,0.9446107764788112
ENSG00000182545,0.1636395713115577,0.09003029149706905
ENSG00000100532,0.5358691837001681,0.7207007145780265
ENSG00000066629,0.672561468656674,0.6892760862779701
ENSG00000166183,0.3084220720826111,0.29571789299486145
ENSG00000066735,0.8258103498990723,0.9981400717178172
ENSG00000089775,0.8652289045956948,0.7878779630783661
ENSG00000100714,0.296843491610964,0.2581060763864027
ENSG00000100697,0.871108972321639,0.84858471063723
ENSG00000198805,0.23310938470194909,0.12784481492765246
ENSG00000165861,0.9884264064657449,0.9506217836362619
ENSG00000119707,0.6673708317306063,0.6513447040956309
ENSG00000100767,0.04872079761108615,0.023669563687199083
ENSG00000133961,0.2709012194911964,0.3205123441525898
ENSG00000170468,0.48321557077098964,0.5121771517331501
ENSG00000100906,0.5842068325785894,0.9476712157002559
ENSG00000151338,0.25719871433367963,0.656315676455425
ENSG00000155465,0.5124040888180101,0.3246333834836443
ENSG00000213928,0.412634080975984,0.31218173049393905
ENSG00000127152,0.33460118056788823,0.46757965756506903
ENSG00000092330,0.9827149004371811,0.9541116834229185
ENSG00000092098,0.5908814613521631,0.4243613943190685
ENSG00000156381,0.31504178757137424,0.25358589247994007
ENSG00000089902,0.1318492340938245,0.09056070237969925
ENSG00000166126,0.07123176973318468,0.019018005537811262
ENSG00000131323,0.7184980814544937,0.8675080240271978
ENSG00000213741,0.20757678013613895,0.4157140324281825
ENSG00000165501,0.24055634762275108,0.20243465618319148
ENSG00000165502,0.022143175476503543,0.008885961322832802
ENSG00000168282,0.09421498692807927,0.11970763705276316
ENSG00000165506,0.513183718201881,0.7441235276946458
ENSG00000100479,0.7790934042010929,0.9297208336029417
ENSG00000165516,0.6905338849589062,0.9643169669063725
ENSG00000080815,0.0644730183693028,0.13241802754857573
ENSG00000258643,0.21635493201968745,0.17312932434172915
ENSG00000198752,0.2007703163575114,0.18868402698454528
ENSG00000126814,0.3987702399639279,0.45631948277490464
ENSG00000139974,0.05991266649118,0.10880019968385078
ENSG00000182107,0.4233470140593498,0.6967488123658055
ENSG00000151327,0.09782549729594404,0.08660217161762167
ENSG00000129460,0.07991266727125071,0.14734946336715518
ENSG00000100433,0.5589764208033006,0.33026783929804165
ENSG00000197119,0.11377637616813441,0.02930351965529548
ENSG00000140105,0.33789701632860863,0.10375799742160077
ENSG00000100811,0.030930742473936176,0.06600429728247718
ENSG00000139946,0.9131865629710502,0.5275844914312957
ENSG00000198732,0.33282870847876556,0.6166549809156756
ENSG00000185650,0.5410527909706493,0.3986468099070334
ENSG00000196405,0.7418610816450929,0.663599638711714
ENSG00000126821,0.4620396545117693,0.20056409631708094
ENSG00000140092,0.23654559089587326,0.1433092100605536
ENSG00000100503,0.8010037504764862,0.7518986710031039
ENSG00000168350,0.35513532022624816,0.3091201424736423
ENSG00000100664,0.856346238329521,0.9543489163642894
ENSG00000165617,0.12860287068031245,0.31614234944003566
ENSG00000100749,0.06483047950889749,0.04212840937615649
ENSG00000158270,0.45249887440920344,0.1573136072513881
ENSG00000141401,0.28065285451225735,0.26803901943127567
ENSG00000168461,0.5797085046330711,0.4044270607632996
ENSG00000176105,0.34102192066538806,0.5742461647061226
ENSG00000166974,0.8804119768619836,0.9741260071487554
ENSG00000178127,0.08902042143025839,0.16655150577876887
ENSG00000154889,0.47184079530064116,0.9799448530102115
ENSG00000017797,0.9980939537207044,0.958956063891918
ENSG00000141380,0.30886184807757533,0.22923536987023324
ENSG00000101745,0.5420872635035157,0.3226809936751774
ENSG00000152242,0.5656809980013009,0.40344422071591823
ENSG00000154839,0.548912294094773,0.5104295046136604
ENSG00000141425,0.7024296194978401,0.31753404109943656
ENSG00000101773,0.7148336696970219,0.6073070584803941
ENSG00000168234,0.12207337865073035,0.02434552030721742
ENSG00000141622,0.06368903503506358,0.012259140965073478
ENSG00000067900,0.4014715475274767,0.2204071853187806
ENSG00000176641,0.9893125652352904,0.7281897148404312
ENSG00000166510,0.8496173237475919,0.712494288994616
ENSG00000175387,0.9987282209146526,0.607265274150302
ENSG00000041353,0.48647483987431095,0.6676481118752777
ENSG00000091164,0.6906222587872253,0.8403686979663744
ENSG00000134030,0.8779723815298432,0.6030824868346748
ENSG00000082212,0.5307033563666843,0.7884752722889721
ENSG00000141441,0.42121399890984257,0.10508778967016041
ENSG00000184828,0.04876455173180078,0.008202987582801623
ENSG00000101782,0.3991684438928941,0.40102551160556255
ENSG00000141458,0.24320784368413803,0.5292087118049534
ENSG00000172466,0.3360647447797609,0.2322508395018953
ENSG00000166562,0.09811407383405936,0.10112855204861329
ENSG00000134779,0.5298488543201019,0.7548503742463925
ENSG00000166479,0.5296744725432377,0.5139994415420381
ENSG00000141452,0.5803453405848527,0.9879160134419941
ENSG00000175354,0.4013080851427505,0.6406923521515822
ENSG00000186496,0.14606753946157858,0.06095473608272077
ENSG00000081913,0.3074343795455771,0.19611085755068064
ENSG00000141428,0.7736286228559833,0.7133233552133044
ENSG00000134504,0.2733862136808664,0.22578100421798178
ENSG00000141424,0.2256453855699645,0.2711848708327332
ENSG00000198081,0.4005360314810986,0.21165169810875314
ENSG00000198795,0.05477389026102745,0.025421160527558374
ENSG00000154059,0.8948862692318779,0.5702547687639197
ENSG00000141668,0.0002287953306466884,0.00011677838952808906
ENSG00000197971,0.9783135995534286,0.8538199497222211
ENSG00000101493,0.7162015788132978,0.4149778207539
ENSG00000186812,0.042759844171506564,0.014782516009265414
ENSG00000134490,0.49866033986340985,0.676339250881796
ENSG00000134759,0.5410978377347421,0.8411605430096132
ENSG00000101695,0.10032786353387964,0.09550748759212514
ENSG00000197563,0.5637679718754871,0.9051899188148546
ENSG00000075643,0.9508678686250805,0.9851347492059195
ENSG00000133313,0.5088793864758976,0.21861618414208733
ENSG00000267140,0.681245899587497,0.6709295316808316
ENSG00000186814,0.04546390273580959,0.021721026407518346
ENSG00000128791,0.8015699447796243,0.9210848491320014
ENSG00000150477,0.675688320715723,0.9616081599557124
ENSG00000154065,0.07283774405400291,0.18884649616535157
ENSG00000078043,0.3912639063651113,0.13095805728308108
ENSG00000167220,0.950994886031292,0.975746974927744
ENSG00000134049,0.5152152413628108,0.24848164788410854
ENSG00000177426,0.4083101205869566,0.7194219197862382
ENSG00000141384,0.5000988296849752,0.4244175023436534
ENSG00000141682,0.5224028575483795,0.5492742886944659
ENSG00000134757,0.6678661154503427,0.8107144497707335
ENSG00000170558,0.321594462461838,0.3892194042407915
ENSG00000215472,0.30341353379337377,0.3694516043107867
ENSG00000101670,0.821548811715605,0.7646027515015903
ENSG00000141627,0.9126583668420694,0.36649442112348396
ENSG00000176624,0.7303773648080558,0.9507976368356931
ENSG00000196628,0.16755964412906946,0.06794864364185275
ENSG00000134440,0.5811720126242066,0.7717701171202936
ENSG00000081923,0.8119130780257255,0.449234348298411
ENSG00000153391,0.35348960070563484,0.5560747895807696
ENSG00000173482,0.7019354740202943,0.3916148685017955
ENSG00000154655,0.6373954257137471,0.24759747279457497
ENSG00000141448,0.10336156840940149,0.2523541288432229
ENSG00000088756,0.4201076190774625,0.3798300743949692
ENSG00000134444,0.31237359518179425,0.3556852398661198
ENSG00000074657,0.5499536774031418,0.5725711675645477
ENSG00000177576,0.42911578681104345,0.7153114408254229
ENSG00000154856,0.012718872537233382,0.055392559923766266
ENSG00000134265,0.22004044901822817,0.2630072387480724
ENSG00000170677,0.9824085756886881,0.8604507776489358
ENSG00000141446,0.5731021875316242,0.21545531183264774
ENSG00000167088,0.5040188627054913,0.8659258543545321
ENSG00000158201,0.7881549056245888,0.6259082296879233
ENSG00000119537,0.8319936718742743,0.9449143196069115
ENSG00000119541,0.5583046127522858,0.7607309306537352
ENSG00000206075,0.5657121452278623,0.32624125471265697
ENSG00000171791,0.013316271697820976,0.0034394803631322634
ENSG00000176014,0.035744246104180366,0.016162982827038777
ENSG00000177150,0.06487545370014941,0.1340726966214077
ENSG00000101654,0.460760002117213,0.8382239813614172
ENSG00000132205,0.3004827492742435,0.15135213774343764
ENSG00000101608,0.15321103524520907,0.2178344449456701
ENSG00000118680,0.057542504420983506,0.0778610756922599
ENSG00000134762,0.3264310983217391,0.3219627035083236
ENSG00000134765,0.15715480220904843,0.22087661983393747
ENSG00000134760,0.441569585195684,0.8732957877357644
ENSG00000154845,0.3054966133249389,0.2086730313675903
ENSG00000131196,0.23580706092142967,0.08502043459381724
ENSG00000153339,0.6879761550247063,0.5948783449261346
ENSG00000150636,0.7569094705648454,0.7430889390723434
ENSG00000154040,0.624271786261535,0.9122682374252314
ENSG00000053747,0.2799458921551219,0.21924612131055
ENSG00000141404,0.06279879766425958,0.03214544856406575
ENSG00000134758,0.4288487817998913,0.2104278320136825
ENSG00000176225,0.0812243539271581,0.029282010423675217
ENSG00000197641,0.8587623097190004,0.9368453771413353
ENSG00000206073,0.7554385771476394,0.2318798791819007
ENSG00000206072,0.661182570200648,0.48972088367373556
ENSG00000057149,0.4414510481220204,0.1761009714309922
ENSG00000178690,0.04450173228870565,0.0770411968673253
ENSG00000082397,0.1739037610533642,0.07234715999431562
ENSG00000075336,0.7256466793128407,0.7591787429810216
ENSG00000166347,0.3026500201922835,0.6570162309131988
ENSG00000134769,0.1998718256297509,0.5536640135396611
ENSG00000166634,0.008305775824440182,0.009130047747540582
ENSG00000141391,0.9241939301439864,0.620175132340733
ENSG00000122490,0.8534326301791105,0.9032319949481147
ENSG00000134755,0.6793359775456072,0.9828744754873093
ENSG00000206418,0.1330499959172614,0.3151797548160336
ENSG00000066926,0.10481231110117195,0.09246028491742768
ENSG00000046604,0.018364413882390147,0.058006718253106986
ENSG00000134508,0.03043545582200289,0.010115366620781066
ENSG00000118276,0.6557357756556388,0.40325331123776065
ENSG00000265681,0.10708804399944674,0.17958630822699215
ENSG00000101665,0.5789096677940075,0.5698278067758162
ENSG00000141429,0.6500501923013688,0.8262339790941586
ENSG00000215421,0.4247435147717652,0.35115193677118717
ENSG00000226742,0.14280267960308193,0.11195008589656667
ENSG00000141759,0.6404261370720425,0.47488621458544156
ENSG00000101546,0.2625615147912018,0.2664218682089893
ENSG00000101544,0.590306911853887,0.9508492841015072
ENSG00000178184,0.2238023240974418,0.1688292652286775
ENSG00000101557,0.01464358036151013,0.028687998866579842
ENSG00000141642,0.14153739040505026,0.04463360076432192
ENSG00000141646,0.5675129725224748,0.24630716037260103
ENSG00000101574,0.2812907880899194,0.12153733070423493
ENSG00000080986,0.8129822853317248,0.9407119172618025
ENSG00000101596,0.1789517672186651,0.09557418117245457
ENSG00000166377,0.19419004847646956,0.33667282401228754
ENSG00000078142,0.6819142275935255,0.32915606770114303
ENSG00000079134,0.25536149734544267,0.296955295638264
ENSG00000141447,0.7353817944379466,0.45771821218647823
ENSG00000101605,0.22382272108931237,0.32313833471850384
ENSG00000091157,0.5377860143810045,0.34146603190956676
ENSG00000101680,0.23689880530484805,0.15824464379558534
ENSG00000176890,0.2621367836954904,0.4406921287273534
ENSG00000132199,0.6293776559155108,0.7475979113961648
ENSG00000134775,0.9788670280473675,0.9922544971549737
ENSG00000141385,0.2245444204587532,0.7138377602046047
ENSG00000060069,0.5076953048903092,0.4640067835790467
ENSG00000152217,0.8291512329041881,0.7774916728772778
ENSG00000049759,0.5398145007203897,0.98621236758666
ENSG00000101558,0.08044708516573842,0.0858828362819976
ENSG00000167216,0.04334075646593356,0.010514642467412544
ENSG00000134046,0.9599463122418385,0.995735225060734
ENSG00000101751,0.9576223876148678,0.748381888462443
ENSG00000166845,0.8353041202734197,0.7153265651647907
ENSG00000134278,0.5820738119332841,0.946141695565061
ENSG00000101752,0.5692901481557502,0.31004698099333905
ENSG00000168502,0.4967916330689768,0.5765664603190692
ENSG00000134443,0.715304353270486,0.8870595581476837
ENSG00000074695,0.9995760667445169,0.8939182481590644
ENSG00000183287,0.0024116939569509468,0.004283264967781852
ENSG00000152229,0.27580203510397266,0.2840596168911136
ENSG00000152234,0.8216918639414017,0.4950851034812157
ENSG00000152240,0.9592421022090976,0.7652429918252895
ENSG00000152223,0.2753777530002876,0.18926889669987215
ENSG00000101577,0.001939630658841667,0.0014738465062791666
ENSG00000172175,0.7499751015768629,0.7935172120979104
ENSG00000166396,0.2821332650069144,0.5141126823144663
ENSG00000197632,0.6764839061235497,0.9790358494611591
ENSG00000221887,0.09812160576385177,0.07051746170241976
ENSG00000166401,0.5630451439359749,0.8426561084549031
ENSG00000167315,0.6043710463205791,0.4116038186933919
ENSG00000172361,0.6531816402470169,0.3112706114127621
ENSG00000154832,0.14577126940783308,0.0650607687203218
ENSG00000167306,0.32063760597333496,0.18138610128686516
ENSG00000101624,0.5876429241844784,0.2521327414166049
ENSG00000128789,0.17419478602842253,0.36170789484977994
ENSG00000085415,0.17579023134651578,0.44942162442606104
ENSG00000101639,0.47278227915135196,0.2728951268561415
ENSG00000168675,0.056751775582298915,0.04684189713094398
ENSG00000079101,0.5320117220830302,0.9084662288140908
ENSG00000141655,0.34120626937051796,0.2729286157346
ENSG00000141664,0.6447138889247627,0.685228231098239
ENSG00000255112,0.02540767758690701,0.11556390288562723
ENSG00000179981,0.17228897234822593,0.0824734327355548
ENSG00000141644,0.621569861014528,0.4591684271577575
ENSG00000130856,0.07654874850103038,0.0489084389983282
ENSG00000180011,0.34666705869474035,0.18429273118327802
ENSG00000171853,0.7810907602047013,0.8927713591457479
ENSG00000182551,0.7564965840930958,0.8555592081299002
ENSG00000171865,0.9509690074056854,0.6659938895341176
ENSG00000151353,0.07571009678971098,0.04766225524955501
ENSG00000171863,0.08710970377741765,0.20006749151445968
ENSG00000163029,0.7369040054594198,0.4391933773854151
ENSG00000162981,0.737899910378508,0.604995205409895
ENSG00000151693,0.33116324228963095,0.4564212641158253
ENSG00000084754,0.7540636738188564,0.9540277538554309
ENSG00000143867,0.04655064189418841,0.016628198817028487
ENSG00000183891,0.5375657894308503,0.9067950688253487
ENSG00000178295,0.0575182312721317,0.035977030978882336
ENSG00000163032,0.9285476207195688,0.6578422959045052
ENSG00000138061,0.9353167175750642,0.524625087606143
ENSG00000118961,0.4687979620919597,0.6580851646308372
ENSG00000132031,0.2042809555195149,0.44934714532711606
ENSG00000118960,0.44784004794986765,0.6582935854906667
ENSG00000119778,0.2604027443652296,0.14773939501990474
ENSG00000068784,0.4693912117788589,0.46679563026231174
ENSG00000162949,0.8228910913092202,0.8908214250413079
ENSG00000049323,0.9509427798159775,0.7292558465616144
ENSG00000214711,0.8974184354940005,0.7645520859259489
ENSG00000158125,0.18946084213071007,0.10757343305562414
ENSG00000171132,0.7190120208210959,0.30988137758322143
ENSG00000115808,0.9239061336969203,0.8459559896449032
ENSG00000115163,0.3342664594915143,0.28501799655440363
ENSG00000115380,0.14918876034393466,0.09906967194575453
ENSG00000013016,0.42564774528089633,0.5019515332628579
ENSG00000115421,0.4348619344598934,0.19313197271353522
ENSG00000138029,0.07662042676616028,0.1665139141856446
ENSG00000171055,0.1642252415224646,0.1254437492046681
ENSG00000196975,0.5977029999244055,0.7058234080969048
ENSG00000143951,0.667815815865499,0.2721337048494225
ENSG00000115944,0.003935556765094,0.011854144238778806
ENSG00000144040,0.772308789420433,0.6784209570212625
ENSG00000075292,0.5209970479988466,0.9230941527580049
ENSG00000119787,0.9649082176611751,0.9763700043131047
ENSG00000275052,0.5192487181861789,0.7310659523868692
ENSG00000115464,0.9891858795307427,0.6678753593647481
ENSG00000143971,0.9587227799172415,0.9033486403484292
ENSG00000213626,0.5405303219320184,0.5333917500791805
ENSG00000243667,0.4261412065470911,0.3261809063126375
ENSG00000186854,0.6718610911471607,0.598653852455082
ENSG00000115363,0.18692414454731973,0.16483823083836746
ENSG00000143889,0.6871582707803016,0.8863206486082706
ENSG00000115946,0.05684106598688152,0.13932161382578978
ENSG00000138035,0.7995941492745722,0.8420300003274674
ENSG00000170577,0.9271764438012386,0.5053061773814848
ENSG00000213699,0.4184461213210069,0.18158770482636474
ENSG00000115350,0.590013827063127,0.4318896857047314
ENSG00000152147,0.04497300704930299,0.09643696798848267
ENSG00000115239,0.43184658964166145,0.770903643164679
ENSG00000116016,0.5679285059841455,0.44844211417293045
ENSG00000143919,0.4078051225733157,0.7009464001002992
ENSG00000135631,0.8233240410958931,0.7919751257705187
ENSG00000075340,0.06696247429072479,0.22607574589098173
ENSG00000176407,0.20892915449389599,0.45095999931239317
ENSG00000119866,0.0619412518597792,0.03595180248425995
ENSG00000034510,0.32351532181002346,0.20343262362042705
ENSG00000115364,0.07762997816443638,0.11040704708686451
ENSG00000124374,0.929441697660536,0.5987249124667675
ENSG00000121152,0.5127020189998925,0.8024235441738035
ENSG00000162878,0.7791108037974395,0.5029871635942842
ENSG00000152284,0.5259351731434574,0.3430571406749431
ENSG00000159399,0.2916428756755995,0.33240060883763245
ENSG00000158089,0.012023382536455247,0.018324162920667804
ENSG00000158435,0.14691937242849712,0.2726657780681978
ENSG00000138032,0.9121205551701549,0.6231475731037617
ENSG00000135972,0.19910236674999443,0.5543235307946204
ENSG00000119801,0.12372840734060105,0.11472392229448469
ENSG00000115616,0.9176238144369422,0.6723093906949766
ENSG00000071082,0.02235808220781368,0.13950185560145556
ENSG00000075568,0.9414874955813142,0.7178536923014425
ENSG00000135974,0.0027885002091827555,0.02810949706391155
ENSG00000163162,0.025327861530189635,0.025672833998008376
ENSG00000005436,0.9950729270475515,0.5369835390186968
ENSG00000068697,0.03368568052176605,0.06515454243041703
ENSG00000143995,0.003194366400994812,0.0013566193975183799
ENSG00000172086,0.3086392240237786,0.18742958308527222
ENSG00000184731,0.1004767859315965,0.08084735420194887
ENSG00000115507,0.4513448830227481,0.2145506973224741
ENSG00000173960,0.9283697292335028,0.8213561908923274
ENSG00000163235,0.2723258556925604,0.1281663749575961
ENSG00000115875,0.2821197454074139,0.2978466472340108
ENSG00000163121,0.18422772516654612,0.12571332234075877
ENSG00000162869,0.5915996258612441,0.6015128389232699
ENSG00000135953,0.7486759276864594,0.6790358663192011
ENSG00000125538,0.3822576365887529,0.10977482852865132
ENSG00000150938,0.40557437502729377,0.31568773943011763
ENSG00000163541,0.7856158110275427,0.9445014357477516
ENSG00000243466,0.0050274208468552494,0.002796658112068062
ENSG00000143924,0.8157112943368802,0.7067700251767907
ENSG00000172985,0.88292974004124,0.5094407021486591
ENSG00000144021,0.6686678560942554,0.7078263414391253
ENSG00000170417,0.24520540183931436,0.5439318857115514
ENSG00000143891,0.055265631608473975,0.025447406494584424
ENSG00000150551,0.5216111789514719,0.5871338487744442
ENSG00000211599,0.00866051443544246,0.011409181642905919
ENSG00000158050,0.2499109230252528,0.08790302862537111
ENSG00000115091,0.1694129594811985,0.2646769017978573
ENSG00000088205,0.035752420397676364,0.13658255063129165
ENSG00000115593,0.15268320969599383,0.2021971777607327
ENSG00000240857,0.1108343071675362,0.23699809268217914
ENSG00000163064,0.8060979124025299,0.8227939037675311
ENSG00000186132,0.007674682929278244,0.03712182107706342
ENSG00000116096,0.08143679267335534,0.27546191509890416
ENSG00000091436,0.17259123519119773,0.14249470347475748
ENSG00000136720,0.8528361223683212,0.7519852145427948
ENSG00000226479,0.0893127618894973,0.207269330214599
ENSG00000198142,0.15442418190831464,0.11309104159601444
ENSG00000071051,0.7270999952339349,0.4076663368022757
ENSG00000071073,0.9109614023253014,0.5184815940929084
ENSG00000170485,0.4535515743996613,0.7520235310665023
ENSG00000115641,0.0027871143987976185,0.0010334056274157993
ENSG00000088179,0.6030160747124441,0.43272066068626514
ENSG00000144028,0.833577635320943,0.9179222157599036
ENSG00000136718,0.09383370250797954,0.3846610128082253
ENSG00000144120,0.07561320774541297,0.19757909074842397
ENSG00000128708,0.1711903970134365,0.19145316261067852
ENSG00000072135,0.20886187278377896,0.06306987691888381
ENSG00000135966,0.9254948279365445,0.46811895327565833
ENSG00000081320,0.3281761191945653,0.4153455899225771
ENSG00000152127,0.7410205838505131,0.646443579481975
ENSG00000116120,0.38194676652169157,0.5516360923706214
ENSG00000150540,0.8207940888327412,0.7955723206612659
ENSG00000187957,0.5336022183061337,0.36093538489783583
ENSG00000076003,0.9758963749949912,0.6538647052207698
ENSG00000198612,0.14230211889052344,0.2395062878736852
ENSG00000091428,0.6003859542249386,0.7297519244447891
ENSG00000186522,0.15944414293403258,0.20935915873721633
ENSG00000172878,0.6472411477830267,0.9148475396531945
ENSG00000114948,0.5102476006082197,0.5767934508007001
ENSG00000144228,0.6264958028033938,0.8616846187617965
ENSG00000136542,0.9041515750992895,0.6912611119439146
ENSG00000152128,0.19680805517953767,0.5694072259351806
ENSG00000163510,0.06647200940884235,0.13401929666360207
ENSG00000138411,0.6928750611535516,0.5595172807601261
ENSG00000198369,0.5328415794585837,0.8100641306102576
ENSG00000162944,0.04183061888926173,0.009989797075568558
ENSG00000163083,0.09091417344380688,0.2477999018984669
ENSG00000144320,0.14883309665610742,0.31996319284340996
ENSG00000144355,0.22045675256524103,0.434008569845194
ENSG00000144118,0.01857106705181311,0.027963671266132695
ENSG00000188042,0.2790864320744084,0.4381476593605492
ENSG00000135632,0.7984036720771197,0.8866778193579161
ENSG00000135960,0.1937485470888031,0.18592062869318735
ENSG00000163600,0.002828770038474452,0.008095089350373211
ENSG00000138376,0.07251445321833733,0.03630498558519703
ENSG00000115844,0.2539352074020769,0.4901078309985545
ENSG00000170035,0.13161160705703667,0.1786330342288901
ENSG00000054219,0.3326377315552539,0.22966743190484648
ENSG00000115425,0.8985405435431614,0.7507388745718506
ENSG00000138434,0.06794695563016077,0.0700091702376601
ENSG00000115020,0.2462912684050711,0.09996632926681474
ENSG00000115109,0.15421163477315275,0.22214403237031968
ENSG00000136732,0.035635291734258494,0.012195471780678643
ENSG00000115221,0.35419784767406026,0.17348893942048071
ENSG00000168530,0.015255914991076524,0.014563490927628021
ENSG00000153107,0.9063036013543296,0.6721977592032973
ENSG00000115539,0.13572834700180794,0.25772091659697627
ENSG00000163082,0.37100962047008,0.23850470873818017
ENSG00000233608,0.010136381380579384,0.032945092301552514
ENSG00000196872,0.7515841838794639,0.7835160222407944
ENSG00000115183,0.7379526230217643,0.46149315237339283
ENSG00000115107,0.9082969524390853,0.6467470899880275
ENSG00000153246,0.6453437888375809,0.5916648739453083
ENSG00000144452,0.7717102249477675,0.7203495607794161
ENSG00000114933,0.6318182152175997,0.3214261031457868
ENSG00000118246,0.10809686071199025,0.23522278372266203
ENSG00000079246,0.46004126131528,0.8098575085537004
ENSG00000115165,0.007266252975387726,0.0035247365360017804
ENSG00000136560,0.5370451269182955,0.7787389733128834
ENSG00000169629,0.6212620081081139,0.9163471838745566
ENSG00000064989,0.44118316900704135,0.3539431819439166
ENSG00000065413,0.005440167609470408,0.0033558244164007167
ENSG00000233999,0.009172570118371729,0.004120126497831226
ENSG00000187699,0.05881037758909992,0.02280931217866852
ENSG00000115233,0.017147223902581752,0.06731100870059416
ENSG00000130147,0.9693232367488535,0.6808908911272995
ENSG00000135916,0.845809293453191,0.5183479766664258
ENSG00000198586,0.8950774696121944,0.6637035759403576
ENSG00000122085,0.24563076641403034,0.44950956627179994
ENSG00000196950,0.7116304375743323,0.8932209193891874
ENSG00000003436,0.48174177582328914,0.8225267506260211
ENSG00000183840,0.24352655099088372,0.22960135401748313
ENSG00000176720,0.7695948892889379,0.6078016385178999
ENSG00000136710,0.6702010430608786,0.8471081240686922
ENSG00000115840,0.7937777764255545,0.5188890852391482
ENSG00000079156,0.24266988565250341,0.1824887499764048
ENSG00000136731,0.0342314596717855,0.11699335010119678
ENSG00000135617,0.9154637698601005,0.48270880588693355
ENSG00000144476,0.6297910065590342,0.7344133972863142
ENSG00000168393,0.9498825539690631,0.9715569346143761
ENSG00000241399,0.4664491717086394,0.25955386627719496
ENSG00000144445,0.07267802870306657,0.016910627800716206
ENSG00000221823,0.38036201844202233,0.6607304502074636
ENSG00000184898,0.8315008632516415,0.9181089433601577
ENSG00000067066,0.2933633546627588,0.222938689315246
ENSG00000118242,0.3069445616720451,0.24530794671400208
ENSG00000186889,0.8582380555827972,0.7548904288862206
ENSG00000196141,0.23600248068136975,0.35780285405095913
ENSG00000178385,0.5729905515996796,0.32336183496030657
ENSG00000132321,0.19872631912447142,0.3744389784336185
ENSG00000177519,0.5772792084493253,0.24602796791924061
ENSG00000168918,0.0023042101074112614,0.0028859288706001565
ENSG00000115084,0.2044176395977689,0.3754779919015939
ENSG00000170340,0.950874898655288,0.9604303106053417
ENSG00000115685,0.5913855127226957,0.7172764317147691
ENSG00000125633,0.6594305193586578,0.24614963463727618
ENSG00000128654,0.056571091416177915,0.12555250000953094
ENSG00000115368,0.1877380172273536,0.29345706372015873
ENSG00000006607,0.49189001312951197,0.38157579084790827
ENSG00000170745,0.7292785934077928,0.6151680799259913
ENSG00000168754,0.37510616534868624,0.5481072538706104
ENSG00000162804,0.5233703664815788,0.13190923816451763
ENSG00000180902,0.3725996089761737,0.3281847336764872
ENSG00000171227,0.39651564895356894,0.3552845419445366
ENSG00000136536,0.5609924772115242,0.7372982526070714
ENSG00000204262,0.6635021046995735,0.8488775686562661
ENSG00000115694,0.43378158943061784,0.6819495022690079
ENSG00000168397,0.05696133736300358,0.021486038146497858
ENSG00000128641,0.05035998476593603,0.015112886989715628
ENSG00000168385,0.7360524660592942,0.8584636523778368
ENSG00000162976,0.9592811021501639,0.8324322147372549
ENSG00000169016,0.6125884051335735,0.9482943308956147
ENSG00000115159,0.38152997702153724,0.7079616741480865
ENSG00000138386,0.7843115164448617,0.7376716028934505
ENSG00000138378,0.9176397330240673,0.6848603171793248
ENSG00000250565,0.7245039758532487,0.7487922704634538
ENSG00000119729,0.39074504731678494,0.5723539599534713
ENSG00000151665,0.03213652314407781,0.0719902204630501
ENSG00000119878,0.8033322431119143,0.9367467613035716
ENSG00000167165,0.4658756085139448,0.7732675600467154
ENSG00000241635,0.6917455657914474,0.8524980863534457
ENSG00000123485,0.7383823027278075,0.8055879562243673
ENSG00000152102,0.8494259132043351,0.5820521206786671
ENSG00000008869,0.5171347407159894,0.3388189474829418
ENSG00000218739,0.15425099746604087,0.3972943721504658
ENSG00000115816,0.04319481490930343,0.08698216026190503
ENSG00000003509,0.8810599390204454,0.6107506028794134
ENSG00000115825,0.7908266580663464,0.8445356331452627
ENSG00000115828,0.2831608040739657,0.35328972494631683
ENSG00000163171,0.06642269140370559,0.08753511922321075
ENSG00000173166,0.9468315265971814,0.7429814326269153
ENSG00000005448,0.009244046769550611,0.021524589776049367
ENSG00000115274,0.5651201061303028,0.3774955853947908
ENSG00000239779,0.998001098849026,0.5463987302096893
ENSG00000204822,0.48008754921181696,0.8653749312216695
ENSG00000135637,0.12474772989139761,0.06046108353048352
ENSG00000115282,0.5636586298610933,0.39937371011562606
ENSG00000115289,0.463561376829983,0.6597995895208977
ENSG00000144045,0.24079848944371324,0.12348865294319025
ENSG00000115307,0.0011507029468037424,0.005332826730444277
ENSG00000138363,0.08448596561029602,0.1338853284529532
ENSG00000152253,0.7019534680397957,0.29233496312310076
ENSG00000254126,0.006927747881129547,0.005431635654228664
ENSG00000168542,0.9346515055279203,0.7783206450956225
ENSG00000132300,0.4901061832869341,0.9236954280021177
ENSG00000132313,0.2358062864616724,0.25295787557449056
ENSG00000115548,0.6476158527172647,0.9789978606283203
ENSG00000132330,0.20731036915682916,0.09100034537845328
ENSG00000168427,0.11339089782015524,0.15265930006286413
ENSG00000178752,0.08851578343897644,0.12293363586645932
ENSG00000132323,0.545987987783123,0.32706180281335706
ENSG00000144485,0.6346710090910562,0.42510078935240514
ENSG00000204104,0.3763487282972028,0.16381154532487266
ENSG00000156973,0.999679706520081,0.6921585495887552
ENSG00000163273,0.07073920285621668,0.04105665417151332
ENSG00000144535,0.07642894699678791,0.028943986789576756
ENSG00000171551,0.3281129269432009,0.25402178651461865
ENSG00000135902,0.04530461491557501,0.06904112673481709
ENSG00000143952,0.3091283634163571,0.21809831924164533
ENSG00000197329,0.6543721512956127,0.4265387000470754
ENSG00000173272,0.31669340549109104,0.7384669619297441
ENSG00000136002,0.24490966939958947,0.1981971958331038
ENSG00000163331,0.46754497218457536,0.2460802480813864
ENSG00000115841,0.6755670526262094,0.5496759887659087
ENSG00000138078,0.30479588079915004,0.6238280298930882
ENSG00000144199,0.3619139499090187,0.8054021354749467
ENSG00000152256,0.352458416109531,0.5724025703815043
ENSG00000138449,0.39406923445083786,0.4161887836921849
ENSG00000115687,0.002337732652358484,0.0006284918549200033
ENSG00000144036,0.4715670018255509,0.37331872494825824
ENSG00000135956,0.7217972625279441,0.8579111331643875
ENSG00000168395,0.11333967687023576,0.04483623416489847
ENSG00000156966,0.5520390403747804,0.9523974822868604
ENSG00000142327,0.23689468678707984,0.24344715220549756
ENSG00000142330,0.004484527808207786,0.002423759481589439
ENSG00000172478,0.14841599767551683,0.18815815506296668
ENSG00000135925,0.35044069019844337,0.6040504797874117
ENSG00000115649,0.12816378359414557,0.1554082051803867
ENSG00000144567,0.3197328080450563,0.11291037741952477
ENSG00000158552,0.11543610535406489,0.11239199270550132
ENSG00000115657,0.7349516740363331,0.8499637911277125
ENSG00000198925,0.48892835019230185,0.5809456021088918
ENSG00000163516,0.9688727591183754,0.7563436324100926
ENSG00000163521,0.32495781535148355,0.10748278873617353
ENSG00000115661,0.4543738541195478,0.9319392732380343
ENSG00000054356,0.4942795351124073,0.7067810657249456
ENSG00000119147,0.9756500814785745,0.800281923514394
ENSG00000115652,0.1720587740869106,0.39665876329999994
ENSG00000152076,0.7634270898014459,0.6728956618754245
ENSG00000152082,0.4903010721747071,0.884333368191734
ENSG00000162961,0.010075907957051895,0.02657028998019969
ENSG00000152683,0.21384864205551357,0.4333273557532358
ENSG00000153832,0.5706255851760857,0.29531953246948445
ENSG00000163053,0.7656872049425627,0.7425924411334821
ENSG00000115009,0.08118554730940951,0.11816385482087624
ENSG00000074047,0.9151342253951501,0.6355038114770355
ENSG00000079263,0.05028822053115047,0.0244255182905224
ENSG00000134324,0.07620116222086204,0.019313206900965132
ENSG00000162994,0.9840010459715846,0.5821901092592827
ENSG00000085760,0.1893111008206066,0.2960233895021112
ENSG00000014641,0.17582740240042444,0.4548271996465222
ENSG00000144034,0.115340589167603,0.16989169963670356
ENSG00000115234,0.6755441614281147,0.9901201126448247
ENSG00000163795,0.895787757650189,0.7561117298958927
ENSG00000115241,0.25107032774896865,0.5614281720448044
ENSG00000115216,0.9633354955491341,0.871085961602088
ENSG00000157992,0.4824095856105822,0.9722854934931706
ENSG00000115226,0.8427766172369437,0.962757963143031
ENSG00000138002,0.9363562487237405,0.6232414865788882
ENSG00000155438,0.0024930535462169344,0.010392199775516092
ENSG00000211460,0.3808635802595419,0.6508072037254221
ENSG00000121989,0.9366843584976773,0.47797363494601586
ENSG00000115947,0.17159683189332048,0.5161421513836397
ENSG00000204406,0.297957442732246,0.6991273793464784
ENSG00000015568,0.9695700455537292,0.4733081600548641
ENSG00000144063,0.3286611286539692,0.2449379742161383
ENSG00000144061,0.33031371889743083,0.5505877304974753
ENSG00000172954,0.020154622612553137,0.0668724845257668
ENSG00000196151,0.8612454417704413,0.4880186777469224
ENSG00000115504,0.2026245050622818,0.25922420463453266
ENSG00000028116,0.5021716588904328,0.4698182884176245
ENSG00000243244,0.42307594136617643,0.4231596489992626
ENSG00000172292,0.308719132114568,0.8400436783488794
ENSG00000184182,0.17559499637547554,0.0757468280230449
ENSG00000077380,0.048949617594441726,0.047020923852701214
ENSG00000057935,0.894530499230394,0.8281193843068358
ENSG00000138413,0.08857631417997361,0.2774975273230531
ENSG00000032389,0.32686136814409217,0.5300429553129569
ENSG00000221944,0.8370006265381126,0.65757811402548
ENSG00000163001,0.3825069320314277,0.9695597171041849
ENSG00000119041,0.3095416238906105,0.1426204236872723
ENSG00000197121,0.14656848626727578,0.06296797146721837
ENSG00000115594,0.9453714951131666,0.7209415193362863
ENSG00000115598,0.3165256922183548,0.3801757024880681
ENSG00000115602,0.4703273562751664,0.4726436318214019
ENSG00000144182,0.1485261355023906,0.4018211726787534
ENSG00000158411,0.10967444222747726,0.24258883417358065
ENSG00000185414,0.18015358345617333,0.44415946327528166
ENSG00000115514,0.010427669773923924,0.009120915527762867
ENSG00000178074,0.70948173623869,0.9860520590101475
ENSG00000162971,0.4991330689392025,0.18956765025826453
ENSG00000115112,0.3320526451010151,0.31921619952478286
ENSG00000115524,0.9689203863181873,0.7248287078565585
ENSG00000115541,0.3502702914524497,0.7675771267948486
ENSG00000270757,0.8374794911905079,0.8517835625128963
ENSG00000115540,0.84935868307103,0.929318572597826
ENSG00000144362,0.536053482417543,0.2564236482758901
ENSG00000213160,0.3444424231707126,0.05510755087519032
ENSG00000138385,0.008043189959087727,0.03218245638325934
ENSG00000138382,0.01312471134575693,0.03142056819948908
ENSG00000144381,0.03334930101991851,0.10813322076812282
ENSG00000144357,0.5202812942958419,0.7490725337128563
ENSG00000196659,0.6928132544036574,0.9581492705336626
ENSG00000197557,0.05931710186255839,0.22043586514660024
ENSG00000197635,0.8213158846643009,0.7177896489423782
ENSG00000079785,0.5169311868490627,0.47963317992922394
ENSG00000115053,0.08078094746781517,0.11948392821251641
ENSG00000172428,0.6015806868470635,0.8483936513332636
ENSG00000130414,0.7337815223560518,0.9772746983509474
ENSG00000180228,0.09219471134632962,0.29897871654332636
ENSG00000116095,0.41029135021003815,0.7811574400651013
ENSG00000143977,0.058427215359591646,0.14144703360927904
ENSG00000173692,0.09990509310530506,0.10005640221010653
ENSG00000163093,0.6797423188507302,0.2951994711630818
ENSG00000239474,0.03416538352823239,0.039228389001853055
ENSG00000138399,0.6529185466128833,0.8860547713422515
ENSG00000138398,0.5413559525301498,0.895408277909889
ENSG00000115750,0.4244399405593704,0.49111685694440355
ENSG00000134317,0.3303943769896221,0.25238940579981783
ENSG00000172059,0.10445404283972544,0.016997873817572513
ENSG00000171848,0.3202272032903089,0.3093460921674913
ENSG00000115756,0.5369165863077989,0.3757344791408047
ENSG00000072195,0.2800488405184235,0.3269986956337761
ENSG00000124006,0.09569045588163343,0.15937272543076864
ENSG00000144589,0.0400506994542825,0.0360385394812207
ENSG00000114923,0.7573046901533551,0.5489542728548367
ENSG00000115884,0.950473292006362,0.9751909971058893
ENSG00000143878,0.9607630921653427,0.7399830204629096
ENSG00000138430,0.021242394817344596,0.04997649013955203
ENSG00000138433,0.3279465495324126,0.5352976862098551
ENSG00000144306,0.30517534636280197,0.4318646719720657
ENSG00000204120,0.8841755607043125,0.813124646362196
ENSG00000066248,0.32668458436886433,0.542303537611856
ENSG00000138435,0.06314237653422358,0.08917507431697237
ENSG00000162980,0.18947879806958845,0.3901142791531186
ENSG00000163214,0.9305010605715974,0.9924707543707494
ENSG00000163170,0.0945524546141577,0.15516221672503744
ENSG00000114978,0.5566600142521314,0.6801373917196414
ENSG00000065911,0.002749956893927888,0.006875488492722612
ENSG00000135913,0.1681358680134708,0.07488345908451967
ENSG00000144580,0.4122658068919799,0.24105205529547616
ENSG00000074582,0.653193649129479,0.976082573488243
ENSG00000163481,0.8711618692252224,0.4982819666569537
ENSG00000163482,0.18115060036216843,0.09210112827980069
ENSG00000135912,0.4433223962337193,0.2129828522327128
ENSG00000135929,0.032715575592612414,0.0060948882568369386
ENSG00000169599,0.02940985108869616,0.04606954988112511
ENSG00000115568,0.26780357768444707,0.11325951120823342
ENSG00000188760,0.6010697193512826,0.42498573058234235
ENSG00000198885,0.010937240599921225,0.005222173818028727
ENSG00000163040,0.4957320432156871,0.14211699926436838
ENSG00000204634,0.504728761184807,0.2461299591369272
ENSG00000163013,0.09483048883413325,0.026573112358602564
ENSG00000154518,0.03647487495165036,0.11363158494630896
ENSG00000187514,0.5233630145462012,0.40501433603575565
ENSG00000118257,0.22861801230483192,0.5297842892596043
ENSG00000123992,0.6148978683314339,0.9875012937892441
ENSG00000185404,0.12420540592929523,0.09460442137149631
ENSG00000273045,0.20752578618196527,0.028690019293271637
ENSG00000163328,0.5521842993398296,0.3958372398906277
ENSG00000197223,0.05862405360543545,0.12368239262105377
ENSG00000115414,0.08968514742669197,0.1840620479015169
ENSG00000169679,0.1326098745295367,0.18903560924354273
ENSG00000153094,0.1401545191071228,0.054694974675237935
ENSG00000118965,0.9435569220706999,0.5330738771350332
ENSG00000169604,0.4608675552798348,0.23608712909999519
ENSG00000115271,0.1897024541246402,0.4244388417629563
ENSG00000055332,0.21614478496973075,0.20550336508606107
ENSG00000077232,0.5198254916537205,0.7406392432924471
ENSG00000134321,0.8902666559336319,0.7972665804170592
ENSG00000151692,0.08741372654301426,0.013622586316135563
ENSG00000162929,0.057919645100472414,0.03279229969706502
ENSG00000123609,0.3156954702871134,0.22445407974765355
ENSG00000123610,0.05847139120854083,0.10490506701433885
ENSG00000080345,0.9740131981680161,0.5809097482513339
ENSG00000197872,0.5545175948470566,0.8905654071295037
ENSG00000196843,0.39467579967648625,0.24315004981632857
ENSG00000114982,0.4556684589169414,0.36878431016471513
ENSG00000114988,0.21752031195016938,0.46229416346922547
ENSG00000158158,0.2893578108261334,0.517785925471024
ENSG00000168763,0.9259193821766194,0.44061585892360433
ENSG00000163126,0.23029670127737473,0.25340640255744845
ENSG00000213337,0.7750942933864067,0.4142630879387308
ENSG00000168758,0.5860562772462306,0.3948138273012257
ENSG00000132329,0.8101515670950769,0.811535110521803
ENSG00000123983,0.17823746136238666,0.14118469185948504
ENSG00000115318,0.49468757208452463,0.24667060313788336
ENSG00000204843,0.5548388436661722,0.5330818186164389
ENSG00000082898,0.8833110224068298,0.8887137070938532
ENSG00000115339,0.19203587794862256,0.23992145224636982
ENSG00000123607,0.8108889076622574,0.6605696671628098
ENSG00000115993,0.8719625353965479,0.6108646007725532
ENSG00000082146,0.709805227575121,0.6467657006951898
ENSG00000003393,0.14355982637710749,0.31961479487449135
ENSG00000018510,0.07224322691553114,0.08113498053002592
ENSG00000138092,0.7831934396461071,0.7395955169809352
ENSG00000115137,0.12990689807551078,0.04895178007291382
ENSG00000138031,0.09326719803223582,0.032972183773475786
ENSG00000136709,0.49052383207213457,0.8628139928517873
ENSG00000144231,0.06384711456828741,0.26181389738799327
ENSG00000136715,0.7418127386684872,0.6715686851610543
ENSG00000125637,0.2160599545167014,0.2215589378424798
ENSG00000231292,0.02961540771341551,0.026108436742296143
ENSG00000143947,0.07857273348251793,0.22873197874228676
ENSG00000135945,0.46382594355524054,0.2723940128391367
ENSG00000173559,0.3046027370515843,0.05645480483853427
ENSG00000168497,0.3097576967012507,0.5537693599652675
ENSG00000163017,0.46997874765257186,0.7502811102796886
ENSG00000114956,0.20928188381588633,0.3640798241800973
ENSG00000187605,0.5549781268585124,0.31246007693395655
ENSG00000198380,0.28050540766859794,0.43649119509887946
ENSG00000135999,0.8629474371400225,0.8308309248855766
ENSG00000150556,0.30093290606570944,0.42999782519319996
ENSG00000187123,0.09970079570843766,0.11138958507156525
ENSG00000168288,0.006731474942839422,0.005930183545693697
ENSG00000175701,0.28848439812184024,0.27923738621042254
ENSG00000144115,0.16067431053131778,0.3397803549318596
ENSG00000176204,0.1840854208642495,0.04473420972450515
ENSG00000115963,0.3131301850939794,0.12194546882886613
ENSG00000155760,0.9169977862414493,0.5612064039723437
ENSG00000115970,0.25446921178532156,0.7016944315010174
ENSG00000115604,0.3565416693627781,0.2761697847414803
ENSG00000019169,0.093261459396259,0.2355796067829985
ENSG00000184924,0.8472623340277926,0.7528240975499954
ENSG00000162959,0.08952378790624546,0.0483206666110186
ENSG00000084090,0.4841951303443788,0.6862119070769708
ENSG00000003137,0.5123249044583202,0.9759706321468002
ENSG00000134326,0.3826853397823071,0.47271577084421257
ENSG00000115942,0.7399470976642459,0.939818900029227
ENSG00000119013,0.07059623229957065,0.16628264773101067
ENSG00000138036,0.1428120536828755,0.34527454266362956
ENSG00000138380,0.22552691878189066,0.06648243327667452
ENSG00000138095,0.15581104267371249,0.4131038365197264
ENSG00000068654,0.9737802760126408,0.7560821829583736
ENSG00000115232,0.09035094209189064,0.058499932713032964
ENSG00000153574,0.8734241445485473,0.7189632448442305
ENSG00000211592,0.0003354085476204077,0.0001765073496050607
ENSG00000211593,0.0018322493570841047,0.0008155494087963385
ENSG00000211594,0.0012166625068183495,0.0009906828599050258
ENSG00000211595,0.0034880666501251652,0.0016835994325850394
ENSG00000211596,0.0006092560529539023,0.00027146420328064087
ENSG00000211597,0.0003517506017350173,0.00014791785733287918
ENSG00000211598,0.0014316093544789893,0.0006280305303781654
ENSG00000087338,0.7184553343910711,0.44825663333860133
ENSG00000124380,0.008299957821191955,0.006797153071697175
ENSG00000059728,0.9357875162347267,0.9375194992893655
ENSG00000169564,0.26236199130491406,0.25644681672062
ENSG00000115998,0.5596108823440646,0.4905129467542596
ENSG00000115827,0.5207726565620661,0.4330013951827356
ENSG00000071967,0.6085194747003424,0.27608496510898933
ENSG00000237651,0.36389042702620145,0.4347005679616164
ENSG00000124356,0.023984660270640612,0.04442065552657054
ENSG00000123612,0.6337145270083724,0.8713829953048443
ENSG00000115170,0.2595462225669462,0.4915525107198174
ENSG00000128714,0.5887823788239773,0.8166493568604285
ENSG00000128713,0.7863485069009086,0.8120897869505519
ENSG00000128710,0.5325015949207393,0.5502562024143566
ENSG00000128709,0.023213063704358564,0.05060205106393454
ENSG00000175879,0.4964252046713101,0.5183473299674368
ENSG00000128645,0.917235701770648,0.7802593239485491
ENSG00000158417,0.13762474350654583,0.2769394105902477
ENSG00000115526,0.88982661666562,0.6929998479155379
ENSG00000127824,0.9971422662866778,0.5472430316955307
ENSG00000135924,0.7976747659587634,0.9212973780787367
ENSG00000138381,0.30508757456375507,0.4325541574647088
ENSG00000286053,0.3268052812033857,0.6405193414751478
ENSG00000128694,0.9403514356098217,0.8631302728848067
ENSG00000128699,0.9311975968115348,0.8361108756108651
ENSG00000144224,0.4839668605198052,0.6372788049604239
ENSG00000048991,0.9306055374328187,0.6289818845303147
ENSG00000169047,0.3906939897392836,0.24756436408871205
ENSG00000144468,0.6582642484802248,0.631447118522245
ENSG00000173744,0.07406805666930864,0.09093938353667878
ENSG00000143970,0.7411553595393636,0.5305599317958527
ENSG00000084731,0.564103867224192,0.8395827441728485
ENSG00000084733,0.4526160861906736,0.30882079359191267
ENSG00000157833,0.4609609476768973,0.12129011348254469
ENSG00000135931,0.34092057731576336,0.9150879864747182
ENSG00000115138,0.936012334071335,0.8956118664669266
ENSG00000188389,0.0057199622058147475,0.02116993106439755
ENSG00000216921,0.9570485308015604,0.6607171805233092
ENSG00000163359,0.7000214554424664,0.5193133573386901
ENSG00000175084,0.006598278723345921,0.0050557931244085315
ENSG00000138081,0.25871416612722503,0.37565464580903873
ENSG00000172071,0.2109201677370918,0.13218808197971335
ENSG00000144591,0.8343889104556275,0.814543224043832
ENSG00000172845,0.970165813538106,0.7508319345220855
ENSG00000115677,0.9587780836546343,0.727730085596795
ENSG00000030419,0.07613199505481018,0.049756963116787276
ENSG00000144407,0.9425881197348691,0.47860916262541364
ENSG00000071575,0.7119348528819971,0.5113649994478411
ENSG00000242366,0.6251049661929857,0.36705899282248056
ENSG00000244122,0.6971444919250978,0.8597652926672186
ENSG00000239855,0.0005439360546073484,0.0002302236244658476
ENSG00000243063,0.03168314962073933,0.023680726493114826
ENSG00000240671,0.03381669262135483,0.024447573447238826
ENSG00000241755,0.0037611080549483623,0.002111993157060498
ENSG00000241351,0.0011229149971491244,0.0006040743166412719
ENSG00000243290,0.00023590756206949434,6.141786077098708e-05
ENSG00000244437,0.0017711061091051463,0.0007800458281049111
ENSG00000240864,0.0001531084690733883,4.029021426527716e-05
ENSG00000240382,0.0024273456383608425,0.0011733114819135527
ENSG00000239951,0.001284309333049526,0.0006671839136630966
ENSG00000211611,0.009119424750410342,0.002912491946484955
ENSG00000241294,0.00018241870991379892,0.00011507612489041705
ENSG00000244575,0.0005763758077308492,0.00019738067377705586
ENSG00000244116,0.00021652000796593587,7.880944377081642e-05
ENSG00000243238,0.00014711699881391483,3.2964646366995746e-05
ENSG00000242076,0.0008869895279509112,0.0002606209975061878
ENSG00000239862,0.005315655937726701,0.004001137986718822
ENSG00000242371,0.0008133983544438651,0.00043918557402791
ENSG00000273962,0.07242233375801278,0.10509568569342013
ENSG00000251039,0.0013371260949336199,0.0002498093860712896
ENSG00000251546,0.00022376314164939204,0.000162522884046204
ENSG00000250036,0.0334040518224901,0.03993382040183235
ENSG00000239975,0.012267357130337718,0.008595923009409066
ENSG00000239571,0.04644743745764864,0.022851058352422068
ENSG00000243264,0.01953404482598681,0.005401155206978431
ENSG00000242534,0.00043411857271377554,0.0002723603249166963
ENSG00000241566,0.012277158461494263,0.011214919540613709
ENSG00000225523,0.002079482749897334,0.001598316658044027
ENSG00000211625,0.005164745367373114,0.004406793065373818
ENSG00000242766,0.11049234913079838,0.10227574176528972
ENSG00000241244,0.09030650706604351,0.028667842442285194
ENSG00000224041,0.01555999420012074,0.007568708143943696
ENSG00000276566,0.0012570283300052882,0.0002978832993938688
ENSG00000278857,0.007184424463370657,0.006379482257910022
ENSG00000211632,0.018611333403098066,0.008161249266273072
ENSG00000211633,0.02035189605835455,0.00960040560822373
ENSG00000242580,0.08216242343323847,0.06288447280600784
ENSG00000144426,0.9291463323133549,0.6974097304451081
ENSG00000123600,0.4052160717758021,0.5158078260811436
ENSG00000244617,0.21131747010506893,0.26112910935628947
ENSG00000169967,0.933334492279223,0.5222101175641884
ENSG00000144134,0.8517186154704949,0.566233464060531
ENSG00000084676,0.2631227362416229,0.14611062443827968
ENSG00000284308,0.9591001387170731,0.48909297416563435
ENSG00000155744,0.2752443039119117,0.20059806945424444
ENSG00000115718,0.9885461898105985,0.8670066096362458
ENSG00000072163,0.7456892786827041,0.8859795934979007
ENSG00000116127,0.5057353562780357,0.21822910422876543
ENSG00000068024,0.14307180760530974,0.06991183518065083
ENSG00000115738,0.06368584294497504,0.06916883036840779
ENSG00000143797,0.05611319768888156,0.009040743260175411
ENSG00000152049,0.7835765678952564,0.705798901315622
ENSG00000134313,0.5745056218456526,0.8099353668956979
ENSG00000119820,0.47041153374044975,0.9211915954040478
ENSG00000018699,0.613041461646163,0.784456183338931
ENSG00000085978,0.7410472036195435,0.9883674199826745
ENSG00000183091,0.03376786388019704,0.0500760064224704
ENSG00000115275,0.6128573810737494,0.8604242975050138
ENSG00000115590,0.1199286200093282,0.27122335865412495
ENSG00000138442,0.3531828287710578,0.7277782824043204
ENSG00000116030,0.05440356101298455,0.16788874275715177
ENSG00000055044,0.08714155420534296,0.15233427979831007
ENSG00000204217,0.8764493538762443,0.8463371292896199
ENSG00000138439,0.18075776611961164,0.07549268490514584
ENSG00000243943,0.2692007964266356,0.15909563948178645
ENSG00000176714,0.9548222600096049,0.7670952410005623
ENSG00000198522,0.041942138347751734,0.13176290367851837
ENSG00000119760,0.4219839595389455,0.7663395335829382
ENSG00000011566,0.4437582159719621,0.808158624014556
ENSG00000132305,0.0939587573848973,0.2735409121498303
ENSG00000013441,0.6315404000622311,0.30381782145769154
ENSG00000135932,0.5470940202400676,0.3783988980749263
ENSG00000163092,0.21158785403858507,0.18703691806775619
ENSG00000115966,0.5432136340077538,0.8803866764048691
ENSG00000196290,0.8326793670466914,0.9416684184801327
ENSG00000119004,0.6062566170960138,0.4820258511153024
ENSG00000176771,0.6097278220488167,0.41944522027566244
ENSG00000176946,0.3055474112396303,0.0906813995242533
ENSG00000064933,0.40651606540509144,0.3375298776367354
ENSG00000003402,0.2676799287579011,0.18054214116566605
ENSG00000153250,0.1227826234938933,0.23976395428057587
ENSG00000123636,0.695762803045099,0.3771343708620688
ENSG00000125629,0.021314751770018084,0.0951693650577799
ENSG00000138018,0.09043383000386161,0.18255369205825608
ENSG00000136682,0.8389523193704875,0.41497303048541867
ENSG00000155368,0.9699801625526904,0.5565733265521076
ENSG00000144451,0.4098796990533282,0.8569477100477796
ENSG00000135624,0.06375063547925192,0.18997220756076055
ENSG00000115468,0.5974950243938357,0.36567645423375095
ENSG00000170802,0.7792687158785003,0.8320295356138624
ENSG00000115355,0.9283278140483536,0.9149596120983043
ENSG00000078098,0.04183837818734012,0.07437393774893354
ENSG00000036257,0.9322925959723117,0.9722615130068921
ENSG00000115904,0.7492635212373331,0.5751241848346319
ENSG00000155657,0.14341011537118908,0.1788521306740881
ENSG00000169994,0.2337476616824963,0.12381764656711533
ENSG00000188010,0.36825219792098507,0.47062911337975233
ENSG00000242515,0.16458513425518406,0.35142095312645427
ENSG00000115520,0.11865481185672101,0.2660763156758284
ENSG00000205221,0.3109884165230406,0.5712806787819988
ENSG00000119772,0.47262608210984436,0.16905143996086971
ENSG00000115648,0.24499269523874048,0.18037884886448036
ENSG00000124839,0.9848754831567731,0.8054695802654378
ENSG00000084764,0.32912987164908974,0.5049203768637178
ENSG00000119777,0.16172111716405493,0.20780975778808866
ENSG00000084693,0.6337884537587416,0.9846214691245492
ENSG00000228474,0.0004629769389531797,0.003094640996504636
ENSG00000138080,0.9628500113761407,0.43488351552644466
ENSG00000138028,0.2605955822753332,0.7712498208693968
ENSG00000138073,0.26993702737331365,0.5332105374226072
ENSG00000138074,0.3854482772808162,0.6918731751443032
ENSG00000084774,0.691192172772723,0.7314841735091258
ENSG00000138100,0.2197123732031061,0.24294706144388548
ENSG00000163794,0.2980180820329223,0.30375217583460556
ENSG00000115204,0.30689342769151123,0.40913960990389475
ENSG00000169432,0.46417804835397425,0.9247594284209408
ENSG00000138085,0.10049116748014926,0.26594364052263114
ENSG00000155755,0.7471501830502434,0.9352928265787809
ENSG00000177917,0.33446257687353814,0.6403840778868339
ENSG00000135940,0.9967478735197945,0.4111829536080346
ENSG00000115073,0.5891419197062533,0.9996264775884384
ENSG00000196912,0.05648968985118994,0.025248682016390158
ENSG00000169554,0.4432936378477823,0.30234259712595885
ENSG00000174501,0.10991476778790864,0.03533370861519986
ENSG00000115839,0.08899640785811752,0.2304587495875467
ENSG00000144152,0.18516364364865684,0.17792285892375537
ENSG00000144161,0.13595743743671393,0.3259427671199498
ENSG00000116117,0.16630278795591666,0.06504587278621514
ENSG00000023228,0.45951488354786085,0.8075120679188416
ENSG00000114942,0.9184934005733896,0.6871912526958011
ENSG00000183671,0.22627795917316149,0.3913466989100507
ENSG00000138356,0.21292422043013084,0.2704585574190706
ENSG00000082153,0.15438093094385938,0.1115432623281311
ENSG00000115295,0.06285170567285382,0.09569170574612987
ENSG00000163464,0.5446494279269933,0.7944423120049713
ENSG00000163466,0.6521143968668258,0.45027147190991423
ENSG00000127837,0.9217268997692176,0.5561913136191339
ENSG00000135926,0.2977274883530035,0.4064667029684741
ENSG00000018280,0.45664189925351983,0.897034059495619
ENSG00000144579,0.6289487598474472,0.4633339341979851
ENSG00000127838,0.5034474175410614,0.13886632115463884
ENSG00000152291,0.5208184274295098,0.7626486040430129
ENSG00000042445,0.9930405802566693,0.9569113551049779
ENSG00000115459,0.7928225156390187,0.8523106463733565
ENSG00000042493,0.23798067360440586,0.3741410350177492
ENSG00000168906,0.1150858568997193,0.14184328229589258
ENSG00000118640,0.8677914334425414,0.6708071852025987
ENSG00000168899,0.10772800002839335,0.10159590320278235
ENSG00000168894,0.020166289775450867,0.04778394740433301
ENSG00000168890,0.09396812673138373,0.17092406110438463
ENSG00000168883,0.53955876333896,0.9236370640500821
ENSG00000168887,0.3719295509908076,0.11860345031170667
ENSG00000115523,0.7097945324889252,0.9450536224799847
ENSG00000135930,0.6118483182569023,0.6018184845837602
ENSG00000143942,0.029693043683756998,0.03900505156897742
ENSG00000068878,0.8483750311651473,0.4723329774549564
ENSG00000068912,0.42909991852721385,0.7493344958598464
ENSG00000152689,0.15285043211882682,0.09889913974679011
ENSG00000119812,0.1667831458097395,0.10459526993404436
ENSG00000115486,0.04218711770612724,0.08285273325220659
ENSG00000119771,0.06722760987063332,0.13045791460787348
ENSG00000073737,0.5983246927565985,0.7467364351452465
ENSG00000082438,0.6665836757650174,0.5702882730021407
ENSG00000079150,0.5835451120224471,0.9993120551474545
ENSG00000091409,0.3925146263667896,0.20904525598061555
ENSG00000115762,0.5128835310520825,0.9956221514618299
ENSG00000123989,0.04543514979843398,0.06289241458251058
ENSG00000205795,0.5529043896680979,0.30757173364818624
ENSG00000144057,0.8148922387699652,0.38949935506647215
ENSG00000162972,0.18866583398150066,0.454441404169752
ENSG00000138101,0.8713081466152935,0.5393594132678335
ENSG00000155636,0.3206192137327185,0.22139217709803002
ENSG00000116035,0.9080632534501181,0.5219695168159149
ENSG00000116039,0.8743339615654403,0.44247788881101013
ENSG00000124357,0.17908697647894745,0.5161217075451644
ENSG00000124370,0.1619728466368322,0.1451312695104894
ENSG00000136699,0.38395514335553405,0.5668898322568272
ENSG00000162882,0.5104273159165434,0.23001156785037064
ENSG00000172005,0.11383565958721553,0.23935025767244486
ENSG00000275111,0.494190197406554,0.1975877979062052
ENSG00000155066,0.5972405273945476,0.226366806411638
ENSG00000115042,0.5563681778169011,0.930418003365023
ENSG00000115207,0.9390494276570549,0.7157583618219528
ENSG00000143882,0.0814917397104379,0.0719576418719533
ENSG00000143870,0.06594070847472677,0.09572756702570039
ENSG00000115761,0.2172694634434234,0.5198389253857002
ENSG00000135968,0.7748999535924327,0.8003680264274652
ENSG00000163006,0.8946207112227045,0.9701540171253089
ENSG00000169756,0.18832464091951442,0.3860947107956888
ENSG00000118260,0.619426304932206,0.924992818910567
ENSG00000144401,0.16861635744009,0.07574586404190205
ENSG00000163249,0.5057718199711203,0.44792405386118084
ENSG00000163251,0.7187065592545547,0.7773119374402311
ENSG00000119862,0.7853493750900531,0.8365439457021837
ENSG00000179833,0.5239508447789504,0.34805311631036107
ENSG00000152133,0.887538625739515,0.964395225702471
ENSG00000197756,0.4884391569921246,0.8845180472116765
ENSG00000115457,0.3352012528469219,0.1791168233635134
ENSG00000115461,0.971954812830904,0.5404049833727452
ENSG00000119844,0.8809039012071858,0.5384326684600095
ENSG00000178562,0.012135116002393965,0.011710876271732944
ENSG00000144048,0.1525640046098349,0.09735758069803097
ENSG00000064012,0.6684998532023161,0.8610558194799377
ENSG00000247626,0.92626699823442,0.6332676970632607
ENSG00000003400,0.49714690420677055,0.6913396921685124
ENSG00000121966,0.06297325794490105,0.01760127303796993
ENSG00000183054,0.2506671122821239,0.7232353525570931
ENSG00000115392,0.8332993606518957,0.46639547004110227
ENSG00000163599,0.0024621884635538135,0.008428630015338646
ENSG00000115317,0.28214883103908295,0.5091827394331123
ENSG00000115325,0.09815496943761506,0.03479367691333537
ENSG00000115484,0.02305824600864102,0.05888884065478755
ENSG00000136688,0.5524303516641613,0.6405162639117881
ENSG00000136694,0.04576399504356425,0.12593965285768807
ENSG00000136696,0.41450698768249306,0.43349686260872433
ENSG00000136697,0.28070823144871127,0.48521239533080607
ENSG00000136689,0.7881980825969795,0.9447951591063315
ENSG00000144354,0.9029593965923508,0.8866364031217844
ENSG00000136695,0.13005642635506032,0.25543615260626384
ENSG00000144369,0.28161081008315425,0.6371514858495184
ENSG00000138448,0.9997225987916245,0.9537644437762718
ENSG00000114993,0.7150624738664296,0.8304649330796714
ENSG00000198648,0.31195584606108745,0.28035363818458303
ENSG00000115267,0.937014227340276,0.690548584328095
ENSG00000180871,0.3567621421852185,0.7448517971651769
ENSG00000128683,0.8932118208574723,0.5357309639572657
ENSG00000115806,0.07877482533774763,0.12223873911692207
ENSG00000204334,0.3202961340358573,0.2903102956061261
ENSG00000153201,0.2927040645284791,0.6738222069773072
ENSG00000134318,0.900198785484805,0.8914304051218391
ENSG00000163219,0.04686058260736812,0.12054487574031084
ENSG00000144524,0.369461451079124,0.2674770779639381
ENSG00000115866,0.06019443914667039,0.11268151391780307
ENSG00000159374,0.032749948866776964,0.012869985576671267
ENSG00000135622,0.49372359950507627,0.5712761923976665
ENSG00000116106,0.663637973655651,0.6011846761643207
ENSG00000151689,0.06802006838168706,0.10540458068196026
ENSG00000198130,0.04605608016800204,0.04669565571450687
ENSG00000187231,0.7303824473854164,0.9436080534208885
ENSG00000121964,0.8064630539896787,0.7196778703705939
ENSG00000114999,0.8206617571789034,0.3432043820711558
ENSG00000125630,0.38660352669600606,0.7921218772990131
ENSG00000125611,0.37057205703850205,0.9751127484854832
ENSG00000169607,0.23233292639974185,0.2999537303454641
ENSG00000115008,0.049923191125135026,0.02091673393198712
ENSG00000115211,0.2584801322168709,0.3143177710759827
ENSG00000115919,0.6739449466190477,0.4026808324760809
ENSG00000075884,0.02012267172370866,0.018636964048097268
ENSG00000163596,0.4191301457659108,0.10900772011691943
ENSG00000173163,0.2411486331521111,0.30890691703806356
ENSG00000153208,0.5531283120005114,0.17694121418635886
ENSG00000144136,0.06398170077972598,0.1334763892522741
ENSG00000116001,0.0195408042890242,0.008789001481154631
ENSG00000116005,0.7544082155899913,0.7925048636386771
ENSG00000115525,0.9322539851122205,0.9639562548056317
ENSG00000243147,0.012274975041215127,0.06618721336563509
ENSG00000171174,0.8603763707381042,0.7234022257423758
ENSG00000075426,0.6364247590549627,0.37087299340993085
ENSG00000163803,0.18328279973795397,0.1312956377333651
ENSG00000171103,0.12239775614242024,0.30703378524071995
ENSG00000163811,0.12714563729973405,0.27898641499190635
ENSG00000138375,0.7465516833674697,0.5727652549405089
ENSG00000171150,0.7162886410402145,0.7920789772087755
ENSG00000180398,0.10295567901927231,0.11112889150464045
ENSG00000143933,0.0714722453636519,0.10519430285852467
ENSG00000119888,0.27979745681969853,0.8277616018888294
ENSG00000135636,0.7053786559103162,0.6928549875436122
ENSG00000115041,0.6549484779645318,0.4550872808750297
ENSG00000135905,0.029636929158467107,0.0294810045120249
ENSG00000124831,0.696117137855563,0.7532482809805203
ENSG00000135899,0.6888745459049832,0.45504460728219065
ENSG00000115415,0.6636508333251951,0.42688485818121413
ENSG00000187736,0.7034949484441957,0.9862100909283154
ENSG00000124383,0.7521330574261715,0.8810441492532876
ENSG00000068724,0.9691887772692384,0.8387327733123088
ENSG00000115085,3.3157750664909465e-05,4.84678922016665e-05
ENSG00000115935,0.027963772491261075,0.016985939821542628
ENSG00000144029,0.0008275013141140683,0.0027841256311061727
ENSG00000144026,0.8768800643298331,0.4398623340727402
ENSG00000196504,0.2921801982269875,0.570817387107395
ENSG00000163026,0.8577622068971594,0.4937560835300593
ENSG00000119782,0.6723438814646924,0.49567545342387376
ENSG00000115128,0.018841076308726442,0.053378764919520795
ENSG00000219626,0.7754567361666542,0.954773499455032
ENSG00000115129,0.5751894114471582,0.5566908924202665
ENSG00000198399,0.17341227149670066,0.15102147185233755
ENSG00000163798,0.044873100075796334,0.07556214279952914
ENSG00000115306,0.7651765361562889,0.8640310299948428
ENSG00000115310,0.016451295874769078,0.009707602102437136
ENSG00000169764,0.41080867554840916,0.3882711120955882
ENSG00000068615,0.3345509760854799,0.24536085085984347
ENSG00000115561,0.682112436156683,0.8680042865900298
ENSG00000239305,0.9305098267111894,0.582132588807524
ENSG00000144233,0.39932809766360144,0.6567023031822716
ENSG00000063660,0.535095272868769,0.9414155283126591
ENSG00000178623,0.2937541762545372,0.2129453557407629
ENSG00000162927,0.7007832151113843,0.6834943930538026
ENSG00000162928,0.11712377723555385,0.3367476361364024
ENSG00000162924,0.7798440666023189,0.4374834255728842
ENSG00000144504,0.015393227341568835,0.003264004575117341
ENSG00000119185,0.11594342330112332,0.1419550053021131
ENSG00000119203,0.18465074050856434,0.32431661541220524
ENSG00000134330,0.3082913878887517,0.49695593552919304
ENSG00000134308,0.04194642483213733,0.04184389692052233
ENSG00000151694,0.08398115094419557,0.12228118303254398
ENSG00000157985,0.5946265924780091,0.3915560045475306
ENSG00000171951,0.048276879550083314,0.11822821658456557
ENSG00000085449,0.4708327041422289,0.3556785747850163
ENSG00000135900,0.3029329557794737,0.45057549551228837
ENSG00000135919,0.7277253714907135,0.6360252544764624
ENSG00000152056,0.9822638793370656,0.7371940307448432
ENSG00000153561,0.8558327274511746,0.5341387087447258
ENSG00000172116,0.052885327159492915,0.07277448487804444
ENSG00000153563,0.009226511570265179,0.01941029453578551
ENSG00000116044,0.6164667750102624,0.914067495274906
ENSG00000115758,0.4803635962420304,0.3256651833494376
ENSG00000170144,0.5341415060318019,0.81599107475444
ENSG00000071054,0.23877977767656536,0.3773599203615826
ENSG00000144366,0.6295105457099204,0.8429163971984273
ENSG00000116062,0.9775662431523938,0.5523930757373265
ENSG00000151779,0.9548186043818042,0.5704549397267468
ENSG00000119042,0.33233819753957716,0.633714795393079
ENSG00000153234,0.6888148376858074,0.42006000025241064
ENSG00000189362,0.1293991168260724,0.18481219811498767
ENSG00000115760,0.6209156963037109,0.41118234986275726
ENSG00000074054,0.479933087757651,0.9273601829225712
ENSG00000151690,0.16788991872596026,0.10331434889075271
ENSG00000134323,0.0007314835884346282,0.00018734921010259115
ENSG00000065548,0.2447295363284453,0.5056682145877764
ENSG00000213639,0.48892011671534796,0.7829203920919358
ENSG00000186281,0.7675529290277672,0.9300065846539232
ENSG00000157827,0.4513974264293694,0.47583204156044523
ENSG00000226124,0.5333095717378167,0.9783223966684298
ENSG00000118263,0.08443702479603789,0.13920152304019776
ENSG00000116031,0.39945626787256294,0.6069661694530049
ENSG00000144043,0.48144246913455624,0.6549898446507745
ENSG00000163002,0.5035089094617664,0.4921479054282366
ENSG00000061676,0.20123079902433963,0.30119820019347204
ENSG00000163166,0.21706108114246103,0.6974237375970599
ENSG00000115902,0.44135946146921234,0.6057475139438161
ENSG00000138069,0.1873089692233761,0.1484055779382383
ENSG00000138071,0.3651110037345505,0.37998820674221023
ENSG00000085982,0.3437645687597286,0.27898575643443096
ENSG00000115365,0.7917064899679088,0.8343386779277429
ENSG00000021574,0.7878922159511939,0.3995648131498686
ENSG00000197713,0.20418224931440493,0.3794063120265988
ENSG00000078018,0.48457584341265714,0.562741352140703
ENSG00000153827,0.6058709416301788,0.8519324441400553
ENSG00000153214,0.10699280362662414,0.17829501358383978
ENSG00000055917,0.5027464780149253,0.2524359284167656
ENSG00000130508,0.7128617969688966,0.9689072295894927
ENSG00000035115,0.44694665487146124,0.5864705858808493
ENSG00000143727,0.2542754166161566,0.4707640429500388
ENSG00000189292,0.1362914656262547,0.04638493250507273
ENSG00000152518,0.8595438935104938,0.9240838587755615
ENSG00000170634,0.19431232254508582,0.2929742973540673
ENSG00000079308,0.6148358607199876,0.35694811011298966
ENSG00000183281,0.010865014855897914,0.0024129936243481747
ENSG00000136717,0.35086217037623935,0.24442498320641068
ENSG00000186684,0.1804640066140351,0.3259408934502891
ENSG00000163161,0.13864448334435261,0.346190228928862
ENSG00000153823,0.8634182894866252,0.9469829946913275
ENSG00000119865,0.306157833264602,0.14898227379959686
ENSG00000115956,0.2729925493045565,0.3157254457274755
ENSG00000204923,0.24852890505185504,0.19309979428147628
ENSG00000115145,0.3562232581360809,0.32057180283539455
ENSG00000082258,0.7622247502748865,0.5426309158019667
ENSG00000128656,0.06684373969628539,0.045726016428094
ENSG00000155729,0.9852720467124114,0.8777844797165886
ENSG00000163535,0.5690128626322284,0.5976381345001084
ENSG00000011523,0.12009756202688485,0.030803088389438453
ENSG00000162998,0.007505271952017966,0.0041322735909437225
ENSG00000115419,0.27030060587256355,0.3503299432418501
ENSG00000240344,0.8756739296733052,0.774362315757481
ENSG00000179528,0.9418682905049919,0.7356165238462917
ENSG00000125618,0.1109388856410004,0.1218770506303163
ENSG00000095002,0.7262940885401834,0.8417784508163949
ENSG00000040933,0.7828511523930017,0.4472584125303535
ENSG00000183513,0.5346842359378697,0.670377919818265
ENSG00000115446,0.2405490327566447,0.4975838691278136
ENSG00000158019,0.022591815677580968,0.08435418895070786
ENSG00000118004,0.14863276594985955,0.04093550559152028
ENSG00000138030,0.6430818753445657,0.1751816841010499
ENSG00000144283,0.6310305236467586,0.8976367345544535
ENSG00000168958,0.09673998571437384,0.21585565916641994
ENSG00000035141,0.20809411282929532,0.406731315478547
ENSG00000115977,0.3424327469845416,0.2261221453017837
ENSG00000138443,0.1236496835838898,0.3896223861869652
ENSG00000132326,0.028435189419272158,0.014497761542694708
ENSG00000065802,0.5581978555581797,0.399871819862025
ENSG00000174227,0.8998016490038381,0.5734743077205993
ENSG00000109667,0.06674666218964515,0.013531416832975318
ENSG00000109606,0.3681502319187807,0.3281780893049362
ENSG00000272602,0.7978437095790845,0.5074188646143017
ENSG00000109625,0.8674885447620335,0.4803413324470025
ENSG00000152953,0.09180439673099737,0.41604152427546937
ENSG00000163132,0.12915656293167505,0.19356852526380916
ENSG00000170891,0.8654579992671262,0.59759419784075
ENSG00000155275,0.9977064997637702,0.9839955395484182
ENSG00000169744,0.36204833702080697,0.23019167085195785
ENSG00000152990,0.8258700419810361,0.8089299159291089
ENSG00000154274,0.07758066689583071,0.0275247735241696
ENSG00000109680,0.8047365390112297,0.7719404160022697
ENSG00000145147,0.8507759193050808,0.35459002450550114
ENSG00000171476,0.05446216330142209,0.11646177856087717
ENSG00000091490,0.6787124281280408,0.8933080134686041
ENSG00000182903,0.9189489162098099,0.932861552647091
ENSG00000169019,0.015198252054300284,0.0015044627089602254
ENSG00000109171,0.5567095265749317,0.4879019744232448
ENSG00000145247,0.06082064908643223,0.053193745158751936
ENSG00000163694,0.45809862441946436,0.32590263830852506
ENSG00000181826,0.44779549035785726,0.6686873443663716
ENSG00000157796,0.08358592709105439,0.02976959009772396
ENSG00000002587,0.0718369064661511,0.0704215320513487
ENSG00000250312,0.7663578943355778,0.5449453196376984
ENSG00000134852,0.5695052493230999,0.6300432087480234
ENSG00000087008,0.2988967720582271,0.6254000055219369
ENSG00000064042,0.7379683457526443,0.729795692896969
ENSG00000157765,0.394619094116765,0.27654125226063475
ENSG00000173597,0.033134111901685845,0.017274496201598818
ENSG00000198301,0.30045162149553545,0.35484158034588675
ENSG00000171201,0.5782007354405223,0.6561814133616262
ENSG00000170516,0.5607863827886734,0.461746505091276
ENSG00000138771,0.55329959489796,0.7143278104538997
ENSG00000145284,0.6692156145246441,0.4215078874879251
ENSG00000109787,0.9443482742364349,0.7068317387366345
ENSG00000173040,0.7590954159362111,0.49838830420913094
ENSG00000189308,0.4873238915769612,0.20290481617511263
ENSG00000168152,0.7021891912076511,0.29858345190640695
ENSG00000170502,0.2135937232098256,0.42446837356498046
ENSG00000145246,0.5922803170233006,0.42515722421140956
ENSG00000153802,0.4400348018432424,0.6419751526987305
ENSG00000074211,0.5323104646971983,0.7842835793677441
ENSG00000163138,0.5487724920717745,0.3005124814830574
ENSG00000164038,0.7220983291298362,0.7298441315764107
ENSG00000169116,0.030280040022630583,0.016435638957487324
ENSG00000153064,0.02746411680402553,0.017962904647206446
ENSG00000138678,0.10310055003828739,0.23691456213963966
ENSG00000174796,0.7327063061762303,0.45198149464516457
ENSG00000145354,0.15493501023544973,0.4498306283141411
ENSG00000164032,0.12241970970873478,0.28846993535828
ENSG00000169288,0.011098443627055796,0.019221378692628556
ENSG00000145348,0.0948493055422557,0.20764864786589834
ENSG00000138801,0.6814743365178209,0.6617579867092844
ENSG00000138663,0.29324451313900346,0.8240053782943944
ENSG00000164039,0.7676352808059196,0.3568268772660773
ENSG00000174607,0.19281522748976515,0.7983020636339082
ENSG00000248144,0.6111442388312063,0.2834446353688812
ENSG00000138780,0.23977654948099925,0.3489877570023633
ENSG00000124875,0.25114418589245263,0.29020081880575016
ENSG00000138777,0.5353571868465998,0.9369928205015148
ENSG00000033178,0.9932591731290994,0.8757346188979319
ENSG00000050730,0.9354684290486787,0.5862771652718237
ENSG00000138802,0.3100900939179382,0.5574474501394567
ENSG00000138674,0.7658188280298772,0.8761395969653033
ENSG00000172403,0.8298586567007527,0.9659996454037216
ENSG00000171195,0.13140217983052366,0.1575958743418345
ENSG00000164099,0.0024569127288822574,0.03354505184199007
ENSG00000005059,0.5356811415183902,0.20805087374071748
ENSG00000198856,0.0069855820603397295,0.01570393401065824
ENSG00000109182,0.2799974592120855,0.5689191066927717
ENSG00000150961,0.7516308101794633,0.7879477287533895
ENSG00000164109,0.2209454082482876,0.5313685849775319
ENSG00000186867,0.4097140745881245,0.16676937058433655
ENSG00000138814,0.14735216879291752,0.27792929469828875
ENSG00000109270,0.1006754926956,0.07700822721203036
ENSG00000151012,0.09491300131213294,0.1255798255639043
ENSG00000249242,0.009325347799286792,0.003620084741924509
ENSG00000134853,0.08818042756603146,0.03795954701400179
ENSG00000164035,0.4176039239921222,0.46436408099783655
ENSG00000145283,0.36601335996157724,0.34264090212568826
ENSG00000164066,0.2924308238175939,0.039576360987439024
ENSG00000151470,0.03482257237640529,0.04597355243614762
ENSG00000145358,0.13699607568308986,0.1220753432499581
ENSG00000151466,0.35634157108953957,0.47058955675910075
ENSG00000138639,0.873087923252982,0.416075020574625
ENSG00000138640,0.31111030762226416,0.7949730985990525
ENSG00000070190,0.645417732691905,0.7673159509015081
ENSG00000170153,0.06456887354293214,0.03170098235113878
ENSG00000109445,0.18284337476055681,0.22494440578912508
ENSG00000138641,0.06435489947037314,0.05720264745789281
ENSG00000059691,0.24583331836358632,0.15080716545781833
ENSG00000145425,0.33761324160942296,0.6339142187991775
ENSG00000164124,0.009290240519628354,0.01675629608856184
ENSG00000138764,0.46835810713585213,0.44749439932759927
ENSG00000145428,0.8562032106723101,0.7015897729402629
ENSG00000164169,0.7971156334615086,0.7514085044414991
ENSG00000177432,0.5847141390288989,0.7198111786393127
ENSG00000151458,0.6880849931014326,0.9341519507747649
ENSG00000077684,0.3090096982095152,0.0927954577619186
ENSG00000163629,0.11638361917217399,0.0727504913771356
ENSG00000164117,0.06601217043858788,0.1017756839268471
ENSG00000154447,0.23762733845844916,0.2671438743841527
ENSG00000153147,0.3914756620741455,0.6450360713386423
ENSG00000121210,0.3542873872939716,0.6347821766224646
ENSG00000145423,0.06551828431763133,0.25718751113960436
ENSG00000168785,0.017013983729340935,0.006504393124680332
ENSG00000163644,0.31072307327500936,0.18597856056261214
ENSG00000052795,0.5582961253729137,0.6446149011731939
ENSG00000198498,0.032854982702599685,0.05991533563597286
ENSG00000163110,0.489443265227559,0.7537333900825589
ENSG00000164118,0.6128412760939248,0.9042741775186829
ENSG00000168556,0.39367725992673364,0.4831819241023966
ENSG00000071205,0.37546602621437963,0.3752537604595464
ENSG00000182552,0.2584504933379408,0.3633929527975386
ENSG00000164168,0.34118827498633775,0.5010812731195105
ENSG00000164136,0.394032615747977,0.35879093469072754
ENSG00000038295,0.145591505054104,0.0999701410708073
ENSG00000164114,0.9231989353160055,0.4850044681610117
ENSG00000109576,0.8543229737182653,0.7615680413500528
ENSG00000109674,0.216752429314754,0.1618135529903589
ENSG00000164122,0.07979690872985953,0.0947968637006074
ENSG00000150630,0.05876628000267742,0.024476516143557055
ENSG00000145414,0.14185415402397988,0.3290536891333804
ENSG00000164144,0.2890365180944339,0.36613347530371176
ENSG00000218336,0.7141632064590537,0.6944106277563351
ENSG00000173320,0.5572271405126784,0.3973838230294655
ENSG00000129128,0.026690397543481282,0.05007372271001644
ENSG00000151617,0.6309327747583453,0.819909883559767
ENSG00000196104,0.29204030203519565,0.5137858732283196
ENSG00000198948,0.881720584837349,0.6948869301074048
ENSG00000109466,0.7541553802114699,0.9326056928715217
ENSG00000151729,0.38024236083830254,0.8090363827387084
ENSG00000038002,0.007282301465943053,0.009091070652367835
ENSG00000164031,0.4284018643431946,0.7138599835909174
ENSG00000145431,0.2333233947388253,0.4486836765995845
ENSG00000151612,0.30907225272296934,0.12240824036020637
ENSG00000164142,0.5156365402149767,0.4231164088898549
ENSG00000168564,0.7345743943163061,0.5666737321229436
ENSG00000179059,0.10623568736582642,0.21199476423139565
ENSG00000151718,0.11740841765637897,0.09520496906792865
ENSG00000164120,0.9479882495784784,0.8835849360268471
ENSG00000168538,0.38730775655837213,0.3995897852430178
ENSG00000164024,0.45186106350907707,0.7339541276948858
ENSG00000109536,0.020745248772300183,0.04088852029818247
ENSG00000170448,0.5792652054722917,0.5656806849630491
ENSG00000163293,0.3864071126833507,0.20602767414224907
ENSG00000226887,0.037990243467563904,0.029421109579825983
ENSG00000128045,0.24739667162563198,0.32469568238102936
ENSG00000187689,0.4002671404809044,0.2925684541319474
ENSG00000132467,0.061427321035096114,0.07664253097784218
ENSG00000018189,0.26369766384893595,0.14584206531149962
ENSG00000170917,0.3426147529888175,0.10875194814216142
ENSG00000138698,0.2580711503339009,0.36332264010110005
ENSG00000196503,0.07243489381465361,0.1425144623645695
ENSG00000172399,0.11449464187804385,0.11492394536804601
ENSG00000173542,0.9551366664092145,0.7750249819617878
ENSG00000174792,0.46257083605500915,0.4006753124493718
ENSG00000164104,0.3748733814318126,0.4482262847828621
ENSG00000164105,0.6996664719400947,0.8062998085885866
ENSG00000118579,0.8785534546693209,0.8141827817666029
ENSG00000163257,0.9513997689258451,0.7720547758749001
ENSG00000109805,0.7171540437581122,0.6001671346719644
ENSG00000151014,0.049164602424190414,0.021291144121140047
ENSG00000109390,0.5380471382983578,0.32329855060841484
ENSG00000163950,0.6244160520903609,0.5576048798260026
ENSG00000168936,0.26532878950698596,0.17586101063198178
ENSG00000168924,0.4634797273897683,0.4938882124476205
ENSG00000004468,0.015167169724139893,0.013153720799058613
ENSG00000137440,0.18015198390514356,0.07313548857954315
ENSG00000137441,0.8312503387128319,0.8220528928882906
ENSG00000007062,0.05450748019918255,0.03796054750471642
ENSG00000169762,0.9625641525885875,0.8718247865799271
ENSG00000145375,0.7137711792840951,0.7940944108186346
ENSG00000164056,0.30797300103294706,0.17802471714498946
ENSG00000084092,0.9897612414558268,0.5882981463043953
ENSG00000047315,0.37330031845739886,0.4556439966406002
ENSG00000163453,0.9953313586555582,0.7923246382394615
ENSG00000084093,0.7226792773370686,0.8335664829499955
ENSG00000164111,0.014740479758428468,0.01698116101899142
ENSG00000123737,0.057739288826396666,0.10469710339660201
ENSG00000145386,0.08280895807918458,0.12568739450781335
ENSG00000138686,0.5461125679709427,0.8087294169527224
ENSG00000118564,0.21977120413068907,0.19613229721549086
ENSG00000237765,0.5124999323353951,0.3101171396339177
ENSG00000109743,0.5241728870299662,0.7804290427229147
ENSG00000109193,0.40074847263428204,0.26799497659912624
ENSG00000205649,0.08751494870354717,0.20993225087242406
ENSG00000132465,3.373027483591111e-05,1.398642788368588e-05
ENSG00000186212,0.5594216941522276,0.3719113676436189
ENSG00000118816,0.2888947346301108,0.587387547043038
ENSG00000121897,0.4838315299532162,0.7936963075056837
ENSG00000109814,0.8326867625300076,0.6941044540258694
ENSG00000163682,0.003962253594403059,0.005504394772098341
ENSG00000145331,0.8889294908119917,0.8356857543985443
ENSG00000109339,0.8209478099020606,0.5750811137355283
ENSG00000128050,0.04824170009171736,0.10147354335867542
ENSG00000137462,0.24544700428141716,0.2832968673683777
ENSG00000168743,0.7283587566493812,0.8842117913844525
ENSG00000053900,0.13734169082313807,0.21702264193049936
ENSG00000164116,0.040329211731947395,0.020225871353811882
ENSG00000061918,0.05793094082967234,0.025288308037559146
ENSG00000134851,0.23339369202784765,0.23235684285100092
ENSG00000109654,0.9528011141837028,0.46635220735542326
ENSG00000121211,0.2741774364647437,0.39054010852922383
ENSG00000285458,0.8428716861615705,0.5441360090702122
ENSG00000145332,0.884897171420911,0.46786397297914595
ENSG00000198189,0.971062989043003,0.584961568520052
ENSG00000198515,0.559829423621962,0.5865938927849752
ENSG00000164306,0.36424045053179044,0.3872196805149639
ENSG00000151725,0.6438212390295182,0.5812664054858536
ENSG00000168769,0.42583150417069426,0.24029604366425003
ENSG00000181004,0.15115182956189252,0.293995657754922
ENSG00000185049,0.9399014097116817,0.9609661863067187
ENSG00000109685,0.5038221889143135,0.3536592442434512
ENSG00000138768,0.4437960657008092,0.512893409943616
ENSG00000138744,0.5184343075524738,0.4315092630295576
ENSG00000090316,0.3345280969231533,0.7924552334751471
ENSG00000163945,0.0076542482584701504,0.009554248984803544
ENSG00000170801,0.29428668500795124,0.6969051286544752
ENSG00000163995,0.37069585115496273,0.45351179804026576
ENSG00000138646,0.8855421186832444,0.760903570582503
ENSG00000145337,0.3406034923255378,0.6280985150105642
ENSG00000255072,0.3406034923255378,0.6280985150105642
ENSG00000187054,0.23245442432518112,0.1321939204957338
ENSG00000164125,0.6095150645428494,0.9419242843953182
ENSG00000137449,0.5153985269588583,0.9691318204759658
ENSG00000109686,0.6977074663131788,0.6606938918056088
ENSG00000109180,0.11506843529270577,0.08296280398870678
ENSG00000138758,0.5346446263960676,0.9228566206426876
ENSG00000189184,0.4290639022418099,0.41322655799488706
ENSG00000138757,0.3675888878918214,0.5895119744370613
ENSG00000138795,0.352475567859987,0.170970569848722
ENSG00000138696,0.5875650846644977,0.6123283825268515
ENSG00000157869,0.7156228347517455,0.9274096535912006
ENSG00000151790,0.87046233111848,0.8113567186463722
ENSG00000256043,0.49657580101686616,0.4911280282752313
ENSG00000170522,0.024469136321087118,0.12358335318159093
ENSG00000138660,0.6677432462235063,0.9977291521071922
ENSG00000109736,0.22427920096283913,0.14420926313659424
ENSG00000087269,0.9115407954738503,0.9314837029502162
ENSG00000125388,0.6709854505531723,0.7231377965716297
ENSG00000145287,0.10589067282709663,0.08384742334153727
ENSG00000173085,0.6242407136312488,0.8652479899432142
ENSG00000173083,0.9597651560285607,0.7889097345537308
ENSG00000163312,0.8750628480386181,0.46401637033962573
ENSG00000163319,0.1590328208289344,0.38618484872997083
ENSG00000163322,0.9896748774185282,0.5476511982603532
ENSG00000109511,0.12247249538799057,0.1188081403045535
ENSG00000137628,0.2829161541655232,0.15404459776597598
ENSG00000128052,0.12157944577010657,0.1471995403828357
ENSG00000163297,0.14056530556772803,0.14648714435614968
ENSG00000128039,0.23197339340176434,0.21619216983420933
ENSG00000153012,0.29087925880964816,0.12299450915308205
ENSG00000038210,0.28696760945112415,0.5014768079644508
ENSG00000109618,0.6601284151384754,0.49001244425658685
ENSG00000048342,0.37605156222735314,0.6108320068619078
ENSG00000153132,0.27471789927847606,0.16947099981234767
ENSG00000179387,0.6223771584079769,0.7948620926711386
ENSG00000121895,0.013787245656726206,0.010848212921388347
ENSG00000138794,0.5517159493883518,0.6775400273242767
ENSG00000123739,0.029656359340368952,0.03393988282928853
ENSG00000285330,0.6119723529667068,0.7985438336100918
ENSG00000109534,0.0816570672643088,0.1313494515785644
ENSG00000170365,0.8297460338901737,0.6735181200401744
ENSG00000151611,0.9113684621637986,0.7810755806000897
ENSG00000137460,0.6800463568899582,0.39115832357613234
ENSG00000129187,0.03532629567281639,0.04353207021291025
ENSG00000109475,0.2579518219810364,0.5260869175776473
ENSG00000138756,0.418630981583049,0.5962010873952153
ENSG00000153130,0.053929062417770894,0.06600744752130393
ENSG00000151247,0.06671686962577127,0.1210151007966789
ENSG00000152583,0.6811276086334562,0.9117007543243757
ENSG00000205208,0.9067251781714379,0.7250651845133254
ENSG00000171503,0.3181458906508988,0.334087677952099
ENSG00000171497,0.023872583965729815,0.038667049943104735
ENSG00000029559,0.16055503727004602,0.4571068128250604
ENSG00000118762,0.9082557136631194,0.4629885242575712
ENSG00000118777,0.9877956170769139,0.8748896344243321
ENSG00000196526,0.7395036011210216,0.49118346826783954
ENSG00000138772,0.085600509596884,0.029223579820966687
ENSG00000138759,0.9648255459478234,0.35180828720759827
ENSG00000155016,0.5757986237754678,0.3200835680920758
ENSG00000138821,0.2387948726239483,0.26572692995886454
ENSG00000109332,0.11357017316308879,0.1701127484225072
ENSG00000170185,0.8162067184241649,0.8929069638560886
ENSG00000145391,0.2928047692792556,0.47826243633960186
ENSG00000085871,0.10657729195640066,0.10026541569026087
ENSG00000184985,0.3218066281178198,0.15132024421145432
ENSG00000164022,0.02454600566988389,0.07315243202215799
ENSG00000157426,0.2778972187247051,0.3967660432975345
ENSG00000128059,0.09723768956080048,0.19235526699468056
ENSG00000081041,0.4348449482098129,0.4364765558933129
ENSG00000182585,0.8605211118856472,0.28553538751184704
ENSG00000138796,0.861304140606011,0.6211955588720132
ENSG00000138755,0.09815838527455682,0.22415660725028488
ENSG00000169245,0.4111070683994007,0.8341017532333499
ENSG00000169248,0.880496315289812,0.6406235308230932
ENSG00000118804,0.09876997338779481,0.09082485190011419
ENSG00000151806,0.9951082734083364,0.9475984813541093
ENSG00000163281,0.7069511629087621,0.9266951118527289
ENSG00000180801,0.0320128555534493,0.05112512740194752
ENSG00000125089,0.8970773105907565,0.7456103721223821
ENSG00000118785,0.08272513503914831,0.3656255269322336
ENSG00000109501,0.47613890740356235,0.23177318628665497
ENSG00000172493,0.6219827331967267,0.38187631665096444
ENSG00000196344,0.939358078180724,0.6917736907099956
ENSG00000197386,0.31951645529469186,0.3573896468759358
ENSG00000109790,0.9431583735494898,0.8909763844490434
ENSG00000197894,0.16895842951356654,0.31800625586833053
ENSG00000163743,0.24698475972194206,0.32789563716342973
ENSG00000013810,0.8227006880023197,0.8944934978867822
ENSG00000156234,0.004243201909322103,0.0053470468354708724
ENSG00000179046,0.0010378039680545175,0.0018763791373962349
ENSG00000150471,0.42941927593451057,0.9119195628993447
ENSG00000164023,0.061693150913280245,0.057984559759080685
ENSG00000138688,0.7069236507417781,0.5322905736634496
ENSG00000132406,0.7260575860918146,0.9015144773598277
ENSG00000168826,0.4324262109679249,0.33494587013288263
ENSG00000168818,0.8207467654439072,0.9161750241872786
ENSG00000168824,0.9817266754974798,0.5042174976818561
ENSG00000157404,0.03848435405258997,0.017745523968485805
ENSG00000013288,0.8734981065489212,0.7023505466401188
ENSG00000163993,0.38210561735068105,0.4165632259252482
ENSG00000178988,0.9633558348303132,0.9425913950570273
ENSG00000186222,0.20795186938926477,0.2517482422381669
ENSG00000170871,0.5299951139543059,0.47692347989239314
ENSG00000243449,0.8594153624034451,0.6208447449617225
ENSG00000137601,0.5903330236825894,0.785309949879756
ENSG00000056050,0.8737684648643488,0.8708325407539225
ENSG00000181381,0.882105836768474,0.6403806906104916
ENSG00000180346,0.14041947098570415,0.07125718119318489
ENSG00000168214,0.8355107706800197,0.9945278810895986
ENSG00000164096,0.10764905905434767,0.1465524067433112
ENSG00000145390,0.799756639137887,0.8890568217287966
ENSG00000035928,0.6809849132895672,0.5439852234426217
ENSG00000138670,0.0077856561280083315,0.0017738975456499848
ENSG00000047365,0.07901324526154463,0.15080829305169058
ENSG00000132463,0.11395069702851894,0.11174127515729765
ENSG00000132466,0.7914153255216656,0.965997128968237
ENSG00000196782,0.7275991310618057,0.580922173772325
ENSG00000168228,0.9399922608476868,0.8658853766618292
ENSG00000138785,0.1015693473411781,0.13892784485609805
ENSG00000138642,0.945092885912913,0.7602700977597239
ENSG00000145293,0.20458545015695137,0.705940683476407
ENSG00000179010,0.1627844818856767,0.19854083804151626
ENSG00000138778,0.12988475113906905,0.16194817318181934
ENSG00000145220,0.09416682733159307,0.09139850505743129
ENSG00000164093,0.10969758587945229,0.1277388649325301
ENSG00000164167,0.5700554173113955,0.6822105634043822
ENSG00000120519,0.7771085361786048,0.9640773228743043
ENSG00000163739,0.11045626033073752,0.062002487975187745
ENSG00000163736,0.3883149046808151,0.252993969212982
ENSG00000163735,0.7807932155436953,0.7705243613542352
ENSG00000163734,0.6287788236907361,0.4923601770871534
ENSG00000138767,0.4476514436906681,0.21618629198125228
ENSG00000175920,0.30590922122454217,0.37807745951707317
ENSG00000163956,0.580363563664957,0.48375458437247065
ENSG00000159788,0.055295129317516664,0.11694538913651485
ENSG00000109381,0.5622638745620097,0.2721151350566539
ENSG00000109205,0.018458547384576415,0.029003472711260758
ENSG00000181617,0.003176297180120131,0.006424695884122837
ENSG00000164323,0.2727315297557774,0.5509794485439237
ENSG00000109762,0.14418025503927015,0.37319071482150334
ENSG00000145476,0.37975985448931526,0.38089047949030874
ENSG00000250317,0.6525508034263298,0.7998098449268763
ENSG00000145416,0.7022286851650514,0.5226854310666031
ENSG00000138658,0.47752240096515497,0.21606078315549718
ENSG00000174720,0.365151575095804,0.39459248708698713
ENSG00000178177,0.7803527835774617,0.9123137956184244
ENSG00000109610,0.8907122904276664,0.9376088640002052
ENSG00000181982,0.1946266307341824,0.15211277973766038
ENSG00000138760,0.09782480922378874,0.1104514534096276
ENSG00000205403,0.051931995688403836,0.08327343565682266
ENSG00000133256,0.17598562804095094,0.13659231035998648
ENSG00000169020,0.44118251747714676,0.41346273220095386
ENSG00000169026,0.04489725850667866,0.008872477897959256
ENSG00000168993,0.3128642505686763,0.20307435402311355
ENSG00000215375,0.8579754768800706,0.8877336268057698
ENSG00000169435,0.8279399980089089,0.8762876556458679
ENSG00000169429,0.06503078755713244,0.08091139583414064
ENSG00000072840,0.9079084945663576,0.880027843326658
ENSG00000174125,0.6063989268141151,0.4300564646080789
ENSG00000174130,0.1936321606721368,0.25912954219612516
ENSG00000197712,0.5796278798467913,0.6210529845800634
ENSG00000168310,0.5144295682976224,0.5709691237389692
ENSG00000198589,0.6089875039741222,0.7601452578381305
ENSG00000145335,0.22552785635359965,0.12296233309260166
ENSG00000138722,0.031511755239771115,0.036723739168718926
ENSG00000163738,0.72928363825524,0.33724983013647386
ENSG00000124882,0.3857640328949824,0.16648144137328755
ENSG00000109321,0.004681397682261969,0.0025477113919497147
ENSG00000052802,0.00039844984700995365,0.00038833105370871196
ENSG00000109472,0.19293980076284611,0.12867579106325874
ENSG00000073331,0.43317001901513164,0.38288962725343056
ENSG00000109189,0.45092431104105457,0.4967279200812984
ENSG00000170088,0.09315996567732186,0.20073800104451667
ENSG00000083857,0.241655211582366,0.19294957961599646
ENSG00000002549,0.6335673701941207,0.43290623778061044
ENSG00000123933,0.006575759678625112,0.03475162659874603
ENSG00000159733,0.3062748214264348,0.3489534906345769
ENSG00000163104,0.5561006284294331,0.5257830170688622
ENSG00000109133,0.16725416547020708,0.10112794767777636
ENSG00000014824,0.5922705885631887,0.7082286817847199
ENSG00000138792,0.7742886086360663,0.9779928461029841
ENSG00000178950,0.08056578400404753,0.11334498568743506
ENSG00000127419,0.7600084951305083,0.7946061957122861
ENSG00000145214,0.030565041841303056,0.033940136775956586
ENSG00000127415,0.2626528258581697,0.15651749703350498
ENSG00000127418,0.8438244709046296,0.41544824233741906
ENSG00000125386,0.3081376333673956,0.284430837150033
ENSG00000168884,0.613414885999574,0.4785851778511674
ENSG00000087266,0.056355660307580734,0.0789000211325647
ENSG00000087274,0.6986654278148261,0.6106260284348026
ENSG00000184160,0.3321748163934721,0.5333805962102129
ENSG00000109320,0.8616418387739738,0.990871508143869
ENSG00000178222,0.3340291966333022,0.201687656250231
ENSG00000156136,0.6693160554079751,0.5927822195617443
ENSG00000186352,0.291275920898796,0.5492678392677812
ENSG00000109775,0.20924212312475138,0.25659479581124167
ENSG00000169851,0.7826617340891382,0.39829639834378594
ENSG00000164342,0.26167627047279535,0.1820293390514756
ENSG00000169299,0.8719758801095279,0.5337538280867418
ENSG00000109689,0.10855897253172554,0.13993705174756235
ENSG00000065882,0.7873939545322246,0.6892549870622879
ENSG00000138750,0.2974506464805819,0.33817463070866904
ENSG00000109184,0.5092571435644131,0.6326268269380011
ENSG00000163069,0.3337222437154988,0.640508644413423
ENSG00000163071,0.2470541646942606,0.18330699546010834
ENSG00000163697,0.23607139336339975,0.34663130560279254
ENSG00000154277,0.5634019921469815,0.9264154530336292
ENSG00000071127,0.8632078285505377,0.7104420258126634
ENSG00000170846,0.248063343210271,0.1720615355087834
ENSG00000185619,0.25289336165554377,0.4232067471247988
ENSG00000171209,0.07186344740904589,0.09117841133290427
ENSG00000168421,0.017422054243164207,0.01596474847207582
ENSG00000164305,0.16514252855236508,0.1911002942223032
ENSG00000164134,0.13339677401900657,0.21610980169053823
ENSG00000164162,0.007850974490581303,0.016563793739537095
ENSG00000164163,0.03838403042327385,0.04959207691792328
ENSG00000164164,0.9678302687262859,0.858492042622081
ENSG00000038219,0.28731388113783857,0.29907911747997296
ENSG00000159692,0.565335941697317,0.6297714859648538
ENSG00000109436,0.365591119028577,0.3761741029329029
ENSG00000063978,0.9816822644409334,0.9720012475939924
ENSG00000184178,0.1508451012459338,0.3006350037830481
ENSG00000072201,0.9117010558971003,0.6337637571908107
ENSG00000109220,0.01464838658811711,0.028603847995741335
ENSG00000145216,0.22351685321802173,0.2942829806833954
ENSG00000109670,0.12096259624856288,0.13153154037271717
ENSG00000075539,0.9928884047050911,0.852063714604955
ENSG00000109586,0.03938959904915651,0.07552777580500977
ENSG00000145388,0.29619159559076436,0.29362408173917104
ENSG00000138735,0.8664567486104349,0.5906690077427746
ENSG00000214367,0.5306426379184109,0.5915950433833005
ENSG00000178163,0.4150682188237125,0.44772505361026727
ENSG00000174780,0.19992152684663925,0.21932056911165593
ENSG00000138668,0.2111333719480952,0.5000294552637573
ENSG00000152795,0.5398306645350264,0.794589318460331
ENSG00000164070,0.8685841107373332,0.8725009263444174
ENSG00000142731,0.36311055328076713,0.6240977153939222
ENSG00000164073,0.4358740984576277,0.5127644569030203
ENSG00000164074,0.5420873817010174,0.2379033022809101
ENSG00000164040,0.02017239016877231,0.06684494643898847
ENSG00000138709,0.8801078505865204,0.5365029386591345
ENSG00000145439,0.2703043443627091,0.2689324676561219
ENSG00000129116,0.9746419970273318,0.9040547608064496
ENSG00000154553,0.07982401694915628,0.12710966787643171
ENSG00000109756,0.45301098503157666,0.32394419985713285
ENSG00000170006,0.9412838889403115,0.6318964788821593
ENSG00000145362,0.894092359687977,0.6989473382520768
ENSG00000174749,0.07854717874949285,0.10776122551023044
ENSG00000163624,0.5819010114301604,0.6121663569934779
ENSG00000163625,0.7382303338207039,0.8839559938642401
ENSG00000145349,0.8525428149779342,0.9784245470607741
ENSG00000109572,0.8865409752754122,0.9580882772113829
ENSG00000072832,0.5572070825135427,0.7697638010099868
ENSG00000198092,0.2891731814326536,0.49858629388601783
ENSG00000185873,0.1681338244632376,0.273271772672785
ENSG00000083896,0.840039788376083,0.6451703132604694
ENSG00000087128,0.7452737140333775,0.7911419311066993
ENSG00000151726,0.11047138186711104,0.16540481825986475
ENSG00000171566,0.11066614063974771,0.16687453334541275
ENSG00000138685,0.9436971015458997,0.5129212336043447
ENSG00000068078,0.26200137845752225,0.1390503747201291
ENSG00000159674,0.7083145408543909,0.8629176659517779
ENSG00000109458,0.3997905449740703,0.5833649514016978
ENSG00000151552,0.865310744688487,0.7532370262870401
ENSG00000163683,0.023651720629399426,0.11225117164863099
ENSG00000078140,0.5642273289175781,0.5141640343180897
ENSG00000121892,0.9860948445537404,0.9054801144342041
ENSG00000078177,0.9673947345308535,0.9259593295706564
ENSG00000132405,0.16519404678073313,0.38238093479444424
ENSG00000173013,0.183166226101449,0.28402937104457016
ENSG00000173011,0.5156956363656722,0.6880920641476987
ENSG00000109519,0.02228710748880439,0.025417568664001723
ENSG00000172007,0.6423837478678316,0.8749293468388812
ENSG00000145365,0.3682983081766883,0.22623664003139518
ENSG00000109255,0.7475365419699003,0.8723603600298948
ENSG00000090989,0.44957799817616895,0.5049873000069878
ENSG00000174799,0.21907434918628274,0.20793891929123057
ENSG00000154556,0.6802260508886686,0.6882480425038393
ENSG00000109452,0.1452121078563106,0.05696552847374394
ENSG00000109794,0.515746082944307,0.9772839426775792
ENSG00000154639,0.32911557940441283,0.17590340725033518
ENSG00000277282,0.10463135990697933,0.055635638741346284
ENSG00000156265,0.2030101060871147,0.2664063465727635
ENSG00000142207,0.9393246503226746,0.6750770911645882
ENSG00000154721,0.15952139231614273,0.07563348689575645
ENSG00000156256,0.5301906107463896,0.5600456789267402
ENSG00000156282,0.5386878740325742,0.7694653010977479
ENSG00000166265,0.5247377267184263,0.7010140829657716
ENSG00000243927,0.28779722744028247,0.3935204183632992
ENSG00000198743,0.46163233952740523,0.8244189262828057
ENSG00000159259,0.4635047032309202,0.32324946654571723
ENSG00000156304,0.7931020572253846,0.9673897937525728
ENSG00000156261,0.021022445363490926,0.0407457411473302
ENSG00000198862,0.9167156944412648,0.9072503514357593
ENSG00000156284,0.250159335947263,0.7037172635801276
ENSG00000154642,0.03550154827469961,0.031515056138253165
ENSG00000159256,0.9916163155414457,0.9983480935104282
ENSG00000159086,0.5174210579167412,0.3915911485049677
ENSG00000205726,0.49340805614452365,0.8209953758736657
ENSG00000159261,0.9764246661153204,0.7624020334813629
ENSG00000241837,0.4298298324207731,0.6927720644787145
ENSG00000154645,0.6128822650103374,0.21435484086149445
ENSG00000160307,0.0357597708520263,0.1524321551922621
ENSG00000156273,0.41449697186073864,0.4117808027001637
ENSG00000157557,0.3936709383042265,0.4385751723173721
ENSG00000157551,0.005788167286869852,0.0014837775479725254
ENSG00000205758,0.30479810467309654,0.6576654383585141
ENSG00000156239,0.7481371580260894,0.5936753367483365
ENSG00000249209,0.11643295952773958,0.2887950173424175
ENSG00000157617,0.510900072176965,0.6259724218050795
ENSG00000173276,0.7031617136163417,0.4414201979441139
ENSG00000159228,0.23347730273082068,0.34920555060624825
ENSG00000159231,0.13571779232903608,0.18315410217998931
ENSG00000159216,0.43306945779552386,0.8010400506062102
ENSG00000166979,0.04024944140445359,0.015103464610845498
ENSG00000159079,0.9305213886662145,0.7149021099697772
ENSG00000265590,0.0572801795199028,0.19038435381316776
ENSG00000154640,0.036194668995951564,0.027654797931812906
ENSG00000184900,0.5085076753467916,0.767116200651346
ENSG00000154719,0.09107410927577642,0.1439386779870426
ENSG00000155307,0.13636752386041165,0.13339053156482875
ENSG00000205670,0.5238940588519472,0.6818629958233997
ENSG00000159263,0.09172953624133705,0.043929678338520135
ENSG00000160208,0.387404204813799,0.44188678345800425
ENSG00000160209,0.018513271574633512,0.03292835766798219
ENSG00000160213,0.7433772819004181,0.9383352316561696
ENSG00000160214,0.6092597740825885,0.36783904630494824
ENSG00000160216,0.8507257704536494,0.9941801079299042
ENSG00000160218,0.6400161179887769,0.47605238347496603
ENSG00000241945,0.6064327518984179,0.6983986052988138
ENSG00000157540,0.979246137529281,0.6918164936295359
ENSG00000141956,0.0037694790007906406,0.001951676814131652
ENSG00000160199,0.7720708261423866,0.6544155191156982
ENSG00000160200,0.39471075266597677,0.2468748020468413
ENSG00000160201,0.6171417639419787,0.39079418285472
ENSG00000185917,0.779777498555118,0.3546282450737419
ENSG00000173638,0.6879267539873399,0.7288937160081966
ENSG00000182871,0.2214861183131356,0.15163275114348684
ENSG00000183844,0.06332810293676965,0.039267419398403274
ENSG00000154734,0.08116134324318643,0.1268558434851165
ENSG00000159055,0.6870561532217432,0.8198790572287866
ENSG00000160193,0.27974045966631284,0.16683053174433352
ENSG00000160194,0.6669985956107622,0.9270513894610714
ENSG00000154727,0.7942736325017157,0.6580088294399873
ENSG00000159212,0.49548112871302097,0.21994626960977995
ENSG00000185808,0.006442756996618087,0.009690282939323757
ENSG00000159082,0.12537325739274768,0.14427111246650096
ENSG00000155304,0.4640388247665609,0.7832196461723776
ENSG00000183527,0.16706862478060402,0.1780531007557609
ENSG00000185658,0.1714557282958717,0.44317282221149035
ENSG00000205581,0.04259116608014019,0.07129617476367872
ENSG00000182093,0.866931665108452,0.7359757684763428
ENSG00000183036,0.7150044847802804,0.8772207557787733
ENSG00000182240,0.12282001160490397,0.15879793876029374
ENSG00000183421,0.5232229043985273,0.5831435363336992
ENSG00000160179,0.9553225698423837,0.8484010218700875
ENSG00000160182,0.05019116381720988,0.039178862781839845
ENSG00000160183,0.9356353966265334,0.866360838691383
ENSG00000160190,0.5882526246811532,0.6172807024643463
ENSG00000160191,0.7412181466425622,0.3000236435414025
ENSG00000142178,0.3790462222083355,0.5967469420394782
ENSG00000160207,0.27148861959130394,0.3051087938698078
ENSG00000141959,0.32131364466866047,0.5454245599441379
ENSG00000160226,0.572292110467332,0.21111117658940814
ENSG00000160233,0.35922891196990836,0.31538521125313107
ENSG00000184787,0.42793705621457234,0.5995694228565125
ENSG00000183255,0.12406456513965672,0.31425433534361286
ENSG00000160256,0.27828741249004096,0.4320297238353801
ENSG00000186866,0.19021933796420712,0.5392544484407227
ENSG00000183570,0.5954646255465705,0.2766675606761768
ENSG00000184012,0.08240513593714034,0.0609082916298315
ENSG00000157601,0.29265963365727266,0.2195438386710788
ENSG00000183486,0.6731503458349005,0.5230531130283596
ENSG00000154723,0.025005318246821912,0.09318422423266169
ENSG00000160284,0.4783788417836672,0.41165880220679585
ENSG00000160285,0.5847944734027959,0.5093126668535565
ENSG00000159267,0.3067588235499733,0.17547757981556655
ENSG00000142156,0.4153500886286182,0.2936196553399724
ENSG00000160180,0.02715350079056552,0.01699568670550096
ENSG00000155313,0.4435417695754478,0.372151691104994
ENSG00000142168,0.058035402630697494,0.16227661199617285
ENSG00000142197,0.7894355334990266,0.6589713679367508
ENSG00000160310,0.4841585504503727,0.5968746467617414
ENSG00000157554,0.6151553324560856,0.648257024879724
ENSG00000142185,0.7925511922142296,0.996521318824233
ENSG00000160294,0.8132031623045171,0.7449948304852609
ENSG00000182362,0.38181316443237523,0.285230177599558
ENSG00000160298,0.05585245077074585,0.027498328643236772
ENSG00000160305,0.4853384026221873,0.4719145372736635
ENSG00000159131,0.23276657846531812,0.32000620501591354
ENSG00000159147,0.9217431185717828,0.7873297073345076
ENSG00000142188,0.6557745569125637,0.4720171208516274
ENSG00000243646,0.15235970050642567,0.4370855707096777
ENSG00000159128,0.5907443744636688,0.5786516640129644
ENSG00000157538,0.6321788669504793,0.9944853231161321
ENSG00000182670,0.7524280697621621,0.5861604868255436
ENSG00000160255,0.33437037892937727,0.25397261325797965
ENSG00000156299,0.06708278604938031,0.0664090556295048
ENSG00000185437,0.07146086324180866,0.10340756243798219
ENSG00000160221,0.9940482202724847,0.9824948714573717
ENSG00000160223,0.2547656541331775,0.0863995959796846
ENSG00000159110,0.7568599911448413,0.8854824107014321
ENSG00000160299,0.4228568093434186,0.3076231082868531
ENSG00000142166,0.14972036976879155,0.39076549533724736
ENSG00000159140,0.19554410532128427,0.3420726435079656
ENSG00000197381,0.821992898184711,0.9403320578201168
ENSG00000142173,0.36540381314068837,0.20793484980242216
ENSG00000180530,0.10323107629290837,0.18742995561675244
ENSG00000159200,0.7257999772506398,0.7957704842989742
ENSG00000142192,0.0481422293309515,0.04846550029842311
ENSG00000147853,0.5979316112422219,0.7484539769442209
ENSG00000120158,0.3319102991942112,0.3320675375125793
ENSG00000106993,0.46791658907076594,0.3481992045428831
ENSG00000183354,0.5777054147590257,0.5559899839336049
ENSG00000106688,0.6886134969690505,0.5752906021182704
ENSG00000205808,0.31284300621336286,0.23444782466690386
ENSG00000044459,0.9703227531906894,0.7153905011278527
ENSG00000137040,0.16767770048494104,0.10114131415409157
ENSG00000147874,0.0640736377790817,0.08359857381318088
ENSG00000122692,0.9662157967479357,0.9767588751527856
ENSG00000164985,0.8907002727586703,0.8277860582661698
ENSG00000137074,0.7466650264850401,0.7388849528819326
ENSG00000147854,0.050160746589408445,0.07767775964380262
ENSG00000153714,0.3199369069548086,0.43119554093403045
ENSG00000086102,0.3136433702133129,0.2976141845900973
ENSG00000107105,0.981406456199982,0.9265246363701728
ENSG00000137106,0.9484104262359977,0.8101932000791284
ENSG00000156052,0.9592151799740022,0.6164156943014074
ENSG00000165092,0.8118600803551386,0.25967847773986924
ENSG00000155621,0.6508497687768711,0.4188838563606201
ENSG00000197506,0.10772427663691791,0.23298230841113438
ENSG00000154330,0.7171735882953676,0.6700052358003976
ENSG00000135069,0.26046861319408376,0.42063970791898386
ENSG00000148057,0.8582847001688341,0.7657647362917142
ENSG00000165105,0.6870010566296356,0.8999954846562443
ENSG00000106733,0.2394460216926681,0.39591820440462266
ENSG00000137054,0.6002826606950211,0.6371011742046612
ENSG00000135052,0.43183960563635426,0.9465296584869247
ENSG00000083223,0.24258106643536823,0.18361917686644116
ENSG00000107372,0.6556708341577396,0.9433165034510588
ENSG00000156017,0.54902319216804,0.5100353088091032
ENSG00000168795,0.09829855318817414,0.09944524602182139
ENSG00000135040,0.4588542444264444,0.709899066233398
ENSG00000165233,0.16867626423913692,0.2264221872328455
ENSG00000134996,0.4093552099250456,0.5446963185126628
ENSG00000135048,0.7498743664815354,0.8452012021058569
ENSG00000130222,0.5268454698465821,0.4170116269468819
ENSG00000135045,0.9293840922758916,0.8390489459968001
ENSG00000136842,0.042881197595055744,0.07020570223121998
ENSG00000135018,0.16664112270357842,0.28198882137373893
ENSG00000136891,0.14329301735222003,0.3652238465531661
ENSG00000165030,0.206975867061206,0.4778542274734977
ENSG00000204291,0.3434979369545571,0.37188378143461054
ENSG00000095209,0.19542898065187767,0.5816609023519133
ENSG00000283378,0.35052631309405424,0.4775445852514344
ENSG00000131668,0.10196769259915078,0.37093948537844046
ENSG00000136810,0.03849212553152929,0.03575814676046782
ENSG00000165138,0.6663309799652569,0.37852915540822973
ENSG00000131669,0.5536764634586107,0.9208150551547853
ENSG00000197969,0.8089447298726105,0.6843600432895005
ENSG00000165072,0.9365354056117762,0.614292656596277
ENSG00000119318,0.17260305422351924,0.29007889390632724
ENSG00000196730,0.3815057869268057,0.6514381700005398
ENSG00000136925,0.4375229812676069,0.38521331314890406
ENSG00000136937,0.27267330363124237,0.41759052717054146
ENSG00000135046,0.38579170917395855,0.8506182114226478
ENSG00000187210,0.5797545071214811,0.5567943379260065
ENSG00000086061,0.518156494410924,0.3393879360059248
ENSG00000196781,0.46296328204406334,0.23008104522691813
ENSG00000148331,0.8687012715258875,0.44112485963884085
ENSG00000180447,0.23799194370416257,0.2725033142555097
ENSG00000127084,1.2182702073902877e-05,2.6225325261540297e-05
ENSG00000137038,0.011917426647752086,0.016738214329835133
ENSG00000119509,0.3015994451523753,0.48943510708153837
ENSG00000136824,0.8486002839587734,0.9860981809112374
ENSG00000251349,0.2660549275719754,0.48173562382461577
ENSG00000157303,0.0783039941203022,0.0700533920992191
ENSG00000148200,0.3072414403385427,0.13576780641125946
ENSG00000148175,0.41234976972366155,0.31643001456930814
ENSG00000165025,0.3210443172890779,0.178924656279284
ENSG00000106723,0.2648788923283627,0.41662422725532633
ENSG00000187742,0.922920172477462,0.8371693283217385
ENSG00000197859,0.1352439126392315,0.03219609737570751
ENSG00000196739,0.7187991618383565,0.7171344859635375
ENSG00000136942,0.08572833115338192,0.18591732909813324
ENSG00000169925,0.8123693107727367,0.3001758319037477
ENSG00000106771,0.056028130892202856,0.09109501307197826
ENSG00000136826,0.06266513355875589,0.02206685396667315
ENSG00000167157,0.18276034918093925,0.0552554012631442
ENSG00000135070,0.03316974071997416,0.09474967492855697
ENSG00000178919,0.2616875396673465,0.10392446555437915
ENSG00000160563,0.1450282818844268,0.32376352328672725
ENSG00000136950,0.05566844957201197,0.05406682633277748
ENSG00000147872,0.5171883217519047,0.9370871062939903
ENSG00000186350,0.26624676553774135,0.30904574733836715
ENSG00000167081,0.5152244301567651,0.7412624522857458
ENSG00000119487,0.3432474332995039,0.4811862723353383
ENSG00000136940,0.5126440218515349,0.8709105809347328
ENSG00000119471,0.6979027310183693,0.771130266010505
ENSG00000169071,0.7266994304792083,0.504085260782906
ENSG00000165113,0.6003908919275041,0.21791048405631983
ENSG00000136935,0.8959791379937553,0.8025421502717209
ENSG00000130559,0.39657945765409663,0.29995707693709217
ENSG00000070159,0.7615942413055496,0.9210470575900108
ENSG00000165304,0.5670835146311369,0.3700651481674505
ENSG00000181090,0.7809334944740409,0.5112583360836584
ENSG00000160293,0.780565239314885,0.8114429607280343
ENSG00000107290,0.6447803920404859,0.7583280347256682
ENSG00000148344,0.4833537912380126,0.4363000173689202
ENSG00000125482,0.7562321281635712,0.955017781098298
ENSG00000235106,0.3875498924553873,0.7763899336571839
ENSG00000136828,0.0650318992595543,0.01211341686017285
ENSG00000196814,0.12812930176322226,0.08806626646611779
ENSG00000182752,0.4236584789879284,0.2274561729272192
ENSG00000119514,0.2851922628114178,0.5781217280121871
ENSG00000185585,0.8160483521722126,0.7408664532078226
ENSG00000170681,0.07145255641626702,0.10032170337902203
ENSG00000136856,0.14008645110508228,0.12018968351217958
ENSG00000196152,0.34144988097123996,0.2170580002740123
ENSG00000197958,0.0027997595415198222,0.010473486295326705
ENSG00000136830,0.7554693373671642,0.9388373496044635
ENSG00000187024,0.9480712967371683,0.9221367087539013
ENSG00000160404,0.4341175697258096,0.35338938614958904
ENSG00000095370,0.0002723903903807825,0.0005504049616359776
ENSG00000136807,0.1438065025433371,0.2348620264274871
ENSG00000136877,0.39218288023320236,0.45484394323065813
ENSG00000122694,0.20737866922682996,0.4264356130350353
ENSG00000171169,0.5697894525373197,0.9652419858164947
ENSG00000148346,0.34939795185663114,0.3851268678374409
ENSG00000171159,0.9711402575718902,0.6276010967732164
ENSG00000167112,0.677284324495629,0.9501653421107608
ENSG00000167113,0.6410817411445747,0.9175447382287127
ENSG00000167114,0.8173287705853068,0.8790059434565244
ENSG00000167118,0.7080888993460996,0.8954119313202418
ENSG00000198000,0.9026739603483859,0.9036630636023032
ENSG00000188312,0.27430861530565426,0.13417982538904205
ENSG00000106809,0.7222543240783066,0.3177436310891355
ENSG00000106819,0.3544772445479365,0.13925215649170694
ENSG00000127080,0.47299656715881533,0.38697207315813753
ENSG00000165115,0.1837519487326476,0.0485086178643624
ENSG00000165118,0.4504260225886967,0.46667554644949205
ENSG00000107140,0.4610661240167685,0.4837482806510358
ENSG00000159884,0.863100261694588,0.9277459735350637
ENSG00000137135,0.9143654418580593,0.8905183650386403
ENSG00000198467,0.11849867046406645,0.17276929069832614
ENSG00000107175,0.19171444328895387,0.2196052225292672
ENSG00000070610,0.17001003873148465,0.2512219636774253
ENSG00000107185,0.606558298244668,0.887415857469524
ENSG00000137133,0.6614193136491899,0.44542757176859815
ENSG00000137103,0.34333464667669,0.20660482617641227
ENSG00000196196,0.4811607155147367,0.42355120567134064
ENSG00000171843,0.16421097849788044,0.29396214522231706
ENSG00000187609,0.8534807437979197,0.4419815202040458
ENSG00000182154,0.45866948868411805,0.6776588999809248
ENSG00000148399,0.8215895531209663,0.82307077560809
ENSG00000165724,0.8325718254949294,0.677535438384198
ENSG00000197070,0.6299542282390813,0.5148347241701017
ENSG00000188938,0.1285443424582287,0.37656701664166614
ENSG00000056558,0.015420300854184594,0.014743085693269039
ENSG00000136897,0.052841718252386156,0.16633823545180162
ENSG00000165152,0.8407650099390764,0.5028934111850928
ENSG00000155827,0.5887082488917285,0.9462195354980362
ENSG00000120159,0.053215278356688815,0.11039096455124493
ENSG00000137055,0.06913585713425312,0.17950055541702256
ENSG00000178445,0.8541845123119605,0.8191504934792401
ENSG00000136936,0.7439298294172142,0.9595942552991781
ENSG00000165802,0.3946376900876467,0.9654033834952576
ENSG00000173611,0.16952973496705911,0.05249349820399639
ENSG00000154529,0.8269434598109404,0.7983622451069593
ENSG00000148019,0.7491978494069862,0.657925328540931
ENSG00000148090,0.465249789915152,0.2773705111331285
ENSG00000119125,0.7480003629550164,0.4118598399611654
ENSG00000096968,0.2696628531481911,0.479956670642807
ENSG00000106868,0.054360752205705166,0.09634914748262881
ENSG00000159069,0.7149202585173782,0.8247702767788071
ENSG00000107317,0.06221060324175319,0.03460226391309864
ENSG00000148362,0.8733281524501953,0.8106428732810367
ENSG00000169583,0.4697150091252382,0.8729078611361818
ENSG00000180549,1.8611862886196366e-05,0.0005141443363680843
ENSG00000107281,0.5573336902405504,0.8766583822226839
ENSG00000054179,0.897013219524992,0.5912493295500434
ENSG00000186193,0.5864256778145032,0.8590613019704082
ENSG00000197355,0.7310064487973644,0.4527280999464637
ENSG00000176248,0.40312013668219415,0.22838794029746545
ENSG00000176101,0.9260414154151223,0.6843919149583406
ENSG00000176058,0.15010974173358854,0.02887503976036921
ENSG00000187713,0.44609195498212606,0.8826488649328068
ENSG00000188229,0.5555549113268694,0.450156069082826
ENSG00000188986,0.9177378899074438,0.47558223178628745
ENSG00000198113,0.9405626506704705,0.9718357170920233
ENSG00000198435,0.3832578330842099,0.7036245102549997
ENSG00000120156,0.36186523254862357,0.3180436728203944
ENSG00000148143,0.5184236212412442,0.7569385772238961
ENSG00000070061,0.4857882253551089,0.7129849543872356
ENSG00000119328,0.13410126038474793,0.19912768778792517
ENSG00000119326,0.2687790859081245,0.27907096664007663
ENSG00000130720,0.561340799955977,0.2694296589816397
ENSG00000188483,0.2161150539191277,0.1293580863714488
ENSG00000283886,0.250464477383307,0.24296328178457624
ENSG00000136867,0.4229233591476095,0.24902159837492535
ENSG00000056586,0.39775720457607655,0.6228601321901717
ENSG00000186130,0.769781346438976,0.9605241875573962
ENSG00000171448,0.7098288760436113,0.26217179900243115
ENSG00000011454,0.7452936871558362,0.9007145433116311
ENSG00000165209,0.46303022098727886,0.8397733965776035
ENSG00000165060,0.14221133268241534,0.2798142567257417
ENSG00000119139,0.8364339090033953,0.8703250226687176
ENSG00000172889,0.46156534399314975,0.7845236068925168
ENSG00000169692,0.36237493672612064,0.48036355412418985
ENSG00000165716,0.38761210515339095,0.8466203109196764
ENSG00000244187,0.05129087105038263,0.07846907270067666
ENSG00000196642,0.7931315292256048,0.6090946661793506
ENSG00000054148,0.3649079802005346,0.5508469691105069
ENSG00000107223,0.7251553225443513,0.8427894123192183
ENSG00000165689,0.21877244014507355,0.3698403868779071
ENSG00000148384,0.4472864189856778,0.22561609307587943
ENSG00000106701,0.799751661092424,0.4523960740494325
ENSG00000156345,0.23625801748604638,0.5789414356332828
ENSG00000135049,0.6644842838586658,0.3348436231657729
ENSG00000165185,0.3575954204060263,0.07842341665119124
ENSG00000136866,0.7137894567265324,0.8631785762988045
ENSG00000148335,0.0435885602038554,0.14902118676705609
ENSG00000066697,0.018036561973666463,0.042790040843106725
ENSG00000130558,0.6713367005914119,0.39294949373491805
ENSG00000147905,0.9877217505151966,0.9978499438676686
ENSG00000107362,0.2882911749462091,0.1778362247212561
ENSG00000107077,0.2144958727002755,0.20809379027474545
ENSG00000196873,0.03545107078066407,0.1444596257989624
ENSG00000119314,0.4662228402214179,0.5823503226927647
ENSG00000106692,0.4329304864524909,0.5322045473646521
ENSG00000147912,0.1298063630450048,0.19562026056215215
ENSG00000175768,0.14330318059294506,0.20166559699149383
ENSG00000165275,0.153386256246814,0.10922421613340744
ENSG00000107371,0.2577724583611163,0.19402165160458454
ENSG00000122741,0.7348224128690422,0.7946594084391216
ENSG00000122696,0.18159751178417785,0.18923117360058858
ENSG00000107338,0.8467757614075138,0.8823294309806993
ENSG00000126878,0.47660806686918056,0.43171674557893835
ENSG00000050555,0.04872379233916357,0.09774590407543148
ENSG00000130717,0.5746563569405428,0.2771592635142713
ENSG00000106991,0.09598966081390187,0.10216908038165694
ENSG00000106992,0.5863715747205394,0.516320844909685
ENSG00000136840,0.8945167656363667,0.6092626579956998
ENSG00000167103,0.10087680809998543,0.18056323225736945
ENSG00000136908,0.08034423707740407,0.12196920469060062
ENSG00000167106,0.8969691274255523,0.7033529262782136
ENSG00000158122,0.6660014632881861,0.9504516412561996
ENSG00000196597,0.15522222180474035,0.0952603560750263
ENSG00000119421,0.1459969509231445,0.34845396924880123
ENSG00000119446,0.042009383146167756,0.11761463160654378
ENSG00000148187,0.04278307006326282,0.08328635644463417
ENSG00000107186,0.48329699120685676,0.9373548530422602
ENSG00000160539,0.32561861248548446,0.49966346019332175
ENSG00000157693,0.5956794955875859,0.39921773956439854
ENSG00000181634,0.1434317188159936,0.08181758221252144
ENSG00000136888,0.0829128770514555,0.12193511294610151
ENSG00000095261,0.114759072669794,0.17351731514495453
ENSG00000119403,0.9065792143428728,0.9205055436666227
ENSG00000119401,0.18003425383813831,0.24416211601005405
ENSG00000107341,0.50558123215629,0.6494900154921122
ENSG00000198876,0.715904917715688,0.8657742821756373
ENSG00000135047,0.04904317875635421,0.04014790594437169
ENSG00000148334,0.48338620270718746,0.7906140760808378
ENSG00000198887,0.486604188542745,0.34224467178323875
ENSG00000136783,0.9595105549607829,0.9990816686004181
ENSG00000165029,0.7349667641357385,0.7919225479596271
ENSG00000148358,0.5345206596440001,0.7695672781824936
ENSG00000096872,0.13881385364651025,0.32745798385635644
ENSG00000175893,0.48882566074986933,0.5910765259132927
ENSG00000165283,0.43846448215774203,0.45970210596733074
ENSG00000005238,0.7042449525169455,0.9020520028098831
ENSG00000155876,0.0031303575867627294,0.0009892436417190593
ENSG00000122756,0.08798202462673481,0.09488846184684775
ENSG00000164967,0.7246370758800738,0.7156401723771694
ENSG00000137100,0.9078725939040462,0.983268980752244
ENSG00000213930,0.5508095979413714,0.2384983499618404
ENSG00000213927,0.277754236361068,0.22260053465723903
ENSG00000187186,0.936801877572108,0.8952972341466209
ENSG00000172724,0.1396910111804261,0.12904089544988773
ENSG00000137077,0.02843548245255902,0.0745233562457508
ENSG00000147955,0.24266993815986806,0.16568748527870847
ENSG00000148308,0.4231810034311412,0.8726528323625201
ENSG00000170835,0.767585318449525,0.7665819120601672
ENSG00000160271,0.8033117051513741,0.39523375789529
ENSG00000148288,0.5950233669166709,0.2160779236604167
ENSG00000175164,0.7410303944422115,0.6199387521493029
ENSG00000148296,0.5579581085991645,0.942244211923437
ENSG00000148297,0.312802460181681,0.2257211099510468
ENSG00000148303,0.24321132736456552,0.553650665397174
ENSG00000148290,0.8156379089401338,0.6409168919631327
ENSG00000148291,0.17613687423908805,0.3084182396788663
ENSG00000148248,0.025344475650835738,0.0516279413814616
ENSG00000148300,0.2554780150362363,0.4961365367809659
ENSG00000160325,0.31122373492312083,0.2905611868812194
ENSG00000160326,0.7660840739582985,0.8998291662441998
ENSG00000136943,0.8932795327184045,0.4234497963879138
ENSG00000122707,0.633985758416618,0.43176297793831575
ENSG00000159921,0.1958166351294579,0.16012385433732848
ENSG00000119414,0.2536311901338924,0.4016517608138104
ENSG00000136933,0.3022734251937048,0.7236182307685813
ENSG00000044574,0.02641599168651252,0.02953538910839043
ENSG00000122729,0.12611311755864044,0.18165421704550996
ENSG00000165264,0.5604503079875819,0.4808871804868219
ENSG00000107201,0.8697817887269705,0.6937113338133397
ENSG00000197579,0.9098226205167304,0.9847091285648032
ENSG00000148400,0.1997825467331909,0.1979892835805139
ENSG00000125484,0.715019387912758,0.8272306931022086
ENSG00000165695,0.38562206548668565,0.8547919977969083
ENSG00000165698,0.9213514584389604,0.914960545396106
ENSG00000165699,0.36925114973934225,0.6757114920587688
ENSG00000148356,0.20479726614329125,0.16859113494155895
ENSG00000165280,0.7909118920037009,0.8335772664182101
ENSG00000147852,0.7424751684540534,0.7097495134015692
ENSG00000148341,0.694364986593903,0.882070579559324
ENSG00000167130,0.0842802416952375,0.1051812591872413
ENSG00000160447,0.29187269090016865,0.09552171427141737
ENSG00000160446,0.17616055610881223,0.148743693009316
ENSG00000160445,0.6411304242648561,0.2710187157903053
ENSG00000107021,0.5165196795845866,0.37378828279750775
ENSG00000167136,0.987009821483124,0.6935951298994705
ENSG00000198917,0.6767909366467453,0.9514576153607109
ENSG00000171097,0.6952993235551899,0.23558522668549198
ENSG00000136802,0.05729639691573262,0.19927507622485816
ENSG00000175287,0.14756376291698234,0.0875270976048995
ENSG00000175283,0.07551565560634357,0.14819889755092056
ENSG00000095319,0.6022526452802122,0.9900866977017874
ENSG00000095321,0.35381549276112256,0.6976586676720767
ENSG00000119333,0.21842344652786339,0.11439467094621097
ENSG00000187764,0.13080674284256139,0.05684794274961245
ENSG00000081386,0.21292161786444025,0.08865131021674626
ENSG00000148219,0.7063830396094876,0.42706649911804084
ENSG00000196363,0.6123956792235895,0.9959416720605438
ENSG00000204136,0.5835080093245881,0.5648339069396684
ENSG00000095203,0.5058850487408747,0.5282667476402639
ENSG00000127083,0.6046246121812683,0.17929206489134897
ENSG00000160360,0.8118838124499179,0.41723989464511857
ENSG00000130714,0.9555629061843303,0.5183265157932043
ENSG00000165643,0.7762018607177698,0.8187614792756778
ENSG00000188747,0.24619050098216178,0.14496359187749405
ENSG00000137073,0.228868705445508,0.18147794566441594
ENSG00000010438,0.1407371189759653,0.2257484712580861
ENSG00000148339,0.6961740447841485,0.3475645712099452
ENSG00000137094,0.4206979338215592,0.3986746193284456
ENSG00000177239,0.2970228983599932,0.40154225180928427
ENSG00000107249,0.7658585378164697,0.8984806577378749
ENSG00000175787,0.13356390366741433,0.020903490725668574
ENSG00000165140,0.6797111680645036,0.8850304989818115
ENSG00000106780,0.931742446604934,0.7659992185420601
ENSG00000119402,0.5455266298145505,0.6991555400946783
ENSG00000119392,0.9320017785720229,0.6595458390651241
ENSG00000165006,0.5001918160585845,0.47537462388518315
ENSG00000164978,0.37523080265628517,0.30122675273308425
ENSG00000164976,0.753492970434654,0.5840535528782582
ENSG00000186638,0.07138600558239609,0.06474349578858966
ENSG00000106853,0.0025047483054289506,0.006715762170485898
ENSG00000059769,0.006238256870265883,0.013989332017785383
ENSG00000244115,4.87539808732935e-05,0.00031786363504156717
ENSG00000242616,0.00017637798432426803,0.0011341881511006085
ENSG00000148154,0.3254853840012339,0.38311669971024265
ENSG00000107130,0.6973609753750845,0.4649206211400355
ENSG00000130707,0.12066254032760272,0.11502931045080154
ENSG00000148120,0.06466586580424474,0.017369847415943426
ENSG00000136870,0.8595947285124506,0.3920236240811017
ENSG00000160408,0.7161599067930094,0.48993510972210597
ENSG00000274349,0.07343296329615047,0.04656724712797214
ENSG00000135063,0.14876563614733845,0.15001278466809467
ENSG00000198680,0.576230059095642,0.3047826976489508
ENSG00000215126,0.5356113256928926,0.7333154523748254
ENSG00000119138,0.931447614355592,0.36042698324526345
ENSG00000080608,0.5698933872963493,0.31126378603960864
ENSG00000137033,0.3048756202356908,0.03829211533881938
ENSG00000136813,0.2935436635097173,0.6412978517504038
ENSG00000188566,0.30886178049823493,0.18761031714147594
ENSG00000173253,0.6249927056934077,0.8220763568590596
ENSG00000148343,0.504745183912825,0.5017532924455284
ENSG00000196305,0.3949961549367539,0.508516975924958
ENSG00000136868,0.25907772144885644,0.5055281005144835
ENSG00000176386,0.05409720923246328,0.20663222880539553
ENSG00000136875,0.06527673495426053,0.17905469625954398
ENSG00000165188,0.5471059693529314,0.9279337790667244
ENSG00000148225,0.7077665075672648,0.2627817506666629
ENSG00000119411,0.03676723874108219,0.04300847098240297
ENSG00000119431,0.5216482373095064,0.36625800337873216
ENSG00000148218,0.8053905614600562,0.836315127089011
ENSG00000148229,0.04947808283213378,0.13216955681680967
ENSG00000188352,0.9573823501540831,0.9410207013215973
ENSG00000188921,0.36431899845173243,0.24165423301969835
ENSG00000235453,0.7214085081084819,0.9611439348430143
ENSG00000148396,0.38828750590781025,0.43527197332770307
ENSG00000080298,0.41078590086812206,0.29118193889437577
ENSG00000107104,0.5279595938168105,0.813016988391074
ENSG00000095303,0.40326124791701456,0.7152527109764054
ENSG00000175764,0.9188135795168846,0.6078835013758999
ENSG00000136883,0.11214830595175125,0.20179269018375443
ENSG00000159899,0.6155379591929137,0.6808887067662551
ENSG00000185920,0.8485685456342296,0.3651653530303177
ENSG00000164970,0.878579048065063,0.713332177571361
ENSG00000165238,0.4836884381314158,0.11815030850751902
ENSG00000125485,0.2537458179462708,0.3734596064849367
ENSG00000136932,0.6556845394476952,0.48924131428542894
ENSG00000107159,0.27957118370015466,0.33182371631511187
ENSG00000123453,0.23772273958158965,0.13930359579380067
ENSG00000148337,0.35028587792013033,0.6983197934058074
ENSG00000165219,0.5122923859292405,0.8320925703635178
ENSG00000147862,0.2249966930944883,0.1862436271209444
ENSG00000198121,0.3028745178331775,0.5896882607926097
ENSG00000165124,0.4106791391413712,0.9470271303829229
ENSG00000167123,0.21629751533846533,0.35031040012348247
ENSG00000106772,0.05146173354393171,0.09579924691856001
ENSG00000148110,0.13465006845931907,0.1353213495998235
ENSG00000137078,0.0006248175669004229,0.0012126953417564157
ENSG00000137101,0.6669838409772444,0.5154604484893421
ENSG00000148053,0.4779264894780465,0.22866358861493635
ENSG00000165272,0.45364020123323723,0.9297223747258927
ENSG00000122133,0.35016768914432783,0.1509174649160802
ENSG00000127191,0.23358640829112604,0.10326720312915681
ENSG00000232434,0.014534114655587342,0.0038763872074008554
ENSG00000119335,0.03575497419320556,0.1050836877452886
ENSG00000157657,0.8215427298784361,0.6342215998447345
ENSG00000106714,0.7295430723685761,0.7083619720928828
ENSG00000106689,0.4122765589721946,0.18426875938125012
ENSG00000107099,0.03777818422597721,0.07682246163370177
ENSG00000090054,0.05270763869252158,0.09209469988702039
ENSG00000119397,0.40885629795362344,0.2671770605801946
ENSG00000107331,0.47480440801470847,0.2542203490474466
ENSG00000137124,0.041211418755100156,0.15052516302695315
ENSG00000214654,0.6163570197980834,0.7927542427758171
ENSG00000137145,0.3410106949130967,0.33530944285427083
ENSG00000137154,0.034909887157157246,0.06753078517440733
ENSG00000177076,0.3984773412702607,0.4741931903016111
ENSG00000107036,0.9917633872811651,0.9054085730130488
ENSG00000099219,0.5363352992610699,0.5539074089379281
ENSG00000137070,0.12067529184066013,0.06714451174629162
ENSG00000119321,0.5924211864740059,0.6456242936065165
ENSG00000178966,0.8530847601154594,0.7578612176081196
ENSG00000165271,0.84008920088392,0.81020053144978
ENSG00000130713,0.06440477900661709,0.2217296536421266
ENSG00000212864,0.05040148276291029,0.019572280097065808
ENSG00000165684,0.26634302034938506,0.08100212236052652
ENSG00000119508,0.46196505995226556,0.5248190573256191
ENSG00000136874,0.9392365337410888,0.9957992495727085
ENSG00000136861,0.5143958581068411,0.8828475566436643
ENSG00000164975,0.2620295166808687,0.4287526212650189
ENSG00000198722,0.10285992750420621,0.19777424373008665
ENSG00000106823,0.9740651882837752,0.604222621247279
ENSG00000106852,0.4152940185891081,0.2322737132711595
ENSG00000023318,0.008187066656685183,0.01540678572554748
ENSG00000196422,0.9907168681652605,0.6084864670643366
ENSG00000160345,0.9316999422053232,0.5007398388732598
ENSG00000160349,0.4625992807676301,0.4064664649782441
ENSG00000126883,0.5537236221741455,0.25281599432572294
ENSG00000169155,0.5710124725769707,0.7205311295798482
ENSG00000136859,0.3628997667475389,0.2925200404224952
ENSG00000172785,0.5630608617673731,0.821929460844533
ENSG00000147996,0.012439822329650258,0.032706780856443365
ENSG00000181404,0.3168217789153817,0.17284475610560943
ENSG00000158169,0.5417610676223595,0.32990212957357606
ENSG00000119408,0.06363850675504261,0.1575456051612749
ENSG00000136930,0.14305684092836224,0.2425303514836589
ENSG00000136931,0.12363892076828481,0.028525550797263703
ENSG00000175854,0.20294075229082803,0.5739621350566885
ENSG00000182150,0.37363515004843617,0.16324784447929086
ENSG00000221829,0.7755344253203574,0.9166274472325971
ENSG00000198642,0.6517227715921867,0.6396679613022154
ENSG00000184995,0.5361121707802605,0.36770829972056607
ENSG00000099810,0.3657656300873674,0.39562922778024956
ENSG00000147889,0.0808578357397879,0.16808808812646425
ENSG00000147883,0.7195915743841594,0.8680466165727996
ENSG00000198853,0.7887009578194559,0.9731877109002202
ENSG00000122140,0.23092727678793576,0.6101824040313868
ENSG00000107020,0.22299955047317782,0.12399141742232803
ENSG00000120217,0.8783327448363464,0.3921644950899461
ENSG00000197646,0.7129176686014752,0.3942691440336267
ENSG00000120162,0.5366160999263095,0.3523797360030907
ENSG00000147896,0.8551566817712236,0.6602545009360998
ENSG00000147894,0.21154784563619872,0.6166243055670486
ENSG00000177125,0.3592051574604592,0.1570876124844959
ENSG00000213694,0.26803855876426574,0.4488499056235893
ENSG00000123975,0.03719432327030824,0.06925095653789307
ENSG00000119523,0.03912764372722378,0.06657461926988475
ENSG00000106803,0.11287615453739985,0.1368929602191907
ENSG00000106799,0.3456506378618328,0.35933317761494554
ENSG00000197724,0.6829345375690508,0.8398742410084119
ENSG00000048828,0.17501237563736025,0.33291848955149
ENSG00000188647,0.42472490639119953,0.2924200901055641
ENSG00000070214,0.6106559270900649,0.28786102009898357
ENSG00000119383,0.7194630018768993,0.8838297891197376
ENSG00000106948,0.0005473461873975947,0.00037916153182024055
ENSG00000095397,0.21410541258005888,0.07237814110844669
ENSG00000119522,0.37183289424204236,0.6619140923283743
ENSG00000136816,0.10125363098300205,0.23812864805449666
ENSG00000136827,0.044092853868392415,0.13434303312306925
ENSG00000136819,0.40012139256623647,0.7118756397203176
ENSG00000136878,0.5128170967530912,0.3531452267021642
ENSG00000148180,0.6252835723787351,0.8843966119367177
ENSG00000106804,0.18139058157775595,0.04468565577675999
ENSG00000107164,0.1505058240543653,0.23262624389201267
ENSG00000158079,0.31536248251859095,0.5390603663260096
ENSG00000136848,0.896374880770187,0.9932457921549963
ENSG00000157654,0.13395115732220778,0.19776305533727914
ENSG00000284976,0.18766768780000645,0.15764704749911976
ENSG00000167110,0.7837657127114508,0.9484640646890145
ENSG00000136869,0.8860407303062292,0.619220934301063
ENSG00000165282,0.9275349667659769,0.7648374032650069
ENSG00000173068,0.62812740655166,0.2596540454010565
ENSG00000230453,0.1613698297166455,0.2598775818705425
ENSG00000185963,0.8570786691187662,0.979847910422509
ENSG00000127081,0.27950371558009673,0.5826144479028712
ENSG00000196116,0.39367428989263153,0.4104430850114006
ENSG00000136938,0.02412717055617138,0.052239769713220544
ENSG00000095380,0.569570774662264,0.9497612463874977
ENSG00000106785,0.750876677005661,0.9243953591971886
ENSG00000106789,0.9106574427296684,0.6868058087240088
ENSG00000095383,0.012425001872747064,0.018728835728455795
ENSG00000187866,0.8945111681705247,0.745258456673382
ENSG00000187239,0.10887025318664746,0.16911944547153615
ENSG00000155158,0.6922967462564683,0.7687446837357809
ENSG00000138835,0.26444110759326334,0.34080969626285246
ENSG00000119396,0.40692377332182994,0.6266971414817792
ENSG00000197694,0.9280293601444555,0.917567324545396
ENSG00000080503,0.3026096237502986,0.27460454889692043
ENSG00000165119,0.06631331356332382,0.12254629523114498
ENSG00000136854,0.17763880100599172,0.16373179312912128
ENSG00000126882,0.0023381951999568644,0.002082542793729461
ENSG00000097007,0.8440194216811494,0.8293426625498197
ENSG00000041982,0.8306533635597712,0.7114059514462103
ENSG00000197191,0.2068761149616505,0.45181092950627266
ENSG00000106976,0.6984713294802283,0.8131668663028664
ENSG00000137075,0.2886351865637843,0.2621538988341753
ENSG00000122705,0.7374094550032261,0.666415475359931
ENSG00000130635,0.6075185722174306,0.7820255762114642
ENSG00000106829,0.8338715991974552,0.896547312557568
ENSG00000213221,0.9401975843571635,0.7743867010114998
ENSG00000130560,0.5983649274234708,0.8454077211518171
ENSG00000148411,0.9119096312921976,0.8278660070569523
ENSG00000238227,0.7738664948208082,0.8002959963182323
ENSG00000165661,0.588656655339529,0.8866502043446195
ENSG00000148153,0.5316760588861272,0.8397105980925608
ENSG00000148158,0.7473461797141042,0.2936047241514434
ENSG00000107263,0.9181626516135875,0.6603817447158014
ENSG00000176978,0.346763494203459,0.8456850560636716
ENSG00000130948,0.9325722550457917,0.9673844540875581
ENSG00000130958,0.12603144099503827,0.13941317601822173
ENSG00000165244,0.5258181047984836,0.4111179941060178
ENSG00000130956,0.48020117769968795,0.8198470681617888
ENSG00000086062,0.9600689127552148,0.9771908372346808
ENSG00000107262,0.04405432806847326,0.022382966554009637
ENSG00000086065,0.4777137319741882,0.3260028423993118
ENSG00000137076,0.8709295789238829,0.827930358379135
ENSG00000136811,0.5767654101336169,0.9562038143884173
ENSG00000165688,0.1977915267622203,0.5484587967782624
ENSG00000099139,0.27017231493684496,0.08147804085678538
ENSG00000135002,0.181271014676685,0.14378123413368296
ENSG00000078902,0.5229936837983329,0.6998025673440689
ENSG00000117983,0.018345741747711527,0.016221377796781258
ENSG00000053918,0.3293015318564333,0.14166494162731563
ENSG00000132109,0.6798674024765384,0.303405950564013
ENSG00000110328,0.6021623759972303,0.5976528381217557
ENSG00000177054,0.4851427352625485,0.4885586022210485
ENSG00000129170,0.032568916815634195,0.023800681190341063
ENSG00000183161,0.3874862438158717,0.43734148104744075
ENSG00000167333,0.633336029918055,0.6341975149390574
ENSG00000152219,0.8954374076703984,0.7398170354321537
ENSG00000129158,0.36970965739953454,0.6971862786056126
ENSG00000121691,0.1994026597805781,0.1675756822010226
ENSG00000149100,0.005345415255906032,0.011775391083573445
ENSG00000166478,0.4681329051398858,0.5871207545357118
ENSG00000129151,0.18874361100930725,0.3673533276034978
ENSG00000179431,0.09923016960367478,0.026854060992063413
ENSG00000133818,0.009032841966249273,0.006001094952703926
ENSG00000262655,0.26251421472041825,0.11976953748258984
ENSG00000086205,0.7962304697586519,0.4461060490537627
ENSG00000198168,0.11391080755536845,0.0229394825648013
ENSG00000170946,0.15435749266907386,0.17165817213947296
ENSG00000205213,0.7030519381251656,0.8778770459645369
ENSG00000166326,0.5823396752074335,0.5585236968878282
ENSG00000110048,0.3096745396268763,0.30906352628045075
ENSG00000167996,0.02407722853223856,0.07075876635782213
ENSG00000149503,0.7984397243662067,0.6742240273167567
ENSG00000135362,0.7161769274162073,0.9585643207526116
ENSG00000110442,0.6770185135632699,0.6557393894533639
ENSG00000285283,0.6500842744559736,0.4634095082445354
ENSG00000186660,0.5722800913765685,0.5900058272086822
ENSG00000185238,0.2006176211910127,0.22899325819070976
ENSG00000162174,0.13959820442984258,0.047503300700659834
ENSG00000109911,0.010827979014066406,0.015728529131675918
ENSG00000166016,0.22290267043519146,0.15824718733264462
ENSG00000166889,0.38630333292034447,0.3295422284687063
ENSG00000134827,0.08807726712308296,0.235187875533828
ENSG00000152270,0.014421049862736963,0.003516816242748104
ENSG00000124942,0.4938521447934091,0.4226060325159595
ENSG00000011347,0.058182893245766254,0.06115012103684303
ENSG00000149021,0.8255187098765377,0.8983434644519239
ENSG00000129173,0.19232615845202097,0.13163728064562755
ENSG00000157570,0.8084771642770994,0.33154113720382195
ENSG00000254772,0.2296841826853122,0.48700092846862864
ENSG00000148950,0.22650013552820494,0.6499483563254729
ENSG00000124939,0.11016918572401335,0.047716012596689845
ENSG00000176971,0.9510080978259325,0.5817888916089539
ENSG00000110107,0.567118221261877,0.6942735628129513
ENSG00000110484,0.20700193693093427,0.19929060512929567
ENSG00000169519,0.17743488624884182,0.2914140503290856
ENSG00000179241,0.9759460528628877,0.8616818660955547
ENSG00000166902,0.36878987936136287,0.34476993491808594
ENSG00000110104,0.04045419357876841,0.06363463715607313
ENSG00000148943,0.5546204080312807,0.8000222036024529
ENSG00000132749,0.9741096769802665,0.7376181796125991
ENSG00000173227,0.1758678303413249,0.15853516016889882
ENSG00000169550,0.6247739160229424,0.5717785450566382
ENSG00000021300,0.947165635633583,0.8763870350402965
ENSG00000077514,0.9309886540483718,0.9555293874296815
ENSG00000166012,0.049039605893555355,0.08228339108296924
ENSG00000137478,0.22018215872578417,0.17930020377245287
ENSG00000166025,0.5323152034781196,0.7047913983187692
ENSG00000166004,0.8295479648212745,0.6325674012941109
ENSG00000184384,0.4142389598492713,0.3313954643338422
ENSG00000137691,0.5164639070478791,0.6519452229944351
ENSG00000165895,0.5803015023817548,0.8127174027582792
ENSG00000023445,0.4156728406263954,0.23945365664861104
ENSG00000149289,0.3382046749798399,0.3636541095751472
ENSG00000086991,0.8967824649936327,0.4152524743453839
ENSG00000173156,0.5142820913811467,0.23309804147472155
ENSG00000042429,0.5714943235511893,0.7556310176757819
ENSG00000181333,0.6921504344300875,0.5995470159531537
ENSG00000123892,0.6487589062603161,0.37532601444579794
ENSG00000069482,0.7887121236394256,0.7351775957270612
ENSG00000137673,0.5301044114300968,0.9099482926561728
ENSG00000110660,0.08963596831140341,0.10943828133421343
ENSG00000054967,0.061222147857664756,0.09254116901403442
ENSG00000255501,0.5765850255540366,0.7795759370555375
ENSG00000166575,0.5503928569676211,0.656216870977708
ENSG00000137672,0.23364859451044587,0.27959497352256574
ENSG00000137693,0.3291407410904758,0.36800957315902993
ENSG00000173120,0.62244244200442,0.5676721944762801
ENSG00000170290,0.0409761853659805,0.035339202107112215
ENSG00000170962,0.677366656231335,0.21826505892768513
ENSG00000166266,0.2610083078265474,0.3726440403449779
ENSG00000168010,0.020415099934328426,0.00767043859630637
ENSG00000137713,0.43111007918795574,0.4278765618525979
ENSG00000110237,0.6239372010640023,0.8994320265554762
ENSG00000198382,0.37647540038135885,0.19052768262725353
ENSG00000166002,0.35776299076964857,0.17432445963711174
ENSG00000149380,0.49420841650942127,0.7969841477200547
ENSG00000152558,0.34079244103693984,0.4707181290340915
ENSG00000074201,0.4820667851990412,0.4911855654033972
ENSG00000166900,0.3941342344546226,0.3466996087465425
ENSG00000109944,0.546780340607006,0.446052223151156
ENSG00000186642,0.45966409863952673,0.3120818502046167
ENSG00000137714,0.03268458265010203,0.10524209008212544
ENSG00000137699,0.44774834007605113,0.4459513067015196
ENSG00000196914,0.7984513916901612,0.637438701595787
ENSG00000154144,0.9851482087987127,0.7883357981147254
ENSG00000137642,0.299322326105943,0.4238142836616775
ENSG00000110013,0.24169161550665771,0.2940641008992444
ENSG00000109971,0.1738431984075036,0.03897486657227926
ENSG00000043039,0.8232964540225672,0.7048383533227494
ENSG00000166250,0.7023895974199481,0.5321768275364076
ENSG00000149557,0.7017732940808978,0.4307871313115127
ENSG00000121621,0.2365210881562755,0.2811229577461396
ENSG00000149256,0.8851690057275275,0.46057959849654506
ENSG00000154127,0.27731484257738415,0.25189561390924065
ENSG00000134910,0.19771077331843245,0.3230232256931432
ENSG00000109929,0.002385919586018633,0.009378130076692736
ENSG00000149547,0.13897658477383332,0.1409081105493011
ENSG00000197798,0.40844796002017647,0.7986893962761643
ENSG00000110172,0.18160979374260838,0.08189592506459
ENSG00000149328,0.34978257960772274,0.10049946085101075
ENSG00000085117,0.7445485192963625,0.5042464639421484
ENSG00000109881,0.4629290226340984,0.18252821756169413
ENSG00000110318,0.1080508492800961,0.15862838157861875
ENSG00000149273,0.07096465642110857,0.1637006777694322
ENSG00000158555,0.7169128937921798,0.7957518319886326
ENSG00000149257,0.1214248991106276,0.15283713889642167
ENSG00000166927,0.8539229696311006,0.782783803017513
ENSG00000184232,0.008180631866463907,0.012404264401947777
ENSG00000173457,0.03590756691313217,0.010986375152710308
ENSG00000219435,0.9591638219856183,0.9417014677393734
ENSG00000126432,0.2370874525342716,0.12019983801988858
ENSG00000168071,0.000897290441350136,0.0022356774608057388
ENSG00000162302,0.422760583811319,0.10897880283763166
ENSG00000068831,0.004126670607006197,0.004320944142620751
ENSG00000068976,0.2696824460029112,0.37734904102142186
ENSG00000168067,0.7055828820143907,0.82972318958671
ENSG00000110047,0.6354554619932296,0.28677985779285786
ENSG00000110046,0.4804676037809623,0.46260999951994286
ENSG00000068971,0.9896804911112931,0.8827515557485244
ENSG00000168062,0.47309221800618606,0.906040063223986
ENSG00000213465,0.4038493221243177,0.47040988841725984
ENSG00000171219,0.31902841198689386,0.4621220676353902
ENSG00000244734,0.5511213040451644,0.5759029301301981
ENSG00000213931,0.16449188803134324,0.3406927437439582
ENSG00000121236,0.10846578270629421,0.03966606681609015
ENSG00000005801,0.525725950509882,0.27831057417739746
ENSG00000189057,0.8767177089511626,0.6927192497398988
ENSG00000110042,0.9475402336403468,0.8540231059111107
ENSG00000197629,0.032581842786659106,0.028999636761861965
ENSG00000110002,0.8231209799546721,0.715466974223825
ENSG00000177156,0.14445284794519905,0.25763488786343464
ENSG00000177225,0.16202761808179877,0.1174306087340962
ENSG00000177542,0.9580408572461372,0.9664873251266226
ENSG00000177600,0.7194081367314236,0.9484642539250917
ENSG00000177666,0.8454585230177549,0.5931346240168109
ENSG00000177685,0.004085481051665479,0.0012384859679228084
ENSG00000177697,0.21995384533005735,0.10011660888572532
ENSG00000177700,0.6006274568486598,0.46602284842526276
ENSG00000177830,0.4591065875914965,0.8754411522686552
ENSG00000120457,0.680801641924454,0.6270823937137605
ENSG00000149308,0.9016682780051678,0.6856048194010265
ENSG00000109846,0.06527082499066855,0.07582476704652118
ENSG00000170276,0.30691065117298627,0.43177084176383274
ENSG00000149300,0.7508474576402091,0.8385425351028922
ENSG00000150764,0.8825995020411417,0.758397452592298
ENSG00000150776,0.3914439724093278,0.6978750960024303
ENSG00000150779,0.9639166313710229,0.8116030656076831
ENSG00000204370,0.2483701898792036,0.4764180983923407
ENSG00000150782,0.5974675588960912,0.4461139265751515
ENSG00000197580,0.3964182557369196,0.2767534683165641
ENSG00000150787,0.2476295397017761,0.2933190002741813
ENSG00000214026,0.06420930155041694,0.05670348136234499
ENSG00000134955,0.8218656192940301,0.7787228836563644
ENSG00000181264,0.07529854759786518,0.24339705960274746
ENSG00000170242,0.15757192348778484,0.17221682930410184
ENSG00000135374,0.3979086227561355,0.2610997868951878
ENSG00000149269,0.8624931072514398,0.9475361133165286
ENSG00000049449,0.017428110101406106,0.06252265904442275
ENSG00000137710,0.2003541496270936,0.1869331252246831
ENSG00000149179,0.7641060900299482,0.8079195313625647
ENSG00000167771,0.6314313025644028,0.9791564650529814
ENSG00000110583,0.3773618196007119,0.39872754618759887
ENSG00000176340,0.07172953987953877,0.0696681560221593
ENSG00000133315,0.3584330258363435,0.7692160994242911
ENSG00000168439,0.005159691966389498,0.005168961969778701
ENSG00000130592,0.03531502316134673,0.016109222985370358
ENSG00000137522,0.06837139535753536,0.17424585182120592
ENSG00000149357,0.1535222409743698,0.21171441864570079
ENSG00000110628,0.43379687775485865,0.534705557290325
ENSG00000181649,0.11075448041600544,0.06685166020862597
ENSG00000133789,0.9883780949948046,0.785028801820544
ENSG00000148926,0.046802192073045874,0.14121871241426454
ENSG00000110315,0.886911406346879,0.5841041196035776
ENSG00000121671,0.4467357867752495,0.21393697510588736
ENSG00000121653,0.5531829179956997,0.17177414307849412
ENSG00000121680,0.8313184754639787,0.5727463897336841
ENSG00000165905,0.39811748470805863,0.23389495788770867
ENSG00000157613,0.8139753565542835,0.41182796075155315
ENSG00000077458,0.5980013565237483,0.570009087818097
ENSG00000166037,0.8686260082690018,0.6390801942344784
ENSG00000172638,0.8394637913095551,0.699459270581714
ENSG00000172500,0.22083898160564572,0.3571127766790415
ENSG00000175602,0.7730199963741474,0.8257080813421456
ENSG00000175592,0.004420891885440447,0.005970540964174156
ENSG00000175573,0.9223131776397225,0.6277335600919919
ENSG00000175550,0.3277101975223764,0.25718735529345865
ENSG00000175467,0.7106028243271574,0.8909132050589322
ENSG00000175376,0.1869198249967247,0.3382096791453287
ENSG00000175334,0.1339933569673422,0.1905287623031749
ENSG00000175315,0.9794089447280651,0.6167660968233311
ENSG00000087365,0.3961638028977117,0.63181587230436
ENSG00000174903,0.4826337993660391,0.4465311757182516
ENSG00000174871,0.43548042958017763,0.2791258464336121
ENSG00000174851,0.10683132269990704,0.10608634148972786
ENSG00000174807,0.5204454407447158,0.26019352013911345
ENSG00000174791,0.9205173360979156,0.5908718277670284
ENSG00000174744,0.6731738689693245,0.5214710602716024
ENSG00000174684,0.9587964482911829,0.9571381509627507
ENSG00000174669,0.8835888326856105,0.40687813211866586
ENSG00000175115,0.9062601054818961,0.9759241553926712
ENSG00000134825,0.09547261997399507,0.19833842357201775
ENSG00000168496,0.6412937946147754,0.5909675804988045
ENSG00000149485,0.3519245009780436,0.6200744822717997
ENSG00000221968,0.0132375782841432,0.007355853678892858
ENSG00000167994,0.5495446575158373,0.964545522972732
ENSG00000075239,0.3482640749694762,0.5772246719061098
ENSG00000076043,0.2398393026951247,0.07873764644190824
ENSG00000137648,0.2822633116752574,0.09098370048676041
ENSG00000160593,0.006966597977285236,0.013430500747569307
ENSG00000149573,0.6837091747674371,0.9737689608937281
ENSG00000110195,0.07341770053229608,0.0803792938868264
ENSG00000087053,0.2518066121176275,0.35708006820278304
ENSG00000168092,0.13533591972996517,0.25777402035029556
ENSG00000149577,0.5502339723138182,0.3924940276556663
ENSG00000149591,0.2732668358035269,0.5011747470230352
ENSG00000167257,0.6983656335644535,0.9448258352603116
ENSG00000110274,0.4791263370000658,0.45083651031125505
ENSG00000149115,0.9293651180959123,0.6962385005388834
ENSG00000149136,0.4251593478617611,0.514892244692065
ENSG00000149761,0.6156319005040818,0.4352767086600585
ENSG00000173486,0.44872183207223393,0.5141499507113791
ENSG00000021762,0.6232759423336696,0.3665899503239629
ENSG00000110619,0.9261057579458447,0.8827875145830697
ENSG00000110090,0.7101583146931307,0.3757282479770242
ENSG00000197345,0.056332239595368795,0.18645114147991704
ENSG00000172935,0.011736459806217323,0.004667460737779218
ENSG00000162341,0.17275132355359085,0.3128315970263015
ENSG00000110344,0.8095937866738238,0.9146984839957887
ENSG00000132740,0.23293171717635458,0.39253684495739716
ENSG00000149292,0.22812858083010773,0.2547548374470007
ENSG00000258659,0.4541568400541658,0.2867404316931953
ENSG00000175582,0.05697546690332393,0.05369923767769177
ENSG00000134802,0.9728808724146523,0.9334906623546433
ENSG00000129084,0.00298147731397029,0.004760146205951538
ENSG00000182919,0.6137775820792027,0.378532291591422
ENSG00000174996,0.16091196027976667,0.3320968346698278
ENSG00000175274,0.9432553258849856,0.7755098560880682
ENSG00000064199,0.6125924521019884,0.5677184399689652
ENSG00000135373,0.06423340645903526,0.1077527057407379
ENSG00000286264,0.7969240415748395,0.6700703463557188
ENSG00000110031,0.022917296201029995,0.03798400264182039
ENSG00000177098,0.20475660781989993,0.2819996781432667
ENSG00000166741,0.12305876007628895,0.2383364182330624
ENSG00000129083,0.03811332838252098,0.04589721377970044
ENSG00000149782,0.17769472034089223,0.0800437593818441
ENSG00000086848,0.0715799773055494,0.06430646608821552
ENSG00000255561,0.3675855259137204,0.2851317526270318
ENSG00000137720,0.3409683687667856,0.8198761076445763
ENSG00000133321,0.7652739557287287,0.8623287893057714
ENSG00000133328,0.4374399279880594,0.4377315977747497
ENSG00000184743,0.37364964705718573,0.12301698015398127
ENSG00000133318,0.08157715384146548,0.1357317576561498
ENSG00000188070,0.7350062316996365,0.7255955950875866
ENSG00000168005,0.19288320738665315,0.33064755124621525
ENSG00000166788,0.4505228155971407,0.5104480155207947
ENSG00000148965,0.6343322005125112,0.538241358436893
ENSG00000255071,0.761711093938726,0.8057463680159964
ENSG00000134339,0.6939612381793383,0.5337001063164293
ENSG00000185522,0.69924862925361,0.5939839353940797
ENSG00000099849,0.4148130569342571,0.33280477851913204
ENSG00000070047,0.9297458011118064,0.9006843494733947
ENSG00000070031,0.4480871739940293,0.5429466050037943
ENSG00000197702,0.21549864642351624,0.29312271130987577
ENSG00000162222,0.23053217660759046,0.319087719284177
ENSG00000185670,0.10014736750954466,0.07218842804738328
ENSG00000168002,0.25173763828017326,0.21647273076102877
ENSG00000162227,0.1349095768317937,0.10432453724905458
ENSG00000168569,0.05545568000648439,0.08578029323461552
ENSG00000185475,0.013175719034313228,0.02311820971563448
ENSG00000162231,0.2219047395189603,0.18974941323673486
ENSG00000156599,0.3253225174626167,0.23975433973711602
ENSG00000175581,0.10495168159460787,0.10685732249226389
ENSG00000181924,0.026231026262674324,0.05501048550708369
ENSG00000175575,0.15898684915905367,0.13602849864518637
ENSG00000175564,0.7081810093844744,0.9555816692881715
ENSG00000214517,0.005422082856244018,0.009598068160036437
ENSG00000175482,0.09276452885643131,0.0875477850784302
ENSG00000256514,0.3232786278504653,0.29589326119416537
ENSG00000175505,0.43768162314172854,0.46138148588293126
ENSG00000172531,0.11095223264180358,0.09970896946869416
ENSG00000175463,0.00021235454332802062,0.0005058251959178498
ENSG00000175634,0.9496195281744974,0.5230287907939993
ENSG00000213402,0.00019362696620167248,0.0002849172499177151
ENSG00000172725,0.10707787222872005,0.3012135681524629
ENSG00000172663,0.2571004979554946,0.24108110422112453
ENSG00000162236,0.8713745491616313,0.8091327054021983
ENSG00000166402,0.8251841367398365,0.6675853855257441
ENSG00000182934,0.32815447420966826,0.5136570725313473
ENSG00000110063,0.8386355759937731,0.7399099368461641
ENSG00000110080,0.35852110932825965,0.5571225517930879
ENSG00000133800,0.5852001881443253,0.6817833683596535
ENSG00000198730,0.3130670955037876,0.2613623528109059
ENSG00000236287,0.6264524058634894,0.5375793082487283
ENSG00000175390,0.5130187284526281,0.281665984618036
ENSG00000149743,0.30658030425352883,0.26818621142024196
ENSG00000002330,0.3952441296195711,0.6991203521656916
ENSG00000173153,0.9181829515432264,0.9650113453238294
ENSG00000109861,0.2929560493010757,0.17408505345055866
ENSG00000250644,0.9503677448011805,0.6958231639736567
ENSG00000117984,0.6752508303007592,0.9217412361717203
ENSG00000174547,0.4585285422305143,0.7324149256325097
ENSG00000174516,0.062157918993241454,0.02514062861241464
ENSG00000174483,0.9197322788006642,0.5057812917007767
ENSG00000174165,0.755461598724897,0.790390529439255
ENSG00000066336,0.29414082845294703,0.20197069023996234
ENSG00000165915,0.8169660522741474,0.8418151347705117
ENSG00000165917,0.5851337829151777,0.6981588150285396
ENSG00000213619,0.6215341647453613,0.9333278508846101
ENSG00000110536,0.9664565293663342,0.7391744018704436
ENSG00000123444,0.8320881744503265,0.6982151493057633
ENSG00000109919,0.21932101680229596,0.1986022139873351
ENSG00000109920,0.5067421780113026,0.23974125716141514
ENSG00000165434,0.6803550092803284,0.7568104604945345
ENSG00000175536,0.7389504838598051,0.5855115391826885
ENSG00000175538,0.666974137229663,0.29782419587422354
ENSG00000174080,0.9330963354821229,0.4419963988481017
ENSG00000186907,0.432434936401078,0.851632173892179
ENSG00000149150,0.38016742506675416,0.12766979077737423
ENSG00000134809,0.1908386229099062,0.15631619062372204
ENSG00000156587,0.4084001716498107,0.23050224583209294
ENSG00000213593,0.02810790192664259,0.03564305987561915
ENSG00000149131,0.9650582681645403,0.8861668899428184
ENSG00000109854,0.010657301093062545,0.00947110397393281
ENSG00000110075,0.19086502121678742,0.38789116675987767
ENSG00000180425,0.7184214171743183,0.9034213149523984
ENSG00000076053,0.1496427515357934,0.21127250390083338
ENSG00000133794,0.810902474277859,0.934596202843433
ENSG00000182985,0.3972063812753138,0.13277526437810297
ENSG00000175567,0.2808567430259035,0.225167313158093
ENSG00000131626,0.08470884381164218,0.24250854316601633
ENSG00000120451,0.603877028944182,0.7639522963045892
ENSG00000054965,0.5157045536725979,0.7936894189538994
ENSG00000149294,0.09991950543361403,0.14786234665732587
ENSG00000173511,0.9486850859529637,0.7342268437188874
ENSG00000110079,0.5422215324213719,0.9809933059287378
ENSG00000166670,0.27467983097428683,0.12335738219350163
ENSG00000172977,0.6853052761711427,0.43388105005796784
ENSG00000172922,0.7014620077903799,0.9321254800477735
ENSG00000254470,0.10766565210641019,0.03376815524573216
ENSG00000172818,0.5019584146726386,0.644604078156251
ENSG00000172757,0.06760955066202425,0.06134542182143433
ENSG00000172732,0.9359304444684678,0.8179421651069949
ENSG00000172543,0.010820794474321235,0.014448327850859524
ENSG00000180773,0.9603436934698801,0.7400252492906835
ENSG00000196611,0.4521423381813925,0.15988686020166404
ENSG00000066382,0.8531909173086041,0.49313877504834225
ENSG00000198331,0.5552327101376638,0.4646583622901098
ENSG00000110060,0.12468127637186485,0.17766123906901382
ENSG00000165526,0.6165949192654405,0.8895041765219254
ENSG00000166483,0.5686517337542625,0.4289045320642676
ENSG00000110108,0.8090689589791467,0.6674539489012355
ENSG00000006118,0.6111567267690198,0.7425402363970998
ENSG00000013725,9.675455357516852e-06,1.977187875760423e-05
ENSG00000110446,0.6105271724991164,0.509315133341311
ENSG00000148985,0.5322791579327795,0.4766135098516173
ENSG00000177105,0.6819374162797927,0.9191200928490699
ENSG00000167325,0.464810735959192,0.47656377051648113
ENSG00000187079,0.582195862529743,0.8535427067869089
ENSG00000085733,0.010174760310685262,0.04141163272918806
ENSG00000137509,0.5438564193554607,0.5733840948327191
ENSG00000165490,0.7951636655812186,0.8220802836995535
ENSG00000137502,0.5934328157670694,0.6212490150998855
ENSG00000142082,0.5657793359035392,0.33325219425403046
ENSG00000142102,0.046072559480154394,0.011200573073780633
ENSG00000182272,0.7517898096755629,0.27301798810027406
ENSG00000184363,0.6996620627482872,0.8357260603385435
ENSG00000185187,0.25344452616473623,0.08166655905872898
ENSG00000185101,0.8514354778795353,0.7650127508996134
ENSG00000175591,0.7388484992048123,0.48559748702056516
ENSG00000171631,0.10720026466654871,0.022781193623438258
ENSG00000288681,0.8366632985779865,0.8411509767348426
ENSG00000185885,0.5847875873213735,0.737553006396971
ENSG00000166261,0.9754644699709593,0.6117905555432963
ENSG00000171204,0.4990995792210724,0.6591449683948868
ENSG00000171202,0.5897617976082536,0.4123928221606271
ENSG00000142089,0.4596543424416524,0.2969302895093352
ENSG00000151364,0.33278774911756437,0.7279696702846086
ENSG00000259112,0.4494394610696847,0.5513410058247201
ENSG00000151366,0.19295267476986203,0.1049592860439166
ENSG00000132275,0.4750951346932516,0.8010821152976504
ENSG00000166333,0.12260147445180647,0.11068188076024146
ENSG00000158042,0.057176116086645495,0.09581155151306736
ENSG00000166341,0.05302574543178055,0.013095189837156075
ENSG00000159063,0.07856910313202388,0.056496055098815064
ENSG00000137507,0.47401635772889006,0.8992163956970619
ENSG00000182704,0.9541701731260189,0.9564791562084265
ENSG00000078124,0.2171813034447123,0.11749901730839385
ENSG00000149260,0.6659726954750692,0.8014033021010403
ENSG00000168014,0.39983890608355055,0.2231881789056495
ENSG00000149231,0.7720398034108502,0.6649284823635011
ENSG00000183340,0.6632564547541016,0.5937645722453595
ENSG00000151715,0.4314894575276643,0.38554316957088486
ENSG00000170325,0.3963185944139993,0.2547780435660622
ENSG00000149418,0.6577652229025146,0.4806494000167434
ENSG00000172409,0.9597991057221806,0.7759341517282952
ENSG00000166452,0.2337681104254531,0.14848877847747477
ENSG00000175348,0.06433696441393243,0.08692871119821236
ENSG00000175356,0.09666623312774046,0.02656090999324215
ENSG00000184014,0.48020561679959417,0.6778211919231427
ENSG00000166471,0.6055712367269501,0.5546001535060704
ENSG00000205339,0.021372072033151415,0.04463339860896942
ENSG00000110448,6.1006661923837334e-05,9.635181700430222e-05
ENSG00000167987,0.2385738291499684,0.17243138576550618
ENSG00000167986,0.6254588487863239,0.6336085866266224
ENSG00000149476,0.48759124999825976,0.5211968100586555
ENSG00000162144,0.36192610789654034,0.660101572966296
ENSG00000149532,0.5058108887134924,0.41804041518316026
ENSG00000256591,0.19728354960904573,0.08649646712968329
ENSG00000167985,0.5274973768046096,0.6146568090722426
ENSG00000162148,0.24667151986589675,0.11793437920564763
ENSG00000149016,0.4501162935916809,0.4887067597182859
ENSG00000149480,0.8554306596259221,0.9079147100868101
ENSG00000149499,0.36278994262291087,0.5088515442899176
ENSG00000149489,0.5762822088187239,0.4088167351490104
ENSG00000149541,0.36792156999124115,0.4585343982700344
ENSG00000089597,0.13030380554755053,0.13662328441930624
ENSG00000185085,0.5642032369857746,0.587107040190318
ENSG00000278615,0.10589388355820856,0.12294955279878923
ENSG00000204922,0.7741435176574993,0.8682623737033119
ENSG00000162191,0.5526693332904198,0.6696502668207089
ENSG00000177363,0.02015638408694645,0.005428996460782284
ENSG00000214753,0.7496145551443798,0.614543604397733
ENSG00000150768,0.014610626742472632,0.024169382936073028
ENSG00000166352,0.007439191228344362,0.01811265832366274
ENSG00000186635,0.29027416294348474,0.1672172005194748
ENSG00000176485,0.8275028985789685,0.7736821329291501
ENSG00000120471,0.4072684040662784,0.49180079474758853
ENSG00000133316,0.2418487230603276,0.4232620016180795
ENSG00000072518,0.3111154650215481,0.274323011061948
ENSG00000179826,0.9337633131164056,0.979506325335509
ENSG00000165916,0.6557588918696398,0.6097776862084202
ENSG00000214530,0.9271920848509984,0.828269871176975
ENSG00000196954,0.2031708928373101,0.09791050958666511
ENSG00000186166,0.6801918428763774,0.3461431578880463
ENSG00000118181,0.1390193938010796,0.3575710450493873
ENSG00000196655,0.07275051197501141,0.10145147745324136
ENSG00000172375,0.12378735775031365,0.13369603019026405
ENSG00000172273,0.4633398401257397,0.2589479675144462
ENSG00000076706,0.8748768033283518,0.8045190452995319
ENSG00000173020,0.18284071732628931,0.17712622030235
ENSG00000172932,0.4759073747515562,0.46284897611939113
ENSG00000172830,0.6390679264395327,0.36420981740643377
ENSG00000172613,0.15423304958433912,0.12111147686932322
ENSG00000110697,0.5122280150824974,0.5683079076329414
ENSG00000167797,0.3282014837053299,0.3181771881986114
ENSG00000084207,0.08837939617599237,0.11431177911239146
ENSG00000167792,0.1064164252771956,0.29287458742455885
ENSG00000167799,0.18185881177045285,0.17643380968243508
ENSG00000132744,0.12031724901136785,0.3887893137239684
ENSG00000132256,0.4474789320091396,0.29273215848517886
ENSG00000132254,0.6269854529111941,0.6532481190972417
ENSG00000132286,0.08170559318432324,0.1780550798876336
ENSG00000166340,0.03114385261460675,0.03988884744152444
ENSG00000134824,0.3892983418114899,0.19725061959388257
ENSG00000173113,0.016879664249179815,0.014435865088811332
ENSG00000137504,0.7692818683064777,0.5424821749105322
ENSG00000183801,0.21549170432516243,0.07658084033806253
ENSG00000166387,0.008371720609278856,0.007029326290456464
ENSG00000166394,0.1448849826351617,0.1268150722972506
ENSG00000137656,0.9908005750232561,0.5704266646365022
ENSG00000109917,0.028852543389420435,0.12378464339857607
ENSG00000160584,0.9542826910006719,0.8620632583014198
ENSG00000168000,0.2414617394080129,0.2279090220383801
ENSG00000173992,0.5600926262836705,0.7549389673306655
ENSG00000239306,0.2360711132486213,0.20713939438831142
ENSG00000248643,0.9303897976673854,0.9367079834496663
ENSG00000173933,0.20703837621359117,0.2734430069425505
ENSG00000173914,0.9252300794958516,0.9951760138788612
ENSG00000134909,0.6998773829844154,0.6333072079990547
ENSG00000187486,0.7368182690802201,0.3276421728221954
ENSG00000110711,0.612612837851808,0.9993556763533992
ENSG00000172890,0.2115840363940412,0.29391258545307963
ENSG00000137492,0.9333332978498463,0.8495163109456934
ENSG00000198561,0.9412274349743492,0.846362583246713
ENSG00000074319,0.013139870081618845,0.012770315349117736
ENSG00000151116,0.4507682778497579,0.4588957952118321
ENSG00000179119,0.146421203039925,0.18170645850287506
ENSG00000129757,0.6508170850297246,0.2949161511008827
ENSG00000166199,0.8824728989634223,0.9178577352050367
ENSG00000110455,0.8948026583513671,0.8618731883043773
ENSG00000151348,0.057400303445857496,0.04768305749595172
ENSG00000166801,0.5937126274472476,0.45860476883808
ENSG00000173898,0.27867185283327595,0.1768697851528502
ENSG00000166441,0.13869992344770093,0.2876100438017943
ENSG00000149968,0.43756099485762756,0.16796844164186775
ENSG00000262406,0.8727758983192524,0.9471658435967156
ENSG00000137692,0.4259063833641695,0.4291351019544448
ENSG00000187240,0.4708064080329918,0.998587931973971
ENSG00000174915,0.933210682159024,0.8924127428485216
ENSG00000149089,0.20253922929892954,0.23074398985039485
ENSG00000110435,0.4860554487960549,0.7493073073385195
ENSG00000177595,0.14217134892276595,0.10807468976366202
ENSG00000186318,0.6637595968866437,0.9544853219599232
ENSG00000048649,0.4973320531469271,0.704032839595215
ENSG00000110077,0.6578911183515448,0.5060744389495355
ENSG00000166106,0.05312335090173724,0.03224064184377928
ENSG00000177042,0.026906364398322592,0.02665613546398284
ENSG00000166736,0.10305745349972505,0.07246084995518719
ENSG00000149554,0.8150746262510383,0.9173880634338821
ENSG00000072952,0.3297252586432629,0.16434513824202537
ENSG00000177963,0.6221233283187995,0.5403904501845295
ENSG00000172269,0.34665020313008965,0.5651948120979217
ENSG00000182667,0.47134246945570846,0.9299672046243478
ENSG00000170322,0.5740713955193418,0.296616282994999
ENSG00000110497,0.7540268634415795,0.5448577381030839
ENSG00000154114,0.7317502857340803,0.45974173839603427
ENSG00000050165,0.22114917762147518,0.17548445234601953
ENSG00000150433,0.8621502879817551,0.8571709293064828
ENSG00000110693,0.1487426002705986,0.15991370121694615
ENSG00000137491,0.4287187608387184,0.34103833076905254
ENSG00000137486,0.13809532257575333,0.15932785316352785
ENSG00000149243,0.17341478503617638,0.13686300165914794
ENSG00000110700,0.13378672615980175,0.2593452585829406
ENSG00000011405,0.6197544688385883,0.8878675450084431
ENSG00000110011,0.8727063497313983,0.5734341669297556
ENSG00000156603,0.5290977070764933,0.2904186753938786
ENSG00000149582,0.46160899943274303,0.9717325890171389
ENSG00000118096,0.40169931380706847,0.2939108498754248
ENSG00000198851,0.001555332172747997,0.0027840383531923083
ENSG00000118058,0.5527733501483931,0.3009143645746756
ENSG00000135365,0.6757662511408119,0.3884413264053984
ENSG00000214872,0.5858907223395855,0.5271688666235812
ENSG00000133895,0.6945608132784452,0.7069610408720894
ENSG00000156689,0.1185337994672532,0.06951549043705325
ENSG00000173465,0.47925123662593583,0.6800283846825698
ENSG00000176973,0.17311930055126667,0.18544345373100107
ENSG00000173442,0.3715265794409105,0.4598198572183566
ENSG00000173338,0.8739079861656247,0.8586545999276736
ENSG00000173327,0.6843465517785627,0.47145364962403236
ENSG00000197136,0.34822887368199285,0.2632973607573511
ENSG00000213445,0.3272948948832779,0.18236899319743707
ENSG00000214787,0.24872008337373971,0.16716757683989947
ENSG00000168056,0.5544954710124665,0.14769581250603206
ENSG00000168040,0.010903414282539435,0.042587692969043085
ENSG00000131620,0.045274928256922316,0.0662153739400452
ENSG00000110203,0.961255366788581,0.7306152412876308
ENSG00000160613,0.7613323343899525,0.812223388598367
ENSG00000110367,0.7807177542553516,0.6250714950710484
ENSG00000095139,0.16520662116386395,0.24594173689677057
ENSG00000149196,0.5020083382193861,0.3835319603091596
ENSG00000137497,0.7968384873801189,0.9625660266682783
ENSG00000110330,0.1302362104715735,0.1760548408107691
ENSG00000023171,0.6877721956426825,0.5264790877686494
ENSG00000137745,0.4963299404589504,0.37933790898672015
ENSG00000177106,0.7824383454516042,0.4077867050487728
ENSG00000185627,0.10539910515179782,0.11487927950255
ENSG00000110171,0.35170097284934176,0.27180920451867696
ENSG00000211450,0.21858200990928167,0.206199048708094
ENSG00000110492,0.49885857694502245,0.6766346595896802
ENSG00000130598,0.0950055456100513,0.11463422603376648
ENSG00000142186,0.7807210333036523,0.9085038289965658
ENSG00000019144,0.8202365365598963,0.8706927491399247
ENSG00000085741,0.9486908476198456,0.939027053269714
ENSG00000165457,0.9649987332293457,0.6302422915554158
ENSG00000165458,0.8540630854923136,0.7740450903932242
ENSG00000026508,0.269967477855498,0.20744988878833126
ENSG00000137474,0.21889920829071474,0.1772659300167932
ENSG00000166833,0.2726097512673046,0.34599350164551934
ENSG00000070081,0.22414511448388486,0.28318871668048873
ENSG00000110218,0.39750296803569096,0.30597226737531213
ENSG00000254986,0.2725408953593717,0.37400217844401273
ENSG00000110429,0.5975609988129658,0.6447362019981877
ENSG00000133805,0.072251403952861,0.12107184660089612
ENSG00000177951,0.7043575461235263,0.5321338228541095
ENSG00000188486,0.8383712886594374,0.908666724472468
ENSG00000134817,0.8545063554529901,0.7733096510125712
ENSG00000185201,0.7930738221051045,0.5526441298818021
ENSG00000110200,0.2683765197115209,0.2570701098574511
ENSG00000184154,0.7681879623806804,0.9184123228695578
ENSG00000110756,0.6977425756077313,0.8561119914346963
ENSG00000110768,0.2081719064827811,0.28148154367687844
ENSG00000173432,0.5756405703095095,0.5610450024313848
ENSG00000110777,0.005350252966492336,0.0038820655113701794
ENSG00000204381,0.4407664485900803,0.7653607308963735
ENSG00000170145,0.42910472800766997,0.17409805083155225
ENSG00000151117,0.6546498775227864,0.9606262427237622
ENSG00000166086,0.885130300479975,0.5566089512530258
ENSG00000151502,0.4822786521469584,0.33987069814215015
ENSG00000151500,0.536007020836702,0.22363961071002542
ENSG00000151498,0.3363997556883061,0.16492768662029061
ENSG00000149311,0.26061596382444435,0.1374564692989069
ENSG00000177030,0.4266759615438356,0.3110200536524075
ENSG00000162105,0.018819859283964718,0.018565781002151487
ENSG00000151503,0.7740864554415988,0.8320817514702221
ENSG00000183020,0.8745513920610479,0.5510443397462813
ENSG00000172893,0.04141674761986543,0.13320795863326876
ENSG00000110074,0.6321723170057855,0.6325363919517885
ENSG00000214063,0.6558250489246028,0.5702845880039806
ENSG00000166337,0.19782261029602505,0.2544383209038858
ENSG00000187049,0.6494993182564409,0.3381929195761338
ENSG00000166444,0.6569228633618899,0.8363401401301906
ENSG00000133812,0.7764044979235896,0.8842001641429862
ENSG00000160695,0.45975320422412413,0.6396579051540242
ENSG00000214290,0.26033204642321395,0.16296470633729376
ENSG00000178105,0.01212224318804049,0.05563213493301498
ENSG00000173456,0.22014883421894357,0.3415212782699567
ENSG00000223953,0.9777219715911886,0.6260606593416904
ENSG00000036672,0.2956185798427469,0.15229614938691424
ENSG00000154096,0.5572281583755403,0.2654161216766967
ENSG00000248712,0.7252282240525768,0.494256289971838
ENSG00000172927,0.09984716507753823,0.23750683053042748
ENSG00000110092,0.03149342382394431,0.08252401804836354
ENSG00000149716,0.24486188093369962,0.6023740706531125
ENSG00000162344,0.4627562810738126,0.7385923510760932
ENSG00000160683,0.16487075821573385,0.14911954275794684
ENSG00000186174,0.8554450461055203,0.8468687600024716
ENSG00000256269,0.4733542363645079,0.6671412100965347
ENSG00000149187,0.7776834127449136,0.9719438298517658
ENSG00000156738,4.764673195194467e-05,9.174856819379146e-05
ENSG00000149483,0.9347583546244335,0.9405036985167374
ENSG00000137494,0.9519847909035205,0.9985447160716098
ENSG00000165494,0.2610330527496945,0.33013107062416785
ENSG00000247595,0.39024798528640914,0.27881969499151044
ENSG00000149043,0.8626085551494868,0.9894596709183603
ENSG00000162194,0.7680521437682539,0.9934286059783284
ENSG00000152404,0.2663887390776983,0.3530162411835821
ENSG00000007372,0.8827201541211994,0.6724046084370462
ENSG00000137501,0.36221512889114216,0.22320063861019307
ENSG00000030066,0.5993561984332355,0.8111892030699898
ENSG00000149428,0.4633356658731971,0.648899194160093
ENSG00000188997,0.5956722777199499,0.7481736642589529
ENSG00000118369,0.47378213711680317,0.3193355353117598
ENSG00000033327,0.7044379009565414,0.5975081398774489
ENSG00000167283,0.7661225393288078,0.9184362059237859
ENSG00000137513,0.524768197793722,0.48427509265204194
ENSG00000158636,0.3954355870207519,0.29598611874630587
ENSG00000180176,0.5974280975158993,0.4264391758535717
ENSG00000183734,0.3582036489186027,0.5884100967422188
ENSG00000149091,0.4443819656451945,0.41048820989606205
ENSG00000167286,0.00046300188414025054,0.0015281791544311317
ENSG00000160654,0.013065878205557062,0.023098518119246
ENSG00000137752,0.30101148940403655,0.18317623041513278
ENSG00000162129,0.11187291465627222,0.20954005538719828
ENSG00000110025,0.8590484246872941,0.7849133351071429
ENSG00000168061,0.10509066080895359,0.1236736706017172
ENSG00000168060,0.03415571454498134,0.009810286883871979
ENSG00000146670,0.44391326366651684,0.5174816671077354
ENSG00000162300,0.47393140709000203,0.4024139397699098
ENSG00000149823,0.3768569634006149,0.35109228853755026
ENSG00000149809,0.9854982261336083,0.8812479086520324
ENSG00000174276,0.9212615882470537,0.9415723558105172
ENSG00000149806,0.265307307827075,0.3843082223693949
ENSG00000162298,0.8304925585752772,0.9089964927077637
ENSG00000149792,0.09591806521218148,0.12948591617692345
ENSG00000014216,0.16078311601748757,0.08940538842410008
ENSG00000184281,0.20066340523896142,0.13674273777715
ENSG00000137731,0.12302951703863572,0.09450175447170184
ENSG00000137726,0.7681281802585558,0.306274209186812
ENSG00000110324,0.017907412911632198,0.013743104885129922
ENSG00000170955,0.9110692281687724,0.8972044946321264
ENSG00000166311,0.5712446909347704,0.48933960788081776
ENSG00000175352,0.7785103835338084,0.43746093554064425
ENSG00000110696,0.2084887689950336,0.24664814899770854
ENSG00000196371,0.09208469724660333,0.06825658116581255
ENSG00000204710,0.45515866227985124,0.28074806956794596
ENSG00000149262,0.8936800626568077,0.8921388592595835
ENSG00000086827,0.23748229090440978,0.4604137743558909
ENSG00000110400,0.6381446082073915,0.5594927725642391
ENSG00000151702,0.04425614274072613,0.041840087751493345
ENSG00000048028,0.8511516076932114,0.8542230070423958
ENSG00000182208,0.09017329581937479,0.07425398549790382
ENSG00000150316,0.36025046872755395,0.31340352394923965
ENSG00000263465,0.9749502780112009,0.9582173568525294
ENSG00000149218,0.3422159624193583,0.23117298286105753
ENSG00000149212,0.12857309502906528,0.21201019474424682
ENSG00000175104,0.9885266041164599,0.7790354536356404
ENSG00000166349,0.3703967415162276,0.40508728293377994
ENSG00000175264,0.5837065957126901,0.4327830530450939
ENSG00000181830,0.6813773048352895,0.49747028939664995
ENSG00000173715,0.7107606054263225,0.6290272502601723
ENSG00000173653,0.08648314734160842,0.16483558097340983
ENSG00000173599,0.29744977985967186,0.29750401875357185
ENSG00000173621,0.9373194415202968,0.8848757306892676
ENSG00000137700,0.012088416709582057,0.06843343205583509
ENSG00000149798,0.8049924999720074,0.9324667596020386
ENSG00000162241,0.007980901545787488,0.003163031314659059
ENSG00000126391,0.8955995073104218,0.9265939462264439
ENSG00000173039,0.5316351208944958,0.8965601583641674
ENSG00000023191,0.6163307234027247,0.782623158155875
ENSG00000006534,0.6655433878569794,0.9164855312865668
ENSG00000110717,0.1483994288755706,0.37572867133628207
ENSG00000110721,0.7156970000199103,0.7259262656714449
ENSG00000171067,0.5035988685870957,0.6373599515728524
ENSG00000162337,0.2121176328413291,0.6255258981341252
ENSG00000084234,0.10437320691567252,0.13381011497391634
ENSG00000196323,0.9256823737641502,0.5026017021454409
ENSG00000020922,0.6229789485477175,0.8580314972354498
ENSG00000168876,0.6084242790681007,0.47464391947628726
ENSG00000185507,0.3790039280824302,0.26207128491723697
ENSG00000173264,0.282687489898933,0.2123155370378589
ENSG00000137760,0.5295336810089668,0.5451350356497818
ENSG00000110719,0.35604650977425367,0.4534013091685194
ENSG00000019485,0.37121228887529245,0.36387936962319545
ENSG00000137500,0.29145170888931393,0.18346724545705428
ENSG00000166689,0.16831370920251681,0.04637277432274463
ENSG00000149177,0.5592409560124167,0.4650602397472635
ENSG00000149781,0.03132907781599734,0.023191445420324506
ENSG00000167323,0.7658119308331155,0.7844680353069605
ENSG00000132274,0.934864318724662,0.8430259341722235
ENSG00000087884,0.6910209677670067,0.47389952945356073
ENSG00000110651,0.5522821359753438,0.7697264221838478
ENSG00000110057,0.8328273928979951,0.7205151409190502
ENSG00000254469,0.7769518030307723,0.3679385821748238
ENSG00000137496,0.606321802970081,0.7622794294714796
ENSG00000132746,0.9832054061012535,0.6878993601332304
ENSG00000189431,0.016945690555897387,0.02994586231876756
ENSG00000165912,0.843565849944786,0.8850377608903047
ENSG00000134574,0.7319584433794402,0.8795268002006666
ENSG00000134575,0.3618635541459664,0.420628047285473
ENSG00000025434,0.2232652692171534,0.17433431773899408
ENSG00000149182,0.8725096097397851,0.987013417072058
ENSG00000110395,0.9772091278993241,0.7678862785773602
ENSG00000168003,0.09530923992161784,0.06982094149991781
ENSG00000150455,0.38165331324568763,0.23291662270143293
ENSG00000110066,0.17558014462910926,0.2424229361839392
ENSG00000149084,0.01496193356368758,0.03709100400375071
ENSG00000187479,0.03671910860974629,0.14026916646781093
ENSG00000148925,0.06562260681499808,0.10973258176055549
ENSG00000197601,0.5439864221015331,0.8507782012318345
ENSG00000137747,0.5416237223389557,0.7734790363911157
ENSG00000133884,0.42607202073432504,0.6676319361494263
ENSG00000166439,0.6672026363416466,0.9121365420233652
ENSG00000118363,0.04883354328536172,0.03807838826805671
ENSG00000162139,0.8355380225984008,0.5804052448007949
ENSG00000170903,0.08590817692739278,0.2644441220499995
ENSG00000182359,0.8490930139163689,0.9524921175894172
ENSG00000149313,0.02809765574312447,0.04186144365461015
ENSG00000205531,0.8274419199239302,0.9119950791196271
ENSG00000154146,0.18476729139549775,0.20875249123440626
ENSG00000019102,0.17963740839869688,0.11755683406075079
ENSG00000149564,0.18139151061474265,0.137667335012246
ENSG00000120458,0.16798224040586268,0.07274714917899974
ENSG00000154133,0.22872806700931453,0.3698640541803242
ENSG00000149548,0.23949067509336797,0.28870708316179805
ENSG00000166181,0.9355499584897462,0.884762189185206
ENSG00000052841,0.24079230929095746,0.3256053162998462
ENSG00000176148,0.22126216285675518,0.3073623164105801
ENSG00000176102,0.5981164853163123,0.3106555539390463
ENSG00000110422,0.8012293483628974,0.7506184542420736
ENSG00000110427,0.5129072599973061,0.6370078685175333
ENSG00000135363,0.01963940099573996,0.05053749065136785
ENSG00000135387,0.5087170907861096,0.6123625041620735
ENSG00000135372,0.011219127285136443,0.05061053048533445
ENSG00000110076,0.25226455069142684,0.6956284595009493
ENSG00000284969,0.6899061655130914,0.3216200242189262
ENSG00000051009,0.521763386670554,0.866989637171621
ENSG00000166313,0.7169834225913418,0.4771750832031987
ENSG00000054938,0.753124624621788,0.9084955188220974
ENSG00000166435,0.877993989306341,0.7151171717882197
ENSG00000062282,0.7177493267759382,0.98556095041357
ENSG00000166436,0.07462262467588897,0.05674561874649116
ENSG00000186104,0.7090243663143814,0.3826294054880982
ENSG00000110321,0.4408792353843992,0.3982842459990219
ENSG00000134954,0.8260669803054882,0.725962959176312
ENSG00000085063,0.10025467011877762,0.036307608946373714
ENSG00000167244,0.9113411591572776,0.5002483257831707
ENSG00000110723,0.0014945688944280565,0.0015954228011571792
ENSG00000178202,0.6997290467795998,0.5119706425463852
ENSG00000014138,0.5687405253529092,0.6980692832038695
ENSG00000160588,0.8624743820724561,0.9369311960457736
ENSG00000134333,0.0053054870418388035,0.0018494060203682182
ENSG00000130595,0.04998905662228468,0.0615675176078383
ENSG00000168066,0.32613527636489,0.41863424470564015
ENSG00000151376,0.8600362412460918,0.8976007114907857
ENSG00000160703,0.045244319799046785,0.05239506497293186
ENSG00000149090,0.7639807402997196,0.593168214789384
ENSG00000110514,0.42981333712626413,0.2525499130063973
ENSG00000110713,0.568748616473866,0.8425783148474717
ENSG00000133816,0.2268974967556877,0.22032974158365456
ENSG00000180423,0.4620767281043773,0.4865881450992696
ENSG00000175224,0.6508116872930104,0.6702355734960814
ENSG00000175220,0.7901792129776319,0.9548675697255999
ENSG00000175213,0.4357890758859725,0.3289171354110449
ENSG00000175216,0.40129037553845637,0.6239732813380799
ENSG00000134569,0.48683722686056186,0.7496421907144886
ENSG00000073921,0.311035861594692,0.23745493170244014
ENSG00000074266,0.7892120048456783,0.9992112859254015
ENSG00000150687,0.08469015686835096,0.04967948431209445
ENSG00000174804,0.6655226732187536,0.4061571907207904
ENSG00000135378,0.676429359330012,0.4283591909580686
ENSG00000060749,0.9219489209985848,0.7653914199850358
ENSG00000121690,0.7836924413678831,0.4292252457040945
ENSG00000167770,0.028967263415447187,0.014612640321022862
ENSG00000174775,0.9379632980994801,0.479039097471635
ENSG00000141258,0.004232497558344811,0.0019559095380474864
ENSG00000185722,0.4132108450516666,0.44434492432693684
ENSG00000074755,0.10014660038936501,0.07207013841861597
ENSG00000167193,0.713442468619394,0.917848620275974
ENSG00000129195,0.9260361373925403,0.7236092943810947
ENSG00000004660,0.03069775186220767,0.004423201985107681
ENSG00000187624,0.6268634159581148,0.48349364913849047
ENSG00000091622,8.130087132281017e-05,0.00023329047562358602
ENSG00000256806,0.22742993794672983,0.08792453247661366
ENSG00000141040,0.5669196254811593,0.5066590142415741
ENSG00000074370,0.000894769550769334,0.0010482155809904165
ENSG00000141485,0.9276100688262894,0.9814278938894049
ENSG00000171953,0.1313868013641428,0.2562744726833446
ENSG00000129235,0.32634882072782906,0.12446223647389149
ENSG00000198920,0.33412012888079146,0.14053784668983174
ENSG00000181350,0.6865728677907804,0.46189382155927805
ENSG00000074356,0.46272313178250946,0.19697224414475675
ENSG00000142494,0.7776376306011737,0.4907959608357585
ENSG00000109046,0.8893670809096708,0.7350838441647873
ENSG00000133027,0.9630359954358856,0.6726133772252276
ENSG00000108590,0.4826189876175683,0.46295685363627115
ENSG00000124422,0.2704254737949863,0.18397352767794015
ENSG00000091542,0.3613857683301659,0.42215088558684566
ENSG00000108591,0.19358390185910457,0.20164718363332512
ENSG00000274180,0.19743813300232868,0.2264362952207041
ENSG00000108582,0.9310480992947251,0.5972261863310104
ENSG00000108578,0.2524433564059279,0.16588618672288385
ENSG00000198783,0.8754569999216798,0.6162775614026421
ENSG00000126653,0.519411818486244,0.9921003670754575
ENSG00000167693,0.478478581621954,0.3742564699202968
ENSG00000141034,0.8339213098397402,0.9544768992696855
ENSG00000006125,0.1863854374019268,0.3055364169146252
ENSG00000132141,0.8662551414792866,0.721480358479832
ENSG00000141314,0.0638616520350043,0.022139381766442024
ENSG00000141127,0.7198477644567919,0.8003372492675022
ENSG00000276023,0.9965888337758824,0.5699584123749506
ENSG00000005156,0.7947960738312256,0.48078525782201265
ENSG00000141738,0.9305165979083133,0.5196024924499372
ENSG00000278540,0.9135398742454338,0.7884119616190594
ENSG00000094804,0.19632974205696904,0.30347916361248034
ENSG00000108344,0.5183739720067329,0.6778073642441009
ENSG00000161405,0.001975391697262419,0.0037080694633868775
ENSG00000161395,0.9542523996111025,0.9018724036210986
ENSG00000171475,0.47068089601077356,0.7130818184545868
ENSG00000108599,0.4685807081507649,0.392918947755859
ENSG00000276234,0.21750376172920277,0.2865646441238121
ENSG00000125691,0.007016474304888584,0.047583944705923295
ENSG00000131771,0.20236839949750618,0.13801032344211217
ENSG00000183153,0.4648522428681191,0.2996765199271897
ENSG00000108306,0.13272015948621577,0.5172274980265108
ENSG00000141741,0.28259014881708794,0.4206125920650321
ENSG00000188895,0.43008564085351164,0.8299726228154481
ENSG00000131759,0.23075430820308865,0.5088322322766723
ENSG00000126353,2.0115673491930014e-05,9.591524677538687e-05
ENSG00000002834,0.06197623768175658,0.07336943588272306
ENSG00000167914,0.3929685045109117,0.8579663782681655
ENSG00000172057,0.8907469132409158,0.658433183553429
ENSG00000131746,0.7552663866944138,0.744790461665212
ENSG00000172301,0.07572910535954167,0.21881394401576498
ENSG00000186566,0.8832027676205991,0.5383853565246062
ENSG00000131471,0.30129299306270335,0.557101851964581
ENSG00000188522,0.10599330772424097,0.3057134001813043
ENSG00000131748,0.22542334349933602,0.27762143096449976
ENSG00000125686,0.2652578951888083,0.8172111659806831
ENSG00000141753,0.465835258248658,0.17198601488607437
ENSG00000126581,0.13655551611918962,0.3373404011787949
ENSG00000197566,0.46947795206784393,0.5432429039856113
ENSG00000183688,0.8233275671630473,0.797561131094071
ENSG00000229637,0.8496890027233852,0.5930820140597207
ENSG00000108848,0.4931702503737122,0.5084453769048469
ENSG00000132530,0.5674299001017218,0.8849699380974385
ENSG00000108349,0.5810830820245673,0.6357997008102088
ENSG00000167183,0.22113493825288105,0.11999113914328098
ENSG00000126368,0.4052724184828642,0.5904491179435539
ENSG00000108651,0.18823831649831477,0.3420348768565215
ENSG00000173991,0.11207527896808304,0.1085999052583067
ENSG00000154945,0.2329490971137433,0.5244184084152221
ENSG00000108465,0.9929572048419721,0.525418627599866
ENSG00000108798,0.027741539866522058,0.031515169421280353
ENSG00000159202,0.3941514114191682,0.6789639089817836
ENSG00000189120,0.7568564203146647,0.6923477781664031
ENSG00000183978,0.9406062486807423,0.5591635338675086
ENSG00000167083,0.0648864418041505,0.08777785377854963
ENSG00000005243,0.10586214727227707,0.10536857685964308
ENSG00000108846,0.06107716866172544,0.051683724116158486
ENSG00000005884,0.09918884132027933,0.024534848891315297
ENSG00000073584,0.034932338289873535,0.07923273846367852
ENSG00000011260,0.18125673736374123,0.3960620218982537
ENSG00000108423,0.43192097355650816,0.2294766234128583
ENSG00000108443,0.5349495072514454,0.8714466736304045
ENSG00000011052,0.5057547788404753,0.8859335790232985
ENSG00000189050,0.33112069327483884,0.37875593398844765
ENSG00000121068,0.947542141618684,0.8692682881808197
ENSG00000108984,0.4920865761011728,0.9639713588593958
ENSG00000154229,0.08723845774291926,0.36816994293550875
ENSG00000141198,0.14054424802619703,0.3944583447757378
ENSG00000064300,0.9654785025789886,0.7144998756838901
ENSG00000141232,0.8777141243487883,0.9281963158751355
ENSG00000075461,0.2411772753998203,0.26053057642068
ENSG00000159210,0.17531168587531573,0.3578907973197738
ENSG00000069188,0.717641501110138,0.6943666857405099
ENSG00000108878,0.09891131718683878,0.11615155155483506
ENSG00000198265,0.6705098797408272,0.9549526839487991
ENSG00000166260,0.8856343582381996,0.5939853747131536
ENSG00000108468,0.5181054411350483,0.9583985213067888
ENSG00000108510,0.38664890998313306,0.7513193357393747
ENSG00000082641,0.08339758108433218,0.20053117908016796
ENSG00000108671,0.020100083661738585,0.08833022634135797
ENSG00000034152,0.6045561661983361,0.7830499267308072
ENSG00000141293,0.12351277409930615,0.10746741396498691
ENSG00000131747,0.4399354496319726,0.8072932741505934
ENSG00000159199,0.10655273370526658,0.22825685005592677
ENSG00000187775,0.4207272885621608,0.5196817825381003
ENSG00000120063,0.22673613228226802,0.5706005796625835
ENSG00000169696,0.32118139950830976,0.19820556010765103
ENSG00000141570,0.38109871271464624,0.15961020267796733
ENSG00000159217,0.29313180005852785,0.44839653558768766
ENSG00000062716,0.03903806656349788,0.11112757125274561
ENSG00000011258,0.1694859162903679,0.06927922594875875
ENSG00000170832,0.22077183598711225,0.8907250945346625
ENSG00000267318,0.3852231260008476,0.2519490179047167
ENSG00000141568,0.7722206527583804,0.44459218026737646
ENSG00000154265,0.3752716557776482,0.16201185367704515
ENSG00000166263,0.7550549132848651,0.7851213815549178
ENSG00000141179,0.0009627962985177799,0.0004612673693005673
ENSG00000141298,0.6124974793550827,0.745726925042491
ENSG00000180340,0.5557811744289437,0.7080710912546448
ENSG00000266967,0.20094074686517682,0.3581974078557576
ENSG00000130935,0.8020612403095333,0.8890345712201211
ENSG00000070540,0.9350188835528467,0.7506802190982613
ENSG00000072210,0.6464163092580204,0.4508328890333405
ENSG00000108602,0.3781009002932014,0.2259348266637697
ENSG00000083290,0.2818825778510445,0.3724498487636132
ENSG00000181610,0.014548478147508492,0.0525458923193192
ENSG00000214860,0.000590345238849588,0.0005865702094493186
ENSG00000171916,0.25614517319625746,0.5137901858846745
ENSG00000171928,0.8391744389792392,0.9968025041839812
ENSG00000161956,0.6872767625813103,0.9490867718955334
ENSG00000129226,0.9765080457447409,0.7459542855964212
ENSG00000129255,0.6523590764733976,0.9787533823161155
ENSG00000129194,0.5528691225635205,0.31807283811338677
ENSG00000141504,0.3321403746390846,0.45892521993126023
ENSG00000108947,0.23439989865383382,0.5526567733281622
ENSG00000109084,0.15207722422956618,0.5245815510554862
ENSG00000109079,0.34510585718787423,0.37678334006435565
ENSG00000004142,0.31156085065930755,0.8037745865866899
ENSG00000244045,0.20222011953237284,0.3407807034859458
ENSG00000197879,0.8350171333996781,0.7470630467257188
ENSG00000132376,0.2595670412765757,0.1378714299438742
ENSG00000167705,0.23328554947442945,0.34741518680613426
ENSG00000185561,0.7555115634984345,0.7150721045292232
ENSG00000167711,0.019284605519342468,0.009463916810569939
ENSG00000132386,0.25409257732561663,0.08320684019353747
ENSG00000186532,0.10044498826583267,0.0506544937951162
ENSG00000132383,0.2903969726015388,0.15453409890738315
ENSG00000125398,0.20002857314059033,0.26336032285473837
ENSG00000121067,0.2587462181394529,0.53160953273489
ENSG00000121073,0.31213528728007545,0.47974625843328833
ENSG00000121104,0.41781653541489494,0.21836769268726242
ENSG00000064195,0.5006785785593765,0.9950434529521565
ENSG00000141577,0.20169765709725967,0.05526684602741409
ENSG00000224877,0.33413506741369614,0.6888254748287193
ENSG00000157637,0.5391081636847186,0.9971899737685572
ENSG00000185504,0.8678346377508718,0.4083912047745186
ENSG00000179598,0.3742090550482846,0.14344338047314448
ENSG00000154803,0.7651226849819952,0.8863894898224995
ENSG00000141030,0.4368893354316964,0.4779286691687379
ENSG00000141026,0.8767525749322743,0.6358553248303147
ENSG00000108551,0.32504868426566946,0.3236824242831658
ENSG00000131469,0.05779677353412641,0.1637318927324031
ENSG00000167080,0.2970993698459254,0.19710518031238553
ENSG00000068079,0.5352863773572274,0.3407616845780709
ENSG00000178307,0.5362885998530891,0.47626135200396336
ENSG00000108774,0.20485442920712862,0.37533635573445745
ENSG00000159184,0.970671865153583,0.739779720763973
ENSG00000241322,0.3012300592193191,0.5072841186368842
ENSG00000167258,0.36228483190943817,0.6178544101747461
ENSG00000108439,0.2694634311843867,0.38418124831307865
ENSG00000167740,0.48834628337158914,0.2552297199939679
ENSG00000167723,0.07278814532692451,0.09420333535853004
ENSG00000167703,0.33654774588282693,0.4407054245598102
ENSG00000108342,0.3826608607819507,0.39731849959316456
ENSG00000126351,0.9195614997996834,0.5460274603406439
ENSG00000133030,0.6764806469691227,0.7610645525688358
ENSG00000187838,0.9958606785073051,0.6130564894215469
ENSG00000205544,0.17900461254655484,0.21441641504982062
ENSG00000169992,0.10906023544538221,0.03115816309526449
ENSG00000181284,0.9710642906147369,0.7700778602307955
ENSG00000161958,0.1347143458990949,0.1546686436402495
ENSG00000170175,0.7195055199021763,0.7331553683964891
ENSG00000167874,0.9318372377505081,0.9661303730404764
ENSG00000182224,0.424047351318102,0.3112105852358805
ENSG00000170043,0.35763507893516533,0.17988068124658887
ENSG00000170037,0.3469104707197749,0.21596901425563148
ENSG00000179593,0.20416272503168273,0.4218679559097013
ENSG00000179477,0.07508346383849913,0.16351508466540687
ENSG00000179094,0.4194876378000437,0.08371353012127065
ENSG00000263620,0.42940774762279366,0.45658549679283633
ENSG00000220205,0.6669802376409797,0.4228024390281713
ENSG00000179029,0.6869115266827573,0.59460166431398
ENSG00000196544,0.2076588255444136,0.18696168068011743
ENSG00000178999,0.9968139023543809,0.9271093681861506
ENSG00000178921,0.4555297806013615,0.41413826473721405
ENSG00000125434,0.45468342444883847,0.513051686448753
ENSG00000108961,0.8462995825663253,0.9750692211831831
ENSG00000198844,0.13094024989720057,0.1401419530505033
ENSG00000161970,0.22418051749776388,0.40792765430190614
ENSG00000065320,0.03576940812468484,0.032960860562382725
ENSG00000170310,0.11805655925312208,0.1954035409076918
ENSG00000154914,0.2443724168837805,0.13079807990732015
ENSG00000133020,0.6127993177678568,0.730838672132803
ENSG00000109061,0.03474482601967096,0.045097899874488916
ENSG00000125414,0.1284107540710066,0.11530732872721797
ENSG00000109063,0.5575046769122907,0.6079924850974197
ENSG00000133028,0.34810214686986307,0.433700412114563
ENSG00000170222,0.9749050795871593,0.9474726672585211
ENSG00000187824,0.002048338878218938,0.001241032515043696
ENSG00000154957,0.12032818952349818,0.06046614957091548
ENSG00000065559,0.9551532733348975,0.8020148666451539
ENSG00000006744,0.44084249706416123,0.38949530415870903
ENSG00000153976,0.34812000350347694,0.18722103895846282
ENSG00000006695,0.8311328182211662,0.8765684174600683
ENSG00000125430,0.7487035572680594,0.6547397182154218
ENSG00000161542,0.3536818911466575,0.14299275566191846
ENSG00000176170,0.4054973538735084,0.35759158065638563
ENSG00000175931,0.4728179149851367,0.9928617501000582
ENSG00000161544,0.42842649697092683,0.1484962429701395
ENSG00000284526,0.431051347703165,0.9050734384322032
ENSG00000070731,0.9967468309517609,0.9646253950985813
ENSG00000070526,0.01131632678814745,0.003937956978740321
ENSG00000161547,0.7628908008376352,0.8109217920470284
ENSG00000129667,0.9174707956277779,0.8724053901989269
ENSG00000129657,0.8839693862272598,0.6403000943437633
ENSG00000180329,0.0028358700836977513,0.014799616856215435
ENSG00000161692,0.9566650863389108,0.7261573566546432
ENSG00000182963,0.5368292970978412,0.5457733156509763
ENSG00000131097,0.019600835239546924,0.006283850135630914
ENSG00000108883,0.0907578195188885,0.2685233911652274
ENSG00000186185,0.9670677064841702,0.6434101852511258
ENSG00000131094,0.1343980349149672,0.3015705342093134
ENSG00000173762,0.002490101898671142,0.004554845169878419
ENSG00000141574,0.10796576642265401,0.16827258312769258
ENSG00000181396,0.222212460051685,0.3430128763965003
ENSG00000109099,0.9076419600905539,0.7805394990945099
ENSG00000132507,0.10720596399981445,0.08767228598488014
ENSG00000132522,0.2764229039357323,0.2846398325001046
ENSG00000215041,0.055424429500116654,0.029486561932706816
ENSG00000072818,0.00043653639569627057,0.000896426390064369
ENSG00000174282,0.24863695671472094,0.22430364599622427
ENSG00000166484,0.16915651203481108,0.22192368256045905
ENSG00000166482,0.048444929209040394,0.026605876398540326
ENSG00000179148,0.31790168247662,0.5155700477915584
ENSG00000185527,0.6418538432988463,0.45383863967989235
ENSG00000204237,0.8022832068143129,0.48074321510116447
ENSG00000185298,0.9704655712004223,0.7433164777430543
ENSG00000262814,0.4676755577120051,0.7874899698927905
ENSG00000183048,0.020142071651288604,0.020332236209269362
ENSG00000108469,0.3565230287695589,0.23153701093472237
ENSG00000161526,0.3423224957634766,0.5922171290334177
ENSG00000132475,0.34358829739089647,0.4897101899621319
ENSG00000132478,0.008384659280664668,0.003072335635388147
ENSG00000132471,0.0431410699365763,0.12169792529680537
ENSG00000132481,0.6924445229044904,0.6644500814331701
ENSG00000141569,0.09850128087927795,0.06786876072610437
ENSG00000204316,0.686357628320402,0.8116412788772126
ENSG00000257949,0.09105047570077665,0.024583608470135725
ENSG00000167880,0.21288517373793855,0.3074219823984367
ENSG00000167881,0.08366204663456975,0.21399983917465198
ENSG00000070444,0.32016099845643425,0.11055671057189248
ENSG00000127804,0.69922898590925,0.4059250436184705
ENSG00000007168,0.4804858963770525,0.5232389900550318
ENSG00000121058,0.4213028855011637,0.8261959002349886
ENSG00000121064,0.47212195577823723,0.8092884966942533
ENSG00000121057,0.4572389008404658,0.7937018238783018
ENSG00000153944,0.9841098497339537,0.43308028867896764
ENSG00000180891,0.7996683471165023,0.5111809766349096
ENSG00000136451,0.5891125192128491,0.27116191403958656
ENSG00000136450,0.931685700989128,0.9330864113190044
ENSG00000264364,0.5330977734700644,0.8022302280017957
ENSG00000243678,0.10495025349399982,0.2810716725630352
ENSG00000002919,0.9007596817208904,0.867184431542887
ENSG00000108352,0.48904607129615163,0.19321643740371006
ENSG00000166579,0.7379814126912945,0.895573615724354
ENSG00000198740,0.7011362752242377,0.2979211437290367
ENSG00000167716,0.00344661167204461,0.002935242104609178
ENSG00000136436,0.07736360993769502,0.07859841230561698
ENSG00000070495,0.08633431736089504,0.33115519652314496
ENSG00000108587,0.9767162470630624,0.5794603359925411
ENSG00000175662,0.0765743459084538,0.14152734400148773
ENSG00000169660,0.5567537856574903,0.3319707377976682
ENSG00000109083,0.0580922147649123,0.18956814420340828
ENSG00000239672,0.08773652674180643,0.11487275382951201
ENSG00000154016,5.4879631255507055e-05,0.00017907507882515894
ENSG00000181038,0.20034123616886518,0.6149225076963654
ENSG00000011143,0.6055563119430111,0.8920154342784843
ENSG00000076351,0.6375353874306855,0.9912666356365856
ENSG00000109103,0.9692525040101916,0.4185925540548793
ENSG00000109107,0.0584330685197837,0.18922307313760808
ENSG00000076382,0.4186337764963255,0.7766452700458509
ENSG00000007202,0.7919072496739338,0.546928263431083
ENSG00000132581,0.10179019837117605,0.3510589974532442
ENSG00000109111,0.7069200353172733,0.8417340872813749
ENSG00000109113,0.7503145557014645,0.6383407309631333
ENSG00000198242,0.0861778308111316,0.2880151693106955
ENSG00000160606,0.2665016364910654,0.4655009917378067
ENSG00000160602,0.12965478466564917,0.07812436260124005
ENSG00000123700,0.371054887082631,0.35691361449871717
ENSG00000182473,0.6570594244195518,0.8526862025088895
ENSG00000129654,0.05453248770920463,0.01457518988232847
ENSG00000182628,0.00807945109468359,0.016498240482601133
ENSG00000068489,0.061544658518623355,0.10732771838112694
ENSG00000265303,0.9710571428244545,0.8386203329352209
ENSG00000185924,0.14624833735815312,0.16204170230265494
ENSG00000108963,0.9491860066128651,0.5949258665657657
ENSG00000262664,0.3524912175502004,0.3729435698762563
ENSG00000177374,0.4503414147785533,0.1590467964701171
ENSG00000070366,0.4043087172954136,0.24658942060822406
ENSG00000167720,0.5743820933829343,0.2742537690005023
ENSG00000167721,0.42878608914943506,0.6399739263952127
ENSG00000008283,0.8443810955083039,0.6727070344614694
ENSG00000159640,0.16978649906569881,0.07905796628409975
ENSG00000198909,0.41190872204593965,0.21976083455567783
ENSG00000136490,0.002844593006180455,0.0008006767389792337
ENSG00000108424,0.37876398652612386,0.6158164822279335
ENSG00000006025,0.163447596767882,0.052131019749161345
ENSG00000159111,0.002592590736818635,0.02092629595582148
ENSG00000141295,0.6013423950214789,0.7039458806197847
ENSG00000182481,0.012547158421098666,0.020365183443721447
ENSG00000261371,0.13717193322448853,0.08705826850857894
ENSG00000271605,0.23180399098987112,0.13023273329653934
ENSG00000256525,0.2962053316281471,0.7098076255663016
ENSG00000108854,0.8502042256305111,0.9290356075131712
ENSG00000108654,0.25818421435118216,0.44733347664351697
ENSG00000185359,0.21398293225494763,0.2553896421964031
ENSG00000161714,0.20655741112313492,0.18871414179708693
ENSG00000181513,0.33568925882692624,0.10849407457852385
ENSG00000186834,0.9709832169102119,0.7770758837693513
ENSG00000136448,0.17500921716916504,0.26317909683149526
ENSG00000161381,0.3437218966221628,0.24105155938131648
ENSG00000170190,0.3373359146659242,0.20482314011129213
ENSG00000125449,0.45485101545403783,0.15216320571594533
ENSG00000125458,0.5274063602167699,0.48946776101904965
ENSG00000189159,0.00796183674001372,0.00821329948759011
ENSG00000188612,0.02103951879404144,0.08633352030578315
ENSG00000125450,0.6616116442461761,0.8980119856544948
ENSG00000125447,0.9229134711604333,0.8213191136523658
ENSG00000125445,0.01802550783154034,0.0946272172197674
ENSG00000125454,0.977543469379021,0.4790920562932295
ENSG00000177885,0.5450549102232155,0.9906643562152933
ENSG00000108666,0.35982472139002397,0.7030299137677952
ENSG00000108298,0.04633572425107199,0.21855270887492048
ENSG00000183018,0.045469877104367826,0.0686572807596182
ENSG00000132382,0.5201381289660238,0.6760123194932105
ENSG00000167741,0.09591818257428449,0.07819997837718257
ENSG00000188176,0.08399331926519378,0.11621642422239561
ENSG00000161905,0.7641753926988214,0.8019729286181564
ENSG00000141456,0.9075574436184535,0.4230475433645954
ENSG00000141480,0.43673403725539484,0.20751065667351212
ENSG00000161920,0.41115080834372053,0.5042633893844347
ENSG00000141497,0.8502319848071946,0.9935274283955691
ENSG00000182853,0.7825132473291834,0.5493369353620108
ENSG00000182327,0.04092346984424252,0.034430833989642126
ENSG00000142507,0.9454204055089414,0.8163840165015952
ENSG00000129219,0.3632958080095108,0.7508849843773016
ENSG00000141503,0.6393574281731923,0.7751622496627778
ENSG00000205710,0.0007304772261336008,0.00033191940692022274
ENSG00000108784,0.2594839135279402,0.16574713910825442
ENSG00000108786,0.9858168663026939,0.9328322688404751
ENSG00000068120,0.11936058514718823,0.25302721709554465
ENSG00000131470,0.772208085641533,0.46965593195953015
ENSG00000141699,0.9516394938782612,0.41216420741413595
ENSG00000037042,0.5228820512155042,0.35727910023000786
ENSG00000068137,0.23654425844187826,0.16424792237552963
ENSG00000167900,0.39022796894358747,0.5642687637527466
ENSG00000089685,0.08833998750181447,0.12131100474570632
ENSG00000184619,0.04257397370170207,0.010259823552017683
ENSG00000177469,0.32782922556085564,0.26832317183964893
ENSG00000168610,0.5829903107888659,0.42810460765684843
ENSG00000167925,0.5859272157752693,0.6326797671256976
ENSG00000010244,0.1570537602936061,0.20545120154967633
ENSG00000180638,0.7760710321931883,0.8828829963686486
ENSG00000132361,0.2121827946447034,0.06889160164959285
ENSG00000240445,0.31501885877430214,0.11139179212804298
ENSG00000125457,0.4618105287505453,0.8827854529118673
ENSG00000186665,0.17337697716583067,0.29736456544751183
ENSG00000141736,0.5760068516516719,0.425585923780773
ENSG00000108639,0.6307519710073058,0.4084206006155934
ENSG00000141376,0.6475802262247286,0.7154106062648684
ENSG00000108788,0.09959108143019883,0.4096170027680288
ENSG00000007237,0.14238999594821683,0.08013282388760029
ENSG00000006062,0.13276122748574795,0.1183291519986738
ENSG00000167916,0.04455700223908269,0.07850497282593347
ENSG00000186395,0.914793866189279,0.9183292773542074
ENSG00000108244,0.6104134813896139,0.683493839777041
ENSG00000108622,0.02504086457592152,0.01273233949644434
ENSG00000178607,0.5472939862819184,0.2714952533673328
ENSG00000141526,0.03667743568597253,0.11753415115441733
ENSG00000161653,0.530922994494641,0.8158299687561203
ENSG00000091947,0.20241820620819587,0.32052864759344424
ENSG00000161654,0.0104878896030635,0.03915001309139953
ENSG00000125319,0.9652226964347479,0.4644725565067084
ENSG00000161664,0.05473154926023386,0.013330989367415239
ENSG00000168591,0.8473662219076287,0.6156158928382124
ENSG00000275700,0.05504905170874829,0.11342632453796264
ENSG00000225663,0.6852615859662421,0.928967283290408
ENSG00000182676,0.04965207480859004,0.06315002828074755
ENSG00000141522,0.09397147699152965,0.11566016850775288
ENSG00000183684,0.5247180155713351,0.8306572541937374
ENSG00000141552,0.528931775417777,0.9004786778177416
ENSG00000183979,0.011503170128953166,0.010139536866582019
ENSG00000185813,0.5790818597090902,0.2809528122982929
ENSG00000187531,0.7578960043700409,0.5445492097871509
ENSG00000197063,0.42414723937628274,0.8821839138477399
ENSG00000183010,0.8241680853367899,0.6197153017070451
ENSG00000185269,0.5098513803277749,0.19560774710586515
ENSG00000184009,0.23415603680249564,0.27553367901138853
ENSG00000185624,0.1473660082729629,0.15348242551055427
ENSG00000131462,0.6160012653217819,0.5477398378687595
ENSG00000108797,0.2334620996240047,0.11354002865840138
ENSG00000108799,0.018693300565195425,0.006190782037332838
ENSG00000131477,0.021267136243075933,0.015783130316812975
ENSG00000131475,0.02013927259493191,0.04294927563850791
ENSG00000167695,0.9866917719893773,0.7665818290376649
ENSG00000179409,0.8237750101586436,0.5244786240137222
ENSG00000171861,0.8744979176211358,0.4442267943704974
ENSG00000092871,0.5665401323208179,0.8526901285283659
ENSG00000073536,0.08922639176679592,0.22079907014041752
ENSG00000141161,0.19030141854365223,0.32932461018321024
ENSG00000166750,0.5242909403658558,0.6032747458448013
ENSG00000185379,0.8911801114154234,0.530510174214446
ENSG00000120071,0.5371448096129975,0.9738831273557995
ENSG00000141252,0.3405518513715219,0.14246240282198527
ENSG00000214087,0.7125349070017244,0.199019318767435
ENSG00000141576,0.4123642477250531,0.2651865511156168
ENSG00000185262,0.7712674729306088,0.5868607602511008
ENSG00000132510,0.5411755519853032,0.830029846612091
ENSG00000108950,0.5691666537747909,0.5577295072461679
ENSG00000141337,0.15880538590351595,0.09996994825013117
ENSG00000196704,0.02862716312420066,0.059306053092131945
ENSG00000177303,0.4221294315500703,0.2312639514336083
ENSG00000182173,0.9794251109885098,0.714021011122352
ENSG00000073350,0.1441835545731102,0.060699696626650895
ENSG00000126858,0.05921679664380146,0.18927097342272853
ENSG00000126561,0.04157417651398152,0.02678067051134952
ENSG00000213859,0.14098210873224867,0.11714029747188055
ENSG00000167447,0.21048732714231058,0.38038058305905864
ENSG00000204323,0.039840436127254616,0.04949509224157641
ENSG00000179859,0.3974236742941021,0.18174256229292518
ENSG00000184640,0.8051017606451673,0.8961346081860581
ENSG00000176108,0.5945535410031271,0.6242531451741697
ENSG00000167302,0.2338082178869938,0.12287949518135981
ENSG00000108479,0.5753031834476487,0.520938327364984
ENSG00000177370,0.0033315080908832974,0.015208621733505071
ENSG00000108953,0.033698215118374134,0.04450898799451258
ENSG00000159842,0.5859668768894815,0.691752907388719
ENSG00000153933,0.7524904885648305,0.21648731401387974
ENSG00000121060,0.3786932445592448,0.6962271078083219
ENSG00000141580,0.31134179983770977,0.5313741835270311
ENSG00000141542,0.9581240386910876,0.6426119713440117
ENSG00000141560,0.4020531649961656,0.34724564261309143
ENSG00000167363,0.755050820985701,0.36032548939194076
ENSG00000141556,0.4836000165867099,0.24563075625812675
ENSG00000141579,0.6914986755199666,0.6725317557415551
ENSG00000176845,0.7150898432316894,0.8216604602548208
ENSG00000267060,0.33229877590746293,0.4993646665816176
ENSG00000005882,0.16201102300007741,0.1624136750810725
ENSG00000108819,0.6732879734197879,0.7438741021773123
ENSG00000108821,0.9284288231286563,0.7769794717523106
ENSG00000167105,0.014138136441105014,0.010229228322449239
ENSG00000015532,0.24052882458530644,0.32924731000062685
ENSG00000108826,0.4668309882547328,0.46186756408336993
ENSG00000154920,0.8921578099205798,0.9578187229678287
ENSG00000108829,0.0307671025370812,0.030891784229891275
ENSG00000108823,0.16427844658198618,0.17350987532489592
ENSG00000087995,0.666578545572623,0.2503035694600523
ENSG00000011028,0.8969784798064375,0.6297765293205797
ENSG00000146872,0.42170082317082347,0.8055121571184829
ENSG00000108309,0.7444156961332205,0.8293643143696932
ENSG00000013306,0.006360399359582319,0.007523631412413487
ENSG00000030582,0.4842731916017079,0.4057078289541597
ENSG00000161682,0.9943617535294869,0.6801520688953804
ENSG00000275066,0.5604827562040777,0.3434113732250279
ENSG00000278053,0.7242923505497623,0.9728617842421335
ENSG00000132591,0.15822108042537394,0.43762485094471015
ENSG00000167536,0.2688332726091065,0.0805952076611769
ENSG00000109118,0.5870512806407562,0.2726350025683331
ENSG00000161513,0.6650019627036283,0.870882472305007
ENSG00000172782,0.7902534403552048,0.30160827531784956
ENSG00000182040,0.31510814811797944,0.32534716626146026
ENSG00000182938,0.136443013466273,0.12842922588597555
ENSG00000167861,0.13817760274072963,0.04309134936794823
ENSG00000109089,0.213042146770211,0.5246464563373439
ENSG00000167862,0.058680960111378036,0.157313268625747
ENSG00000167863,0.05005055216983226,0.11512303232538477
ENSG00000108506,0.571027760667172,0.6589331168357947
ENSG00000108389,0.4365033053420725,0.13751136598830957
ENSG00000136492,0.2966526851965482,0.2294346364554131
ENSG00000108839,0.24865574108076416,0.17440936522006711
ENSG00000219200,0.4504640468777156,0.683166405828195
ENSG00000258315,0.14299067850193403,0.10793501795056111
ENSG00000161940,0.18074081908568176,0.08005861090041273
ENSG00000174327,0.9435781810293529,0.8152011873446474
ENSG00000132514,0.017258739272562978,0.029543311535426407
ENSG00000141505,0.6344106008164444,0.7736201059121188
ENSG00000132535,0.6314673297184021,0.873837728902915
ENSG00000072778,0.753624344697353,0.6165671065791922
ENSG00000004975,0.45124747118403397,0.14433497177137286
ENSG00000040633,0.6406771882123634,0.7183475858411587
ENSG00000170296,0.9525962592668786,0.5612197372600187
ENSG00000175826,0.9825178183472477,0.8022058190452597
ENSG00000181885,0.8602212338809664,0.34520329636284197
ENSG00000006047,0.2516091656567109,0.1397628580728552
ENSG00000271447,0.49098658360444847,0.8308909192693785
ENSG00000271503,0.04994639245110509,0.06751554221465797
ENSG00000131095,0.11846510876705735,0.20306938530009316
ENSG00000168792,0.8846716481322769,0.4872199057568679
ENSG00000167543,0.4120287559564223,0.16981022655205438
ENSG00000108262,0.3314762824817739,0.742849825804942
ENSG00000198720,0.7539340194522146,0.16447071464037172
ENSG00000173065,0.26140118027364906,0.4910308853480271
ENSG00000179761,0.6577971043417925,0.8449290506071898
ENSG00000108387,0.2385898454919912,0.15081569038681633
ENSG00000131737,0.12248142149085077,0.04168473228290947
ENSG00000182534,0.2688638959687046,0.6137980433532462
ENSG00000175866,0.7911272525404227,0.5992615264542092
ENSG00000132388,0.9574586469554301,0.9265968702770382
ENSG00000183011,0.7774303912003393,0.5696220243038528
ENSG00000108395,0.17286753585254735,0.530326187995466
ENSG00000153982,0.6520065814612754,0.22485269090079635
ENSG00000175155,0.37108357675931536,0.24062747824472458
ENSG00000161955,0.6977164279106813,0.3957116765890142
ENSG00000170412,0.6289174957473049,0.7926092303194447
ENSG00000167851,0.9563112317819904,0.7121852112311913
ENSG00000167850,0.7019696998980796,0.9780784697837892
ENSG00000169733,0.8352094902635818,0.5081323507306681
ENSG00000169718,0.9147395123726417,0.6678215877496477
ENSG00000169710,0.5889207962626142,0.8717266340906006
ENSG00000141506,0.05775373273895151,0.03311148636670936
ENSG00000108840,0.6062839495234071,0.1933873581055301
ENSG00000072310,0.579240319940298,0.456114017319481
ENSG00000176809,0.7812490607239596,0.7879417659220282
ENSG00000073605,0.8941084951620406,0.8453558851735264
ENSG00000167549,0.17380266174358144,0.1901883204392384
ENSG00000221926,0.49077082389778504,0.36399595555283426
ENSG00000187607,0.4262376756458711,0.23667405920988616
ENSG00000184060,0.02707160773242386,0.058045824653400455
ENSG00000181481,0.1710193187868213,0.10914507072686319
ENSG00000174292,0.5858433208959527,0.5883616524130058
ENSG00000172123,0.6754872157278247,0.5352350472088705
ENSG00000154760,0.2386421979322026,0.12468495576139084
ENSG00000172716,0.5629538799512778,0.7099310928573708
ENSG00000171360,0.7326026545741271,0.7970536026000025
ENSG00000126337,0.8429213292359838,0.7765225618385797
ENSG00000171401,0.24427578651050694,0.2882273364848691
ENSG00000171346,0.10121649396102163,0.04996086425604437
ENSG00000171345,0.5930231957071836,0.2211417841205325
ENSG00000171403,0.10605134750336796,0.13884842353651264
ENSG00000186847,0.7304971407049516,0.31130863391102215
ENSG00000186832,0.3061854582001902,0.6366316524281239
ENSG00000173812,0.009082792561537684,0.08829548044080457
ENSG00000172809,0.04559272289625259,0.16941606466203019
ENSG00000141540,0.8964392076163449,0.5275576380756484
ENSG00000108679,0.030209417747941603,0.037944410936239965
ENSG00000171302,0.3459640937595808,0.33762612650240703
ENSG00000173918,0.5287242422004312,0.5262068054558413
ENSG00000167280,0.3225564162478188,0.13225846421189114
ENSG00000173894,0.836139560442337,0.6190128400233998
ENSG00000133026,0.15779312392052336,0.15114337534941097
ENSG00000185862,0.04508913664507283,0.03119802798532147
ENSG00000126860,0.21095662097308843,0.1379101238356066
ENSG00000131242,0.2745906886889472,0.17447100154439119
ENSG00000274512,0.37445037789931246,0.3846600178484394
ENSG00000092931,0.9262470334566755,0.8380318483527731
ENSG00000062725,0.8680871230108301,0.7179000950438046
ENSG00000108474,0.19628022842197868,0.24364951887270903
ENSG00000166582,0.9248046322177423,0.46119185851256606
ENSG00000170315,0.25096916737409025,0.22554409299378927
ENSG00000187688,0.08562463217718978,0.06903004153636255
ENSG00000108946,0.5507854251207311,0.7668184673476672
ENSG00000178502,0.9728258729561122,0.4131922058328559
ENSG00000131473,0.10291018077571223,0.20769717113886985
ENSG00000173786,0.7641656526098717,0.7216924505959892
ENSG00000168259,0.7318418077891724,0.8532463886361619
ENSG00000168256,0.11508621874656871,0.3764493214198511
ENSG00000108771,0.8339362680575966,0.9991648597306981
ENSG00000108773,0.44444680375595436,0.8210047979076711
ENSG00000170836,0.0776034237766756,0.03293358691847309
ENSG00000108557,0.3870360620622125,0.21216192038658493
ENSG00000136478,0.09770606509933256,0.16714274280095742
ENSG00000128422,0.9158828214778859,0.5579156045022436
ENSG00000076604,0.09897674744766387,0.30689520491182826
ENSG00000131899,0.2760023450832667,0.42330164336343434
ENSG00000108932,0.1036148290599849,0.07765218458548072
ENSG00000174238,0.26401719490977477,0.33999423766971254
ENSG00000258890,0.9780020409998391,0.553760485199605
ENSG00000068097,0.7834541144842764,0.9372509212378789
ENSG00000008294,0.6026222418758881,0.8797470127229798
ENSG00000167182,0.8827688442360606,0.9066277335661939
ENSG00000108852,0.718202068671705,0.8098739643533315
ENSG00000131467,0.08949947100352337,0.1870369239393227
ENSG00000141562,0.7280519445478532,0.4569463516310103
ENSG00000074660,0.5761358771559408,0.3241689218757781
ENSG00000008838,0.6616712371713015,0.9119448529002564
ENSG00000108641,0.9436896915298123,0.8583686076835284
ENSG00000175711,0.35357452110764453,0.6162404324292152
ENSG00000166685,0.007247538255890243,0.03841687165398798
ENSG00000141219,0.7663427780037547,0.8232866402678516
ENSG00000179604,0.02760404829916797,0.007571966492129369
ENSG00000133193,0.17950589577423706,0.44333030344673474
ENSG00000183077,0.7698315451864464,0.2357301786315104
ENSG00000189051,0.07127284642685404,0.25247007618907313
ENSG00000109016,0.4195276817710485,0.3560512829052892
ENSG00000167699,0.8267349860044237,0.8252438583177846
ENSG00000133195,0.13120169988656039,0.45641835131515696
ENSG00000170291,0.5328020009185834,0.9728707879295916
ENSG00000055483,0.9047906364630224,0.33240921341426294
ENSG00000270647,0.4905679800827527,0.8882221283295101
ENSG00000273604,0.31290533732278086,0.6955714934530179
ENSG00000277972,0.06780554093463909,0.055207867515720654
ENSG00000277258,0.0007283170576606628,0.014493597206816448
ENSG00000277791,0.07200292416245986,0.15968394369208322
ENSG00000276293,0.8853713079716575,0.874942047944702
ENSG00000273559,0.8043425422750494,0.8674648521305945
ENSG00000136485,0.32734980554049603,0.6325322354240634
ENSG00000136463,0.03187075543576463,0.08412279972746332
ENSG00000198933,0.7912235184021676,0.4037275787400244
ENSG00000087152,0.8355475753009709,0.7308210065847366
ENSG00000168517,0.09468151473462057,0.05055360055387534
ENSG00000172992,0.5185399745878168,0.19023407030080855
ENSG00000188878,0.009459758281976536,0.0023766552823376802
ENSG00000128487,0.3506209108312289,0.28778333562474245
ENSG00000250506,0.005781979173078774,0.0010553593992537872
ENSG00000141068,0.8012974033648692,0.5640692474508981
ENSG00000072134,0.5040368460523488,0.36393349518442986
ENSG00000198863,0.8750921293046717,0.52730527096661
ENSG00000170921,0.37629755465831005,0.40705346772060014
ENSG00000176155,0.01630855339081054,0.001634511239219823
ENSG00000108528,0.8456066321922445,0.9583744076240016
ENSG00000108523,0.5328952869303942,0.4897779244751381
ENSG00000108518,0.378579581775525,0.18908705053754135
ENSG00000108515,0.31554780085412604,0.36483096152394756
ENSG00000091640,0.8457706378306835,0.8750089630272029
ENSG00000108509,0.6991953422998276,0.7374113189176374
ENSG00000129250,0.582131049635977,0.774586166488148
ENSG00000132517,0.16912753158313348,0.06474071172802871
ENSG00000180787,0.0036248206292440513,0.0008641642470853106
ENSG00000196388,0.30269999144829285,0.1640897744939075
ENSG00000173818,0.8156264574971582,0.5156847735039032
ENSG00000171298,0.9525304165801067,0.6926244031027446
ENSG00000141543,0.07188850119427542,0.10965808858755664
ENSG00000108688,0.5623224149866166,0.6242310294784479
ENSG00000172156,0.1003076537317788,0.05914060137527707
ENSG00000108700,0.4177162161279999,0.6923941898071895
ENSG00000181374,0.9738832051546265,0.7980524112658072
ENSG00000108691,0.9557982884491599,0.9243354701350853
ENSG00000182612,0.16151480844078323,0.6920977900984933
ENSG00000167085,0.21141982337232187,0.2700900089829671
ENSG00000141349,0.8536147778916575,0.8308961727504227
ENSG00000180626,0.07549838569785648,0.019444656285569926
ENSG00000161929,0.1913430444688642,0.07993257804747335
ENSG00000078687,0.1049918551060682,0.027882375707563474
ENSG00000167840,0.036226580961459254,0.025346848970807325
ENSG00000108256,0.7405415718741514,0.830015010195186
ENSG00000198336,0.45293234301636487,0.4446146213383253
ENSG00000259207,0.07986979135551685,0.12612702973188156
ENSG00000168961,0.09323768860136634,0.05103380659330234
ENSG00000232859,0.261156474200799,0.13333729043471354
ENSG00000007171,0.004106974197798312,0.001983685925056193
ENSG00000178691,0.5383893856951235,0.9982040372392788
ENSG00000272636,0.0374306705118625,0.01306732784115659
ENSG00000181031,0.2961823922949544,0.12858062722468766
ENSG00000185158,0.4522160751709312,0.10016504444586359
ENSG00000132359,0.32942300178243183,0.29093945291309964
ENSG00000196689,0.008009175214216674,0.0044251540746821725
ENSG00000040531,0.03799714105328945,0.026006926423682773
ENSG00000197417,0.6363528243659511,0.4081189315528194
ENSG00000213977,0.7215088271423546,0.48050722776096366
ENSG00000127774,0.653340604065568,0.9922176083811831
ENSG00000083454,0.9944788655075029,0.7593816283305099
ENSG00000083457,0.026821709068910782,0.032678620609940576
ENSG00000177602,0.9059845441050394,0.5974086634208758
ENSG00000184557,0.1269239274549126,0.17152355386858942
ENSG00000087157,0.4644230944825982,0.16472496496841132
ENSG00000108433,0.28402586078910297,0.38186091749239237
ENSG00000004897,0.1889245256255232,0.2829728973650421
ENSG00000108384,0.891206305064131,0.4412898926470046
ENSG00000266173,0.8333156372289756,0.596114643995165
ENSG00000108588,0.07567074150724297,0.19921663532830186
ENSG00000198231,0.3318699565107994,0.4890467717003545
ENSG00000108592,0.7069396280385118,0.9698295967570495
ENSG00000187595,0.5434112675606262,0.28116736055490943
ENSG00000108604,0.32746803940115926,0.8729400582511155
ENSG00000273611,0.313571973441183,0.5968064985572554
ENSG00000278259,0.5953013095186264,0.5413440103026439
ENSG00000277161,0.7372762140546639,0.7480158319346195
ENSG00000278311,0.6138609546597008,0.8590438569389303
ENSG00000278535,0.472383130984217,0.25665325313534354
ENSG00000278619,0.9390370565639721,0.9105619503765257
ENSG00000141510,0.2916916319515889,0.24580644445275182
ENSG00000167895,8.736296667550358e-05,4.171734121570773e-05
ENSG00000007312,0.0009688276878960877,0.0008357202755022394
ENSG00000109101,0.008227091452776059,0.011096079069116834
ENSG00000141499,0.8757241005040224,0.9367996769325192
ENSG00000266074,0.6110607407554349,0.2610624392163628
ENSG00000141524,0.1020057300339429,0.06930632556017319
ENSG00000173757,0.5785795436356451,0.8285658705511856
ENSG00000178927,0.27322272435140266,0.16760924912424355
ENSG00000141564,0.6797034076970456,0.9499188317518824
ENSG00000005379,0.02259925861238906,0.0041716594293341016
ENSG00000213246,0.042657739936250626,0.15925388904003365
ENSG00000108375,0.8602019076706959,0.9644805990815009
ENSG00000092929,0.09499177014432607,0.26562517353912046
ENSG00000286190,0.0029354404592679367,0.000880956121798182
ENSG00000178971,0.13529940596961534,0.08550113043746238
ENSG00000091592,0.006299077152313391,0.00903901027511571
ENSG00000239697,0.38508554640686476,0.2484563527824703
ENSG00000248871,0.977042990336479,0.678557621498444
ENSG00000108828,0.3116601176189479,0.5405734373643731
ENSG00000188554,0.3632393991141667,0.7702655731008172
ENSG00000184988,0.929754984082716,0.9343494764296522
ENSG00000236383,0.3425253406521011,0.11697051848246416
ENSG00000225190,0.5917939322477554,0.5076805814047851
ENSG00000012048,0.6410844830029963,0.42810495317661
ENSG00000167107,0.3677496137709301,0.3951090202414195
ENSG00000136444,0.47204483594087,0.2356777264388361
ENSG00000049283,0.9467705408436928,0.7474168499779421
ENSG00000006282,0.4521559606930755,0.6410091120990877
ENSG00000184185,0.9907644058674979,0.8985059664432883
ENSG00000141279,0.6460304204253775,0.5526795917578264
ENSG00000029725,0.3750923549226698,0.18464758502907078
ENSG00000129197,0.8985913197020368,0.4762576196838515
ENSG00000108561,0.583279450542709,0.7500158742084346
ENSG00000005100,0.9137117107600843,0.6504619941484262
ENSG00000072849,0.12549375629170145,0.09619254913685803
ENSG00000167842,0.7492363302304821,0.8435065126328778
ENSG00000108559,0.4783424228245605,0.5692878331648441
ENSG00000108406,0.35343724879176774,0.9056947599231987
ENSG00000141378,0.11404257084896037,0.28272166571849
ENSG00000141367,0.04509154472371731,0.09442454637612249
ENSG00000167941,0.8774809390545578,0.664835772224787
ENSG00000108861,0.018113525052684182,0.10249665945015936
ENSG00000239704,0.10467148619176381,0.10039812868642804
ENSG00000259024,0.7991861446515391,0.8476941805902329
ENSG00000175106,0.6794690324538657,0.5880610224287206
ENSG00000276409,0.5188716387876445,0.48068576328800994
ENSG00000275385,0.2682657860054912,0.3706447192406458
ENSG00000277632,0.794853345460194,0.484385576840478
ENSG00000275302,0.6809692461721235,0.9799007548962356
ENSG00000276070,0.8842678535753239,0.8970826382346877
ENSG00000170004,0.050597156390838186,0.02599463420786832
ENSG00000184922,0.06319293083067065,0.04085059380995588
ENSG00000174231,0.29622133084545116,0.08241280104294128
ENSG00000181523,0.4991087694802372,0.48044506845356005
ENSG00000181045,0.21237959116493332,0.08366148062472181
ENSG00000087095,0.4564843508724141,0.9870635781064085
ENSG00000087191,0.28574674568048514,0.49812597424282856
ENSG00000170298,0.3347751612979919,0.7809418110560176
ENSG00000177731,0.8172215643069564,0.7148021502118034
ENSG00000177427,0.2719623039332543,0.2671351295090438
ENSG00000177302,0.25949366382440586,0.14220545582968053
ENSG00000176994,0.13048225304117209,0.10692331895769455
ENSG00000176974,0.0894522795663594,0.161289197696081
ENSG00000159314,0.9425756007460286,0.9591107584543536
ENSG00000278845,0.5789041927794634,0.6863310756696113
ENSG00000274211,0.7854766836655783,0.5391352939518415
ENSG00000033627,0.7796593482485739,0.9911947158198509
ENSG00000006042,0.8631235065781215,0.3968929242661329
ENSG00000176749,0.4749602451529711,0.49263083853848777
ENSG00000176658,0.9450560179025461,0.775140141036531
ENSG00000266714,0.015888475633911808,0.0031671553109300487
ENSG00000196535,0.966430370257316,0.9361619224049769
ENSG00000173917,0.3970961883116335,0.06626742227591871
ENSG00000120093,0.2586349240619807,0.06409723070979714
ENSG00000182742,0.5812596201462861,0.17830699725519514
ENSG00000108511,0.3198248769798728,0.8155851522402469
ENSG00000260027,0.5116016714227319,0.9628347566385614
ENSG00000170689,0.014974398084683593,0.08013776553380661
ENSG00000170425,0.11681932813969807,0.18831938928874845
ENSG00000214941,0.8023954046826886,0.8942557102933608
ENSG00000011295,0.8976579780491358,0.509151627322971
ENSG00000141027,0.9036679668157952,0.8390624548493509
ENSG00000108312,0.5430921718472959,0.3958940775937191
ENSG00000160551,0.6353833078731109,0.9553617247344466
ENSG00000129245,0.7489261124856266,0.9372995680392109
ENSG00000161533,0.9823255843724618,0.5937352421683872
ENSG00000186407,0.4851620964731307,0.6497772782171086
ENSG00000186074,0.5868244864085869,0.3799222663766557
ENSG00000109062,0.7722625925751654,0.6017871329840253
ENSG00000109065,0.9755348563204949,0.4578680871341356
ENSG00000109066,0.41099292126059817,0.18110751111581455
ENSG00000177728,0.3612603162663024,0.7689589496971762
ENSG00000182446,0.4254629323498198,0.3200502418071039
ENSG00000108669,0.08379706286135613,0.05285703584174563
ENSG00000197170,0.07694687762699584,0.0919042648241934
ENSG00000154217,0.2266938621485305,0.11785332695483289
ENSG00000067191,0.0880178363033166,0.17988862348780293
ENSG00000087111,0.13743882389310377,0.27271578370681604
ENSG00000141551,0.055061305856795334,0.09330279384748155
ENSG00000141582,0.7177915210836785,0.4757890095437528
ENSG00000167291,0.7708762276778403,0.9796376620025383
ENSG00000173821,0.6575211878651752,0.6896028601552187
ENSG00000175906,0.01044306205028282,0.002637032178406854
ENSG00000067596,0.7594449203982154,0.6608086860609905
ENSG00000175832,0.3652668727117063,0.5479293371126339
ENSG00000005102,0.1300034240379132,0.3686595318067777
ENSG00000185829,0.2549521014035238,0.057900121410420495
ENSG00000228696,0.8001951324151655,0.5885849241983915
ENSG00000073969,0.4105836770296891,0.5339134093356139
ENSG00000171634,0.4602769210696289,0.7261565654176201
ENSG00000108379,0.5284125654104077,0.46359726630157894
ENSG00000132589,0.8552793250073172,0.6542546730754044
ENSG00000161921,0.5817480070087955,0.9214500508868546
ENSG00000108813,0.7649605516095102,0.9617152800051505
ENSG00000136504,0.40625220216843283,0.6541025545032988
ENSG00000275832,0.4370944051254493,0.6379182543536234
ENSG00000169689,0.9087537477682909,0.678712331902364
ENSG00000169683,0.22144665566185195,0.1076846552440799
ENSG00000169750,0.6884647181666583,0.37591518460104634
ENSG00000169738,0.7637980891401763,0.669715588955792
ENSG00000169727,0.5788796508022638,0.9290580230065898
ENSG00000184502,0.10875760461949269,0.159358348869673
ENSG00000173805,0.5718065503988307,0.2994377881659239
ENSG00000173801,0.5459503176992003,0.567698077786959
ENSG00000141696,0.3733189105776843,0.7607226800130193
ENSG00000141756,0.3566103329379683,0.6634520890331019
ENSG00000141698,0.047713469932384345,0.10665547882209646
ENSG00000141527,0.7089082859889582,0.827584383220974
ENSG00000108733,0.4839062735860473,0.6161927128485065
ENSG00000168646,0.40206247096867187,0.27323198459188863
ENSG00000154240,0.37068868741974426,0.8372163491973792
ENSG00000108924,0.014138466810846243,0.004865148466787883
ENSG00000108960,0.33542111328815727,0.5018040753697255
ENSG00000262165,0.7832629509183351,0.7987356235444847
ENSG00000035862,0.5803734033557252,0.328325146672336
ENSG00000214447,0.6109633152570251,0.6696235844888474
ENSG00000132470,0.5295727293592216,0.37278801741454626
ENSG00000161960,0.043276433968466844,0.055510338148578094
ENSG00000176390,0.6105352324054364,0.821864345024611
ENSG00000176208,0.5616464978292376,0.2768895786640325
ENSG00000172171,0.22435072736331754,0.3752655002582519
ENSG00000196712,0.27281672832797965,0.6763709751576843
ENSG00000253958,0.4163476822046378,0.6029245780262718
ENSG00000173281,0.08925483848432783,0.2624326939980647
ENSG00000173273,0.31087185588994126,0.10055950460194935
ENSG00000154359,0.3129768474921291,0.08061239189915742
ENSG00000175806,0.17288447971487675,0.42140245345583593
ENSG00000275342,0.3185824382690435,0.6642058832196988
ENSG00000164741,0.9226189665395379,0.7409516893180258
ENSG00000147324,0.27338951471067524,0.06111559813850774
ENSG00000254093,0.9099111043421295,0.9062001370079088
ENSG00000198791,0.9474801636515737,0.4725808307622218
ENSG00000179388,0.7363042152244674,0.9349776701575231
ENSG00000104714,0.7453945230958179,0.33312358480557114
ENSG00000155975,0.9178629218256164,0.493133612271053
ENSG00000159167,0.011014311638174599,0.06842148184450854
ENSG00000104228,0.01312317470169838,0.0021926302163642847
ENSG00000198042,0.8989018858573045,0.6338852011341587
ENSG00000175445,0.44187723826939473,0.9188328421990758
ENSG00000147421,0.8577422317914819,0.39518543820563967
ENSG00000171056,0.7457928351352612,0.9581310720357805
ENSG00000172728,0.3004191488790018,0.10306918621965411
ENSG00000038945,0.3220443930743833,0.8399204631193057
ENSG00000092964,0.035066812076709176,0.029839049817939462
ENSG00000164825,0.6608495721099801,0.9555649225657555
ENSG00000147454,0.7102197919185873,0.3671482297723998
ENSG00000104626,0.220323199386908,0.2042304706180695
ENSG00000147459,0.5300378632258715,0.8244360995082114
ENSG00000104660,0.4373227773692835,0.7599182352701087
ENSG00000133878,0.1664533147560563,0.25499936570065396
ENSG00000167034,0.8320463973946042,0.951612609554963
ENSG00000147416,0.25620310244048705,0.16441911156023034
ENSG00000104756,0.6542345184689458,0.4727527021416682
ENSG00000134013,0.5890672584804333,0.8065219590379024
ENSG00000061337,0.5295680669083493,0.313951011194713
ENSG00000184661,0.6008338083938852,0.5317928933563161
ENSG00000104219,0.5479804129965276,0.8196277171167157
ENSG00000168300,0.6716569817464382,0.7101422831157921
ENSG00000104765,0.924876293464207,0.5883562640042646
ENSG00000197892,0.10703638054782737,0.14566473987891007
ENSG00000104613,0.13249584742280085,0.023563159177015364
ENSG00000164822,0.18243548288376996,0.18406024429594572
ENSG00000104671,0.3022981806294911,0.4434714552324336
ENSG00000221914,0.4563953464156373,0.3572588773671067
ENSG00000197217,0.1842775277254157,0.05949338034492184
ENSG00000164808,0.4538938482268441,0.21616326813827122
ENSG00000168575,0.5855960499446236,0.26407975169422876
ENSG00000104611,0.37338264576651514,0.19089660829137828
ENSG00000254087,0.6347702955383612,0.5062983820421783
ENSG00000133872,0.29396076187283987,0.6213308853335271
ENSG00000172817,0.09933157726868375,0.10452329988674297
ENSG00000133874,0.1941363627725742,0.09083062221769121
ENSG00000121005,0.4509929376400412,0.6449891405028102
ENSG00000104679,0.4282379634860397,0.18680618464358067
ENSG00000104722,0.8162338413367995,0.9044906745422445
ENSG00000164751,0.7811861461538414,0.8356117432993894
ENSG00000104442,0.1456882196235959,0.11521100131316293
ENSG00000221947,0.16253044516777823,0.11706799007649686
ENSG00000076641,0.11897756079926883,0.12665897360335107
ENSG00000137573,0.6395806875004788,0.7892914410756807
ENSG00000164879,0.30880305522587187,0.4111899878435321
ENSG00000104331,0.5863751169014917,0.6869226020632271
ENSG00000176731,0.15799375251619988,0.17056830928617248
ENSG00000040341,0.9926316197511372,0.7072721459302311
ENSG00000104327,0.17688505402214158,0.4541647413663833
ENSG00000164949,0.9065826558824873,0.9145204110141157
ENSG00000205189,0.1639333405168259,0.4611724983082761
ENSG00000164687,0.7850550115430672,0.4443240207877528
ENSG00000164951,0.6678811794234432,0.4763635093088251
ENSG00000035681,0.4041599995193549,0.3700197368885282
ENSG00000147649,0.26259964614771836,0.27622698177373245
ENSG00000104356,0.3580672038417937,0.29220207537053533
ENSG00000147586,0.08821266710542877,0.10878291495826614
ENSG00000137574,0.6275787803382463,0.5863229010542186
ENSG00000120963,0.8148552040610214,0.6735710903595007
ENSG00000164924,0.1728953832484825,0.07929159488190289
ENSG00000165392,0.3751069343460941,0.13116754738948674
ENSG00000156482,0.055301669261400135,0.1557436296219717
ENSG00000185015,0.791036475644485,0.6543135437586243
ENSG00000265817,0.8538463817106451,0.6183449396134619
ENSG00000180694,0.6755141073604809,0.659302016879342
ENSG00000104361,0.8886126212211101,0.7881865241438409
ENSG00000104267,0.8615266272139465,0.6560615894383881
ENSG00000132541,0.03862876351361576,0.05057321726807364
ENSG00000147669,0.08050422996152984,0.10165477594015487
ENSG00000123124,0.581029869637903,0.5776430213283568
ENSG00000205133,0.8139747339293342,0.5882924111407443
ENSG00000133740,0.9039675185225593,0.5707567251467531
ENSG00000156467,0.011560258711002795,0.028625333267397485
ENSG00000104341,0.01214004502885504,0.041408859595764895
ENSG00000034239,0.6645975116098124,0.7553320642086486
ENSG00000180543,0.6622994794666479,0.8786826253701917
ENSG00000133739,0.5799112752431832,0.3488532319158677
ENSG00000197275,0.940075127243096,0.8695793511502661
ENSG00000104517,0.1527909256985169,0.1529246540842919
ENSG00000156471,0.2136840966191052,0.6648386406629232
ENSG00000164761,0.1106505520473628,0.3411722065584177
ENSG00000019549,0.3931096605914133,0.3097373072881723
ENSG00000172167,0.406403054164874,0.2630875674152909
ENSG00000156469,0.2710065681078483,0.33359348837226954
ENSG00000136982,0.7027532667429364,0.8124849257303828
ENSG00000172172,0.07173663140728329,0.12625617169636713
ENSG00000136999,0.9200926090607662,0.4679485837856482
ENSG00000156804,0.22853384065130447,0.536955702931212
ENSG00000137547,0.1533024093812465,0.05144987148398687
ENSG00000120992,0.5092585968551064,0.197142574463257
ENSG00000132561,0.4038758206679881,0.3395936218829134
ENSG00000137575,0.0205902457360847,0.04301670358060256
ENSG00000155792,0.9631375459134919,0.6566774436006616
ENSG00000215114,0.6987132340825173,0.33506505669834796
ENSG00000120899,0.5187405478415196,0.3361736593401947
ENSG00000155097,0.01372345950483703,0.0308300167772889
ENSG00000104490,0.013868167313756542,0.012153962981220444
ENSG00000023287,0.9185198617781398,0.9650781802921998
ENSG00000164758,0.6249087732784889,0.8437418262729828
ENSG00000121039,0.06020653436436897,0.042761384710316014
ENSG00000164961,0.17833751325417996,0.22756894638661923
ENSG00000147509,0.2607121169509414,0.024673709400142598
ENSG00000034677,0.12719191671309452,0.21361151079346155
ENSG00000104388,0.3975560271272972,0.33582622961720665
ENSG00000104375,0.057225718996230995,0.11364418279272329
ENSG00000147614,0.9087695878155672,0.4866526928579763
ENSG00000198846,0.6543395146540227,0.7589692505807877
ENSG00000153317,0.9700483396299653,0.695152847393949
ENSG00000147676,0.39636306603110605,0.18227942855310372
ENSG00000176853,0.29560505190566266,0.43054100860894196
ENSG00000155926,0.047040539175283766,0.03265470245091401
ENSG00000156787,0.587359791941325,0.9816611005799766
ENSG00000169439,0.31128420214812363,0.7322144142210504
ENSG00000083307,0.4749441235899393,0.483653125926783
ENSG00000158106,0.3372513482654796,0.051272546091658606
ENSG00000147592,0.12694042945716372,0.11631580994960214
ENSG00000198576,0.6436980060495021,0.8535867841221553
ENSG00000067167,0.07948564589201171,0.039123824441419715
ENSG00000167656,0.7036085633962881,0.9012353158609555
ENSG00000140396,0.1954312765074939,0.21969449364277127
ENSG00000164930,0.1641665629589928,0.18914813949443424
ENSG00000164764,0.8925129150152742,0.6050112080434005
ENSG00000184428,0.17404748284775806,0.4675268548905187
ENSG00000234616,0.07595111456213506,0.03805958347890074
ENSG00000197353,0.1581743203078975,0.20376154852880254
ENSG00000283992,0.16533189339436827,0.3407969689797082
ENSG00000171045,0.14507031888251276,0.04331459118182555
ENSG00000126233,0.09737724380246779,0.2041782428349616
ENSG00000008513,0.19016347682642035,0.45732678365238477
ENSG00000180155,0.10141006458898144,0.0752672860520828
ENSG00000284505,0.022395621133903316,0.07737538648796115
ENSG00000178764,0.2209167295397052,0.10533496058539372
ENSG00000147604,0.1778460676090321,0.2875734569614158
ENSG00000104324,0.34426877541260803,0.5630951898017662
ENSG00000136986,0.04257541380543671,0.07770079677253203
ENSG00000066855,0.027832313541723747,0.015802158833127394
ENSG00000160886,0.8027985653151801,0.6240986613249555
ENSG00000130193,0.949830405650081,0.883628119300891
ENSG00000164929,0.6160580035361034,0.8394563498587231
ENSG00000167653,0.27797573242946555,0.3424934779700086
ENSG00000172164,0.8473871206301278,0.847602601630991
ENSG00000047249,0.27471146894715787,0.15702507618274225
ENSG00000156831,0.0858662309998698,0.17916163023438203
ENSG00000181195,0.1680746955276459,0.10242333715914138
ENSG00000182307,0.012467385638861218,0.04944900454205131
ENSG00000066827,0.47983574559074604,0.5996936064933374
ENSG00000156795,0.31330895814954923,0.6941480870204898
ENSG00000104332,0.00814700536036572,0.035054336675890405
ENSG00000173334,0.7261982676700429,0.8790403649426485
ENSG00000170961,0.32767792070577867,0.34212683039494296
ENSG00000156802,0.6033652744473548,0.8114488695459551
ENSG00000288611,0.349979041130721,0.5014190358023389
ENSG00000147535,0.2992077054128758,0.19632781910164573
ENSG00000147548,0.3428084136629219,0.15885640941996704
ENSG00000079459,0.0990557824756773,0.1930758576844619
ENSG00000104415,0.24280722662827572,0.14845709486401543
ENSG00000129696,0.5132934411133432,0.29245989619367674
ENSG00000205268,0.5243957565882283,0.2998967753254395
ENSG00000104450,0.8237168054108155,0.30304751490307663
ENSG00000154328,0.19873257148394854,0.0964949873892372
ENSG00000104369,0.6492099644338967,0.99410097668489
ENSG00000104763,0.7458626927981133,0.3837656638846356
ENSG00000185728,0.5644977432157844,0.5267025356366561
ENSG00000137558,0.93525659553985,0.74045591088998
ENSG00000104381,0.9794056655777265,0.9969573611787133
ENSG00000277586,0.8052619445375675,0.8129829409001871
ENSG00000147697,0.8982850789937478,0.9737516356086192
ENSG00000260428,0.21572778738021187,0.09799033270122204
ENSG00000185122,0.058634071670164524,0.23492968001229883
ENSG00000185000,0.5344110392635351,0.34651557107716546
ENSG00000182325,0.10857011609308599,0.10306573543913702
ENSG00000173137,0.8375740889548104,0.8974903161477038
ENSG00000071894,0.7472750366370455,0.36945873818814
ENSG00000147804,0.3919168645315153,0.1522426861672983
ENSG00000160948,0.027417712177663776,0.06530144609038677
ENSG00000261236,0.2884421442854887,0.46182482154549764
ENSG00000185803,0.32776199476594015,0.4349387573558886
ENSG00000171428,0.7875646022070957,0.7203472033124257
ENSG00000022567,0.5295909500786005,0.11385414495807655
ENSG00000181690,0.9480416667357592,0.56443148904723
ENSG00000170791,0.2507786172948855,0.4860229040133208
ENSG00000104419,0.07251864870139313,0.061432818040677885
ENSG00000176209,0.43190916668731294,0.17409318375954727
ENSG00000104447,0.25721540927510356,0.1280270038434093
ENSG00000120910,0.2663391208652563,0.06531869219184801
ENSG00000168522,0.2335040838927539,0.11257822983846379
ENSG00000165102,0.18553647657751687,0.09024228196563765
ENSG00000185900,0.2741427752916665,0.09434460728369017
ENSG00000129292,0.5768436775580629,0.9771495048647771
ENSG00000136960,0.44882342029999844,0.2630532036304173
ENSG00000165046,0.6506413264383855,0.3929400575336366
ENSG00000121022,0.14049070514814155,0.13677919280209458
ENSG00000066777,0.9485983607045584,0.9238815950771035
ENSG00000181135,0.9707613167106213,0.5117055883711744
ENSG00000181085,0.6567672507804276,0.20891422356652545
ENSG00000180921,0.5315738350832414,0.3908662594086739
ENSG00000180900,0.30516058392054474,0.20624783361338633
ENSG00000185189,0.5948402113198201,0.7901978095830067
ENSG00000261150,0.50147276787674,0.5594521683309766
ENSG00000178685,0.7696659103805592,0.6949864408062698
ENSG00000178719,0.09922275892467995,0.1723007969496509
ENSG00000178814,0.12918638461914933,0.05944900209262454
ENSG00000179091,0.17015771039438193,0.5074815626792507
ENSG00000179526,0.24993749298184945,0.3759218890670236
ENSG00000179632,0.16892061446822415,0.5075270049957266
ENSG00000235173,0.7645307261801013,0.8258701061364122
ENSG00000164941,0.22243565241595323,0.2542508560450217
ENSG00000164938,0.0010198193162132881,0.0010349574202698723
ENSG00000175073,0.670790751479555,0.6327465841914348
ENSG00000288602,0.43995423197005545,0.8890235394483534
ENSG00000104205,0.2996896264830097,0.1811888621964565
ENSG00000178460,0.42518045974475693,0.761481948376803
ENSG00000147364,0.4596193494878421,0.2246609019471167
ENSG00000120533,0.07579245850970164,0.10048270370071015
ENSG00000120526,0.0086352700232441,0.018572946424236462
ENSG00000186106,0.8009231375827879,0.9134278276387635
ENSG00000174226,0.2460574069659708,0.13696694032193546
ENSG00000070756,0.41633195686164526,0.5176003898920432
ENSG00000104412,0.46363577745181983,0.5110814375043724
ENSG00000104472,0.16132826698065067,0.28330065445171776
ENSG00000104408,0.006491519846838507,0.010015952626748743
ENSG00000008988,0.34584685448571295,0.43816290594968144
ENSG00000164733,0.9887610191325271,0.9545014064281856
ENSG00000169499,0.5959850462741884,0.7923594946192491
ENSG00000169490,0.8320927885652097,0.6997326449060375
ENSG00000147601,0.6222302844711793,0.8676164949062473
ENSG00000137563,0.41778247143457026,0.34749534302204665
ENSG00000104218,0.8554005083348979,0.7910287553442144
ENSG00000083168,0.0556930447469505,0.022436846852063312
ENSG00000070718,0.2376708676362249,0.07259076002552677
ENSG00000104368,0.35591824570422437,0.5777199697039683
ENSG00000070501,0.15041554364355675,0.05240654366433764
ENSG00000078668,0.9012737683404701,0.5695360931825945
ENSG00000183665,0.00869375075706105,0.030870174813046557
ENSG00000170881,0.07849015927799627,0.20117091642363927
ENSG00000147687,0.11422404781786463,0.3633004058033221
ENSG00000147684,0.25192641296782786,0.5656337880377826
ENSG00000170873,0.5672092621865208,0.49996726357711796
ENSG00000104687,0.5959732726781242,0.9389171887274311
ENSG00000104691,0.6521885819851934,0.6202134641200365
ENSG00000104695,0.42917164188940726,0.28539050042659286
ENSG00000165071,0.10658452885725411,0.06840516020449817
ENSG00000168615,0.463211484304086,0.375039763570991
ENSG00000105339,0.4637056094369677,0.19592685127803192
ENSG00000203499,0.9364269217511911,0.7121623921378095
ENSG00000177570,0.9688281044089927,0.2981222965853847
ENSG00000104635,0.48905644778236756,0.7390331969768198
ENSG00000158806,0.15076940275124054,0.027866017064362644
ENSG00000158863,0.07486764047162904,0.08741053668066102
ENSG00000275074,0.07829188575821024,0.034219001970233476
ENSG00000168453,0.1973202902947631,0.045126388159226684
ENSG00000168476,0.2618015406652635,0.08699443503682515
ENSG00000168481,0.7898832767320387,0.2902567204127939
ENSG00000168487,0.45784652054566566,0.4716852594733505
ENSG00000168490,0.44875996626423276,0.20401997219195647
ENSG00000168495,0.6081647414222133,0.23574944032076792
ENSG00000197181,0.11559442857704139,0.05139850376370318
ENSG00000164919,0.5303146224523922,0.41476956285506617
ENSG00000176623,0.01505996897996152,0.0037271586151485436
ENSG00000085719,0.3741790765158376,0.346672489642208
ENSG00000104290,0.0068494044814838536,0.03070681760985523
ENSG00000104299,0.2745900526688146,0.07097532520052015
ENSG00000104365,0.031536808082264424,0.025876424745654953
ENSG00000164830,0.9342890636657577,0.7582045938476054
ENSG00000184489,0.7972653318081675,0.8513693501370571
ENSG00000170786,0.09869798055307467,0.1674636769761689
ENSG00000175305,0.48404879493227704,0.5563267218544766
ENSG00000180190,0.2111850031910415,0.15388782239617257
ENSG00000147650,0.15475444406873162,0.2536703905854493
ENSG00000014164,0.6227170696572569,0.9775878399851616
ENSG00000104518,0.8440365921026219,0.6918182211959987
ENSG00000204839,0.6392503137571364,0.38871128864189763
ENSG00000147813,0.2675752905824682,0.30478537104526904
ENSG00000179886,0.1512882671775111,0.04208488919188765
ENSG00000104524,0.947750618486411,0.6210280139706784
ENSG00000104522,0.09046873515739486,0.0660057974288678
ENSG00000183309,0.4072891548590841,0.2114332386637846
ENSG00000164953,0.583554481406261,0.4205280882817982
ENSG00000155090,0.0919371258489931,0.061914606952406415
ENSG00000132549,0.7264003729381638,0.5121815816191413
ENSG00000196378,0.8734786926397743,0.5398889524984467
ENSG00000161016,0.18728740539069344,0.5395067488948437
ENSG00000170619,0.35922446417318754,0.6574962753661484
ENSG00000196150,0.08926826512953542,0.036454922334855686
ENSG00000170631,0.1522994328873754,0.0915878610012511
ENSG00000179832,0.9757079373141826,0.8649227192876909
ENSG00000182197,0.768457165248327,0.9501506595530739
ENSG00000104643,0.23783183423143547,0.10240050464712727
ENSG00000154319,0.014851470801306405,0.010622689023722497
ENSG00000182372,0.8673311128493608,0.7416903687549816
ENSG00000104728,0.9797113782593097,0.8579875487499294
ENSG00000076554,0.5962005453661288,0.7376577197515496
ENSG00000185697,0.809943827432503,0.9666595209697884
ENSG00000120896,0.2998884404962511,0.08740039748859878
ENSG00000172748,0.06338639870959283,0.03275696508209986
ENSG00000091879,0.26576456554360545,0.18441473727436117
ENSG00000155189,0.6596805109891863,0.31445364994432784
ENSG00000147316,0.47942659417136013,0.22533222852425047
ENSG00000169122,0.4370790532401724,0.14204065044324804
ENSG00000131203,0.07679303599806045,0.1697575388976841
ENSG00000132294,0.20438580135929688,0.26542324015269086
ENSG00000147679,0.3927514584967725,0.8104016908575903
ENSG00000008853,0.41132824711160076,0.4001017496099859
ENSG00000120889,0.8658211846301911,0.8814712982442862
ENSG00000173535,0.5715792944898823,0.42679552342068783
ENSG00000173530,0.8782518729894379,0.7924694278353969
ENSG00000104689,0.3337383961193627,0.7088686292515851
ENSG00000147457,0.04442383035306083,0.01958929097807014
ENSG00000167702,0.43811172041277135,0.3355970389975326
ENSG00000160973,0.1458180478375114,0.050929417834159815
ENSG00000160972,0.44077201918274966,0.14348627187867904
ENSG00000167701,0.04766681047857425,0.004361001454904542
ENSG00000167700,0.5598474760685581,0.5768466818340667
ENSG00000160957,0.3232214244904571,0.16949656987086545
ENSG00000160959,0.28649296866180046,0.14460258004142038
ENSG00000213563,0.3059250561588206,0.09705736918618572
ENSG00000198169,0.6270040754394149,0.3012510956636181
ENSG00000197363,0.293962101637978,0.10340264869824281
ENSG00000147677,0.01528452082123946,0.06832787673864942
ENSG00000187955,0.4842333675132746,0.32682590974172265
ENSG00000187735,0.4493787703643416,0.4365321004620194
ENSG00000129295,0.3675459546224513,0.15519940102281557
ENSG00000104497,0.5816797620539165,0.8091923390009547
ENSG00000147439,0.5902433652404971,0.3004273575603673
ENSG00000160949,0.6610111938434707,0.37883303655499057
ENSG00000241852,0.7276684835383349,0.5449885567567311
ENSG00000156011,0.22908417763711147,0.042815496640905476
ENSG00000188343,0.3368726224425567,0.5062643169049101
ENSG00000167904,0.5870735016100113,0.7036355250665585
ENSG00000048392,0.6951748231264757,0.6084959923149373
ENSG00000164754,0.5252321751313787,0.8695855416367412
ENSG00000178209,0.37174422594764556,0.46298943658267055
ENSG00000064313,0.3829109566633766,0.5649342839148879
ENSG00000104343,0.13152841133598603,0.11606716664587147
ENSG00000154582,0.014764130724192786,0.004972146637360279
ENSG00000175606,0.7005612945321578,0.9249444871341269
ENSG00000154589,0.4574658601644651,0.4463894929687505
ENSG00000183808,0.6289626530837257,0.5105598852703161
ENSG00000147789,0.8369854692019855,0.6384181126646731
ENSG00000147443,0.08389435292234486,0.06723079829852309
ENSG00000130227,0.5096332139030704,0.186701811150428
ENSG00000189376,0.2049264898589518,0.3362849556750748
ENSG00000259305,0.7135755817306979,0.9148948282945786
ENSG00000165156,0.785580419988098,0.7954126674041927
ENSG00000147689,0.5920943568421675,0.3886887359283122
ENSG00000129422,0.43117484409246587,0.1316886187390536
ENSG00000104529,0.6901970978981582,0.828290699213005
ENSG00000164920,0.0014470761941146237,0.001948366856740749
ENSG00000158941,0.5375467398968548,0.29172074116143637
ENSG00000170323,0.07458863777576524,0.05825378114697364
ENSG00000133731,0.30909191182441476,0.27819335570616205
ENSG00000104231,0.02416010165525895,0.07115620159460853
ENSG00000164695,0.2362896944024814,0.2103637780656781
ENSG00000147536,0.1838415297620908,0.10290379784674086
ENSG00000158669,0.006301931715740787,0.005321044892845873
ENSG00000147533,0.3980435799475833,0.266927836922262
ENSG00000147799,0.921104647305917,0.466878992508438
ENSG00000158856,0.21332685812810853,0.09381347850108249
ENSG00000176907,0.03432516227433657,0.0209324186331895
ENSG00000012232,0.4753473825433896,0.41114194320080577
ENSG00000169139,0.10291426756576408,0.044226201775359186
ENSG00000168672,0.6215425875585519,0.9805432379195399
ENSG00000123908,0.7650488206554189,0.5023096957159039
ENSG00000164932,0.3158993437807836,0.6703918653521318
ENSG00000164934,0.021920609405614376,0.029755783907711733
ENSG00000169398,0.3830465759638091,0.5019602004384207
ENSG00000253250,0.5799938096099858,0.5056716057236803
ENSG00000155099,0.0090243413934027,0.010292305376363726
ENSG00000155100,0.3324740857836676,0.2622780582857975
ENSG00000104738,0.7572857244453999,0.6003420063831819
ENSG00000104312,0.7579164572275414,0.5453873461667237
ENSG00000164823,0.21684318117885115,0.46339302887993505
ENSG00000104325,0.6621136285800446,0.5186920643480151
ENSG00000104320,0.24789756127506624,0.2538900737750874
ENSG00000221869,0.1451974619133335,0.07800352270251715
ENSG00000253729,0.39254991761971625,0.4383329921324297
ENSG00000169436,0.8182401425855927,0.5626372182634554
ENSG00000104723,0.6398918028684184,0.3637632220446083
ENSG00000183779,0.4232894375428218,0.1638368332521879
ENSG00000147475,0.622977430334687,0.4174921601755953
ENSG00000147471,0.15071033066059186,0.07994123492288782
ENSG00000020181,0.35496866702659335,0.22987416261911747
ENSG00000104221,0.0844622572084294,0.024563125484379552
ENSG00000156675,0.04856571543807711,0.02282297383008446
ENSG00000187840,0.8040924154539535,0.762849030139732
ENSG00000147465,0.0014970389682458073,0.001266325551761439
ENSG00000175324,0.9664684667426651,0.8260102651991375
ENSG00000156735,0.9479906539987972,0.6493948399841876
ENSG00000085788,0.16693600361209926,0.09530273968108172
ENSG00000157110,0.7332593147002825,0.8936063077078504
ENSG00000197265,0.7472603359712247,0.8935558135912879
ENSG00000120915,0.4755748511804967,0.38842945157041286
ENSG00000120885,0.9806697653678154,0.7997881565845534
ENSG00000168077,0.9264503328534975,0.5905366644669988
ENSG00000147419,0.5043415447808024,0.3582314579965308
ENSG00000171320,0.1805734106634379,0.1221914254416992
ENSG00000168078,0.9265265681975029,0.879790422564445
ENSG00000168079,0.029132763977179767,0.05195224063301777
ENSG00000134014,0.8848640619038938,0.8971900963189087
ENSG00000168081,0.0008222390903010203,0.0010535024101155125
ENSG00000186918,0.29408537295772813,0.1494448279635192
ENSG00000214050,0.695025848643597,0.9443434572464741
ENSG00000167632,0.9648477828818469,0.29738220438031465
ENSG00000042980,0.16603676189640826,0.06368418437867698
ENSG00000134028,0.19290051798166263,0.06735245561454067
ENSG00000179041,0.05690800325730504,0.04235199306311732
ENSG00000164684,0.7840126015717199,0.8980971022438395
ENSG00000155096,0.03414380223318729,0.12588364574742672
ENSG00000177257,0.05593002866367019,0.0655352266378188
ENSG00000177243,0.16324959437515846,0.35372576322472915
ENSG00000176797,0.22332918203141208,0.5526911478870687
ENSG00000171711,0.27142153257825663,0.7020240290749005
ENSG00000147654,0.10642312855917167,0.10164572255775159
ENSG00000147642,0.681589918871528,0.55227862683584
ENSG00000129691,0.3155835661970408,0.28761165075366646
ENSG00000164944,0.18302631833021482,0.2075094439157075
ENSG00000104413,0.7222763926797262,0.5227597761064166
ENSG00000156162,0.5487573469579494,0.6786196805236555
ENSG00000156170,0.20576822727429836,0.1767282193553818
ENSG00000156172,0.4183915878937746,0.5830452678665663
ENSG00000147408,0.08487860063691256,0.05768018144595824
ENSG00000120913,0.8759527766717327,0.847049773379367
ENSG00000171316,0.4129655518907056,0.40115947910888183
ENSG00000175895,0.4959433113340689,0.8625120563397446
ENSG00000153310,0.03613567959877698,0.02775284624881168
ENSG00000077782,0.32560661128349966,0.09257561263216207
ENSG00000104549,0.002786756641112292,0.0035196173627161068
ENSG00000178896,0.3845285638732261,0.642275005553286
ENSG00000131931,0.9635472284256632,0.9388726472784745
ENSG00000120925,0.867165282956055,0.7864664016875506
ENSG00000168172,0.35125453307172094,0.17053204177846287
ENSG00000179950,0.48633006461312056,0.6532028750191818
ENSG00000131773,0.6309337003078723,0.8492809819682484
ENSG00000164983,0.1273903955433756,0.12372292553718077
ENSG00000197858,0.5587611677838551,0.5072548953689722
ENSG00000078674,0.43049421909909846,0.23794382936547143
ENSG00000029534,0.8208725872216849,0.8786855009189684
ENSG00000003989,0.256592078644838,0.047240867797451895
ENSG00000104213,0.9981829505129252,0.4608849164703974
ENSG00000198363,0.030578119464356394,0.05945587459228348
ENSG00000176406,0.41407633629787666,0.9200008391605389
ENSG00000171033,0.7449726158220853,0.9197733680783731
ENSG00000104432,0.8411644119916937,0.8602872033082695
ENSG00000104427,0.7841388038158983,0.5922025387814769
ENSG00000160932,0.6254982462581649,0.5717566530006148
ENSG00000181638,0.21353899594528059,0.07932803280190268
ENSG00000250571,0.39273185287876455,0.10809882991006489
ENSG00000185730,0.32224899899555404,0.11374849212483162
ENSG00000147526,0.2703847816473972,0.19946395985569418
ENSG00000154188,0.8532203863023105,0.5675099065591112
ENSG00000120875,0.21011996836669325,0.2751703507778339
ENSG00000178860,0.08891655868373492,0.15199554464410206
ENSG00000164683,0.5025198231076216,0.948777796815435
ENSG00000164816,0.17751724894837795,0.17212714649228808
ENSG00000157168,0.4942948061775244,0.4575805662756839
ENSG00000187954,0.6539006581741351,0.7978651695115437
ENSG00000136997,0.21505287401332418,0.2533298056999217
ENSG00000164933,0.03206171230097487,0.03659656749999103
ENSG00000239857,0.08794179605010152,0.2898189141936757
ENSG00000164880,0.7442242954029383,0.9800032753298004
ENSG00000086232,0.05743893930714327,0.2372372537209024
ENSG00000178381,0.024952430999196706,0.13989795578175085
ENSG00000164654,0.1437228949422805,0.1619608883013653
ENSG00000177706,0.453551604018817,0.7264795311134683
ENSG00000164916,0.7878534959553146,0.7429454928451458
ENSG00000146540,0.02212652735985371,0.028708756164018325
ENSG00000164828,0.025835949586099242,0.08934140144610879
ENSG00000003147,0.9699909709748692,0.7125685021645718
ENSG00000106537,0.9389723531943381,0.9205677514361168
ENSG00000106399,0.012989016073866867,0.03448515507373488
ENSG00000106392,0.018973625616032483,0.0124805339974975
ENSG00000157954,0.037317596538411775,0.12677877059401105
ENSG00000242802,0.35414924965071837,0.2748437457866499
ENSG00000189043,0.03230227379556212,0.17041076428246818
ENSG00000006747,0.7041196191447474,0.7999843754762368
ENSG00000164877,0.2025180859611599,0.16331400788332884
ENSG00000240230,0.5267521334636137,0.9681912145242596
ENSG00000122644,0.2856987753287329,0.6541420639258683
ENSG00000164849,0.4468591605067863,0.19956801706057975
ENSG00000106066,0.12399263638557045,0.15550737415104818
ENSG00000105963,0.03851421418426629,0.12583528560108806
ENSG00000105928,0.11957613490948303,0.05154089145502746
ENSG00000070882,0.6769803073187803,0.702606216659261
ENSG00000071189,0.5537289607858213,0.6405487213284762
ENSG00000122550,0.01383709363718158,0.047359590562343415
ENSG00000106546,0.6560226843670084,0.8204402753530968
ENSG00000122691,0.16994095928555772,0.30227712054672007
ENSG00000156928,0.01809788736922748,0.042815975268930266
ENSG00000153790,0.8039403499754427,0.8084515145644835
ENSG00000106541,0.13565515027033365,0.054206494373421545
ENSG00000106100,0.35472668066747226,0.38327611202199674
ENSG00000008256,0.1039416329506815,0.19186961760952365
ENSG00000105866,0.49327950672141063,0.24904965412190036
ENSG00000105855,0.975058599127788,0.4210254651490736
ENSG00000173467,0.6292351953686215,0.53253618227483
ENSG00000136231,0.19280285658908644,0.430087163225212
ENSG00000122679,0.003169020402220049,0.00899468070141813
ENSG00000106415,0.26897068177784234,0.2256969587565989
ENSG00000164649,0.3286949000164611,0.4264368494787655
ENSG00000179869,0.11889128072827326,0.02639629339051433
ENSG00000146592,0.5152093931347916,0.8240049361031561
ENSG00000002746,0.3010426211327169,0.20863351920922152
ENSG00000011426,0.05344506753924127,0.04165099904676488
ENSG00000180354,0.2735683248614745,0.3607264094383067
ENSG00000241644,0.051676613484048534,0.017728737220336615
ENSG00000073067,0.6729161717445766,0.35351052881724543
ENSG00000106483,0.16400332496160966,0.6954774654187832
ENSG00000136270,0.2993679707832625,0.6169568861462129
ENSG00000126522,0.29096373151873006,0.22439112427736194
ENSG00000106524,0.5367475163264643,0.7762453541260428
ENSG00000146731,0.019165146745348114,0.016323303248090133
ENSG00000255690,0.58285236141071,0.4864963372411878
ENSG00000136274,0.7825029693588847,0.5554641676230687
ENSG00000146729,0.04954268025479865,0.06765720091918907
ENSG00000146733,0.10849829065182255,0.129564920974243
ENSG00000178665,0.3666319687308608,0.22784002304958356
ENSG00000136250,0.5966458588382206,0.36767670815729203
ENSG00000106070,0.7627469157288683,0.7622147067077836
ENSG00000005020,0.19853243113688848,0.21248945978769648
ENSG00000164543,0.4799515792308917,0.37687533662213735
ENSG00000075213,0.11193578529159164,0.21173723458226812
ENSG00000196715,0.22783826985009242,0.47221280123738085
ENSG00000106605,0.854554813999991,0.8656201148383189
ENSG00000185290,0.5767159330300349,0.7940054990374986
ENSG00000157259,0.11426827361960873,0.26856104784096796
ENSG00000154978,0.1255619447036968,0.1497903363499846
ENSG00000105829,0.14403431879218623,0.1352410708563319
ENSG00000196636,0.05784282552620986,0.07659129508073918
ENSG00000164715,0.8106261708486628,0.8188207499732683
ENSG00000122547,0.8915955687026175,0.3534586098693686
ENSG00000186472,0.7547107964796628,0.6909841439793537
ENSG00000122507,0.47653264465326506,0.6895825638964963
ENSG00000127993,0.7090398298534593,0.9479562490735218
ENSG00000127989,0.34285178690111656,0.5336366782990165
ENSG00000106236,0.8560453960541624,0.44109742076318725
ENSG00000106261,0.3167031135498399,0.1893231462414388
ENSG00000132432,0.011955628573085809,0.008937145123611148
ENSG00000128581,0.5915500841330973,0.9956174471963466
ENSG00000239789,0.0631462747878084,0.07042534079628676
ENSG00000172115,0.0007314367857474191,0.0030912518553753306
ENSG00000169919,0.9288671338989725,0.8817869503076656
ENSG00000127980,0.7841948859607458,0.6367303064237471
ENSG00000004766,0.6426334170355485,0.4801001692451089
ENSG00000006715,0.428813311534158,0.9616525832131244
ENSG00000001629,0.3417683344802987,0.44135309404537737
ENSG00000105825,0.1467501479891804,0.22160424717760827
ENSG00000164659,0.3966631447532851,0.7243255972073437
ENSG00000105852,0.2146817092225204,0.40856702498116515
ENSG00000106366,0.028511274127797578,0.029536658427046666
ENSG00000019991,0.521960117117559,0.2538142759525804
ENSG00000180233,0.5273501806696701,0.30522282990556737
ENSG00000234545,0.9951812774838931,0.6739830885003253
ENSG00000169902,0.23888728431031062,0.32162506103354876
ENSG00000070669,0.06480226968348653,0.16766917857480357
ENSG00000242265,0.14358100009253683,0.2523529981292088
ENSG00000135249,0.5170002501324429,0.5918758916450293
ENSG00000205356,0.5986299333534135,0.522819555444481
ENSG00000177683,0.9645505539270989,0.6153951249430625
ENSG00000135185,0.9803023171839893,0.7836378217968363
ENSG00000106355,0.016109301963209564,0.036800474195757604
ENSG00000106367,0.510241678462557,0.4776686165913713
ENSG00000106397,0.5286649108023538,0.707407835853209
ENSG00000135218,0.9510060349061679,0.7099444503790098
ENSG00000160862,0.07826944434272094,0.08371547278876763
ENSG00000127920,0.8359109560051858,0.6907968220348727
ENSG00000075223,0.01848038979938703,0.015569522629468147
ENSG00000146802,0.3953739872516314,0.4329372648006743
ENSG00000135269,0.07082344760121724,0.030668320791638
ENSG00000135241,0.753666253664845,0.9460497462623393
ENSG00000105854,0.1698493861559645,0.3503449048250573
ENSG00000127990,0.08515056301913862,0.2451959140663141
ENSG00000105971,0.022867980669516622,0.0043325174914745175
ENSG00000128590,0.931727618298654,0.902179007957519
ENSG00000179562,0.7061059525756141,0.6332985645343696
ENSG00000198839,0.17017848657310766,0.0666049911671304
ENSG00000185274,0.40585046556474125,0.2034243493166751
ENSG00000184903,0.012397315305569055,0.054255481752401434
ENSG00000198420,0.9940457200808677,0.8123030397772779
ENSG00000197157,0.30860478292210014,0.3093849612600268
ENSG00000105880,0.3919792169647315,0.40253208054805134
ENSG00000004059,0.6153443283464004,0.7906304446364482
ENSG00000196937,0.08649278162274092,0.10468235154145285
ENSG00000214194,0.0184074428869469,0.01510228263527272
ENSG00000006453,0.1974241784166588,0.28747754640283374
ENSG00000106086,0.9641755045221658,0.693171697176739
ENSG00000269955,0.889873098637453,0.7017817938269908
ENSG00000105967,0.16975740112574203,0.08342829909917121
ENSG00000106049,0.025098582547505178,0.08325713537245275
ENSG00000170632,0.13551415547147957,0.25978799538880554
ENSG00000243317,0.7795037284708697,0.7085156004733086
ENSG00000059378,0.7956218497924734,0.42823475018994017
ENSG00000128567,0.1358515098036039,0.08720090362416583
ENSG00000126870,0.3911555680765745,0.22142155737569583
ENSG00000133606,0.7294248021185084,0.5914763791114933
ENSG00000188883,0.04882498192128142,0.015442155157347802
ENSG00000127955,0.8358136899829802,0.9150476881453888
ENSG00000133574,0.052284067464526116,0.05715006434341293
ENSG00000128607,0.43403955792970605,0.3139858454261729
ENSG00000128578,0.4573962552583354,0.34819727920467913
ENSG00000006377,0.840455034467326,0.4690818644588385
ENSG00000127928,0.16792077561417057,0.3839618051944623
ENSG00000128513,0.5639630594678747,0.7521507300746673
ENSG00000105887,0.6547563172070037,0.5102609919331412
ENSG00000164603,0.5744277446682665,0.8934649648598195
ENSG00000170260,0.017077711490520217,0.02789469001267947
ENSG00000106153,0.0024386820141644255,0.00282944021417974
ENSG00000146842,0.825905042101097,0.8597438402837932
ENSG00000105993,0.9740639361727087,0.6521105720496378
ENSG00000105929,0.9132276432289164,0.8181735454784301
ENSG00000128594,0.3680367132424759,0.18212702336734013
ENSG00000146918,0.6145918268140089,0.5299882091617802
ENSG00000204946,0.019524116789694162,0.0070759551499520595
ENSG00000185055,0.23131104958321605,0.14771025599898582
ENSG00000236279,0.7962923449733588,0.5010845433640152
ENSG00000211710,0.016887945267610057,0.05143025668550278
ENSG00000133561,0.012988563320582512,0.020977877050233542
ENSG00000106028,0.0953874556057637,0.04615264037215022
ENSG00000155093,0.036437465102221164,0.021941148349360267
ENSG00000009335,0.973688184248056,0.8850396340726492
ENSG00000064393,0.8968422500760976,0.9813104272911805
ENSG00000214253,0.585559280276278,0.8132422547515681
ENSG00000106025,0.13962262994322,0.09764608825159359
ENSG00000181444,0.57209351498963,0.8673989731132167
ENSG00000106278,0.25090467357626584,0.2698502037963684
ENSG00000164713,0.009340386068280769,0.030627646888092146
ENSG00000227471,0.3039671607523778,0.6562136244433504
ENSG00000179144,0.002254295202707187,0.004809931126977276
ENSG00000157800,0.27129393297090526,0.3678790257969957
ENSG00000241258,0.2557384930748073,0.5226907217324986
ENSG00000106034,0.6919846586853904,0.46412387974685165
ENSG00000146963,0.5337003813411763,0.38935531754893893
ENSG00000106615,0.10189322434467721,0.22054663757407683
ENSG00000136286,0.02821609143629652,0.07205756605984523
ENSG00000071243,0.7338874314988646,0.7307339989281322
ENSG00000240204,0.46800977629813467,0.9032338742811098
ENSG00000106617,0.07091947294819682,0.18816111108461886
ENSG00000226660,0.004197284405432897,0.0045145261412685945
ENSG00000106479,0.005540659126858297,0.0019961482035351146
ENSG00000172331,0.05641105658875507,0.19496175147380385
ENSG00000006530,0.40373167401086163,0.41481692912728885
ENSG00000186480,0.14112726609197418,0.33110682505711253
ENSG00000133627,0.7685035430492932,0.42349423172925826
ENSG00000085662,0.9876716736794113,0.8734090713477101
ENSG00000122779,0.7797749125883175,0.6397151409290658
ENSG00000006459,0.8044425087024458,0.9458838133224098
ENSG00000183742,0.4967226636534635,0.24717124503590354
ENSG00000198074,0.768351061055104,0.49721587260168365
ENSG00000091732,0.9025872084981016,0.9223593345044305
ENSG00000164898,0.23136073776136187,0.06737945761485092
ENSG00000106554,0.24490972100028569,0.47549425923177513
ENSG00000106400,0.2543620242432316,0.522538642960982
ENSG00000170265,0.28239963830211856,0.4248866410883313
ENSG00000146966,0.4360124580610464,0.3640337068434699
ENSG00000197024,0.06410707940901264,0.06934635737352995
ENSG00000128585,0.42157589715371335,0.28764921462588816
ENSG00000158623,0.3640013845421991,0.5029750002002485
ENSG00000215018,0.15785403221600605,0.29517668162213534
ENSG00000168303,0.06857077197218021,0.2685959459264126
ENSG00000105856,0.77720772251342,0.48512895599744654
ENSG00000164778,0.37168402807026013,0.3741920342190094
ENSG00000175600,0.8738040359966561,0.6834155874830676
ENSG00000258227,0.5033935043110309,0.6382473488575227
ENSG00000170775,0.5317399934920131,0.9299915081457383
ENSG00000272968,0.7729953054212515,0.3754091190074822
ENSG00000168090,0.008052724433384239,0.021777659941046044
ENSG00000166508,0.9058025411467272,0.5780752741895419
ENSG00000221838,0.652813023505066,0.6352040205956384
ENSG00000166997,0.9767101834033894,0.8558869444884228
ENSG00000214309,0.3636285719341612,0.28515400207962743
ENSG00000146826,0.9568052551813783,0.793705134148877
ENSG00000197093,0.47619489599847575,0.32197965842912607
ENSG00000160813,0.36990366142798226,0.6699250205774745
ENSG00000166526,0.6452397967995233,0.25293497130711085
ENSG00000105810,0.0574277637799804,0.033912286870264735
ENSG00000136235,0.9227322045420102,0.7614186552247653
ENSG00000004864,0.23136496617962196,0.23483506448515726
ENSG00000136280,0.3605100481529788,0.7745512628326681
ENSG00000146757,0.8685646617554624,0.9205297564877643
ENSG00000187260,0.5008223443221211,0.16191751605936708
ENSG00000006652,0.8688019010710591,0.9229503204308678
ENSG00000164867,0.38178554275164067,0.304383717392673
ENSG00000164885,0.6224394128452866,0.4624389920722387
ENSG00000164897,0.6425436240102278,0.4908007628701043
ENSG00000133612,0.815677391322622,0.7657638249758659
ENSG00000033050,0.7715208042693199,0.7864780455507183
ENSG00000122557,0.09817865490912688,0.14698146351091873
ENSG00000187257,0.7031038173119827,0.3577796953659226
ENSG00000135211,0.2164755379683946,0.4187146069179385
ENSG00000006625,0.08733160951439763,0.21341708899390646
ENSG00000281039,0.04131278835730569,0.010755847665332845
ENSG00000106105,0.008290263017768348,0.014245797332563688
ENSG00000241127,0.35063124010515845,0.5483875956738868
ENSG00000006451,0.907638781079,0.7364552881550662
ENSG00000106560,0.19934646710023246,0.23212554471991134
ENSG00000213203,0.005415008910566777,0.009060767755862129
ENSG00000106565,0.27145786320754123,0.12630962977438168
ENSG00000002933,0.2991986092981726,0.13945762338261858
ENSG00000133597,0.5606219791751074,0.4764349852801868
ENSG00000090266,0.6496803729063179,0.6583482570229848
ENSG00000090263,0.529995959161778,0.4885041734040799
ENSG00000105865,0.7681690086594779,0.8993993072083035
ENSG00000128510,0.6711189595377758,0.2257113172558048
ENSG00000106484,0.7391866468780607,0.4151568076022931
ENSG00000178234,0.5315404704051387,0.44632270856640666
ENSG00000160917,0.38115742119799867,0.7232125365295368
ENSG00000241468,0.005411707807618503,0.016447099386525978
ENSG00000198556,0.836537053391134,0.7591800322021267
ENSG00000160908,0.42566759401581244,0.8489719787780956
ENSG00000221909,0.2383884375791645,0.420759555957371
ENSG00000197343,0.5091358789332048,0.4255697928358396
ENSG00000197037,0.8490101358369971,0.6171559071017225
ENSG00000106258,0.18112418806659822,0.17388117137836148
ENSG00000174469,0.44735723106981007,0.34389392206147207
ENSG00000170027,0.013268984529750649,0.022699812895454002
ENSG00000188372,0.022666177607325363,0.03252099950257929
ENSG00000106211,0.43760668164910643,0.4030733453504547
ENSG00000214960,0.350767426886782,0.25030923912909686
ENSG00000171243,0.42312209199483775,0.3084013127829214
ENSG00000075624,0.02219259025572516,0.01028325372641844
ENSG00000075618,0.18187859855719893,0.13142645011372525
ENSG00000082014,0.17501468964907282,0.5339703525510686
ENSG00000135164,0.6579335486333848,0.9113298023895917
ENSG00000106404,0.0610839141592795,0.020687662008278544
ENSG00000196652,0.10686134087772332,0.21610391173888777
ENSG00000002726,0.049826623473880914,0.06898900067117329
ENSG00000129103,0.07892032827292286,0.05975880192146552
ENSG00000011275,0.6938621835152166,0.9520468237900199
ENSG00000164542,0.5527528579672809,0.8792886245724856
ENSG00000106443,0.8167393101074776,0.9996321770491262
ENSG00000106477,0.8470726529756075,0.8787039988595846
ENSG00000091136,0.797002641540163,0.763020203362685
ENSG00000127399,0.03524822945508345,0.0303060443240254
ENSG00000106538,0.7642987275466138,0.28434204226479076
ENSG00000155561,0.6839198864646883,0.6905663801984963
ENSG00000136193,0.6190615054284029,0.843234019850583
ENSG00000106080,0.07703141918207261,0.17253443616419534
ENSG00000106624,0.5933658426641861,0.9614802459217862
ENSG00000106631,0.3733930445358902,0.27811643530183877
ENSG00000176428,0.7015702305079894,0.7795940211219308
ENSG00000176410,0.19307290966333818,0.24299309882551046
ENSG00000106089,0.2674311852118398,0.40093117549299406
ENSG00000165215,0.46585253603165255,0.23961715076651563
ENSG00000165171,0.3689458217609961,0.5431025317659203
ENSG00000106344,0.5765779057949465,0.51857068738325
ENSG00000106348,0.9527811362902363,0.5011433838976765
ENSG00000135245,0.554844685720586,0.822035782168484
ENSG00000165055,0.680177961987289,0.36778554241218764
ENSG00000160993,0.8158131719335323,0.5453987363090441
ENSG00000161036,0.933177267759028,0.7312158924886338
ENSG00000267368,0.5193058689388277,0.8860609470731203
ENSG00000105793,0.17696360875253897,0.2740691534383347
ENSG00000157224,0.10954388438631082,0.196723614374117
ENSG00000058091,0.6718397790059456,0.9463886799401806
ENSG00000157240,0.9475006820575907,0.603933755306699
ENSG00000105974,0.1421046212696833,0.04539013522550465
ENSG00000211721,0.003800835921591721,0.001912019149988791
ENSG00000278030,0.0035230315399723228,0.007389372224321764
ENSG00000105976,0.06267787319463332,0.05730478316016242
ENSG00000050344,0.5717207449584172,0.25641787803083127
ENSG00000122565,0.06325768840474884,0.11314904150746555
ENSG00000106588,0.03351890653059199,0.061425834629770686
ENSG00000106591,0.07924063487306386,0.08948984758511946
ENSG00000105821,0.25575078595019624,0.4278246405955254
ENSG00000106683,0.43561721558897637,0.4426286978755787
ENSG00000161057,0.23896995580277935,0.3683927088181437
ENSG00000005469,0.13499838589233826,0.14126182726760397
ENSG00000196262,0.10443483228655115,0.10967980608162906
ENSG00000105968,0.32248273292178775,0.6068999364357526
ENSG00000146676,0.5633289313887464,0.6447792286375724
ENSG00000136279,0.7550546638468452,0.2568436344191534
ENSG00000164708,0.3516617340841247,0.4297834108990709
ENSG00000122678,0.3563339473358337,0.464484486113516
ENSG00000106636,0.10901976339973768,0.09386888473811325
ENSG00000127951,0.13721197024399245,0.11921448227890438
ENSG00000146535,0.1675228679790896,0.17061350693445287
ENSG00000086730,0.12806439083227117,0.12021038460963585
ENSG00000049541,0.7340624976074649,0.9825611206622478
ENSG00000106665,0.20157752766416256,0.12724993657062064
ENSG00000122641,0.023376964726732195,0.017235255534412148
ENSG00000282173,0.0040999593523969305,0.003433334868338164
ENSG00000211751,0.00512306432901845,0.007870418452309964
ENSG00000211764,0.004294621705806888,0.0030206932542912847
ENSG00000211766,0.00017970687012546573,0.0005892250943629171
ENSG00000211767,0.02223369572899867,0.04120174798395671
ENSG00000211771,0.01147874667327331,0.009849849551759748
ENSG00000106123,0.13270754707013813,0.09605102910268995
ENSG00000159763,0.06274709188677842,0.05495392036297954
ENSG00000128609,0.6697907348468176,0.8342855828546526
ENSG00000170807,0.0950723977541192,0.10867779377556715
ENSG00000106299,0.8146826072200748,0.7319855661409453
ENSG00000106333,0.7398680095743795,0.8974938061547959
ENSG00000106330,0.9462562894011439,0.8235646743405193
ENSG00000172354,0.38506468702433594,0.507822656717317
ENSG00000172336,0.4733529407605064,0.7095873296884115
ENSG00000196411,0.11839258773789368,0.097114090473176
ENSG00000146828,0.3916323991624959,0.208440268540608
ENSG00000087077,0.9428085202218865,0.940926232509792
ENSG00000087087,0.5952955901803069,0.3737967636118902
ENSG00000146830,0.06281071878885024,0.026144723091050284
ENSG00000178397,0.2540897913325533,0.5158238130628574
ENSG00000164535,0.12432086224421303,0.2551580358865026
ENSG00000136240,0.016217719186587855,0.04417863285758906
ENSG00000164889,0.4163453097780828,0.3832550681681659
ENSG00000128524,0.3365279952729873,0.3927094395700875
ENSG00000158457,0.8258324938498793,0.6871284705212268
ENSG00000128602,0.7820803190734187,0.8696836750005731
ENSG00000106571,0.4976998725955689,0.7757296755850642
ENSG00000105926,0.06309654555700646,0.1431539510821022
ENSG00000004866,0.44476767978056186,0.6705847205068662
ENSG00000128591,0.05770628844949963,0.11189821976575706
ENSG00000164597,0.728017358115481,0.9141535864654102
ENSG00000197150,0.23356580649386452,0.5935683554796436
ENSG00000154710,0.5372445254296403,0.2810416735345339
ENSG00000146833,0.9948852800262485,0.6929899549648291
ENSG00000243335,0.102548975786274,0.046696118973455825
ENSG00000180535,0.33137404641449886,0.278249998884077
ENSG00000146574,0.0483008153629546,0.13426997261757964
ENSG00000136237,0.26758876370265255,0.08776263495562335
ENSG00000087085,0.7735733475721948,0.9471165487646459
ENSG00000257923,0.6424161847262417,0.8350525972846653
ENSG00000105889,0.6659119966102185,0.766244245596315
ENSG00000105835,0.08223079815780357,0.13682737235604642
ENSG00000146858,0.5137268680379696,0.2526060294429713
ENSG00000105939,0.8734526116345115,0.5897801568308978
ENSG00000105948,0.9324057227787388,0.8098852847958837
ENSG00000157741,0.07611480181097457,0.04098525466276169
ENSG00000128610,0.6510118710124108,0.26425865230856327
ENSG00000008311,0.8491965084152123,0.5080172344278719
ENSG00000128563,0.45891730479825277,0.2213801205561735
ENSG00000164815,0.3813127404280071,0.5188264989575235
ENSG00000122687,0.07482904574844985,0.24454777617594828
ENSG00000106266,0.925526713630315,0.6780381585422237
ENSG00000136213,0.7242069090224226,0.4403202886298585
ENSG00000002822,0.2644354550841835,0.6573875459901133
ENSG00000122674,0.20152158297200937,0.27315767759831167
ENSG00000106125,0.7843795791225199,0.8226816599710132
ENSG00000240583,0.0033426942046587997,0.0041649718399689424
ENSG00000013374,0.3250062193510001,0.3969996298599816
ENSG00000197448,0.27800087574323995,0.7038401905789826
ENSG00000106144,0.16315678858034324,0.16323854693027134
ENSG00000159840,0.6677976979549204,0.8957657302727041
ENSG00000146904,0.544059949241642,0.830669329036902
ENSG00000127914,0.9934256685138683,0.5524912099014991
ENSG00000066923,0.0159062163159113,0.012449516363357203
ENSG00000122591,0.08633348104251935,0.05027615794844041
ENSG00000106268,0.7200959445682393,0.8652278116535655
ENSG00000106682,0.06330056693898282,0.053701088628926086
ENSG00000164638,0.5453324020833187,0.9765977122228947
ENSG00000155849,0.4386377392420847,0.286017408632934
ENSG00000189143,0.8993013362294344,0.6752027270699223
ENSG00000146776,0.35468586792730483,0.1422938685016511
ENSG00000161048,0.827383329234823,0.5855627748286713
ENSG00000132434,0.41517697870348136,0.37469071458506287
ENSG00000055609,0.3251776473315224,0.2295364902485238
ENSG00000146674,0.5352749338671694,0.9122491514847363
ENSG00000122642,0.15667296848283754,0.2606569136111952
ENSG00000122643,0.3171785864660567,0.18816919159871995
ENSG00000164610,0.37533939092288926,0.6233135906231899
ENSG00000197008,0.21408374298894148,0.14223396774825806
ENSG00000075303,0.8348137527085859,0.6114285873554979
ENSG00000075142,0.025892246533811503,0.07037355469869042
ENSG00000127954,0.8146954190902063,0.8774143479237736
ENSG00000186088,0.1157682256907479,0.11585201617393602
ENSG00000127947,0.20769749971276577,0.1932952412541309
ENSG00000122783,0.5792187999091385,0.7062464525522336
ENSG00000146859,0.13586900020810933,0.1053788120908234
ENSG00000105875,0.6029395366205568,0.9606646588431546
ENSG00000243896,0.25558994835372356,0.11781883995713517
ENSG00000050327,0.6186952888533288,0.5238174242725706
ENSG00000106410,0.2744327987967892,0.20960189738070836
ENSG00000184863,0.29830334806813835,0.15672164620352153
ENSG00000105982,0.344998092883568,0.17884454209724066
ENSG00000105983,0.6185480767166547,0.9359126023268012
ENSG00000146909,0.8003523527157603,0.9747935103308352
ENSG00000106462,0.04728444853932682,0.04992807929339518
ENSG00000135205,0.01110196350733091,0.0026935007158239905
ENSG00000236609,0.49856110565206513,0.15707144107798424
ENSG00000205903,0.5765062553165923,0.22645777264492567
ENSG00000164631,0.2398121675518193,0.5769290877303372
ENSG00000106077,0.38599249559621296,0.7034159572219129
ENSG00000169871,0.23829638948525197,0.1683358012735252
ENSG00000105991,0.0009407748561372418,0.0016011224678224478
ENSG00000197576,0.47101174925539335,0.93165789198055
ENSG00000106004,0.8352990953883684,0.5171428902649535
ENSG00000122592,0.6949687689022706,0.6861451219922943
ENSG00000078399,0.564492892635832,0.2239164851984737
ENSG00000130305,0.8224000385466292,0.8672828845081935
ENSG00000153993,0.40176583785192654,0.10990176956349046
ENSG00000274070,0.19881695493861246,0.1393643996553595
ENSG00000274523,0.23099024924631928,0.46149668894521334
ENSG00000146587,0.5686588254602798,0.9805821976743596
ENSG00000171130,0.6983863327646307,0.37698104509146857
ENSG00000106052,0.01669433588922472,0.049881957981259904
ENSG00000091073,0.7705343647181866,0.7568387377014982
ENSG00000064419,0.6287609303512383,0.643054964289479
ENSG00000182095,0.6543781912167745,0.968642152116587
ENSG00000078487,0.9712229528175819,0.7063729713278468
ENSG00000170379,0.9785820551636198,0.6118336697018487
ENSG00000219545,0.4029682521093946,0.5935630862301928
ENSG00000105997,0.6834965375588111,0.8154063426803013
ENSG00000173041,0.6748684768109793,0.8612184141143118
ENSG00000214022,0.03803946890110219,0.010301158658903442
ENSG00000196456,0.0013829336743409221,0.0004130554192803504
ENSG00000171115,0.12737080379258095,0.1414238451026991
ENSG00000106526,0.5947967549374267,0.5877362529832126
ENSG00000213462,0.5668374389514519,0.7948694847024176
ENSG00000164548,0.6489204065553789,0.8152770196480645
ENSG00000169193,0.07599537063119971,0.13426041072008857
ENSG00000188732,0.6488295348861159,0.28777188139917864
ENSG00000105808,0.7229971644867228,0.44341372055959205
ENSG00000001630,0.020487410229932272,0.06257048387323302
ENSG00000213214,0.8140221019104765,0.9220624114245923
ENSG00000001631,0.6923865424306712,0.7661413795236222
ENSG00000196313,0.3467146417216167,0.4908495271098512
ENSG00000009954,0.5017230330542386,0.723431858537591
ENSG00000106635,0.14125296255763617,0.17461753751181616
ENSG00000006704,0.5920776578487221,0.2583849860972323
ENSG00000272391,0.3370717364765711,0.4681739853378374
ENSG00000127946,0.8677574542418999,0.5577819273513341
ENSG00000006606,0.014901587425222287,0.045570001580634956
ENSG00000106178,0.38674806461981137,0.416609050349268
ENSG00000005486,0.3449148821250232,0.7151577692937126
ENSG00000189077,0.058269742635713065,0.0770027891207022
ENSG00000127952,0.0413587969358815,0.03476402908630012
ENSG00000146701,0.11644039759941878,0.39957014777378486
ENSG00000062582,0.06631621232430267,0.1884842073895001
ENSG00000106608,0.36288193876318053,0.6105589005889944
ENSG00000078967,0.586709805750226,0.16937553979215822
ENSG00000243566,0.9349678514917311,0.7724493372841067
ENSG00000146707,0.4140805222404126,0.18936083212496083
ENSG00000196247,0.9418402194472422,0.8838705329176844
ENSG00000136273,0.13823237874829733,0.20835785978195506
ENSG00000158517,0.00595640008980071,0.003186409669646628
ENSG00000285292,0.2799879579984759,0.32739129559560004
ENSG00000106263,0.007974784321362838,0.02628759645012265
ENSG00000106009,0.7383890836521498,0.37663993720694255
ENSG00000048405,0.9943606879803413,0.8966821852515142
ENSG00000128512,0.13416559809349138,0.08248885727323156
ENSG00000166529,0.8881062541800786,0.5332721133968705
ENSG00000164896,0.1597737620453788,0.14750154344402575
ENSG00000198874,0.6110790245860781,0.8546518884033752
ENSG00000155034,0.9181438834838174,0.9693392946761442
ENSG00000055130,0.817765171574351,0.9405850122094503
ENSG00000198898,0.21515889112603814,0.1703954683584774
ENSG00000196511,0.8512644404966664,0.7631475116663013
ENSG00000146555,0.6999899001441543,0.4781328739178802
ENSG00000136261,0.03491948270793306,0.14248849696633067
ENSG00000136243,0.416054606235048,0.969503801525066
ENSG00000105778,0.365954343559455,0.5873750201715546
ENSG00000106003,0.7826047879665344,0.8473167930776926
ENSG00000106638,0.55783425557225,0.5799772654390357
ENSG00000152926,0.14085686755040508,0.14884969480795487
ENSG00000091140,0.4414537575296612,0.6293706722613315
ENSG00000253276,0.00926336359356422,0.005540576540206508
ENSG00000174428,0.9619361804983143,0.6319778636558548
ENSG00000170852,0.1436409222488946,0.3807059750702916
ENSG00000091129,0.5431514982643565,0.32167801195139145
ENSG00000196683,0.020317923631480925,0.0660400367509734
ENSG00000117868,0.7641201776478911,0.5075040647225454
ENSG00000164776,0.36607772903020175,0.5254256393134656
ENSG00000164850,0.39632911723413855,0.19582868100625755
ENSG00000253293,0.042245378637109886,0.1241814948202863
ENSG00000261115,0.36686785061622795,0.12348781150206897
ENSG00000081803,0.12635828912662211,0.03951720018767732
ENSG00000122574,0.6465878139167125,0.48918723385672724
ENSG00000136197,0.10672424850821853,0.18959264187894273
ENSG00000133619,0.2403416959499363,0.49306753826962113
ENSG00000158467,0.03211360514741908,0.050129656507072844
ENSG00000106346,0.35284287056197206,0.6253868848106149
ENSG00000121716,0.1749520359729437,0.07587595516335008
ENSG00000049540,0.18697354356474674,0.06523341893275668
ENSG00000106290,0.18985235252485688,0.40037955476413334
ENSG00000176532,0.5278313810397002,0.8910443311932035
ENSG00000263001,0.7346359271726466,0.8352298268987548
ENSG00000196275,0.6394842314493279,0.9505963797622669
ENSG00000127922,0.1956156149683991,0.3166603275070643
ENSG00000173852,0.32707514169633645,0.6059615415345992
ENSG00000033100,0.25082223064573367,0.3801398578797087
ENSG00000160991,0.15830007571899482,0.07937540670246937
ENSG00000164647,0.5528213097769663,0.9224323107194572
ENSG00000157214,0.9010756332634474,0.571124415844571
ENSG00000196453,0.33000696770736493,0.24642278678549515
ENSG00000181220,0.9954225724850841,0.9400422137995901
ENSG00000004799,0.42654637394973915,0.6714419492990801
ENSG00000158560,0.04645472468828127,0.31687839890974334
ENSG00000188186,0.37380997639632474,0.82465419687206
ENSG00000135272,0.19525141196485382,0.17750932521466375
ENSG00000135253,0.196491009077445,0.18781488346340133
ENSG00000005075,0.11469257473190299,0.27276271052026124
ENSG00000198517,0.40275963014967475,0.8566623626800184
ENSG00000164855,0.9421393010683596,0.8062118980628721
ENSG00000157778,0.4622776728363027,0.8034448810260226
ENSG00000225968,0.3973031624189306,0.20190360684781555
ENSG00000128606,0.909754925743647,0.624261790624763
ENSG00000106351,0.24504000544403615,0.24290458871755047
ENSG00000205307,0.0018887663001979885,0.00023350964082307642
ENSG00000284292,0.15582479754171205,0.2006173675745793
ENSG00000241685,0.03592629215832422,0.025425705148214607
ENSG00000130429,0.33027359000987183,0.19863805322366188
ENSG00000106244,0.14988259930356992,0.30285541773087205
ENSG00000106245,0.2574745830496549,0.536366118712438
ENSG00000146834,0.5073203768703292,0.37800854596794486
ENSG00000166925,0.7172361822403728,0.5163321252403813
ENSG00000178809,0.05203318848228689,0.02306270520860916
ENSG00000136247,0.025923459110607373,0.07919373075302545
ENSG00000146576,0.8020718180710077,0.7213734305465991
ENSG00000136244,0.05112156390097803,0.04720961268362043
ENSG00000176125,0.9717069059253441,0.6026614184757052
ENSG00000106603,0.11153265468241359,0.23790162491884748
ENSG00000183696,0.7517940438522813,0.2103682139009161
ENSG00000164692,0.7811165162324156,0.516230457960299
ENSG00000127995,0.5327055364344917,0.7323432073169152
ENSG00000106609,0.6364357337453148,0.7097645922477807
ENSG00000153814,0.5006016372253571,0.5755310297871612
ENSG00000126524,0.03704601809544751,0.012684664247528918
ENSG00000205238,0.15250699151466415,0.03960182041489337
ENSG00000086300,0.13491984311856334,0.09069070152450782
ENSG00000010270,0.10832717869822897,0.14800241762203578
ENSG00000227191,0.005339155174106932,0.008308189967970605
ENSG00000196584,0.5883500432201931,0.513583336510769
ENSG00000132436,0.6787450528788501,0.761701822439514
ENSG00000185811,0.002978232734188344,0.003511692096459086
ENSG00000211746,0.012635930272782436,0.019278215257949937
ENSG00000211747,0.11888945445915582,0.14894038546067548
ENSG00000211752,0.010662224182420839,0.013670284385651538
ENSG00000211753,0.03668891518956565,0.035168540609125595
ENSG00000232869,0.0021764445679769554,0.0034345356938587407
ENSG00000198286,0.4554089852145763,0.5335287794200108
ENSG00000277149,0.9195509478956123,0.9220837637436583
ENSG00000105879,0.9220627848468966,0.7026271340656783
ENSG00000160999,0.48199465298507815,0.3153674843647127
ENSG00000106628,0.009943029504356608,0.026283792517820242
ENSG00000205060,0.6402596539357557,0.7859595140214576
ENSG00000122566,0.16089030831498413,0.09663338871437396
ENSG00000197362,0.16647951310790357,0.14358593233922667
ENSG00000204947,0.06843808104173515,0.037682959353126086
ENSG00000155660,0.44958957650491027,0.4894020334214312
ENSG00000105894,0.3011933945892102,0.13617681609322121
ENSG00000105851,0.014806826538452212,0.01057438203152117
ENSG00000106305,0.005181132016697499,0.005732114154762884
ENSG00000205413,0.3712622787043147,0.2489198317749004
ENSG00000177409,0.6904420112576666,0.9874243126485551
ENSG00000122512,0.7712363414374789,0.9809260331078837
ENSG00000197461,0.01696603846665379,0.04739504278493466
ENSG00000158321,0.20006074444831928,0.1416162752124202
ENSG00000146648,0.12701025656254789,0.12171105121918978
ENSG00000128604,0.8112216350658894,0.7885686051051736
ENSG00000015676,0.7985935875502992,0.9608793330400613
ENSG00000058404,0.2278208545012892,0.43504340978417677
ENSG00000065883,0.37496768118667123,0.6817816369719598
ENSG00000005483,0.6586028941732991,0.4545539356333166
ENSG00000106078,0.019929506602608716,0.038323768715607866
ENSG00000288558,0.7032800843875482,0.9056698576401347
ENSG00000075790,0.032066532003503824,0.03012386808837336
ENSG00000086289,0.21677352448563061,0.6467804918384166
ENSG00000131558,0.49909998795832655,0.2819643567533836
ENSG00000085514,0.43879174490040673,0.211343058097848
ENSG00000106246,0.3088602604364801,0.12386399501380271
ENSG00000248919,0.3869639604334807,0.6533267229278918
ENSG00000164818,0.09315112668524028,0.2564103399072521
ENSG00000188191,0.11296336218568578,0.17122390246929223
ENSG00000128573,0.3831177606052716,0.1545517628699249
ENSG00000196329,0.024175461707256166,0.03785594025504915
ENSG00000128534,0.3992329447683334,0.6297780712945608
ENSG00000106012,0.5804952077995831,0.40441960312920233
ENSG00000136295,0.4295709851515721,0.5627556669026823
ENSG00000213413,0.0008323200178751153,0.0015679817745339038
ENSG00000136238,0.07707215338570786,0.1316009265512663
ENSG00000106460,0.17328635377901191,0.3698896200769125
ENSG00000106459,0.24535461864447103,0.08202160976221524
ENSG00000186591,0.416671468336811,0.5725520714545138
ENSG00000196367,0.9940079802091262,0.7108049898446036
ENSG00000168255,0.008069296290741275,0.012294917622989485
ENSG00000284981,0.9018154828570296,0.45485287596504564
ENSG00000285437,0.5636178170687423,0.8003284068607263
ENSG00000228049,0.5099607894371379,0.3182888047750787
ENSG00000136205,0.7895154725328007,0.9835358961239218
ENSG00000122545,0.05689809618981428,0.06989843685217714
ENSG00000091127,0.8096813564501963,0.933259028780917
ENSG00000157764,0.2966734502105618,0.08270241645356345
ENSG00000153956,0.7341262589032448,0.25950666620117396
ENSG00000122786,0.7898559360790187,0.8113664433158243
ENSG00000128595,0.17086783502157504,0.22063707240402802
ENSG00000157212,0.549662111749857,0.5075278890557702
ENSG00000077454,0.4365097876241171,0.21824100996431517
ENSG00000135250,0.7105495566474218,0.723115869847556
ENSG00000008282,0.2933274411441952,0.344080007840753
ENSG00000006468,0.42657992135158174,0.2086734104480917
ENSG00000105819,0.6860174144884102,0.9835427134515867
ENSG00000127948,0.1945465727081016,0.4029311155716404
ENSG00000006576,0.9178568942270653,0.5174212034175448
ENSG00000224940,0.20084664944062636,0.17118371541771307
ENSG00000106069,0.6225612513140111,0.9454867960500948
ENSG00000182158,0.6333267802889555,0.5845525916950332
ENSG00000105849,0.04998100958645175,0.15671802013521105
ENSG00000071462,0.12427009711872422,0.3148685611933523
ENSG00000080802,0.19193135074034395,0.18475630909163399
ENSG00000136271,0.051284737348104244,0.07227772013157138
ENSG00000158604,0.023878632808397533,0.12422292538057822
ENSG00000105953,0.7479997026792131,0.8528905070934094
ENSG00000122515,0.18600367185872838,0.12226972243051046
ENSG00000048052,0.20018693278121494,0.28597983290903056
ENSG00000059377,0.46996304141998735,0.24505773695489286
ENSG00000170667,0.8577964776521577,0.63746652886598
ENSG00000270505,0.0004352235677667622,0.0012128033901868743
ENSG00000281179,0.0004352235677667622,0.0012128033901868743
ENSG00000278263,0.000669163218628581,0.0003442884504635941
ENSG00000166140,0.8546273442220527,0.8937339771172015
ENSG00000104081,0.07027771317093379,0.03524071921088596
ENSG00000198146,0.9375295672648927,0.9705853346961224
ENSG00000137801,0.012051756167960597,0.020052179926325766
ENSG00000021776,0.825686018749991,0.5422208484831537
ENSG00000128829,0.40969296717077763,0.8126604846628042
ENSG00000134146,0.006445281771243186,0.02231488034217471
ENSG00000188277,0.17656622021731402,0.1506295147293268
ENSG00000166068,0.901687005389441,0.8497463313800189
ENSG00000248905,0.0399116265955936,0.11279548338324726
ENSG00000051180,0.33685878824637444,0.4890327038218726
ENSG00000159251,0.00581358758364151,0.004545468270519931
ENSG00000166734,0.5216755870868329,0.9862770063533736
ENSG00000138613,0.9094866661580028,0.9044526447450906
ENSG00000137770,0.7325384958443156,0.9375064623066315
ENSG00000157456,0.07074546923421715,0.09940760968898499
ENSG00000166200,0.010279527150442402,0.027095168018244256
ENSG00000137834,0.1503926624515628,0.13599173816236385
ENSG00000137776,0.491220979092322,0.5903245464947547
ENSG00000138593,0.9687995861035444,0.9094307574072548
ENSG00000103657,0.10381722366048315,0.039888684056118555
ENSG00000129028,0.5957640690830048,0.7392455462131176
ENSG00000137880,0.11800669039658887,0.026109627131023737
ENSG00000074410,0.056931658307966496,0.06670099086211381
ENSG00000157483,0.48595966814474345,0.5874253620652157
ENSG00000166128,0.7577964168726894,0.7140766398980045
ENSG00000166233,0.26726400067611467,0.5812265735860755
ENSG00000137841,0.05019589589422049,0.02769939292145941
ENSG00000137809,0.811524767925764,0.2023223701882037
ENSG00000074696,0.10483636828159446,0.2758220343764534
ENSG00000156642,0.2621992223185094,0.33141850226127456
ENSG00000178802,0.008298935488664918,0.0141765667315408
ENSG00000169018,0.2374603800073323,0.31260061145407314
ENSG00000140464,0.7446363273546743,0.5583511150475959
ENSG00000178741,0.203531317611184,0.39800099180956194
ENSG00000067141,0.4093063046966666,0.8881333867950993
ENSG00000140382,0.39279114675701376,0.6438739300785647
ENSG00000140284,0.7955066757295216,0.7941604105936466
ENSG00000136381,0.6794628743909263,0.8600129780279215
ENSG00000189227,0.7011358284662464,0.2907381817818398
ENSG00000138621,0.7535603930080402,0.6111745761400923
ENSG00000179151,0.25301164325590436,0.315545619866345
ENSG00000137764,0.7038027091568595,0.5037738572361208
ENSG00000136378,0.9619023782109607,0.647776837116121
ENSG00000041357,0.11015110923241554,0.12875218243134245
ENSG00000140474,0.5684385212865042,0.705038532684203
ENSG00000173546,0.7523305674774028,0.81872504772895
ENSG00000067221,0.8560409595683407,0.9920432612237636
ENSG00000081014,0.8418880941959448,0.6986000016212266
ENSG00000129038,0.3203055996470265,0.10642705912348396
ENSG00000285253,0.6461890372405223,0.8753418065525367
ENSG00000138587,0.9417339305769236,0.6479499724916529
ENSG00000156958,0.12538343724284914,0.25220146270597754
ENSG00000066933,0.5757124233177313,0.4797870460374476
ENSG00000092529,0.9468874958053617,0.8356556102739054
ENSG00000256061,0.8449535727450868,0.7612201072992538
ENSG00000178761,0.9663072225607389,0.7988173751099682
ENSG00000137824,0.03804709061427091,0.06751473920833037
ENSG00000198794,0.20359981352476814,0.1446830919717181
ENSG00000169684,0.035479600391194084,0.08105599447350714
ENSG00000166426,0.15266486225847756,0.2027505715408752
ENSG00000137831,0.4702777257316644,0.48362973864276093
ENSG00000140497,0.36129903564549026,0.23507270954500284
ENSG00000169371,0.8958712790601453,0.7723503911462759
ENSG00000166415,0.8579546752854068,0.6169821377029562
ENSG00000140386,0.740097182325324,0.7802768825008893
ENSG00000188266,0.4300151836897542,0.7002741874638263
ENSG00000104129,0.042826048660442484,0.06689998246295849
ENSG00000140455,0.30075293027015865,0.11268924730316267
ENSG00000136379,0.7935385991275861,0.5419035062091
ENSG00000166557,0.26011460600093617,0.18197711054765453
ENSG00000103888,0.5303679099378429,0.33591057832591903
ENSG00000166073,0.30332827885772384,0.1993837526569683
ENSG00000117971,0.11005008903131262,0.3072992944237119
ENSG00000103569,0.21952245624350528,0.49335775055174336
ENSG00000169609,0.619340706049689,0.9946977294841699
ENSG00000196547,0.3529031539715055,0.11269740642201961
ENSG00000103942,0.4921115106308559,0.31579425872028105
ENSG00000073417,0.6530852391648028,0.581171057146975
ENSG00000181991,0.9371224267857272,0.9483802242682944
ENSG00000166831,0.642051145247656,0.8901746553452949
ENSG00000166173,0.5399605739642233,0.6960453675625405
ENSG00000069667,0.9478804077730388,0.7046988980019224
ENSG00000140319,0.012412401497733616,0.019097443973557778
ENSG00000074603,0.9865483640033093,0.717440766905795
ENSG00000255302,0.05010091278012599,0.1036190566096172
ENSG00000140450,0.5707974712479618,0.2228326774310673
ENSG00000169612,0.10828898898195173,0.08871561818482725
ENSG00000183655,0.2411692455851797,0.36980972336657114
ENSG00000176463,0.37177411672463934,0.8368507525437564
ENSG00000181026,0.33406623413985337,0.4406376979505632
ENSG00000185787,0.0732568594348468,0.12310101710443931
ENSG00000137845,0.05961563378938646,0.030727398377887963
ENSG00000140600,0.5015949932670501,0.4728745448738564
ENSG00000259494,0.2301141344852304,0.3443622049734226
ENSG00000154237,0.32692070643092136,0.29068532988765167
ENSG00000168904,0.03930998447101395,0.03376881826317897
ENSG00000140443,0.245063078754614,0.38211179071221113
ENSG00000128923,0.19201772185392574,0.15518136813693192
ENSG00000185551,0.597330340169665,0.4749909278955775
ENSG00000103995,0.2879070592000081,0.19834066800564681
ENSG00000157470,0.09845005854438847,0.05740505395830632
ENSG00000064726,0.25585536836435907,0.4687982042755878
ENSG00000184254,0.8616695248519358,0.7959654567980612
ENSG00000166716,0.517473344018323,0.29785790961895364
ENSG00000166477,0.24254929136134232,0.2167566099442088
ENSG00000138594,0.29697470119135694,0.1850585304721291
ENSG00000237289,0.8847621982087077,0.8987988528410562
ENSG00000223572,0.48914635987788535,0.620421527809299
ENSG00000128886,0.3939445059161344,0.369551266532288
ENSG00000140259,0.07455327411422873,0.10306865288127727
ENSG00000074621,0.9263247290246068,0.8765257004451669
ENSG00000174485,0.5642633140604185,0.28333568984625174
ENSG00000103769,0.21813383478376427,0.14348811911875484
ENSG00000136425,0.3970039739860095,0.6167447308384448
ENSG00000166411,0.7332891543331044,0.5950638087918774
ENSG00000092470,0.9337358598780462,0.8935643085042958
ENSG00000156970,0.33918583461466234,0.4351597243992176
ENSG00000137872,0.28849848585757276,0.17430089675548036
ENSG00000170776,0.8822348545904021,0.7133936207663725
ENSG00000178718,0.6468534183951842,0.6826834887329698
ENSG00000173548,0.6162816803528728,0.5143092729061516
ENSG00000166762,0.2552915129659703,0.24142331850988885
ENSG00000140262,0.8201864369715621,0.8066489773442045
ENSG00000134153,0.0002315330314685863,0.0015636202322671653
ENSG00000134152,0.25968953562727276,0.24847631860766284
ENSG00000128463,0.00019679483773268823,0.0006254119926832572
ENSG00000140526,0.44406942365562596,0.8746775205528956
ENSG00000140199,0.9129865885856531,0.560489586730262
ENSG00000171766,0.11133062701345661,0.06108999854260761
ENSG00000171763,0.020222972880313387,0.02062616292250978
ENSG00000104154,0.841609560643106,0.5939133873256451
ENSG00000104164,0.35378492100950465,0.5593736397436538
ENSG00000137767,0.5538201648829051,0.49384927429797365
ENSG00000138592,0.4293586177622335,0.5027361311667555
ENSG00000092439,0.5136713830346424,0.3634189180107824
ENSG00000117899,0.010674473773708422,0.01193422973598934
ENSG00000114062,0.8380823184746229,0.7367693669371738
ENSG00000136383,0.14596443447967167,0.2836808498478946
ENSG00000169857,0.24981590405045842,0.31729158097324733
ENSG00000166262,0.5859211568182928,0.3680580492672477
ENSG00000104047,0.2579515383329432,0.4380092493247504
ENSG00000166797,0.14005188475380953,0.2227444775865989
ENSG00000028528,0.2678561961087945,0.34855361742853763
ENSG00000169118,0.7462087099700574,0.9507603453873829
ENSG00000166803,0.44506657655540305,0.32106175495298117
ENSG00000103671,0.5153725236145534,0.30527485378273284
ENSG00000159459,0.7333092787776956,0.9627020343870567
ENSG00000137842,0.4872607367481906,0.7000858983368543
ENSG00000168806,0.5230906067953247,0.6937936932107232
ENSG00000104093,0.7080587571760097,0.962098630481434
ENSG00000140280,0.03619320567582729,0.05591263757388473
ENSG00000168803,0.20518868255084352,0.38658340891392307
ENSG00000033800,0.5851529555056987,0.7502998418373874
ENSG00000138617,0.4064236131464498,0.19879775039971515
ENSG00000140543,0.20342402650339297,0.2116589700702863
ENSG00000128739,0.2656887855126805,0.24573606900893907
ENSG00000242028,0.01822636245618905,0.05529307177090639
ENSG00000157450,0.7071225788308277,0.8137807658063082
ENSG00000137821,0.48779489723270286,0.7786736464083761
ENSG00000166821,0.017829635590056216,0.05486652760088485
ENSG00000243789,0.7945619963076437,0.8796741970095889
ENSG00000104131,0.0032641036963208274,0.006260043195415784
ENSG00000103855,0.24529934294001543,0.248719944704066
ENSG00000128915,0.8927114437538568,0.8576366185897007
ENSG00000166825,0.305880861145385,0.28214298565916834
ENSG00000157823,0.9836700377194256,0.824010158320257
ENSG00000250021,0.07805543057973582,0.05678353520783224
ENSG00000242498,0.40506722583702215,0.19608017516399232
ENSG00000182718,0.025389220104698174,0.015350353001768083
ENSG00000136371,0.012228091137276138,0.018606174153451286
ENSG00000259332,0.09774501108617983,0.2859281115564023
ENSG00000086666,0.22692574205528546,0.4442049393390326
ENSG00000140379,0.8764140265281976,0.8714980880834274
ENSG00000090487,0.07592616357154436,0.20392713759421952
ENSG00000103707,0.548363728106474,0.30292600416404736
ENSG00000103710,0.07645073722840538,0.023999105323987493
ENSG00000090470,0.5971577355045743,0.8567998085964471
ENSG00000166855,0.4560002626074623,0.26186581508397905
ENSG00000138615,0.695740684723797,0.8931657303255696
ENSG00000182636,0.930097941750504,0.8767959819273906
ENSG00000137819,0.5137370273687204,0.41706558146686823
ENSG00000137818,0.4122254042544171,0.850928311555762
ENSG00000137807,0.12206873921292964,0.09577959224316604
ENSG00000128833,0.3939823926874023,0.1054267274192044
ENSG00000128989,0.28439623223702803,0.5131014613219991
ENSG00000131871,0.09461926572600024,0.09677308515806059
ENSG00000131873,0.10397372076624524,0.13964287926215166
ENSG00000184277,0.15572653112728507,0.18146408078862383
ENSG00000185418,0.8328291433631996,0.7698740581589246
ENSG00000140479,0.6694415929198336,0.7749174613384255
ENSG00000225973,0.7299308373376747,0.8768515475017531
ENSG00000069943,0.07008534942774466,0.08392366684790553
ENSG00000137876,0.0012594249117365423,0.0031391067130039987
ENSG00000187446,0.42618373629824247,0.5764683436716919
ENSG00000104147,0.7207438934153056,0.8601328493252397
ENSG00000137804,0.5579482503850863,0.7071113941769895
ENSG00000137806,0.06067920073596228,0.07899274439066349
ENSG00000137825,0.6277313028183806,0.20868592062556657
ENSG00000103932,0.8644824255695399,0.9851736352595791
ENSG00000092445,0.9948955370791062,0.7974674785912415
ENSG00000169926,0.6960707030792962,0.6927228789622695
ENSG00000103811,0.5450067298343662,0.4017472504048941
ENSG00000179455,0.014232701933122646,0.03115897182776359
ENSG00000140285,0.21464933197262323,0.5206683086328675
ENSG00000140264,0.14878509988157204,0.28917210662618764
ENSG00000103994,0.7530779123818993,0.9507739016879387
ENSG00000069966,0.06792193691611209,0.10109921367435416
ENSG00000104064,0.3939272067950892,0.5664117489168645
ENSG00000169783,0.6558503719208988,0.996927652713053
ENSG00000166920,0.1640831311068198,0.18311217318193926
ENSG00000140511,0.24150050006765686,0.24117995788728527
ENSG00000157766,0.3768733089228511,0.18511127692049756
ENSG00000166949,0.1180624062859496,0.2933989829527258
ENSG00000103591,0.14940196448396273,0.2641950072516773
ENSG00000104067,0.3222346599059928,0.3152694867872333
ENSG00000140470,0.0464141812497896,0.01175738841665174
ENSG00000140471,0.41302452346329543,0.4813072310965236
ENSG00000183475,0.4936015635257107,0.6803169585717501
ENSG00000154227,0.913643837170382,0.7074174276216504
ENSG00000182511,0.7617752070682968,0.39372428984604924
ENSG00000197299,0.8341429708526394,0.7646680749077294
ENSG00000140564,0.29448459203442645,0.25056148909849923
ENSG00000172183,0.05606397120377825,0.05956962259567114
ENSG00000166794,0.056561922266390174,0.06270591453627875
ENSG00000103723,0.135840382448102,0.11762630936158677
ENSG00000156232,0.6879547089075293,0.5035998908562542
ENSG00000166192,0.2245402221491501,0.19378123297925814
ENSG00000175318,0.7984360668091599,0.6935721361024996
ENSG00000137817,0.3797710390804817,0.15295324459980797
ENSG00000179361,0.9125299179516567,0.9537580303243288
ENSG00000128872,0.48150333023864555,0.6385406479133205
ENSG00000128973,0.6424328554699195,0.6471528135666651
ENSG00000205363,0.8469126404460291,0.4665615637046413
ENSG00000243708,0.17726712866290936,0.2797241499049149
ENSG00000137871,0.24759706407894136,0.4288747836963912
ENSG00000137875,0.8470606067281369,0.813867340559713
ENSG00000069869,0.5661862012391132,0.47856958835995245
ENSG00000140263,0.08682650812346816,0.21573379805765497
ENSG00000140279,0.30714878783244004,0.29230902760350014
ENSG00000140274,0.6815814442714965,0.5824825369920377
ENSG00000137857,0.8364483158358099,0.7638612974259464
ENSG00000186073,0.8451908272228335,0.931684645905286
ENSG00000140463,0.5513755038309898,0.8222150472114413
ENSG00000159322,0.30385890430647117,0.43910826931747815
ENSG00000136404,0.9830776928780098,0.6777445981756153
ENSG00000166503,0.32226768895214647,0.7348820295630991
ENSG00000169594,0.7208792122455381,0.6765573064532524
ENSG00000137802,0.424112108528493,0.48540366730314977
ENSG00000104133,0.691632425491006,0.9575792105916766
ENSG00000172345,0.005711053383781497,0.015014177409784422
ENSG00000182768,0.004213441434555837,0.021401339877458417
ENSG00000103876,0.0124545274870622,0.00907034831964032
ENSG00000128951,0.41478440123159177,0.607510324685212
ENSG00000166147,0.6266130098750795,0.32156928447941047
ENSG00000181827,0.5613196238343914,0.3812563522153545
ENSG00000198690,0.03657342371862873,0.04538253587239561
ENSG00000166912,0.20805468531136073,0.19153901782836727
ENSG00000213614,0.028940985386676738,0.07582449187112683
ENSG00000140548,0.3444949098992415,0.4274056168045649
ENSG00000182054,0.904171734795555,0.9898156197888006
ENSG00000196391,0.8589328911836756,0.4580435858235232
ENSG00000140575,0.2843857362702516,0.27367761035860394
ENSG00000166145,0.20782580299970413,0.29127576745578065
ENSG00000179335,0.025784943308138693,0.03912342559417307
ENSG00000129007,0.8528839426880529,0.46666702935388293
ENSG00000167202,0.980964380500087,0.8639810895699592
ENSG00000103653,0.08848868659494036,0.10206293681703273
ENSG00000183208,0.25511739449222604,0.11273834797273406
ENSG00000173517,0.7716230180317516,0.43405161610477916
ENSG00000047346,0.38662391368395,0.3863430691633236
ENSG00000140254,0.10011217887095492,0.2080895486108225
ENSG00000177971,0.6327649570353802,0.9075669885889481
ENSG00000215252,0.2141062181915836,0.22720753424324394
ENSG00000166938,0.9236612089825939,0.7693197005218395
ENSG00000075131,0.20423877169520208,0.1834033126692312
ENSG00000169032,0.002606626646631386,0.004619779901906799
ENSG00000174446,0.5108927752398537,0.8814168079398893
ENSG00000174444,0.08552949108887395,0.15438175091361847
ENSG00000174442,0.7313595195213642,0.8283054905373507
ENSG00000198826,0.5223012570194769,0.5343286210650262
ENSG00000166923,0.6288783851299915,0.31493337786759007
ENSG00000128731,0.5487736763882538,0.41897842949490716
ENSG00000140406,0.1437514899189367,0.10531285897073749
ENSG00000259330,0.027473568642042638,0.0617219176394612
ENSG00000140320,0.7901055205377016,0.5532942204527205
ENSG00000169105,0.5293332838915861,0.9548273116659107
ENSG00000128928,0.3442567339085657,0.7867731147328055
ENSG00000197535,0.7658344505747898,0.5846736799146175
ENSG00000140332,0.9031824949917371,0.8552855380140959
ENSG00000176454,0.050979500428926815,0.1488246640730625
ENSG00000172379,0.07863766817252395,0.015895140834748852
ENSG00000131876,0.07249187611306004,0.1743801827626406
ENSG00000104055,0.686223599950448,0.681164784440469
ENSG00000206190,0.3519210374323747,0.11742760698217126
ENSG00000128944,0.023132140184732277,0.05753709858505599
ENSG00000183060,0.25693379245757664,0.32217342275741456
ENSG00000140563,0.7744245531174507,0.7472850354775842
ENSG00000069956,0.3973111941796479,0.32652306089141053
ENSG00000138606,0.6262404670859832,0.29723378878749207
ENSG00000140577,0.9920253023164387,0.5120111035583208
ENSG00000167004,0.012499209568250395,0.020521131981810426
ENSG00000180357,0.5685295713129653,0.7095034247844455
ENSG00000180304,0.3750673287631997,0.6290196482973969
ENSG00000187720,0.42454603702544647,0.49941315264167074
ENSG00000171914,0.556878639774825,0.36766389374328046
ENSG00000166922,0.18868065676100054,0.5184826372604321
ENSG00000138614,0.09642544534430397,0.2364677110713692
ENSG00000137815,0.8449061599778595,0.5587952225749386
ENSG00000214013,0.5522131693757126,0.7550774281002011
ENSG00000185033,0.11435788239780088,0.0892264987427027
ENSG00000188549,0.6773193713155696,0.8298783803928964
ENSG00000140545,0.472662650673652,0.5227542394250211
ENSG00000185043,0.17907099743791746,0.2834629043066533
ENSG00000151575,0.3356767170302599,0.2349725988488886
ENSG00000103966,0.15288742323029922,0.15262705435376162
ENSG00000159337,0.2363806023877033,0.483532245748141
ENSG00000188089,0.43054088273175783,0.8684602395775585
ENSG00000103642,0.16175938949561647,0.1933030772753746
ENSG00000185088,0.41182078126060784,0.46951687082619264
ENSG00000183496,0.47687712749640954,0.21718964122433188
ENSG00000182774,0.023199430571055658,0.0818139856466476
ENSG00000140598,0.8937973267773642,0.8937476236387173
ENSG00000140534,0.9381969504386765,0.7304665421628369
ENSG00000166813,0.1512265423571378,0.3411270025371966
ENSG00000140525,0.9214932279477359,0.8244861796234281
ENSG00000104140,0.24460618169402235,0.2070957445056166
ENSG00000104142,0.49633778052306887,0.8017536495023252
ENSG00000128917,0.313496309676669,0.13546544595808357
ENSG00000128965,0.5092590059527239,0.34056299040125704
ENSG00000128908,0.9495499168946796,0.7512719577045448
ENSG00000117906,0.5776657427329253,0.8494902752917575
ENSG00000140391,0.26827940470194345,0.5708794897787821
ENSG00000140368,0.06352092114159488,0.08379100872682102
ENSG00000260916,0.9470692501670933,0.5840562160172771
ENSG00000069974,0.8296204357701398,0.8483405428313895
ENSG00000171262,0.14814073379831272,0.21790507022776273
ENSG00000172575,0.15568195923122763,0.3072103234199013
ENSG00000138600,0.29413931633600987,0.3656214572262979
ENSG00000140297,0.8828321876400821,0.5982050874234293
ENSG00000140307,0.0017421975801186623,0.005491897324955922
ENSG00000128891,0.0031246507797788757,0.014295051880834388
ENSG00000166133,0.8185327599883961,0.7072013876653789
ENSG00000137812,0.9877317386914989,0.9348852484366721
ENSG00000067225,0.011279869884984339,0.004153949348928436
ENSG00000182950,0.910835655455749,0.9794798177679268
ENSG00000140367,0.879682963885806,0.5340872927846991
ENSG00000167196,0.07618296668349861,0.1080505469283728
ENSG00000140374,0.05782010599793956,0.10258792943110552
ENSG00000175265,0.40594796147844536,0.21041568799957555
ENSG00000182117,0.010971424728195915,0.041917718743615065
ENSG00000035664,0.05209133947550122,0.018056469263342794
ENSG00000273173,0.727298599916997,0.9422342555590484
ENSG00000137843,0.3438097904459195,0.29766472972690294
ENSG00000198535,0.625312486113311,0.5034274922467278
ENSG00000140451,0.16964540721073398,0.12179654501812122
ENSG00000241839,0.7419931066087424,0.46231455495901974
ENSG00000166839,0.6514163084945602,0.963555122914879
ENSG00000182175,0.017447486493841903,0.008423475499922747
ENSG00000140299,0.17149347519692906,0.23018197467509902
ENSG00000184508,0.22591238556439822,0.3847434177068588
ENSG00000140553,0.10500364540268958,0.1314603426517432
ENSG00000166965,0.4619690798211039,0.545262912619761
ENSG00000198901,0.18179340303479208,0.2742279840727364
ENSG00000184056,0.003960729764944864,0.001989512725623868
ENSG00000176371,0.5967579381660875,0.29832579830979994
ENSG00000177082,0.9762507897454886,0.5486412773481038
ENSG00000197696,0.6525049973265561,0.5097318080845314
ENSG00000170113,0.962156396622226,0.5239969701796856
ENSG00000140157,0.22989430012012219,0.39234987911901087
ENSG00000275835,0.8129411767090811,0.9720486631530741
ENSG00000273749,0.19882508287678266,0.28869870803272923
ENSG00000185442,0.4658900655474205,0.13211089023502257
ENSG00000258484,0.011057910630106296,0.021501013747143846
ENSG00000128849,0.008288188552049776,0.004115850512378185
ENSG00000263155,0.5338071671126844,0.8496817340165568
ENSG00000255529,0.12369220314807806,0.16546633275583023
ENSG00000137878,0.3090007789637974,0.6113446514257417
ENSG00000183578,0.09302002112934182,0.16285821713292165
ENSG00000092531,0.31181841234468705,0.35990627850049783
ENSG00000180979,0.2549270574163677,0.4910453084744373
ENSG00000137814,0.11923865578607598,0.16720899318291826
ENSG00000140326,0.6309346909405649,0.772164964351211
ENSG00000128881,0.7499384394120581,0.7879708274727086
ENSG00000174197,0.17557624133014574,0.06841891670653288
ENSG00000167173,0.6955280562762589,0.5739412067489011
ENSG00000140365,0.8832311624473769,0.9666910149518101
ENSG00000140398,0.9842216535403581,0.46114533238772115
ENSG00000140400,0.7607948054284778,0.5162760173889269
ENSG00000169410,0.3500852045395083,0.566700974421825
ENSG00000169375,0.7011355399907484,0.827548908258455
ENSG00000168907,0.3143727671224887,0.2329353141383217
ENSG00000166887,0.6298070553286385,0.80605867163665
ENSG00000103978,0.0696470493860755,0.09685055835040393
ENSG00000140350,0.036777714320910114,0.09676510709286297
ENSG00000138604,0.7137277362783037,0.7572304694098722
ENSG00000140416,0.1906334037595823,0.21776929277903226
ENSG00000167178,0.8950680838369213,0.4173867440152138
ENSG00000129009,0.26239563943533933,0.08534370954888965
ENSG00000137868,0.35642344827520767,0.17756224348324723
ENSG00000138623,0.8076879136211659,0.4863680003227716
ENSG00000138629,0.6016859497795929,0.5442489726378247
ENSG00000068305,0.6033845362612995,0.7086624983710402
ENSG00000182253,0.6690867525946838,0.8658296275292696
ENSG00000103852,0.9664035022496388,0.7897156488483829
ENSG00000134138,0.7127895459911696,0.5889738010954761
ENSG00000140612,9.755668615144828e-05,0.0004124468633852717
ENSG00000140403,0.8624093705136562,0.8363927187592826
ENSG00000140395,0.6311175351714954,0.7758063676048317
ENSG00000173575,0.48736261914543855,0.8569287154025561
ENSG00000140519,0.3310573180973899,0.4423540110142059
ENSG00000140521,0.4997232480248047,0.725617448962384
ENSG00000261652,0.5556400102741199,0.5984526084364522
ENSG00000172349,0.0009119524653610979,0.0010426510592577735
ENSG00000129003,0.8491333276321611,0.998340738424615
ENSG00000166710,0.6441657725292962,0.44056208718307954
ENSG00000140265,0.8606542440637693,0.6267798552974211
ENSG00000137822,0.8287969085844186,0.5800083088417601
ENSG00000067369,0.8297018526730726,0.712288314935551
ENSG00000166963,0.32292816784810613,0.7113490769942707
ENSG00000168781,0.5442684659266068,0.3756167136588824
ENSG00000047621,0.7750775449593379,0.643463100892758
ENSG00000059804,0.008579080688276298,0.05645295127402315
ENSG00000197614,0.2865450742654971,0.37990687587103755
ENSG00000166523,0.22411759852706195,0.15429992838504844
ENSG00000166532,0.08500896789660195,0.01671780012182203
ENSG00000139083,0.14764435580935734,0.07480051588604879
ENSG00000150048,0.0927925230981065,0.07305272994742924
ENSG00000070018,0.6162977589246585,0.20401842927864336
ENSG00000139112,0.094637349286884,0.5629888324024763
ENSG00000134539,0.04886182870172984,0.030737087125865897
ENSG00000111196,0.2821671026174649,0.330496513777249
ENSG00000173391,0.00344899522760113,0.025454022467273633
ENSG00000060138,0.08862084142698268,0.24382306584635993
ENSG00000151490,0.13438354709321365,0.2668092176958997
ENSG00000172243,0.16566529177926265,0.1979410349845514
ENSG00000111261,0.3095552844846197,0.07525355587098473
ENSG00000166535,0.09435527081937328,0.12024268141588952
ENSG00000060140,0.7909640157796517,0.837920929508645
ENSG00000060982,0.19492033746295648,0.4956814481373618
ENSG00000213809,0.0009633186656231556,0.0013802447260874513
ENSG00000211455,0.9253956069693788,0.6827402223876626
ENSG00000165714,0.8192000924732934,0.7238397485675672
ENSG00000008394,0.9792845344247358,0.7527562683148894
ENSG00000151491,0.49008803934606837,0.9435387967149218
ENSG00000139174,0.8630017088220853,0.8803740642461415
ENSG00000111224,0.21488590080064146,0.22648611291818946
ENSG00000130038,0.1083939663095449,0.16488609856473882
ENSG00000023697,0.4780072636611349,0.6544997164164053
ENSG00000179715,0.3447700634990598,0.39295046643081744
ENSG00000139044,0.9923224543109407,0.6424535590733721
ENSG00000139209,0.6342091598170146,0.7246374733952674
ENSG00000139160,0.6311241379541359,0.8902271713074945
ENSG00000151743,0.25525342869184825,0.7876796194349098
ENSG00000023734,0.06598342449078311,0.13756971680779617
ENSG00000111405,0.013396370093530195,0.09898323268900441
ENSG00000064102,0.1064366840455901,0.2874349766098936
ENSG00000167778,0.356747753906159,0.25630691978576
ENSG00000135447,0.5217933580115901,0.6397869784762814
ENSG00000139173,0.8492735595066223,0.8724530733382422
ENSG00000151229,0.8649827160902681,0.9008502033922414
ENSG00000111371,0.9839346982285964,0.9385643723349913
ENSG00000175548,0.5228365454354585,0.722482048521593
ENSG00000178449,0.4191769932484256,0.9722972569687078
ENSG00000129315,0.3443651426301245,0.6760820340536009
ENSG00000134294,0.14593547165296536,0.07697649447958413
ENSG00000185652,0.031113972518169632,0.008193459784228248
ENSG00000133704,0.5008963787390043,0.8827026979433994
ENSG00000167566,0.5154058345431138,0.6168079087183413
ENSG00000182199,0.19477029012665178,0.5524675501989285
ENSG00000135423,0.5443856678905994,0.15698885798614484
ENSG00000005175,0.40449162882120804,0.684501372397665
ENSG00000185069,0.8383820947847195,0.7983543937633513
ENSG00000139117,0.08883106443434818,0.16313373271062212
ENSG00000161798,0.0010767579737075178,0.001356121978180603
ENSG00000152556,0.06186222610397321,0.14424268398724358
ENSG00000170545,0.4843341908303386,0.46283287442178067
ENSG00000174718,0.9067761241503356,0.5834445070595436
ENSG00000152944,0.32861059320057945,0.6380562196690738
ENSG00000139624,0.2056833617282035,0.504993038407191
ENSG00000173451,0.42324429766153304,0.31440576932588804
ENSG00000118596,0.46102908401875253,0.7220413803744008
ENSG00000076067,0.1804152438254545,0.1882076821771302
ENSG00000066117,0.6444677668345544,0.6774017072207015
ENSG00000175215,0.5476299079932363,0.33589915096179407
ENSG00000058272,0.820238999130698,0.9311120407269996
ENSG00000139626,0.0004846310146340761,0.0002677432191278111
ENSG00000139291,0.5362378394988747,0.5537076622219246
ENSG00000161638,0.0026102479775529093,0.005094540151635493
ENSG00000161800,0.2619044305791598,0.2890524485810596
ENSG00000167779,0.7469500290206471,0.991241562773909
ENSG00000172867,0.6573554835586193,0.969221189993755
ENSG00000177425,0.2143623502030267,0.3274715787783336
ENSG00000111110,0.6970132858340601,0.3690227462260758
ENSG00000139644,0.0012625434598784648,0.0018314793284170954
ENSG00000110934,0.022160792224926194,0.015412618121607316
ENSG00000127325,0.10298720169515693,0.1629690642785584
ENSG00000139629,0.7228786240925185,0.8430863724012088
ENSG00000133639,0.37745828555445515,0.2842502198687351
ENSG00000111605,0.43409645947572517,0.584713629633161
ENSG00000172819,0.22901688862268751,0.34291343934510427
ENSG00000090382,0.017670376730988105,0.008681636341616693
ENSG00000067798,0.47319603260154897,0.5401806572182712
ENSG00000180318,0.5210489929473052,0.7598668033939378
ENSG00000167768,0.9815052919914201,0.5940457789390687
ENSG00000171310,0.24948635487906276,0.18603082398971035
ENSG00000066084,0.5050092335671066,0.6315355872706505
ENSG00000135655,0.7475668913816264,0.6166030085881937
ENSG00000186666,0.5107931061476186,0.5920264676849727
ENSG00000133773,0.02519059148347139,0.06223681028190261
ENSG00000111530,0.4429535691133861,0.6695750711383455
ENSG00000136010,0.4949958780323064,0.33540262197570014
ENSG00000079337,0.21430188563990593,0.44526900687147397
ENSG00000111581,0.25906624617560825,0.24759606440906679
ENSG00000139318,0.08179852481256282,0.034474649161271374
ENSG00000127720,0.2238875136456646,0.23551136609391649
ENSG00000111145,0.5059749664172203,0.48673420555733526
ENSG00000180263,0.6373803979224708,0.6035149031605044
ENSG00000196091,0.19616074212924034,0.3006756706690758
ENSG00000059758,0.7294224355489481,0.7400428363806624
ENSG00000111647,0.7992668312809602,0.8516192865086479
ENSG00000174600,0.0689396429560514,0.04752300279003866
ENSG00000120860,0.357417131798322,0.3509961672034958
ENSG00000253719,0.19266885161314914,0.29556443308586494
ENSG00000111670,0.5796061302763483,0.43612737206710794
ENSG00000084110,0.4549731206300195,0.6183712179402886
ENSG00000111275,0.03310650364024969,0.0686542403179325
ENSG00000139354,0.9935209289079632,0.7306860899628236
ENSG00000064115,0.5645362088898468,0.27661025677733764
ENSG00000166226,0.23971310063347973,0.15012088492635514
ENSG00000179104,0.4553768256650398,0.16108249010836867
ENSG00000136044,0.12163898687066653,0.08366104093974769
ENSG00000057704,0.4393697813724948,0.2413065785012847
ENSG00000258102,0.0022265408623729876,0.0069631411109719364
ENSG00000151233,0.3115731577396052,0.33074509253077466
ENSG00000012822,0.6702867567287001,0.6882378110308943
ENSG00000080371,0.3522819631103632,0.583545459454925
ENSG00000182379,0.9998775660170238,0.5652646732415779
ENSG00000111252,0.5638245521592582,0.5611835786159547
ENSG00000139651,0.05676095541473029,0.0330179239882094
ENSG00000151135,0.4054075215211097,0.5278293244945302
ENSG00000091039,0.9892102741771108,0.9008833498456144
ENSG00000177889,0.10787250041259312,0.11948819509227585
ENSG00000135426,0.00880665398839193,0.01659063271372145
ENSG00000139133,0.8310228532639137,0.7904317746577305
ENSG00000049130,0.533249640091863,0.4728598760086644
ENSG00000139218,0.8590759206123091,0.9452697800575802
ENSG00000136040,0.21614960733958175,0.12030607805641975
ENSG00000111046,0.03183447390387778,0.03953662148409274
ENSG00000120832,0.38975645251394464,0.2268440601331508
ENSG00000111142,0.1510507680146296,0.21593344511604318
ENSG00000170627,0.7917060476127734,0.8604199006611832
ENSG00000061987,0.27778791711040135,0.21513183309971948
ENSG00000013503,0.8538215458038498,0.7815353804335601
ENSG00000183283,0.26879144238498043,0.38072587080259157
ENSG00000175183,0.01525139625463277,0.08233318718885672
ENSG00000174989,0.5428796021304445,0.3821597766789373
ENSG00000120833,0.17911872991557992,0.2752622743529551
ENSG00000136026,0.6233189746127965,0.3623909300942696
ENSG00000102189,0.6371907629754793,0.6169509420985223
ENSG00000111785,0.6695915964850566,0.8295268106874568
ENSG00000008405,0.7107540269573955,0.9040588193251224
ENSG00000165891,0.8018776422618961,0.6435152695561919
ENSG00000188026,0.27890979843190905,0.49553008634585094
ENSG00000139324,0.59147544136551,0.6891122045095042
ENSG00000111727,0.7376527643576445,0.6747994971152822
ENSG00000188596,0.557080674266832,0.242700686506127
ENSG00000139726,0.10333721768784204,0.08535562372770764
ENSG00000075188,0.0089544793586597,0.008244400824073931
ENSG00000089053,0.620421756419633,0.6727992698222625
ENSG00000111144,0.07557054618457544,0.14389133944006535
ENSG00000074527,0.7515500420928515,0.799666335940431
ENSG00000110801,0.8467711764941485,0.7003999059674297
ENSG00000211584,0.9147867164674629,0.9748361306042991
ENSG00000127314,0.272308320869691,0.2852668626925584
ENSG00000088992,0.04527075472715663,0.07416130323177565
ENSG00000122965,0.6010218668300098,0.6504156988584326
ENSG00000111726,0.7272414291969431,0.9769498732625905
ENSG00000110931,0.4625120064484648,0.29495051997315075
ENSG00000175727,0.49523062580782184,0.459539071291185
ENSG00000139344,0.3963439081734422,0.22545227695553588
ENSG00000151131,0.08580163140941896,0.18725436412230884
ENSG00000111707,0.6579894113542724,0.9954330875406453
ENSG00000179941,0.23835490161257264,0.3867240448407214
ENSG00000169372,0.7495658099461844,0.9712672061675232
ENSG00000173598,0.15010448794010975,0.36482410673445953
ENSG00000166046,0.33629538917655044,0.2096074318742476
ENSG00000136048,0.8701080399735837,0.9263150152664452
ENSG00000127324,0.03082074953493081,0.017560525786605313
ENSG00000123384,0.941238304339138,0.7212819344806657
ENSG00000158023,0.201377871304135,0.1359897893839979
ENSG00000123338,0.059488118091332295,0.0610900525276621
ENSG00000120800,0.5665108690221716,0.7234665139018174
ENSG00000139292,0.015574839541909937,0.00395648230624018
ENSG00000136021,0.38886813421426125,0.6009585307352237
ENSG00000184209,0.9956982383506728,0.8023535107611349
ENSG00000256223,0.07101224764639481,0.04917535693765506
ENSG00000084112,0.8713051556661311,0.7089395208323424
ENSG00000089022,0.6975522429831131,0.8542543586648488
ENSG00000120805,0.11280881046758859,0.24831723128083935
ENSG00000111445,0.6906862204797029,0.8342027558041134
ENSG00000123104,0.7061424060152354,0.9678175428642704
ENSG00000189046,0.24274529178998014,0.12403633071851987
ENSG00000135090,0.8044567364886183,0.6188629114537845
ENSG00000089220,0.7658841262602795,0.49379252108531124
ENSG00000135093,0.9604011380757388,0.958052330922818
ENSG00000135678,0.8280294363651669,0.8102850777944811
ENSG00000151136,0.08211781851020261,0.047673585205551296
ENSG00000139370,0.029095074422302587,0.031421254483814894
ENSG00000111245,0.022408129068157243,0.01981913644031772
ENSG00000089041,0.29487454262705165,0.4847680864466021
ENSG00000198270,0.7215471998889313,0.8779111427172074
ENSG00000176422,0.7560945565134612,0.9544276042406944
ENSG00000185482,0.1353308986478401,0.14163398978347258
ENSG00000089234,0.7721751644815957,0.9763166561768294
ENSG00000111666,0.4734077902796273,0.18934476188358534
ENSG00000135111,0.14997072397453448,0.24158004966300545
ENSG00000176834,0.8561879775726311,0.5526731877092181
ENSG00000111696,0.5308170804164595,0.20271493186227166
ENSG00000111790,0.2814295591969214,0.67021363084726
ENSG00000127337,0.7288495095850478,0.6967060046685134
ENSG00000006831,0.12910266778892007,0.4194740642534157
ENSG00000151065,0.9860738954798787,0.7662346864977243
ENSG00000111752,0.46496638889643127,0.1662949213083058
ENSG00000003056,0.3904427873213948,0.9510347242988316
ENSG00000111087,0.6341055043992783,0.9641434423419926
ENSG00000123329,0.004041060939770397,0.0033555664474363717
ENSG00000166986,0.19582854719806328,0.454621761469432
ENSG00000166987,0.6854312770989699,0.9343120760527527
ENSG00000166908,0.37400265635974983,0.4019467704210703
ENSG00000178498,0.6930455298324606,0.748225431534838
ENSG00000240771,0.7948032264952938,0.6459274169407057
ENSG00000135454,0.05085775989744001,0.11556634419832001
ENSG00000135452,0.005471237214137753,0.02021034047032506
ENSG00000135446,0.5111967278547547,0.9166262636082969
ENSG00000139266,0.3939880179328885,0.08664428493045591
ENSG00000037897,0.30294594022558763,0.510281915695493
ENSG00000123427,0.9087058150055721,0.48481240228929223
ENSG00000123297,0.1873142674742773,0.3638792261650673
ENSG00000133641,0.9862886400124549,0.7801797631792837
ENSG00000176383,0.277612255066137,0.2653534288456936
ENSG00000139719,0.743906257400599,0.7186177648933494
ENSG00000166130,0.15469491895340168,0.17857145382553108
ENSG00000120802,0.9665830349965968,0.7897544873474047
ENSG00000139194,0.010870090830743967,0.005534137705123559
ENSG00000139182,0.17359989876992166,0.0488770153379711
ENSG00000175899,0.3897280094448552,0.2987020216897289
ENSG00000110987,0.7612168235361263,0.7482190203937256
ENSG00000174099,0.42506722812614317,0.8000785138761746
ENSG00000110881,0.04190783906714403,0.10687801918537645
ENSG00000235162,0.3983408941543415,0.4934983883548284
ENSG00000090612,0.4484075330180358,0.5249893677175661
ENSG00000127334,0.8252250797058723,0.5675953191713392
ENSG00000136051,0.879074435754915,0.7893985681620564
ENSG00000139620,0.6003894913631689,0.7012043699159918
ENSG00000111700,0.01623283493811796,0.03613010739135229
ENSG00000111271,0.6503553814643264,0.545799717816809
ENSG00000133858,0.8399811085072683,0.6327710068965502
ENSG00000139350,0.5645517601095135,0.5642597928723545
ENSG00000111077,0.20000891381905214,0.09275422156951328
ENSG00000002016,0.3905786633270172,0.12371601362564504
ENSG00000111684,0.3957949812464947,0.6724417340991595
ENSG00000159403,0.635641039936433,0.6146565228017974
ENSG00000139197,0.6087058686362332,0.8112327842709177
ENSG00000139438,0.13514140657697318,0.029932943246924675
ENSG00000111199,0.07606524016976418,0.025498289202279152
ENSG00000139433,0.5140696971746622,0.4192799810987179
ENSG00000083782,0.7190683569735414,0.5825124786384547
ENSG00000139329,0.36179575648139994,0.20923844103683983
ENSG00000011465,0.7618708610687958,0.5377944621492309
ENSG00000111775,0.5797315194598452,0.8308565881334113
ENSG00000170855,0.3878233572608263,0.6001321688869882
ENSG00000257218,0.308021058395902,0.5451976906966314
ENSG00000088986,0.8411813339314278,0.2822550970968486
ENSG00000110871,0.6813704992065266,0.942213895014403
ENSG00000167272,0.6461960955474718,0.697337504976667
ENSG00000134285,0.4984110046402208,0.3633270487211896
ENSG00000169884,0.7059936152835471,0.4040689817395462
ENSG00000181418,0.07308137357842087,0.09523656679065011
ENSG00000167550,0.8470509698273032,0.9809013783723336
ENSG00000123416,0.06508322916572636,0.05016107556464777
ENSG00000134287,0.0870491309026998,0.09740818675513466
ENSG00000111652,0.0938430318771495,0.21808629295031953
ENSG00000089692,0.07151351468184666,0.09137737226579982
ENSG00000010610,0.11775184004534245,0.07120300469023325
ENSG00000250510,0.8893685001030087,0.41514344008107595
ENSG00000110811,0.8643288893273088,0.4633095510243659
ENSG00000010626,0.1644985587924778,0.4319648359122469
ENSG00000111674,0.1081588474239238,0.4810974435312865
ENSG00000111676,0.9962798300963069,0.4658748816688324
ENSG00000111678,0.69615976091891,0.26691373400076457
ENSG00000111679,0.4923101972699985,0.242593124055073
ENSG00000111669,0.014844884233359805,0.06523188451240722
ENSG00000204842,0.15223107189954296,0.3030188238601533
ENSG00000139163,0.24884404165973542,0.07648337360734205
ENSG00000187109,0.42088327311144735,0.71189846074623
ENSG00000078237,0.4190371090065642,0.8071065464166818
ENSG00000118971,0.434128337555753,0.5724436824572705
ENSG00000135414,0.3733332646533024,0.7156099113906695
ENSG00000205323,0.6373251568136871,0.7393914717820398
ENSG00000257390,0.43015369613848375,0.4830965156626502
ENSG00000123353,0.00792332580860874,0.00221899139320742
ENSG00000123342,0.025070620327117495,0.009649757908840836
ENSG00000065357,0.2918771815522189,0.21197621719520143
ENSG00000184574,0.9382506479492332,0.8148912530376264
ENSG00000111653,0.0939039335610117,0.01787298236949116
ENSG00000159335,0.5641523580047636,0.7600725914067652
ENSG00000170426,0.14024067175938723,0.2604961872009661
ENSG00000166860,0.18071413844600007,0.08080759194217504
ENSG00000166881,0.5488233162725944,0.8929882273694094
ENSG00000166886,0.5776916414208937,0.6556448473041214
ENSG00000166888,0.864862946841816,0.7391369630848288
ENSG00000061273,0.7335636644990269,0.8120045960845346
ENSG00000111424,0.999219650299822,0.6801019372226624
ENSG00000134291,0.3752932927967745,0.48678159831517487
ENSG00000079387,0.3904678033528397,0.24175347398988734
ENSG00000086598,0.010414541511523179,0.0154721781401109
ENSG00000111364,0.36424717430578046,0.41636097948826645
ENSG00000111361,0.6589524091110093,0.7137058723257881
ENSG00000111358,0.20738909072993295,0.2822547080718744
ENSG00000185344,0.179073620798975,0.07167395683281405
ENSG00000152137,0.688802184336728,0.879182344139877
ENSG00000110841,0.24528608664676452,0.413141403830356
ENSG00000174236,0.2714345850148914,0.3897239590213717
ENSG00000061794,0.40790463649638675,0.9534767978846115
ENSG00000087448,0.36529657032921237,0.07719443011224913
ENSG00000087494,0.44528215439744845,0.3447561229473428
ENSG00000198707,0.5515002002719505,0.8627316300603534
ENSG00000110799,0.0704407894535905,0.05711002266539899
ENSG00000198855,0.06328282771579337,0.07271300096970625
ENSG00000075856,0.7920491394205377,0.8654115121686766
ENSG00000136003,0.7030267655921618,0.49845791292124353
ENSG00000183160,0.2768336017456294,0.0471501098089461
ENSG00000134531,0.696984558460984,0.5438780424176184
ENSG00000063046,0.23346950744011924,0.3593591110368911
ENSG00000139116,0.6681725533731955,0.8581069143597515
ENSG00000184613,0.7236076835003011,0.4841775139482447
ENSG00000111716,0.19107804627866615,0.45428283852496965
ENSG00000127328,0.4456344163651078,0.5577402641235003
ENSG00000139263,0.2877110314012529,0.2880227998434007
ENSG00000161642,0.03269917956398741,0.05824940644920152
ENSG00000177675,0.8461875396584116,0.5776038678588291
ENSG00000186815,0.4677046912923334,0.433478173751766
ENSG00000110876,0.00405658080788961,0.002852870134231544
ENSG00000123096,0.9495131013758071,0.8427093490435191
ENSG00000110880,0.1389903446723388,0.2650765182574556
ENSG00000176871,0.6124198585611063,0.8275013224362613
ENSG00000123066,0.549650525246473,0.572093940321226
ENSG00000134545,0.25897111815460877,0.3983673931941013
ENSG00000205707,0.7917220765085107,0.5161005436550314
ENSG00000110906,0.7988973247317034,0.6712814499713206
ENSG00000151148,0.8848629686594467,0.8785832006416883
ENSG00000139428,0.7346111234414423,0.6593949947954245
ENSG00000033030,0.9217304653610082,0.8407337186195543
ENSG00000111011,0.1641260484301338,0.28910614674415946
ENSG00000184445,0.2752802076190346,0.1389364301544542
ENSG00000182782,0.9276046666309327,0.8197010492770958
ENSG00000255398,0.47733679418467,0.41065969059320073
ENSG00000130787,0.06697458102621195,0.10173689319879428
ENSG00000139722,0.9484811027153621,0.6835634451378566
ENSG00000139567,0.17091725485640916,0.13104074251247544
ENSG00000135503,0.5619120841430703,0.8964032692612227
ENSG00000161835,0.02099083088345818,0.013253763456529278
ENSG00000123358,0.5412580465624688,0.8666562425697847
ENSG00000258311,0.4431476416241835,0.2070577401245748
ENSG00000135437,0.4388782521341027,0.5319694339829322
ENSG00000135404,0.09454400469536031,0.22837452940062652
ENSG00000111412,0.8166338280982843,0.39975900843402834
ENSG00000111319,0.433608233306362,0.20022122212876753
ENSG00000111321,0.013481249322924957,0.06100466601815577
ENSG00000139192,0.9038876712775803,0.8149823053789768
ENSG00000010278,0.267711847054411,0.6589305580922633
ENSG00000110955,0.23259613154088932,0.4264275410911096
ENSG00000110958,0.022921520651074466,0.07104514475683708
ENSG00000285625,0.8405258882012344,0.8218385757528752
ENSG00000025423,0.6939462014477332,0.47105575324289406
ENSG00000196531,0.05580171745324792,0.10716301342669539
ENSG00000182544,0.8429379036328429,0.9829518910069183
ENSG00000135476,0.9343679443247335,0.8903337210489678
ENSG00000123349,0.7781928825406669,0.8383562862319269
ENSG00000139637,0.9316578068559888,0.7586448089850631
ENSG00000094914,0.5880602973295943,0.6768796014102794
ENSG00000185591,0.6300780602413163,0.46964542937683373
ENSG00000205352,0.03621399667470665,0.05711674673695964
ENSG00000094916,0.20810866076066353,0.17600754252140627
ENSG00000123405,0.5110722496963355,0.9442558612238201
ENSG00000111481,0.0029596342542361673,0.010223184087442853
ENSG00000139572,0.8553376745171947,0.8256162365469468
ENSG00000111639,0.5673253910614002,0.8764979168394514
ENSG00000010292,0.5880485221596516,0.893192066967112
ENSG00000111640,0.0036913784079815833,0.02741039003014218
ENSG00000111641,0.8148413907243478,0.7990513024523613
ENSG00000111642,0.8851731134387156,0.4139894538903961
ENSG00000015153,0.527274551174258,0.5555176072207817
ENSG00000134283,0.021745872443693505,0.025125085472231207
ENSG00000139168,0.002604429628342532,0.0028551458586732327
ENSG00000010295,0.14515941933673113,0.09658445092254117
ENSG00000111725,0.9647648435204617,0.7118120089917055
ENSG00000122966,0.9887299949466688,0.6562545220198863
ENSG00000089693,0.1289234965287838,0.30719607091706325
ENSG00000215021,0.3709409136000761,0.7090132828183558
ENSG00000120837,0.9754674704310099,0.6434210133294802
ENSG00000255150,0.727834875800158,0.46244305488699355
ENSG00000149948,0.13382154439201152,0.09789033129310297
ENSG00000111596,0.43965065009340465,0.6898000242392064
ENSG00000139190,0.005646870242617285,0.0005717757605430227
ENSG00000135486,0.5803892111210306,0.927295329185773
ENSG00000174206,0.9868546951321054,0.793335007634783
ENSG00000185306,0.0007791078089416216,0.00038293185229088076
ENSG00000184575,0.9796208295996933,0.9220778562202523
ENSG00000175203,0.19811756539430286,0.22114663830872006
ENSG00000184047,0.026851455731674977,0.06613748859321632
ENSG00000111667,0.2624638965271392,0.4147969253998379
ENSG00000127329,0.4324338802358182,0.2570330401764368
ENSG00000139193,6.397243141322745e-05,5.558135984137716e-05
ENSG00000166225,0.4823283253089077,0.514815487811521
ENSG00000076108,0.6211234013562577,0.851951547568106
ENSG00000139211,0.02606884410616671,0.01660837810761191
ENSG00000198015,0.1150047125435281,0.2323736960354698
ENSG00000185480,0.6650767126415698,0.6139108132231802
ENSG00000111665,0.14043802580849535,0.18175406336751282
ENSG00000111671,0.24127203942770903,0.09995305453588779
ENSG00000177575,0.8121649999502715,0.7086663302180622
ENSG00000183735,0.5789655694557687,0.4648319570481232
ENSG00000153179,0.47213545938437296,0.5326085267274636
ENSG00000135677,0.7924201957681198,0.8283084626930287
ENSG00000156076,0.26033099208445204,0.4618030332717399
ENSG00000174106,0.7993142026646698,0.846475400119874
ENSG00000073060,0.12560420045621812,0.32963300499002496
ENSG00000050426,0.01823670912336064,0.051060123736800585
ENSG00000110925,0.6353210433603442,0.94827466808081
ENSG00000061936,0.3264779883228254,0.27393122465865183
ENSG00000177169,0.3763829980938954,0.34790835855418945
ENSG00000177192,0.6535337243467587,0.8932248990213787
ENSG00000198598,0.31004884309983294,0.4510177337540061
ENSG00000176894,0.43277391569086054,0.525634928400051
ENSG00000112787,0.12543860672423587,0.035634285979187434
ENSG00000166598,0.04898390033424364,0.05793851033062422
ENSG00000204954,0.886458011172335,0.6498896976671701
ENSG00000139372,0.3051970820790511,0.35187522492010714
ENSG00000072041,0.7139498887987555,0.5336912211949311
ENSG00000089127,0.6139925923403069,0.48305584193305606
ENSG00000111331,0.9096527382973726,0.8248677833119118
ENSG00000111335,0.645960149176231,0.41751309713467455
ENSG00000157895,0.34788984004191126,0.2590023101053286
ENSG00000177119,0.07946980542259477,0.07561120813556366
ENSG00000168778,0.6079404784837192,0.30317997457305124
ENSG00000111229,0.0454140133110191,0.02601538010195902
ENSG00000111231,0.045420328314659766,0.13948443440572225
ENSG00000204856,0.06149241837955957,0.1447128976572248
ENSG00000111237,0.10485319047828055,0.12576940283226687
ENSG00000196850,0.2500811085417963,0.5477881855071838
ENSG00000122986,0.07963441925073114,0.07039881244411346
ENSG00000186298,0.20915694678025637,0.3934500190392761
ENSG00000204852,0.390352744104311,0.6425651360158924
ENSG00000167552,0.56841515457035,0.7328558400646279
ENSG00000135451,0.3088259434337993,0.6272984907930305
ENSG00000151176,0.14453522857595166,0.18538683404220319
ENSG00000135094,0.08692665802647766,0.4802843270898274
ENSG00000139410,0.2008907946195431,0.26022365185928203
ENSG00000089116,0.16845291886059774,0.26744213723236865
ENSG00000089060,0.7386748253500919,0.7038766632523296
ENSG00000111540,0.32053131838684423,0.25469327336943276
ENSG00000139531,0.4862084391630931,0.41348252686826437
ENSG00000123411,0.14945383342342597,0.09512442062630456
ENSG00000197728,0.3200113089837663,0.3705810801736701
ENSG00000170515,0.03149336540982993,0.03158926439620951
ENSG00000229117,0.37459080518616084,0.8697754409989871
ENSG00000139641,0.3183913702923207,0.23242723728962306
ENSG00000135482,0.36946147411255104,0.16322785487007127
ENSG00000092841,0.509148924995829,0.41644969508364305
ENSG00000139613,0.5083936891639727,0.34164243920352766
ENSG00000181852,0.13591953365624518,0.29828782155489497
ENSG00000139579,0.5541803300236614,0.636906799523246
ENSG00000139645,0.769410392537013,0.735397391423206
ENSG00000135469,0.7107057179547177,0.7417664635320891
ENSG00000062485,0.12688485018053802,0.1527929229687411
ENSG00000144785,0.014960780107882272,0.013627037207244268
ENSG00000257727,0.18375981435833297,0.260614290215726
ENSG00000110944,0.0363345442190166,0.07292586356729247
ENSG00000121350,0.1918694151374202,0.13279993524625636
ENSG00000004700,0.950575601286077,0.6740534240537568
ENSG00000111711,0.5024746689969584,0.8488335541971996
ENSG00000139131,0.14999511545334868,0.4251257754642326
ENSG00000167535,0.4411540583838526,0.27521494934113716
ENSG00000172602,0.13616924795492238,0.11562112232558575
ENSG00000174233,0.4708418294978879,0.43967297669290795
ENSG00000051825,0.9358777727483709,0.7897695571832605
ENSG00000111328,0.9272186741501306,0.9837412278964808
ENSG00000139697,0.917932819545908,0.5870912946068714
ENSG00000130921,0.7965656763005133,0.5935660360560221
ENSG00000150990,0.3445902851995549,0.4678040196325267
ENSG00000184992,0.4893787135824734,0.4049742860460842
ENSG00000081760,0.9677007465816929,0.8835481610040232
ENSG00000139233,0.16926854546938777,0.16761920641104872
ENSG00000090376,0.08289571987386257,0.02574070787942921
ENSG00000110911,0.762963794969045,0.608026227041576
ENSG00000139547,0.1602072290641444,0.298869044450137
ENSG00000135392,0.6579066925902555,0.7657841614137307
ENSG00000075089,0.033953696628941994,0.09583916031464482
ENSG00000130779,0.8667984430443764,0.7270107851591532
ENSG00000111728,0.0948033994083163,0.03957860061938079
ENSG00000196387,0.5999602150043115,0.25941834041215756
ENSG00000074590,0.7471584524396402,0.9974016183850394
ENSG00000121749,0.7401696301557121,0.5063411955573855
ENSG00000186908,0.6058090189690153,0.47143031311570704
ENSG00000120820,0.9599432332508501,0.7099450534374753
ENSG00000150977,0.26042320645486283,0.11123337820993781
ENSG00000060237,0.8825925270615953,0.6987666177350051
ENSG00000111490,0.8626781044240176,0.31155997809151453
ENSG00000120798,0.6081397608400176,0.48473738191643867
ENSG00000184752,0.02367063643150173,0.0354438638805671
ENSG00000022840,0.07622598910016479,0.1964120452576882
ENSG00000075415,0.3920530251415325,0.41833925657274473
ENSG00000120868,0.5024465178832034,0.5755004940067538
ENSG00000111269,0.9881492892724193,0.6926500608790627
ENSG00000183150,0.4366909027246856,0.22746514791635983
ENSG00000178878,0.15497552557085942,0.06833251131712995
ENSG00000213782,0.0827350499368074,0.26538090411624565
ENSG00000174437,0.087449463978989,0.08418368096704107
ENSG00000170473,0.3270074373805722,0.2553960226696179
ENSG00000185664,0.8421041563236902,0.5496270805580048
ENSG00000123374,0.1349780789753608,0.2295497233914264
ENSG00000139278,0.5231582554999238,0.35425747221052417
ENSG00000111615,0.05484264314190938,0.09689369545886098
ENSG00000065361,0.30665232984406887,0.19218282895794772
ENSG00000177627,0.6233791969068092,0.6526483682302213
ENSG00000111266,0.030956783308383067,0.01892337264964313
ENSG00000013588,0.727199010488273,0.813676344866746
ENSG00000013583,0.33264287013521915,0.5816886305216531
ENSG00000181929,0.09786217316252399,0.10448507328104581
ENSG00000111276,0.2995788421883004,0.09418547912921534
ENSG00000089248,0.5457520767020223,0.9866281590841424
ENSG00000111300,0.3489990805774381,0.5173666694263999
ENSG00000135148,0.3839312849224067,0.6029524256882786
ENSG00000173064,0.15440047585203603,0.052829530726821464
ENSG00000139178,0.48544847148403125,0.29671757856936204
ENSG00000111731,0.10869356600936295,0.04612392121022659
ENSG00000175197,0.4693105425303664,0.9601505348088807
ENSG00000196510,0.9173552444678147,0.9217837940720985
ENSG00000123395,0.20624384108318433,0.5183755598152577
ENSG00000126746,0.48975940695516806,0.20005429308852252
ENSG00000198324,0.05007135837386127,0.07926317608613256
ENSG00000084453,0.29528518503151224,0.9849098825740119
ENSG00000090975,0.624003230878734,0.5937713412684861
ENSG00000165685,0.0024276033389367523,0.005918526109066782
ENSG00000008323,0.19340812340360491,0.061377024220476
ENSG00000136052,0.4509823201104767,0.6722540846450397
ENSG00000136045,0.021203109152784366,0.02371059864204083
ENSG00000110851,0.8367702176728347,0.9794458877566063
ENSG00000197111,0.035273033892660524,0.08746910647356115
ENSG00000139625,0.692075561118898,0.4084059604437774
ENSG00000139546,0.6681516446894757,0.8202102250508639
ENSG00000170653,0.7861802126850004,0.9189962770341136
ENSG00000135390,0.020570085108016327,0.06948796016655237
ENSG00000198774,0.4970065210784629,0.2223927500257856
ENSG00000133636,0.8876498591717025,0.34691167229955067
ENSG00000139132,0.9179008670661559,0.4556502665626768
ENSG00000118308,0.004542189133482529,0.005375940981973202
ENSG00000123064,0.2283140857586643,0.5803728309727658
ENSG00000139405,0.8435721149478431,0.7446721863241474
ENSG00000135457,0.548232274020571,0.7915804978345804
ENSG00000123106,0.10766294091901735,0.3660732373459904
ENSG00000186442,0.641895191418694,0.9833455284269093
ENSG00000170477,0.33436151339319603,0.3496826679114309
ENSG00000185640,0.7136257306888802,0.7283168506151043
ENSG00000170423,0.11735864233528177,0.22788546882840227
ENSG00000111057,0.009955345465143171,0.042862738662393464
ENSG00000170421,0.029822404797649242,0.1451152035119639
ENSG00000069431,0.23863793051350035,0.5401943330599133
ENSG00000139437,0.12312060273135608,0.1427914182407187
ENSG00000076513,0.5763097752308262,0.7147971366616948
ENSG00000122970,0.5540596078807069,0.4015864375963659
ENSG00000246705,0.07076902134674322,0.13281773945171135
ENSG00000084463,0.29037575175284824,0.5688284423536487
ENSG00000111341,0.9017637275614714,0.5918847603635354
ENSG00000139055,0.6971154043624511,0.9474825940487135
ENSG00000111348,0.18880904472372362,0.2634838963402423
ENSG00000171681,0.9200293750466041,0.9560795914879183
ENSG00000121316,0.5007504091514232,0.24021085457190808
ENSG00000110917,0.5172591599166931,0.43151366105818423
ENSG00000175970,0.34688576584846464,0.2632702454140872
ENSG00000122971,0.1294529842850608,0.09990267932359576
ENSG00000157837,0.306260810372468,0.3328719399303311
ENSG00000167548,0.9677508581724852,0.936958137125873
ENSG00000133703,0.8278578108293234,0.4470212525352616
ENSG00000089009,0.10340362408789264,0.12989588444279124
ENSG00000179295,0.5147739312750184,0.6951161682263245
ENSG00000174456,0.8024653654108409,0.6730495000783945
ENSG00000139718,0.23951275478800368,0.18968792271082746
ENSG00000183955,0.9901715142945393,0.7999978511964898
ENSG00000173588,0.6690990191671196,0.5128014006179551
ENSG00000170439,0.0019067110300922602,0.011061609362292783
ENSG00000135108,0.8241655663314837,0.7964183871707123
ENSG00000167553,0.7429015024712142,0.18561891773150066
ENSG00000089250,0.49539102848460026,0.8678818305515145
ENSG00000150991,0.34250300216383633,0.3601912187448021
ENSG00000089094,0.03304093592576939,0.014445805284573923
ENSG00000139436,0.6128581912636308,0.5523971486472254
ENSG00000150967,0.5930434349579261,0.3275707548667925
ENSG00000135124,0.28165519931296323,0.39273786868305105
ENSG00000139631,0.00737784586892943,0.004393363992245727
ENSG00000155957,0.7003098604838708,0.6804285121327325
ENSG00000172551,0.7862795224367563,0.8190403315939538
ENSG00000161813,0.699108598909346,0.8549251639302766
ENSG00000028203,0.6248597281043585,0.8572922145556539
ENSG00000135679,0.9517857914347383,0.6707387552706925
ENSG00000076555,0.12377085288190395,0.03708151001710859
ENSG00000135441,0.8813508990515181,0.9015675410753372
ENSG00000132341,0.00866139342823472,0.008338099503815689
ENSG00000118600,0.819080782871221,0.8915679287126519
ENSG00000188735,0.9783435088495375,0.8265870764615588
ENSG00000139725,0.021686639775695276,0.015441504121661415
ENSG00000135439,0.5333347923864789,0.5494246167430583
ENSG00000135127,0.033320149366002264,0.004865045349519102
ENSG00000111737,0.8002748378730199,0.9927249534238062
ENSG00000089154,0.6473604496915499,0.46425495068048006
ENSG00000089157,0.24068217076107976,0.41906017472830703
ENSG00000089159,0.0489036016407056,0.021832318690372002
ENSG00000111186,0.9085757337666138,0.7843639048385744
ENSG00000171823,0.9357617042074668,0.633807499837668
ENSG00000082805,0.8120626240167401,0.5274273099592355
ENSG00000123095,0.7151244037280924,0.9576620316395844
ENSG00000123094,0.9438377168402551,0.8111463058600378
ENSG00000069493,0.0024109426053620688,0.0024277406885297352
ENSG00000110848,0.04265212895491335,0.09166056764025467
ENSG00000110852,0.5253342482338303,0.43376247990525996
ENSG00000172322,0.8570723742556305,0.759106938227344
ENSG00000072609,0.3051636311997666,0.30032852121629894
ENSG00000196458,0.05537147399422178,0.02762207993721206
ENSG00000198040,0.42958780232005433,0.1826484096174899
ENSG00000170456,0.5486562605084777,0.9022227672580501
ENSG00000090615,0.287208885452861,0.21243320182274464
ENSG00000111344,0.324999861526256,0.46913367277366824
ENSG00000179912,0.6030421590919472,0.8687921181271548
ENSG00000197870,0.32716087444168646,0.15893151560438917
ENSG00000185633,0.5185058317924756,0.29751387565330983
ENSG00000139343,0.2843405114928914,0.5000724445515946
ENSG00000135473,0.5679335988895169,0.48570421348132464
ENSG00000050405,0.05912923878793628,0.014717858560543199
ENSG00000170633,0.7894213322894008,0.9261007563533838
ENSG00000111291,0.6819950837647005,0.20984287526545778
ENSG00000110888,0.6019194316222416,0.5177188108912678
ENSG00000111247,0.7606198573862586,0.9466939348408028
ENSG00000010219,0.05890635789790085,0.2070142929196025
ENSG00000139180,0.8270216674438879,0.43983082131419093
ENSG00000255639,0.055796847000425365,0.1779489900805236
ENSG00000196935,0.44720005783985006,0.7351442253849263
ENSG00000185432,0.2112219707568075,0.1587079575932012
ENSG00000123268,0.2050292736831033,0.3149564315866446
ENSG00000196465,0.9713922212566478,0.6844588707490756
ENSG00000065970,0.990932201672023,0.5355527438373786
ENSG00000171860,0.7377319120445553,0.516932329168971
ENSG00000089818,0.05058591591035286,0.10018614476793013
ENSG00000111729,0.8519777729446981,0.8113851802261633
ENSG00000129317,0.8858548340559217,0.9564502109157043
ENSG00000151239,0.4230976140728405,0.22294814213675554
ENSG00000198001,0.34759696662726713,0.29023827983922673
ENSG00000064763,0.4819039802218429,0.19977769977786883
ENSG00000087502,0.02571311087471384,0.09145011780029762
ENSG00000084444,0.024018646565044693,0.11674034602222269
ENSG00000167767,0.2905593086912617,0.33105971148024527
ENSG00000135480,0.9657346458308856,0.554875606155965
ENSG00000170442,0.5251273336859423,0.7023430283630905
ENSG00000205426,0.10201995603506492,0.05205232631506282
ENSG00000161849,0.5405297286274359,0.6538413609837552
ENSG00000170454,0.9042396906711758,0.5396764366699828
ENSG00000185479,0.6265579684274851,0.8174742416654566
ENSG00000170465,0.6218978837699716,0.6363242707118146
ENSG00000205420,0.5154747069996043,0.21119499005879955
ENSG00000186081,0.4854151689702477,0.7481600036678901
ENSG00000155974,0.28826176100869505,0.4638814424228106
ENSG00000198431,0.033190407622810995,0.1051455049360042
ENSG00000110921,0.8677629785318088,0.6795829513916565
ENSG00000111215,0.038992725867966344,0.0357444094750337
ENSG00000134551,0.3031613173431158,0.1450786822209491
ENSG00000111602,0.8803198622410959,0.9138203715532874
ENSG00000170581,0.598290992491556,0.46006234752432507
ENSG00000067182,0.06801901164607217,0.15482825320891358
ENSG00000029153,0.9353382963895457,0.7289658118705784
ENSG00000119242,0.11748642697585758,0.17087206705488844
ENSG00000179195,0.9670029358826507,0.7882532775069112
ENSG00000196498,0.5515516484430592,0.3556016049451072
ENSG00000187778,0.9516431749744947,0.8063241449182348
ENSG00000110844,0.54872009267336,0.48869180045546845
ENSG00000161791,0.15308915481079027,0.1429563584431469
ENSG00000182196,0.561910630373038,0.6556792189632185
ENSG00000182326,0.5879986181861783,0.6533214510245402
ENSG00000123364,0.08669655005083439,0.033693689789062294
ENSG00000123388,0.27678070264794785,0.19029636084279153
ENSG00000180818,0.8054528843641419,0.9295499942319241
ENSG00000197757,0.16785398614119784,0.29556759036947544
ENSG00000180806,0.8584279080114463,0.9555273216484794
ENSG00000037965,0.05423527961902987,0.14799116431166479
ENSG00000276045,0.021411346728966524,0.004996792880273206
ENSG00000171840,0.1191617837325405,0.05576502793900691
ENSG00000004478,0.17873280837166086,0.5685092203997401
ENSG00000111203,0.978470923866467,0.6106790194943121
ENSG00000111206,0.29955780982789304,0.48499384586675487
ENSG00000171792,0.4765916615175161,0.8720145700386048
ENSG00000078246,0.3673763951735117,0.10883284418147589
ENSG00000197905,0.29717898919156865,0.7509212827355627
ENSG00000011105,0.21172397976370155,0.07126271769627743
ENSG00000165935,0.15148098471004415,0.04539710024248613
ENSG00000076248,0.7563137089993043,0.9554428284591615
ENSG00000111325,0.3621052361272581,0.38011270515186824
ENSG00000135114,0.9151449966569466,0.9761109726629648
ENSG00000177084,0.297580488204913,0.2848688272285998
ENSG00000189079,0.24779432119000297,0.12069454410908832
ENSG00000139636,0.7827560380222932,0.43381075708021344
ENSG00000057294,0.2094586485032749,0.1840547884645373
ENSG00000135506,0.2315034364167295,0.4242300679614207
ENSG00000174243,0.6540610385837664,0.8934311698263273
ENSG00000126749,0.11519126186818289,0.2069429757782053
ENSG00000185163,0.619272646357554,0.4609753883717309
ENSG00000184967,0.47274436563180566,0.57430484588343
ENSG00000183495,0.8737080778561704,0.6359470630943844
ENSG00000087470,0.48427027065727934,0.9199767594460928
ENSG00000111554,0.33852915205168266,0.18692719309515357
ENSG00000178882,0.05741665512695819,0.33169629399627654
ENSG00000198353,0.4859243863035986,0.5818630371605771
ENSG00000123415,0.34955526482219124,0.433781376203516
ENSG00000256537,0.1474478802451874,0.30670472781249825
ENSG00000111012,0.10579456439384058,0.028651065617996435
ENSG00000073614,0.5606926521619413,0.9199661372135647
ENSG00000120647,0.6987893701084986,0.4155872800934397
ENSG00000017427,0.328861869340877,0.6440066103946558
ENSG00000067715,0.001655615548100178,0.027824432583205532
ENSG00000176915,0.6336524426746073,0.6130850410194831
ENSG00000247077,0.3921606222244318,0.4650480089435368
ENSG00000139323,0.7623253086308944,0.484648331943791
ENSG00000257594,0.8458661205677487,0.81935085304472
ENSG00000070961,0.27890635230440614,0.6136241181775699
ENSG00000121361,0.9509260038297408,0.741107516391246
ENSG00000151746,0.32217765081490884,0.8304517829681101
ENSG00000018236,0.999732411200741,0.9684527235986399
ENSG00000110900,0.0009728233854336527,0.002525972530646571
ENSG00000013573,0.10692215819469816,0.028104921299818477
ENSG00000139146,0.27284872634353835,0.8186410594305539
ENSG00000111796,0.0009870216592064627,0.0027319083261629494
ENSG00000123352,0.4724306784023101,0.6599346163880975
ENSG00000111450,0.7260529993882814,0.741634735816828
ENSG00000089163,0.768479172798243,0.7798844121199305
ENSG00000135097,0.6716170426586224,0.5411547574983366
ENSG00000111786,0.018027924058219617,0.054086847276799646
ENSG00000111432,0.317052582746121,0.5218334794280377
ENSG00000198056,0.6501004806423536,0.7380234762101889
ENSG00000139154,0.37265684370627383,0.09976136994052565
ENSG00000052126,0.7942609082962762,0.41750342699744725
ENSG00000134533,0.4441986274318661,0.17589206242272787
ENSG00000139289,0.02108721148522913,0.010595112700581485
ENSG00000177981,0.3427874786413604,0.3128704537592983
ENSG00000167528,0.7084894638473491,0.6016547090093447
ENSG00000135424,0.6329096832888682,0.7164719432750559
ENSG00000133687,0.4562305232162006,0.9299587245809745
ENSG00000160072,0.1378048432241849,0.1719124295100329
ENSG00000157911,0.9298707604118397,0.8304980552087258
ENSG00000142655,0.5785193180544194,0.8798851947253367
ENSG00000149527,0.0622536565125297,0.10444465984156728
ENSG00000171621,0.8714421668206765,0.6489570644267146
ENSG00000142583,0.7351987025269631,0.9418179405365834
ENSG00000116786,0.3150690284814702,0.17954406781952237
ENSG00000173614,0.37436466181299666,0.30373867002070315
ENSG00000171729,0.20554897393551141,0.20236406267996468
ENSG00000037637,0.7886976431147741,0.8973022848339154
ENSG00000159423,0.7698882759607308,0.8397050860276015
ENSG00000011021,0.5080363275238607,0.24450991866040825
ENSG00000157916,0.26206954641101615,0.24108794374538517
ENSG00000157881,0.022844631226510627,0.044474496359382054
ENSG00000048707,0.19278218042692663,0.11251779649222451
ENSG00000162444,0.35542424336690515,0.18087874189582534
ENSG00000180758,0.5490067943705638,0.5442380723120677
ENSG00000184677,0.11504652689934082,0.0770286147552094
ENSG00000131697,0.49354451190153004,0.376400501860221
ENSG00000055070,0.29739218024463626,0.37166339887828725
ENSG00000175087,0.028672407894957157,0.007881901009083241
ENSG00000157191,0.5639321069899721,0.5771141799609626
ENSG00000162511,0.37557358581920075,0.205957506619464
ENSG00000204138,0.2120287034139592,0.20894791565361134
ENSG00000142675,0.6002847615674877,0.5715861828096165
ENSG00000130772,0.7728376061829683,0.9456201545168071
ENSG00000090020,0.2620202561264913,0.2481648400407139
ENSG00000157978,0.19307523332190227,0.4873261324091006
ENSG00000130770,0.4536306335871001,0.39897207011671865
ENSG00000162512,0.8017617017499977,0.938247513630497
ENSG00000158006,0.9003331771858004,0.7692472557968251
ENSG00000126698,0.31735985476615625,0.3584123093745154
ENSG00000130766,0.7112245383516219,0.3515819897709511
ENSG00000168528,0.12451612383625171,0.04760133172465805
ENSG00000196581,0.8761400660000779,0.6886635912012655
ENSG00000169403,0.301563408566131,0.31499322373180044
ENSG00000060688,0.6868381660552894,0.872095094068392
ENSG00000171612,0.4979046795165414,0.07042756289624094
ENSG00000188910,0.5836702815975863,0.5038910618511969
ENSG00000116138,0.47641948890191843,0.2725536403785031
ENSG00000158161,0.23613013584399167,0.1634239423968793
ENSG00000142684,0.31735474102862676,0.5024336236209026
ENSG00000121769,0.28699098284251273,0.5168785644689555
ENSG00000142627,0.7046815812905012,0.743734582944908
ENSG00000142632,0.7702833940478245,0.306788605528596
ENSG00000189337,0.023712746182738546,0.017841785320807196
ENSG00000028137,0.10990187336204996,0.10459043161169937
ENSG00000130939,0.5243443674099291,0.33690186155238694
ENSG00000060656,0.07708241761961901,0.15765352364627874
ENSG00000163867,0.9076786651384503,0.825641072070972
ENSG00000189280,0.997953822570557,0.8749641786724659
ENSG00000134698,0.08616762457317297,0.024742892082515004
ENSG00000134690,0.32360988837815446,0.37368429116667135
ENSG00000132881,0.16850414857249796,0.2352139969226871
ENSG00000130940,0.5096944694529064,0.3147546286141677
ENSG00000116771,0.08155620072447364,0.074238232455751
ENSG00000116954,0.9385613198853673,0.835905807851419
ENSG00000117215,0.004666824421224845,0.002020056840189455
ENSG00000196449,0.20963471586516588,0.2959024079503247
ENSG00000179051,0.7424821106343019,0.8383136548272229
ENSG00000126067,0.40106846986586464,0.3794245473707528
ENSG00000274944,0.6641861788822421,0.7190484073038476
ENSG00000132906,0.4108716563002688,0.07371667045265626
ENSG00000197312,0.27808693702477166,0.15751015745698851
ENSG00000173660,0.27101799011366823,0.7029754737816476
ENSG00000054118,0.542505979942318,0.7727108622297354
ENSG00000197982,0.7272246659406876,0.740624036747014
ENSG00000183386,0.36862668455367587,0.5206017523916795
ENSG00000158315,0.2572936018626647,0.49092095386509393
ENSG00000204084,0.120153657952023,0.02662266698167584
ENSG00000186973,0.11754497685626376,0.10674303508964496
ENSG00000146463,0.681036261174697,0.4290920354677048
ENSG00000183520,0.18649143305300045,0.25713938249558804
ENSG00000142686,0.7335695017430188,0.2263638864443699
ENSG00000117148,0.7748757520695253,0.8506877195031124
ENSG00000117000,0.6985191202487344,0.8946675782121397
ENSG00000092853,0.5157266167296528,0.4979198070970018
ENSG00000134697,0.41795833201965416,0.6896281157867188
ENSG00000187513,0.5304171753354685,0.3729782143685416
ENSG00000116151,0.17200531097637684,0.09646985159148214
ENSG00000006555,0.19014904505920413,0.3616567142048659
ENSG00000066056,0.2805340668466297,0.22362845753955504
ENSG00000214114,0.29046527559635327,0.3426965666080328
ENSG00000117016,0.14889674878035927,0.49867844553836116
ENSG00000121310,0.035007399538768934,0.016022560212740476
ENSG00000169213,0.6145461750595914,0.9857789761573111
ENSG00000163866,0.2990695584672592,0.4487771904128056
ENSG00000117419,0.6512661733574613,0.9946986362547485
ENSG00000162384,0.20224636987733283,0.13135942538501794
ENSG00000162391,0.000603328951824502,0.002050786475675471
ENSG00000174348,0.7587552742978301,0.2688072016173812
ENSG00000117859,0.2694792281177051,0.6261446987997838
ENSG00000253313,0.5180005239901704,0.4376714154531359
ENSG00000162396,0.1780960887214811,0.0786534796627899
ENSG00000162378,0.7582802837184601,0.4660114618360126
ENSG00000117862,0.010919959015586846,0.02885646670843276
ENSG00000183431,0.5799479462204356,0.7550555924885178
ENSG00000243725,0.7931513242559153,0.8917189839665091
ENSG00000162407,0.09872748807634807,0.08914734913592492
ENSG00000163877,0.8615084638081505,0.5798108793643235
ENSG00000157184,0.9596957822504474,0.9354847107568458
ENSG00000198815,0.8966838175690288,0.6115942159038761
ENSG00000134744,0.43634015084369393,0.26784464689450577
ENSG00000162385,0.5063972791931749,0.6715254154820716
ENSG00000123080,0.1777249096863033,0.15693860708938764
ENSG00000162600,0.7615707405423328,0.485630441212348
ENSG00000116704,0.514263211287895,0.9935729427572298
ENSG00000157193,0.24683742115016924,0.47503124539478525
ENSG00000116205,0.5198887458463243,0.5134847996951635
ENSG00000198841,0.7325343861555693,0.9193119746222995
ENSG00000116212,0.18620185949206178,0.27839583028086595
ENSG00000132854,0.7261143084904915,0.6350066946665163
ENSG00000162607,0.6246080399444005,0.5542127473218106
ENSG00000154027,0.031374536175849774,0.015715267671196066
ENSG00000137960,0.20262015119937146,0.09177269963802867
ENSG00000116745,0.4468348070484712,0.4115419892261225
ENSG00000162433,0.0015437439867521964,0.001462652682273496
ENSG00000213625,0.3507091267950868,0.3745736698214748
ENSG00000158966,0.779650034344086,0.8934393697547728
ENSG00000203965,0.26099390673917866,0.18996718301310012
ENSG00000153898,0.08261516383158109,0.1736707257607215
ENSG00000125703,0.5889533381519055,0.6661187958705107
ENSG00000162618,0.5847528252636804,0.4559456974605942
ENSG00000188786,0.24604674768301302,0.3066762854821179
ENSG00000066135,0.46556917311064905,0.4486472849956533
ENSG00000117174,0.6722181339211933,0.8458428439840022
ENSG00000143013,0.04977907886601955,0.026672247702890027
ENSG00000134748,0.7669690920916685,0.5757049499036604
ENSG00000142892,0.40365563285849226,0.42214353642500857
ENSG00000116641,0.7122833044332294,0.6679012296051039
ENSG00000117480,0.40763359073436256,0.5545518172987938
ENSG00000137944,0.07509622438294973,0.053777866953644365
ENSG00000067334,0.2538754880333455,0.43584367215910447
ENSG00000142949,0.8781958702067177,0.9129400425200623
ENSG00000116133,0.47297420272608315,0.3430359915630419
ENSG00000116157,0.2156395234288299,0.11879678232045324
ENSG00000143036,0.8910431868000521,0.9144644257311352
ENSG00000065243,0.9892947999608716,0.8295472954407065
ENSG00000117528,0.9480231601894483,0.8034006983116859
ENSG00000172339,0.3863016451029341,0.7248378040468499
ENSG00000036549,0.8382375924809794,0.9173460254281145
ENSG00000058799,0.5384617635264233,0.4674530825561106
ENSG00000189433,0.6037623497325453,0.9966569979408003
ENSG00000179178,0.37931258801677015,0.4102354136648575
ENSG00000142700,0.027612236680254733,0.024789008495323554
ENSG00000127124,0.335558819402289,0.35958156057077517
ENSG00000162604,0.07888948535823752,0.16092837911365215
ENSG00000116171,0.37019631650630913,0.3256420061092789
ENSG00000137936,0.02445695790627768,0.014046007755619712
ENSG00000178028,0.37535864033617905,0.4712713555878807
ENSG00000168710,0.4241652160055266,0.665888312410911
ENSG00000117519,0.18036256375717113,0.2486702201890035
ENSG00000134215,0.21079202185382456,0.4882987159064208
ENSG00000188641,0.4980510990870357,0.396667793422546
ENSG00000185668,0.010832009253592768,0.07566668064371629
ENSG00000171492,0.8228150783850668,0.6934015161223512
ENSG00000170989,0.1454847589676426,0.13055722553937027
ENSG00000116299,0.18702084549959863,0.07638458404021721
ENSG00000137962,0.24725522858035057,0.165718065321356
ENSG00000079739,0.1732458822026192,0.24729130104630323
ENSG00000117154,0.39756832259798636,0.6434516626490304
ENSG00000162377,0.8492759260489018,0.9500017367609623
ENSG00000116774,0.806320398341386,0.985940064111425
ENSG00000023909,0.23427647794684797,0.2594353603049277
ENSG00000069702,0.3559693132119851,0.25952180299546473
ENSG00000198198,0.040838069197656944,0.055018481862334
ENSG00000116793,0.591041024992943,0.3400009141731321
ENSG00000117525,0.031125273561707696,0.001909035832861777
ENSG00000162692,0.022094626349054687,0.011045860613448626
ENSG00000122481,0.622506135789906,0.8866508876197821
ENSG00000198162,0.935013576785225,0.7027386159762548
ENSG00000171517,0.28024700523606816,0.10281960887403101
ENSG00000143079,0.9749707960372729,0.9211419805470761
ENSG00000143093,0.5590508047434444,0.8166897795744426
ENSG00000085491,0.5403379350434253,0.3337025298969308
ENSG00000134198,0.6740665935895527,0.4909164594554556
ENSG00000198799,0.10690323068627922,0.06673734540581774
ENSG00000117620,0.5235797229307609,0.5737205320595826
ENSG00000162688,0.7852968723760191,0.959107308973401
ENSG00000185946,0.10457253044801325,0.25422400086362373
ENSG00000162627,0.4901594651730483,0.3297686789164355
ENSG00000162695,0.29042009633123667,0.37786650201113337
ENSG00000265808,0.3940349460122681,0.3971989887091557
ENSG00000134247,0.37920897910703566,0.2200572770111211
ENSG00000116752,0.04597650003552735,0.05416015060904987
ENSG00000162664,0.02325209276970949,0.011913254361003241
ENSG00000134253,0.9139138796625892,0.5333559480559751
ENSG00000173218,0.633053874655847,0.45421899083133677
ENSG00000183508,0.010579967626279267,0.008229049320973927
ENSG00000143398,0.14375977172269735,0.3946742217757305
ENSG00000196505,0.3493374285160965,0.3546049056629934
ENSG00000065183,0.13098935329154351,0.18206159648141293
ENSG00000163393,0.19898303536053671,0.09835104860646936
ENSG00000163156,0.6774087319127136,0.9949279115353347
ENSG00000143631,0.3333893395039633,0.21623572054481968
ENSG00000156150,0.024834780446949294,0.0317388775309069
ENSG00000197323,0.5198931944663914,0.4571152503251107
ENSG00000079335,0.576904767928869,0.20852137773736468
ENSG00000143119,0.19207589902796102,0.13454830382078256
ENSG00000143520,0.9010592185485624,0.9353684818322839
ENSG00000171943,0.9904064710678632,0.9236050134627969
ENSG00000155761,0.3257512925920077,0.26406135077220894
ENSG00000116830,0.7252035917426791,0.6263066546693532
ENSG00000081026,0.3289959097147513,0.2820670202949286
ENSG00000143458,0.41701539632755746,0.2540514916142416
ENSG00000163155,0.7390083804847822,0.3480039443231756
ENSG00000175984,0.8677157426651089,0.9962222686836986
ENSG00000116824,0.002589358832178023,0.004324066304189342
ENSG00000024526,0.05274500753089403,0.08015041633063055
ENSG00000117262,0.5103610716233791,0.7904666575673578
ENSG00000137947,0.14475701133325858,0.1874021741867451
ENSG00000117586,0.937380220897498,0.5231076190640821
ENSG00000184371,0.9423641882908087,0.9667706104711331
ENSG00000163154,0.06674070907014903,0.07703302106775539
ENSG00000162729,0.6159296693927423,0.5756093015895072
ENSG00000143158,0.7941159819400369,0.7348679811056315
ENSG00000000460,0.9202670384101606,0.9303781188620484
ENSG00000135862,0.3976877954486535,0.6206298749268777
ENSG00000143198,0.3190765498818517,0.5913830332563357
ENSG00000143318,0.6883117355861814,0.7457740502560449
ENSG00000143621,0.26524466065017566,0.5856184570861818
ENSG00000143155,0.1675557314708292,0.3777185343025662
ENSG00000143156,0.18135820554220972,0.2485182815185701
ENSG00000198771,0.015116959642173449,0.01625905143142434
ENSG00000213064,0.08843314106406819,0.038202867343583774
ENSG00000143179,0.18286002356508868,0.5178277204480278
ENSG00000143315,0.28663695854198135,0.5219337895665366
ENSG00000143185,0.0009804657528842732,0.0014926349457936084
ENSG00000143190,0.5955955102703735,0.42691404642612885
ENSG00000075945,0.9282653126573279,0.8355925620419444
ENSG00000092607,0.39991863058019417,0.5627290090514135
ENSG00000117091,0.015016415459103899,0.014806097936559768
ENSG00000047410,0.8024184584337222,0.5203207093184192
ENSG00000018625,0.14774955980012938,0.22659363908698596
ENSG00000171806,0.9986145655885091,0.9546878463132716
ENSG00000162694,0.5069458157332368,0.9030113747319868
ENSG00000118197,0.6905916896415312,0.5057893739852416
ENSG00000135842,0.9717013278153025,0.9166539219343998
ENSG00000058085,0.1788296885162735,0.13400519932673785
ENSG00000116815,0.6643860684081466,0.6981396308747053
ENSG00000143184,0.6942196944286492,0.5172819245612684
ENSG00000143228,0.2818861636871968,0.5005862213436894
ENSG00000174514,0.06948407686046097,0.028391374269295857
ENSG00000143178,0.8941662933972775,0.4783286248482551
ENSG00000000457,0.21920303624035567,0.17233539010213447
ENSG00000143507,0.16139050457638424,0.1900629609185762
ENSG00000059588,0.5218548504488556,0.317835914347608
ENSG00000122224,0.00039843481248446293,0.00033636841803239313
ENSG00000162782,0.04833477321819395,0.11769782934448611
ENSG00000143653,0.15171064839704962,0.5794120705777035
ENSG00000158711,0.2158293159549996,0.058703654610878946
ENSG00000162851,0.964515243494862,0.6030455477990735
ENSG00000143353,0.33125861276105256,0.3916532528206984
ENSG00000197965,0.4410580458356531,0.538433556697308
ENSG00000143493,0.6795273758978542,0.9807272213299002
ENSG00000117592,0.007977496372157614,0.0367417725063183
ENSG00000186197,0.066626230197926,0.07325815656461131
ENSG00000007908,0.5663853152392111,0.6641361710769466
ENSG00000092978,0.8547109097841892,0.48447822319376754
ENSG00000143499,0.1289426902235373,0.13859903123534528
ENSG00000188404,0.015653001434532108,0.015403197514783537
ENSG00000143196,0.15979758385592144,0.06843601171224376
ENSG00000116574,0.7064662579694134,0.4935859451635526
ENSG00000121481,0.3251335065377208,0.5455535766247819
ENSG00000143248,0.008048615823070024,0.0033174707740687573
ENSG00000116132,0.16585743791892607,0.08606846159929145
ENSG00000116679,0.17148888980854274,0.13660176731743898
ENSG00000143476,0.937988710535967,0.7966681492882421
ENSG00000121486,0.4527396847558842,0.7252202580222936
ENSG00000057252,0.4050517059246356,0.5023402604900391
ENSG00000123685,0.6311095034631019,0.5752354801331399
ENSG00000162852,0.6394157243367877,0.23353084062705917
ENSG00000143842,0.7106119349859576,0.7511815841223735
ENSG00000116962,0.40564438542374415,0.5153531859230844
ENSG00000181450,0.03535146243450915,0.010955671977789388
ENSG00000120333,0.9902115974510718,0.5631438042047412
ENSG00000121644,0.9423742166104492,0.41949789232608936
ENSG00000174502,0.008942079470344269,0.01047278386845996
ENSG00000158715,0.5259131402040145,0.5710395664683949
ENSG00000162849,0.7878308786384252,0.8365905279774839
ENSG00000067533,0.1874222983003882,0.3874445382262237
ENSG00000116209,0.21169971069930188,0.3543932381359375
ENSG00000116161,0.18789857404709093,0.5678628510386063
ENSG00000152104,0.5750222685648029,0.847754240119903
ENSG00000117650,0.43127003376689876,0.8191581988723748
ENSG00000203724,0.49499664967019796,0.5228252800858542
ENSG00000168118,0.6717820660508249,0.5187052044952609
ENSG00000173726,0.04354582439270189,0.19279857069340994
ENSG00000152382,0.975758805224724,0.6513921820688447
ENSG00000135829,0.49973344583971446,0.6590627857608851
ENSG00000134717,0.024542482504180917,0.03665050363649954
ENSG00000116668,0.29405195608160717,0.14554703604304
ENSG00000143756,0.6281571418067873,0.9471065071823698
ENSG00000143207,0.7012844204176414,0.8488782642474126
ENSG00000026751,0.05215635679454734,0.08102774824656078
ENSG00000116906,0.5299318093469466,0.9718440436215503
ENSG00000092969,0.9615035210106867,0.9501610347793418
ENSG00000157181,0.048797689216422496,0.14828114746059348
ENSG00000076258,0.6047206968345246,0.6053385700991565
ENSG00000117697,0.5386598230969604,0.8217418234789091
ENSG00000143641,0.05680666068625193,0.05226587575834632
ENSG00000010932,0.1908476764031079,0.13022043409974002
ENSG00000010072,0.8584167888968168,0.6122152177859128
ENSG00000135766,0.37179703696439803,0.6928374142997493
ENSG00000168243,0.9043861495635639,0.9305471059724741
ENSG00000066027,0.4406681351726547,0.664595398992966
ENSG00000094975,0.9994230923088626,0.8419708516838161
ENSG00000162772,0.9313515659089326,0.8908631543549518
ENSG00000135828,0.9107356850510434,0.5388905409568374
ENSG00000076356,0.5122941388607243,0.3545899867663349
ENSG00000116711,0.033105289135060174,0.03306618854590818
ENSG00000143845,0.6402460277166786,0.34017110298885284
ENSG00000123684,0.773553916120316,0.8813540894337342
ENSG00000123836,0.5844615887643054,0.45955219602655717
ENSG00000117691,0.10910218341048285,0.24265175914861403
ENSG00000287856,0.880783615039761,0.6594973937543963
ENSG00000203705,0.18711813666500454,0.4075636903616374
ENSG00000174175,0.03235904097372818,0.037056336974224766
ENSG00000171161,0.13490063144859624,0.052065159001431396
ENSG00000196878,0.26823151567820186,0.3486794771197286
ENSG00000133059,0.799972123528073,0.8340563230607994
ENSG00000074964,0.13011926284168251,0.13001443267813362
ENSG00000116918,0.3834616826940729,0.6050299877764413
ENSG00000176393,0.06492549704578914,0.08364229164631033
ENSG00000174606,0.2082762910211129,0.08629445738756047
ENSG00000235750,0.22594914553079357,0.3689524892773096
ENSG00000116903,0.9125798850403984,0.7571114430475947
ENSG00000151414,0.6382911097286883,0.8286672423200934
ENSG00000177614,0.383599176327179,0.5680991632637913
ENSG00000136643,0.9609291183442283,0.7951661707931421
ENSG00000133069,0.9608134687801132,0.9513734469566761
ENSG00000069248,0.664011609811676,0.9221304334681344
ENSG00000090104,0.40002530914663237,0.2073326361761176
ENSG00000185220,0.09294820908525461,0.055417684397543035
ENSG00000162769,0.86162098038127,0.6533712389343032
ENSG00000133065,0.783816473047,0.802555265165551
ENSG00000277462,0.5209024583757342,0.2286644232707074
ENSG00000035687,0.9299530895329472,0.586399967181797
ENSG00000163431,0.9895448044396361,0.4989054528489829
ENSG00000230124,0.6415608452077692,0.8104819854144791
ENSG00000007341,0.03645533235131603,0.019796407656998236
ENSG00000117222,0.3119572142528492,0.6213634615329919
ENSG00000143324,0.037252023076393935,0.03941001687393498
ENSG00000118193,0.5989209744115329,0.7894808998013129
ENSG00000198842,0.07871438670160492,0.1279149852175188
ENSG00000135749,0.7925016075324413,0.6974428010684957
ENSG00000143786,0.43605029827088937,0.8486169306773242
ENSG00000054282,0.4094456397373618,0.5869735399482066
ENSG00000183780,0.9012427318580998,0.8329499395917465
ENSG00000162702,0.14290157321361552,0.17118311865717803
ENSG00000054267,0.7449993594036739,0.31988526710941884
ENSG00000175137,0.029045002953662635,0.016972375147781858
ENSG00000134245,0.3136059761646973,0.15191970587994488
ENSG00000069275,0.42546253739477713,0.789000515845114
ENSG00000143674,0.9885923054252737,0.38861026855485303
ENSG00000134375,0.04343502630499576,0.10973754514365205
ENSG00000097046,0.8910912346927606,0.7956388709999955
ENSG00000185420,0.3300115168625906,0.7126752468872117
ENSG00000076321,0.6114522771402754,0.792407499721383
ENSG00000135778,0.5046983767952753,0.141692546048079
ENSG00000117280,0.9175860662788158,0.7340403534870812
ENSG00000136636,0.7489890121370171,0.7560705251583588
ENSG00000163874,0.23868387278629977,0.3546196072185579
ENSG00000054392,0.856692735532441,0.4579041875930169
ENSG00000188739,0.31079388218305876,0.47095508392975294
ENSG00000135750,0.6816158445846362,0.3244287328843467
ENSG00000143341,0.24297612275540978,0.16683419141039418
ENSG00000162545,0.00043378633561715746,0.0003185908718332204
ENSG00000090432,0.031349771089905505,0.03501247703354865
ENSG00000158825,0.16957732570220235,0.03353029806707083
ENSG00000158828,0.16527230430758355,0.09726590467060148
ENSG00000134371,0.3851041751722366,0.6820845002464933
ENSG00000066557,0.09581677901206445,0.0817009052895714
ENSG00000118454,0.9594755526370239,0.9949132745708956
ENSG00000116761,0.07723078870417258,0.2238278205290704
ENSG00000007968,0.007255056370688332,0.004598859031868937
ENSG00000117318,0.7155715472083366,0.6501319535859593
ENSG00000142676,0.8423284706193416,0.8794039832315151
ENSG00000057757,0.520061350737526,0.5539361749105903
ENSG00000011009,0.3101781649621375,0.2964313320408972
ENSG00000117308,0.2010188032700132,0.14223303623212163
ENSG00000158716,0.7365102025609663,0.7762717532560625
ENSG00000158714,0.3017473168917226,0.22163370793183035
ENSG00000243284,0.19790364134203942,0.3836683916509376
ENSG00000162723,0.4793679419817216,0.6150303993327375
ENSG00000163399,0.8548583356636079,0.9589292857478641
ENSG00000177888,0.291290544420954,0.7027024771452112
ENSG00000243364,0.40897769934628725,0.12579520378481274
ENSG00000143590,0.7277287850182069,0.5206759527247719
ENSG00000169242,0.11786599311493583,0.2943540723020744
ENSG00000169241,0.22329412904433027,0.33006746349839583
ENSG00000163463,0.011711999895106344,0.04225961333983784
ENSG00000169231,0.7985064404808759,0.6556591830201208
ENSG00000177628,0.6095839423356317,0.7703724799062135
ENSG00000116521,0.5320947158345237,0.8807531751512437
ENSG00000176444,0.09765716587291258,0.33853686651443815
ENSG00000174059,0.16390532253562154,0.13196245135175663
ENSG00000142657,0.2955964999251509,0.5203384984898376
ENSG00000251503,0.8905668566818001,0.8331222707472885
ENSG00000175279,0.5324943841958474,0.8481646976548258
ENSG00000160049,0.8311381749009686,0.956434141211238
ENSG00000122188,0.003115710317226547,0.0031099798115118284
ENSG00000182004,0.5837101851390911,0.8514256371233779
ENSG00000130768,0.12092947291058384,0.06666673189995037
ENSG00000158156,0.6820909758121142,0.5278276820383687
ENSG00000182118,0.705042548967393,0.5741926900047609
ENSG00000143633,0.6693145878381525,0.8015754933621286
ENSG00000132773,0.4183275581396343,0.548633066393585
ENSG00000070759,0.1281041761376537,0.08459004811739586
ENSG00000132763,0.8490189179599391,0.7497098282500351
ENSG00000133019,0.3240268779549905,0.7483480426010953
ENSG00000162636,0.05967131834298495,0.03225718073859447
ENSG00000162639,0.025442288516140395,0.03397062013797121
ENSG00000134186,0.8622671010659345,0.9390910802601135
ENSG00000116266,0.8397910928986162,0.7212576858219808
ENSG00000215717,0.5933314258306803,0.8887186212333485
ENSG00000132676,0.44415448266183144,0.9783768715252912
ENSG00000132718,0.13386110428493958,0.09125336873164014
ENSG00000132680,0.6635454143006296,0.3840065443464701
ENSG00000163479,0.5809560284987074,0.8440591462638625
ENSG00000160803,0.34614289208264226,0.1172591939282883
ENSG00000132698,0.5219286813741502,0.43549871339326307
ENSG00000260238,0.36928936389396894,0.6469656305368321
ENSG00000242252,0.04358831249777234,0.11965089227555732
ENSG00000198952,0.8299256873275285,0.6436097969800946
ENSG00000163472,0.7981630437374231,0.9034211655403845
ENSG00000163468,0.026699317324696884,0.06150319290137495
ENSG00000254726,0.2714484908714557,0.051422640928059184
ENSG00000186377,0.03076525954774098,0.010503918747433462
ENSG00000162366,0.25989419892886545,0.7354314579157699
ENSG00000143061,0.8762108157364213,0.9900818185696605
ENSG00000135821,0.8579209344803348,0.5065191595958968
ENSG00000168275,0.022771335517572374,0.08635572937400637
ENSG00000153207,0.7936186692765194,0.7302074288153643
ENSG00000156869,0.6138129813593229,0.9611259697675983
ENSG00000116678,0.4727700888107915,0.7132285585090077
ENSG00000159352,0.5060462462926809,0.8593682447158985
ENSG00000158710,0.6672998904883198,0.4688689799309661
ENSG00000162734,0.20768531247520844,0.2443076230895011
ENSG00000049239,0.4757039624727323,0.21680555183704842
ENSG00000244038,0.12971046609678324,0.22958474519025843
ENSG00000126091,0.2550711365826661,0.10292905051587375
ENSG00000171163,0.6405871386634787,0.3180919210906191
ENSG00000172456,0.05132350516860761,0.05519058616260482
ENSG00000162946,0.9864520661216425,0.5675190744173999
ENSG00000158786,0.3953525331732397,0.986585621654192
ENSG00000157870,0.6291606464022077,0.48327190642588613
ENSG00000179085,0.8707109752257898,0.5722843424445787
ENSG00000183347,0.44846944941878353,0.6666305594563906
ENSG00000116685,0.19800924473712753,0.49802049349737776
ENSG00000083444,0.14700479359209556,0.22149171068672507
ENSG00000116691,0.5662674549109983,0.3683645999143068
ENSG00000162521,0.9925365510315005,0.8146435013614208
ENSG00000162520,0.053731733368207996,0.07264690373555605
ENSG00000162522,0.22357807234265473,0.15391808155882447
ENSG00000116497,0.23263167384129618,0.13524468824848265
ENSG00000121900,0.18698924965217012,0.4948387484537242
ENSG00000143222,0.7684306520748742,0.7850323685007689
ENSG00000143224,0.28861163141680307,0.11444275960030735
ENSG00000158850,0.039080494054529784,0.10837778819494258
ENSG00000158859,0.728706459296355,0.8021634567544392
ENSG00000158869,0.9590182648704418,0.6502857299606024
ENSG00000158882,0.13133198463643575,0.18646934871084755
ENSG00000248485,0.08299681821565584,0.06649430325988379
ENSG00000188931,0.7343274351990297,0.5151253313963406
ENSG00000265107,0.860179365329435,0.8595786088381955
ENSG00000188092,0.862377447306739,0.7656667747332584
ENSG00000116688,0.42910266290489196,0.4283595715309719
ENSG00000084073,0.11819745779026622,0.09018926645560683
ENSG00000049089,0.018753807436553433,0.005375804081205439
ENSG00000187801,0.09645517625897475,0.07402828220170325
ENSG00000117640,0.7291530578273957,0.2510013741395083
ENSG00000127423,0.7771460303347437,0.9833829693086117
ENSG00000182749,0.8512681323072495,0.912110051838991
ENSG00000117632,0.6893443805720858,0.9284833229866328
ENSG00000187147,0.05023086558530174,0.12234353509722477
ENSG00000126106,0.48564079812125727,0.6012863994712389
ENSG00000142945,0.6122779917583584,0.8120655313010654
ENSG00000142937,0.09775683389272255,0.2650137391341889
ENSG00000173846,0.13326568429916155,0.09640029355819041
ENSG00000070785,0.21041046923446233,0.389653686470539
ENSG00000126107,0.4859419064599769,0.33488670596804565
ENSG00000126088,0.31688383737731896,0.4056781333638497
ENSG00000162408,0.9676929764438632,0.5614604724879257
ENSG00000204859,0.6335502697775993,0.28205375099156915
ENSG00000171488,0.3016357045254999,0.2383359716291635
ENSG00000119285,0.3980584512313321,0.7305683037410424
ENSG00000117758,0.7816402781413367,0.7484491056546889
ENSG00000117751,0.8265438680342694,0.8870576780772602
ENSG00000130775,0.21912701313731645,0.20655220623882606
ENSG00000117748,0.22347347522868255,0.11803156106277886
ENSG00000117122,0.6999684885566924,0.9079190948879962
ENSG00000159363,0.7243536307066689,0.6097248559706985
ENSG00000117118,0.07945878068662009,0.23652009051823203
ENSG00000117115,0.6430059003095341,0.7844692282212584
ENSG00000142623,0.5276141743119669,0.43953217448739157
ENSG00000142619,0.5334414632581259,0.6732398352155506
ENSG00000142871,0.5984630076958891,0.6925101442619688
ENSG00000143498,0.14835035454596113,0.4226839068310969
ENSG00000154305,0.6441033450091378,0.9911191199350528
ENSG00000186063,0.10996814431433717,0.18856003069490138
ENSG00000162819,0.8284837382926402,0.7578002649693583
ENSG00000187554,0.14573280609500064,0.06410747298077142
ENSG00000164010,0.23124639064941124,0.2266981542161501
ENSG00000164011,0.6806278434505728,0.35512870864515755
ENSG00000143067,0.043771853745991726,0.07533773800916685
ENSG00000092621,0.3011008446308491,0.6101682689321206
ENSG00000130764,0.6686474270115339,0.9276680730806914
ENSG00000284770,0.014286177950461526,0.016876464254151548
ENSG00000198837,0.4031559870509155,0.33400496472640345
ENSG00000160741,0.7572788898513085,0.20203174503756502
ENSG00000143578,0.3245502496694311,0.12459516492819765
ENSG00000143543,0.5730365076840485,0.6590545595329271
ENSG00000143545,0.6736675397777583,0.8278066189975793
ENSG00000177954,0.6836996668241146,0.6981191958604451
ENSG00000162642,0.8654509544521474,0.985864556975388
ENSG00000116198,0.7072707880236448,0.8609757966571057
ENSG00000169598,0.7324053361223046,0.8625624319018836
ENSG00000162836,0.017113540805959348,0.09956389766000814
ENSG00000116667,0.047806050383179956,0.07589885450698994
ENSG00000125945,0.22210750458336886,0.12011606138468806
ENSG00000204219,0.06510349918555054,0.01413199388261267
ENSG00000162885,0.40036759810527256,0.23429088211376503
ENSG00000173110,0.4686587934713987,0.5805504454097778
ENSG00000160752,0.1921760597502573,0.31810416628258964
ENSG00000121957,0.47665093486724164,0.771252428937409
ENSG00000116747,0.9397550090482822,0.6109095614939817
ENSG00000118729,0.04384764793162083,0.0484347759211987
ENSG00000117395,0.6066633101543024,0.4871712789398438
ENSG00000116874,0.3893186841437919,0.5291114074398158
ENSG00000065600,0.3853213000564767,0.709092542456898
ENSG00000009780,0.2750902300780189,0.19083788904879767
ENSG00000023572,0.18268424976167183,0.20323040654106372
ENSG00000077254,0.7924525619569864,0.5729378561246363
ENSG00000134644,0.8923210696864646,0.6913465633875575
ENSG00000215788,0.0020356760220922154,0.0026727733441387247
ENSG00000117625,0.95402651285398,0.5064054171730834
ENSG00000121766,0.4633783570798713,0.43087057087807135
ENSG00000143157,0.5560623630606338,0.9576209220585474
ENSG00000160781,0.4623162783491973,0.44793869331468483
ENSG00000143344,0.027960536649211186,0.010884307455902532
ENSG00000142856,0.44440060623762956,0.42031064943645036
ENSG00000158022,0.06386850275362684,0.12420990008083317
ENSG00000116396,0.10644849672150304,0.12347148370319494
ENSG00000163875,0.9326847277705217,0.6088704381916475
ENSG00000131238,0.2502721327671604,0.6185788128680838
ENSG00000171680,0.43500811054614763,0.6069481951827211
ENSG00000116977,0.034615276955687044,0.09627405834575686
ENSG00000242485,0.3196977640646915,0.42881108938837387
ENSG00000179403,0.6688247420045568,0.8340973415847048
ENSG00000215915,0.33867806210277457,0.19844969018921335
ENSG00000135776,0.399051433552163,0.23666732762620646
ENSG00000135763,0.685466060600688,0.9392845672259773
ENSG00000169914,0.04357124226680068,0.013053349875129168
ENSG00000079277,0.3190551388087661,0.39630444070874704
ENSG00000117407,0.8130096352684879,0.8675364651485131
ENSG00000117408,0.29767510583538265,0.26966384553836653
ENSG00000117410,0.28495313213448337,0.39066738410380053
ENSG00000159214,0.6678877371260776,0.563244213134927
ENSG00000196517,0.07575767289085628,0.23630424032425693
ENSG00000185962,0.11758167613087009,0.40209200936564393
ENSG00000187223,0.24739341147016808,0.4909206925617542
ENSG00000159455,0.40589872540306227,0.5542067254340849
ENSG00000187173,0.18670759698014663,0.3668598230248423
ENSG00000228594,0.4613265372237576,0.3620462352934032
ENSG00000189409,0.14559850605054356,0.08799448835267358
ENSG00000189339,0.0013217261404744427,0.0012335349510885349
ENSG00000008128,0.8134696172560201,0.6839201746511501
ENSG00000008130,0.2619132897943051,0.23364069848982782
ENSG00000178821,0.8589168659779677,0.5881417748940433
ENSG00000158477,0.10522491051437886,0.25594360662200244
ENSG00000158481,0.2379468507705935,0.32148215092262966
ENSG00000158488,0.058618791433136745,0.07659692209370288
ENSG00000117505,0.5963540758204184,0.5467772260407214
ENSG00000162889,0.33686690444413864,0.12790784912166453
ENSG00000162892,0.9663361739384453,0.34770918066427536
ENSG00000162894,0.0006963940967090212,0.0011405291674932583
ENSG00000162896,0.12852344124052992,0.10836412564856249
ENSG00000182795,0.6728135493734404,0.5460353553428939
ENSG00000198890,0.6613242760026165,0.8808544627914598
ENSG00000142669,0.8952284495896188,0.5070935311301643
ENSG00000169442,0.00739984651090286,0.006177563504571198
ENSG00000176083,0.07214341346556552,0.13022268838023965
ENSG00000142910,0.03865262978700466,0.023414210892991862
ENSG00000162517,0.699952536356848,0.5914053311100222
ENSG00000085840,0.4216679784712267,0.29395330809490766
ENSG00000143751,0.3829414808221522,0.7351999431683258
ENSG00000163041,0.895540824808109,0.5916406652844939
ENSG00000182827,0.23475853333850494,0.3889761304893019
ENSG00000143753,0.12139435136701493,0.19584601736893015
ENSG00000143748,0.7960603117279104,0.9778350409499605
ENSG00000143771,0.0031445105951708723,0.0166933889787945
ENSG00000183682,0.6626292680537295,0.26133958603851043
ENSG00000163909,0.9723415812075171,0.50869966657874
ENSG00000090621,0.05236191936170145,0.08543609043308766
ENSG00000143369,0.16697764421178185,0.25699964197057584
ENSG00000143420,0.9075649356008667,0.6416327175744477
ENSG00000143457,0.9602237350854159,0.6396431481998034
ENSG00000143452,0.12938338063434934,0.06288688389947406
ENSG00000143384,0.25022160858990977,0.3717864973315206
ENSG00000154342,0.4009485258890202,0.5141837378904581
ENSG00000143793,0.48702340242514797,0.264286627660359
ENSG00000162910,0.8201192123884953,0.8451795739018897
ENSG00000181873,0.0314684870268114,0.005329474736099815
ENSG00000154370,0.8746971720190331,0.4389256160453098
ENSG00000171960,0.38452711702617626,0.6017276323366951
ENSG00000065978,0.19247298753644845,0.24407205269655022
ENSG00000164007,0.5674350828741673,0.5108741176904228
ENSG00000117385,0.6399589749107089,0.7843596304525405
ENSG00000001460,0.46028086306584504,0.39450124566889866
ENSG00000001461,0.9378726086063249,0.7190616999823785
ENSG00000117602,0.725879431883131,0.7859649035642103
ENSG00000177606,0.26534377762760997,0.13436426610479016
ENSG00000116539,0.9435270097240781,0.556948899020107
ENSG00000084652,0.11936451614538827,0.12065408318595207
ENSG00000160051,0.1855818648972959,0.08715714333581777
ENSG00000183615,0.08008470788012424,0.04118890971890959
ENSG00000116478,0.5625973152154442,0.7123746765389771
ENSG00000175130,0.29037928649067657,0.2906226435446494
ENSG00000134248,0.022136546839203734,0.041731405078279264
ENSG00000198492,0.354472195852533,0.408170990601582
ENSG00000253304,0.9766918445673235,0.5420232203420389
ENSG00000116353,0.5116524170987574,0.7686215805405114
ENSG00000136630,0.3042491363933306,0.23147692095821065
ENSG00000116141,0.34564851170857,0.31827115955469676
ENSG00000162817,0.3663594370240566,0.23453759404698396
ENSG00000117593,0.08982233081344876,0.22193437275336603
ENSG00000135870,0.26488199732678996,0.19354315081003062
ENSG00000197852,0.002595810438197629,0.0011972216410833698
ENSG00000276600,0.11012818198583736,0.3258592437714731
ENSG00000158769,0.41735479210530024,0.8550380712984762
ENSG00000215845,0.7099738664768851,0.5112724155554359
ENSG00000158773,0.770965359815026,0.44138551568513795
ENSG00000186517,0.0070997416175241895,0.007576569194624654
ENSG00000143217,0.673887473807421,0.46931713276672093
ENSG00000143256,0.10024321893304837,0.372036394286707
ENSG00000158793,0.3717779812340446,0.40090886277231985
ENSG00000158796,0.7718691211211753,0.6930597393088369
ENSG00000163050,0.5888517547936725,0.96439268490669
ENSG00000174574,0.24091728531553921,0.2456885827670644
ENSG00000168653,0.4799329398732034,0.6155334015302952
ENSG00000121931,0.8986955588429051,0.9820040304627041
ENSG00000162777,0.13597211592727615,0.35143719952651653
ENSG00000064886,0.2096805108850177,0.5087750764375144
ENSG00000156171,0.5999655952960303,0.9939522573735226
ENSG00000169291,0.042335126305823215,0.02358743907402386
ENSG00000143252,0.007513205320550236,0.025023291881683618
ENSG00000143437,0.9031151186409866,0.74116234927319
ENSG00000143799,0.49814554724644333,0.7287073833085422
ENSG00000158864,0.3890766429533197,0.7026533956238533
ENSG00000117450,0.09168354886710348,0.19756402182356297
ENSG00000132780,0.6731103929677111,0.40737409799408
ENSG00000159592,0.9804929976828894,0.8566331853712675
ENSG00000159596,0.3660505427081623,0.4199061014220884
ENSG00000143570,0.06604925682283705,0.20833394550583847
ENSG00000142864,0.36454985452006716,0.20242709759646707
ENSG00000198160,0.9234071851029038,0.8320486332827743
ENSG00000188295,0.29816370264495357,0.08228918546551839
ENSG00000116750,0.3203849122539904,0.4637350755787505
ENSG00000235169,0.6622269539637705,0.3624090190033129
ENSG00000116514,0.3820724540633358,0.2696991136457523
ENSG00000162419,0.8613849496654583,0.8882769514159207
ENSG00000154222,0.4804352985652499,0.7226313520058216
ENSG00000197147,0.3257873419718402,0.14215176658127918
ENSG00000058673,0.4062068743241555,0.332641051518342
ENSG00000131236,0.5045016928981898,0.2866560950594881
ENSG00000081870,0.8847863497497389,0.9303232430449175
ENSG00000133216,0.16204200666116267,0.27032741601186827
ENSG00000143183,8.781115976999765e-05,0.0002586976082831692
ENSG00000248333,0.16271445542232618,0.08120355473472274
ENSG00000162390,0.9236831397438712,0.6608802884167415
ENSG00000117448,0.25570209994781845,0.1854661959531961
ENSG00000143387,0.5022623727380338,0.30655993027792666
ENSG00000142920,0.29247998075417936,0.11388832355060195
ENSG00000116525,0.2575260972351247,0.25007353890981326
ENSG00000163131,0.22109858416085246,0.11912707243586682
ENSG00000183814,0.9117638519248533,0.636303066490775
ENSG00000213516,0.8269950687907929,0.7803610163152057
ENSG00000117226,0.10701873545495366,0.10855112220874465
ENSG00000117228,0.7889573719556618,0.6822544725532104
ENSG00000162645,0.790109354269609,0.9292834217523448
ENSG00000162654,0.16397587877844141,0.23776242889779747
ENSG00000126705,0.020841670672000732,0.006138232443449686
ENSG00000000938,0.321630418065634,0.21824630966037945
ENSG00000126709,0.27134913467633853,0.15716319532289183
ENSG00000137959,0.9717168768356436,0.8369636614174352
ENSG00000174151,0.027426196797699077,0.06412153211752998
ENSG00000181754,0.17998211257874483,0.05496204308289893
ENSG00000065135,0.12053542830566075,0.05414766893162915
ENSG00000073756,0.492377391897581,0.7768771800544542
ENSG00000153904,0.8080291811183256,0.7473164986803522
ENSG00000155380,0.10269144349916841,0.04339295676160028
ENSG00000134259,0.458694698605857,0.14259365759765766
ENSG00000188976,0.10334354388082052,0.1826730646691522
ENSG00000187583,0.414444741733906,0.7856602783215085
ENSG00000188290,0.9734293793146112,0.6544006606675546
ENSG00000187608,0.7820736613196857,0.6836066860118686
ENSG00000188157,0.5574691986817093,0.4475260567626681
ENSG00000116221,0.4515785645111081,0.6494041824526964
ENSG00000135775,0.6864167632405012,0.828402614956629
ENSG00000119280,0.6018274031138128,0.2681645049505116
ENSG00000137965,0.5134473459003175,0.4435579244146779
ENSG00000160714,0.1478556274706444,0.403904905327219
ENSG00000160710,0.5431515924692418,0.5482308547898207
ENSG00000159658,0.7739872166024112,0.7700239637063793
ENSG00000143801,0.10558692741408918,0.07410360173729649
ENSG00000132185,0.0008206762617960146,0.004044422481476326
ENSG00000081721,0.891873889349389,0.6148077982567175
ENSG00000082512,0.12706933249288377,0.0843690973071286
ENSG00000170385,0.8669616722342721,0.7634262703241024
ENSG00000118217,0.008818891027561046,0.06918609165159884
ENSG00000137955,0.14091742975601038,0.33624548556920475
ENSG00000213047,0.5307681774687085,0.6237715060781208
ENSG00000117399,0.2075108939239248,0.18894817137655617
ENSG00000066322,0.9760023657451613,0.6564210036658432
ENSG00000159479,0.8395694366351657,0.8286475414491812
ENSG00000116337,0.37311882479338243,0.7616923892146935
ENSG00000066279,0.9310819040202233,0.7750980850009773
ENSG00000117020,0.7881560137656418,0.733736557812926
ENSG00000198912,0.84717457304407,0.9443955760599132
ENSG00000183856,0.9739947476424906,0.7124779258087821
ENSG00000163382,0.18317294483716162,0.36580644413763796
ENSG00000132692,0.7637947045384614,0.8248922814842841
ENSG00000132688,0.9323656112070878,0.9148171661318191
ENSG00000143320,0.2525629843094313,0.5119443373636929
ENSG00000143319,0.1429744084988052,0.2918506758522776
ENSG00000143303,0.7010878959751867,0.7840155522539926
ENSG00000143314,0.45324618823024954,0.8559126624177519
ENSG00000143321,0.8203790065394012,0.8694106707043521
ENSG00000143294,0.9501448493192095,0.41393381696716613
ENSG00000027869,0.31910952585089447,0.6000388385145795
ENSG00000123091,0.718630904315666,0.5436818828402121
ENSG00000237330,0.20698617781461942,0.38712467030340647
ENSG00000131591,0.04952630178779727,0.04578679980973531
ENSG00000085831,0.08023545516445874,0.10688381326646751
ENSG00000187634,0.8668894034182172,0.536372069113773
ENSG00000156875,0.1500306031520349,0.2532770990438669
ENSG00000156876,0.805387121854292,0.8306606253637709
ENSG00000122477,0.4298371513858913,0.550996518063193
ENSG00000137992,0.7079045770121734,0.9551610100392943
ENSG00000137996,0.0870769897928582,0.03431010781493631
ENSG00000137948,0.5557801391137447,0.3131553827434
ENSG00000121774,0.47331151937420457,0.7950697078454141
ENSG00000121775,0.8835314493591924,0.9985163352675295
ENSG00000025800,0.8375181451878411,0.898045343436674
ENSG00000160050,0.40524232059443643,0.2468727555933421
ENSG00000064703,0.7798540546895557,0.698587072445771
ENSG00000122406,0.03486601249311649,0.06647955420463646
ENSG00000154511,0.028889286428265323,0.026005781075367905
ENSG00000143033,0.6848271011927995,0.6648176678763235
ENSG00000189410,0.6581199694031855,0.45155638418358524
ENSG00000117298,0.5711948610129893,0.2680220844404874
ENSG00000143502,0.4069762621799784,0.16184053198327486
ENSG00000116791,0.23434430563822467,0.2872682607874602
ENSG00000162623,0.23242019509196057,0.28356434921461415
ENSG00000154358,0.8666511343324073,0.7797690546910014
ENSG00000184260,0.3133841960277186,0.6239782266096747
ENSG00000178096,0.5597561205357484,0.22277656509509286
ENSG00000159164,0.7860639450168023,0.6555603344053634
ENSG00000143368,0.32327788775872274,0.46783166087419237
ENSG00000150337,0.8594168452366674,0.8955227535958541
ENSG00000116852,0.009682886902445939,0.027234592496842486
ENSG00000116857,0.036722066071465886,0.09332711004726348
ENSG00000081248,0.2092069835987284,0.3423691223692677
ENSG00000174529,0.8811188467575075,0.6836353531330532
ENSG00000116984,0.8406107241755714,0.7069929809793266
ENSG00000143742,0.14241778088873025,0.3788695759658569
ENSG00000196187,0.06632843231318897,0.05191495978380838
ENSG00000143819,0.6248567473753188,0.9960352398522908
ENSG00000116649,0.7454881218446536,0.6416732040137861
ENSG00000171824,0.6306852328797208,0.6277751566796712
ENSG00000117614,0.5329096973821166,0.8989993401385115
ENSG00000117616,0.771225776219366,0.37969938711874285
ENSG00000183726,0.5356945289912406,0.527701322267452
ENSG00000204178,0.196315763151362,0.13242784822600315
ENSG00000198860,0.2663600778987143,0.5265375202976385
ENSG00000143382,0.8400025533364055,0.8636008372017243
ENSG00000184007,0.28281208869674634,0.46847385884712234
ENSG00000137942,0.5236841802215335,0.2487913736727456
ENSG00000157077,0.7719725101373293,0.9578073870056594
ENSG00000162493,0.3283496596089147,0.2248268146800717
ENSG00000162542,0.890671589004142,0.79130379878128
ENSG00000178922,0.7972344733988479,0.5858885152426775
ENSG00000121753,0.7899486185395438,0.509587829950122
ENSG00000163374,0.47175532541420284,0.7473105033015786
ENSG00000235098,0.020587986853544515,0.005737036377030464
ENSG00000143740,0.1833383316925097,0.5519119071334235
ENSG00000117411,0.7664317061039126,0.6119800364351415
ENSG00000162745,0.565289569280656,0.24736583076091312
ENSG00000162891,0.23958704359758584,0.07156029495026302
ENSG00000185090,0.029564230462818517,0.014685448894568033
ENSG00000157873,0.5525233040255982,0.47762389711934805
ENSG00000168264,0.8363698152709309,0.4286562199458621
ENSG00000162775,0.9946754959702113,0.5963832052295993
ENSG00000081692,0.9294649687418162,0.6325570807834012
ENSG00000173171,0.44512782613426405,0.7010055572750085
ENSG00000143862,0.07866166457938065,0.26628652962338245
ENSG00000143376,0.977172939204371,0.46996993962896916
ENSG00000143436,0.13714456271575706,0.23310201058272376
ENSG00000143450,0.3911344023928084,0.6621951731793032
ENSG00000196407,0.1532420439823954,0.2742207537570162
ENSG00000159445,0.327605366258967,0.22633294704043366
ENSG00000197747,0.006177359880466082,0.004969036630040391
ENSG00000123473,0.7726467326442208,0.6414217486915702
ENSG00000198854,0.2551248040157459,0.7304208225032525
ENSG00000240386,0.4956898436560154,0.559425117679125
ENSG00000020129,0.6002933664767047,0.7267034947038771
ENSG00000186603,0.19425407526391025,0.10426794673982738
ENSG00000117643,0.10212533031723105,0.09868918432424144
ENSG00000162430,0.925913859160509,0.5930849783910818
ENSG00000173212,0.6224726878708707,0.9849081400728555
ENSG00000163531,0.194831385900284,0.16258593443681837
ENSG00000143028,0.22845955817084582,0.30640541306016406
ENSG00000154429,0.9267257812513895,0.7482646508453066
ENSG00000143632,0.019226453046004087,0.02328842063696161
ENSG00000187815,0.005401196653531346,0.00265920599409653
ENSG00000117010,0.08448228005438073,0.09911608937021611
ENSG00000180098,0.8370557822848931,0.950791677498268
ENSG00000188060,0.10421319039701547,0.05205605042030181
ENSG00000240038,0.0015273230445832084,0.0004341028356791405
ENSG00000117266,0.7839804056408546,0.7820848178000526
ENSG00000143850,0.5554749909127983,0.6767305452945278
ENSG00000197056,0.5850487391919315,0.5985857049830946
ENSG00000174842,0.8237232538208086,0.7220066073800675
ENSG00000122484,0.5928398053821455,0.3475857544033317
ENSG00000163563,0.2665181260846427,0.2997230936483431
ENSG00000121903,0.24661302444428332,0.2022612340077993
ENSG00000116809,0.35691852446570194,0.20057751423812034
ENSG00000173641,0.017282822781398508,0.020301530080413858
ENSG00000185519,0.6067498063337113,0.951369264258652
ENSG00000142634,0.5016477996864711,0.6201577373881367
ENSG00000160062,0.6896814393798738,0.493766836829165
ENSG00000176261,0.7374965333501585,0.9260916373451487
ENSG00000213281,0.27855986662049226,0.17829790475206497
ENSG00000052723,0.9661257204584469,0.9571464065972429
ENSG00000132485,0.9565733301104601,0.9624949778766179
ENSG00000143418,0.2540410219909294,0.5049055224307356
ENSG00000143412,0.19315513318767621,0.1296962277191427
ENSG00000143363,0.5918170728943677,0.9221166265685953
ENSG00000163141,0.052940967944762544,0.06393776591816112
ENSG00000143443,0.3700053987398567,0.7370513125160211
ENSG00000197622,0.5744868189919434,0.6205764650851816
ENSG00000213190,0.11756914848965175,0.22148561753815113
ENSG00000162783,0.8855372262940641,0.6965251952605659
ENSG00000160785,0.9773700576899598,0.6696388328624241
ENSG00000091483,0.5341327925830375,0.9401568748653244
ENSG00000117009,0.3613488308665719,0.35529147751186185
ENSG00000054277,0.671201072307821,0.6488642718468719
ENSG00000203668,0.1551854916550486,0.3748876600188338
ENSG00000197785,0.4606805396381428,0.7615078625572235
ENSG00000205090,0.06020733510684933,0.011579110759182018
ENSG00000160075,0.6421301951820535,0.3828691759449637
ENSG00000197530,0.0641257032697657,0.03629685155410916
ENSG00000116128,0.8494426776681377,0.44077374454822926
ENSG00000174371,0.5009292591144282,0.7549834369086137
ENSG00000118473,0.3702890309691098,0.13109871589629984
ENSG00000143815,0.46151595469215156,0.5652831769162538
ENSG00000185842,0.08587743838308516,0.18086418025322196
ENSG00000143479,0.49893975341694796,0.501887753879728
ENSG00000120337,0.8231183750140668,0.9208365660147171
ENSG00000254685,0.6783002649242422,0.6070255638332631
ENSG00000162398,0.41028453282452115,0.502062221743323
ENSG00000163125,0.6126461938059964,0.3137312889354813
ENSG00000271383,0.18323744577048318,0.18473951170237896
ENSG00000117481,0.6926219412410423,0.744596067882455
ENSG00000196418,0.1091739535937061,0.02571951116063828
ENSG00000263513,0.04600781225680223,0.07421330169978416
ENSG00000160789,0.3134340657796531,0.26643591988067555
ENSG00000142798,0.7110088966054879,0.5045384290417749
ENSG00000162552,0.1370800907549862,0.20999415603564311
ENSG00000263961,0.14151942123497016,0.3644574614690034
ENSG00000196550,0.9302990010973836,0.7914530694777887
ENSG00000266028,0.7549849328495987,0.35207984896366573
ENSG00000263528,0.18309118728430734,0.2525987927808603
ENSG00000266094,0.3165842933249538,0.3259295437579569
ENSG00000143486,0.9759961633260855,0.6630025564644423
ENSG00000058453,0.03077344448861969,0.005255126191728396
ENSG00000215883,0.13398290407580268,0.05183386937330168
ENSG00000162650,0.34418504732797617,0.26974049516214366
ENSG00000120334,0.7762932996993063,0.5271460650002356
ENSG00000162714,0.4722969388074907,0.129407141180696
ENSG00000152061,0.10203048802869678,0.018279279615391397
ENSG00000116748,0.32645604153525665,0.4554848946682041
ENSG00000143147,0.2806417609046834,0.130883390971909
ENSG00000134256,0.15939149242051642,0.23480772750481996
ENSG00000197084,0.38725974619654047,0.3506853327061624
ENSG00000135838,0.9658675316308112,0.5485042546391423
ENSG00000180198,0.4826462734746496,0.6449925398625935
ENSG00000116922,0.7757087639065209,0.9052729020876857
ENSG00000143536,0.3453717235462087,0.6477448219925741
ENSG00000169509,0.2725755237179801,0.60768756921678
ENSG00000185966,0.35078761552479254,0.5782517291694702
ENSG00000163202,0.37365892801746936,0.5696128960369577
ENSG00000116863,0.9040462913326321,0.8903487364398155
ENSG00000171812,0.04216962792152927,0.011211370199846745
ENSG00000054116,0.5576099382610022,0.7381949612034769
ENSG00000116871,0.8915691305331636,0.7693364696464058
ENSG00000160094,0.38331880631762383,0.2369383855521601
ENSG00000197956,0.8168047124134036,0.7901771396921585
ENSG00000196154,0.0028480309868133425,0.0022529420663718637
ENSG00000188015,0.06096914869075116,0.11852858165566117
ENSG00000196754,0.5273783663855045,0.8331207543555729
ENSG00000188643,0.42019506052649336,0.26596175474303785
ENSG00000189334,0.7046144226866309,0.7787287634636209
ENSG00000189171,0.07685359782110245,0.19820730377450102
ENSG00000160678,0.14328697644321525,0.17183351475909348
ENSG00000160679,0.9627843953060657,0.49808021350365894
ENSG00000143553,0.6442410540190151,0.9096338314310348
ENSG00000214193,0.04778401538777064,0.11393521050009137
ENSG00000196182,0.30100420525141147,0.10776449722488625
ENSG00000181817,0.955418095095381,0.39166674942178925
ENSG00000116885,0.11745952191672718,0.0871958763270018
ENSG00000116898,0.13449813911546576,0.2146350640789631
ENSG00000142694,0.44214356084649364,0.26576239992624745
ENSG00000135823,0.2468042279991932,0.32466193165344864
ENSG00000153029,0.11404708565414745,0.12920526559976606
ENSG00000117500,0.8645547371326188,0.8945802190772579
ENSG00000122483,0.11542778331735097,0.12247297096280561
ENSG00000177868,0.916409506037937,0.9523475147599463
ENSG00000120370,0.11186371503011713,0.1372265521428347
ENSG00000004487,0.2971919702623549,0.6627030326911956
ENSG00000196734,0.5358230107282891,0.5351878457426809
ENSG00000186844,0.39565811135102125,0.544994762520463
ENSG00000235942,0.6385731362536571,0.805054149603418
ENSG00000163207,0.4391727920704813,0.6678697418610897
ENSG00000184148,0.11679286362221501,0.10897595706668876
ENSG00000163209,0.20876175159956617,0.2287518248126021
ENSG00000169469,0.696964283380894,0.8037188166210902
ENSG00000163216,0.4334905594540214,0.559031778803349
ENSG00000241794,0.22141117900939034,0.3809491866955982
ENSG00000196805,0.10150358314850755,0.19905616958650751
ENSG00000203785,0.1229744644500816,0.19958160723500792
ENSG00000244094,0.09609087513858883,0.2142174942067753
ENSG00000159516,0.4067820328035132,0.5847004436055657
ENSG00000162706,0.2890299067619448,0.26638965645712565
ENSG00000213088,0.15799848576460998,0.16252427946363388
ENSG00000179639,0.07938399791896086,0.1547370420435943
ENSG00000142661,0.9076812073759395,0.5539695093205972
ENSG00000142677,0.9148348810081841,0.6946018710735478
ENSG00000185436,0.9469966732112068,0.7434792707833107
ENSG00000163435,0.5321659495146858,0.2289159369052342
ENSG00000133067,0.9533469122327425,0.7396461656238607
ENSG00000143851,0.0052080343258076485,0.0073167174329037635
ENSG00000116991,0.5568098504409706,0.4518768362081793
ENSG00000116350,0.49011833627028123,0.8244254300476168
ENSG00000007933,0.397546677939006,0.3884248217725249
ENSG00000094963,0.4905219632266635,0.6680572260865467
ENSG00000187800,0.5184100623793594,0.37801714397988895
ENSG00000132694,0.47616384454162,0.3811229704378414
ENSG00000117036,0.4402578348021108,0.333325123059057
ENSG00000163344,0.20578052362595398,0.19124078131232541
ENSG00000163346,0.4477407637191486,0.18793460031615095
ENSG00000163348,0.39859298939952936,0.10917720449608712
ENSG00000160691,0.3559584415006921,0.41653699037811553
ENSG00000173207,0.15570086116953183,0.4298615709307987
ENSG00000160688,0.7504160586962668,0.25090033303566617
ENSG00000160685,0.15127832898918098,0.1338306966802644
ENSG00000143537,0.2828111163630589,0.3996140573563619
ENSG00000014914,0.7448623009577398,0.7228416999618348
ENSG00000264522,0.9809990788020151,0.49262747659612194
ENSG00000215784,0.6330003880163104,0.8344738984241541
ENSG00000198483,0.24740363590919395,0.24592447326115766
ENSG00000131779,0.5688150784798496,0.4740972275825922
ENSG00000271601,0.29041254033073616,0.25191642225244293
ENSG00000121851,0.9711500745684022,0.9351808891812539
ENSG00000265972,0.08703725515394924,0.10262659090396513
ENSG00000168509,0.14503397856367614,0.18065627355372227
ENSG00000271425,0.19913616909976023,0.2420193229151594
ENSG00000117533,0.5336547175822268,0.913118812191201
ENSG00000286219,0.6738027908786453,0.8561578395800523
ENSG00000116191,0.6642371561149205,0.8659642405828134
ENSG00000142621,0.9406208479405629,0.7081035750533673
ENSG00000075151,0.7963683274856177,0.5825640534165595
ENSG00000143772,0.29042638090188155,0.14826242691529698
ENSG00000163191,0.0822973155030511,0.06827020295129635
ENSG00000215853,0.26497804315907403,0.2851695634151224
ENSG00000266338,0.02463760711943043,0.00409339544341314
ENSG00000143409,0.4816800746427804,0.5074461947375994
ENSG00000060642,0.39154430567392373,0.4627810109873185
ENSG00000204160,0.717688375608116,0.5319061477061633
ENSG00000175793,0.7141143235651146,0.30641131411624895
ENSG00000142751,0.03378473681610694,0.12795897138023896
ENSG00000198746,0.1865292277022465,0.1691769057603132
ENSG00000090273,0.606327596751802,0.9558972470772392
ENSG00000253368,0.3631361160963906,0.18123132441351777
ENSG00000158246,0.47937963568995123,0.8685774856328171
ENSG00000130695,0.6669763044019585,0.8661809717191745
ENSG00000198830,0.2694482077133893,0.3124605150650762
ENSG00000158062,0.08298739797823933,0.012675840120504352
ENSG00000158615,0.450448565248348,0.7024668087162184
ENSG00000174332,0.08918894141026568,0.07115991779245825
ENSG00000058804,0.7367549315378197,0.887100163081604
ENSG00000189266,0.6157218215287361,0.5867479121182244
ENSG00000188529,0.8943771554399965,0.8650455595497903
ENSG00000158055,0.12409721466375295,0.13633327447622115
ENSG00000010165,0.915030926680731,0.674325529748008
ENSG00000197959,0.8284124576878706,0.7627605607638175
ENSG00000135845,0.24000342729422505,0.45656617052308357
ENSG00000203666,0.9634628096747211,0.5333031599936544
ENSG00000198691,0.681800298400599,0.8795787858948546
ENSG00000198625,0.10195182396347084,0.026551818047662296
ENSG00000117713,0.3370929839493039,0.20671038653864246
ENSG00000085433,0.09887177486635502,0.1447681191553408
ENSG00000143811,0.51870413713896,0.9890439115197119
ENSG00000117090,0.0006026041383820172,0.0007717688800574716
ENSG00000078618,0.5453482793757172,0.9682765531146277
ENSG00000185104,0.9825706940710096,0.5437907392711556
ENSG00000117523,0.7090340695720119,0.9160616053647425
ENSG00000132128,0.23722918722650954,0.46181244765560847
ENSG00000142973,0.8751355534498035,0.969382830587715
ENSG00000085552,0.0639938840255636,0.029817796036461713
ENSG00000143374,0.2834253221805462,0.4462042845677232
ENSG00000182134,0.3176902561418852,0.32476654030090785
ENSG00000263956,0.07221517994477113,0.02406117219102314
ENSG00000142875,0.5495213897225752,0.4878770999141816
ENSG00000134250,0.8159319935725311,0.7373337898036749
ENSG00000132849,0.39428797773566027,0.7059141201307759
ENSG00000170498,0.23040582277309898,0.2656481015037525
ENSG00000086015,0.3442832943772156,0.13131671628300057
ENSG00000196189,0.11037842066042652,0.05731912137920145
ENSG00000088280,0.03112096112786205,0.015443626299969693
ENSG00000221978,0.054844678864007845,0.044387096883182375
ENSG00000175707,0.476898261301143,0.3411803777451293
ENSG00000134258,0.7976631610245315,0.9702911459966026
ENSG00000122482,0.503997951624627,0.3809001531461408
ENSG00000187961,0.03290523397425541,0.018868003421920312
ENSG00000116604,0.8605276804005116,0.5312346242616557
ENSG00000185499,0.8827596042637659,0.70062253948391
ENSG00000154451,0.35935542355685857,0.6124425368264141
ENSG00000162595,0.13405181076018235,0.278494949591604
ENSG00000011007,0.12789313101349428,0.15645179686719363
ENSG00000117305,0.31181047418869196,0.5127519962525179
ENSG00000179163,0.028780592649357097,0.01139285908026928
ENSG00000084636,0.10501726557390423,0.16385886909719158
ENSG00000143149,0.9527835923318742,0.6716130135917924
ENSG00000203814,0.521692535017286,0.15653266961587348
ENSG00000270276,0.8505201905246683,0.2135066059118893
ENSG00000143164,0.673154034206071,0.9421908974795349
ENSG00000184678,0.6643804393850249,0.8544899028959421
ENSG00000270882,0.7384770736344766,0.8037857980450391
ENSG00000215695,0.9175903891359161,0.648349918658231
ENSG00000122435,0.6733087763120358,0.7797255084141421
ENSG00000120341,0.9529270217960072,0.781869976342555
ENSG00000142224,0.44187635733783115,0.6232016679972933
ENSG00000187180,0.27285223086557314,0.4353413632581282
ENSG00000117114,0.9595262487255604,0.9750567348892578
ENSG00000244057,0.1681655152131709,0.26066679731232567
ENSG00000179862,0.2797889388388847,0.07257769510479119
ENSG00000081277,0.1325898744707543,0.1193348559645606
ENSG00000118194,0.4000594446268594,0.638440302992139
ENSG00000159166,0.4899630181034462,0.5873907513889094
ENSG00000159173,0.033957311120864586,0.036816846721998565
ENSG00000174307,0.33527802544868873,0.31395952571424385
ENSG00000159176,0.05037271792561223,0.10350346319832379
ENSG00000198700,0.34318959759153456,0.6379035134832263
ENSG00000198892,0.4078738444751264,0.6578721471488
ENSG00000134369,0.9446340847613046,0.8742762546262243
ENSG00000050628,0.43208921454639704,0.2552989266839461
ENSG00000186364,0.8887623548124861,0.5899038275781812
ENSG00000131788,0.9876116434075617,0.9167821508124173
ENSG00000265241,0.6563323417603548,0.9593900066186075
ENSG00000116489,0.22343641352089227,0.13506627441044225
ENSG00000155366,0.5908729108230987,0.5916870361794719
ENSG00000155363,0.436610011179019,0.29407240977762833
ENSG00000273136,0.053372656270475514,0.10780296177829603
ENSG00000120656,0.08025844539487881,0.08263676397225853
ENSG00000197780,0.3567514817982068,0.20851732816438373
ENSG00000136628,0.09543927665049717,0.18291855039920832
ENSG00000162813,0.7626593700024815,0.7604467083407176
ENSG00000067704,0.2150244630792717,0.47474636480799803
ENSG00000118873,0.6566874606711977,0.9495664194610689
ENSG00000143776,0.9562778041642611,0.35288394568405423
ENSG00000132196,0.015360572832229923,0.05032740287615235
ENSG00000127603,0.7861895624255426,0.7968670511768646
ENSG00000185860,0.1747879402771778,0.0379547170812864
ENSG00000117461,0.005257298730566826,0.002460681533073557
ENSG00000117472,0.748219324117807,0.4551922741440443
ENSG00000171357,0.9587698354036795,0.6424835456693913
ENSG00000085999,0.6580168917205154,0.32635460580950854
ENSG00000085998,0.8954740404008562,0.9643403582864349
ENSG00000117475,0.7408194688052762,0.45433088872575234
ENSG00000117479,0.2551121904628737,0.40634159321656005
ENSG00000099260,0.22497097025631774,0.5747781733760127
ENSG00000116580,0.7489311265949932,0.43470741099687427
ENSG00000127125,0.06442816126030385,0.10759474054607321
ENSG00000009307,0.44051675471835094,0.5238862270013647
ENSG00000162413,0.3900835958153811,0.1519741273992421
ENSG00000116273,0.7624170703000164,0.5820536123921796
ENSG00000117153,0.572297431662544,0.8766709948484712
ENSG00000159346,0.3414403311086365,0.3920241199221004
ENSG00000159348,0.50115418074575,0.25766220198047163
ENSG00000163444,0.8112224317395077,0.5745013448214198
ENSG00000122180,0.0730806617589145,0.07915133081420968
ENSG00000163485,0.4119085378255932,0.20894124142692838
ENSG00000133055,0.027011044663188242,0.02437787085423548
ENSG00000133048,0.31400038665619273,0.6003139269251387
ENSG00000127481,0.7930332071149959,0.8258982146071684
ENSG00000053372,0.1656033160405443,0.2506619561241764
ENSG00000162482,0.47528750550393317,0.219818694380807
ENSG00000053371,0.9350349044745044,0.8318080834616446
ENSG00000040487,0.3260572507705191,0.1495372633233272
ENSG00000183155,0.12210261125419655,0.1647223893900368
ENSG00000133063,0.09592475907081359,0.027835980559782217
ENSG00000143379,0.8659352765386997,0.8161210918144032
ENSG00000007923,0.1899877573890622,0.31925236893585707
ENSG00000116731,0.13439303629545507,0.07571657786924221
ENSG00000127463,0.10998489035832908,0.24332366510919443
ENSG00000117543,0.4398589028758394,0.5606579183344044
ENSG00000164008,0.09903639694287864,0.05230092159550981
ENSG00000116406,0.8168249435072312,0.6211070516283027
ENSG00000162704,0.26635019906314816,0.30448564575310827
ENSG00000116698,0.47828223579793827,0.9475125760581912
ENSG00000121940,0.5514985406470803,0.7929622807976915
ENSG00000067606,0.6575718102454174,0.7412674746246131
ENSG00000197429,0.6361360327393464,0.47353348902428427
ENSG00000184588,0.20512290174151987,0.14679764601485962
ENSG00000163157,0.19748743780915082,0.1854477512597553
ENSG00000084070,0.014389332109252735,0.005853327392562964
ENSG00000127483,0.33134233129211677,0.14519010092599804
ENSG00000164002,0.04848669114805082,0.03201643994617383
ENSG00000133056,0.004833181325087051,0.005100184598558544
ENSG00000163159,0.4064484459960155,0.8023297071572059
ENSG00000143434,0.5757065743061325,0.30239643281641154
ENSG00000116455,0.11538003200936717,0.11368125963295643
ENSG00000116459,0.40985055293082406,0.266365050889506
ENSG00000143110,0.540123048893956,0.40608538460349397
ENSG00000282608,0.48683316136514254,0.19571828429457275
ENSG00000116473,0.08691281886036102,0.021512919166477296
ENSG00000127129,0.8149599923904303,0.8170304051543178
ENSG00000143153,0.27339594424434954,0.5198110667646136
ENSG00000183291,0.07644412275716961,0.18229914434846473
ENSG00000153936,0.6860694924217807,0.3031867396421135
ENSG00000134709,0.03101445115900447,0.059318833325074614
ENSG00000134716,0.8643999779104651,0.7470983281309483
ENSG00000181218,0.33385782333900504,0.8757991333813735
ENSG00000168159,0.1390367412923516,0.33735359421356936
ENSG00000177674,0.061098606413448484,0.047502849214534806
ENSG00000177000,0.025572912882374354,0.04865862095140493
ENSG00000137968,0.7930746588614931,0.8607836274400085
ENSG00000041988,0.4298061592309973,0.15437531549960534
ENSG00000196420,0.11581974344237667,0.032593716807964815
ENSG00000072694,0.22929547851059381,0.138587993619984
ENSG00000155367,0.14453525944688878,0.2151968725524228
ENSG00000159450,0.8192652505379532,0.5572427785323688
ENSG00000160783,0.3611951946314246,0.2750968392984556
ENSG00000066136,0.917177492338123,0.8700009529738225
ENSG00000134668,0.4267046087603902,0.3187601938139853
ENSG00000180488,0.9033742856531428,0.7497393096743687
ENSG00000142961,0.5536231116706509,0.4517548056796059
ENSG00000116754,0.7684778094436404,0.664718267444574
ENSG00000077585,0.9619227565984153,0.6464836923209836
ENSG00000086619,0.2956807212544729,0.1669906278184737
ENSG00000203786,0.2144291934417088,0.33219027447272237
ENSG00000117791,0.4217207217957769,0.23579898398394597
ENSG00000186205,0.9410575809481434,0.6415982450251816
ENSG00000123472,0.6397308610569377,0.9655916873127501
ENSG00000010803,0.49831747135379845,0.3520989233921661
ENSG00000196369,0.577292542578419,0.9731903449869993
ENSG00000143333,0.2906280601445972,0.7108257114928905
ENSG00000031698,0.02945134573852646,0.020971243742653634
ENSG00000143126,0.3930850957765243,0.5428572851047738
ENSG00000134222,0.42798706468842107,0.47152803229954277
ENSG00000134243,0.9878134631861691,0.7122669426049839
ENSG00000143106,0.9860475693656245,0.8051748546376774
ENSG00000117143,0.015524801495696105,0.020929771315102375
ENSG00000163564,0.006237987466061022,0.011999409352635392
ENSG00000163565,0.8363579263186753,0.7558392681244284
ENSG00000163568,0.9636042704416224,0.8117244984416983
ENSG00000004455,0.27067196748603284,0.3624563137328548
ENSG00000173372,0.7437311450305018,0.9587252709395725
ENSG00000159189,0.908263194299465,0.7785462591547265
ENSG00000173369,0.7782954584616397,0.9005056223098323
ENSG00000117335,0.25269600082974275,0.6226452379532053
ENSG00000180667,0.41064610139266344,0.37913649408962613
ENSG00000123689,0.6500944980474597,0.6828282400468936
ENSG00000117594,0.4449264867235504,0.6959219711067766
ENSG00000009790,0.0006940916866068429,0.0010758335223943409
ENSG00000162757,0.88380621761288,0.9243399625671654
ENSG00000117595,0.3045742128427644,0.6278516605631433
ENSG00000117597,0.5824810304716916,0.7685515040648834
ENSG00000134684,0.03673686574065296,0.03520387138284495
ENSG00000132716,0.5352527151657116,0.3281438737464877
ENSG00000162735,0.1570061533518326,0.2517924206685743
ENSG00000162739,0.0004660704914866953,0.0005476322076388711
ENSG00000066294,0.101724917539284,0.048942778580953965
ENSG00000122218,0.019305085972030504,0.040266282195584924
ENSG00000169474,0.4821046801237826,0.5846181412471481
ENSG00000118200,0.31162903373971856,0.5219604528967611
ENSG00000163362,0.634007103817661,0.7495238512664623
ENSG00000137975,0.26419193724605233,0.14616874764589444
ENSG00000016602,0.3022611533068123,0.3585065433103395
ENSG00000152904,0.34382632483515563,0.6917455874393204
ENSG00000131791,0.1618326638605382,0.3153643568832377
ENSG00000177144,0.8745661198074425,0.9693563755764416
ENSG00000162458,0.6600370363498532,0.3480381187264455
ENSG00000076864,0.6542322284814999,0.6679361332956193
ENSG00000090686,0.9423876717250632,0.8499518564259376
ENSG00000116560,0.882796198548953,0.9469871010537898
ENSG00000084072,0.11344418893894194,0.1492752244995721
ENSG00000116985,0.43311211303032704,0.1608840523969089
ENSG00000043514,0.5057533296685035,0.8449880900136624
ENSG00000116990,0.0814463395602711,0.10979535872407546
ENSG00000168389,0.7372939369750109,0.6384330168817758
ENSG00000162624,0.4160499602676575,0.19118999869043501
ENSG00000055732,0.8549464949081732,0.7205593306237514
ENSG00000143515,0.35987012524710293,0.1707149453833125
ENSG00000160753,0.6394503766604357,0.7904223978051144
ENSG00000116584,0.8744639375075449,0.6840283925948039
ENSG00000143297,0.0016577225874781585,0.0012927526449566934
ENSG00000162738,0.8716955159332762,0.7557974089325112
ENSG00000143258,0.5056264951913891,0.2800624355570919
ENSG00000254706,0.65572032144591,0.3607395520491379
ENSG00000239887,0.6992850819784655,0.4904271619058461
ENSG00000152332,0.5429628864602678,0.6259240708112019
ENSG00000162733,0.6561687812724224,0.3212317832931308
ENSG00000075391,0.1980030215075765,0.424391386936233
ENSG00000154380,0.9504357425598937,0.74610843110323
ENSG00000162676,0.1900752567784397,0.27022145257761304
ENSG00000203667,0.025510190537407475,0.048900574328072766
ENSG00000081985,0.04187781935998168,0.16281412677681978
ENSG00000162551,0.7360406364919357,0.5521401017310812
ENSG00000000971,0.871339221765969,0.728822526771363
ENSG00000054523,0.7538138426785321,0.879717270606117
ENSG00000171793,0.2767922242487853,0.18652180163026408
ENSG00000135744,0.1625192738522534,0.39248586610329395
ENSG00000084623,0.11064687784355678,0.17051341710564052
ENSG00000143612,0.08141092817276645,0.2749896453258662
ENSG00000143569,0.7809035431333559,0.8673165862165905
ENSG00000160058,0.21195691870616565,0.08571047936133751
ENSG00000142687,0.5191885036814842,0.6321346533082872
ENSG00000116586,0.41300780013427196,0.684427038547759
ENSG00000182866,0.0007391562158669902,0.0008016849885864277
ENSG00000130762,0.8929874000924144,0.7706361845477623
ENSG00000158109,0.43528803759772217,0.4667421122893969
ENSG00000116213,0.41385047020374044,0.16887622358075
ENSG00000078900,0.0024189693700736917,0.010151015185009151
ENSG00000162591,0.019869089981743884,0.0037396871133063714
ENSG00000081019,0.83739108552619,0.5561697837395883
ENSG00000134242,0.021712618419293155,0.04017327009794457
ENSG00000134262,0.5813565833548096,0.7153428428425961
ENSG00000163349,0.3277966340845117,0.29300724259808986
ENSG00000118655,0.5292172819597407,0.6519558881110465
ENSG00000162496,0.8988950889847136,0.6339684103837995
ENSG00000143669,0.539163245606634,0.5958638968799294
ENSG00000184292,0.8718416812976386,0.6987337628957924
ENSG00000162601,0.2300334708554583,0.3881341152649659
ENSG00000116661,0.9182714905129411,0.8370709624376995
ENSG00000132879,0.15938176105367877,0.08159607519961588
ENSG00000116663,0.4116850936432511,0.6925958612316845
ENSG00000117133,0.3794167994260327,0.36332568973449997
ENSG00000174021,0.21153636299045833,0.09435004088268562
ENSG00000117155,0.9872914141106429,0.8566253363180392
ENSG00000116670,0.31649796571923705,0.571239812458779
ENSG00000188610,0.5855108505540896,0.4793447714878105
ENSG00000257315,0.6617542776298776,0.5140695505861383
ENSG00000117394,0.9374544008806133,0.8844430846966206
ENSG00000162711,0.5720657229373091,0.633624391828361
ENSG00000116701,0.6104134341524541,0.5374583000022408
ENSG00000081237,0.02062082410286953,0.02118433112280179
ENSG00000125459,0.23154924609576777,0.27752984028262345
ENSG00000143365,0.2589291619413909,0.32291608769424657
ENSG00000162909,0.1950083062383095,0.1978649247634161
ENSG00000143514,0.7472040822710184,0.7476473096352729
ENSG00000116741,0.5523424979809274,0.7138959826741544
ENSG00000143575,0.037653087519018615,0.12651210063998575
ENSG00000198715,0.6309848385797556,0.9414010646331241
ENSG00000176092,0.9254041282695136,0.7230139263689587
ENSG00000143643,0.16536160440940903,0.03428564019592835
ENSG00000173409,0.8756954967426794,0.7674221142513955
ENSG00000160055,0.7014310892665103,0.7562465515491528
ENSG00000116717,0.16450580149129435,0.14612526944148355
ENSG00000172380,0.8358644047757569,0.5431301972678373
ENSG00000116729,0.16746283835442857,0.20521669295311265
ENSG00000143603,0.03554538384591774,0.012702866770633672
ENSG00000203783,0.6335509258362373,0.9562910331676021
ENSG00000203782,0.8126329932838576,0.9080121300653011
ENSG00000159527,0.5874211924562338,0.48269796652168473
ENSG00000163218,0.07446570113035314,0.19308160635383706
ENSG00000163220,0.3529185851773621,0.7664020657701938
ENSG00000163221,0.4476329789753438,0.8047611041528747
ENSG00000143546,0.24675579416941337,0.6466235867655312
ENSG00000184330,0.14269141789451734,0.40307906782697633
ENSG00000143556,0.3105480660543131,0.6258918985762677
ENSG00000186891,0.0029502159521197905,0.0003277952976674618
ENSG00000078808,0.7471966540298285,0.8948180159605365
ENSG00000176022,0.281288176136527,0.22730797866112118
ENSG00000184163,0.3780455028984966,0.1694437783868839
ENSG00000160087,0.6586943148534268,0.41643980645224055
ENSG00000162572,0.00023215713228390665,0.0008505424396731061
ENSG00000023902,0.20424853328131828,0.11407598031195312
ENSG00000143401,0.7320249077045327,0.9994943693600785
ENSG00000117362,0.3874611184328278,0.7839167022091591
ENSG00000118292,0.8392565747200602,0.723468638991871
ENSG00000159208,0.864145454220885,0.5844924711299087
ENSG00000266472,0.26280209216547207,0.43578971963337465
ENSG00000117360,0.3698878528727224,0.5363080710556676
ENSG00000131584,0.03968138831928889,0.017432102699901666
ENSG00000127054,0.28964670996602443,0.4054878828514944
ENSG00000224051,0.20473357748983315,0.2768743196938038
ENSG00000107404,0.9682798891058417,0.8726399533608442
ENSG00000162576,0.6929670480404465,0.3271970844532153
ENSG00000175756,0.5654100360572176,0.6648053847735711
ENSG00000186501,0.37014767470973475,0.28371275087031556
ENSG00000142765,0.5916663958298313,0.5131005444572755
ENSG00000142733,0.02785731146486786,0.04303876854174399
ENSG00000174950,0.013674217468427542,0.04518482638707541
ENSG00000136631,0.770089159793474,0.646962870886385
ENSG00000160712,0.2055299318804728,0.11297099530114763
ENSG00000132781,0.6993753817355826,0.3111891504302708
ENSG00000117054,0.6592465875955831,0.6164511992580475
ENSG00000179456,0.2847410573502402,0.11755506593045152
ENSG00000188807,0.7848980206575126,0.33848691504183304
ENSG00000171603,0.6893298933028407,0.7496377926453808
ENSG00000178585,0.511320299955637,0.7235122432343577
ENSG00000162441,0.10093564778856687,0.1424156577020967
ENSG00000174827,0.7155346331767707,0.5547991140124726
ENSG00000265491,0.9663191579413969,0.6581236089327802
ENSG00000186141,0.7559413548756351,0.5498123832571121
ENSG00000171608,0.0955602758371891,0.18973305926162493
ENSG00000117560,0.023992773760673526,0.08489014467358158
ENSG00000269713,0.45062347477008613,0.21379356193334592
ENSG00000162825,0.4333518438613366,0.2930352164124418
ENSG00000160818,0.2969819055060108,0.44657995780897464
ENSG00000268043,0.036444324005234514,0.01824545066067527
ENSG00000049245,0.38805448718125657,0.3380019346958498
ENSG00000049246,0.03378875780633205,0.028766404492715236
ENSG00000049249,0.18646330459032365,0.13128381315496454
ENSG00000116288,0.12364178738439183,0.18870027089594751
ENSG00000116285,0.02122810708366469,0.051872526924159626
ENSG00000162368,0.922299612188615,0.8933319956187523
ENSG00000119535,0.7844622202978232,0.5236287372581214
ENSG00000143226,0.37323239996779767,0.6226048543457563
ENSG00000082497,0.8431141249310778,0.911250204213603
ENSG00000132768,0.8427670085604692,0.7196824515133176
ENSG00000162434,0.7378320309885535,0.8695538176920056
ENSG00000142867,0.19585811476969683,0.30284483544562074
ENSG00000077152,0.18240089932275508,0.5034814068511724
ENSG00000203747,0.6149864665145353,0.836493996191623
ENSG00000162747,0.904831581497996,0.9358855413689063
ENSG00000163545,0.6479793240288776,0.7781744055632427
ENSG00000162873,0.08236951339506239,0.014571089771469814
ENSG00000186007,0.5967380060693479,0.24943829603480647
ENSG00000281406,0.07500835569684944,0.03526646008226949
ENSG00000162736,0.08599033246076918,0.1647708004709697
ENSG00000196352,0.4105088810352937,0.9986949465669244
ENSG00000092847,0.6437490182067671,0.27503998798032975
ENSG00000126070,0.5538865716506753,0.827163971409118
ENSG00000143816,0.4633592572357239,0.8564260370690405
ENSG00000143761,0.007912747428101614,0.023798647558505946
ENSG00000185630,0.27518804930998575,0.11313344853796145
ENSG00000142784,0.452224297024468,0.35887611601365177
ENSG00000158195,0.37041290569878027,0.31269980300181305
ENSG00000142748,0.0893695608615062,0.1342533371784402
ENSG00000188257,0.6408630020285576,0.5234035097696965
ENSG00000283227,0.7050533819731601,0.8659001719072679
ENSG00000286019,0.4415514182781761,0.9008710929454219
ENSG00000286106,0.4676581605017579,0.7662994588232886
ENSG00000264343,0.64726259926893,0.32485320085472785
ENSG00000243749,0.18109622831838898,0.2984455012425327
ENSG00000270629,0.27597638797458507,0.28354076090850194
ENSG00000135801,0.842369008072884,0.7897265884488097
ENSG00000186827,0.0004421334851364787,0.00040537926953060837
ENSG00000162599,0.2819913301345711,0.3463198761492441
ENSG00000143162,0.17096987746335493,0.3359518252058328
ENSG00000198821,0.004985212480595181,0.007283401690845415
ENSG00000171735,0.15322828567894242,0.3094520895575018
ENSG00000134255,0.10094457469139392,0.06494887022906988
ENSG00000120942,0.6320730753259556,0.9932443552772433
ENSG00000198793,0.9516371182101879,0.7481267714645706
ENSG00000143373,0.4110446331484807,0.1225179139395291
ENSG00000143393,0.38622835907261266,0.20192236005011996
ENSG00000143390,0.11620093356182483,0.12954215128287416
ENSG00000143416,0.03998404960046398,0.023203083070292625
ENSG00000159377,0.602490058714282,0.9799090974586612
ENSG00000143375,0.6959814356866569,0.33940396442000115
ENSG00000143367,0.4813110168855307,0.4395661617429373
ENSG00000143442,0.2575379788968806,0.09572732281847869
ENSG00000117676,0.7153980710685808,0.7634639679061717
ENSG00000117682,0.6305103571162867,0.6334845366796973
ENSG00000120948,0.54212115079037,0.7870110093056928
ENSG00000162614,0.08525385321998218,0.08169067797593507
ENSG00000162616,0.025680359263037453,0.049779070841323075
ENSG00000162613,0.024328990138924696,0.02619082581976322
ENSG00000169418,0.2541801810029331,0.10922384236566121
ENSG00000143624,0.8650629301020947,0.9772603968529452
ENSG00000143554,0.6252706575152087,0.7062919915141009
ENSG00000143614,0.4127589020108341,0.1538689913308729
ENSG00000171385,0.5721024080580293,0.7380288077880519
ENSG00000078369,0.26214737649085357,0.4488226393230489
ENSG00000168765,0.627267684587178,0.5031745912109468
ENSG00000213366,0.5998847242852579,0.30702607084514466
ENSG00000134184,0.833246549626294,0.8346215616289581
ENSG00000134201,0.4730525095869348,0.8220715165376515
ENSG00000134202,0.5601155700767948,0.47780345948412883
ENSG00000143702,0.7848127959158806,0.3782762670619797
ENSG00000135835,0.5112553392743961,0.3918222633134485
ENSG00000169174,0.767169942110794,0.4618667895047367
ENSG00000162402,0.30418676150452206,0.2398748184645487
ENSG00000122417,0.17271321971982914,0.2288737779514615
ENSG00000183853,0.4415263565074615,0.4639073018239712
ENSG00000074800,0.00790101164753399,0.008210238986991789
ENSG00000142599,0.46788312044319647,0.1715476812431936
ENSG00000143622,0.12200100828150356,0.259200465984141
ENSG00000153187,0.3754430926595883,0.45560883468841307
ENSG00000065526,0.6736684510587562,0.3959112913082373
ENSG00000162585,0.8302101451730839,0.9740391122824728
ENSG00000157933,0.7989890661953275,0.6083806382427659
ENSG00000162923,0.5675384156557015,0.8413039011415658
ENSG00000117139,0.8891839709799902,0.9775171047597918
ENSG00000077157,0.13813832683595828,0.11893347337568766
ENSG00000116199,0.6844983645916909,0.725955509604274
ENSG00000186283,0.7339337936499016,0.3035287978603777
ENSG00000143322,0.03853802426636293,0.1443029063958816
ENSG00000181773,0.7787734461999878,0.686619117308942
ENSG00000077522,0.06497703141669742,0.07157311191820515
ENSG00000169905,0.21526070446493653,0.47236060173359773
ENSG00000143337,0.24561574999541438,0.38556540570497355
ENSG00000116260,0.9031798575024492,0.9213943558380064
ENSG00000097033,0.11824738258941264,0.1365818066298385
ENSG00000143549,0.0175523193960279,0.017776329558039743
ENSG00000169504,0.39597891188161183,0.548181949445421
ENSG00000133226,0.7559763058102955,0.9295482299926447
ENSG00000285053,0.8290465294854246,0.6064288432794118
ENSG00000188783,0.18676042849389715,0.032852728360175325
ENSG00000058668,0.4597936362184091,0.3797655851879347
ENSG00000125944,0.49630605035103814,0.6367226314811536
ENSG00000077549,0.343766831013962,0.40691869523017754
ENSG00000173436,0.04498960901030849,0.012954916352357524
ENSG00000158747,0.3114065607910816,0.11982278861945415
ENSG00000020633,0.08500782981862179,0.06689828956504074
ENSG00000070831,0.17095936568217007,0.13229420777918768
ENSG00000122176,0.038118035644674204,0.02068129457275389
ENSG00000131778,0.06851675529942922,0.1559982929103865
ENSG00000060718,0.3772912269940577,0.8628289674484834
ENSG00000135837,0.6633872661643212,0.3735349349995527
ENSG00000085832,0.7957860694494638,0.8287639721337298
ENSG00000134686,0.4736670163073059,0.8831000404379279
ENSG00000159023,0.5202927724047094,0.4957984166911489
ENSG00000159388,0.7161042036411511,0.7172409487448785
ENSG00000069424,0.245050757935119,0.06931037866078671
ENSG00000116251,0.1353283187052741,0.36066801879132593
ENSG00000158286,0.011589186838046564,0.005647486993288079
ENSG00000116237,0.8396545690812153,0.662792294871609
ENSG00000158292,0.5560463993607496,0.8090420002561438
ENSG00000069812,0.5927268063365903,0.8684152116439097
ENSG00000117569,0.6116060982277572,0.47720202256728594
ENSG00000169972,0.6510695241302962,0.6097471561816665
ENSG00000178104,0.22168761169995074,0.2807419290879148
ENSG00000117152,0.2576884947058097,0.2798545907138656
ENSG00000117724,0.44169678956092295,0.6872438878147942
ENSG00000160767,0.2234170729892538,0.39321141114232405
ENSG00000157216,0.42493196539967026,0.43488481381681565
ENSG00000169641,0.5621650628757611,0.47803586257050434
ENSG00000067208,0.5609089469398516,0.45808593986238266
ENSG00000143774,0.11181747104765033,0.10561006320861356
ENSG00000169991,0.21884586470008072,0.40174126728384385
ENSG00000097021,0.7063343916786824,0.6377398604403492
ENSG00000187017,0.7331909768501992,0.2625419995930464
ENSG00000162437,0.4309649161096297,0.18143641736105395
ENSG00000197562,0.7812398857899365,0.5876520903915617
ENSG00000167930,0.9693011030027743,0.5978030705489507
ENSG00000103126,0.7847778913234336,0.43124688841444625
ENSG00000167972,0.4792543118908348,0.2286750305992997
ENSG00000267795,0.4709236416238767,0.12833757997362197
ENSG00000131634,0.045285420337083465,0.016701040260026615
ENSG00000168096,0.029929656927792505,0.004590408775728647
ENSG00000059145,0.3147041350843953,0.197643377385033
ENSG00000187535,0.021420655035351264,0.003029501617549099
ENSG00000140632,0.8867277718641723,0.7988005258443671
ENSG00000260342,0.5503115157296963,0.8688335122250801
ENSG00000089486,0.42840737899683434,0.23274823597827665
ENSG00000103489,0.6895878953407035,0.5523817457332005
ENSG00000162104,0.3824039999804133,0.4343234331361727
ENSG00000103381,0.7753923522816609,0.8364826673436504
ENSG00000103199,0.04008040333293985,0.005475266850048351
ENSG00000103534,0.2396117301602838,0.1290858859789142
ENSG00000005339,0.45706090229730467,0.24907830844125353
ENSG00000134419,0.15502434638924686,0.41062164300279513
ENSG00000007376,0.07063417056805946,0.02563088594444173
ENSG00000168447,0.21344558348410625,0.18517616748939272
ENSG00000102858,0.7586906692493142,0.46045328871704927
ENSG00000103528,0.2855613977499972,0.7429402120987375
ENSG00000166828,0.03810340017544984,0.054499767216583776
ENSG00000170537,0.21056820678825888,0.1955290614554122
ENSG00000130731,0.5761024756328136,0.8566569193237049
ENSG00000090905,0.40481634191610383,0.44661015181449815
ENSG00000048471,0.1863339291725092,0.131776176511758
ENSG00000058600,0.8893952350316919,0.5408884206207362
ENSG00000153443,0.5050985606259581,0.2341205350665301
ENSG00000127586,0.296295025272283,0.17010975085775834
ENSG00000170540,0.018266452593242163,0.05479436080971085
ENSG00000091651,0.02127026031795758,0.05107846966940429
ENSG00000171208,0.02775709279990455,0.04982418447705147
ENSG00000196470,0.36904348399697373,0.4842830998228298
ENSG00000069345,0.0001639853224515441,0.00021838195919094628
ENSG00000067365,0.31645633339011814,0.09299870749233238
ENSG00000155330,0.0011621391301321225,0.006781928218709026
ENSG00000103485,0.6949905290716009,0.6661655609569856
ENSG00000102910,0.07059166674116349,0.18427661242923918
ENSG00000156968,0.22091804075933605,0.05751627749266772
ENSG00000166123,0.7708010698052155,0.8370245268129708
ENSG00000102921,0.5925248729473399,0.39754784625397355
ENSG00000129636,0.034903319167141206,0.10096804555762605
ENSG00000102900,0.29033702154693225,0.633605894650495
ENSG00000171241,0.024861760658202642,0.017099260321601667
ENSG00000167186,0.7984494468729051,0.8685923869083053
ENSG00000122299,0.6613738190593821,0.7508488805390676
ENSG00000087245,0.8662312091142257,0.9591351210962845
ENSG00000102970,0.08273085278357936,0.06385544560618822
ENSG00000007545,0.10921534715663007,0.07031412985641348
ENSG00000006007,0.04180961203384762,0.27129992471891495
ENSG00000102962,0.0004047550852299743,0.0006333539643042232
ENSG00000256812,0.693156180009818,0.5726037535174511
ENSG00000135720,0.18857548017441345,0.3547077511644907
ENSG00000141076,0.022444622138688624,0.05122516878075315
ENSG00000087253,0.12209192293165795,0.09562288762810403
ENSG00000103089,0.3360099267558941,0.1344528484169109
ENSG00000177508,0.35066862141054067,0.3807257875698664
ENSG00000118557,0.7458450592163787,0.5218805835377407
ENSG00000178573,0.2819551468477815,0.5273587455946684
ENSG00000103047,0.23194298496047233,0.45108350944124376
ENSG00000159593,0.2160482076779732,0.4626380774351464
ENSG00000088682,0.019797639065271187,0.06652916248126246
ENSG00000070761,0.02006115169069366,0.054977655401160855
ENSG00000131153,0.5881326777588665,0.9126834621096537
ENSG00000135736,0.8207334976403915,0.5251664816587208
ENSG00000176692,0.21260138783552787,0.17812750916676737
ENSG00000050820,0.09590340361530054,0.0945461532761532
ENSG00000205078,0.4544036467053222,0.26502049209109707
ENSG00000131149,0.6313272881559487,0.9360619617106838
ENSG00000103111,0.9442591960731282,0.6813911426328689
ENSG00000184939,0.8169033204698556,0.7155121225188413
ENSG00000103175,0.005147066612560003,0.009127204055832512
ENSG00000140948,0.9927780509750845,0.6784546056739358
ENSG00000172840,0.789113682118356,0.672138309365045
ENSG00000135686,0.5933288072658367,0.9251061203905695
ENSG00000168404,0.6820536030218266,0.5329445527951784
ENSG00000005194,0.0024422289955159195,0.006588652679926406
ENSG00000140937,0.9514408844099526,0.6571767014693035
ENSG00000140950,0.1992713539625578,0.039483484094732686
ENSG00000103091,0.7259104402470223,0.8032772090486506
ENSG00000103248,0.9834822506768314,0.8421553965790286
ENSG00000103257,0.047488206084536855,0.021207717754891914
ENSG00000104731,0.36190512425152,0.7172572511540353
ENSG00000103335,0.9846703043873412,0.8817349094463909
ENSG00000006210,0.6264055073769026,0.31167662232123133
ENSG00000153774,0.0022400786928205127,0.02226312289032402
ENSG00000140876,0.05070512083793903,0.03663504518538181
ENSG00000176678,0.11788795402069283,0.17726891069720374
ENSG00000184517,0.23675045161456207,0.4018132429780156
ENSG00000140836,0.4681857437661072,0.9564187525190037
ENSG00000168411,0.6612372915823295,0.8185244271746105
ENSG00000186187,0.5239978847728384,0.35463422934288424
ENSG00000140718,0.12346765844026436,0.3672021805284954
ENSG00000103187,0.6886019755281398,0.5513644825499344
ENSG00000103121,0.0035525615669968875,0.030047195415185496
ENSG00000102978,0.0019713841888921333,0.013396265365326841
ENSG00000118900,0.8948417583602933,0.8149757069008151
ENSG00000154102,0.05805165876968063,0.17186869495372248
ENSG00000103241,0.19778062799234097,0.09570801453196481
ENSG00000166446,0.9897808141309756,0.927700071273417
ENSG00000183793,0.0730448183845868,0.07638033310474251
ENSG00000131650,0.77736092785424,0.4937412657365179
ENSG00000127564,0.9944492181868199,0.9822647678001801
ENSG00000162073,0.5584970797332035,0.35161186455301974
ENSG00000184697,0.7262896644412319,0.6179433318078595
ENSG00000131652,0.6844703956608589,0.5078926634591817
ENSG00000162069,0.09095637681686675,0.12364851089110394
ENSG00000085644,0.46709327314650584,0.45071240580643057
ENSG00000140993,0.5250785794831923,0.2467913923858312
ENSG00000103343,0.569056916200761,0.2039547242850899
ENSG00000167981,0.4051598595014878,0.2518922668595912
ENSG00000122390,0.5701507624787941,0.2450047688104162
ENSG00000103351,0.8638241185360241,0.3863510272555011
ENSG00000126602,0.2489596549682682,0.7183946134481979
ENSG00000185739,0.7741360784981621,0.7499914420252503
ENSG00000090447,0.7665366160145691,0.3678720423418317
ENSG00000126603,0.6935487997466621,0.8229954130931487
ENSG00000217930,0.44187563211434333,0.7577642056329079
ENSG00000262246,0.42999257680362335,0.16879943680479859
ENSG00000168140,0.7364887234341182,0.8195894294271145
ENSG00000103423,0.19019446697343706,0.5025931650724018
ENSG00000103415,0.9378714488479458,0.532711175050729
ENSG00000281991,0.39533023029495573,0.20401363745059137
ENSG00000156873,0.545882513380412,0.25554484871556093
ENSG00000196118,0.04631703120061612,0.016701082132316303
ENSG00000102870,0.45876344797964896,0.13898188818013105
ENSG00000175938,0.6779383464977159,0.9740444209739785
ENSG00000099377,0.02206206143806488,0.01668160508216514
ENSG00000103496,0.859222625371338,0.8180923400542397
ENSG00000167394,0.08087291273408284,0.04237109018201559
ENSG00000167395,0.12086590571572238,0.08137036284893782
ENSG00000167397,0.47397585546450205,0.618863132715477
ENSG00000103507,0.13018672805471693,0.23598090928637627
ENSG00000103510,0.4600901365288427,0.1540979653102163
ENSG00000052344,0.27517508589359585,0.4082906605344633
ENSG00000103490,0.5035205044635274,0.8729611492683713
ENSG00000177238,0.8350983439807537,0.9130361133020932
ENSG00000103174,0.3576000292828624,0.307666573606728
ENSG00000118894,0.1110150856316399,0.19525128114485205
ENSG00000102891,0.8026319960026119,0.5928413971810413
ENSG00000125148,0.005291219392094759,0.003104466853170136
ENSG00000169715,0.04122045305143815,0.04145816927817196
ENSG00000205364,0.8028484989266889,0.6406047548431242
ENSG00000205362,0.22702269464655106,0.37638709685700944
ENSG00000198417,0.044723780803194176,0.10190875040299754
ENSG00000187193,0.014123351576400838,0.016008103227649874
ENSG00000103316,0.010472377661473884,0.011357767313141573
ENSG00000140740,0.2529334615278274,0.41811201898050887
ENSG00000188322,0.15358862847560367,0.027321287420638853
ENSG00000176476,0.3126843259695739,0.0925964426821067
ENSG00000178952,0.17882444073849696,0.5230468162645806
ENSG00000177548,0.006070417392164828,0.0018149089856876776
ENSG00000177455,0.00039517583091224715,0.0005305788178171404
ENSG00000169682,0.40014551072955784,0.7609052191008128
ENSG00000197471,0.040185354538989804,0.04051997556776618
ENSG00000149930,0.1653144610922158,0.13606346662074117
ENSG00000149929,0.7340381274600366,0.5317404366888668
ENSG00000169592,0.8749322381287079,0.7685122769158131
ENSG00000149923,0.10776850028453615,0.18720461522157072
ENSG00000090238,0.05401086173985788,0.02861140756903381
ENSG00000102886,0.29620040097622263,0.7028908670332524
ENSG00000102882,0.8355945253506153,0.6815332871899503
ENSG00000169627,0.5478142309821847,0.6872357919551917
ENSG00000169217,0.2809235626245116,0.4794434862488327
ENSG00000169221,0.7031815954484468,0.9622159802627848
ENSG00000132207,0.5560287578398937,0.4330722397093014
ENSG00000213648,0.9402039822496898,0.8014825073033377
ENSG00000198848,0.13016716179703652,0.23060892001826402
ENSG00000090863,0.1240845189906905,0.2757107303325423
ENSG00000260456,0.5796000050913727,0.8687014196459841
ENSG00000186260,0.36287079221604435,0.26904271877523694
ENSG00000205609,0.9011409263135217,0.9538189118328387
ENSG00000225614,0.5807350436177088,0.3224632493166879
ENSG00000184110,0.41610383493385694,0.6179821950195634
ENSG00000007541,0.7808532579826896,0.8731823949126676
ENSG00000196296,0.7227528231889773,0.9911469528021257
ENSG00000089280,0.47356502215584917,0.37489806017371985
ENSG00000205358,0.9135641640147513,0.6975104292483264
ENSG00000087250,0.9922868310600045,0.7334566400753157
ENSG00000185615,0.620935139972844,0.5660728495677705
ENSG00000006327,0.0031783677843877714,0.002223695855473956
ENSG00000103145,0.5843160512280061,0.7876440736723084
ENSG00000181938,0.9451899073263299,0.8906921369693623
ENSG00000103227,0.05153795817790298,0.02386291202096735
ENSG00000159387,0.24712682469224578,0.07907007233461037
ENSG00000067836,0.5742871147070048,0.5338371190278122
ENSG00000155666,0.07807876596786954,0.08711042946486484
ENSG00000169900,0.07197138274144821,0.03584837290055992
ENSG00000261052,0.13816590778108523,0.0805192605474256
ENSG00000175643,0.6401325264367852,0.329744464545441
ENSG00000184602,0.21738324623751967,0.3899305501904857
ENSG00000166454,0.5960893417686846,0.5095770192861631
ENSG00000260643,0.6307829366384656,0.7368298228190497
ENSG00000140905,0.3735885341747903,0.7451768800573877
ENSG00000090857,0.3666646638075949,0.23819697715127092
ENSG00000223496,0.05001948786915867,0.0944894937999762
ENSG00000157349,0.801715657019773,0.9867218497771928
ENSG00000260537,0.5165214610266503,0.5362856650328964
ENSG00000168872,0.014769374303646074,0.0322368871180199
ENSG00000157350,0.317311420635675,0.24365047159199316
ENSG00000157353,0.07549451098106671,0.03210589739098281
ENSG00000189091,0.3280815166184311,0.6072773513614438
ENSG00000090861,0.0445497342939973,0.09891141682202757
ENSG00000166822,0.4013733890168364,0.5861928988051861
ENSG00000183196,0.16041223964808002,0.02621125428863616
ENSG00000034713,0.037308558648072795,0.13664618645048793
ENSG00000166848,0.11210351264566441,0.3659657970921153
ENSG00000159461,0.11988964691203009,0.20719979183327178
ENSG00000087263,0.10704876470425419,0.26734703001779986
ENSG00000065427,0.0034688217067523923,0.012373787411958301
ENSG00000261609,0.521946259287537,0.23445634623010933
ENSG00000007384,0.8953368971141792,0.9608843546323521
ENSG00000103148,0.59270902103516,0.5866518502906239
ENSG00000188536,0.2686607344800044,0.25110103094728353
ENSG00000206172,0.4035966518922064,0.35424083583194976
ENSG00000182810,0.21187021312197718,0.30607122496559436
ENSG00000072736,0.2099128380100203,0.07022193788394133
ENSG00000103067,0.7895152788600208,0.8484319357700133
ENSG00000103066,0.12947838818316956,0.3640978915366365
ENSG00000103064,0.8815049854348906,0.957839683346665
ENSG00000103061,0.11937948403658187,0.1889728466883637
ENSG00000103056,0.031454677414648156,0.032576506718049354
ENSG00000140961,0.08477173571085997,0.16448707469316698
ENSG00000103160,0.7283895606414648,0.9222846979551756
ENSG00000154099,0.23249936476810126,0.08156649267074961
ENSG00000169896,0.3859727616929435,0.12429452045329321
ENSG00000140678,0.316607975395483,0.1107964740443197
ENSG00000156885,0.039939039350989615,0.042089711668952735
ENSG00000140691,0.05041916796770552,0.0772467836159178
ENSG00000140682,0.8284596372328249,0.945504291473248
ENSG00000140688,0.035217683776237844,0.05906807762192092
ENSG00000103502,0.2040609039194962,0.41491452342379076
ENSG00000174939,0.582863511086755,0.2820922733195497
ENSG00000149925,0.0018003811077659194,0.008257366182676263
ENSG00000074071,0.5463194031187382,0.42191760346343044
ENSG00000095906,0.7265093586637528,0.6641254409510002
ENSG00000063854,0.919979832402393,0.7845775861798566
ENSG00000162040,0.004982690712863137,0.001077697982029078
ENSG00000103043,0.9602294454557132,0.6984634381230104
ENSG00000103274,0.628215833376247,0.6492014789284086
ENSG00000182108,0.27405986786525754,0.6147402557531276
ENSG00000168434,0.9027549132995432,0.6889281215511243
ENSG00000103365,0.10403891613906728,0.027950598685249167
ENSG00000103356,0.23621665599560399,0.09744235597870808
ENSG00000103353,0.35352527254620825,0.65943173088492
ENSG00000004779,0.1641675433102855,0.4495768875121783
ENSG00000166847,0.2537083355202086,0.3161105049770599
ENSG00000166851,0.04041439595926443,0.04435826703620582
ENSG00000206053,0.14937313177158562,0.14407022551477625
ENSG00000162063,0.8907682479098117,0.92947258737162
ENSG00000162062,0.4786563661661135,0.29072484075967386
ENSG00000185883,0.36597322933406606,0.5338896055868858
ENSG00000205923,0.22183189305763326,0.18756483737640398
ENSG00000140992,0.5882021302225185,0.5483921471218496
ENSG00000162065,0.4166273540210069,0.25834758209862346
ENSG00000166783,0.6115323829268935,0.5900545261212962
ENSG00000072864,0.29155046577532606,0.4159241451269321
ENSG00000103260,0.512293836308638,0.5816365613791487
ENSG00000103254,0.17440440785269035,0.16355623118186197
ENSG00000103245,0.05773660093232345,0.008559975842118948
ENSG00000102854,0.476497365628367,0.3505692086010066
ENSG00000197912,0.4680190109989276,0.789553097016376
ENSG00000178773,0.23409001583492717,0.07157197113375909
ENSG00000185324,0.2598530528379151,0.3235308624501919
ENSG00000158792,0.5648858837561292,0.8965848220019115
ENSG00000075399,0.2934066505572969,0.25182547246407244
ENSG00000131165,0.08575136135731248,0.13273475436857254
ENSG00000150281,0.2603293152254148,0.04325813752434073
ENSG00000103194,0.0024391521027810063,0.006727268294429986
ENSG00000064270,0.1285465620748109,0.2204788205978302
ENSG00000010539,0.2647719083039324,0.20717335545614646
ENSG00000007392,0.31909118373066014,0.3881789867335367
ENSG00000162086,0.12657189525675933,0.09232499901329135
ENSG00000169180,0.6942442156074699,0.8151537919009573
ENSG00000122386,0.04750234167522097,0.014143655113879133
ENSG00000166816,0.48984683499933757,0.2969607044369411
ENSG00000059122,0.48513237167068435,0.32230740179710193
ENSG00000166164,0.5079873329773298,0.8473025900157918
ENSG00000167526,0.09145142587292916,0.32088813419358597
ENSG00000205336,0.022556397937967647,0.03978704568070914
ENSG00000140854,0.6703617847917864,0.968877450506739
ENSG00000083799,0.7020887979541031,0.6528161807190274
ENSG00000166971,0.7730776005315383,0.846548226218553
ENSG00000204991,0.25705004617010685,0.07846341754550336
ENSG00000141002,0.6991083731735441,0.8626517754464438
ENSG00000258839,0.6756999521448828,0.8533669787221831
ENSG00000141013,0.4666528864338092,0.8298311445657167
ENSG00000003249,0.4768169430231335,0.1844537342095126
ENSG00000051108,0.07905360380497166,0.04072829393563458
ENSG00000140848,0.958288725725328,0.6577679763782711
ENSG00000172775,0.08398068058936868,0.16932464359678825
ENSG00000102931,0.07435893436311543,0.1187272866655594
ENSG00000125149,0.4333986847699156,0.7275726909105007
ENSG00000237172,0.8402965529244245,0.6010903703636286
ENSG00000102871,0.7950703560255291,0.7943427757704764
ENSG00000135722,0.2859255721677819,0.09555136791173183
ENSG00000196123,0.218691628110062,0.05169599051180972
ENSG00000179044,0.0551089670934114,0.0353241833702476
ENSG00000205250,0.06780321597071555,0.18966324359463024
ENSG00000102890,0.4907807233929834,0.43891653709332323
ENSG00000168701,0.006175352010712996,0.01191840870184455
ENSG00000135723,0.3854649146450322,0.2610749085697086
ENSG00000159713,0.0589073163742709,0.08303900988894139
ENSG00000159714,0.4287688665966113,0.18456083844960358
ENSG00000176387,0.973937447938234,0.3718379273944774
ENSG00000183889,0.21244910537461242,0.12736587165839802
ENSG00000260914,0.08244304050329575,0.1931482309877733
ENSG00000132612,0.28285653383718073,0.4144027660952466
ENSG00000213380,0.5240229442295374,0.7799643516080026
ENSG00000258429,0.2818179437746213,0.48747726689702575
ENSG00000272617,0.012133832932506321,0.03568567827055708
ENSG00000132603,0.006046385035015112,0.010069148274895167
ENSG00000132604,0.1631291568882154,0.5295936250822202
ENSG00000176715,0.3366526341685161,0.1438623776289362
ENSG00000170100,0.48663007556347215,0.28688954518870224
ENSG00000196557,0.23442726312787732,0.10382263690856874
ENSG00000197253,0.07116058266057958,0.08764437935562965
ENSG00000172236,0.0006892534210152344,0.003312278607183212
ENSG00000095917,0.009032068332144542,0.015529269047735864
ENSG00000103275,0.40317860311352594,0.611221373914397
ENSG00000007516,0.37612938766776893,0.22060495589500947
ENSG00000007520,0.9374667548444515,0.9190230497136265
ENSG00000133393,0.5410504107548088,0.6572509324151243
ENSG00000180035,0.1643072232714391,0.02509409162155747
ENSG00000179965,0.37942817320106015,0.06984323396722349
ENSG00000179918,0.22295763125770232,0.3776302558317871
ENSG00000169957,0.841003547261638,0.4330209695709324
ENSG00000169951,0.27792844346407275,0.09509390249152255
ENSG00000197162,0.0627824316747936,0.013671846471087098
ENSG00000156853,0.358739285148008,0.2957147042354358
ENSG00000156858,0.705036376607914,0.3605477029209734
ENSG00000156860,0.5808258988613123,0.38927066281612055
ENSG00000005844,0.015167863094786007,0.021358906732115313
ENSG00000070770,0.02301017553613679,0.140784704312151
ENSG00000179958,0.91891937794654,0.6135154369582234
ENSG00000103222,0.8320215553665746,0.9497079380801321
ENSG00000102935,0.22100368651938537,0.07436849977490953
ENSG00000121281,0.7629455070431345,0.577559719981129
ENSG00000121274,0.15092547547478263,0.1056456991642635
ENSG00000179776,0.23839903762332657,0.2303739489160517
ENSG00000217555,0.9618629332071185,0.7968748964216996
ENSG00000254788,0.19557215798960445,0.09132660325962884
ENSG00000140931,0.8965375669920144,0.49024921758090867
ENSG00000183723,0.2103799631100186,0.5231284162941101
ENSG00000188603,0.9228728364379579,0.5958144735651252
ENSG00000166780,0.9260617376573175,0.6756579090791975
ENSG00000133392,0.1359410329885807,0.3356541509038689
ENSG00000176046,0.10823033914479833,0.03746418142236799
ENSG00000166548,0.8164679542469818,0.9599135848026327
ENSG00000167977,0.115106399585114,0.14329130687722727
ENSG00000172382,0.13659189643344066,0.22426950915746802
ENSG00000007038,0.7838185188225035,0.7966057544641142
ENSG00000005001,0.903992599508669,0.4562491799425429
ENSG00000140995,0.40695320041113914,0.5710559274208618
ENSG00000103168,0.9080570538139255,0.5731295037497608
ENSG00000011638,0.1543204482185323,0.48212695180922494
ENSG00000162066,0.5026600478883171,0.5268231803075984
ENSG00000099364,0.3467913193272094,0.24400779995286173
ENSG00000099385,0.5645006428679276,0.34538177131111425
ENSG00000103549,0.6905840622845868,0.9726213377084377
ENSG00000153066,0.7921232621690167,0.8479268516159909
ENSG00000153406,0.492492541650012,0.35911063908417806
ENSG00000103253,0.12138170357229314,0.028785778714018856
ENSG00000089505,0.43130198195104597,0.24643179455613826
ENSG00000062038,0.4508561859207927,0.15873102590531027
ENSG00000039068,0.625693081462752,0.8436967560240058
ENSG00000169347,0.09563208291320754,0.05378675811535059
ENSG00000008516,0.002249047305338226,0.02358135974941793
ENSG00000103037,0.6659868916426914,0.8861730073954048
ENSG00000125107,0.38106809943463504,0.4758142594582355
ENSG00000103042,0.04617846934057978,0.056491302198633915
ENSG00000125166,0.006864928333493365,0.02213199227944774
ENSG00000103479,0.7645408657176344,0.9035546503597623
ENSG00000103494,0.16569930211100306,0.4849818016221875
ENSG00000258947,0.1740592674281276,0.0972675160443931
ENSG00000065457,0.02989480666890283,0.09161239726391197
ENSG00000070729,0.8544511065054942,0.34900662468659605
ENSG00000159579,0.023722365174075978,0.0541949793849247
ENSG00000189067,0.2964090886186473,0.28509627760693224
ENSG00000213853,0.38896842424274125,0.6659201250129465
ENSG00000166188,0.60942939557819,0.47453881347604787
ENSG00000229809,0.08171655582747687,0.047600415366516984
ENSG00000166451,0.12658992535509406,0.24231755684970735
ENSG00000205423,0.06831394003726615,0.04373080534357413
ENSG00000205730,0.7905346419016624,0.4957201943190709
ENSG00000196155,0.1397615504720002,0.01832939910895962
ENSG00000090581,0.6008609856408003,0.3356058154308344
ENSG00000005187,0.42848227437738273,0.20884957967884094
ENSG00000066654,0.5310619303783797,0.8168443834588877
ENSG00000005189,0.924561196530249,0.6944631437806459
ENSG00000183044,0.6701613441850476,0.45909996487433746
ENSG00000184857,0.4432545300875942,0.9749383242588037
ENSG00000153048,0.456987698940828,0.7704316722293251
ENSG00000086504,0.24414372543360424,0.2536369849580132
ENSG00000129925,0.547427881108956,0.6601482673854866
ENSG00000103202,0.8328192172473566,0.41365167714477447
ENSG00000242612,0.5937468345160326,0.5566634625547402
ENSG00000125144,0.822059056156643,0.8285738596750936
ENSG00000157429,0.23347286762971112,0.07682716470629179
ENSG00000140832,0.12744071238564292,0.39951636946471036
ENSG00000040199,0.7144298962845386,0.4591510977023575
ENSG00000166747,0.2717417075802454,0.3155830821776089
ENSG00000103546,0.7900839591338176,0.6161546167994247
ENSG00000186153,0.4467665325841955,0.9578566299953133
ENSG00000175595,0.9851271513469856,0.8113733068758264
ENSG00000118898,0.615281009547932,0.6719309522575843
ENSG00000033011,0.236833190501981,0.161550184843077
ENSG00000166869,0.7732702595306711,0.9030151354717193
ENSG00000166501,0.010374105984752382,0.012520077756048449
ENSG00000122257,0.4661957047724642,0.273990281379475
ENSG00000182831,0.2523035377008539,0.3141788988817834
ENSG00000140650,0.09860844802181094,0.08360875979186382
ENSG00000167005,0.05285989816002451,0.163384350679362
ENSG00000125124,0.12388128928457931,0.36213434642372333
ENSG00000224470,0.8963455369746186,0.8305143606713095
ENSG00000182149,0.054003593491157076,0.07992326775517863
ENSG00000102984,0.8432675717817036,0.5506842118400652
ENSG00000102967,0.52228954285921,0.9365893881821283
ENSG00000140830,0.23909613833379814,0.4383876371573542
ENSG00000140829,0.7128717131775077,0.9350833274736601
ENSG00000166592,0.6080245392011219,0.5811511427115993
ENSG00000166595,0.05431963505636661,0.19943197162927473
ENSG00000172831,0.9832823214752587,0.5729375203041178
ENSG00000172828,0.049774808633885705,0.008987846171993259
ENSG00000067955,0.4955956599616639,0.7797776086745267
ENSG00000102878,0.4237847274030213,0.16509123081788196
ENSG00000099381,0.2538273916482452,0.08286533729946731
ENSG00000103024,0.6393371940828624,0.4843560652354949
ENSG00000285043,0.9703524844848676,0.5093878742185101
ENSG00000185338,0.014797311151020159,0.015498901561007996
ENSG00000213918,0.059757539395690916,0.019899072725212092
ENSG00000168488,0.7380876991399121,0.5837751997718563
ENSG00000167523,0.35876106590237455,0.17221009148912897
ENSG00000103404,0.4701283705794418,0.8504713422767545
ENSG00000008517,0.4784785383412443,0.5332516628072825
ENSG00000185947,0.7487561500060033,0.42006905879209344
ENSG00000270472,0.002468050665911052,0.0005184863380873195
ENSG00000177200,0.4690429891865945,0.19068383648173157
ENSG00000174938,0.5258106399209784,0.9551210303567479
ENSG00000180209,0.04254023145838191,0.0404603499005599
ENSG00000180917,0.8485837130439037,0.9919955629452172
ENSG00000172137,0.3735290903926626,0.2757170379517819
ENSG00000167377,0.9891305924155583,0.6345283760748479
ENSG00000185905,0.08152969211235465,0.13936127370354995
ENSG00000280789,0.20033622414614818,0.15534290929087283
ENSG00000013364,0.42458136598934215,0.3675032510995244
ENSG00000079616,0.9813654347784911,0.8045693239795743
ENSG00000138834,0.15953294034845675,0.06857425766603985
ENSG00000103196,0.9480904231364071,0.6433009961978152
ENSG00000153786,0.15550400757297256,0.27043856272885425
ENSG00000135709,0.22742468986436762,0.23983788721552948
ENSG00000140743,0.5780144666780449,0.8361146644254209
ENSG00000196678,0.7308115949842323,0.9245521029184556
ENSG00000188215,0.9890376139753497,0.9002624877675129
ENSG00000102897,0.7855201533902868,0.9464080186952334
ENSG00000162078,0.008429406105265946,0.0054604695353413805
ENSG00000132600,0.06774598126324803,0.09557174296115785
ENSG00000176842,0.03786001883598044,0.023309715415393055
ENSG00000132613,0.9301902912230833,0.8409417856329577
ENSG00000140987,0.8513070544824093,0.5877683641541411
ENSG00000184730,0.020485664014267702,0.013993777706082842
ENSG00000185864,0.040348871663087996,0.01652551697602433
ENSG00000149922,0.10239306157316137,0.018812830858421326
ENSG00000167208,0.014536749874104263,0.022367831692475817
ENSG00000153815,0.08855943790397504,0.1710010468530548
ENSG00000159720,0.21686700816571106,0.1678366270135544
ENSG00000103021,0.031976635732198784,0.07260160654025379
ENSG00000157106,0.7227469987551428,0.49862747639716964
ENSG00000167522,0.4424480307219041,0.9956412134588631
ENSG00000257017,0.5905741061794653,0.6223515339625351
ENSG00000180096,0.00016023416636939562,0.00036495225219241944
ENSG00000157368,0.008143318302894316,0.0016020142314633766
ENSG00000140943,0.4437130447111527,0.5838836200185473
ENSG00000103035,0.004769083699517887,0.01610631531344299
ENSG00000196436,0.48092304432810984,0.17660066131416388
ENSG00000205084,0.39988574572316504,0.11199376581209312
ENSG00000103363,0.18261077196793557,0.32149408961658493
ENSG00000103044,0.44719572429883403,0.5785896658964207
ENSG00000168802,0.7908264246490071,0.7060592619290187
ENSG00000286140,0.008277682641845256,0.007626977381617588
ENSG00000198736,0.2600249909215966,0.10474478379339426
ENSG00000140986,0.1305498572517972,0.19653546738025215
ENSG00000140990,0.9694024412821634,0.6152391815436926
ENSG00000140988,0.0953718526735821,0.1651289784220588
ENSG00000183751,0.6196228168313371,0.845258348068656
ENSG00000196408,0.004325353719536092,0.0010217579952332136
ENSG00000127561,0.029861063462856705,0.017191459493899622
ENSG00000065054,0.41378279030193765,0.2605529720219255
ENSG00000065057,0.41076982516364946,0.24925793026887588
ENSG00000167962,0.7711630431658144,0.5758634786645533
ENSG00000103197,0.7207658368846974,0.6007497744447394
ENSG00000174109,0.3076046517712063,0.6162775961208722
ENSG00000140750,0.7887532115344805,0.6520493390569341
ENSG00000103018,0.0015185444135297208,0.003921013943438193
ENSG00000169955,0.13870102204252865,0.08197495874472942
ENSG00000197302,0.9122234100361347,0.9686032321324479
ENSG00000161980,0.8473583055840848,0.5726434599850372
ENSG00000161981,0.44905845223326446,0.2859016806355206
ENSG00000103152,0.7590455979231046,0.825368248583121
ENSG00000149932,0.3675745752141185,0.7173945055350162
ENSG00000166669,0.3536083806010625,0.3289455161773825
ENSG00000140853,0.29163653521366606,0.43333787130977186
ENSG00000155393,0.03918166797151258,0.022142527996113878
ENSG00000103034,0.7570931217244126,0.48114489185494513
ENSG00000168807,0.7805306379539353,0.9952974013047509
ENSG00000176953,0.6403172633373768,0.38087355788849
ENSG00000140945,0.16512892110526795,0.12080440967464673
ENSG00000230989,0.007877806110448986,0.02192607202500084
ENSG00000103550,0.8738696879877305,0.5859013735206035
ENSG00000103540,0.818234709168041,0.736100629484707
ENSG00000167191,0.5590907575722659,0.2878388547310532
ENSG00000174628,0.3195280816881627,0.17832149937260777
ENSG00000102981,0.049953682773851885,0.0047083484276794875
ENSG00000124074,0.4336293304508667,0.0993478122672772
ENSG00000141098,0.5534702412353799,0.49858057388749555
ENSG00000179583,0.05251243536906674,0.07918300394053984
ENSG00000039523,0.13689185597355766,0.2861635877093105
ENSG00000102974,0.9960970811823033,0.7937050694584767
ENSG00000141084,0.6806187597378751,0.5066220953128202
ENSG00000102901,0.5867327319126614,0.23936248219042713
ENSG00000168286,0.7828856330482058,0.4296325212525953
ENSG00000038358,0.6239413733957586,0.29611189612780947
ENSG00000159792,0.7590230693294064,0.8494592479019794
ENSG00000205220,0.9779647010584934,0.7937463314946764
ENSG00000213398,0.08334040089375942,0.07490224833080422
ENSG00000167261,0.09262438482059578,0.021104273792343708
ENSG00000167264,0.26650346050224105,0.2602534038875529
ENSG00000103512,0.7683854672063105,0.41309098829087054
ENSG00000179588,0.7080443210488195,0.7609597253526823
ENSG00000158545,0.3541858043073728,0.6518518168443607
ENSG00000051523,0.15895206490937294,0.3308239737581015
ENSG00000167508,0.31672773763380463,0.3224187873667779
ENSG00000185669,0.04479128311959738,0.022040658765005015
ENSG00000158717,0.06397098022421745,0.019562428194007046
ENSG00000174177,0.34192554648764995,0.7022141604117887
ENSG00000103429,0.04202492959048512,0.11446924325642821
ENSG00000102879,0.0005225545406998965,0.0007604421681394084
ENSG00000158805,0.19713642246461618,0.11112194366529932
ENSG00000167513,0.786632238818609,0.8768142898548981
ENSG00000198931,0.11422948628936734,0.2179599607610657
ENSG00000141012,0.31314228426061286,0.46582801193484746
ENSG00000129993,0.01336022204449511,0.008627201832752774
ENSG00000167515,0.07759605633255566,0.13663065241271516
ENSG00000187741,0.7876578144082197,0.5387500595900625
ENSG00000077235,0.44994675898730874,0.7152694289415977
ENSG00000047578,0.37970819209260487,0.14908996944656802
ENSG00000127554,0.6156004571557279,0.8754956433880148
ENSG00000131148,0.007641962362956738,0.033195720921941806
ENSG00000131143,0.13843933506432807,0.37323230160131915
ENSG00000140968,0.018500655706611156,0.02443381977894502
ENSG00000213658,0.0007935678435769957,0.0009240440302844903
ENSG00000169189,0.05337138266944515,0.17105124122754956
ENSG00000077238,0.6014447732975506,0.9516380490868033
ENSG00000103522,0.011470869612383111,0.018140455256690963
ENSG00000169246,0.3464385213700252,0.23946841257574775
ENSG00000172366,0.798388761487377,0.28844720153172876
ENSG00000161996,0.008573879467500845,0.0033583761136275992
ENSG00000103269,0.05846649672613268,0.047356321273024096
ENSG00000103266,0.8348225755299826,0.7101541573541723
ENSG00000161999,0.1504087170666795,0.10145916613111612
ENSG00000127580,0.27195851697884205,0.1549571036061409
ENSG00000127585,0.10937141906148747,0.038235099946809625
ENSG00000140983,0.24916029376955162,0.1694964638562554
ENSG00000198064,0.025641999500423944,0.0023347780711647217
ENSG00000083093,0.35909316997825147,0.1721948903322836
ENSG00000140694,0.02702755578849363,0.05518512985056572
ENSG00000184860,0.2627962853508562,0.2285591572455692
ENSG00000086696,0.6615934927126197,0.6150036762437772
ENSG00000135698,0.17043085663947005,0.1389322953830481
ENSG00000271130,0.01902159275985155,0.022514968519944122
ENSG00000197943,0.11104459697035624,0.0533637592886998
ENSG00000174943,0.7038196807397258,0.6003820223720906
ENSG00000188827,0.1982343413406663,0.18118808698759847
ENSG00000171490,0.05860780976083844,0.13439137840709195
ENSG00000103342,0.05381816100927198,0.10940901059524445
ENSG00000048462,0.00019120039396377348,0.00012061029095097621
ENSG00000102996,0.9462092590690537,0.7203607641754088
ENSG00000103005,0.07609229135981357,0.039255204543552344
ENSG00000196502,0.12685132020464837,0.3843465944765794
ENSG00000102977,0.18471743839775623,0.4128757468061641
ENSG00000167207,0.2074662911141524,0.4861584539783118
ENSG00000102893,0.09085250423305043,0.30053430497747696
ENSG00000100726,0.22556840331511602,0.12591271728410022
ENSG00000103249,0.8785020405845265,0.7825186315587681
ENSG00000277639,0.08557301292519431,0.027649126737963152
ENSG00000172824,0.3416674555085215,0.2525211989580785
ENSG00000180185,0.06800919566841264,0.17049227225010913
ENSG00000168101,0.20259862573113893,0.08511662237127304
ENSG00000243716,0.019186567177873048,0.008441369704514708
ENSG00000214967,0.49227774195547735,0.3928631182002863
ENSG00000125170,0.8327207729365316,0.8741984244775878
ENSG00000181019,0.0003425368984286483,0.0006863292903438546
ENSG00000141101,0.006976246599592232,0.027380125210529883
ENSG00000102908,0.8726798999713556,0.7867300062338939
ENSG00000172530,0.5252820765581822,0.34996919626924294
ENSG00000187555,0.9046136633793079,0.8509472039084243
ENSG00000183336,0.8198495533698089,0.865963168261269
ENSG00000261740,0.2298065405127034,0.2771066202813436
ENSG00000102898,0.0019334266554695773,0.002866791239185132
ENSG00000103051,0.09344230799984936,0.16085779786487295
ENSG00000038532,0.7239418099236914,0.41539594308641736
ENSG00000103264,0.8509430616453432,0.66505398283978
ENSG00000140941,0.013823591174178486,0.04475998952771624
ENSG00000205629,0.40796311948568365,0.5309943453839987
ENSG00000181625,0.912123207413018,0.8679459386199846
ENSG00000008710,0.04160297558792162,0.030300302635636996
ENSG00000167964,0.12948426805606406,0.11726912656389911
ENSG00000131653,0.8661457651534774,0.560802015476769
ENSG00000167965,0.8437993588122068,0.9097111516182662
ENSG00000182685,0.005061004968942777,0.0012200016198941105
ENSG00000184207,0.6181446815141685,0.4441794934185993
ENSG00000167967,0.10937656643725825,0.02622568856467884
ENSG00000167968,0.6802893392330117,0.9208577502154804
ENSG00000167969,0.665398327426451,0.29664216811083866
ENSG00000205937,0.5359262640687581,0.9591717054533085
ENSG00000102934,0.6506369874624802,0.17976181915348838
ENSG00000090565,0.9398761947499343,0.5789880050586931
ENSG00000103326,0.4637370718503664,0.38850146624129345
ENSG00000124067,0.1513896582507269,0.15707605567676963
ENSG00000103495,0.7222313191174039,0.9798271574093312
ENSG00000006194,0.7896442653837721,0.2869957855152419
ENSG00000197006,0.38919752790493967,0.678577149012284
ENSG00000185716,0.14851187187809736,0.30162774192443037
ENSG00000270467,0.008382092729035607,0.00827549112721956
ENSG00000271178,0.22918483728221875,0.20912963598522866
ENSG00000259680,0.006424792468169494,0.002811654604249655
ENSG00000198373,0.48827951437492945,0.7306284125328497
ENSG00000214940,0.4172734336877545,0.3170358252776416
ENSG00000233024,0.29786088106174735,0.17132685024527067
ENSG00000185164,0.021443166260605103,0.06601616513716155
ENSG00000183426,0.9592366853397725,0.9297794639863652
ENSG00000179889,0.5193982650679183,0.9909938254818826
ENSG00000085721,0.014946524479997478,0.06248641402304912
ENSG00000080603,0.2917925895647212,0.22465501976486627
ENSG00000162076,0.39702432239995955,0.20674419896121124
ENSG00000087258,0.1582971854018218,0.21898782466490074
ENSG00000183971,0.4881944138968364,0.20105638357517924
ENSG00000169203,0.15392962748598807,0.0699477642971155
ENSG00000140939,0.385543726294031,0.5859397738493691
ENSG00000103544,0.9737144554138427,0.9043059138837626
ENSG00000162032,0.1716540092228666,0.08676149950519572
ENSG00000140859,0.8357517578272659,0.9147215858195911
ENSG00000178188,0.13889038886997784,0.023498999156671904
ENSG00000167978,0.1993678380623715,0.034730348764618474
ENSG00000164151,0.981234498266667,0.5469902435706464
ENSG00000171421,0.16088063994104895,0.43664942505839455
ENSG00000124279,0.6692859760105163,0.486891236232566
ENSG00000113430,0.9491799398581477,0.5674965857012031
ENSG00000112902,0.00811598507493897,0.005791027156416866
ENSG00000145555,0.9344538228764365,0.8149148392289117
ENSG00000133398,0.6079232991977075,0.6343884745763307
ENSG00000124275,0.32259956016526814,0.325752765077697
ENSG00000113569,0.6945240681610384,0.9814246262324662
ENSG00000183580,0.23625961021245612,0.10546544691271546
ENSG00000164236,0.2793488310672407,0.22970626819256557
ENSG00000164327,0.7604291659688224,0.5418605451798784
ENSG00000056097,0.5851958453323118,0.6769530939862667
ENSG00000177058,0.42036113808368725,0.36215061439033325
ENSG00000164294,0.12864610170230653,0.1856745039003802
ENSG00000154122,0.3371920068508127,0.21495418516243017
ENSG00000113593,0.6453031625234275,0.6520219952063797
ENSG00000151876,0.5979894269527889,0.7197037454881643
ENSG00000113389,0.94909501197756,0.597107685533522
ENSG00000169271,0.0472698263060698,0.0337969802450071
ENSG00000134363,0.007720654485593457,0.01737783842706337
ENSG00000112996,0.0749791983732266,0.284223916203413
ENSG00000112964,0.9313568279149589,0.7173922146853153
ENSG00000151388,0.9183931600401293,0.5295787750867204
ENSG00000039560,0.24604012159071137,0.3955569180946138
ENSG00000172244,0.6132044650855709,0.30614385376609204
ENSG00000170571,0.09991299047508263,0.12035827875833402
ENSG00000164181,0.7729259227754797,0.64159670917616
ENSG00000035499,0.2452451785098301,0.25378664394022415
ENSG00000049860,0.13530825875639507,0.2875814532948254
ENSG00000198865,0.31576842289659,0.2908752119261573
ENSG00000039123,0.795498788593511,0.9617821962305925
ENSG00000174695,0.5497355923183754,0.6189000931615284
ENSG00000145681,0.06551595177335427,0.042833885837764936
ENSG00000038427,0.5501633991108701,0.9439266540650231
ENSG00000083720,0.7264928432072271,0.587971318034177
ENSG00000113387,0.1287822189717713,0.06956876996406242
ENSG00000113597,0.6025396038949576,0.757908880058386
ENSG00000113088,0.00530085903093463,0.005368603254736153
ENSG00000113273,0.8455308106667803,0.8449085286244141
ENSG00000123219,0.7830871934249842,0.7581742931779829
ENSG00000133401,0.19591689007463547,0.10500922279099542
ENSG00000134480,0.12067541057527852,0.19339549971138473
ENSG00000130449,0.9043490540658744,0.6891007104177174
ENSG00000164171,0.3634059562062154,0.45826017643553973
ENSG00000152409,0.2283648091497547,0.10102531966608186
ENSG00000164300,0.8082642787721721,0.562472883323091
ENSG00000164190,0.8296013727179633,0.9968714249935073
ENSG00000131730,0.15783101992342974,0.23169944333208817
ENSG00000145623,0.14159279734875369,0.20899795282467118
ENSG00000253251,0.5527778792403484,0.4576515594553392
ENSG00000152348,0.9106030136415164,0.7436440962241708
ENSG00000113319,0.8732918658131958,0.5311540930585747
ENSG00000197860,0.3601919021997593,0.5416670987697634
ENSG00000113384,0.999139646421212,0.8115957301433423
ENSG00000112874,0.5360845161500942,0.6379083413767888
ENSG00000062194,0.5777424482076823,0.8517372182721203
ENSG00000113318,0.8262362035902273,0.8807291023240946
ENSG00000168685,0.8960077586407093,0.7023391800320391
ENSG00000127184,0.05163854794338007,0.18438756934891068
ENSG00000152669,0.7794877127138948,0.7726173187506811
ENSG00000250722,0.6811822607456652,0.5107217536665267
ENSG00000164258,0.09477791974106428,0.23343925541989397
ENSG00000164211,0.05160850884184862,0.039073221836824934
ENSG00000113391,0.3952860530730433,0.18847307697365268
ENSG00000164309,0.12182051579357932,0.20549060260881127
ENSG00000067113,0.5953254347608186,0.5562869904820236
ENSG00000145782,0.06182038536862799,0.16387464643896102
ENSG00000164199,0.80789963541111,0.7766190405920181
ENSG00000198961,0.7288330648918965,0.6791260337771694
ENSG00000157107,0.27128672075457655,0.3288496040804467
ENSG00000134982,0.5028224852064062,0.2639601414261116
ENSG00000145794,0.0442188564169272,0.01590242181225797
ENSG00000164400,0.04402444061327541,0.01125154610702321
ENSG00000155324,0.7339236461928043,0.7385782033617815
ENSG00000113595,0.6568512423349422,0.5750732691115233
ENSG00000129596,0.5345077390239016,0.20922518861046616
ENSG00000164318,0.17922174713158764,0.13467088868390414
ENSG00000169570,0.5241624992698567,0.44229311705955854
ENSG00000129595,0.05777913627179405,0.03261388672217378
ENSG00000113522,0.1647223388497502,0.16049804371315798
ENSG00000177879,0.18358644285355247,0.21411401828985804
ENSG00000113369,0.5487079501025578,0.34477165504771723
ENSG00000164209,0.5514734782790416,0.592812198001049
ENSG00000113368,0.6260556507525724,0.5524361377105647
ENSG00000134986,0.8543424834465301,0.8653316159568274
ENSG00000120708,0.042146095109167635,0.013608122715214098
ENSG00000164176,0.5270373096318388,0.9348263345405474
ENSG00000164902,0.2606780366091186,0.1680314548697314
ENSG00000058729,0.0452920736806658,0.0872502430148114
ENSG00000170549,0.3632567947878379,0.26246672297430096
ENSG00000184838,0.5033078467361327,0.3804206182990808
ENSG00000113361,0.9215566767470229,0.80400078658723
ENSG00000152413,0.20772873014494825,0.24448106075133041
ENSG00000053108,0.8574605986025142,0.593647301508654
ENSG00000113296,0.6770924794723175,0.7902426913715099
ENSG00000112992,0.8123760608822879,0.5390117908549124
ENSG00000112972,0.04600036896675985,0.08117335623207982
ENSG00000131711,0.45756343585975445,0.6708722144510758
ENSG00000283782,0.7000846068647062,0.7662187763347648
ENSG00000164283,0.960622992679965,0.6487101619444987
ENSG00000151882,0.22977674038792334,0.23524874721889238
ENSG00000205571,0.5370186518220263,0.16345426684418826
ENSG00000173926,0.3623575032121207,0.21484574363604264
ENSG00000176788,0.010380959981770426,0.003769861797986996
ENSG00000157111,0.3839001575964073,0.26669850984908905
ENSG00000164219,0.1562167825816012,0.2456902278702949
ENSG00000113658,0.9930524246965473,0.7021682129945248
ENSG00000145649,0.16356764069123061,0.2579870882269876
ENSG00000155329,0.012382412812712875,0.008633338118360817
ENSG00000145780,0.6794167199503617,0.826729459832739
ENSG00000082068,0.7097755386285147,0.8269372509393994
ENSG00000172239,0.4721584631530775,0.9317713342203287
ENSG00000064652,0.05811452143395975,0.04190091196668884
ENSG00000113532,0.2180505202684767,0.1137818157132731
ENSG00000134970,0.0922106606644718,0.11161088410351958
ENSG00000164308,0.9588927856777414,0.8481560287033345
ENSG00000205302,0.7911976013991958,0.8481935063614818
ENSG00000044115,0.03766538440161077,0.03951582254927815
ENSG00000091009,0.06480428750149245,0.12322600164727551
ENSG00000178996,0.6529269316166739,0.6050717976284437
ENSG00000113272,0.2245119073247319,0.36623874690382674
ENSG00000152684,0.3007132479468711,0.5276057379043928
ENSG00000120137,0.5820015914024801,0.8203458477031396
ENSG00000176049,0.1967046460932356,0.4739690779175556
ENSG00000145685,0.5786260622199602,0.8248605716972852
ENSG00000072786,0.8702266629683454,0.7666928744613614
ENSG00000132570,0.8692472178399265,0.8058018087738064
ENSG00000150712,0.1375279400417002,0.06966338702380005
ENSG00000113657,0.9794509451476782,0.6582404464866396
ENSG00000155858,0.3215106470792069,0.5894373783660665
ENSG00000072364,0.5770110703501568,0.7001802620814823
ENSG00000157510,0.6749386254453684,0.9297563069365664
ENSG00000145817,0.014100582302265834,0.013700706415365443
ENSG00000164221,0.553346462478937,0.8138872040603721
ENSG00000197948,0.15582983901482994,0.16499564297534525
ENSG00000168938,0.14394037969831933,0.18373090132554565
ENSG00000113638,0.5741889362274943,0.895219460614308
ENSG00000113441,0.47080572564750434,0.31365175443978216
ENSG00000165810,0.12602271019255598,0.044309240787166033
ENSG00000155846,0.020179529809070087,0.005864046048243198
ENSG00000131507,0.002792195742872564,0.004484149325841943
ENSG00000064651,0.39838928352841674,0.3540677606136742
ENSG00000168246,0.23763840577499734,0.49670859963363934
ENSG00000113552,0.022450903370891912,0.05974694649637065
ENSG00000161021,0.6728880796637341,0.5494154546779774
ENSG00000164576,0.04332845265410333,0.013212162946608185
ENSG00000113643,0.0007538762944435083,0.00046309799461659377
ENSG00000221886,0.8276127439450622,0.952634381424052
ENSG00000112984,0.09263759723738144,0.05904536947241571
ENSG00000251201,0.002976841207005156,0.008910432961636208
ENSG00000174132,0.11038159496319304,0.10721096971222696
ENSG00000145781,0.00866009757088831,0.0127039157452079
ENSG00000145779,0.6578486501700133,0.9894911457356669
ENSG00000228716,0.7051348517766424,0.6404732404553986
ENSG00000156463,0.2362072593819487,0.4289781587205951
ENSG00000174705,0.8334455965247802,0.54741445863717
ENSG00000275740,0.48753135392761104,0.33376478359397344
ENSG00000164611,0.31972942016287187,0.2974204104182967
ENSG00000120705,0.03637533418891969,0.044795296015430884
ENSG00000145819,0.11229037603731772,0.05359783324453179
ENSG00000164265,0.5953226076955171,0.8387998027940687
ENSG00000081791,0.9657533584107885,0.7851581729066354
ENSG00000118985,0.4536437678057438,0.16983457032482066
ENSG00000131459,0.035604413450362325,0.09558735805081035
ENSG00000113578,0.9553938457642988,0.5883273979375674
ENSG00000164284,0.9836034732283931,0.8276452222852149
ENSG00000120149,0.22835498821909384,0.20034970228225538
ENSG00000145919,0.0062251981361895305,0.08037027913757042
ENSG00000164609,0.2884565474350518,0.4095007811250173
ENSG00000120318,0.6563611335469063,0.8526576740659826
ENSG00000118322,0.26745274171868494,0.3111150361575912
ENSG00000113580,0.518294811377885,0.8755289530376517
ENSG00000113594,0.6050573895765798,0.5000115980926686
ENSG00000145715,0.7234563331973612,0.6425900034588967
ENSG00000082515,0.023019424903794165,0.03092228469826834
ENSG00000164904,0.5132098479924719,0.26700745338337517
ENSG00000183072,0.1180083586616792,0.2215185343313715
ENSG00000171522,0.3272471775819646,0.29003856436189
ENSG00000183111,0.3488039818893922,0.7495727006875985
ENSG00000123213,0.08759828894595062,0.19332543321004153
ENSG00000171992,0.4264503556597449,0.30365672693994816
ENSG00000120725,0.03964290458786878,0.06027262281057623
ENSG00000113300,0.5196899740764835,0.47933629499175534
ENSG00000094755,0.2993387233980596,0.4784927971114201
ENSG00000013561,0.06670879237401944,0.07055723299722916
ENSG00000214357,0.3814045576647809,0.3351955337925313
ENSG00000039319,0.9275961876608587,0.7655968659514794
ENSG00000161013,0.29250388496983537,0.49088351755884285
ENSG00000164466,0.03315326638486127,0.08388490617562376
ENSG00000198108,0.5247252599203844,0.21014281378448565
ENSG00000178776,0.047217316077739775,0.17059583988912347
ENSG00000164402,0.6458039692066565,0.5633048684487558
ENSG00000113742,0.8459934610531372,0.7216431516934786
ENSG00000070614,0.6555819002746694,0.9512111053471062
ENSG00000113269,0.6664163462079964,0.9558427053579914
ENSG00000161011,0.3069984715715879,0.6666543605230182
ENSG00000145882,0.13775392032422998,0.183699351325442
ENSG00000152377,0.02603976811475282,0.1020002406569957
ENSG00000133706,0.16335073163977226,0.2649508339031664
ENSG00000249751,0.3994169912946821,0.40549030343227066
ENSG00000145861,0.4203714346028301,0.5216274173958836
ENSG00000086589,0.0512879485982333,0.04031274792656538
ENSG00000164574,0.6415851307643508,0.5391563866291849
ENSG00000151883,0.8014044145041344,0.9213062352661555
ENSG00000198055,0.966891361715628,0.7828519902403533
ENSG00000131188,0.2294244578101062,0.42792086401553964
ENSG00000183258,0.002150394786011183,0.0034958128833798984
ENSG00000164296,0.2860819323460356,0.4024554724456466
ENSG00000113716,0.17817431137336148,0.37694286464056626
ENSG00000182578,0.6709276215180888,0.5760892501484359
ENSG00000113721,0.1848874137054929,0.1083234830608656
ENSG00000164307,0.7831446413342379,0.970468672269263
ENSG00000164366,0.7762387705455048,0.8619769578062936
ENSG00000180104,0.5797210456533175,0.3435284764298291
ENSG00000066230,0.6515857620104155,0.2533549083056491
ENSG00000112877,0.7999694438039189,0.316635073975419
ENSG00000171368,0.12474232369007476,0.0477737946793454
ENSG00000015479,0.5129893970049433,0.7880484965330937
ENSG00000120727,0.016809897255794334,0.03685603006708456
ENSG00000170476,0.0009332333770648734,0.0005104497812783358
ENSG00000228672,0.33299226318417324,0.5630559318831783
ENSG00000170464,0.10815989619727152,0.21350981988203557
ENSG00000177034,0.590802748476768,0.37672087513831465
ENSG00000170231,0.9787193894516856,0.841109979127974
ENSG00000184347,0.8805308645488676,0.6153651303328895
ENSG00000152422,0.3701255044432178,0.3941117392923994
ENSG00000145494,0.6651309158293495,0.972741041518337
ENSG00000243414,0.021471957620137695,0.02212249039631762
ENSG00000135074,0.9975064893251806,0.9058105222632147
ENSG00000037474,0.26525779193850885,0.3863639806791468
ENSG00000145545,0.17999726608731337,0.17359136527393684
ENSG00000112941,0.3285098174544314,0.12146955647114828
ENSG00000188725,0.4617895127594267,0.6203652367191944
ENSG00000169567,0.2591881738850832,0.25318708914533455
ENSG00000186687,0.17471339781561976,0.28150084919133583
ENSG00000064692,0.9278188118378831,0.7073264835088926
ENSG00000131503,0.9780621416111616,0.5219678967151111
ENSG00000254996,0.5226366934346716,0.3763626875189878
ENSG00000243056,0.1507050255963787,0.047004137181374014
ENSG00000131495,0.24099871230366668,0.3524221017803524
ENSG00000112855,0.17171391398354938,0.19184339828595107
ENSG00000146007,0.0003167850831462531,0.00038408448775152475
ENSG00000164438,0.12030086145675302,0.06462341762003877
ENSG00000145936,0.4540628681332771,0.3396920450922066
ENSG00000043462,0.3101378564824297,0.3501460207181728
ENSG00000170445,0.09542181990630104,0.13363587718604336
ENSG00000185129,0.2248719406605996,0.2551497600339664
ENSG00000182700,0.2567776443751342,0.17035195924391502
ENSG00000120306,0.10667492042354305,0.39993627879137594
ENSG00000113068,0.0022365999910151355,0.0027442323969921454
ENSG00000153037,0.165612017999388,0.1266892620483425
ENSG00000129625,0.226894522980253,0.2669924666507539
ENSG00000176055,0.21508778803493317,0.16996554908403289
ENSG00000113356,0.30691609848808626,0.3511109798765292
ENSG00000176018,0.9865604935288804,0.9247692769935777
ENSG00000113327,0.09863342542762793,0.4427228950325133
ENSG00000168944,0.5672209583212773,0.7131162167606886
ENSG00000170271,0.07305313974253938,0.043361899961124856
ENSG00000082516,0.14476077529621184,0.2340634803702293
ENSG00000187678,0.5164424559112508,0.4270583117536464
ENSG00000196670,0.5668584561189464,0.3530518062861483
ENSG00000131446,0.3778488252065283,0.7123199285270491
ENSG00000153140,0.07319460644931368,0.09127774188917559
ENSG00000113282,0.19191208372101862,0.24674510976516362
ENSG00000086200,0.6435417340889098,0.8937517981724022
ENSG00000113555,0.7586543023438157,0.47977790713795465
ENSG00000113119,0.4916289347593644,0.6893319436824277
ENSG00000112983,0.8480714910242542,0.9772334665074606
ENSG00000113645,0.04126261979928678,0.02043316377017421
ENSG00000158987,0.9458976014752716,0.9919115336598809
ENSG00000092421,0.6936259208158073,0.5274889194137545
ENSG00000173210,0.4312615830389154,0.2617806932798294
ENSG00000132912,0.040540338655445894,0.047495888302000286
ENSG00000164591,0.4043384865824664,0.5551375378484514
ENSG00000164180,0.6308844508507749,0.8891770362249111
ENSG00000155545,0.6063233812416055,0.6555305344203848
ENSG00000113407,0.022742152599475048,0.01989316402688516
ENSG00000153113,0.27697992607201516,0.27248850326168705
ENSG00000113013,0.0855563195337318,0.11311452620396928
ENSG00000251493,0.012196637819126761,0.0056719560029218526
ENSG00000164331,0.33534058490659985,0.2751067039262048
ENSG00000164338,0.31691369799781055,0.4492225999472137
ENSG00000152700,0.019445614978160056,0.013780249653116299
ENSG00000113615,0.7496125613048306,0.6419685110191806
ENSG00000164615,0.017349094828463085,0.07918552426359945
ENSG00000145833,0.9132111295829525,0.8760048348081882
ENSG00000181904,0.6413895683891722,0.8880932535276274
ENSG00000113621,0.9061640879959172,0.6029949664613372
ENSG00000177556,0.13241878821416175,0.08731498857910251
ENSG00000082196,0.8893899393204507,0.41697270257491703
ENSG00000169258,0.8815411876724589,0.8859734569282982
ENSG00000048140,0.4944833035886941,0.5707962480932592
ENSG00000151304,0.1359460456719093,0.1660694988393124
ENSG00000113083,0.5818477999258367,0.7375322235313169
ENSG00000181163,0.000340927379641992,0.0006379735646820917
ENSG00000164182,0.011313017840074794,0.016648593719293545
ENSG00000164187,0.8540228988924704,0.6544088212112313
ENSG00000152620,0.9495866056641292,0.8366836192635074
ENSG00000145604,0.9851411763640973,0.8936464326776862
ENSG00000145907,0.010822243407811944,0.012589345203048777
ENSG00000170561,0.10473297068345179,0.1851056659237847
ENSG00000169252,0.8260406318305198,0.726545395565053
ENSG00000164403,0.5834557556936186,0.3445578970639297
ENSG00000131437,0.7226515815388432,0.7967789182562853
ENSG00000155508,0.2144000488744116,0.4495738573065625
ENSG00000158985,0.5950970776121985,0.6533753761780714
ENSG00000164266,0.0036712468299081955,0.02513954541488533
ENSG00000050748,0.013637404458374984,0.032928038422716584
ENSG00000197226,0.5593223433969916,0.7831140286720056
ENSG00000151881,0.5050106205653759,0.7110979446110127
ENSG00000156453,0.8834570947907033,0.8519716372702836
ENSG00000082074,0.6386881449796069,0.7689693221053717
ENSG00000164172,0.1155775750533382,0.10293914451995714
ENSG00000131435,0.9941274686269583,0.8100696242991365
ENSG00000197208,0.7299798283555277,0.9551777131222954
ENSG00000082213,0.5758663909166253,0.8342551729499488
ENSG00000072682,0.06242445917258661,0.02540495885422223
ENSG00000113360,0.6280146373073058,0.7100915947322552
ENSG00000172548,0.26020028089449,0.06871562698638765
ENSG00000113161,0.19887943818584436,0.1567372476246539
ENSG00000176783,0.4691756107358872,0.5045133452128762
ENSG00000127022,0.5700559012914044,0.37701193703351665
ENSG00000183876,0.025567044543349095,0.01275850175210327
ENSG00000070814,0.5486423100343745,0.6019448459887781
ENSG00000164587,0.18504256780667855,0.29124270486253817
ENSG00000079215,0.4770187041237257,0.47247049290214616
ENSG00000094880,0.18049854228736714,0.2268794690896429
ENSG00000158402,0.1736080691904585,0.254510870647955
ENSG00000120709,0.8644915386306686,0.7260657403755124
ENSG00000120733,0.18877031849687984,0.31493675285850486
ENSG00000120738,0.9457744584715689,0.9918085550369408
ENSG00000197603,0.3304705971448738,0.2468449413722994
ENSG00000072803,0.6326142647929118,0.8849539946764352
ENSG00000055147,0.1822196894416049,0.07895830857308786
ENSG00000037749,0.31337583622096327,0.3081330033301203
ENSG00000125347,0.6746304997509268,0.9140827020868294
ENSG00000176087,0.5402637571700327,0.6741611484832288
ENSG00000170624,0.39176983819205,0.7142038523920581
ENSG00000086189,0.1507744707477252,0.20551837930803804
ENSG00000184349,0.895795037562834,0.93991040967656
ENSG00000164244,0.6990252691031875,0.6792534506218375
ENSG00000134058,0.3468406665125531,0.33812061217285955
ENSG00000183323,0.1090861367701413,0.10374741102196901
ENSG00000085231,0.5006335767025027,0.7905289343777682
ENSG00000152942,0.1642625071462639,0.2448700133726065
ENSG00000152939,0.5104035909345636,0.7377019879285516
ENSG00000183474,0.16725808867812036,0.08879089348368205
ENSG00000197822,0.7538008576011074,0.4340548262196061
ENSG00000066583,0.7885772386611734,0.8217253166817882
ENSG00000173545,0.42650979163590863,0.8005698599320273
ENSG00000171617,0.2094458690456531,0.21271933335250165
ENSG00000256235,0.27135589789067877,0.21735928352521786
ENSG00000112893,0.4459198808533089,0.42929347345164437
ENSG00000113739,0.0012923598648509887,0.006840520399693915
ENSG00000177721,0.10188541704473503,0.17405376107378842
ENSG00000113108,0.7264574585398947,0.8326010129578139
ENSG00000146094,0.014428455058862503,0.010816397760761313
ENSG00000186468,0.1552247184268938,0.28417345621893086
ENSG00000172795,0.1480409642484935,0.11496987646131372
ENSG00000168916,0.4659962984183953,0.44887872165198506
ENSG00000113312,0.009456682836619849,0.0052733147959529245
ENSG00000145632,0.24391524271080567,0.035109884693235595
ENSG00000145723,0.5778778878247339,0.6337919294633114
ENSG00000113163,0.9589753880020326,0.8769373022689761
ENSG00000049167,0.9011841081347803,0.7432409960222677
ENSG00000133835,0.43079059604911407,0.3525513844413769
ENSG00000154153,0.1268238923678388,0.3066599354996569
ENSG00000083312,0.07158688217081552,0.08767665911241848
ENSG00000213523,0.9902780460137857,0.8455684336568099
ENSG00000043143,0.42454516252748964,0.6285298152778838
ENSG00000120314,0.1499493671691029,0.19987796786457454
ENSG00000113649,0.41595677382123897,0.4875218799930776
ENSG00000254221,0.214085535303942,0.22430334774114516
ENSG00000253910,0.12535468779648723,0.06952672661592928
ENSG00000253846,0.2698684154403399,0.27282602276935475
ENSG00000254122,0.46251860936435985,0.47373135913045683
ENSG00000240184,0.0104644750847206,0.007385298085457381
ENSG00000240764,0.5436921800529824,0.15931799012639228
ENSG00000171720,0.08785478721243993,0.16602825154731005
ENSG00000164620,0.5841580764240384,0.2939743588728559
ENSG00000276547,0.8070625279511223,0.7980195075904748
ENSG00000063438,0.00030501838622653263,6.337387789172141e-05
ENSG00000145730,0.17460293342574063,0.3171408139065663
ENSG00000172262,0.9940393523589393,0.6994509051223718
ENSG00000164241,0.04035749946647001,0.03527015013514742
ENSG00000214944,0.11857089208057826,0.10236075483306048
ENSG00000172869,0.9785008866293183,0.8872256765972176
ENSG00000145908,0.027512075008027822,0.01588310887475205
ENSG00000086570,0.4074601959438684,0.34138536861817903
ENSG00000186314,0.00306946748235833,0.011581027882446665
ENSG00000164329,0.5353120790826935,0.5207323128011486
ENSG00000131844,0.23248873653188962,0.2717282899405835
ENSG00000146054,0.8975266849516761,0.6545362608616017
ENSG00000146063,0.8983211767220636,0.8367018858612558
ENSG00000204628,0.0709292049714562,0.20211752207991845
ENSG00000183718,0.5545945457392336,0.2251177094544059
ENSG00000249915,0.5397067863111837,0.8030652211725803
ENSG00000160867,0.23266289528679845,0.6104387378052887
ENSG00000169228,0.18424286132254916,0.32928134962474603
ENSG00000169230,0.2856072765741389,0.1427165822761091
ENSG00000169220,0.5861148249235325,0.7934064332202604
ENSG00000028310,0.8789391292848115,0.6778439515985821
ENSG00000071539,0.592221242231724,0.7556583084157839
ENSG00000145506,0.11854694100066511,0.017046623562206965
ENSG00000113504,0.21791990639524028,0.046485338417081835
ENSG00000164405,0.0820065418001341,0.11744441553385959
ENSG00000165671,0.5956663523613928,0.6071134961270216
ENSG00000145743,0.4920575420160057,0.44716682391884044
ENSG00000185305,0.8644836702051044,0.9804837202128058
ENSG00000067248,0.6255813333602032,0.5684677192279892
ENSG00000205765,0.6268101130661209,0.9252846952318006
ENSG00000132563,0.9960408942978103,0.7848503069663212
ENSG00000113240,0.8251709378552573,0.7447038723802839
ENSG00000073578,0.5813987414336939,0.9707773540550254
ENSG00000113448,0.33478409907284,0.5825693082525363
ENSG00000135083,0.5576487787397153,0.842038543280727
ENSG00000170606,0.010831387341394376,0.009736471767877663
ENSG00000151422,0.22770357269265248,0.3689160318662934
ENSG00000131504,0.18175230048096852,0.18281450626570275
ENSG00000217128,0.5883606495727634,0.8123023547894926
ENSG00000113749,0.5228897645567229,0.38412175853080865
ENSG00000145741,0.10024192446796064,0.12151067519116102
ENSG00000069020,0.006448127335564054,0.01456067549494575
ENSG00000113758,0.8284156745389093,0.8363807455898494
ENSG00000253305,0.4190108248673088,0.874532702395962
ENSG00000175471,0.9747281851042577,0.9460670065483732
ENSG00000153404,0.5412105233222304,0.2970646787987095
ENSG00000155850,0.6456701886269933,0.4875435025920264
ENSG00000197375,0.948893620704119,0.928213972993078
ENSG00000188818,0.11859133247418346,0.026529112562727362
ENSG00000112852,0.5487315952566095,0.6290886869893431
ENSG00000113209,0.9371660873749013,0.915612686555503
ENSG00000120322,0.8828043252436218,0.6718490494500979
ENSG00000272674,0.12597835421767545,0.23545952876255596
ENSG00000177839,0.7574066652078101,0.6407489561757487
ENSG00000120324,0.09556760386971586,0.2580387129977642
ENSG00000197479,0.4139276644877491,0.7346601849842067
ENSG00000187372,0.9460688917868242,0.6241956976958951
ENSG00000120327,0.49642123111200265,0.5199192709511802
ENSG00000178913,0.0029600262281733614,0.017471634696944693
ENSG00000273841,0.006817674148416617,0.006265859839189014
ENSG00000120729,0.041825407315831745,0.05174481977956172
ENSG00000113141,0.38570903713421845,0.4236058010018583
ENSG00000164220,0.10909736148430813,0.09978996503144644
ENSG00000181104,0.483318948511115,0.34797895133291146
ENSG00000164251,0.003724268112834593,0.003512264318865278
ENSG00000120129,0.2610115462900991,0.3197879305504182
ENSG00000037241,0.0025167934198832447,0.006015266919944532
ENSG00000113732,0.0007397441802875392,0.007986676093848307
ENSG00000164463,0.21568971777852913,0.05908195074235457
ENSG00000113734,0.06152673262904495,0.1805095331365677
ENSG00000153006,0.765932297606869,0.6329164018543876
ENSG00000113719,0.06649215013348814,0.2775447857759845
ENSG00000153015,0.12746340848270005,0.19026208876707199
ENSG00000146083,0.6019927170685087,0.369783429862797
ENSG00000170469,0.7630377823957505,0.6053740629976931
ENSG00000031003,0.21918142215816477,0.20041008671756327
ENSG00000164347,0.11736988762109198,0.12299598422090825
ENSG00000164346,0.07361519803740418,0.06085985934208083
ENSG00000198780,0.09292965782321742,0.10468783902628817
ENSG00000019582,0.5026787874191092,0.5153086552590171
ENSG00000213347,0.13793862836864484,0.10422919506147621
ENSG00000155506,0.20352109365660634,0.24804017512842055
ENSG00000178172,0.002158897856452318,0.013658815753438545
ENSG00000145777,0.7717096744721577,0.3733718949774023
ENSG00000134987,0.6738816291797562,0.711292580310039
ENSG00000169223,0.017104391174714354,0.042929516376296425
ENSG00000113328,0.08643987987340054,0.0758010433199119
ENSG00000170584,0.014146669886587516,0.04081946813124145
ENSG00000072571,0.008187279192371713,0.010893376122213812
ENSG00000085365,0.11995551212761311,0.13475900897719859
ENSG00000132842,0.13332899972290838,0.11160272800078153
ENSG00000170458,0.9539182211181378,0.8676699170724262
ENSG00000038274,0.2809040972523605,0.30950942709432466
ENSG00000153071,0.6503170889740495,0.9147415215783057
ENSG00000145934,0.11428875120222319,0.05884375647452083
ENSG00000131187,0.5937189470433188,0.5387683759308605
ENSG00000040275,0.1842305565101296,0.22963475550242612
ENSG00000134516,0.03496768805971768,0.023436087201086152
ENSG00000132356,0.8838678272172455,0.8918792286220006
ENSG00000145592,0.34408454816546163,0.7104909745729511
ENSG00000132357,0.5879096353969805,0.35440566696213793
ENSG00000095015,0.4523834446874131,0.6056363769502984
ENSG00000155542,0.5327367517401953,0.7020320283039687
ENSG00000119048,0.0295731193114639,0.05848103963826185
ENSG00000237190,0.01461279796805056,0.03619673795884572
ENSG00000164330,0.3333955661805853,0.20179074119346793
ENSG00000145860,0.584617230441023,0.5206857653486948
ENSG00000164332,0.20652943538398724,0.17093527729233457
ENSG00000145740,0.6086410561220714,0.42524515233717664
ENSG00000134057,0.09099633670966326,0.0836737394788274
ENSG00000155868,0.02466798741101638,0.02943806917141864
ENSG00000151292,0.2969970992357029,0.3446522657735456
ENSG00000051596,0.10363705424727537,0.161935162790507
ENSG00000170085,0.6784628744479764,0.8225219555932404
ENSG00000122203,0.061549419938222126,0.13455765206901646
ENSG00000175414,0.4764818876038224,0.22324203101958653
ENSG00000048162,0.08095837526697997,0.13746905576006424
ENSG00000146066,0.9032441137756212,0.8419723415444023
ENSG00000175416,0.25831114506764036,0.1544675864462793
ENSG00000113194,0.05254556304030195,0.07660089955698032
ENSG00000160883,0.9327803022292365,0.574832098167256
ENSG00000087206,0.016698415719637677,0.024400391056403445
ENSG00000113761,0.5221316675539197,0.7439790101665555
ENSG00000184840,0.04165877265060936,0.048686445290570625
ENSG00000027847,0.3207599118179343,0.4401124861185294
ENSG00000145911,0.024663702615268013,0.0084371352270284
ENSG00000145916,0.38857213875217533,0.32948110366569444
ENSG00000197451,0.24431476730147106,0.3469819541639726
ENSG00000175309,0.17744640721723237,0.3520243723464872
ENSG00000154124,0.13250604012010256,0.065120392652838
ENSG00000145912,0.2200548925404728,0.35322006033428754
ENSG00000135077,0.5874556708184897,0.3519889000912977
ENSG00000145675,0.34446272820724844,0.3700304835025432
ENSG00000170234,0.5857291311617481,0.6967901202770554
ENSG00000049883,0.1317142287323809,0.05487700394449765
ENSG00000211445,0.7586057234761836,0.6807186708625851
ENSG00000145901,0.3664136260826645,0.6636353324306019
ENSG00000198624,0.36015227984598597,0.5091023805114612
ENSG00000196743,0.927408927586941,0.808188799502149
ENSG00000123643,0.38699517981161247,0.6492775722998361
ENSG00000196923,0.0996809582699427,0.0754420326949859
ENSG00000113456,0.6832574057873871,0.39739710730843336
ENSG00000113460,0.0976011162375536,0.20337137139915087
ENSG00000153044,0.8039566132009681,0.9927796539458908
ENSG00000134056,0.07964141789759817,0.12894039690804796
ENSG00000176928,0.34373908759506244,0.7222321686533373
ENSG00000152359,0.21532718161819375,0.22448093306011024
ENSG00000145703,0.6493450395311481,0.5883203755420834
ENSG00000164252,0.1564262163630506,0.1820574046918594
ENSG00000132846,0.11521005476259838,0.02539526304462853
ENSG00000164253,0.011414763126367071,0.013756985546866673
ENSG00000171530,0.009619250366724555,0.01277860159431108
ENSG00000133710,0.041166610523428813,0.11202183747758414
ENSG00000184584,0.24422032697883128,0.31101952234800234
ENSG00000171604,0.9138473572687897,0.8256614892982794
ENSG00000131508,0.019817933971052946,0.04138494534765973
ENSG00000113048,0.6781788592822553,0.8217603283129578
ENSG00000164291,0.9479199700800666,0.7949930257372513
ENSG00000145569,0.07231330397729187,0.042257288863729744
ENSG00000164509,0.1045210644622893,0.11609480640421672
ENSG00000134352,0.4415713362172903,0.3386413827754641
ENSG00000168724,0.9027662684517939,0.8412939648875947
ENSG00000164185,0.33510363499968127,0.273131835503346
ENSG00000181751,0.9042634646236929,0.3670043715982555
ENSG00000145725,0.44259494253465026,0.2978675501638617
ENSG00000069011,0.06672027197459035,0.0701812389033807
ENSG00000145832,0.1267232111995342,0.06632312513012427
ENSG00000145824,0.19304011604351914,0.4103416946605367
ENSG00000055163,0.40135300264952245,0.26165743103871086
ENSG00000234284,0.013147443354351588,0.008574868712817043
ENSG00000087116,0.34961031189962,0.20095677432763012
ENSG00000146067,0.03415830161451404,0.043278557189683424
ENSG00000112851,0.5968659592458783,0.39469880000467517
ENSG00000153914,0.03240522965522576,0.02457645045358888
ENSG00000068796,0.9422714804192741,0.8358813157478924
ENSG00000198677,0.44240110838602464,0.4607961641546381
ENSG00000175745,0.2801564187871366,0.0995075713703136
ENSG00000169131,0.8198028291797966,0.6069691494810547
ENSG00000178338,0.5167426627795914,0.17805550000747808
ENSG00000242110,0.2778381991938112,0.29330096460818983
ENSG00000197043,0.11725034083168799,0.07123262820291301
ENSG00000049656,0.862058154866172,0.7181379718352205
ENSG00000153395,0.6834216642196413,0.7552756386855916
ENSG00000172058,0.8247430028389017,0.40952711764078076
ENSG00000172062,0.8792212211288706,0.7522169748631713
ENSG00000145736,0.37295520114009073,0.34959493994173096
ENSG00000131732,0.12595265672953967,0.11822330967380973
ENSG00000145687,0.435664750159943,0.3186056052923165
ENSG00000113558,0.01198657738770452,0.03370492405033698
ENSG00000113575,0.08903808731180778,0.08034249140072694
ENSG00000161055,0.005619066188662113,0.002270249775161783
ENSG00000037280,0.11429255672836902,0.07579573177476615
ENSG00000133302,0.5417005019681571,0.3877939475454154
ENSG00000113648,0.21034794587037944,0.17296230744812008
ENSG00000280987,0.4127185061226476,0.7040464462718548
ENSG00000038382,0.7588229286364508,0.8900358966946325
ENSG00000177733,0.5412017824304596,0.8093937058295485
ENSG00000150756,0.32608303246978226,0.24930311141483205
ENSG00000150753,0.16890059616076056,0.27375932879619946
ENSG00000164237,0.4373809055793352,0.6426526559293491
ENSG00000145495,0.6057882610895515,0.9258528021563259
ENSG00000113583,0.015089655581540084,0.025671612521166863
ENSG00000213585,0.00141130852508829,0.0010589296525302578
ENSG00000081059,0.4395317886234369,0.6699461975102332
ENSG00000047188,0.19260831704162804,0.2193435827905031
ENSG00000171444,0.8984437947167154,0.822796053719005
ENSG00000174136,0.9457116559350087,0.6350794680087057
ENSG00000153922,0.9306708095383831,0.8863116040217952
ENSG00000113712,0.6032899190454212,0.43958990366108397
ENSG00000112977,0.6232533627562533,0.9044963647362534
ENSG00000146013,0.19353062957892384,0.710691175836937
ENSG00000113070,0.020911472028090534,0.018088195502773883
ENSG00000113140,0.899302256447915,0.8910759433125188
ENSG00000138829,0.5650450142261698,0.5457398714488934
ENSG00000169045,0.70950836514008,0.5052915382754257
ENSG00000145879,0.10786228106652358,0.23329413196731694
ENSG00000204909,0.4880671231115252,0.8234344251835325
ENSG00000145868,0.6699688581011038,0.9327653610154021
ENSG00000122008,0.48797617599875676,0.4144556633839701
ENSG00000175449,0.15707735669046383,0.1373922934482419
ENSG00000164292,0.6519771107973551,0.37270157287863503
ENSG00000173221,0.5638881952921238,0.7143778496192558
ENSG00000081189,0.9964214644929278,0.9607024583747711
ENSG00000154764,0.005109272915349594,0.0006856752742386318
ENSG00000134121,0.8111289360784844,0.8561586718217814
ENSG00000144635,0.6394099872266195,0.609322948808867
ENSG00000070950,0.951103253259666,0.7822111392421636
ENSG00000144668,0.29664636182609316,0.19783183886759773
ENSG00000129810,0.9036032156143889,0.9777052761133929
ENSG00000093167,0.7291719960844687,0.7839323274425087
ENSG00000091317,0.39008237266101686,0.478351905298653
ENSG00000170860,0.6914099819406818,0.7554705096279887
ENSG00000178567,0.2933818737851248,0.18050409407046467
ENSG00000182247,0.1971215324366603,0.19226922011365888
ENSG00000114166,0.38934418343458055,0.5766792006702209
ENSG00000187118,0.3996554668426979,0.738275995741426
ENSG00000093217,0.09828764730815744,0.03669901898338449
ENSG00000131378,0.10990613969508813,0.2178879391171919
ENSG00000170293,0.41160427120325693,0.8457641608373094
ENSG00000163528,0.470171890107567,0.25134220272049035
ENSG00000154783,0.09141633700142476,0.043945745252290794
ENSG00000170248,0.6543636768085226,0.5416453802067402
ENSG00000144455,0.4702949067483675,0.4288889027574313
ENSG00000144642,0.9164387374762011,0.8532219487748879
ENSG00000175928,0.13239828597692338,0.06938845329754205
ENSG00000114353,0.37223508289848517,0.4088925397930766
ENSG00000153560,0.2506307793381417,0.180573246648074
ENSG00000163512,0.31557916020428445,0.45223560675832464
ENSG00000126062,0.3110360571363223,0.7810301936496258
ENSG00000114378,0.43212597303981815,0.2828236375027615
ENSG00000114388,0.7552932332717733,0.3451218010962648
ENSG00000168301,0.8765389448959773,0.835215978352166
ENSG00000144566,0.845801485073107,0.8109485099594483
ENSG00000170266,0.5924696217000117,0.7520988248035673
ENSG00000160746,0.17495989866753395,0.2410738519090445
ENSG00000172939,0.9654535531316553,0.8980458837223857
ENSG00000088543,0.4174806230037028,0.3415318784101088
ENSG00000114383,0.8674174247114627,0.7408998880751737
ENSG00000144724,0.962545774778066,0.7001397663705664
ENSG00000173473,0.9533602846431245,0.6128800325658013
ENSG00000170275,0.10119867360418731,0.23999280289448074
ENSG00000068001,0.48252519945345895,0.24997267769213724
ENSG00000011198,0.5843839337976561,0.7473076790674613
ENSG00000144677,0.3389987592103399,0.2600662226683641
ENSG00000163935,0.39005976106047413,0.18482532093929585
ENSG00000114738,0.5395129212869094,0.42929136180865246
ENSG00000206538,0.5612486692429914,0.8856896952331418
ENSG00000114480,0.2262754158064575,0.236061579769932
ENSG00000172986,0.13622678205623967,0.33256543249183457
ENSG00000114541,0.7873969508068297,0.5425135391661859
ENSG00000163376,0.6780650599414267,0.9170683064122673
ENSG00000144744,0.49960047936829266,0.4308010330248073
ENSG00000121440,0.6800153929129535,0.45176940491267303
ENSG00000080819,0.6531402789616072,0.9543422894598005
ENSG00000168309,0.026232537112507216,0.019691107970158852
ENSG00000227124,0.3220993378508624,0.25173113343697495
ENSG00000163378,0.6053089317404943,0.6627527032348763
ENSG00000044524,0.07773316181357255,0.029330600137440842
ENSG00000144747,0.6303495176435829,0.6636164695558207
ENSG00000036054,0.8456959426763221,0.8775311343893779
ENSG00000154174,0.7637376753248241,0.928992945969271
ENSG00000138468,0.008933855719675247,0.0014403727213853296
ENSG00000184220,0.041772949365197175,0.13274936837908813
ENSG00000114021,0.7792988246298987,0.740504691160084
ENSG00000114423,0.17778413544834257,0.1457483334298307
ENSG00000206535,0.7781440754869539,0.425533336743812
ENSG00000144810,0.5482087659773847,0.17169115358799134
ENSG00000170017,0.0994234628517229,0.3009203839509161
ENSG00000144827,0.7930578934717929,0.3647364298312965
ENSG00000174500,0.0015385521446339141,0.002143429220666258
ENSG00000163412,0.6437638294052513,0.4525048901103105
ENSG00000154165,0.007091609514117917,0.005411259407576392
ENSG00000249992,0.378199196463503,0.6814271950074309
ENSG00000091972,0.36774012753800145,0.176035168745156
ENSG00000176142,0.9501115566279507,0.7449004860440116
ENSG00000145050,0.01317314677962458,0.011732507285267656
ENSG00000113845,0.5637530723983166,0.5112866215693106
ENSG00000176095,0.17215910651585106,0.10988758883356321
ENSG00000198919,0.6184438686437426,0.35444767761044627
ENSG00000144837,0.16546135992620087,0.06519640232837953
ENSG00000170837,0.09938532473882884,0.29140442425195434
ENSG00000163814,0.23898471338927388,0.23960100137015528
ENSG00000121594,0.7999468077391426,0.5970924211163307
ENSG00000174738,0.42983363096751703,0.2818612528209158
ENSG00000080822,0.4030908305123724,0.9362371720111764
ENSG00000189283,0.6223896640514877,0.46797965119165075
ENSG00000144746,0.5049356052705556,0.4394179066816668
ENSG00000144847,0.16171807965432677,0.642655102029325
ENSG00000153551,0.2816371606722786,0.23173242447587697
ENSG00000163611,0.7975689631425569,0.35915125961714356
ENSG00000163513,0.8018018225251502,0.9026596898227037
ENSG00000183813,6.106268426581027e-05,3.3764486386861014e-05
ENSG00000144834,0.8045628747826381,0.48396571114856834
ENSG00000114446,0.2098459406960178,0.4087160391690915
ENSG00000185565,0.05839066576828678,0.021936208248521077
ENSG00000114520,0.7463800497274583,0.7661243855846368
ENSG00000121578,0.5948195306988631,0.8110265554381089
ENSG00000163870,0.32114586402513107,0.06858190221469058
ENSG00000144848,0.5067435311359549,0.2936393651270232
ENSG00000169087,0.6084036168382891,0.3412714589824926
ENSG00000259956,0.47008149493499785,0.29905007503631464
ENSG00000114638,0.794446293777762,0.42781292813638383
ENSG00000170142,0.34456189644743396,0.3025621210141612
ENSG00000177494,0.6961806618339437,0.4222939352139602
ENSG00000163605,0.7169005347320061,0.5984723066802144
ENSG00000001617,0.20899738633586562,0.3064724323980858
ENSG00000144824,0.055079144421070224,0.08491728161617125
ENSG00000158186,0.9074586789653719,0.801604874310402
ENSG00000198643,0.006751228216690946,0.008897979152072546
ENSG00000114125,0.28640437993255713,0.6610018149974852
ENSG00000144909,0.3752950665037328,0.221768835993437
ENSG00000065485,0.40451117119177327,0.5335910782791057
ENSG00000174564,0.7117817446937924,0.4862456441419989
ENSG00000138459,0.21356702815374998,0.18001523528620061
ENSG00000145103,0.5025064794182903,0.21879946516332338
ENSG00000118007,0.6104043453434905,0.32702262065275833
ENSG00000206527,0.20259741621502997,0.21997878006427762
ENSG00000163430,0.963457700866976,0.7395067903119856
ENSG00000157500,0.29448978285277044,0.2429982063395668
ENSG00000168875,0.4686157801540992,0.4833898165138193
ENSG00000114744,0.27953173728765696,0.40292481531865165
ENSG00000177707,0.5317027690408298,0.8780492170631542
ENSG00000163637,0.18886963417794086,0.18109518994990217
ENSG00000152977,0.25998650932504497,0.17882544122088698
ENSG00000175792,0.6492872800957117,0.9057968336668338
ENSG00000065518,0.7329960448178305,0.861121978883859
ENSG00000114107,0.8527704335299137,0.6137349551378372
ENSG00000163590,0.6824890346404857,0.306200629598135
ENSG00000031081,0.5315305941954152,0.3414119134380808
ENSG00000047457,0.47536567029594345,0.33350989408488735
ENSG00000173193,0.7878796060393572,0.8874301425424349
ENSG00000159685,0.7714768715077231,0.24784659267638257
ENSG00000163762,0.285542241773293,0.31392902073856715
ENSG00000114771,0.7041881527351161,0.9314199135190886
ENSG00000169255,0.16349537727297053,0.4755946690893873
ENSG00000158092,0.323414093438161,0.13495731193983274
ENSG00000114200,0.1680901676111908,0.49970787232741376
ENSG00000114790,0.21168788864913035,0.050346701653186804
ENSG00000169908,0.053118749794312504,0.13612609793322655
ENSG00000181804,0.6628111931920058,0.9556949978598183
ENSG00000181788,0.38713117444795897,0.7232020742180576
ENSG00000114670,0.28972174420191465,0.1877537142271218
ENSG00000121858,0.7551597301269934,0.567049622523291
ENSG00000173889,0.8100811171057788,0.6781644618248327
ENSG00000155893,0.1413551033901786,0.017833269438608353
ENSG00000168917,0.7738101925355276,0.41908442705825044
ENSG00000075420,0.45199133300601324,0.6871775181059612
ENSG00000163584,0.028660783730567976,0.014500786011342094
ENSG00000069849,0.525904206798067,0.41105917758438626
ENSG00000186329,0.7314604446607749,0.3659660248410084
ENSG00000163655,0.11983112634018894,0.36347359023203796
ENSG00000132394,0.5432036482691129,0.379512712913327
ENSG00000169860,0.18768246083185608,0.2660249735070034
ENSG00000120742,0.6701751159463739,0.569700393613767
ENSG00000154310,0.16551658769371982,0.43399329593191704
ENSG00000068885,0.9424687251243066,0.6103167266823777
ENSG00000181449,0.46187065505527447,0.23565208929282458
ENSG00000174953,0.3143018651228416,0.5119020229379795
ENSG00000085276,0.9413370276383792,0.5387439557754501
ENSG00000073803,0.22895016423491937,0.5467178727784273
ENSG00000138463,0.6880696827845899,0.5039740322762125
ENSG00000175040,0.5781892649138973,0.8462362333620626
ENSG00000082684,0.9330224678639258,0.7662486150427023
ENSG00000175054,0.5563806640005504,0.38992435444394524
ENSG00000169359,0.6285919098389383,0.9115406858583925
ENSG00000163659,0.16722120054882833,0.14249202608409084
ENSG00000114796,0.7809223178850873,0.6826673850474889
ENSG00000136514,0.7424041313381413,0.6225225162689381
ENSG00000144730,0.5231748743382318,0.4041613036054089
ENSG00000138246,0.4758445982325412,0.3203607118772601
ENSG00000163389,0.15842094275714047,0.05407033372602129
ENSG00000172578,0.015644716874056677,0.015756204623069318
ENSG00000163638,0.9228975003385618,0.6711510290572247
ENSG00000176597,0.050479046459416844,0.08498845471183253
ENSG00000173905,0.36367487246162933,0.6465265306666137
ENSG00000152492,0.5438820089068234,0.521796919691027
ENSG00000114315,0.29534043863779535,0.4002470637330898
ENSG00000175066,0.24169854203975777,0.13247475145616633
ENSG00000213123,0.2972128766737791,0.15222257570400868
ENSG00000113790,0.6510275218659167,0.46629455445581425
ENSG00000163959,0.11231685437812403,0.0951275232229566
ENSG00000145191,0.14349211499537887,0.4624601922912498
ENSG00000051382,0.7214528700210796,0.634378846474454
ENSG00000144736,0.7395106107943599,0.749301378486737
ENSG00000161217,0.8668849602125249,0.988800924747434
ENSG00000186001,0.9331894917969507,0.6298582062319957
ENSG00000174013,0.24574256656738225,0.31446677662035377
ENSG00000113916,0.2633749190510566,0.04954233298123101
ENSG00000163872,0.18147025990713933,0.34552301239501926
ENSG00000163904,0.15739133394349114,0.3677554301178645
ENSG00000161267,0.27310528458644223,0.20782022386424912
ENSG00000127252,0.915895037864984,0.7792182044904162
ENSG00000163961,0.7060300520804225,0.3679215120694317
ENSG00000163900,0.413000609973438,0.8616714010809208
ENSG00000180611,0.06812193475891386,0.2078270382778584
ENSG00000090530,0.76174738456072,0.6577569332368649
ENSG00000185798,0.8819288872260724,0.8452848191116512
ENSG00000188001,0.02051879216958599,0.009233516480395136
ENSG00000163960,0.769364400207,0.7278274458594371
ENSG00000127249,0.10195996572856157,0.09103017243993491
ENSG00000244405,0.3789248407458379,0.7146332038717369
ENSG00000174928,0.28768480613978387,0.6493442930603366
ENSG00000181467,0.2167834443877543,0.0914660000710037
ENSG00000182580,0.4364772892172084,0.3469853263577145
ENSG00000163898,0.715716552408451,0.3675202167990447
ENSG00000163577,0.01560745278943878,0.057003723123828114
ENSG00000153283,0.020272899368650517,0.00765636892211961
ENSG00000163714,0.24644355128226317,0.5049144617535379
ENSG00000163751,0.008958637337989798,0.022063419379196234
ENSG00000163754,0.12980824258726487,0.11562263776308439
ENSG00000071794,0.4771244599432186,0.8351356808377874
ENSG00000163755,0.5459149981553943,0.7777698139485598
ENSG00000163902,0.3244359785587774,0.5268349835509383
ENSG00000179021,0.8330023431235191,0.8287600944062542
ENSG00000081154,0.4981676014933448,0.5949164036442938
ENSG00000254999,0.5847816289824842,0.7347479944195947
ENSG00000134070,0.689289639436542,0.5683772234366212
ENSG00000157017,0.00019926203076560124,0.0008971369823938153
ENSG00000157020,0.992758213514104,0.8347365242117677
ENSG00000178537,0.23866867468057115,0.23003129843476983
ENSG00000178467,0.8629243534840195,0.29151417269733015
ENSG00000178149,0.5572453499911039,0.7146036561465205
ENSG00000178057,0.20585597481157047,0.24960721126643345
ENSG00000163661,0.0045502680314975,0.014259306344427717
ENSG00000163634,0.4127989096628587,0.458040348868191
ENSG00000181847,0.00526815333205788,0.00562564992111034
ENSG00000240045,0.23684253480079392,0.2798923856625479
ENSG00000076242,0.9855651937423239,0.8841627122813136
ENSG00000151090,0.23118155704765905,0.46195240687681427
ENSG00000172020,0.1246460266675306,0.5003297235376238
ENSG00000174748,0.45585402778302697,0.7085687775100697
ENSG00000169714,0.5506144162535849,0.7577894474641853
ENSG00000154767,0.20063853257464645,0.1072528104573101
ENSG00000073792,0.03408799021917897,0.05760766056483636
ENSG00000144908,0.2675522836585822,0.3314071489337202
ENSG00000175193,0.06829387650152181,0.20924266905036615
ENSG00000163660,0.7664351782108523,0.7368053238245504
ENSG00000144959,0.3137082043569064,0.42492566631275297
ENSG00000170876,0.9588388881382648,0.5904514199552784
ENSG00000180834,0.5453765668751114,0.48301374411018505
ENSG00000145107,0.3907711107762748,0.27676195734996295
ENSG00000198585,0.19278879250473965,0.05613098552246845
ENSG00000181744,0.47292865699392517,0.23556426124989252
ENSG00000144840,0.46822619198213555,0.49919569989352097
ENSG00000163380,0.08193076985241321,0.11290765918895042
ENSG00000163635,0.07613113310448562,0.04836121025131251
ENSG00000181458,0.6378601600586755,0.8302091598287044
ENSG00000075785,0.07055747138305127,0.08512696855145832
ENSG00000151092,0.8457239090506348,0.757315505811278
ENSG00000151093,0.6622395842057927,0.8166596228158214
ENSG00000214160,0.014448510161543797,0.0549018947545987
ENSG00000284753,0.2950930894680018,0.6107287619985622
ENSG00000163888,0.2700675198340382,0.1498181912091278
ENSG00000175166,0.05084611410102037,0.12222178247374732
ENSG00000114867,0.17651795194927933,0.2373256819976864
ENSG00000175182,0.9095286231723261,0.48753624909964044
ENSG00000114859,0.20782476922257437,0.6117896633086068
ENSG00000060971,0.0812603354355949,0.3089911334069344
ENSG00000114354,0.7245388175294771,0.6253194182099933
ENSG00000114742,0.3699685818777274,0.28548545731128955
ENSG00000178038,0.21530793930141967,0.662255919696776
ENSG00000160808,0.4990305075275565,0.6824043107995985
ENSG00000160801,0.8282359757322076,0.9380141511746147
ENSG00000160796,0.0775517738835185,0.10574332515759799
ENSG00000121864,0.15342222698179675,0.40550135501970763
ENSG00000171109,0.6915883585330163,0.9766728988906486
ENSG00000114450,0.9002463011911339,0.9206282807645926
ENSG00000136518,0.11611913029136643,0.2870995842418007
ENSG00000136522,0.06301918263117477,0.19832209652786786
ENSG00000172061,0.7742285752715354,0.7870160179866671
ENSG00000041802,0.6950624911841261,0.788690330577821
ENSG00000185112,0.07923149406216017,0.12591511372734515
ENSG00000134107,0.2959287028902635,0.5040469582362532
ENSG00000134108,0.3094989783234528,0.4018856200162929
ENSG00000134109,0.8966256263248635,0.5892148091295352
ENSG00000180376,0.5671363238071531,0.3814985435360282
ENSG00000177383,0.04041286351261232,0.12884219326343127
ENSG00000156931,0.7211802786027717,0.33400090308340774
ENSG00000196455,0.935921342888102,0.8990409146942183
ENSG00000163347,0.5580500276521332,0.7408609538920836
ENSG00000017260,0.7337799726299155,0.5699211111034908
ENSG00000114126,0.7215321756024697,0.5576791523329296
ENSG00000114405,0.2680953762320943,0.15474664577467798
ENSG00000168016,0.30447275130062473,0.4339790151075381
ENSG00000172340,0.39694762331214406,0.27582736350306314
ENSG00000187091,0.10918690145469528,0.23114371779230256
ENSG00000114850,0.012218732986011494,0.012952010151748109
ENSG00000034533,0.07104349362236534,0.053164163596611975
ENSG00000163636,0.1851709494999581,0.18453392900746665
ENSG00000018408,0.5620002435933995,0.7579918616839798
ENSG00000144749,0.9498004839933782,0.5047737905413398
ENSG00000169251,0.0034559973444963986,0.015549165968577777
ENSG00000163947,0.17029499386952685,0.22770678732714997
ENSG00000114737,0.48519113337500375,0.5459040329961702
ENSG00000082996,0.632441020981119,0.9819545084607559
ENSG00000197885,0.38629582925569594,0.19442759254213704
ENSG00000163785,0.5601664720172967,0.9389496848608472
ENSG00000114735,0.7330588619141019,0.6022699268143439
ENSG00000072858,0.024326303196057966,0.025526027778646095
ENSG00000175455,0.04140045053263161,0.030410760444410295
ENSG00000114395,0.07403542213709471,0.12397654406415294
ENSG00000114529,0.00684340643001543,0.005770412636988113
ENSG00000239620,0.12256060032244784,0.1881313666254247
ENSG00000091986,0.777047853963514,0.6434226560689469
ENSG00000134072,0.7605259699827598,0.4687058301635082
ENSG00000250151,0.8992686650558864,0.7369369026555526
ENSG00000171135,0.16637573729089986,0.24211290650042913
ENSG00000163701,0.07040263119011478,0.02920338018321702
ENSG00000145029,0.47429942784812495,0.49440412311588045
ENSG00000164062,0.602357403744002,0.664170417972615
ENSG00000164068,0.6989382767286194,0.9361152783910905
ENSG00000173540,0.0910187278291631,0.13702856038075664
ENSG00000114648,0.6965366379009654,0.7176650373715714
ENSG00000156976,0.03107701991079799,0.18050772447089086
ENSG00000183770,0.02973841512767601,0.05339403638322995
ENSG00000163428,0.689666726711512,0.4555696837194373
ENSG00000114209,0.02793254003322043,0.06060855706210803
ENSG00000163536,0.4338120207555741,0.15472959008234022
ENSG00000114698,0.08083617802951494,0.055455529635999805
ENSG00000188313,0.5552216666519638,0.4892062992110111
ENSG00000113810,0.44734543078833977,0.504013185844636
ENSG00000213186,0.9453494564932615,0.5529751426042633
ENSG00000186432,0.545365584133449,0.8890607769949679
ENSG00000179674,0.4016545255305748,0.1101414209060961
ENSG00000083937,0.5176560271818489,0.6230336690345704
ENSG00000114251,0.3084297338744631,0.2962900896667364
ENSG00000114767,0.5921646080350431,0.9882926762256772
ENSG00000243989,0.7546133373671177,0.7585671060033305
ENSG00000162244,0.3103978680606097,0.5334488694682861
ENSG00000164086,0.4670670278908754,0.3858937876742391
ENSG00000164087,0.7445602359201634,0.8661184473672042
ENSG00000023330,0.6508782290617736,0.49218577267728636
ENSG00000247596,0.36385145311710665,0.29468059279141323
ENSG00000164088,0.3840062235341749,0.25856524025506505
ENSG00000164091,0.6670209534546971,0.44175024943766017
ENSG00000168237,0.03375442584612002,0.12002741432582927
ENSG00000163930,0.015851511747972523,0.00392120499673933
ENSG00000163923,0.181748191596803,0.5293210787132849
ENSG00000073849,0.10116808764309897,0.07053025446427981
ENSG00000070476,0.46017202651014355,0.21706741021959083
ENSG00000174004,0.05852449100382843,0.05477849615991319
ENSG00000180370,0.4336855101341386,0.7361419470846123
ENSG00000174007,0.3341827345985984,0.29927747975708285
ENSG00000184432,0.13373925457969443,0.14612795343227933
ENSG00000172053,0.8780295557032961,0.747995276951938
ENSG00000172037,0.9269153096023746,0.5590384003575777
ENSG00000177352,0.4755687168997673,0.640789058586607
ENSG00000185909,0.15777187344192248,0.24389487040750846
ENSG00000240303,0.0075536298045487905,0.0008542064302379319
ENSG00000129048,0.13770830541972426,0.33558497332188575
ENSG00000088726,0.9928649590506401,0.5819515827612182
ENSG00000144713,0.6435700512416204,0.8817434844939976
ENSG00000082701,0.5769841804340481,0.47659797692260997
ENSG00000154917,0.2696528439405352,0.7238148010053311
ENSG00000188315,0.04634905045265162,0.03161233869854243
ENSG00000114316,0.8228065271392626,0.6015319027455515
ENSG00000145014,0.8362021011901524,0.6616715810350453
ENSG00000090097,0.17189656637323503,0.1332875488488412
ENSG00000114346,0.20428239317041222,0.4630385025982362
ENSG00000114127,0.49836292208578703,0.5116373982045043
ENSG00000121577,0.26888008418851317,0.1699062705934471
ENSG00000138495,0.0436395591324094,0.09287113093813423
ENSG00000177479,0.6139496948698419,0.919732474584282
ENSG00000129055,0.40650051389919184,0.5032373473667546
ENSG00000114019,0.1517177121697792,0.12982650257930134
ENSG00000114544,0.5681345310635272,0.8831617087625687
ENSG00000144868,0.8768928112680082,0.5495319377386627
ENSG00000221955,0.8732002545873873,0.6110370832606468
ENSG00000198836,0.22452909648543748,0.4779295933452903
ENSG00000163320,0.6904270726582734,0.5550628219805989
ENSG00000175105,0.8491174239375341,0.7636691953527994
ENSG00000073282,0.5863608764757395,0.51580154223238
ENSG00000127241,8.077909140676333e-07,1.5892027119247948e-05
ENSG00000091513,0.02183345793578242,0.012107308557574992
ENSG00000174640,0.036310817903112774,0.15618083368023897
ENSG00000163687,0.17780375085977135,0.3143107197969579
ENSG00000163686,0.5170064677003883,0.7561224482871038
ENSG00000163684,0.22769072030710416,0.26406946759233585
ENSG00000168297,0.546812078189179,0.45337254265890137
ENSG00000168291,0.864668430698015,0.9499029518161642
ENSG00000136521,0.055419247500704656,0.2633720903476915
ENSG00000058056,0.283624174913302,0.9785445904410007
ENSG00000196549,0.008846971916587463,0.02241204522600951
ENSG00000255154,0.9703621285952729,0.6292951120334219
ENSG00000213139,0.9193476314060058,0.8976370655249623
ENSG00000113838,0.12965483883615336,0.2850524202457642
ENSG00000283149,0.009701323483297228,0.026312321430165656
ENSG00000090512,0.7738752421354522,0.44357253970559263
ENSG00000067560,0.20779089528099884,0.2940113613093601
ENSG00000177646,0.21253885642710665,0.1827967982223849
ENSG00000172780,0.9298272013130492,0.9997028653194086
ENSG00000261796,0.17201548832916333,0.2880526854819228
ENSG00000240682,0.8790167119201758,0.7937583732396392
ENSG00000172215,0.0007298091626719207,0.0015160353252087052
ENSG00000184500,0.9663648224769495,0.8207513696219323
ENSG00000178750,0.19232966607345844,0.11321300182373922
ENSG00000178700,0.7142642938053102,0.9119359635152819
ENSG00000178694,0.8329903530781442,0.6773886897095498
ENSG00000169379,0.568184624453507,0.9185149552827312
ENSG00000114812,0.011891881749124308,0.05427567902425473
ENSG00000093183,0.8760113261097817,0.817932548284467
ENSG00000008324,0.7009656272650052,0.391236035195094
ENSG00000157119,0.08562269585326981,0.1108755798228719
ENSG00000010282,0.08603930163649758,0.1140717320818691
ENSG00000181061,0.43398047800838857,0.23491400622127345
ENSG00000144648,0.048850723491411674,0.16720157783029957
ENSG00000114853,0.4177285140781378,0.3138523937536034
ENSG00000041880,0.7086275246710467,0.7585222997938011
ENSG00000186448,0.20477813483522944,0.13109555849534518
ENSG00000169981,0.8622046445927384,0.7229085410646957
ENSG00000131375,0.4915821743881613,0.44503487566594246
ENSG00000131370,0.04383520071774029,0.013239497533878387
ENSG00000206562,0.8594616344307812,0.6644856006053113
ENSG00000144597,0.385174099624641,0.4292493743487479
ENSG00000131373,0.9111214156039283,0.8066837094587177
ENSG00000012171,0.6982170455915281,0.6823784637291537
ENSG00000186792,0.518216779824508,0.7297937458615706
ENSG00000243477,0.6955503225291778,0.37059796535674105
ENSG00000090520,0.040252342113820526,0.08598195570209827
ENSG00000154743,0.30120977524618303,0.41924560173619985
ENSG00000164050,0.13170697452230254,0.08368077951251499
ENSG00000164051,0.9306990065291506,0.7858656939346034
ENSG00000232112,0.1404953500961192,0.28583482402597604
ENSG00000213689,0.07147329799633552,0.022405170135970053
ENSG00000114268,0.8244466915838069,0.9490036351349507
ENSG00000145040,0.02441002855353022,0.05609764560605134
ENSG00000010256,0.4316289124389304,0.6657066005670975
ENSG00000225697,0.4469682568284551,0.6181770363235156
ENSG00000213672,0.3994161999412018,0.22215811876934805
ENSG00000068745,0.14158119515137751,0.07315079171724534
ENSG00000114270,0.2475060700766846,0.3723860476692774
ENSG00000075975,0.5794291655812618,0.5304539947832736
ENSG00000172667,0.9671284315568224,0.6162130234175089
ENSG00000121879,0.46230009372487546,0.8188704513126475
ENSG00000241553,0.28754803634025816,0.2822239287902019
ENSG00000163964,0.7852744559346345,0.5446632887000167
ENSG00000197763,0.7884097809672974,0.5095718257024282
ENSG00000114779,0.1953028727930239,0.10268560861222237
ENSG00000163918,0.6903807979259763,0.9620640251244529
ENSG00000180044,0.5222157337685996,0.9986595948735848
ENSG00000144681,0.19838307851369297,0.26490766265418014
ENSG00000010319,0.05723794802849272,0.03497675652991985
ENSG00000114854,0.03692213884024824,0.038609259339995185
ENSG00000010322,0.04870461929799683,0.010267501837310558
ENSG00000076201,0.980644928750954,0.9194328952952899
ENSG00000163832,0.6371536740468982,0.6750951238795659
ENSG00000174891,0.7214801918845475,0.8772895359304945
ENSG00000113971,0.8366267312265422,0.608581486016046
ENSG00000132153,0.6643446443443899,0.23838230682412245
ENSG00000164045,0.9953635751455479,0.8099121706124666
ENSG00000164047,0.15751209105352976,0.1201266070815122
ENSG00000164048,0.0027289550583734596,0.0002702508115436268
ENSG00000172113,0.24548058887161237,0.22685113144618888
ENSG00000164053,0.03101299638580904,0.015280964399033557
ENSG00000114554,0.36279522106355344,0.2557361806161072
ENSG00000120756,0.1802457909158259,0.6871034879629971
ENSG00000163710,0.11222913368274812,0.19304717311552705
ENSG00000081307,0.5562831442321334,0.4295787045024064
ENSG00000163719,0.5387558099918377,0.34204246456575377
ENSG00000156983,0.7379925232477498,0.5166929367028761
ENSG00000011376,0.2585009594452842,0.3624822216681174
ENSG00000144791,0.130306565744318,0.07837769516781656
ENSG00000163823,0.8302141520173796,0.7559477528973726
ENSG00000121797,0.7571711173033829,0.5826247469084838
ENSG00000012223,0.033550688894857274,0.0322149793199956
ENSG00000163825,0.8508319450358568,0.9954519511087575
ENSG00000163703,0.4488036307615715,0.6253426134196345
ENSG00000132170,0.03781737071492413,0.09652932373430685
ENSG00000272886,0.8831133278009348,0.5177412434087063
ENSG00000056736,0.12265079092704816,0.03694922341502945
ENSG00000113812,0.8828289814819315,0.86131105716625
ENSG00000144554,0.9311102988500382,0.6832099652543329
ENSG00000114491,0.016418391117793207,0.008733530892136155
ENSG00000082781,0.300413120525516,0.17756295333206867
ENSG00000136068,0.6145610693646493,0.33510189556785885
ENSG00000160145,0.8944996840169558,0.9565108798710154
ENSG00000051341,0.2570110673043283,0.14349446797378973
ENSG00000134077,0.4404545803749239,0.628473251359031
ENSG00000068028,0.00461578916419797,0.004929531768195528
ENSG00000214706,0.833762952934324,0.7970275368430506
ENSG00000152601,0.5805865141231634,0.5569823068964874
ENSG00000225526,0.8523670204851603,0.9826555927223408
ENSG00000171148,0.5093101593660505,0.3704627472571542
ENSG00000150995,0.6743342985699867,0.45124730066377416
ENSG00000154928,0.5863910333640499,0.16327800092311834
ENSG00000145012,0.5595012456370462,0.9846573454722009
ENSG00000172995,0.13774961578233044,0.20229188759142738
ENSG00000145041,0.8520394127557496,0.47157738643462666
ENSG00000144857,0.008534478350387967,0.009157646989825755
ENSG00000177311,0.824563576756585,0.7015358084093244
ENSG00000164080,0.5818479495531622,0.23157881898385602
ENSG00000163946,0.925309262591405,0.8558235294812112
ENSG00000131389,0.9883861061651825,0.9977830084146873
ENSG00000206560,0.24218859656761837,0.090739861069274
ENSG00000163539,0.774867183487503,0.7749401102000252
ENSG00000168386,0.22443196518308733,0.17914473068916406
ENSG00000181789,0.5064495597702583,0.6959553741642706
ENSG00000183624,0.7432749567693848,0.4342164154335325
ENSG00000129071,0.38596069804027466,0.20937556413084937
ENSG00000004399,0.07261803006087182,0.021949387337540188
ENSG00000182923,0.7473702734785476,0.4807251105871807
ENSG00000088727,0.7408754097555046,0.4144648194684849
ENSG00000174946,0.00028120424855212285,0.00034086248428032156
ENSG00000138271,0.17118161021633674,0.08785029260869273
ENSG00000181631,0.07461455617847218,0.1794746003885364
ENSG00000160799,0.45204555132787294,0.2148660731039958
ENSG00000179152,0.5128469440316803,0.6124091006036805
ENSG00000136527,0.6524035528347665,0.732963937476979
ENSG00000118849,0.9142918671963315,0.6831297634771378
ENSG00000118855,0.4216828995046864,0.3283542001424505
ENSG00000114861,0.27926549844258153,0.23817833273426972
ENSG00000175110,0.0526210716026013,0.06923969127550474
ENSG00000144895,0.10019980428977611,0.18192165273042957
ENSG00000136059,0.00174892517594762,0.0008053003183560337
ENSG00000114686,0.20748209155438907,0.30589063290448343
ENSG00000073111,0.6535947285067019,0.38916479531551273
ENSG00000114631,0.11772341707131158,0.022134368948508693
ENSG00000114626,0.3121280224566807,0.2713898777267855
ENSG00000074416,0.8641077453965608,0.7397353512434414
ENSG00000180353,0.019109637294908725,0.0173952697645348
ENSG00000173226,0.1569667934198904,0.03930057294827488
ENSG00000145088,0.12578918604073025,0.1156720521307744
ENSG00000163406,0.7224682817393624,0.42519351061284005
ENSG00000065534,0.5402861807389814,0.4523915280828815
ENSG00000091527,0.5477767960587678,0.7485473441859514
ENSG00000163781,0.777856766023124,0.449170688357892
ENSG00000168779,0.28845016835490234,0.1638065169338457
ENSG00000187527,0.07600367555541314,0.035219658245260535
ENSG00000169855,0.010840096952660807,0.006667548306025866
ENSG00000196220,0.5595536147475727,0.36635276627432156
ENSG00000185219,0.04851643234951584,0.016536812716682375
ENSG00000114857,0.02707731904747875,0.04545149124615925
ENSG00000198843,0.03893429941876284,0.050906425532998255
ENSG00000155903,0.21126212828707,0.19761753847509234
ENSG00000075651,0.333025806655549,0.2875024568816069
ENSG00000113811,0.8526726225460646,0.5565976746372798
ENSG00000114650,0.15459416671138637,0.09623280808093344
ENSG00000164054,0.13549199811740228,0.050605453939227045
ENSG00000154781,0.4062052141876126,0.2017758035607964
ENSG00000010318,0.1294453967166962,0.16869593368942062
ENSG00000178252,0.6460021091934112,0.3706544184659566
ENSG00000163931,0.017532894166869577,0.05475065941926385
ENSG00000248487,0.7860420377096247,0.5959343095523013
ENSG00000163507,0.8881139240032212,0.803683818698929
ENSG00000113851,0.2288750209979787,0.1652776635643933
ENSG00000144843,0.6534988974843916,0.4785874444645032
ENSG00000163882,0.05222071425461299,0.23103853485468792
ENSG00000182973,0.9602880484053469,0.7912651149170425
ENSG00000173531,0.20406555452380365,0.08267301749724369
ENSG00000144741,0.9668998415137281,0.6878488960996256
ENSG00000181555,0.30716857577784806,0.2455144727154872
ENSG00000161204,0.3503396713597009,0.5194203141152538
ENSG00000168137,0.8625067383014733,0.5625850567864215
ENSG00000114770,0.5904182300524404,0.8599042023601208
ENSG00000161202,0.4189040661771264,0.8365683891378755
ENSG00000161203,0.010165872424778002,0.013185647959431382
ENSG00000184378,0.6043912353106609,0.6239119687299505
ENSG00000085274,0.35644109205666474,0.5946133918050704
ENSG00000008952,0.013433689553497427,0.038579457161263146
ENSG00000173890,0.9422811247266192,0.6113721007893198
ENSG00000164081,0.2590873952743131,0.22546613384504938
ENSG00000114503,0.11771970154517002,0.2819293870566011
ENSG00000270170,0.4561635978180245,0.880432787302435
ENSG00000119227,0.24877980480065642,0.1160668316741106
ENSG00000196428,0.021913238271660945,0.005795273492249041
ENSG00000163788,0.1307507805622217,0.08323890008606438
ENSG00000196639,0.06897004853551748,0.0881185164145406
ENSG00000197548,0.9666306600541925,0.8217654855462931
ENSG00000144560,0.7481444361207528,0.4501352559217774
ENSG00000077092,0.4054955984088271,0.856784624570821
ENSG00000174173,0.3429395998615783,0.5837247510045678
ENSG00000133657,0.23442313028508752,0.352132053855704
ENSG00000185614,9.963161764556827e-05,0.0006626666478174125
ENSG00000182179,0.4159116443372598,0.4944565199755002
ENSG00000183763,0.7695137703108648,0.5791558951595521
ENSG00000164078,0.32545369114341766,0.3934273313327161
ENSG00000164077,0.3492153434734677,0.2002004705340055
ENSG00000004534,0.21444489208936368,0.10729465925880566
ENSG00000003756,0.25411978805869345,0.2482800635460053
ENSG00000114013,0.7128786131825664,0.9599269208069936
ENSG00000121552,0.039175693634519206,0.06845448372245352
ENSG00000160124,0.11234216604523543,0.3290805180642122
ENSG00000114023,0.830950886650993,0.8432269242662978
ENSG00000196981,0.23382697313922787,0.13812559571307378
ENSG00000114030,0.690343648097867,0.9762480503492909
ENSG00000138496,0.9821420175870613,0.7974515675863834
ENSG00000163840,0.8815509206264062,0.9135959520870737
ENSG00000173200,0.009840533573586854,0.005788394758428856
ENSG00000125037,0.0770778236772973,0.130974374869394
ENSG00000144867,0.09485529482905894,0.2748191293963842
ENSG00000057019,0.08941745228260727,0.12456937907680175
ENSG00000064225,0.938936535004528,0.8077150371833461
ENSG00000163820,0.6155292704434148,0.5450476764261805
ENSG00000158234,0.6947200879223916,0.762731990425049
ENSG00000151276,0.24335665775821236,0.19612579608457525
ENSG00000144559,0.517324523525762,0.4588541360974623
ENSG00000033867,0.8488764370644257,0.8943857163112895
ENSG00000163689,0.6171497926447365,0.9875641895274112
ENSG00000114656,0.29274832406367474,0.06981841706086137
ENSG00000160791,0.02154514212157428,0.023854454217089316
ENSG00000170364,0.7596290557883281,0.5018569321699835
ENSG00000145022,0.9901561047725891,0.7972767603648857
ENSG00000070087,0.049607215967679884,0.06365539249832544
ENSG00000171121,0.5254476142762934,0.17627397016229482
ENSG00000196542,0.818834785655539,0.4777272539827532
ENSG00000156990,0.41968209737238604,0.35187981992941786
ENSG00000177463,0.06911362087822329,0.03937384571265955
ENSG00000132182,0.2061402221038716,0.07851821802128044
ENSG00000163517,0.15557684699320365,0.23020891926721063
ENSG00000163520,0.30164354846243346,0.13709100336728158
ENSG00000114473,0.85680065171668,0.7205929642163205
ENSG00000182899,0.05135242708146947,0.19918706479325207
ENSG00000185621,0.8402635579937552,0.7806515300472608
ENSG00000114745,0.4035601183188522,0.29459302473354365
ENSG00000119231,0.5446415094970494,0.9387360328418324
ENSG00000163975,0.155035626481861,0.3910678809377859
ENSG00000075711,0.9576471460868571,0.6654922757333667
ENSG00000131374,0.48751552441727375,0.3344651984755506
ENSG00000134086,0.33355458561006235,0.19387600589931853
ENSG00000157036,0.023790313340284808,0.012583716589396873
ENSG00000179348,0.761828382358623,0.9332302712928062
ENSG00000163702,0.8645061726791952,0.8376458522471552
ENSG00000173402,0.9714692817264601,0.6426816177319401
ENSG00000163933,0.09338643338623022,0.22301611732739407
ENSG00000163932,0.8464150752698616,0.8471879186079431
ENSG00000179934,0.02812641193861153,0.01393553344339961
ENSG00000144659,0.7523302912627494,0.7165726844636761
ENSG00000144655,0.7310297952593157,0.8143847734359895
ENSG00000168334,0.10263120614049816,0.15476712307045815
ENSG00000131386,0.7647272879329264,0.3548491331726372
ENSG00000154813,0.4497936539610793,0.4755973847663231
ENSG00000154814,0.49600342082791715,0.352794573042864
ENSG00000114120,0.9183257393233313,0.3849664139551512
ENSG00000163913,0.5212374663378775,0.3175210933852853
ENSG00000168032,0.3688104467328115,0.3933811506716427
ENSG00000188846,0.6213211772591765,0.8883532283974964
ENSG00000177873,0.060577835999609,0.03017225344000476
ENSG00000172888,0.004867710873626427,0.0012997726017488134
ENSG00000168036,0.30488094492960544,0.45216161019957934
ENSG00000168038,0.16163211879029601,0.2015408159506385
ENSG00000182606,0.7494098066802881,0.5292180204006726
ENSG00000080200,0.8694152972531534,0.6646312590011533
ENSG00000170854,0.40360468445672293,0.5741453628111534
ENSG00000163527,0.6941820012523343,0.5213249716853556
ENSG00000144645,0.5918851603473051,0.697499239310047
ENSG00000152642,0.6372939540735306,0.9622656488867272
ENSG00000163607,0.809830857495315,0.6778312379442059
ENSG00000163608,0.5886112785274346,0.2559335587232569
ENSG00000184307,0.08480149783293925,0.040583852170676185
ENSG00000163617,0.021203916938997338,0.005873903857232244
ENSG00000151576,0.9875692408290666,0.5628063777305639
ENSG00000172765,0.6309747949123401,0.6967518318550173
ENSG00000168028,0.9808091168118871,0.941325704242711
ENSG00000061938,0.2681508492489194,0.10051478248305519
ENSG00000072274,0.19789971199208478,0.5644124000800497
ENSG00000178053,0.9082052655476421,0.2991147667070402
ENSG00000168827,0.4465342272609991,0.6753254833462002
ENSG00000079257,0.7173372398822863,0.6866136237543043
ENSG00000072756,0.7425652032829182,0.7146508565349821
ENSG00000169814,0.8092892102400839,0.6033034383084084
ENSG00000131381,0.22550310481631877,0.15377984403404815
ENSG00000163728,0.8304840435182094,0.417699531383237
ENSG00000284862,0.009809112026151878,0.005071052673924175
ENSG00000205981,0.03896131074540937,0.12448382666452107
ENSG00000114416,0.004759655588214265,0.026418677029812394
ENSG00000114455,0.1622910303427241,0.34906732506528804
ENSG00000158163,0.8678220750029793,0.6256389651807595
ENSG00000138231,0.857698749948245,0.7180199969855208
ENSG00000114098,0.7759257746471188,0.8760022465740118
ENSG00000071282,0.5604495147968758,0.9488542595573589
ENSG00000182533,0.25743624083229266,0.28324557161145414
ENSG00000077097,0.819093877151175,0.6279083707097651
ENSG00000172936,0.24657275613554325,0.45771795666201054
ENSG00000173230,0.2540455411062882,0.1462538467420596
ENSG00000163818,0.24070640653245404,0.11546603554262605
ENSG00000157014,0.038156980001613244,0.018388648557372066
ENSG00000058262,0.1788039447295057,0.17897676320481906
ENSG00000132155,0.5056670930507223,0.34816669830128666
ENSG00000121542,0.45051440372697504,0.432946880671099
ENSG00000173175,0.04653500986526227,0.008824590840892084
ENSG00000090539,0.6269849177047997,0.8436310274062
ENSG00000182568,0.219857895117589,0.11233840301079472
ENSG00000163848,0.4538666124698769,0.20338436110384764
ENSG00000173950,0.8483151928788234,0.6868159736247402
ENSG00000114331,0.4411820265414014,0.1916838403558491
ENSG00000184203,0.2803645961289608,0.6337362565649602
ENSG00000189058,0.2632790451120254,0.6700306316079271
ENSG00000113966,0.9464787837733646,0.5842235245863519
ENSG00000073711,0.9568566737660703,0.910565467357903
ENSG00000114054,0.9854634892649291,0.5219491181497857
ENSG00000174579,0.10666211690352204,0.03418270622982223
ENSG00000131368,0.2552760337744055,0.11661497319480212
ENSG00000173706,0.25034670864363007,0.22042612649057816
ENSG00000283154,0.13673998968971968,0.20103821983331174
ENSG00000163938,0.2517326676479094,0.5732436806962544
ENSG00000016864,0.716975906849935,0.8677222097884908
ENSG00000114902,0.05941052653220764,0.11207536596186858
ENSG00000114904,0.7847353364674718,0.9339701751206918
ENSG00000055955,0.16811179665474965,0.2052520315988536
ENSG00000272573,0.04137039926465454,0.026766278533767052
ENSG00000213533,0.2046183175446671,0.2037409865593926
ENSG00000214021,0.051614668892545366,0.009403703433720899
ENSG00000176542,0.7703767363350091,0.4573094204474155
ENSG00000121579,0.6728201064837149,0.3788998592385655
ENSG00000178075,0.1889099661237852,0.19254492437697182
ENSG00000178035,0.039429556169877734,0.07272638258205884
ENSG00000198218,0.5615082921120076,0.4003948716847351
ENSG00000240747,0.2025473733396865,0.3517010246766129
ENSG00000066422,0.8859281917197844,0.6798029377584907
ENSG00000233276,0.6895462365020308,0.4276933857921823
ENSG00000177565,0.1673202956786767,0.3432644148651769
ENSG00000176945,0.9614527707527876,0.5428238001782687
ENSG00000114115,0.25226746763198,0.13391145992286313
ENSG00000163864,0.7104425475894167,0.6941660856718092
ENSG00000184897,0.40231868012938454,0.13579367498118383
ENSG00000172046,0.18358129284754615,0.12151025445734434
ENSG00000187098,0.9158442851357183,0.5095016760304641
ENSG00000014257,0.4635388318175948,0.6129094861816506
ENSG00000144802,0.016120448469608233,0.031561973948355686
ENSG00000114391,0.4264371476979727,0.6925005779653921
ENSG00000144815,0.13503207074031884,0.2292017426983608
ENSG00000047849,0.9343773937357642,0.9587080287436135
ENSG00000174840,0.9365920975177412,0.8524761966780651
ENSG00000168374,0.14030421275563013,0.1624716740412719
ENSG00000174839,0.9000718485007915,0.9173933627897021
ENSG00000163807,0.48321646594499545,0.4281411469923845
ENSG00000163808,0.2714739237819255,0.26888292188979723
ENSG00000169964,0.4235256551099119,0.7518681279309289
ENSG00000075914,0.1620038148226365,0.4492632865928746
ENSG00000163815,0.006288004214445995,0.00356548453568236
ENSG00000132164,0.4725822256745148,0.11469750498079119
ENSG00000185008,0.4215922434962621,0.2263325509875789
ENSG00000163812,0.2911304505143729,0.621446825325944
ENSG00000182504,0.3456664077010383,0.19503840176528006
ENSG00000114439,0.6662620006494546,0.946084756264821
ENSG00000196776,0.6777504512781741,0.3150147922714345
ENSG00000114279,0.072097586523639,0.29409634461095857
ENSG00000144674,0.6208835004680469,0.5598821823721734
ENSG00000114302,0.8664751214782358,0.7411219290529396
ENSG00000152952,0.0006836821626404022,0.003399453372056509
ENSG00000173578,0.016582031353436645,0.012711088470772175
ENSG00000211456,0.5889305899407202,0.6101424579154158
ENSG00000114573,0.5933000463571141,0.9119838812479083
ENSG00000163681,0.8038345303114902,0.8593991294560774
ENSG00000144647,0.6316976398318156,0.16854947681721366
ENSG00000196083,0.030689861785993932,0.017448440737073946
ENSG00000114784,0.1052120492173744,0.17868712732084466
ENSG00000153767,0.9630381665316405,0.6115417055110137
ENSG00000163558,0.22805851508574537,0.41676679389944826
ENSG00000136603,0.31695412158849356,0.4156473490273698
ENSG00000010327,0.6199599424576712,0.3674170449135048
ENSG00000168268,0.6965987557647436,0.6789251818391193
ENSG00000168273,0.05195254758852969,0.18454505850366937
ENSG00000163939,0.23421646811636945,0.17619732533474097
ENSG00000114026,0.1496802787793512,0.11604006815262063
ENSG00000122068,0.4017206362032738,0.590224198242417
ENSG00000145016,0.44862433039086436,0.29958977039938506
ENSG00000058063,0.5713860986846611,0.8158321133798676
ENSG00000043093,0.10514458646661701,0.23254008577638016
ENSG00000078070,0.21237878194401497,0.5365658456252274
ENSG00000078081,0.7088212697885838,0.6734354659877233
ENSG00000144712,0.5982299335243566,0.34661673515752245
ENSG00000144711,0.15739868830103226,0.08808062148181713
ENSG00000154175,0.7816742032538162,0.8632870554199243
ENSG00000198888,0.9353110599429464,0.8925108110023836
ENSG00000198763,0.21920752235090976,0.2533840537556525
ENSG00000198804,0.8460478464110418,0.7582833580108534
ENSG00000198712,0.47808982419847346,0.6056565604925939
ENSG00000228253,0.3801011258511231,0.3484757132975065
ENSG00000198899,0.40471280021527756,0.4283223918400617
ENSG00000198938,0.4589119162534877,0.5186359540642507
ENSG00000198840,0.2938006695189006,0.4051091821399453
ENSG00000212907,0.33158564258781686,0.38772085854640237
ENSG00000198886,0.2193142678110078,0.2712076143866625
ENSG00000198786,0.7230085973683565,0.5484584685077559
ENSG00000198695,0.5492349982548987,0.30666292263450934
ENSG00000198727,0.6118127324561307,0.7670848778547301
