Gene,cox_p_staged_patients,cox_p_stage_strata
ENSG00000114374,0.7740771956822448,0.4107121643970296
ENSG00000198692,0.644385710970321,0.9511868989654503
ENSG00000012817,0.9882048764524597,0.5550267053040792
ENSG00000129824,0.7799982404005241,0.6827121080197254
ENSG00000067646,0.9906571817268426,0.5345079226856736
ENSG00000067048,0.9766628464406389,0.5732880455467703
ENSG00000183878,0.5954489189725465,0.34885773419218835
ENSG00000129864,0.07497036928448977,0.039704514154695385
ENSG00000233803,0.005696131191964445,0.0028415254738457397
ENSG00000101282,0.9589918787397723,0.3322749273710009
ENSG00000089012,0.2048283688434147,0.2659066901665894
ENSG00000171984,0.11573128659991179,0.18813492903724469
ENSG00000125827,0.05822598454987084,0.16314887529775773
ENSG00000149346,0.6050028663621232,0.37742255664982116
ENSG00000125845,0.4862935709510775,0.370470892349257
ENSG00000125898,0.8307053363093023,0.8900681486279494
ENSG00000173404,0.9183745533044486,0.980709349464183
ENSG00000132640,0.14878285106895323,0.09189771280826081
ENSG00000089063,0.06728447357935721,0.2459081328723268
ENSG00000125851,0.31904464206372124,0.35778521957475407
ENSG00000088876,0.7515527159704382,0.6939796499250873
ENSG00000101230,0.7041843132795811,0.9571260817672921
ENSG00000170367,0.01940241747883692,0.08087543280820043
ENSG00000284776,0.4153324616691171,0.5212868095604883
ENSG00000101463,0.3708574106035031,0.5442137928324495
ENSG00000088930,0.3516902527106083,0.37899559405771477
ENSG00000125870,0.06786761237927387,0.055738538646216605
ENSG00000077984,0.10767006305939715,0.017973905172584577
ENSG00000101474,0.21129919715335932,0.259567595074298
ENSG00000125864,0.4721095206422111,0.5986789525580369
ENSG00000149435,0.00028310591517981444,0.01200737905157814
ENSG00000170369,0.6147889766753136,0.5881518878563304
ENSG00000125868,0.578146845167165,0.5559802196725776
ENSG00000125834,0.18946464674831862,0.45015058342630254
ENSG00000198646,0.3051771288233335,0.6505435194397655
ENSG00000172296,0.8461371811038438,0.21902569451516218
ENSG00000131069,0.7304457049208288,0.5579455911987348
ENSG00000078804,0.09227360297496018,0.2519813396595202
ENSG00000101384,0.001793505696246395,0.0032537283669619326
ENSG00000089057,0.21094765663669696,0.19308034784076308
ENSG00000089123,0.9309392719853448,0.7675300757060686
ENSG00000132792,0.054077057809402494,0.13315128623550446
ENSG00000149639,0.5010733462260493,0.8544954387244826
ENSG00000101445,0.035901214608597416,0.16223485899752968
ENSG00000149633,0.27330113664093664,0.2916373980815939
ENSG00000101452,0.37937718359836925,0.19712529456174743
ENSG00000124191,0.8894566971966826,0.9908632211819111
ENSG00000064655,0.4691122610895214,0.34026698953241624
ENSG00000062598,0.12330850320014902,0.20320203114972796
ENSG00000198959,0.5493976595055965,0.8619015801946943
ENSG00000158480,0.5731388730221663,0.900316530217296
ENSG00000101447,0.00042724089294172827,0.006111013288300675
ENSG00000197496,0.32654750996264903,0.29600174105464344
ENSG00000124249,0.880554410865672,0.7459756980156059
ENSG00000124226,0.8235192010195884,0.9731037582613226
ENSG00000080189,0.5814834397091918,0.7356573796989896
ENSG00000088298,0.9423870268650614,0.503322269524313
ENSG00000124151,0.42053060361397054,0.6328515748733918
ENSG00000124126,0.23417972830218772,0.186153479759325
ENSG00000124212,0.6118261715855025,0.6598813684608831
ENSG00000182621,0.16357271557311517,0.40939965333338024
ENSG00000054793,0.24844965501145153,0.26228875437159976
ENSG00000125970,0.9972660408559783,0.6766818385878578
ENSG00000124216,0.002937046686146687,0.03483996096522305
ENSG00000101194,0.4006957807496436,0.15392315656021535
ENSG00000132825,0.3465721832000981,0.5360172509726896
ENSG00000101132,0.016346699529660298,0.024146837705021493
ENSG00000101182,0.35890398354698283,0.3890535884541675
ENSG00000124215,0.0004877140792961553,0.008432254067862596
ENSG00000197586,0.3271059062104983,0.12386352882268893
ENSG00000130701,0.20775135467668215,0.21846114450757
ENSG00000101439,0.27347194979985257,0.429678222420142
ENSG00000101193,0.17553374131749078,0.3922682862035032
ENSG00000124225,0.00022751541757804264,0.0021602607921522928
ENSG00000101365,0.08953573979408201,0.12831635308081837
ENSG00000124164,0.8711684509990767,0.6006785247596991
ENSG00000182463,0.02864638089699719,0.03250195365119013
ENSG00000132821,0.8802254021852554,0.5901758751418853
ENSG00000125977,0.004292943617548973,0.037972802744213593
ENSG00000203883,0.23474974546610225,0.19369559912884365
ENSG00000154930,0.0004749747778548944,0.025427253126425842
ENSG00000101134,0.7686399864693354,0.6332918056025998
ENSG00000158470,0.7847011065188231,0.8521155422338137
ENSG00000020256,0.029084099881752017,0.153260063490682
ENSG00000101115,0.7292532846211133,0.6866973436927102
ENSG00000101144,0.031669300112443774,0.0461273188866448
ENSG00000101407,0.12939402233164937,0.45396749530304314
ENSG00000101079,0.3522947940192559,0.5054545707908668
ENSG00000171858,0.6194202137558938,0.7651444680097093
ENSG00000087510,0.8614412737023616,0.9652994380435325
ENSG00000184402,0.03488231937260564,0.15393897408589213
ENSG00000101361,0.03758758163328148,0.12526404195607935
ENSG00000101096,0.10856754260966567,0.15534008861913498
ENSG00000196074,0.3585398364900382,0.344397892627751
ENSG00000130702,0.17112168026293,0.22042377540188238
ENSG00000149657,0.33997363905794453,0.4145147035102884
ENSG00000087495,0.4666429093995148,0.9601799027653546
ENSG00000171703,0.743516728561609,0.8921988746839229
ENSG00000129988,0.43515012580723733,0.8034959924893219
ENSG00000196227,0.08364229504779991,0.11827263255265436
ENSG00000080839,0.1970853644640308,0.3825334262919404
ENSG00000124209,0.9680245487074035,0.9239172892891209
ENSG00000101413,0.1701954635800976,0.4430511050449333
ENSG00000130706,0.08676539702470738,0.16647115333941545
ENSG00000025293,0.7405129072521728,0.8567967739474566
ENSG00000131067,0.13995508650750932,0.21800047594064903
ENSG00000124145,0.8684557800094826,0.7621739838396978
ENSG00000204070,0.06655996879701141,0.10701288010051073
ENSG00000124222,0.3748162192703661,0.6890480889013939
ENSG00000215440,0.4111412424133585,0.46677468120620236
ENSG00000101158,0.6006938635610083,0.6135796119020346
ENSG00000124172,0.9074865285404686,0.46893715962137184
ENSG00000101166,0.3254274925299747,0.34235882766292913
ENSG00000125965,0.745557214194388,0.5178780758447936
ENSG00000244462,0.44865022629709794,0.834464929078874
ENSG00000197296,0.15422452036118497,0.12936915741460767
ENSG00000124120,0.44809693466027056,0.9151973866301225
ENSG00000132824,0.4744308177201719,0.6835147296425846
ENSG00000168734,0.20396630159367118,0.19245360139032516
ENSG00000101342,0.8677675762067312,0.9462290758832385
ENSG00000132823,0.6083752866966103,0.7195014257216202
ENSG00000124193,0.7657933818457241,0.850931031308488
ENSG00000101052,0.20344668826938825,0.18083281427975548
ENSG00000101057,0.0016736237921808237,0.04006989802996099
ENSG00000101307,0.9724149916460577,0.8863128458772761
ENSG00000271303,0.03153758818971152,0.10991865657380524
ENSG00000125821,0.7497351548905236,0.9014353597509486
ENSG00000130703,0.05170622712782817,0.06887914158848088
ENSG00000149658,0.5438066809407894,0.6733634307463765
ENSG00000101197,0.1677052006076388,0.17132739934171345
ENSG00000101198,0.7978005489840558,0.5726707398451313
ENSG00000101199,0.5606079102230648,0.9011665502077972
ENSG00000125863,0.6687280075523763,0.7931434730917517
ENSG00000285508,0.0001410706551687923,0.00043622888003624915
ENSG00000285723,0.14431357956973553,0.15636645229106183
ENSG00000125534,0.31204194712908695,0.3727382773974214
ENSG00000101213,0.900581209697378,0.7047405490121229
ENSG00000125531,0.9076949385504285,0.9232269674048282
ENSG00000088356,0.41646990253318394,0.6291397003190706
ENSG00000101331,0.30791461413534305,0.40929688996921043
ENSG00000126003,0.7478280356935529,0.46545816208419155
ENSG00000101367,0.054166440529765665,0.14603621641610806
ENSG00000101000,0.0515396889917902,0.2519969094863273
ENSG00000126005,0.1439423570405995,0.12479941825191826
ENSG00000125966,0.3316754088182672,0.30078022158762047
ENSG00000198053,0.2296797388386941,0.28975274698059356
ENSG00000149636,0.4431727328617706,0.7476466074604954
ENSG00000130584,0.7548293811522537,0.840868794305891
ENSG00000197818,0.9102844657564995,0.802639463478358
ENSG00000101335,0.9130999121290768,0.8838966632707892
ENSG00000118707,0.514886378101546,0.4087727770280055
ENSG00000259399,0.47069128763262824,0.7874968959872333
ENSG00000101082,0.15706206451747415,0.3769062196589126
ENSG00000125901,0.5794064092728346,0.5588335564089834
ENSG00000185019,0.3224556822187366,0.3829788854237124
ENSG00000198171,0.7704788900786869,0.5564600907448706
ENSG00000125877,0.1099006542379353,0.6301699933776637
ENSG00000125968,0.0223086840370708,0.010314732063533578
ENSG00000131055,0.06538398113283116,0.12325990652227224
ENSG00000088325,1.5093990733934952e-05,0.0008970679154835254
ENSG00000179772,0.6156147676782968,0.4938188606365671
ENSG00000171552,0.004339197373837583,0.019741465733888047
ENSG00000088970,0.41833747791834774,0.9098963859178181
ENSG00000125850,0.4142733909523766,0.4234991233946387
ENSG00000125871,0.04854619901354938,0.048558444804499126
ENSG00000232838,0.9465621849602635,0.7960382954260569
ENSG00000125869,0.48925633654703915,0.4277348617412321
ENSG00000125818,0.19289352908544144,0.25525084088538635
ENSG00000101298,0.7300643800343589,0.548490172010347
ENSG00000125775,0.00351513537994127,0.00864106731200178
ENSG00000196209,0.6077345354635262,0.6069473779351162
ENSG00000124104,0.3633020798702148,0.07980224622601514
ENSG00000132801,0.03450231484755824,0.05679283927842371
ENSG00000100979,0.14714941148017258,0.1302522844590511
ENSG00000100982,0.9352632982625918,0.9677733634499744
ENSG00000198026,0.7777319218360389,0.7575388870464766
ENSG00000100985,0.27088460688103616,0.7271399856240556
ENSG00000088832,0.12397659949531865,0.40684775664367845
ENSG00000088836,0.23868654625592353,0.49037568875155024
ENSG00000125967,0.04965710277847781,0.08657758382367883
ENSG00000101412,0.1027719866119733,0.19007149160919426
ENSG00000101417,0.010950906268827944,0.03456337700743095
ENSG00000101421,0.2802352077221891,0.522384271317714
ENSG00000242372,0.0005536162857270466,0.007350972717959127
ENSG00000132646,0.015348660095541877,0.05395021523493878
ENSG00000101290,0.9300912941770398,0.982252867940577
ENSG00000089006,0.4889763915312584,0.7128834934137946
ENSG00000149600,0.8205581725031761,0.7681322630399328
ENSG00000125787,0.6208685401051118,0.5108941911100336
ENSG00000101160,0.05877677863660035,0.05374439003190084
ENSG00000198900,0.14049384556869265,0.5447846033516446
ENSG00000171867,0.17500958580202905,0.14720855214421552
ENSG00000101265,0.0385163018501372,0.1621658902158725
ENSG00000244005,0.31695764627559775,0.7649617497952779
ENSG00000125995,0.343189064400765,0.5187913462841416
ENSG00000131051,0.9194239470174663,0.6367455829405676
ENSG00000214078,0.4398509314125695,0.8145054672444918
ENSG00000185052,0.02348588156488301,0.10097201291012023
ENSG00000204103,0.5910267045157396,0.5780741011033012
ENSG00000132793,0.6426611699910969,0.6542741590443544
ENSG00000124177,0.11398511486181924,0.1571745234566263
ENSG00000124107,0.49756233510028114,0.9865620056608161
ENSG00000101443,0.0008266356653841859,0.01748205708938001
ENSG00000101457,0.40707033341519694,0.27629370167464656
ENSG00000175063,0.00048058118872193695,0.01067984046980605
ENSG00000101470,0.005501307702404015,0.005655453299779915
ENSG00000168612,0.49363471917289603,0.46373705769494467
ENSG00000124207,0.01653120982212562,0.1435761580296649
ENSG00000124214,0.271267856347035,0.6899432776322514
ENSG00000101187,0.0009434744395838043,0.0033560068460988996
ENSG00000101189,0.2021046585365622,0.2436294021542492
ENSG00000060491,0.8678488023571496,0.7301870541455309
ENSG00000092758,0.2784830081738242,0.4821202285284186
ENSG00000101190,0.7764450395138254,0.9759270413670941
ENSG00000101191,0.01914981110545104,0.10114053967577608
ENSG00000132622,0.7316471914045025,0.6928960106388901
ENSG00000101220,0.3149680629746243,0.4662960265310352
ENSG00000101222,0.09251857733756029,0.2994861111764725
ENSG00000125817,0.12289673307311991,0.1881967791119738
ENSG00000125843,0.8414517542871012,0.766458840873103
ENSG00000088888,0.80519490245035,0.760875978871962
ENSG00000088367,0.7671813696499978,0.908210923750754
ENSG00000131043,0.7420425859618879,0.731809059542728
ENSG00000196476,0.032308504512491606,0.1677772460694877
ENSG00000247315,0.8719185294419644,0.622143927664075
ENSG00000125841,0.7081993404360369,0.869131168410888
ENSG00000125875,0.8170736033498676,0.9349185558391436
ENSG00000101266,0.23992355765439807,0.4189398498502319
ENSG00000101276,0.02275113901102177,0.06236424302306102
ENSG00000124198,0.7734416437801812,0.28415612593267875
ENSG00000124098,0.0020730045835043952,0.01594152025226649
ENSG00000087586,0.0001465036518885428,0.0026200755228179755
ENSG00000101138,0.9863882326607608,0.8462679863715141
ENSG00000022277,0.49977514356930075,0.3085570636862373
ENSG00000087589,0.001810913260537943,0.012251638339692287
ENSG00000101247,0.5567648956183855,0.963678796156559
ENSG00000124201,0.7916536222699143,0.9030897617452158
ENSG00000124171,0.5608760464211764,0.868839860205791
ENSG00000124217,0.7556538477622461,0.914992129488386
ENSG00000173418,0.02834268330628045,0.02650231511226596
ENSG00000101343,0.45912719636231114,0.5353937205392483
ENSG00000132669,0.19139312025106855,0.12078770280479938
ENSG00000101236,0.8886858540804782,0.5454848336178968
ENSG00000088833,0.4550550632147612,0.3622816472954338
ENSG00000171222,0.5427757657871709,0.7533219737919148
ENSG00000101336,0.27724360296599,0.3116025158889172
ENSG00000124228,0.26507372920102074,0.5426700154787117
ENSG00000101181,0.27652066595213415,0.2782368608321647
ENSG00000101224,0.4941918567891147,0.5872132788978726
ENSG00000177732,0.47178980960632166,0.5891843502270241
ENSG00000170373,0.5867330241610305,0.5463876506304954
ENSG00000101441,0.895768576718105,0.9993470124854111
ENSG00000171940,0.7720287778996797,0.9291720632985065
ENSG00000088854,0.04509855613781965,0.11286501491393844
ENSG00000124257,0.7113225586633422,0.7272937652996068
ENSG00000125779,0.9942320889441316,0.7832243317774265
ENSG00000089048,0.07988197161472949,0.11521717719379614
ENSG00000000419,0.5195791624523752,0.91187263988858
ENSG00000124160,0.6671528681435059,0.8534613178075259
ENSG00000101347,0.5559797738510666,0.44095875969338283
ENSG00000101216,0.9822747545752085,0.7132532953274291
ENSG00000197457,0.69780159596993,0.9900480918269496
ENSG00000243509,0.00014117845944957037,0.0034690625932315617
ENSG00000101246,0.45080859423254516,0.9194646507180096
ENSG00000197114,0.9048107083783021,0.7289848064112339
ENSG00000125520,0.05712681889252617,0.16486424441988656
ENSG00000088882,0.009485958937701508,0.04930277104390493
ENSG00000132635,0.8943678289168564,0.7393780931829839
ENSG00000215305,0.9471215987700873,0.689686361725335
ENSG00000101363,0.17327151374531222,0.4218214306839242
ENSG00000124243,0.13350923177829768,0.17442251281999044
ENSG00000149634,0.446008748259771,0.5072916004400025
ENSG00000244274,0.11104091023178583,0.28750768300055507
ENSG00000196421,0.991349937080031,0.6376389724937408
ENSG00000101255,0.038644270901695504,0.0901272396098769
ENSG00000125508,0.8199202105788286,0.6994312809363527
ENSG00000174306,0.9458597659119448,0.7762034828108636
ENSG00000080845,0.21258525219103783,0.7778651361260474
ENSG00000088899,0.021698578070587622,0.047699767794135026
ENSG00000125895,0.7469570495613698,0.45692053005942046
ENSG00000132670,0.8257656288152235,0.779010987854702
ENSG00000078699,0.22777956808229916,0.3269510459094949
ENSG00000087460,0.7293056536854057,0.6389577415227687
ENSG00000124181,0.09942585266048365,0.09984650043224652
ENSG00000124208,0.9510609640756799,0.9354578882533282
ENSG00000240849,0.015049831429553646,0.014071497789350752
ENSG00000172216,0.004898218747559672,0.020479779297000202
ENSG00000196396,0.9765639382547707,0.9764554957663213
ENSG00000197122,0.2858576476867496,0.8658182601233455
ENSG00000132661,0.38810267865942194,0.2796494864447623
ENSG00000125812,0.4053533765818801,0.7115705912644439
ENSG00000125814,0.09818671090494531,0.31906065566878766
ENSG00000101333,0.6446533937090214,0.8130853411659273
ENSG00000132623,0.09566255007711844,0.11789040104669521
ENSG00000158296,0.27924434830697037,0.13024372410579899
ENSG00000188559,0.2610890236333763,0.4419629127606667
ENSG00000125991,0.9583560268926031,0.9539488214790856
ENSG00000101084,0.00037412666211908126,0.008385846642517434
ENSG00000244687,0.005535708996619942,0.02231334871241652
ENSG00000149451,0.1333586191436869,0.1306115029853375
ENSG00000124140,0.3746813269688485,0.3439518408331118
ENSG00000125844,0.9634709152222856,0.9112663207487998
ENSG00000101049,0.242813357902157,0.3409228284642632
ENSG00000149474,0.9205110557650502,0.8270169149016979
ENSG00000125835,0.03961659344493638,0.2140965555693192
ENSG00000170471,0.835345955965536,0.7541766298567808
ENSG00000101442,0.8781441426225143,0.755098362814989
ENSG00000149646,0.12645373703346208,0.2697874392691685
ENSG00000182931,0.055886210481741694,0.03569555394794222
ENSG00000130699,0.9163211246220602,0.6698421316855279
ENSG00000124143,0.07313938134739535,0.1104992841494359
ENSG00000124155,0.9567811348040667,0.6820790602557754
ENSG00000019186,0.016239977313674197,0.3045943077986848
ENSG00000064787,0.5365495416996957,0.5305645771747545
ENSG00000215251,0.9821231430932787,0.9798200708415901
ENSG00000172315,0.14338074568103912,0.28540759321707065
ENSG00000101161,0.3365428793420161,0.7708205737202165
ENSG00000061656,0.5755671942790664,0.9270398635780414
ENSG00000198185,0.5906537676995166,0.8714482639786316
ENSG00000100983,0.008389386061229206,0.024810152156016427
ENSG00000100991,0.2629386471607295,0.6634373654918884
ENSG00000124256,0.126055243170737,0.4527778899245145
ENSG00000101040,0.9255405448638974,0.6317176597130407
ENSG00000149679,0.810550064989451,0.9616804156307478
ENSG00000124237,0.12678927349338823,0.24382446412755882
ENSG00000101017,0.388168637173843,0.5723181969397735
ENSG00000196839,0.00024366339842426987,0.019905943191422467
ENSG00000064205,0.7367278305510847,0.7571664171445256
ENSG00000078898,0.08890651832889684,0.03456206174583658
ENSG00000131050,0.24361846985113497,0.2827522829104894
ENSG00000198183,0.9534971878882849,0.6829322423038494
ENSG00000125999,0.02647911038218636,0.06504959105525857
ENSG00000101391,0.6693793885509018,0.729391407574504
ENSG00000101400,0.12586313805580077,0.07641817117615173
ENSG00000088305,0.16664567527845334,0.256796155140439
ENSG00000100994,0.0238999782455529,0.008302801721097826
ENSG00000100997,0.7284794567898016,0.8523161393437686
ENSG00000101444,0.06243834576333908,0.5022702623980376
ENSG00000101460,0.26699894960975773,0.46581640181189
ENSG00000101464,0.10298399849817161,0.19940382084239983
ENSG00000125971,0.03906868264238366,0.08114899956391547
ENSG00000078747,0.41101138490559364,0.9908492255995862
ENSG00000101003,0.009562634370261473,0.031915961169667786
ENSG00000125798,0.09518264552986966,0.2501142512844143
ENSG00000132664,0.8869289953669324,0.9127396780823112
ENSG00000089050,0.5239166577749339,0.8286311661796533
ENSG00000101310,0.7266985395988472,0.864987424675867
ENSG00000232388,0.7964324554189022,0.5837453100021317
ENSG00000125826,0.001525743440064494,0.02162794481197906
ENSG00000258366,0.11123615315528979,0.13751545090855083
ENSG00000101146,0.13944671300959846,0.17927465259176562
ENSG00000132819,0.1777228345096562,0.23017284390763298
ENSG00000101019,0.30809303690952944,0.6114575519808527
ENSG00000101473,0.49031051680692916,0.31426158717375535
ENSG00000088320,0.07815218431081525,0.323257666076602
ENSG00000101294,0.029435574733493303,0.1547236772953306
ENSG00000101337,0.10174229709447298,0.34352756907525317
ENSG00000101350,0.7514482113734324,0.990753817760969
ENSG00000171456,0.9277184934772013,0.810110556409297
ENSG00000197183,0.4743152005219674,0.8469466824535465
ENSG00000196562,0.15643118589262955,0.27085257371862315
ENSG00000130589,0.34922466130108454,0.41290487125510955
ENSG00000166913,0.05590501792716736,0.15766499988661722
ENSG00000101104,0.07715636913014062,0.07995892728078656
ENSG00000025772,0.32701595494532887,0.7660844662096751
ENSG00000168703,0.8929097827892473,0.44756668381785336
ENSG00000124102,0.07125330259317293,0.20320012827845232
ENSG00000101109,0.7715885443358506,0.8496486818321848
ENSG00000131061,0.5695126845526026,0.774325642078461
ENSG00000125846,0.13775696367555032,0.32894001722136473
ENSG00000089199,0.9671128216241143,0.4949438121660713
ENSG00000089195,0.035417009672623796,0.174836684174398
ENSG00000125885,0.011350736861408323,0.09927296296300363
ENSG00000088766,0.8789662362682118,0.5256034224802488
ENSG00000125872,0.16120025226634824,0.12412496817402256
ENSG00000088812,0.5808019765483241,0.8219013367159367
ENSG00000088826,9.100288934523268e-05,0.0006289708747085654
ENSG00000101311,0.029157057618955533,0.09779698032728516
ENSG00000089091,0.4254134537883113,0.8327989173883911
ENSG00000101898,0.23608463070656496,0.8134098514659731
ENSG00000101126,0.7660152306022177,0.8203966279104657
ENSG00000175121,0.9393109841509517,0.698331340242647
ENSG00000088881,0.581848228052754,0.746791594215926
ENSG00000203880,0.023303163318064774,0.12081648481686101
ENSG00000178726,0.9882034721961989,0.9338586321690863
ENSG00000125810,0.4688274310271251,0.43249909861601543
ENSG00000171700,0.9186068470084696,0.8085656976739559
ENSG00000125772,0.23718154719399293,0.2292684788763211
ENSG00000203896,0.5172678042253087,0.7896068185826507
ENSG00000183260,0.7419435487109234,0.6271497931491283
ENSG00000101150,0.024919985131807557,0.09564301709484171
ENSG00000101152,0.320219827536259,0.30710221085169986
ENSG00000198276,0.3237024491184113,0.5434600683077488
ENSG00000196700,0.13767308612216947,0.2217182515079328
ENSG00000130590,0.1677003389435537,0.2339423986970867
ENSG00000089177,0.5157890722877618,0.9271303261590396
ENSG00000172264,0.04046600084188375,0.21562387553005327
ENSG00000125848,0.95767677490167,0.23531589757048796
ENSG00000118705,0.3447811045611294,0.445884978460645
ENSG00000132639,0.6907519342475026,0.9887375794397706
ENSG00000101346,0.07545352825816677,0.30139534652664196
ENSG00000170191,0.9833662106941721,0.95146472351612
ENSG00000130684,0.11375738326171228,0.5585259825357187
ENSG00000126001,0.7301474718185174,0.9054143940153806
ENSG00000101076,0.016395240503247997,0.07596630403704001
ENSG00000064601,0.6500701976481611,0.5101416071942602
ENSG00000101210,0.45557007311441167,0.8493008435914202
ENSG00000166619,0.676921748518624,0.8475888884380535
ENSG00000053438,0.6896780499457968,0.41382499368000014
ENSG00000101004,0.14189847851692622,0.34208738174567965
ENSG00000125510,0.6771746681721993,0.6805932860742254
ENSG00000088827,0.5434641499092023,0.8408987866027204
ENSG00000167393,0.4180130521691715,0.37932284522863824
ENSG00000183943,0.24150823287822,0.4392791188130396
ENSG00000185291,0.14849981733626696,0.15164890432164907
ENSG00000182162,0.0012693420205525973,0.007780609342886122
ENSG00000169100,0.35373972897437544,0.7044625689483999
ENSG00000169084,0.030796482708518622,0.13319954711950843
ENSG00000146950,0.8358916564016521,0.8838938895318702
ENSG00000011201,0.005125049021115855,0.03523479241587479
ENSG00000169093,0.46058628064904894,0.6642799646246615
ENSG00000004961,0.01981065826840797,0.05183521073602664
ENSG00000146938,0.25426684365985525,0.37861012011188855
ENSG00000101955,0.45457061284550593,0.33969955232435833
ENSG00000147027,0.9364816632922616,0.7394257013808121
ENSG00000197976,0.5660478323213238,0.6063698779693754
ENSG00000147041,0.8521536714945943,0.36065813165177285
ENSG00000173698,0.5568472448789655,0.5602589988717095
ENSG00000131831,0.03489309717902216,0.13577950969166164
ENSG00000047230,0.17107709485609648,0.15995129896897028
ENSG00000102218,0.32625782595604347,0.30895140915818387
ENSG00000012174,0.003701144039506834,0.01124154885997439
ENSG00000158526,0.6490001802357911,0.9870239702670278
ENSG00000183690,0.026763534436971596,0.11078737331945983
ENSG00000180182,0.33127233240359855,0.5360239147195838
ENSG00000147119,0.2952516112701393,0.36318430896605514
ENSG00000273820,0.14707794428016402,0.5880898564837935
ENSG00000171365,0.2932797751553197,0.9823467970918512
ENSG00000169895,0.020789766348996264,0.014762513013615664
ENSG00000008086,0.9016450023750582,0.46059704650249866
ENSG00000124479,0.6623940927518566,0.8935318966991126
ENSG00000230797,0.20117276235436665,0.1606903931647715
ENSG00000165169,0.15375378066987208,0.09901242403416025
ENSG00000069535,0.009458337270033569,0.10683295899705939
ENSG00000155659,0.4093147376839139,0.3888653822401552
ENSG00000102221,0.568946792543177,0.5693956835727508
ENSG00000065923,0.4519748691081761,0.41404059396984516
ENSG00000187601,0.015319391593432648,0.17029835325607698
ENSG00000087842,0.017156423508073414,0.01514274073421426
ENSG00000131080,0.03457742171133781,0.06253267388926576
ENSG00000173198,0.09716120432779941,0.39579738569871314
ENSG00000182220,0.8460622105302626,0.839688423375919
ENSG00000147100,0.7328013481031579,0.9172697348784257
ENSG00000102302,0.038317565738522755,0.19646056873215412
ENSG00000102316,0.2625054706615489,0.4024845254868974
ENSG00000102349,0.8660031498698282,0.854337306011024
ENSG00000155622,0.6653734183385541,0.6358347481327454
ENSG00000147099,0.6843903651453944,0.26580672677596784
ENSG00000094841,0.060481849828150865,0.33258458676544
ENSG00000165288,0.6876962880546107,0.7395348745320819
ENSG00000158813,0.5677154189338245,0.9897701977201151
ENSG00000188419,0.8168486486887083,0.946868696924981
ENSG00000124429,0.5049527594657477,0.4278012227907184
ENSG00000198934,0.1138066014222373,0.4578203370210022
ENSG00000185222,0.4382268275904244,0.3353273090738526
ENSG00000102390,0.17145955360086995,0.07073875048688218
ENSG00000204272,0.003443928872944027,0.003741799629347488
ENSG00000131171,0.3725060232642178,0.6795545178017729
ENSG00000188917,0.5761653440148697,0.47058597930255897
ENSG00000268104,0.019454753277914887,0.03644457006459854
ENSG00000047597,0.6419614576018672,0.3532583741916312
ENSG00000047648,0.4156835869747626,0.7693076563018024
ENSG00000101844,0.23533554016985836,0.31248827124185113
ENSG00000101843,0.8427945819109105,0.9953083923922902
ENSG00000123572,0.45762374864120825,0.34880342830257893
ENSG00000130224,0.7355509709584227,0.9041906034098369
ENSG00000069509,0.12358730426109742,0.03517518230153969
ENSG00000078589,0.013783947921461542,0.06904943282580073
ENSG00000147121,0.3177796922052539,0.655174572810806
ENSG00000090776,0.7038154174243246,0.6370986163699524
ENSG00000185753,0.8629414882186122,0.4152738396311184
ENSG00000182916,0.9114517540931153,0.757398027152115
ENSG00000133169,0.5175586558062318,0.4944649299084075
ENSG00000186767,0.0024653134876047485,0.0017519364843566782
ENSG00000125676,0.6187318891170808,0.5099867780012595
ENSG00000204271,0.16139406980761326,0.4036392355146565
ENSG00000078596,0.3581651030164228,0.5656852220431254
ENSG00000227234,0.09770421196190986,0.06958466297268168
ENSG00000166681,0.4378409185312714,0.12450234036267292
ENSG00000046774,0.8715693612923713,0.733980247984574
ENSG00000186462,0.08198697706685744,0.5326264833934184
ENSG00000102241,0.4094689130853214,0.28579861622156466
ENSG00000089289,0.6366345645250462,0.7247776182706727
ENSG00000131725,0.4189396667509887,0.651501088702048
ENSG00000157502,0.8268954559642886,0.8183605906062216
ENSG00000184675,0.9816657743776679,0.99505107009891
ENSG00000182712,0.6646862579344398,0.45513197622727175
ENSG00000156009,0.005630577798283203,0.0069427287637235545
ENSG00000010404,0.7783045476064416,0.7383913169517906
ENSG00000182195,0.06162326359128955,0.05598457373342184
ENSG00000214827,0.6617391394529344,0.6112444147579299
ENSG00000011677,0.18480128567824575,0.41561051528403714
ENSG00000241489,0.14377373574527505,0.3396175757265776
ENSG00000147255,0.021636376638113398,0.008576745615116607
ENSG00000197021,0.7537997085796858,0.890284451686199
ENSG00000165775,0.9970861982231516,0.8046281440621769
ENSG00000197620,0.06927011166861335,0.15876354131429032
ENSG00000133135,0.3006683646810487,0.5934524807283743
ENSG00000102243,0.6241204820175785,0.5723126627322084
ENSG00000155495,0.4692365755002138,0.5908434346044324
ENSG00000185010,0.3593340275694078,0.8688936068753138
ENSG00000198157,0.7025919332978718,0.82384797135608
ENSG00000129680,0.2045685635167633,0.2610091474007543
ENSG00000133138,0.8770535365230073,0.4967943309163637
ENSG00000133131,0.8820345243712154,0.7402739394153373
ENSG00000155959,0.03921391413838748,0.07880107415762473
ENSG00000123496,0.6576021661898146,0.5543669030056173
ENSG00000067177,0.03957584766019608,0.09390388508898014
ENSG00000186310,0.5398359563948889,0.9644211603466424
ENSG00000204019,0.05620211643427222,0.186516389705973
ENSG00000203926,0.22684117910518678,0.1283370566881925
ENSG00000008056,0.5724972415346574,0.5952145142904881
ENSG00000126767,0.13231144981759635,0.2207625832017761
ENSG00000102265,0.02869417222121847,0.09434007619694322
ENSG00000147130,0.5935447589713216,0.7817340076853072
ENSG00000186810,0.2270350197011329,0.2752361391302181
ENSG00000155962,0.17539316041342942,0.4357499487075699
ENSG00000185973,0.7029052107427334,0.9457360500369871
ENSG00000124333,0.19328105813014074,0.31460793419191413
ENSG00000007350,0.8629043610594561,0.7941529839614374
ENSG00000071859,0.4757878142056615,0.5175689659849972
ENSG00000130827,0.5520017677599629,0.4365560369068301
ENSG00000102178,0.02019247536436975,0.05884656786510012
ENSG00000126903,0.12334871493754732,0.26053027198535583
ENSG00000147180,0.6138548588850021,0.7332527987189152
ENSG00000158427,0.9646141209277785,0.9759703087014553
ENSG00000005302,0.8857347499176611,0.9403968231336808
ENSG00000196664,0.00633748971910107,0.024691799093822065
ENSG00000204379,0.36777131029655774,0.7155362565749591
ENSG00000047634,0.19226320744506345,0.12685526088963162
ENSG00000277150,0.2598022308510745,0.480258953586128
ENSG00000063587,0.18555696896681512,0.18573964792271824
ENSG00000179222,0.845441022579742,0.811650620125295
ENSG00000130021,0.591953185075323,0.4079161870324234
ENSG00000235961,0.7000624802762643,0.8328419635029702
ENSG00000188153,0.10186349400293304,0.04099177430443278
ENSG00000134594,0.46097720643636597,0.487366808568814
ENSG00000056277,0.7602350084195026,0.4277873985216839
ENSG00000156709,0.6433506600338684,0.6032931056253759
ENSG00000171657,0.004874559727425923,0.04053585890414749
ENSG00000131174,0.41574927613285195,0.3213859512078803
ENSG00000068438,0.26044977775272743,0.27408309806560527
ENSG00000147155,0.21546826750107287,0.25300977038169253
ENSG00000102048,0.910586378261773,0.9498757655201896
ENSG00000165195,0.2559718971416491,0.4530592481097253
ENSG00000165197,0.00028369990658409387,0.0091759364004115
ENSG00000073464,0.8425689023288296,0.6656898230653318
ENSG00000158423,0.051618734295662265,0.3105361414455831
ENSG00000130829,0.1752865906948605,0.07683228195335995
ENSG00000130822,0.4309005209556259,0.37847551889784004
ENSG00000185825,0.047397739535014576,0.052038035065257594
ENSG00000101986,0.013957147025428034,0.08823441629218715
ENSG00000198753,0.4970971803465867,0.3002471730099259
ENSG00000184343,0.049708547233409,0.013615214154494711
ENSG00000180879,0.01378597941014915,0.015624801771775923
ENSG00000198910,0.020328313802815436,0.03349524945983754
ENSG00000102032,0.03001924831803758,0.12758358354145968
ENSG00000172534,0.06427884980365518,0.15938735519510908
ENSG00000177854,0.7423596294524298,0.7548848661543022
ENSG00000126953,0.04898585847197785,0.2658650887264731
ENSG00000241343,0.11116403643087375,0.3293286994939249
ENSG00000257529,0.9103824400524507,0.25743459119222234
ENSG00000126945,0.8487850751445589,0.8521401399621055
ENSG00000262919,0.2836080887055844,0.6450500058705761
ENSG00000130821,0.014640955075035388,0.06641061645218443
ENSG00000147164,0.3362787152116496,0.5442516148850993
ENSG00000184481,0.1441738526773338,0.5722109834617187
ENSG00000169562,0.5583678002583778,0.962622178553793
ENSG00000131263,0.7683844098130983,0.7046182737357022
ENSG00000147113,0.9385220983184339,0.8438062202428452
ENSG00000147224,0.7765217799156509,0.759393360999311
ENSG00000169083,0.3949034900088091,0.7808277098280907
ENSG00000275113,0.7061446524189756,0.5049968803823237
ENSG00000068985,0.5150452573498521,0.18643937909013053
ENSG00000147274,0.10855539060682226,0.26568659721876015
ENSG00000172465,0.2902623629311045,0.3141112263423453
ENSG00000123562,0.06391237641169131,0.09897224001868486
ENSG00000102007,0.0006922586540396743,0.006969241047032873
ENSG00000012211,0.5075625797682048,0.6329683221991034
ENSG00000101997,0.4047544278089926,0.5938501472081135
ENSG00000049769,0.9427281010744214,0.9013203133392991
ENSG00000147118,0.04615639689881762,0.2653666195936494
ENSG00000221994,0.02462498618549622,0.19609117415153035
ENSG00000188021,0.21914292154590517,0.2188484172744176
ENSG00000130962,0.005949322103516948,0.004842158731297044
ENSG00000101911,0.1757442582422817,0.09791934004227308
ENSG00000085224,0.6430719801943863,0.9717031076017263
ENSG00000083750,0.10671708005737902,0.2771893242934154
ENSG00000101842,0.45837879964259387,0.8198607422211058
ENSG00000156298,0.030668802214254595,0.12305036599080717
ENSG00000126759,0.08618251978565819,0.13962085112486006
ENSG00000000003,0.5754654235659851,0.44282413553151245
ENSG00000158164,0.7372032104105661,0.6318449965380839
ENSG00000102010,0.7433824207003485,0.9301538989272773
ENSG00000169239,0.0024686151341121658,0.015477644966474125
ENSG00000182287,0.924813469154698,0.7807365230873033
ENSG00000169188,0.09594086707600621,0.08632314862502324
ENSG00000238269,0.1800779402343627,0.07588938988380349
ENSG00000234068,0.8018484472624267,0.48460914936638055
ENSG00000196924,0.7479615896021068,0.9759823930486283
ENSG00000147003,0.4131726075801184,0.9698715838438444
ENSG00000147403,0.7316569403649547,0.9699141617263292
ENSG00000072501,0.08693267420008673,0.21539141306208306
ENSG00000198689,0.3908167786851623,0.30562456167273344
ENSG00000134602,0.033212972013139275,0.04299435159151026
ENSG00000123728,0.10077883048521596,0.11204654243202226
ENSG00000147140,0.45899770727307565,0.7645561234382174
ENSG00000120280,0.0016465654251944751,0.0105415219338345
ENSG00000101868,0.36403727221083104,0.5413984677765014
ENSG00000004848,0.5797988305866213,0.955437908179593
ENSG00000182484,0.34967793647091505,0.5303863876485969
ENSG00000131089,0.2730910893725532,0.8908612488233008
ENSG00000158639,0.9403013066488514,0.9468196001534412
ENSG00000181191,0.8971308109108986,0.9721210701187801
ENSG00000165359,0.1505660764662652,0.6033796190917577
ENSG00000005889,0.7874173454464068,0.5312559228832598
ENSG00000126752,0.673332304725235,0.9372870164997097
ENSG00000197779,0.4107694371745141,0.4540600831043088
ENSG00000080561,0.501740413202183,0.5009610434468397
ENSG00000147138,0.004125982294379431,0.03720422356007875
ENSG00000125354,0.9973245053161103,0.5875426763411211
ENSG00000022267,0.06765818216048486,0.3078301338859737
ENSG00000131269,0.8389202891715196,0.9610905129288132
ENSG00000180772,0.4280213716452853,0.685281686249892
ENSG00000188706,0.7044096903385189,0.6730900105250347
ENSG00000156697,0.24867923857733085,0.5431426740854973
ENSG00000085185,0.23251164975209943,0.5762640268461034
ENSG00000196507,0.041917583047271244,0.19070970426388031
ENSG00000123575,0.9654362726226802,0.9227070783770572
ENSG00000182378,0.7713049269443741,0.8262418938862176
ENSG00000268651,0.8857584862349808,0.6475400901698416
ENSG00000171388,0.11770156529473041,0.2029587112745954
ENSG00000122122,0.011920626300143263,0.03681804450452942
ENSG00000078061,0.8419790995159611,0.8581008854973923
ENSG00000101938,0.0018841932099189695,0.03115556699959708
ENSG00000077274,0.5257772908121543,0.23809162027050682
ENSG00000102359,0.20566796026453577,0.8889893179987163
ENSG00000232119,0.21167814361660886,0.3022321856636667
ENSG00000171155,0.7883125565650142,0.7016449806225629
ENSG00000158290,0.04153395566528597,0.1842357407313192
ENSG00000269096,0.34216648809901823,0.2957487391947978
ENSG00000046647,0.3199651096301956,0.9087036359574275
ENSG00000157600,0.02533173393145676,0.004105768971208099
ENSG00000187808,0.054935280970381827,0.24671392344762252
ENSG00000198918,0.8942864354637967,0.8666433729555251
ENSG00000125352,0.12181382838161459,0.37254845877194653
ENSG00000125356,0.6880671326250796,0.37115375721095356
ENSG00000186471,0.07462434411115325,0.1800537184034768
ENSG00000101882,0.37489574834741546,0.2288102030862975
ENSG00000183337,0.2867483075650797,0.16189604284819029
ENSG00000189369,0.7956544254014883,0.7222408476554736
ENSG00000181704,0.5362217600317516,0.5654293056662063
ENSG00000079482,0.1937534915790666,0.20012246500690434
ENSG00000160131,0.2716169724653858,0.18148278350689448
ENSG00000071553,0.8300290371279231,0.5630095562607443
ENSG00000186787,0.03939259151936351,0.09148956979626467
ENSG00000165376,0.0036910631581872294,0.03326380109329229
ENSG00000198455,0.23290311961151777,0.15999098279277615
ENSG00000165591,0.9041069830054199,0.8725679331234308
ENSG00000147251,0.7259629232536899,0.9518737774325546
ENSG00000198205,0.0903104442055878,0.36618552418051165
ENSG00000101849,0.4288362821434557,0.42945719922056436
ENSG00000101850,0.18194878532439282,0.36161596844209976
ENSG00000198759,0.854324544896784,0.9324108986769365
ENSG00000123595,0.3289827615263075,0.13049700669536698
ENSG00000046651,0.6780463550327439,0.6280296439539039
ENSG00000147133,0.2687012104320869,0.5560085472543856
ENSG00000147144,0.31711586832995764,0.21459281113995002
ENSG00000068394,0.07935466508378396,0.01717472141711655
ENSG00000212747,0.1453272910637226,0.44648012044468277
ENSG00000134590,0.4629882752628278,0.7303126191561893
ENSG00000203950,0.34739313187470655,0.7675625221324575
ENSG00000186376,0.011262200759313737,0.18459595708455448
ENSG00000173275,0.13081335186267562,0.23956472230663628
ENSG00000178947,0.7254533230466718,0.767088365034851
ENSG00000123131,0.3615839156856272,0.4302161094309668
ENSG00000123130,0.057426642970826725,0.13310123505694518
ENSG00000184831,0.11796257937267654,0.08150620574628442
ENSG00000130830,0.8453012399217613,0.6840229121955625
ENSG00000198932,0.025641352717630815,0.30831357708058793
ENSG00000198908,0.21011871035533197,0.2867109215607915
ENSG00000101888,0.8877282535815159,0.9588225883650486
ENSG00000068366,0.029432953266373112,0.1952651447727438
ENSG00000183479,0.9270928316430438,0.9356559139750342
ENSG00000175556,0.8909222287999874,0.7677431720937256
ENSG00000056998,0.7588807831705984,0.9583589062183927
ENSG00000006756,0.9964897819114149,0.9530328508594954
ENSG00000187325,0.31704055575347095,0.5631324766548114
ENSG00000147050,0.9658595177481281,0.12838453830309662
ENSG00000157399,0.93817867328658,0.6601575181637445
ENSG00000102078,0.34041062722023246,0.5407299359372315
ENSG00000099399,0.6259633729351077,0.8725389833799673
ENSG00000102119,0.49270166673664884,0.5497526102244387
ENSG00000196459,0.4359436615344974,0.9963052150764118
ENSG00000126950,0.021028236322789107,0.019777778569895845
ENSG00000102384,0.02225344085959803,0.18410804532385744
ENSG00000213397,0.06990952347058474,0.2179382085317344
ENSG00000130066,0.3046852333426503,0.5308617142378275
ENSG00000130052,0.5082336993080959,0.35295533525864564
ENSG00000267978,0.11807741097707229,0.27968157944134564
ENSG00000184033,0.7708842601548209,0.9838358364829254
ENSG00000126890,0.8454930580593206,0.44197991841575524
ENSG00000126016,0.1662312275652126,0.3038316148836213
ENSG00000268350,0.12564436359100192,0.19242615487521797
ENSG00000184911,0.4720893636867026,0.8654229897185592
ENSG00000214717,0.7040190343581647,0.5711990587382791
ENSG00000002586,0.003108705400057043,0.06842041455998517
ENSG00000124343,0.7398257454097019,0.9121582735272901
ENSG00000013619,0.923537489057197,0.29722692067259443
ENSG00000072506,0.5120294833491732,0.5835963309936104
ENSG00000269586,0.19775334035784436,0.23524865688565108
ENSG00000067840,0.3148537896657862,0.7721019881701849
ENSG00000147124,0.07606503916699324,0.20102701530934447
ENSG00000251192,0.26931588896473774,0.4650246455420036
ENSG00000247746,0.13876824145445119,0.6019131519458446
ENSG00000179083,0.2624257042838352,0.1553980616217563
ENSG00000147381,0.13385428688143033,0.22679287348452956
ENSG00000076716,0.01870282519304387,0.08528902283758327
ENSG00000184194,0.6961827985178421,0.6917344179200685
ENSG00000184205,0.026416874487263164,0.19298211875760293
ENSG00000126012,0.9602627959976557,0.7970758256676825
ENSG00000157625,0.9468257979794638,0.9884431033897685
ENSG00000124260,0.22341618765840998,0.3923121356185051
ENSG00000184634,0.9595547084289878,0.6808903260346326
ENSG00000102081,0.5598768563913974,0.7024114553195329
ENSG00000171402,0.570480736535619,0.3752585652585152
ENSG00000158301,0.21377254578498547,0.3229390755051475
ENSG00000189221,0.03827326155300693,0.2292274417057922
ENSG00000101825,0.023699880124928116,0.1762496887663623
ENSG00000237671,0.5355938454077036,0.9991910480603844
ENSG00000227488,0.5355938454077036,0.9991910480603844
ENSG00000236362,0.3751074473881276,0.27202667483041093
ENSG00000224902,0.6049538104631159,0.7408627468645637
ENSG00000189064,0.8681028710338683,0.6942055355684575
ENSG00000205777,0.9789101692143227,0.797614893099738
ENSG00000215274,0.7896600405387149,0.6335720152872293
ENSG00000224659,0.7144149889244986,0.6010282045548515
ENSG00000274274,0.9271992928091435,0.8049880540011525
ENSG00000102158,0.2150839470659363,0.21825492167784516
ENSG00000221867,0.40121324071883624,0.6798440389302515
ENSG00000183305,0.5034851818697095,0.8494682277639608
ENSG00000198930,0.6810497546182174,0.9584349447720941
ENSG00000213401,0.7022131646838744,0.937034121857013
ENSG00000268606,0.8021540330830992,0.866921490470355
ENSG00000268916,0.8695405561350235,0.7266609960747614
ENSG00000147400,0.8528098859178112,0.9782510579253474
ENSG00000147383,0.0211882006381382,0.08727550908788781
ENSG00000198883,0.5240576220180311,0.25117198181972045
ENSG00000130741,0.003232069738483527,0.005340890919682716
ENSG00000174010,0.7220250089879576,0.5321168035357181
ENSG00000171100,0.4717388595889366,0.8130734836910583
ENSG00000102181,0.09276329167359876,0.1310941315181286
ENSG00000001497,0.2324122786644934,0.11850254141067902
ENSG00000188158,0.9411079432545398,0.5376101245884195
ENSG00000156531,0.15154165325196003,0.17144283680831218
ENSG00000165704,0.00428160177963601,0.02019921252472722
ENSG00000156504,0.6161868349642199,0.5391913392027543
ENSG00000172943,0.5397401867170548,0.37778787139163195
ENSG00000184083,0.9023193935230283,0.8423198694678221
ENSG00000269556,0.44254631191858296,0.3825414487122325
ENSG00000134597,0.7789087133829684,0.6489033907905377
ENSG00000171659,0.053271148429912624,0.13966690269321433
ENSG00000102034,0.1245542176226858,0.263868129596519
ENSG00000147202,0.819901564603883,0.5301265463353232
ENSG00000017483,0.761946488220564,0.809848612772384
ENSG00000169059,0.15677243632302104,0.10323543262995848
ENSG00000133142,0.24178633377154427,0.662766935810656
ENSG00000185515,0.2151007031360018,0.3118479195047434
ENSG00000067829,0.6493924364353423,0.9414180096735166
ENSG00000155008,0.871987816347583,0.7450699947682742
ENSG00000102024,0.6861126253773977,0.7879197622804783
ENSG00000101972,0.5861814762466081,0.6990198424695131
ENSG00000147257,0.05610344454946393,0.4924045615901005
ENSG00000102003,0.05580210805492618,0.2512414984175225
ENSG00000101846,0.48732875058922964,0.7293556769130696
ENSG00000006757,0.8087180187008469,0.976887606999061
ENSG00000204116,0.5091919263954601,0.988580627728694
ENSG00000179304,0.9662849722340824,0.5758427373521952
ENSG00000197172,0.5400080364641454,0.874632141108905
ENSG00000165175,0.37252452893871635,0.4952351050394611
ENSG00000187243,0.6599649808861348,0.7158555826628203
ENSG00000182583,0.6616587716566102,0.3361584624995446
ENSG00000130988,0.0012189347926020158,0.013418556813910751
ENSG00000182872,0.3594459894974106,0.43374597418932237
ENSG00000130985,0.09130860659697392,0.14381116405339342
ENSG00000147123,0.6485251977385044,0.35141521491915273
ENSG00000198088,0.0030706156058135257,0.017995191963405932
ENSG00000165240,0.7082518532108137,0.9921099510104633
ENSG00000044446,0.6659332965721959,0.8904164808287022
ENSG00000102393,0.1279806903951102,0.2549910808548514
ENSG00000101945,0.029430617959929378,0.06394589869764666
ENSG00000171433,0.15804586979103263,0.3461398128923945
ENSG00000102109,0.702404837434398,0.5228848310838861
ENSG00000102103,0.9619122354896384,0.7883449541175866
ENSG00000102100,0.1257243944545953,0.17329528186303914
ENSG00000102096,0.018381628071098333,0.08705490033828761
ENSG00000068308,0.5737668323225422,0.9481775491099046
ENSG00000102057,0.5377192601588863,0.437357735908423
ENSG00000067445,0.152981112481891,0.12316995934118069
ENSG00000067992,0.6842956507112637,0.6612166792765538
ENSG00000126947,0.3258581994450872,0.2781558321266805
ENSG00000198960,0.05784263787413315,0.07719392244805412
ENSG00000102401,0.22007992937962936,0.23286083320694775
ENSG00000184867,0.7079353934778269,0.9977690294909817
ENSG00000169249,0.24273477776271205,0.8645613236069376
ENSG00000196440,0.558591676095219,0.6992277812844909
ENSG00000184905,0.15936407938914768,0.5503927342929364
ENSG00000184515,0.0006714853215370277,0.0033057049033353636
ENSG00000157514,0.05079150477308696,0.13749652361637357
ENSG00000186416,0.15515502423262234,0.2300569112339001
ENSG00000198814,0.32028460449434076,0.5933578332913407
ENSG00000102038,0.12320011134292476,0.19190158336027666
ENSG00000122126,0.23909525833515868,0.6534760156106294
ENSG00000013563,0.1222640133733709,0.511781461508015
ENSG00000125962,0.5705801744764887,0.6723782827865559
ENSG00000089682,0.3536080643078018,0.4662212085111357
ENSG00000160219,0.0016049101636174713,0.02217775724271387
ENSG00000102362,0.7903444816367666,0.499916104861966
ENSG00000204382,0.3558298753997372,0.8885815171721607
ENSG00000089472,0.21210482801803943,0.31008452089803035
ENSG00000166432,0.013184254239615247,0.11846536835739806
ENSG00000196976,0.7405511233175469,0.6125483585420093
ENSG00000165675,0.9563363984785981,0.5734476426109605
ENSG00000158352,0.17414566981868226,0.2501197912641448
ENSG00000182518,0.27494445395653927,0.9834479773837225
ENSG00000184368,0.4348078689281959,0.5487224209623671
ENSG00000173674,0.006833705558096964,0.01447552111829127
ENSG00000177189,0.4618536965734983,0.546558714163516
ENSG00000173681,0.1840833295562546,0.39321447991119607
ENSG00000130119,0.9484031853164344,0.8251537741063838
ENSG00000171004,0.6253123421147935,0.7272846706650626
ENSG00000203952,0.8737246243134539,0.9521996970704812
ENSG00000090889,3.5243422834246614e-05,0.001923509430085693
ENSG00000120509,0.13466466623357784,0.3256221505016789
ENSG00000010671,0.0038018743635737685,0.019205764569032748
ENSG00000102245,0.00013258333602636009,0.005632138314267055
ENSG00000129675,0.016258236519425293,0.033262878210660124
ENSG00000126768,0.359422549388034,0.2698432666432163
ENSG00000176896,0.010440359858104854,0.10143870616441188
ENSG00000165168,0.2046290486101621,0.27210996234593837
ENSG00000198223,0.7588301639829698,0.3654143706779158
ENSG00000130150,0.670742695196836,0.6261208835094692
ENSG00000102317,0.9511605868835776,0.9485938860354097
ENSG00000101940,0.7779123328681128,0.8730370390688722
ENSG00000101856,0.559519215871337,0.12084946893437264
ENSG00000077713,0.04503276994477548,0.07607219972366898
ENSG00000005022,0.18437144543901088,0.21489623448144707
ENSG00000077721,0.08772404127774985,0.1361886119569342
ENSG00000018610,0.6137751064817785,0.7191893460215413
ENSG00000131828,0.07305114672151942,0.03363115788609755
ENSG00000269335,0.8582053894572013,0.931547749267191
ENSG00000160211,0.11604596598257932,0.3132919210689168
ENSG00000147168,0.15056780267653114,0.3557030988255995
ENSG00000125351,0.4174096028242006,0.4266277444163147
ENSG00000147065,0.7195441221783581,0.8260727739253684
ENSG00000101935,0.23362929254089543,0.44438398441846416
ENSG00000130826,0.03704723434404039,0.19023319576509207
ENSG00000198681,0.30373122456312984,0.2922321697511029
ENSG00000102225,0.07954078528826651,0.10778660883973135
ENSG00000102226,0.6964571640643267,0.6549984294258926
ENSG00000071889,0.7056499471204638,0.6500599040591147
ENSG00000203879,0.28611349363683636,0.24073885030122602
ENSG00000102312,0.4935025905079874,0.29608248439880497
ENSG00000183918,0.018783368394058732,0.0512278113897371
ENSG00000102125,0.8637217846450235,0.8034454838314106
ENSG00000009694,0.1604717157773265,0.10113777190702423
ENSG00000101916,0.0895843063193045,0.11577712138427328
ENSG00000205542,0.06316291841296444,0.26418033410320396
ENSG00000101966,0.9637994601133787,0.9866300151469632
ENSG00000147044,0.2934997640280141,0.3519018156977054
ENSG00000076770,0.9048867685274848,0.7328548057202544
ENSG00000015285,0.07086839084379425,0.15456544865052999
ENSG00000268940,0.20586965415262812,0.18093727797800807
ENSG00000228836,0.16306147887249536,0.1731776516048204
ENSG00000130234,0.9159641103124709,0.9319098860472368
ENSG00000068354,0.37625422278253384,0.7476758390378508
ENSG00000068323,0.2580305388324642,0.28013339657793745
ENSG00000094631,0.46882019018046184,0.9464731365832691
ENSG00000102409,0.00022633343694521265,0.027954833349115887
ENSG00000047644,0.42986863882330484,0.6672318468297603
ENSG00000003096,0.4050511003785007,0.9661029410381968
ENSG00000147162,0.008941940529445795,0.043419571560443716
ENSG00000072133,0.24549441542451328,0.0811987128542857
ENSG00000147010,0.20437294277702892,0.4177862423973837
ENSG00000268902,0.4857881227552572,0.7194841402841441
ENSG00000178605,0.8199682960229755,0.9387245336674699
ENSG00000269313,0.041236290687435555,0.08294639836761204
ENSG00000184216,0.10363857588771505,0.2922860982122389
ENSG00000169297,0.0566532279129745,0.1350974815527002
ENSG00000086712,0.6588028777418238,0.5546664451269427
ENSG00000102054,0.00627162519402039,0.029458418245876233
ENSG00000169891,0.16557126679468018,0.4819550765398708
ENSG00000156500,0.10796491454436051,0.07710544894952383
ENSG00000101928,0.19522162651084563,0.32665228108267697
ENSG00000184785,0.6889222033546465,0.7551125373003016
ENSG00000180964,0.1878297436948962,0.5528820000410511
ENSG00000133134,0.042265061947457716,0.42183706906033713
ENSG00000089820,0.37027993521902636,0.392451384726201
ENSG00000102030,0.005178263285273514,0.05434015264642692
ENSG00000156313,0.5268053709981623,0.9959675383109582
ENSG00000169057,0.9468700762408546,0.6814950051069508
ENSG00000101901,0.5950323851348502,0.41494700255541206
ENSG00000169446,0.9986085421375375,0.911157760409987
ENSG00000126970,0.7253123714334728,0.3815229798336819
ENSG00000198947,0.03861633811823518,0.044078732931067344
ENSG00000049768,0.5084366007481218,0.4944453707431805
ENSG00000102144,0.017907134905157048,0.05754719915138672
ENSG00000177485,0.7325946161074826,0.6961323886511043
ENSG00000125355,0.34613411594496335,0.3621050346150261
ENSG00000204131,0.24796567966357153,0.35467985715507566
ENSG00000102309,0.7003601021843083,0.32960845792031157
ENSG00000186871,0.00100703667237651,0.012946759938518555
ENSG00000198034,0.8604670035103302,0.7233397739829759
ENSG00000125931,0.6373146108344439,0.9780649574908813
ENSG00000086758,0.10356567856933446,0.16064143145348098
ENSG00000063601,0.48985429520849777,0.20224893580465952
ENSG00000029993,0.531465255684745,0.2908299257971374
ENSG00000124486,0.5646706384647326,0.5192309077566741
ENSG00000068400,0.9543650134500218,0.5823017650203264
ENSG00000196998,0.9741492444042098,0.5147214289029589
ENSG00000082458,0.9941635856288981,0.5882990669787351
ENSG00000101811,0.266703302335196,0.5887520904727837
ENSG00000007952,0.3325513710883334,0.26647738951683386
ENSG00000182489,0.27947482060749523,0.2018086383174355
ENSG00000182492,0.10363058494794307,0.22386618797608757
ENSG00000129682,0.4464681205943879,0.4722847439779365
ENSG00000005893,0.7021162841594453,0.6440584691796077
ENSG00000046653,0.0694998073072819,0.1400379444456483
ENSG00000243279,0.513283224318414,0.7429756178702043
ENSG00000174460,0.5282609178448082,0.3507107229844738
ENSG00000102172,3.630370414698626e-05,0.00010746619934952988
ENSG00000215301,0.4161412940307049,0.47299959836004357
ENSG00000131724,0.35966191102214173,0.42944498861393554
ENSG00000101974,0.21035782799965713,0.052878775647024354
ENSG00000101871,0.15137849191322433,0.3237140581561011
ENSG00000124313,0.14851470318291948,0.13942675419518227
ENSG00000077264,0.10331665111474966,0.19249470744404287
ENSG00000147394,0.000477195604850826,0.005872424759690134
ENSG00000126756,0.8318541985117639,0.5036781424830156
ENSG00000102699,0.6249659692423478,0.7326327956327676
ENSG00000027001,0.5983823682425153,0.6492719928519987
ENSG00000102781,0.5309716770270558,0.9937829275208121
ENSG00000133101,0.4486859660640927,0.7580071298864827
ENSG00000132952,0.7144146332317459,0.8448287372021555
ENSG00000189403,0.020882463905984975,0.029394996255534843
ENSG00000102753,0.07929580785072228,0.25368027855681663
ENSG00000165475,0.014250764366977517,0.045363205500105454
ENSG00000102547,0.1841954928285846,0.13449125762826633
ENSG00000120675,0.25350992772476105,0.1951199502072862
ENSG00000132970,0.04882204460374895,0.2926870012621061
ENSG00000133110,0.007208633421694049,0.04429157772869268
ENSG00000102531,0.6378322237480556,0.5408987941450515
ENSG00000183722,0.947540288271902,0.8831124609273054
ENSG00000023516,0.8483533109206841,0.9768933487804358
ENSG00000204899,0.0016464853098579412,0.004596356399965939
ENSG00000120685,0.9633953555478785,0.7224792322850355
ENSG00000083535,0.8783478807241178,0.9707119337054414
ENSG00000136122,0.004955554312080746,0.029709832294552253
ENSG00000122034,0.052784896030242334,0.3047261537256401
ENSG00000120690,0.9381750154059636,0.6808734858070752
ENSG00000136155,0.3639659885404082,0.8523641753793321
ENSG00000102804,0.8381138330168488,0.6606025030501099
ENSG00000150893,0.4374954282091723,0.9393828223173287
ENSG00000136111,0.8528932615933219,0.8381980577270872
ENSG00000136158,0.3656282804780131,0.5748391864043254
ENSG00000120686,0.9037574608900893,0.7840223629846188
ENSG00000102554,0.011883923154325148,0.012692635191166458
ENSG00000088451,0.9148125777363315,0.8693346166140944
ENSG00000134882,0.06634621387866578,0.25315185902095727
ENSG00000133119,0.011934457318435968,0.13251971550665717
ENSG00000182957,0.02827838753692846,0.1405083223324536
ENSG00000188811,0.8261096880751267,0.8028287001611586
ENSG00000102837,0.41794628578649307,0.2515340944472485
ENSG00000065150,0.18029370301643108,0.4323509771047679
ENSG00000139734,0.00016631145349363673,0.005572368347361985
ENSG00000118946,0.46578732767499886,0.5069819441057313
ENSG00000152484,0.93084373668423,0.7994203290393931
ENSG00000120688,0.7334894843519335,0.9875887779018734
ENSG00000125285,0.474069954190405,0.3636517728929355
ENSG00000139514,0.034476139755347204,0.14416681319277994
ENSG00000088386,0.013378226590774533,0.04001628911488162
ENSG00000150907,0.7177748345653616,0.6522071557579103
ENSG00000136152,0.1904602773275584,0.1006331344781278
ENSG00000136141,0.2732758520927626,0.43315649404581624
ENSG00000152749,0.09712928939578173,0.25244701730906444
ENSG00000102543,0.03536837676686514,0.25112805540939576
ENSG00000125257,0.056992457934297254,0.4902130787967559
ENSG00000083520,0.05804378963062208,0.11397756817266701
ENSG00000133103,0.8688755254744672,0.6991666926797949
ENSG00000102802,0.10109375601745421,0.41284013088653326
ENSG00000134871,0.12605961797119414,0.39390876045831635
ENSG00000184564,0.581362133883195,0.6744606980728955
ENSG00000102580,0.6068085806936705,0.67685273211558
ENSG00000132950,0.3485712046436237,0.3100534171172924
ENSG00000187498,0.005543134809942413,0.04547828104451851
ENSG00000185950,0.23453779035503178,0.31255866747065697
ENSG00000134873,0.6588992014677555,0.3495540156947208
ENSG00000133115,0.08982701427417046,0.15957935401305182
ENSG00000088448,0.4999863662634112,0.9990983853072335
ENSG00000184497,0.4458480347001338,0.6228829456850725
ENSG00000175198,0.7622019366212652,0.3543619961590656
ENSG00000126216,0.10738775704780353,0.24431297987282394
ENSG00000152193,0.410333997355384,0.48488347085891736
ENSG00000179399,0.13559886182907932,0.2910815776100204
ENSG00000122042,0.23023530393013755,0.510968715655852
ENSG00000185989,0.0776951771850325,0.09758085121158627
ENSG00000183098,0.004704037874783339,0.02778521516303127
ENSG00000134884,0.8816087134361175,0.623083286674063
ENSG00000152767,0.9244612169069567,0.7504030859723176
ENSG00000179813,0.010932413163161531,0.03447004735177108
ENSG00000136156,0.4239402679107307,0.6121224823527586
ENSG00000204977,0.08254540404435853,0.4403358430931027
ENSG00000198553,0.010569711349976231,0.03546765985167696
ENSG00000136104,0.9143217752471499,0.6836511216224568
ENSG00000150510,0.08599723184328233,0.02667594487698588
ENSG00000205863,0.04713537838713175,0.3478424475486178
ENSG00000139597,0.0042198206232301316,0.04584828026807267
ENSG00000120693,0.005524443196088861,0.024916966606895127
ENSG00000133111,0.01360214622239435,0.06639717539633863
ENSG00000122035,0.11263814828841147,0.39806132696169627
ENSG00000080618,0.3707102111642465,0.5774688621318171
ENSG00000136167,0.12658442660739258,0.14860334256849306
ENSG00000102452,0.8525699890111639,0.5635750863762208
ENSG00000151287,0.010104044626931845,0.01367401649076414
ENSG00000134897,0.11991158482244782,0.08836615195879659
ENSG00000183087,0.6247149764393063,0.5576328652356553
ENSG00000136159,0.004563510874283036,0.017536953878200676
ENSG00000136146,0.5724142662573088,0.49376896446074525
ENSG00000139687,0.6426215618309121,0.38322811450119143
ENSG00000139746,0.43093150940930813,0.33021578588739314
ENSG00000125266,0.012430043873989643,0.050925534958206085
ENSG00000102780,0.6615619025446531,0.9940473643552649
ENSG00000134874,0.5841642120354643,0.725735016352033
ENSG00000136143,0.13963984444139402,0.22189105857880612
ENSG00000118939,0.02532021211762687,0.10286880360940966
ENSG00000169508,0.26817345438616347,0.5663008139725694
ENSG00000139826,0.33908997728308987,0.208473618090713
ENSG00000139684,0.4881312928156255,0.5225630516316263
ENSG00000083544,0.5593700356132667,0.6918829883052847
ENSG00000133104,0.6896118097927201,0.9811938826598352
ENSG00000102572,0.0007310475349321117,0.009909207456493256
ENSG00000136161,0.005133702664702819,0.04924237927579915
ENSG00000132965,0.12782038338954585,0.14415636757067796
ENSG00000032742,0.40389066008452723,0.4791892856021496
ENSG00000102445,0.00277698330199666,0.006769260382786056
ENSG00000125247,0.7744612828528161,0.803628457816395
ENSG00000133106,0.024593355049313516,0.09003420973172623
ENSG00000127863,0.019918091250015858,0.287383700780812
ENSG00000139832,0.11747864713762127,0.3165450222238618
ENSG00000134905,0.23575683015252571,0.4066456997157435
ENSG00000153487,0.6455948235043181,0.5218639021528939
ENSG00000165572,0.9317372218680254,0.7502134604913957
ENSG00000120696,0.5165161211058373,0.8915471993779647
ENSG00000120662,0.6126761774772287,0.8109747655193138
ENSG00000172766,0.7475391911619528,0.8389712336791466
ENSG00000102760,0.08985892881899175,0.35894833329028764
ENSG00000102763,0.5941313318447233,0.8754032138436845
ENSG00000125249,0.9710104974852313,0.7902506800421425
ENSG00000139679,0.01034748955087499,0.06375607380533192
ENSG00000213995,0.9512701492960378,0.6996373340831512
ENSG00000165474,0.000223056825306002,0.0067118674262847
ENSG00000121742,0.5017938871668739,0.696111629
ENSG00000121741,0.6034461335682811,0.4833669778569487
ENSG00000150456,0.473235959217327,0.5014900972956093
ENSG00000150457,0.01976495716165109,0.08133445316563734
ENSG00000151849,0.5283472576118062,0.6545417603660295
ENSG00000180730,0.0007938162752363844,0.005456713344428172
ENSG00000073910,0.26843616009194793,0.27001151139680657
ENSG00000083642,0.1518757843335933,0.16976346231222694
ENSG00000123178,0.33748777341090824,0.4869135291317195
ENSG00000253797,0.9986238538147527,0.832288190242108
ENSG00000136098,0.733222313033064,0.9125589455167058
ENSG00000102786,0.38715260824423503,0.6313411793199439
ENSG00000122033,0.753027509880033,0.5560721773495338
ENSG00000125245,0.006481774842349526,0.07922117453277847
ENSG00000102524,0.5995418087973481,0.47341025706434214
ENSG00000127870,0.9803632684269171,0.825010750875492
ENSG00000151835,0.0019109852180480473,0.0027809426801873763
ENSG00000178695,0.07999287144488533,0.1135667277587844
ENSG00000102805,0.7054632016324188,0.8892809886916871
ENSG00000005812,0.6035844999282389,0.8839998614161302
ENSG00000122026,0.8842354651886313,0.8293100486551719
ENSG00000134899,0.7779852366663172,0.7548155704521489
ENSG00000172458,0.45194858167994256,0.46398016139126763
ENSG00000134864,0.02557936695062051,0.06498511946915952
ENSG00000068650,0.16298203890672477,0.20704546099283064
ENSG00000188243,0.5660596222625005,0.4299249036634454
ENSG00000136114,0.02923458919701652,0.08129317277095889
ENSG00000136100,0.8988011486608664,0.9858623651138049
ENSG00000136108,0.014618233175120841,0.07484815036742007
ENSG00000165416,0.011467402044882509,0.05401444890866906
ENSG00000139675,0.44081090954079405,0.7012602633716639
ENSG00000139517,0.07852343652208969,0.45626471582267836
ENSG00000186184,0.7088466776936706,0.8061981641831537
ENSG00000174405,0.95979989908595,0.797762251792184
ENSG00000125246,0.18492585563469502,0.24975811077965554
ENSG00000198542,0.35303074113268185,0.49117887668346194
ENSG00000102710,0.6074128470171412,0.7028232174217321
ENSG00000102595,0.053511825073792145,0.16944951111037365
ENSG00000172915,0.05163027138057819,0.08311724388035714
ENSG00000136169,0.0010023160587243163,0.01319592171089123
ENSG00000136147,0.14683951882147636,0.22819819514292322
ENSG00000136144,0.07352677144204812,0.17664718207940125
ENSG00000165480,0.0002951222361877279,0.009167764475002295
ENSG00000173141,0.5687186249474536,0.5284606608844152
ENSG00000165487,0.3713291309818948,0.3957657939724344
ENSG00000120697,0.15310935985473828,0.33504156179136446
ENSG00000120699,0.036754867941479946,0.2197603552768875
ENSG00000151773,0.44882779536186723,0.7154943868498005
ENSG00000179630,0.5878967351464861,0.9520891141204889
ENSG00000185896,0.37430969292602245,0.4593116619027887
ENSG00000139835,0.14469824263361772,0.10306835128306384
ENSG00000150401,0.7524842262708323,0.6599629893099386
ENSG00000150403,0.2723952795305426,0.3743246759635095
ENSG00000198176,0.0016605004482743973,0.013830299741599843
ENSG00000153531,0.03031300516069938,0.06223410585777341
ENSG00000123200,0.6174679045323004,0.9841551305457511
ENSG00000197168,0.05533364502497601,0.10900666587925603
ENSG00000132953,0.5557252190423014,0.8144140350895395
ENSG00000005810,0.7690161332082663,0.9529113523264727
ENSG00000196199,0.5923139728570636,0.7740046561991807
ENSG00000121390,0.09941904313847758,0.12332758097872192
ENSG00000139668,0.36180836637963376,0.35524170301635694
ENSG00000102796,0.16748347137732097,0.055245752375658076
ENSG00000136153,0.8264748684051944,0.7831560204456389
ENSG00000139508,0.004539691458462545,0.023584857237305884
ENSG00000132963,0.003537070331761482,0.013434240778038429
ENSG00000120659,0.1427948653136756,0.3026891881094828
ENSG00000134900,0.9523223543113076,0.8319536650342028
ENSG00000123191,0.8049172925840293,0.8294112667333822
ENSG00000253710,0.9165103722606203,0.8815574057945575
ENSG00000139496,0.8086533320918784,0.8889735673057816
ENSG00000244754,0.14095555771259402,0.46476508159811725
ENSG00000280165,0.03486243712173871,0.2808518577288611
ENSG00000150459,0.1756049815798308,0.11378427898186225
ENSG00000075673,0.1783730805868824,0.2608944228423272
ENSG00000102606,0.5482439372113597,0.74878763586617
ENSG00000132964,0.38216874911600507,0.7403594105114093
ENSG00000130177,0.08508196159600642,0.15652970103964065
ENSG00000169062,0.6851478682229732,0.9999912081396517
ENSG00000198824,0.19722775220141994,0.45831195593614404
ENSG00000102471,0.09435523891997803,0.34711585809204315
ENSG00000088387,0.33597848260526303,0.29640430790494754
ENSG00000120694,0.060507866531588496,0.03482777520094964
ENSG00000187676,0.17452854139265628,0.11277578058434491
ENSG00000180776,0.8559615220827573,0.6536944108374436
ENSG00000118922,0.6393047069430029,0.3276411406260807
ENSG00000139793,0.8173768134273633,0.7994485411899295
ENSG00000126218,0.04738201708798379,0.24438820143583645
ENSG00000126226,0.2325826151096886,0.342178557982647
ENSG00000139842,0.05334930781112222,0.10457950068376502
ENSG00000126217,0.27176076417178957,0.39460774125242937
ENSG00000136160,0.7182069150507877,0.799672581441382
ENSG00000139737,0.05334033873361391,0.18662103479173578
ENSG00000133116,0.01190516028169752,0.04681101498793712
ENSG00000133121,0.5420208744257826,0.45855478055584264
ENSG00000123179,0.1109458665709731,0.20124228179977963
ENSG00000136110,0.031692648695617505,0.05437676427831053
ENSG00000198033,0.6173225569378784,0.6162011529976265
ENSG00000276644,0.3068094180696689,0.45038401459819644
ENSG00000152213,0.5341204089087577,0.42790609241734656
ENSG00000134901,0.010008617043231825,0.06506010522896637
ENSG00000152520,0.34553336535928725,0.5610396499633867
ENSG00000102755,0.14300183592317522,0.359563383094045
ENSG00000083635,0.0965971314695028,0.3399743447846449
ENSG00000133114,0.38132996092381166,0.3431447654577253
ENSG00000188342,0.1212979863853334,0.3090157707426135
ENSG00000133112,0.7711153190611064,0.7383507268572574
ENSG00000174032,0.9493313341177054,0.6628826393055924
ENSG00000139505,0.37698373322512446,0.3013870605659941
ENSG00000125304,0.5153465717189726,0.49271801384552116
ENSG00000120669,0.9775048933111432,0.7230422472437538
ENSG00000133083,0.9735445186231488,0.3159554751754869
ENSG00000102738,0.9716406480279536,0.967200386741901
ENSG00000102743,0.05413465435262915,0.13536978477713188
ENSG00000099917,0.007267524789308863,0.04454580431431037
ENSG00000211667,0.38582377819284674,0.3764068718590253
ENSG00000211668,0.22702690843060883,0.3224955129695011
ENSG00000184792,0.5931121724490687,0.3980972086988316
ENSG00000185666,0.15994946331446258,0.10442641591590636
ENSG00000099985,0.8604121625346597,0.7611578252505874
ENSG00000185721,0.040499081084110544,0.20947187945584003
ENSG00000100225,0.6341467173150617,0.7256283466004312
ENSG00000100365,0.1732061449699506,0.41352820384373834
ENSG00000198089,0.03704687172153018,0.10472052950825922
ENSG00000100354,0.8489859367829418,0.9510159907921171
ENSG00000100294,0.15681961292644928,0.442839107573625
ENSG00000100170,0.2626558100859135,0.3449439572782317
ENSG00000128342,0.18901615251942117,0.6130004610392744
ENSG00000100307,0.003948987303993244,0.07650839357811766
ENSG00000054611,0.23343598701016427,0.6905014950758812
ENSG00000100426,0.23928002818500896,0.5762367529151621
ENSG00000100316,0.8499569121647046,0.8836497462510856
ENSG00000075218,7.373751380342865e-05,0.005035558443757669
ENSG00000184708,0.5477886908362385,0.31504730713226425
ENSG00000248405,0.22850945260265365,0.2305367314830873
ENSG00000188064,0.2437937556815245,0.38829062094612854
ENSG00000100347,0.002664523938271031,0.03436577091595082
ENSG00000075234,0.30172069534305035,0.1409212311768558
ENSG00000100372,0.022684973527093564,0.03301771365272769
ENSG00000100106,0.8795956638681603,0.8368282633175683
ENSG00000100304,0.006662197993777165,0.19637738476958377
ENSG00000186654,0.10100572732817738,0.5778954671039707
ENSG00000100150,0.6587884558387345,0.7229782281297183
ENSG00000198355,0.16785912436831346,0.34886376395603425
ENSG00000093000,0.016987489904496226,0.11745484554049607
ENSG00000205593,0.2061808270924508,0.3079441283244491
ENSG00000130638,0.33029340105658583,0.7670381654932299
ENSG00000100422,0.20333403868235325,0.2460763924156686
ENSG00000100239,0.48347144384161755,0.3826150950884655
ENSG00000183530,0.8512444854146248,0.9408713592485269
ENSG00000188636,0.6361203989273366,0.6622593707737614
ENSG00000133477,0.02026920456315849,0.09874169114258144
ENSG00000100362,0.2551686589448128,0.5412830518288603
ENSG00000182858,0.9884340392652881,0.8802182944956607
ENSG00000100321,0.0974224460072829,0.06103003586388034
ENSG00000100360,0.16141758330435121,0.340823756719214
ENSG00000100311,0.007944091667010558,0.027520961803922776
ENSG00000138964,0.011051576365914095,0.012122415184696797
ENSG00000100290,0.04460711497640557,0.18573012235949804
ENSG00000100271,0.48661672747047113,0.7414189729459861
ENSG00000100124,0.7047701526117158,0.9754279270958459
ENSG00000100300,0.25509841889598106,0.5443502945389997
ENSG00000100105,0.7463310750756242,0.8294908708612243
ENSG00000196236,0.16341735018098985,0.13552664504721706
ENSG00000183579,0.040991792356625825,0.017663300017291585
ENSG00000100266,0.2782586099776432,0.47950439825454094
ENSG00000100220,0.1627446694876922,0.40779210918812836
ENSG00000128245,0.24310321115027395,0.38952294630313933
ENSG00000128203,0.6508867897192967,0.635403777084774
ENSG00000100104,0.39588550071333817,0.47259884904089866
ENSG00000100109,0.6603219380078604,0.9470747077755943
ENSG00000133466,1.582121451190278e-08,8.26318915076626e-05
ENSG00000187045,0.8726433369844461,0.8376483679097702
ENSG00000100014,0.8923137439075065,0.8498167491137146
ENSG00000128271,0.26862731003274326,0.343412333449278
ENSG00000100028,0.3485756238573715,0.13390936211426868
ENSG00000100031,0.21819240520458777,0.3699038384400267
ENSG00000219438,0.6688183680064104,0.6213507198986348
ENSG00000100030,0.413469440195283,0.4878634006083781
ENSG00000100330,0.3992455081158429,0.3905295928629434
ENSG00000100359,0.7585732683736301,0.7009904995930996
ENSG00000133422,0.2788795186979927,0.4027174267743727
ENSG00000183628,0.8682512025005026,0.8466255068059733
ENSG00000283809,0.9724858575206898,0.9913952059678459
ENSG00000184983,0.4269457766516783,0.22112530919485845
ENSG00000189306,0.13091017859773116,0.23961531951538906
ENSG00000100246,0.3255591640001193,0.337180146668298
ENSG00000221890,0.7595691459771807,0.6307760904185815
ENSG00000183741,0.5896358447061539,0.6897878181944036
ENSG00000128383,0.9017025037727076,0.6958511813399105
ENSG00000179750,0.4265016637596649,0.8283193915799538
ENSG00000244509,0.3764670108748476,0.5277697421966947
ENSG00000128394,0.5459818250188682,0.44767044299546754
ENSG00000239713,0.7500738837387114,0.9612093939571495
ENSG00000100324,0.12198542790849361,0.20572930250012753
ENSG00000128268,0.9917665977533924,0.9109837224965353
ENSG00000100335,0.00738374136571662,0.03775819021496027
ENSG00000187051,0.07639728479781589,0.25978641059057234
ENSG00000182902,0.4077106708951804,0.504732689281447
ENSG00000131100,0.212441189446882,0.23531870330083945
ENSG00000099968,0.35319676775091435,0.7519836179088029
ENSG00000243156,0.037894534570010324,0.1726000087358295
ENSG00000100416,0.2662521858478272,0.6863636360143271
ENSG00000075240,0.24494453018766948,0.13389987514230914
ENSG00000075275,0.9472377519371299,0.6987600275588357
ENSG00000015475,0.03931688526488133,0.23540543408853792
ENSG00000100234,0.7389510492084856,0.7039678932932196
ENSG00000184164,0.5998933444798692,0.27458690391506735
ENSG00000188677,0.003681726207034918,0.06379238709618136
ENSG00000100403,0.8352798346320869,0.9677621558008072
ENSG00000167074,0.13463221333195782,0.5643515526944265
ENSG00000183864,0.5254677734899895,0.7189736692959763
ENSG00000100410,0.003686075474409485,0.02148985730880082
ENSG00000100413,0.8261490755703382,0.860880598418059
ENSG00000100417,0.21651156967647817,0.3626423211236576
ENSG00000100418,0.06735168012399587,0.18219681760454914
ENSG00000196419,0.002189705728584506,0.017667519824392266
ENSG00000100138,0.024801386275263296,0.08593880155033073
ENSG00000100209,0.9025382839355212,0.6269027050262171
ENSG00000183765,0.42716566542894174,0.7903258533208174
ENSG00000093010,0.10684331267759628,0.20624824710694115
ENSG00000099889,0.031076168087107163,0.05883805447320888
ENSG00000183597,0.12991149632138516,0.2682915289355567
ENSG00000099901,0.002637618467630752,0.014505933657317937
ENSG00000099904,0.6845143251586054,0.4207488247774265
ENSG00000100084,0.6277346200949511,0.647087692483125
ENSG00000070010,0.002999688049443527,0.0163020068759298
ENSG00000093009,0.0012051213357276499,0.020294530066525224
ENSG00000184702,0.7704370053639696,0.6371493488886049
ENSG00000185838,0.06539935876725853,0.06393825516761409
ENSG00000215012,0.7462944720257441,0.6528397242100268
ENSG00000040608,0.9820505123937081,0.9158498823921847
ENSG00000128185,0.497524034857289,0.7496759413241005
ENSG00000184470,0.9784491335579452,0.7611802070013145
ENSG00000073150,0.48937060480809524,0.6387686666123584
ENSG00000170638,0.8130947920622431,0.7070627626137362
ENSG00000128159,0.01577326082722521,0.03790477629116143
ENSG00000100429,0.8906733288641613,0.8897188452090037
ENSG00000188130,0.024344205615256,0.235137845157252
ENSG00000185386,0.09875662763375795,0.2847087104954829
ENSG00000242259,0.641959005046172,0.9011234991158521
ENSG00000167077,0.013939664160123414,0.19438145803524332
ENSG00000198911,0.20649568067364324,0.4606890714734352
ENSG00000159958,0.015949675940490807,0.11456777213974755
ENSG00000100162,0.00042785846150553196,0.017778607313412707
ENSG00000198951,0.8336631776562073,0.9061309567995746
ENSG00000177096,0.9051382723578307,0.6638524062678468
ENSG00000100147,0.5105845197689667,0.3998852907688736
ENSG00000100281,0.28537943953397876,0.4498112214269334
ENSG00000100297,0.0004959038334259409,0.01604396626472858
ENSG00000100292,0.13063633866833774,0.21791715812909793
ENSG00000138867,0.652056241841604,0.6394265869312193
ENSG00000133424,0.07533093636298652,0.45671398126818064
ENSG00000241484,0.2884626172627037,0.18656779022626957
ENSG00000100298,0.0259997291245298,0.08322601257297793
ENSG00000128309,0.2560248765036815,0.2527380281868987
ENSG00000128346,0.9811919870030937,0.930639388441515
ENSG00000100142,0.21039133338708033,0.4069842729189528
ENSG00000100151,0.9428811134813357,0.5483895172829079
ENSG00000128298,0.0005241799984946795,0.011415403611245335
ENSG00000161179,0.08833483661916482,0.09079498452924062
ENSG00000128228,0.7877771860923322,0.9861677322027997
ENSG00000100023,0.17952241256255577,0.25214527213073334
ENSG00000100027,0.08523863685368838,0.32177382547046707
ENSG00000185252,0.8680125239035501,0.8489481233467744
ENSG00000099910,0.9635609701771541,0.9224330980092699
ENSG00000133433,0.12847799611157723,0.04233387972748257
ENSG00000099974,0.348275306044591,0.6893863375473341
ENSG00000099991,0.059108319717057864,0.16803035981845285
ENSG00000183762,0.012083909703933257,0.007006979178801817
ENSG00000186998,0.06436421966561506,0.1199523959981366
ENSG00000100263,0.16413799191938921,0.4155017941386856
ENSG00000100285,0.8047337974580053,0.6885623698574048
ENSG00000100296,0.8120576700378083,0.4326894772319816
ENSG00000184117,0.5543260354924106,0.763588609474041
ENSG00000186575,0.8599898112968423,0.5643017079150285
ENSG00000100319,0.8731331233561019,0.8990756240836979
ENSG00000184076,0.6571034404515914,0.6046537815464196
ENSG00000239282,0.8461671640013515,0.6981340157829656
ENSG00000099992,0.502097462489393,0.2576655394167471
ENSG00000099995,0.5320281664017911,0.8236918844904172
ENSG00000099999,0.4694688795401626,0.7162649314146992
ENSG00000100003,0.09051860835931179,0.13341194978540855
ENSG00000242114,0.040676605257215906,0.14523770747779982
ENSG00000133488,0.0829592695201786,0.056508533286539854
ENSG00000128242,0.8352237909980863,0.5393981540333807
ENSG00000100029,0.008009895749307747,0.018080486379401035
ENSG00000099958,0.05112987281263029,0.1291007234970244
ENSG00000240972,0.0003853096672358462,0.010263975888683264
ENSG00000099994,0.0026663944796957617,0.04305315693503892
ENSG00000100284,0.6455797544110389,0.8356290235831265
ENSG00000100216,0.0034468997790102675,0.040380511133755535
ENSG00000196576,0.8021238189945671,0.6541325698436717
ENSG00000100075,0.023188468208228338,0.07945496723837743
ENSG00000183785,0.6904281338429343,0.505456606881643
ENSG00000239900,0.20034906351528664,0.7619461445600025
ENSG00000100218,0.6214286234772162,0.9551267708178252
ENSG00000128266,0.10479628523941582,0.5096978915720856
ENSG00000186716,0.7491706814424999,0.46121341205722655
ENSG00000100116,0.4429026984325084,0.27267513933620513
ENSG00000100129,0.5695665764131426,0.77220253897391
ENSG00000100139,0.08617825768542321,0.44595103013750625
ENSG00000100412,0.01770913793568643,0.10348746635980513
ENSG00000100280,0.7621975553334356,0.36268249332778224
ENSG00000185608,0.27872499482092944,0.2235264981349134
ENSG00000100033,0.8372988652529492,0.879748849847518
ENSG00000243811,0.9386985432782707,0.7233227310030246
ENSG00000215193,0.34796064438819996,0.9533903946499144
ENSG00000099937,0.009883464908228253,0.08053564265839898
ENSG00000099940,0.18747515441872054,0.09964502378337825
ENSG00000099942,0.0418503936072693,0.06965721272176459
ENSG00000184436,0.10190850020724265,0.03247699818393016
ENSG00000100207,0.7077377586707225,0.7842924484160985
ENSG00000100336,0.7811574436483337,0.724893680442767
ENSG00000099954,0.4960413422846899,0.6704093285063542
ENSG00000183773,0.9374369202286962,0.9301663639845333
ENSG00000100258,0.599383915405931,0.9425477578426978
ENSG00000025770,0.6568608496814647,0.4947403580795351
ENSG00000284194,0.5087524783212083,0.9262598651543043
ENSG00000025708,0.37243456043251877,0.9299973526117309
ENSG00000130487,0.7963722124467677,0.5107441877085682
ENSG00000217442,0.2986379421599471,0.3608202241816779
ENSG00000205560,0.10907972887228569,0.2714948659813916
ENSG00000100288,0.7206193282469908,0.37271075657551134
ENSG00000008735,0.4214040370940868,0.10326038974950867
ENSG00000100299,0.07733109340714253,0.04430669285988165
ENSG00000100228,0.08375533870795517,0.1768684193981057
ENSG00000189060,0.08878982235053721,0.22716982022176693
ENSG00000184113,0.887769228408866,0.9004782421129056
ENSG00000184949,0.3933295669520732,0.5431239207262952
ENSG00000100034,0.2059749597438971,0.16493153928347115
ENSG00000100038,0.5098843844833602,0.3657457322769515
ENSG00000211637,0.05213045716614151,0.09302649239621959
ENSG00000211642,0.3394532048352908,0.6799558546658131
ENSG00000211638,0.026611995302926725,0.12416710639064081
ENSG00000211639,0.014638828306117133,0.032691409881717044
ENSG00000211640,0.3103272911266899,0.3701745875979473
ENSG00000211643,0.796952625436203,0.798954223618206
ENSG00000211644,0.017015016319009646,0.060025032314680385
ENSG00000211645,0.3861150294227017,0.6442347233049848
ENSG00000223350,0.010317006456640148,0.016009440880077382
ENSG00000211647,0.0469599170643522,0.22800081492089944
ENSG00000211648,0.29962757158626036,0.726991962411305
ENSG00000211649,0.2865659318800307,0.5541208171643617
ENSG00000211651,0.4455588362460855,0.545197795056421
ENSG00000211652,0.3462246844283894,0.4521932756253092
ENSG00000211653,0.19202543401371372,0.26325400419730766
ENSG00000211654,0.09299014517345572,0.2541788415698006
ENSG00000211655,0.06692350672319132,0.13742746516786256
ENSG00000187860,0.01980709358471698,0.034724742855447265
ENSG00000177989,0.08496324427248278,0.05707387985174075
ENSG00000100221,0.0021359778314150877,0.006065342946635961
ENSG00000100345,0.2639603980520351,0.7422105269130042
ENSG00000100302,0.5775298007626256,0.7247763406300273
ENSG00000198125,0.6682462279397678,0.9652099250502345
ENSG00000221963,0.4275866477097827,0.572459270468348
ENSG00000128335,0.005324095339383032,0.04443404468071732
ENSG00000214491,0.005137634887671335,0.0639519545064766
ENSG00000197077,0.2753653770670603,0.6017870691205254
ENSG00000128272,0.3297610616247089,0.2300172020918114
ENSG00000100368,0.03052860335151335,0.03648055712898047
ENSG00000100077,0.07328785204318382,0.07120107375522604
ENSG00000100206,0.1810243412269053,0.607282489438496
ENSG00000100380,0.014691167120770425,0.03658405348517932
ENSG00000073169,0.489953307186171,0.2537667955626697
ENSG00000244486,0.30592963548170266,0.4873045579449675
ENSG00000133460,0.02672928911952788,0.07398698990879427
ENSG00000100154,0.14095957968996453,0.18121291484440932
ENSG00000100167,0.5265776357066181,0.9218938848728476
ENSG00000100379,0.40448024842821984,0.5898532413533994
ENSG00000128165,0.07480714888021292,0.043552953679064636
ENSG00000100253,0.49995874439784027,0.2572147466556096
ENSG00000100241,0.9499133796544997,0.6312685678399096
ENSG00000079974,0.5367459794445009,0.4409883771282901
ENSG00000186951,0.23719646529432395,0.1386350750748497
ENSG00000205643,0.8153845761542409,0.9281518811200625
ENSG00000183569,0.45768450836435326,0.5521813007668249
ENSG00000183172,0.02828356421129683,0.060965537807772786
ENSG00000128274,0.045776754689463975,0.16749218021948267
ENSG00000242247,0.24838054902061626,0.6028584017210198
ENSG00000100243,0.6567569005489715,0.9253736621976099
ENSG00000100348,0.15749375873931026,0.36133429658803673
ENSG00000100350,0.8549546676627395,0.6459809872975537
ENSG00000100353,0.014045323950768199,0.0891227234701572
ENSG00000100242,0.9495935035558742,0.8719792873992456
ENSG00000100425,0.6383309985767398,0.3462252455096977
ENSG00000241878,0.618548542614848,0.19616322698436492
ENSG00000177663,0.3753177449553513,0.5715820916238734
ENSG00000069998,0.9751488447806281,0.7776673243557601
ENSG00000100211,0.7409743209885482,0.46719356827699754
ENSG00000128284,0.95092893314331,0.7710334426457643
ENSG00000251322,0.9767326415797941,0.782499527740119
ENSG00000100320,0.24943047852566527,0.47169323379125194
ENSG00000099998,0.2363874665138265,0.33318291067381156
ENSG00000185651,0.010690262569081668,0.020686267116692445
ENSG00000093072,0.021059485291297364,0.04011105285925739
ENSG00000100227,0.4664430005579504,0.4224004302976859
ENSG00000241973,0.7771653720098683,0.392413521955574
ENSG00000169635,0.16617212599243347,0.1478796018977779
ENSG00000100351,0.01182312706773196,0.07723074802846815
ENSG00000235568,0.17381516642776262,0.4253371843794832
ENSG00000275004,0.7614693982579666,0.9129078806084749
ENSG00000185686,0.04980497357119916,0.0335424458531869
ENSG00000211656,0.13709089204212388,0.46439694781854446
ENSG00000211658,0.0473415702284983,0.20169208595101742
ENSG00000211659,0.2501786650509082,0.2910299258295422
ENSG00000211660,0.04630179151531503,0.06035362314278012
ENSG00000211661,0.3512620913633503,0.21166897230445667
ENSG00000211662,0.045006823576828926,0.11029623926287847
ENSG00000211663,0.3817935025411956,0.7022278498087136
ENSG00000211664,0.1287737482984626,0.19438037466807875
ENSG00000211665,0.5633642444156481,0.6734634318617527
ENSG00000211666,0.1072678292843586,0.18244913436999405
ENSG00000070413,0.3000080253447443,0.39871900132507654
ENSG00000100226,0.14698028801738527,0.19017932935435283
ENSG00000250479,0.2663162974792619,0.5428714886443986
ENSG00000099953,0.21362867076263417,0.7449913611201944
ENSG00000100325,0.6249618598618187,0.8348053930325069
ENSG00000100395,0.7546581662139421,0.9681822718209342
ENSG00000100399,0.0012843688846954652,0.012017122022377709
ENSG00000185022,0.03154325488357193,0.0710696665712244
ENSG00000198792,0.010422350305622937,0.13748146585987664
ENSG00000213923,0.0002967617466092376,0.005914939758155561
ENSG00000100036,0.05334695667290016,0.12953983536449884
ENSG00000167065,0.7361483726663318,0.7743707052003972
ENSG00000185339,0.08506075513519575,0.1614376611338282
ENSG00000253352,0.8876688297859953,0.8979396689688819
ENSG00000100385,0.2979124048549842,0.30715468412457336
ENSG00000184979,0.03766632264383859,0.17101344343202735
ENSG00000100099,0.7209983104632274,0.9969237961815286
ENSG00000100083,0.3620769582421921,0.41589936027690944
ENSG00000100092,0.7008900451818603,0.9727372740686685
ENSG00000285304,0.8441830176075004,0.399059304627863
ENSG00000100097,0.026849717654343533,0.2002752834737088
ENSG00000273899,0.8929553609046347,0.7721910115832104
ENSG00000184381,0.4802957817933091,0.5064815599052277
ENSG00000100196,0.6064221222700594,0.9365281117569889
ENSG00000100201,0.5795845564129868,0.7298669474056915
ENSG00000128311,0.6279573981872015,0.46830190915769243
ENSG00000100055,0.05160559582366919,0.10376537393374767
ENSG00000166897,0.8542159761656298,0.9031159426891545
ENSG00000100060,0.0548154563934647,0.17794501339548102
ENSG00000100065,0.34076020837571114,0.7955661420548176
ENSG00000128283,0.709714089120588,0.8787691333796976
ENSG00000100079,0.7091119465955038,0.9347602671812438
ENSG00000128340,0.8230774054446875,0.8708520566647804
ENSG00000100342,0.0005419096734904141,0.007307441471479313
ENSG00000185340,0.0025110934476568463,0.06119018771550497
ENSG00000274600,0.08534691913305553,0.11695052752419466
ENSG00000196588,0.016874080225697245,0.10453560472606604
ENSG00000184058,0.9752081457513149,0.7243007890787965
ENSG00000099949,0.35003336067103585,0.48752249401553427
ENSG00000180957,0.030162174654151556,0.20892341260035788
ENSG00000169184,0.026023739672889765,0.11454983106341417
ENSG00000100387,0.13503208002443487,0.1585876889646334
ENSG00000100393,0.46320290519124374,0.8180834771753658
ENSG00000099956,0.39001737856843177,0.7266633249429351
ENSG00000211669,0.04241974599438028,0.1257996319732701
ENSG00000211670,0.16448638094568846,0.5654375136703578
ENSG00000278196,0.04192060490334357,0.19708822478771693
ENSG00000211672,0.08019902277803201,0.2070200666435492
ENSG00000211673,0.07219535101796273,0.18581365310707953
ENSG00000254709,0.25496337362723337,0.49801454779361665
ENSG00000211674,0.2919595139510701,0.6442584715196258
ENSG00000211675,0.3609386683627892,0.6697130463144223
ENSG00000211676,0.02699703605739079,0.060689234377369665
ENSG00000211677,0.05017493863863151,0.12179455693735952
ENSG00000211678,0.21347516790715135,0.23608902031495507
ENSG00000211679,0.009494951833490674,0.05254074521710617
ENSG00000211684,0.47524960183981624,0.5569973511555655
ENSG00000211685,0.16443234254605163,0.6139610464115628
ENSG00000099977,0.4171045501639933,0.5832905239174502
ENSG00000099899,0.3415263256011621,0.4212984850607314
ENSG00000100401,0.00398655757048226,0.06481631529975934
ENSG00000128294,0.5706812479906976,0.43338819306972054
ENSG00000274252,0.009431748667169167,0.14099072475735058
ENSG00000275793,0.21554668377350591,0.2952890326127157
ENSG00000099960,0.6089197156768817,0.9740140582325837
ENSG00000159496,0.009937594619000114,0.16525277413603498
ENSG00000187792,0.5880941991128151,0.7457128892315035
ENSG00000128218,0.0408591028975434,0.23158007764245636
ENSG00000182944,0.025239323501277333,0.09265951386337494
ENSG00000100364,0.5667064834630156,0.950295720054669
ENSG00000100373,0.6991121171439323,0.8947107437948174
ENSG00000100376,0.5408377759459699,0.9551297894690582
ENSG00000128408,0.5771936128596392,0.6157110304977337
ENSG00000077942,0.6688439021076772,0.9551868555806697
ENSG00000172346,0.27925287511725533,0.2959424513203999
ENSG00000241360,0.7629739134727991,0.6411038120793342
ENSG00000159873,0.3802110381645767,0.759615226066712
ENSG00000100219,0.005832053210715832,0.01548553860023337
ENSG00000167037,0.17451177070928456,0.44946968223340056
ENSG00000070371,0.09848341718320808,0.2783344707814672
ENSG00000128191,0.3053114661747165,0.6507260723373682
ENSG00000183963,0.006190248933000064,0.04594366342078652
ENSG00000198832,0.5963464138169768,0.7493437362211757
ENSG00000185133,0.0001843552510519324,0.005973896810627271
ENSG00000100078,0.014944849429548813,0.04452949559979506
ENSG00000138942,0.5383003825209498,0.6149717903837004
ENSG00000182541,0.37338967992170347,0.21680507386247658
ENSG00000100100,0.025988757340360484,0.191815344166445
ENSG00000151240,0.9698573798695852,0.7340915955088334
ENSG00000196139,0.5378079210116724,0.502829215746909
ENSG00000134463,0.3747402536209934,0.3346886093773733
ENSG00000151465,0.023280015517739488,0.08994892489427368
ENSG00000178473,0.8149014281725473,0.8609538844047326
ENSG00000067082,0.6808661080977527,0.3897398878894359
ENSG00000165629,0.03587532220239217,0.07806688928476523
ENSG00000065665,0.8018492379289388,0.7174657753155436
ENSG00000151655,0.2711383164273317,0.260271429023536
ENSG00000165609,0.18014227235630356,0.31076415871602164
ENSG00000151468,0.6987127993427278,0.7449808555105385
ENSG00000151657,0.39189798130952713,0.5015265711072634
ENSG00000151461,0.8875744093866309,0.8968854527468791
ENSG00000176244,0.427997286398221,0.6826649474665156
ENSG00000152464,0.3809887333601396,0.10301728716096069
ENSG00000123243,0.17437327105030354,0.4987892335338687
ENSG00000260314,0.05204739560614504,0.10058442780365631
ENSG00000107614,0.028017164152295493,0.04602584522719089
ENSG00000148481,0.8437395796802393,0.8743678772042924
ENSG00000165309,0.6343087557060747,0.9206032950579967
ENSG00000150867,0.37726758294822615,0.5314034603407081
ENSG00000198610,0.17931939238356293,0.14457325601979287
ENSG00000150051,0.08143542205172553,0.06011403457583337
ENSG00000169126,0.5881969919449357,0.8200611150186756
ENSG00000077943,0.009516110776828028,0.05834606825435344
ENSG00000172671,0.021896297479103932,0.05183659017156122
ENSG00000148450,0.133450037051642,0.010212452291047492
ENSG00000099256,0.084347628548516,0.10728719918074482
ENSG00000148426,0.21219557636838726,0.2808448858820869
ENSG00000151023,0.6526869647103912,0.9961334223814701
ENSG00000136770,0.003843708248258622,0.004941710819352716
ENSG00000122912,0.0389787092409695,0.05923665081547122
ENSG00000138303,0.04944178613869455,0.29239493734833527
ENSG00000165322,0.49734755268037856,0.6974929254841331
ENSG00000072401,0.0012004102720002791,0.02152604724857335
ENSG00000266524,0.00340157965200148,0.05741979786866041
ENSG00000196693,0.3076717356136061,0.3086653286788935
ENSG00000099250,0.5648233849988893,0.4519783564856634
ENSG00000120594,0.35358459962539357,0.30492538265885355
ENSG00000148484,0.5307276186863643,0.953758328690352
ENSG00000227877,0.23876247520134436,0.11505803589022996
ENSG00000165757,0.600739126245988,0.8346124633084373
ENSG00000165655,0.42995083188753347,0.7346625389410242
ENSG00000077327,0.3058949348650844,0.4020165338041577
ENSG00000165406,0.4585495539744352,0.3747084468382148
ENSG00000107984,1.005392063132328e-08,2.591128575830381e-08
ENSG00000170759,0.202059962084465,0.2620927871116046
ENSG00000152465,0.3468263189290747,0.0633477758725531
ENSG00000204161,0.017918894790905762,0.0293411610218197
ENSG00000060339,0.08025096330365687,0.21753613947495207
ENSG00000122952,0.00021302248766332709,0.005636484494352156
ENSG00000184923,0.29585893791893403,0.7440504461851547
ENSG00000148655,0.07053864479575933,0.24145217328885984
ENSG00000165512,0.5287430743566337,0.5341286912658297
ENSG00000122359,0.7378518283792403,0.5961650017353539
ENSG00000122378,0.7478801256381439,0.6964718954120155
ENSG00000107789,0.05566522597228126,0.16856770437478266
ENSG00000108064,0.013600006419092519,0.11423493434542588
ENSG00000138119,0.2374012486729636,0.7292475478205601
ENSG00000165733,0.10218637058397367,0.29514718536483825
ENSG00000152804,0.7914206696446434,0.9264972592008942
ENSG00000107771,0.24403073770860695,0.05223360599936954
ENSG00000165476,0.08565555412430226,0.21101239853231624
ENSG00000184719,0.5107732148833177,0.47359662529754354
ENSG00000148572,0.244760966630642,0.6806005505000758
ENSG00000095713,0.00055675105692126,0.0026912169875535985
ENSG00000181192,0.6801727356993952,0.6343368288448024
ENSG00000107551,0.15097895505878905,0.05588350206949388
ENSG00000155629,0.728444370524625,0.5843216812404693
ENSG00000077420,0.525500233405495,0.8285083657306493
ENSG00000156650,0.7392373257620242,0.5991825667806738
ENSG00000175395,0.005444979577204682,0.07762979410438645
ENSG00000133665,0.06093578250951625,0.1141535192814443
ENSG00000198060,0.09433539243751618,0.4477717744954983
ENSG00000213341,0.32360179221728325,0.8097657134980826
ENSG00000151224,0.6958784281467825,0.8880781655334
ENSG00000120057,0.13451580942816171,0.27234178697820083
ENSG00000107864,0.06093015324649633,0.10309891606051304
ENSG00000138190,0.8252300737615493,0.5467778901244928
ENSG00000122870,0.09882487650948521,0.09139691832846558
ENSG00000122863,0.2868469927604139,0.8821954685282287
ENSG00000155254,0.0010583459154094974,0.0312500227074415
ENSG00000099194,0.03228891739197917,0.20793781153503796
ENSG00000166167,0.6291783384648496,0.9485242273249105
ENSG00000148468,0.9462012615729866,0.4778970671225773
ENSG00000189180,0.2860878613635991,0.655114098201373
ENSG00000165507,0.49616471079819746,0.6260210556229121
ENSG00000171160,0.5330562767037541,0.3760808137418974
ENSG00000148834,0.10565959801019233,0.30066516967409707
ENSG00000165879,0.14695160056738144,0.41692194878343014
ENSG00000196072,0.7975039107411064,0.9154347447412342
ENSG00000165886,0.026282113540632295,0.02367306923345454
ENSG00000119986,0.04128980504239816,0.08975086292076924
ENSG00000052749,0.3225453639495386,0.7451719444840517
ENSG00000177613,0.13791617839733075,0.18497379293329108
ENSG00000213390,0.8709432574623568,0.45536664151568806
ENSG00000166171,0.38718401841829153,0.46405251001072345
ENSG00000166169,0.6813019444582749,0.6796832344715671
ENSG00000165669,0.8007737286451965,0.4555863859073428
ENSG00000107829,0.3690149444699392,0.5358167952407511
ENSG00000155265,0.1430148735043215,0.06082273894469101
ENSG00000148843,0.14411069869405152,0.5958248739064029
ENSG00000107581,0.3269716479764038,0.8214279401904677
ENSG00000185875,0.5539911987229387,0.37209535329355115
ENSG00000072422,0.9526729330405925,0.8668015843674709
ENSG00000120029,0.3014431801426715,0.2709687788413876
ENSG00000204172,0.2821111950779951,0.5581638381432479
ENSG00000171314,9.295538299768159e-05,0.017896030420158873
ENSG00000148541,0.34754703397013853,0.5380897732060854
ENSG00000148841,0.02056731587168451,0.033889414355608924
ENSG00000138346,0.07631540458254181,0.26228951008301493
ENSG00000107593,0.5338098375094815,0.8381249141575453
ENSG00000108100,0.8795990169295052,0.8458230411544576
ENSG00000119979,0.4252838008881107,0.8521646006086141
ENSG00000151893,0.7841319774916965,0.7666856368018803
ENSG00000181274,0.6775153718786985,0.7565739402236754
ENSG00000107560,0.6770026191681515,0.9044055552854291
ENSG00000189319,0.06530583890676471,0.1199944431254005
ENSG00000213185,0.8252350070362207,0.2912640189056422
ENSG00000065154,0.1002103238068174,0.06098266884552754
ENSG00000170430,0.021445779285081883,0.03617558944420952
ENSG00000156398,0.13127950463182542,0.1576172020511214
ENSG00000148824,0.1996927661832259,0.7328920261443113
ENSG00000095574,0.052753386414699635,0.07169108317291038
ENSG00000166272,0.950385531465466,0.764567098332154
ENSG00000107949,0.015108188838136818,0.08997196211525114
ENSG00000068383,0.029474055387064577,0.05826969680946023
ENSG00000182022,0.612505640489688,0.7855201534468198
ENSG00000138162,0.38396085760541976,0.45942725530036677
ENSG00000148702,0.008952099786967002,0.05313524978666698
ENSG00000107902,0.24101023896590437,0.2159398224206475
ENSG00000089876,0.10419330445296883,0.19456783607280495
ENSG00000166033,0.4676719255979228,0.6579423022563858
ENSG00000148773,0.00010835909725925856,0.0058044368478167175
ENSG00000165650,0.15860287817831734,0.2648342156505281
ENSG00000203791,0.39123846854832556,0.3432336836071783
ENSG00000077147,0.049401275030039354,0.23354858846399015
ENSG00000171307,0.3691656740292564,0.25157546494450306
ENSG00000183605,0.358328935382202,0.8586847529881352
ENSG00000120008,0.9477707437081269,0.5755206814883111
ENSG00000165672,0.27901495203679716,0.7065545287616053
ENSG00000171311,0.42014222356992525,0.9900770624404245
ENSG00000188613,0.08472080621895481,0.05645526720438567
ENSG00000203780,0.6698029490422678,0.4960282239719499
ENSG00000196177,0.016251044011229746,0.07883171439013328
ENSG00000108039,0.04772757055599138,0.2029639705076107
ENSG00000165646,0.002027723374846672,0.016235091986452774
ENSG00000165660,0.7545612174800903,0.8744872218030215
ENSG00000187164,0.11742719402575863,0.48527624145917625
ENSG00000165752,0.746705326284143,0.8748573573438693
ENSG00000188690,0.8329043877040065,0.8917707712685797
ENSG00000154473,0.003644572809320526,0.06037687459534873
ENSG00000119965,0.9858318736120978,0.5044471000423143
ENSG00000107938,0.2725389814838726,0.2378539903567304
ENSG00000198873,0.5142954963835116,0.39899093832462573
ENSG00000148908,0.6563934633073043,0.8221641350178337
ENSG00000095485,0.5726145065567825,0.9904838113212927
ENSG00000148700,0.8981221025740029,0.7773286912799744
ENSG00000121898,0.026796463957027266,0.021443717708139434
ENSG00000107554,0.20002113168110489,0.5605257556242227
ENSG00000155229,0.8809558228264259,0.5356094208141875
ENSG00000138175,0.9571940650921041,0.9519717081984919
ENSG00000196865,0.9286131683068793,0.8153604243487161
ENSG00000182010,0.2669693441497196,0.33263903180697185
ENSG00000107566,0.0014285072719392774,0.05541419182534893
ENSG00000065621,0.15376663109814281,0.2727640758849696
ENSG00000148814,0.042851010206405575,0.14714125941427442
ENSG00000171813,0.6156295388754758,0.9621154655990046
ENSG00000059915,0.798125516593718,0.6569489703385747
ENSG00000107874,0.48602733923369235,0.8418124833834265
ENSG00000120055,0.011186313790324602,0.036960730041537666
ENSG00000138111,0.9833361307438274,0.4361033283789494
ENSG00000138107,0.1615524128551899,0.5920616362374154
ENSG00000122861,0.08440085941660426,0.6064426691695033
ENSG00000148677,0.6224251175242741,0.8397485348277623
ENSG00000099290,0.48732606349525776,0.49440687261664773
ENSG00000181915,0.8323797704734325,0.6959182237752026
ENSG00000151929,0.15212022145560808,0.6781027505257256
ENSG00000185532,0.7737179166423097,0.7072019680629185
ENSG00000035403,0.024704544655249537,0.26572666974450876
ENSG00000107882,0.3660628953549798,0.5059685826766749
ENSG00000120539,0.007431532146827622,0.04591800497274097
ENSG00000107890,0.6866231496346438,0.9511956969179831
ENSG00000173848,0.36866226215918696,0.7809521713869882
ENSG00000178372,0.1085052890879923,0.14536220004637398
ENSG00000178363,0.3101130390655486,0.18402297217397254
ENSG00000196372,0.371450848970025,0.24582896643085142
ENSG00000057608,0.48347307716826327,0.7521254687551598
ENSG00000138180,7.819124637345687e-05,0.01043209504595926
ENSG00000186188,0.02215042647539334,0.05111035646834411
ENSG00000148690,0.6700904375543177,0.7347425310878066
ENSG00000185267,0.4908381469973696,0.6160735040048277
ENSG00000187522,0.5061294843427225,0.509311148684396
ENSG00000148842,0.9717067216473465,0.8892312899197686
ENSG00000148798,0.40459554349753535,0.8174152469573195
ENSG00000156374,0.06875710391470868,0.18355383023355487
ENSG00000173915,0.0020533460582503977,0.019912055128892398
ENSG00000176273,0.6798842071737039,0.5080596095293797
ENSG00000173145,0.15535817303011004,0.8644067494040756
ENSG00000108239,0.5529797768955054,0.484560376770905
ENSG00000023839,2.809431779261928e-05,0.0011203087751727868
ENSG00000107968,0.026590403212495235,0.08328422581585483
ENSG00000119953,0.0034167086605368774,0.0533931965898969
ENSG00000138166,0.016213323085272683,0.04643846678168022
ENSG00000107951,0.5493586589494195,0.6415057770523842
ENSG00000122862,0.11820431898863631,0.08469581326998449
ENSG00000265190,0.03585622327079054,0.23982484240846857
ENSG00000204130,0.8278590376813035,0.33182032371220815
ENSG00000196233,0.6748638937902183,0.8056424466936154
ENSG00000198954,0.06441116006524292,0.3302257301231495
ENSG00000148688,0.005485952517064393,0.08135234067940382
ENSG00000078114,0.812195446615296,0.9348424234417251
ENSG00000150760,0.09294108022807182,0.11124694116790913
ENSG00000188649,0.7748106606561389,0.808987268133736
ENSG00000197748,0.11411456836402065,0.3275288829419774
ENSG00000171206,0.9828514993658578,0.8760746048005861
ENSG00000187908,0.03364282190279982,0.20038738235861467
ENSG00000165868,0.5690354715004307,0.6323649946120327
ENSG00000177791,0.0031493562385938607,0.010703063551311377
ENSG00000176986,0.7924060006718815,0.6516675762586076
ENSG00000196968,0.5047388333346667,0.8652996445338839
ENSG00000172586,0.2117858120318775,0.3771587106755746
ENSG00000214655,0.45992498398319914,0.33731958306546356
ENSG00000166507,0.04163040281674767,0.027132929325002796
ENSG00000265354,0.053021176382109354,0.20488374964432504
ENSG00000263639,0.1803731569895115,0.2023018046534114
ENSG00000122958,0.09876102918471655,0.30657638383323144
ENSG00000156502,0.39586339239247514,0.9629781004538228
ENSG00000156510,0.4429642934900635,0.5987148792650935
ENSG00000099282,0.7617945330281205,0.9610704839136368
ENSG00000171224,0.41560020304169176,0.5706838220175481
ENSG00000107897,0.12713469785692386,0.25362157151369785
ENSG00000138160,0.00017612796294042544,0.007990722242528508
ENSG00000042286,0.2132587377559337,0.523031478933661
ENSG00000079332,0.6121926531813076,0.8591598375012058
ENSG00000180817,0.8521194336571325,0.9721892125625526
ENSG00000156521,0.08789294827591898,0.46993996516447467
ENSG00000107672,0.6762806180259974,0.7300050719034825
ENSG00000166189,0.5675434590035688,0.8992957155062783
ENSG00000198728,0.017353322289934976,0.10549136389143525
ENSG00000148840,0.2546205612610491,0.5831842551094031
ENSG00000166197,0.03857656383171136,0.2853441240662156
ENSG00000119915,0.0346391009725524,0.07362856813433453
ENSG00000107959,0.3680570600633474,0.4122724566003839
ENSG00000133661,0.0008234846582780603,0.007952264919162207
ENSG00000133678,0.6109558411663027,0.9491471385681732
ENSG00000099284,0.08128991515013609,0.024057857717989108
ENSG00000078403,0.2796150933466502,0.21191260142475637
ENSG00000120616,0.01259413108709874,0.09758795274462194
ENSG00000138182,0.023192048687930258,0.21813606220833132
ENSG00000204152,0.6147997571359447,0.201548171769533
ENSG00000166024,0.3753197350008245,0.6174980518116662
ENSG00000179988,0.8209626304798174,0.7269266632594906
ENSG00000183346,0.08270590981160326,0.28198248648257546
ENSG00000284024,0.13327168973626718,0.3311545871765425
ENSG00000214562,0.26505714760903054,0.6740877552942395
ENSG00000132334,0.028425623060372936,0.03148910777980512
ENSG00000185009,0.38957718236018535,0.7852602666135297
ENSG00000148634,0.11257855970997925,0.31155254348704964
ENSG00000119950,0.7707245923305704,0.5881865311669088
ENSG00000165338,0.9926929052471848,0.9508572904164699
ENSG00000156110,0.6354345423213809,0.21125132793869714
ENSG00000185745,0.6568511848015476,0.6691578188042864
ENSG00000152779,0.29124946460475515,0.34698596383506486
ENSG00000166295,0.1808578579907136,0.2206358912049158
ENSG00000168209,0.0005126797203011315,0.028348093082763752
ENSG00000165996,0.007749120286483399,0.004549860612942422
ENSG00000136738,0.08929278327320016,0.12340069068922122
ENSG00000107937,0.03962469119082504,0.10340224910069044
ENSG00000264230,0.1275847890770957,0.5729920541912289
ENSG00000165730,0.01922818709290511,0.017181581807280653
ENSG00000107625,0.9193567147919407,0.5267355236765895
ENSG00000107738,0.8711222821160515,0.8477751838022157
ENSG00000107736,0.10058768018469472,0.21786408778086683
ENSG00000108179,0.016638751694738746,0.24793313920954757
ENSG00000165424,0.1731884525871796,0.2677719650196302
ENSG00000185303,0.0814535183016127,0.283389482585725
ENSG00000122852,0.11857888297481475,0.3969042263003716
ENSG00000062650,0.3351675389263141,0.7759566432581094
ENSG00000059573,0.21073534211348224,0.5549589405126698
ENSG00000138185,0.02513554192355325,0.020422061700845918
ENSG00000138131,0.5305050270886553,0.5647199497955555
ENSG00000197771,0.32423557292791577,0.5673364495494171
ENSG00000138135,0.012349017932423724,0.11287472055357782
ENSG00000107798,0.16979782975862648,0.1868675884281282
ENSG00000119977,0.111371041829231,0.44875467935048163
ENSG00000119917,0.35189264986719593,0.5561815745129297
ENSG00000197444,0.6595155138321211,0.9615444698700341
ENSG00000198964,0.9431023218644842,0.8789313394717739
ENSG00000198682,0.2885570468977914,0.27435027755690744
ENSG00000138138,0.41641718464422695,0.7839628227210913
ENSG00000150347,0.29184676431031215,0.41325321911069623
ENSG00000107758,0.6040153749261485,0.3053424685626665
ENSG00000166136,0.3986860286734101,0.8251315442675324
ENSG00000166135,0.46856388161099194,0.9690563822459765
ENSG00000119906,0.6320609484559435,0.6608456605659996
ENSG00000107815,0.06548817349816942,0.4562218605721523
ENSG00000186862,0.02771307372155581,0.007405229890129625
ENSG00000107821,0.43517317484893137,0.6258311627548558
ENSG00000119922,0.7240242225509235,0.7823569413507476
ENSG00000095739,0.05681190103698452,0.0063203330430014176
ENSG00000151650,0.06486307529977292,0.3537115880702497
ENSG00000151651,0.7884021377779065,0.8966825040052624
ENSG00000198546,0.7865440160209053,0.8018799372462718
ENSG00000130643,0.8469103784103823,0.4390200588621451
ENSG00000165828,0.9414003943055019,0.6391441956643416
ENSG00000148803,0.9722739463769081,0.7376405985049832
ENSG00000127884,0.789062005832237,0.9975838079563815
ENSG00000148832,0.23798767734175563,0.442237198271903
ENSG00000225830,0.6158738554436907,0.9517125095311241
ENSG00000198105,0.046147764771195275,0.14156011711714164
ENSG00000266412,0.1993576901629198,0.13428972825851454
ENSG00000165606,0.700750354631893,0.8830151301090778
ENSG00000165983,0.013256374099981741,0.042379874212731636
ENSG00000253626,0.05862401284423148,0.09542396030804726
ENSG00000227345,0.25648876994608794,0.5788009956115889
ENSG00000177283,0.26674040041994046,0.9214911528415304
ENSG00000151923,0.9788724400953963,0.8666803294566359
ENSG00000165449,0.7285796498635217,0.8319747262874435
ENSG00000065809,0.7744865077769895,0.524086054350809
ENSG00000156384,0.1048360857140682,0.3359113853571183
ENSG00000198408,0.7851252271114023,0.7618980867783566
ENSG00000120049,0.20621174205832016,0.3686271204176358
ENSG00000171798,0.023345929799578367,0.09038104283394668
ENSG00000173269,0.40701376747612583,0.4439116428264569
ENSG00000173267,0.46808089783002504,0.9178979490301695
ENSG00000148671,0.08876592954070023,0.20556893898970782
ENSG00000122376,0.8453095670374853,0.6696938779971054
ENSG00000099246,0.3736240432970097,0.6613926109710699
ENSG00000119927,0.03859830148649991,0.00513724589468045
ENSG00000148516,0.9386724697711037,0.9451145596063385
ENSG00000130640,0.5046776399746015,0.8241734678800309
ENSG00000023041,0.7662972838176811,0.8672451535630379
ENSG00000148730,0.7982707592349698,0.7653904340739779
ENSG00000237489,0.034548212503104636,0.07534556619510294
ENSG00000108010,0.1394661437662526,0.6512113834867037
ENSG00000197142,0.05534913325661029,0.19834998869897497
ENSG00000165731,0.7438365005520521,0.7285173858186424
ENSG00000169826,0.713959864146011,0.849282746786838
ENSG00000198915,0.5135038074122353,0.5016218016666911
ENSG00000148672,0.24448332280844248,0.7595973882458393
ENSG00000108176,0.4775765236123648,0.3191099925900714
ENSG00000096717,0.40780591860193394,0.3926888420286392
ENSG00000148719,0.9250436802205014,0.8339414989528977
ENSG00000107872,0.5061909677072629,0.642979917402088
ENSG00000277758,0.0020537083760866245,0.047756142087822036
ENSG00000172650,0.08883414358542395,0.13910162384889432
ENSG00000148848,0.002020236864906575,0.0338002889516595
ENSG00000155256,0.2528446732002064,0.25154850125635886
ENSG00000150054,0.029594478911951907,0.04469451993544687
ENSG00000095637,0.4259696064237235,0.8396139692338824
ENSG00000198879,0.6597697655725968,0.22049214089709937
ENSG00000150201,0.7458708721602478,0.8352761619368863
ENSG00000169813,0.016102824569722757,0.05173109493570507
ENSG00000196793,0.6078424814287452,0.701720069478375
ENSG00000198298,0.34620347540655483,0.545643217809516
ENSG00000169740,0.41469762182638203,0.8302635653705085
ENSG00000243660,0.3418159771193463,0.33466616977537456
ENSG00000107443,0.8321566847589912,0.7477531808455014
ENSG00000180644,0.7331611275923913,0.673414416900199
ENSG00000138316,0.3145976499018978,0.5080500226674198
ENSG00000166228,0.8415624645683657,0.5879442991714849
ENSG00000138172,0.9877699709094683,0.5849087329941307
ENSG00000204179,0.7029583863544582,0.7434270948461423
ENSG00000107779,0.8669628655762543,0.8885689758025564
ENSG00000176171,0.18615124775386718,0.43169662909027706
ENSG00000107562,0.32001251590100843,0.5563696804313469
ENSG00000130649,0.5125363186061669,0.6610521788306007
ENSG00000171772,0.8288626656713989,0.8067286688451968
ENSG00000108187,0.7589679298772202,0.9965462725860663
ENSG00000096746,0.0076791971660981765,0.07318689472564723
ENSG00000075407,0.27209664890086155,0.5202004837611536
ENSG00000075073,0.759429478404293,0.5620246945263019
ENSG00000108175,0.5335764325009433,0.6110345825841768
ENSG00000197746,0.1868027519468719,0.1112722935472627
ENSG00000172661,0.07284445707070664,0.11407661449697243
ENSG00000183049,0.0026148481759380848,0.0026323016849137825
ENSG00000107745,0.6773258192578304,0.9869599193387076
ENSG00000138207,0.3774385289791593,0.3429808155025675
ENSG00000107863,0.731299840155881,0.9634962255647748
ENSG00000171988,0.8871305887281219,0.8973523848459044
ENSG00000012779,0.6385483259333595,0.8223687096981827
ENSG00000065675,0.48863855609323925,0.8920292730562555
ENSG00000136758,0.12413237352597094,0.24009267198215525
ENSG00000107742,0.07013996900192906,0.13417252954257516
ENSG00000108055,0.16657007589283976,0.5154655145131651
ENSG00000151640,0.49920796792044897,0.4871166313224675
ENSG00000188234,0.35741358311164817,0.5386298200852362
ENSG00000107862,0.030043273338811776,0.08277970235915234
ENSG00000151632,0.4093848648387113,0.4658793783230387
ENSG00000095564,0.5139496080127769,0.36391996942252147
ENSG00000107954,0.20145208991724636,0.03286934481662128
ENSG00000148429,0.2619980649974655,0.4659956848348106
ENSG00000197321,0.41349208807908433,0.7768466483351137
ENSG00000156026,0.3605585799540939,0.890230316181016
ENSG00000138193,0.611079873551167,0.22768838663515123
ENSG00000165632,0.3254984004426697,0.329675677216244
ENSG00000150593,0.10573826411864669,0.08041225521613236
ENSG00000214413,0.8722869958898689,0.8212895019289641
ENSG00000108061,0.467848158177805,0.6117825539154566
ENSG00000150594,0.11785419332586276,0.5036306053134805
ENSG00000122877,0.0985793498672007,0.1393528019826632
ENSG00000148835,0.11821908970237677,0.3006935298396577
ENSG00000166348,0.0867242966791851,0.19453421467132664
ENSG00000107643,0.5322090721795358,0.8420038231149015
ENSG00000128805,0.9465435387449386,0.9274324239771707
ENSG00000165732,0.021019611425430358,0.22375992109195145
ENSG00000152782,0.9617082589406198,0.827620691238325
ENSG00000152766,0.26874345202848526,0.33751981589217317
ENSG00000138134,0.01413397672120164,0.02707556567672338
ENSG00000107796,0.5654921854353068,0.7207733751678123
ENSG00000166321,0.26324992491288934,0.1253714323883512
ENSG00000122882,0.9328623262120114,0.6483470495474568
ENSG00000138286,0.6739392625655876,0.22469458730674183
ENSG00000213551,0.0008250687960615994,0.03064789545155383
ENSG00000182180,0.03477516555390005,0.3718858583119645
ENSG00000138279,0.6146015664603222,0.720794341779996
ENSG00000048740,0.25131172881243863,0.42404574962012676
ENSG00000156042,0.06221182590708154,0.2333126194828754
ENSG00000107669,0.46374203834005856,0.6923809676294761
ENSG00000165678,0.10282488716329519,0.43702884566532896
ENSG00000026025,0.30331559086740795,0.3493838438142105
ENSG00000172731,0.841457495631241,0.5868152588205126
ENSG00000148444,0.2790834541417421,0.12751768330176166
ENSG00000168283,0.273391692047654,0.3672401680002412
ENSG00000043591,0.0220868513879071,0.13207943138272707
ENSG00000165813,0.11046693408229376,0.08684924680173098
ENSG00000165816,0.0055937515766318014,0.016407373538232812
ENSG00000204176,0.004559808307570759,0.04881764085180908
ENSG00000204175,0.0018113204485708332,0.04386114649264634
ENSG00000107679,0.9314565666345193,0.7459493268366381
ENSG00000107957,0.9918097652713612,0.6053486205889815
ENSG00000128815,0.005534034129505996,0.017841033622236015
ENSG00000055950,0.303774376109631,0.9058305998278077
ENSG00000107929,0.7727644997335423,0.8685891073426985
ENSG00000165806,0.44575317944639503,0.4436121696467721
ENSG00000198924,0.4271314324025657,0.9435292072920171
ENSG00000148735,0.04707939917780259,0.08395545071466311
ENSG00000107816,0.9014853521537118,0.627748344039363
ENSG00000165568,0.715958022657081,0.24709462429657186
ENSG00000187134,0.7567883709869204,0.7477202588604414
ENSG00000134461,0.5313497924012734,0.6655245461992786
ENSG00000134452,0.9601312807359669,0.7464058769563142
ENSG00000134470,0.042104426637369866,0.15555554981088
ENSG00000067064,0.2569747847888034,0.338113281071134
ENSG00000177853,0.8774353075261282,0.41136848020235095
ENSG00000095585,0.05845448149256536,0.22086891094966413
ENSG00000165312,0.3641174289225495,0.9667298132628702
ENSG00000120549,0.385401921134115,0.1814966796740546
ENSG00000148498,0.2859125737748665,0.6878089464648058
ENSG00000120053,0.08762023646783777,0.3278784132599496
ENSG00000169129,0.5113269108959275,0.6096069046723573
ENSG00000123240,0.38963393816736525,0.5253410161614395
ENSG00000065328,0.001989718080479628,0.03179904540054843
ENSG00000107537,0.5179741515308368,0.7493729623528227
ENSG00000183621,0.5178242646128464,0.8335843161331323
ENSG00000152455,0.13064300027182113,0.20077329030958918
ENSG00000026103,0.6272804643789014,0.37228696321220034
ENSG00000134460,0.8727973866166496,0.9679884333218131
ENSG00000134453,0.384495567419741,0.768349828257235
ENSG00000170525,0.6515677817022147,0.7552319599576813
ENSG00000107719,0.4597036263541724,0.6995913968215134
ENSG00000095539,0.022033470948861204,0.060237332688931
ENSG00000166275,0.5858460327406021,0.7343922456229227
ENSG00000214435,0.8879206519276786,0.3042987337116757
ENSG00000076685,0.1864139228662439,0.4632470112363384
ENSG00000107731,0.29269116857460015,0.7354666497591209
ENSG00000198246,0.2532470271360757,0.11712827389156887
ENSG00000077150,0.006457576726002356,0.033854815353731034
ENSG00000166224,0.3964737129703778,0.960062831168055
ENSG00000065613,0.045630324459989755,0.1375113138508928
ENSG00000065618,0.14953525432038753,0.34875758014967784
ENSG00000107960,0.5328780825451456,0.585643436303068
ENSG00000107438,0.900885323349192,0.9925381700184012
ENSG00000165633,0.2561253381074606,0.18575555450098352
ENSG00000108242,0.1198676149467958,0.19266339017743475
ENSG00000151208,0.009203708856385107,0.016977096758498525
ENSG00000148606,0.8141780622289347,0.5289616230509676
ENSG00000138326,0.886096821317886,0.6953961114232841
ENSG00000119969,0.013903787205687333,0.09393447832343407
ENSG00000188199,0.12042853602078432,0.2818621806400064
ENSG00000108021,0.7151387222851942,0.9442600919472324
ENSG00000119943,0.2944497852571957,0.429373722421477
ENSG00000107521,0.11569161727711547,0.05683237657458211
ENSG00000067057,0.00017092883062794713,0.0015111352091108181
ENSG00000165630,0.2969600114858373,0.16675238208291301
ENSG00000108219,0.12882274204587238,0.5393062082917015
ENSG00000107819,0.4797481181557367,0.989998377071745
ENSG00000155252,0.9518514464346269,0.5374902147139895
ENSG00000107833,0.06017408830734769,0.4286936792354181
ENSG00000198018,0.020245320849091288,0.24517851358018428
ENSG00000119929,0.0665094691375587,0.19973145102553982
ENSG00000014919,0.2636126909517055,0.8293888387300542
ENSG00000108091,0.2743239859715476,0.6887205737209199
ENSG00000170312,3.690978446585427e-05,0.0013111399222172334
ENSG00000155287,0.9459722979614016,0.9275549736286068
ENSG00000151474,0.4651733791171697,0.42279168877966167
ENSG00000151151,0.017184051834449435,0.0868886364734756
ENSG00000122873,0.025706727364471493,0.09086988027291085
ENSG00000107485,0.06455928326829848,0.07342935921949792
ENSG00000156515,0.5979239997523381,0.7873746325416204
ENSG00000015171,0.40030505480587575,0.6055362792452117
ENSG00000148737,0.4391336815082174,0.39962954774492565
ENSG00000047056,0.049961011220158516,0.17983364269026247
ENSG00000107854,0.42127563226789777,0.19286225453296768
ENSG00000165995,0.5337829481907803,0.5726755625855258
ENSG00000241058,0.4032207497743887,0.4415572648717785
ENSG00000165997,0.09990979494025742,0.22610918204514063
ENSG00000198825,0.44087362444595724,0.12434999207978555
ENSG00000107651,0.3160134765313528,0.5662053386600336
ENSG00000151150,0.9257225823119086,0.7849072719501675
ENSG00000151532,0.27944230685304816,0.7701750501812508
ENSG00000095794,0.05713769377237914,0.06018137386409542
ENSG00000197467,0.16802046819562597,0.46543008654178497
ENSG00000019995,0.4370252652695006,0.3390158595832693
ENSG00000175029,0.01564838983973965,0.14706369571046635
ENSG00000066468,0.04460824850628584,0.24365758305603993
ENSG00000095787,0.992091733654693,0.7532025344048198
ENSG00000189129,0.06402743896238028,0.19723812230539275
ENSG00000119938,0.1418759796494454,0.2926837809731057
ENSG00000152457,0.3014757153428736,0.5388003653450175
ENSG00000119912,0.37850245755696577,0.7145056627826067
ENSG00000152778,0.45888078675652444,0.4008713601611599
ENSG00000150093,2.235803643854186e-05,0.00014759641230314762
ENSG00000180628,0.09476404056257802,0.11595706667748636
ENSG00000171862,0.9217593673180506,0.8727257518624012
ENSG00000138308,0.04392184991897125,0.0693639194475041
ENSG00000122884,0.003441237857838636,0.023013395934892152
ENSG00000204147,0.12364477472287778,0.12303524086994783
ENSG00000148459,0.0032724412161591414,0.0311937510534025
ENSG00000136754,0.6199552954343703,0.6728082107752029
ENSG00000099204,0.7824411506278485,0.7119538216827352
ENSG00000151553,0.8653509191196302,0.9012189957377335
ENSG00000165832,0.572507031428434,0.9742399777688174
ENSG00000079393,0.9457442353986868,0.14821013818205475
ENSG00000156671,0.5363955999456962,0.6930488041931586
ENSG00000165637,0.0002664702302865146,0.02178794897697978
ENSG00000165644,0.29115266323946265,0.9105673483025432
ENSG00000148660,0.5301028454798258,0.34620006567379447
ENSG00000108094,0.1843210639319888,0.3335658794145173
ENSG00000086475,0.42915502907506486,0.39352407326959316
ENSG00000165626,0.6477107775224487,0.8692500690404293
ENSG00000156113,0.14900999352534772,0.12661940623994297
ENSG00000112699,0.6655431044097609,0.9948726650642837
ENSG00000112685,0.6051285078305981,0.9655715509497398
ENSG00000145945,0.5058261587658918,0.42927575653970995
ENSG00000124802,0.00870814064251884,0.022090288894775302
ENSG00000188428,0.6978249542424217,0.5723245226477104
ENSG00000205269,0.01061897101961283,0.0763236822778901
ENSG00000165097,0.9143860316084796,0.5183141987145363
ENSG00000146109,0.2935263810303422,0.15826526114229444
ENSG00000153162,0.928035780762067,0.7911471191171522
ENSG00000239264,0.10279085776559678,0.06441053204077925
ENSG00000181315,0.017824825662562105,0.04936427926828241
ENSG00000164379,0.18606071860562912,0.14206990385927873
ENSG00000124787,0.03726414111688796,0.4434673883241096
ENSG00000124795,0.09008778247732144,0.30584049359299254
ENSG00000230873,0.05694016095802551,0.31016975551683496
ENSG00000112763,0.38608788049686027,0.20114944441691324
ENSG00000095951,0.5248193322974231,0.4595022386872184
ENSG00000145990,0.6735570253041323,0.8447891949004525
ENSG00000152954,0.0849780310472644,0.217872836905767
ENSG00000008083,0.1818872393170315,0.22142823509937995
ENSG00000204713,0.8359923429687168,0.8719771572247292
ENSG00000078401,0.3960616653672224,0.6176158557749005
ENSG00000124783,0.6463391533808143,0.7198590260347226
ENSG00000137273,0.5408265993473509,0.7829695568800537
ENSG00000124766,0.7411573914361271,0.9826570893603709
ENSG00000145996,0.12515429976805734,0.08486810668934978
ENSG00000146038,0.5555183263378308,0.5149803573538982
ENSG00000172201,0.7100592467852171,0.3560596605876106
ENSG00000137177,0.3460045454419498,0.3480636669947774
ENSG00000137364,0.9219487906566707,0.6721439456029412
ENSG00000054598,0.15087160283950282,0.3507718881213653
ENSG00000187566,0.16491632009571583,0.17217530438057718
ENSG00000153046,0.5972708849263848,0.6894790173877721
ENSG00000124615,0.01517473331262344,0.1046435386891774
ENSG00000124602,0.4416186300556155,0.23339367955531012
ENSG00000172197,0.13226378223220978,0.045774054750736634
ENSG00000007944,6.0608548204856584e-05,0.00032149067496150196
ENSG00000234127,0.14559940031224958,0.4131748091885641
ENSG00000156639,0.2662747841327365,0.6456043770226032
ENSG00000124784,0.40893469812315186,0.9676280605360577
ENSG00000096433,0.8724977147269317,0.7984808696102322
ENSG00000111859,0.01583605215040001,0.05042593665247514
ENSG00000124574,0.7205155735062385,0.6688259463851087
ENSG00000112078,0.8040448954907816,0.612698639120959
ENSG00000171467,0.6127891060308834,0.6461673228603622
ENSG00000137288,0.27283990993893203,0.6400770374056639
ENSG00000146122,0.00032982887769382333,0.0025558107116069526
ENSG00000196284,0.8913444143877853,0.9562336078547699
ENSG00000146085,0.24991167321038107,0.3107538110230561
ENSG00000065308,0.16308363989024138,0.28208167143009305
ENSG00000112079,0.13724645436654684,0.28246293995382404
ENSG00000183826,0.0035640100695903567,0.030322866790087624
ENSG00000112149,0.0512915721903602,0.13646087934336518
ENSG00000065491,0.9355321653848645,0.7540081779550959
ENSG00000012660,0.6557618899834896,0.8693932090946505
ENSG00000112130,0.35907224454774056,0.3197257398002998
ENSG00000031691,0.12853756270456376,0.45459784187446506
ENSG00000124813,0.9547216438395216,0.9586162482684613
ENSG00000161896,0.43069092112463325,0.24772267581712684
ENSG00000171462,0.5995183432663146,0.8041588714923801
ENSG00000096401,0.7021089942666755,0.9785610851613002
ENSG00000146166,0.7640576492708926,0.8977052967557722
ENSG00000112759,0.1327522211126415,0.12546136605788788
ENSG00000154079,0.8912123256132226,0.6714948840699995
ENSG00000157593,0.31886663235625634,0.6141882547457174
ENSG00000065615,0.7297133685780337,0.8148275420189001
ENSG00000065833,0.2502951088711086,0.5330791529384091
ENSG00000146143,0.12751012845636925,0.26732574271538007
ENSG00000184486,0.981922920081258,0.8749719711924181
ENSG00000135324,0.7348156032190594,0.8883715962550837
ENSG00000057657,0.3855721950878871,0.31931620959143153
ENSG00000170915,0.6405824064882255,0.6020932818700748
ENSG00000156535,1.7000175241185617e-05,0.001192944855890903
ENSG00000135315,0.9074350870260776,0.6597443562033176
ENSG00000112081,0.06560467103371445,0.14235445101940547
ENSG00000118407,0.17217621072617317,0.2215383685515998
ENSG00000124731,0.15866374464906993,0.030904750023345046
ENSG00000146233,0.7850580769816289,0.6674911179824212
ENSG00000005700,0.3967175685980131,0.9577824696506967
ENSG00000124608,0.6506551592046393,0.40760202882821306
ENSG00000272398,0.3590588379896469,0.9562934927594025
ENSG00000111860,0.9498091066685942,0.4442673938646736
ENSG00000112796,0.0001795036217796423,0.004305733749092708
ENSG00000135338,0.011028309580436282,0.11272898284612941
ENSG00000096384,0.26127262036157,0.5483113655634044
ENSG00000173214,0.8911089530576701,0.9117686184727485
ENSG00000187189,0.14647254504574833,0.14861286156389797
ENSG00000137269,0.1217538075658076,0.4175626186382311
ENSG00000111912,0.5299315421539093,0.9622633538521288
ENSG00000130349,0.9619064680974901,0.6793318916915074
ENSG00000146232,0.40587716714072863,0.31526843053773074
ENSG00000112305,0.38357225258257077,0.4592455285740067
ENSG00000118402,0.9792758212381802,0.9416013832843191
ENSG00000170162,0.4873916165615534,0.711742089804449
ENSG00000009413,0.07284006484995605,0.07224059845014376
ENSG00000152661,0.048752130815931057,0.07646513218653032
ENSG00000079950,0.7672365727574396,0.9753618662867917
ENSG00000146410,0.0005629180553911704,0.01699424595985417
ENSG00000001561,0.02219365099761921,0.21527610156427604
ENSG00000153989,0.16230412397936791,0.2945090752855232
ENSG00000112701,0.5355876137050277,0.2564478732461135
ENSG00000198087,0.020490564939053355,0.10093294133008743
ENSG00000112234,0.6966670539253437,0.8344207148439386
ENSG00000198833,0.33984778838101076,0.256418548267546
ENSG00000118690,0.45866852468192076,0.7316596097672958
ENSG00000085382,0.95826840024686,0.8993763171432241
ENSG00000112773,0.16011991199727035,0.27330136493605844
ENSG00000203778,0.2270198539694716,0.4746566668376433
ENSG00000111879,0.0032336154586652412,0.054432351977589735
ENSG00000009844,0.020977986427720294,0.05098854627535404
ENSG00000178425,0.5059181848742166,0.3422462825147058
ENSG00000111907,0.40156416056155364,0.17409477099086265
ENSG00000153292,0.4920135423389247,0.4324662983869215
ENSG00000066651,0.5602917724970925,0.3021290045323393
ENSG00000124780,0.03357186614892422,0.07644103947354808
ENSG00000124749,0.07263259604981298,0.10157234156671478
ENSG00000112339,0.21227439149827992,0.37229606393202674
ENSG00000164434,0.7043241667286115,0.9043514761247837
ENSG00000111911,0.06544972583842097,0.23117306648375438
ENSG00000025039,0.07187780273318063,0.23436669409851182
ENSG00000034693,0.3037473165246347,0.45241690229023634
ENSG00000025156,0.3526732488469094,0.6659295759510164
ENSG00000137251,0.027959262785600777,0.02628654632202412
ENSG00000146386,0.6164691040985866,0.6152271537511925
ENSG00000095970,0.046607785026840674,0.1411570034913088
ENSG00000196591,0.009645352352890593,0.06360202204506729
ENSG00000029363,0.3044155351367576,0.6560902108091503
ENSG00000112414,0.17655684101997357,0.1746566394877733
ENSG00000111906,0.04202180455957338,0.028920836863958965
ENSG00000188820,0.31762825315178783,0.570004546681466
ENSG00000112175,0.0006675684147100326,0.01821740560485279
ENSG00000168143,9.449391290483105e-05,0.0022275926461585295
ENSG00000123500,0.9913245131614371,0.6520593288682521
ENSG00000079931,0.5919942649005797,0.7283937586722102
ENSG00000112249,0.1445265385385264,0.36907606578993357
ENSG00000198729,0.650813443169699,0.6170908122027343
ENSG00000096093,0.07756615388246907,0.2923161170036334
ENSG00000112282,0.8323892392068651,0.6441064300351802
ENSG00000198523,0.6905502175167415,0.8559835987122371
ENSG00000111885,0.368034805600745,0.4876617872999288
ENSG00000047932,0.052440863571431726,0.14847657206208312
ENSG00000155111,0.8579901489527466,0.7837878572226022
ENSG00000168216,0.7221648265581531,0.9347954392358099
ENSG00000277443,0.030356603429536944,0.03999621009093933
ENSG00000172594,0.7207813355701229,0.3831010609233796
ENSG00000112406,0.5412149978355052,0.9538698668674037
ENSG00000146409,0.06479474379498276,0.048020192082602026
ENSG00000146281,0.7875061415208882,0.6546815998385855
ENSG00000146072,0.19988658149747476,0.28778302784096627
ENSG00000111880,0.2083949927466916,0.3417745582621572
ENSG00000119900,0.6660307931580433,0.7536850022301451
ENSG00000071242,0.06852711529567247,0.2104225818126175
ENSG00000135547,0.2063379607888381,0.12477043147764834
ENSG00000124596,0.49146512084790617,0.6737047020574388
ENSG00000285976,0.18875088080140692,0.2287749284762373
ENSG00000123545,0.5870997093932397,0.6629775281820629
ENSG00000189007,0.5977699808029933,0.8902669511706183
ENSG00000111817,0.2583654980536043,0.6145856737639659
ENSG00000135299,0.3147270562169568,0.34044779158520944
ENSG00000164494,0.6974057323065934,0.4751893819237645
ENSG00000215712,0.10278786003796513,0.18868276985771773
ENSG00000057663,0.41868253753506457,0.4386696715467976
ENSG00000112378,0.000415405280042678,0.008803061191419534
ENSG00000111962,0.13649307140475725,0.45315263375582393
ENSG00000131019,0.3214508833163244,0.6455895158564177
ENSG00000051620,0.09453589111567369,0.10562213745934614
ENSG00000131016,0.00027708955940390325,0.0010485145028172025
ENSG00000112742,0.0016514051560382332,0.03268959549907014
ENSG00000112306,0.37658670229178404,0.33042642992719573
ENSG00000153721,0.9215496673848459,0.30671173994406364
ENSG00000118689,0.6591807909334153,0.747942046971407
ENSG00000168438,0.8834811480218755,0.8449746747771205
ENSG00000146425,0.7572202918385647,0.8593758935262553
ENSG00000112769,0.23203217459598763,0.3244078307983891
ENSG00000111816,0.6541497634634894,0.7769184322774166
ENSG00000198719,0.7598429495941863,0.799391789630338
ENSG00000085511,0.7837228027335229,0.7510958363764311
ENSG00000083123,0.6143558567620705,0.36342755634437207
ENSG00000164483,0.025140942150740354,0.1027763729119151
ENSG00000112531,0.23980975381519548,0.22589891843449963
ENSG00000112031,0.09366538184981632,0.09446328748314498
ENSG00000146278,0.9103215504504978,0.9762035499337509
ENSG00000146374,0.0035936949550341144,0.01283177830370357
ENSG00000198478,0.02324710144825108,0.061701811682590924
ENSG00000112379,0.02237838047279468,0.23980638873336513
ENSG00000001036,0.0009386313603411883,0.005668106099694258
ENSG00000119899,0.9157008525838779,0.9213291892951457
ENSG00000146477,0.1668832947221646,0.6578135760106437
ENSG00000112290,0.006321838625946356,0.01455663124813138
ENSG00000112029,0.002462555277198524,0.022122717869956468
ENSG00000131013,0.7141677500904207,0.9540956638043996
ENSG00000130023,0.3818680204320851,0.4825520180257937
ENSG00000055211,0.6213814087233704,0.6709427157169716
ENSG00000203727,0.7613644366989385,0.5204845674252747
ENSG00000008018,0.013469350617561488,0.03472254437946583
ENSG00000146411,0.626225158893287,0.617148899621557
ENSG00000112320,0.18932759329749874,0.36811389995359667
ENSG00000026652,0.6466620740217528,0.2743563945707899
ENSG00000184465,0.25427675907709946,0.24481892553740775
ENSG00000175048,0.14099584632308948,0.33262191960320575
ENSG00000171408,0.8763429450091221,0.33527330466704564
ENSG00000130338,0.7773661720421418,0.8329029059095114
ENSG00000130024,0.2326829218858425,0.39042491303084736
ENSG00000146416,0.10635909476385774,0.18127952917610277
ENSG00000186625,0.620823065371598,0.4554383157827
ENSG00000074935,0.2188873306886694,0.3352011334627805
ENSG00000135521,0.18513610829390567,0.4557904533496826
ENSG00000164694,0.20956306149449128,0.6017027576804641
ENSG00000135537,0.6976851846263714,0.9461031519495704
ENSG00000118420,0.41344619974745733,0.47130750071444805
ENSG00000071994,0.06338673556436437,0.340293540318991
ENSG00000112208,0.027112190363850742,0.16858637585894978
ENSG00000198945,0.034148278298698216,0.0616832309865098
ENSG00000124767,0.8192958518850283,0.9513009877436485
ENSG00000112210,0.23616599800589802,0.4075919948033998
ENSG00000131023,0.30599905283826784,0.5280147312677523
ENSG00000091844,0.3706533711297757,0.4969469917990098
ENSG00000164488,0.42223921038587364,0.8774802865435634
ENSG00000164442,0.13757210076352064,0.3987603403135742
ENSG00000154269,0.07055594969773467,0.0674457072134543
ENSG00000118496,0.15639985883249866,0.4177503012005437
ENSG00000028839,0.6688389098442431,0.8609472924342882
ENSG00000118526,0.008809456871812147,0.06725042516578679
ENSG00000170899,0.9538372591462443,0.6087208216896901
ENSG00000219607,9.517614928954995e-05,0.004204623083760957
ENSG00000111913,0.0036274343485400836,0.01267626888840568
ENSG00000164465,0.6589419465309694,0.7114114922609998
ENSG00000118482,0.8524932991725171,0.9914143831487985
ENSG00000146242,0.003669060285657472,0.014672760047639441
ENSG00000189241,0.24191833647715558,0.4497479222835046
ENSG00000124789,0.19559043730873765,0.6909230781853315
ENSG00000145982,0.20928711275539713,0.23952784083233505
ENSG00000047579,0.013672158693422237,0.02230276825641499
ENSG00000137393,0.10497505309945458,0.27427498093919084
ENSG00000168994,0.1621258697638664,0.33864190813899775
ENSG00000009765,0.25453992908662243,0.4123405613008405
ENSG00000203797,0.18972878755298794,0.2172474175811593
ENSG00000124535,0.8760900198216537,0.5481829786290084
ENSG00000021355,0.55854423347942,0.6662000899111968
ENSG00000170542,0.20186417168110268,0.2734054719459901
ENSG00000124570,0.5463690518803038,0.28171691886993455
ENSG00000137274,0.7515343164071377,0.6328589493636132
ENSG00000112294,0.19876848245679685,0.20107334137137678
ENSG00000111802,0.08542643402792742,0.17907210500658657
ENSG00000112304,0.42530005630046985,0.3819400983507639
ENSG00000145979,0.7863187869689148,0.5424793210205185
ENSG00000112425,0.5110711128411678,0.9226306397073003
ENSG00000112367,0.7059954621934217,0.9105608843246725
ENSG00000137198,0.013387252848399471,0.07689406218819869
ENSG00000213886,0.2475373746960451,0.376990240044873
ENSG00000204642,0.9807439364186392,0.541232339088092
ENSG00000111845,0.5776396649752129,0.8277633714729854
ENSG00000111843,0.4614573436922289,0.9640646948016752
ENSG00000137210,0.4527056425792355,0.9314089443960873
ENSG00000146457,0.23820600835689934,0.4414416979032013
ENSG00000120437,0.0030977109027197827,0.03876786283633536
ENSG00000120438,0.002394100678228477,0.020054288575239186
ENSG00000112110,0.26374247656442984,0.5181049946759211
ENSG00000146223,0.5415636221900252,0.9795122617260933
ENSG00000221821,0.3268238826778617,0.22612678625600877
ENSG00000124713,0.0004944514339746404,0.008202022904189947
ENSG00000124587,0.15983891007826628,0.08049436164065323
ENSG00000112640,0.34004021748849395,0.6065729122835639
ENSG00000124733,0.637056300408007,0.7244197137966242
ENSG00000124541,0.0826554033341725,0.2925778569587703
ENSG00000137171,0.03517008245455594,0.06946075437972464
ENSG00000112651,0.6516090525287015,0.984512411857993
ENSG00000112655,0.04091090837009259,0.1352785887872457
ENSG00000112658,0.23997397464150794,0.38377320241885526
ENSG00000112659,0.15923008006570966,0.0930703341983626
ENSG00000112667,0.31049469537215346,0.17728098030735068
ENSG00000256980,0.433164175173842,0.7621111950574254
ENSG00000080007,0.22367904309518424,0.28900192508950384
ENSG00000112599,0.8025683415327438,0.9027025202821546
ENSG00000048544,0.015938346866577222,0.14385573817107686
ENSG00000112297,0.06647996689000851,0.166887221833813
ENSG00000130347,0.2849593481404377,0.3172643693208916
ENSG00000130348,0.9481225892833313,0.935878569570102
ENSG00000123505,0.6935086442302962,0.83369036634471
ENSG00000155115,0.00048731162541477464,0.008176358373549752
ENSG00000197498,0.012542664602919917,0.09516917634155403
ENSG00000029639,0.1668212339439664,0.35701988497815207
ENSG00000213780,0.1629140320749059,0.19467693450903725
ENSG00000196260,0.35799444907475864,0.262462608699709
ENSG00000168631,0.07039661654230905,0.1383829109200563
ENSG00000204544,0.34911547400517895,0.19180260852746914
ENSG00000137411,0.4940458400853648,0.9276163303351931
ENSG00000198818,0.14952360063198603,0.1069290735443802
ENSG00000060762,0.03362052073238758,0.06963459500398927
ENSG00000124532,0.2724914363512686,0.264889116072897
ENSG00000178409,0.9628317787309504,0.9401994428033057
ENSG00000085377,0.38936452498644714,0.43691170132537704
ENSG00000213079,0.823951337603612,0.8885376497874712
ENSG00000112144,0.9978761239287278,0.9284318589246405
ENSG00000203760,0.0035386046169004494,0.027422194078822487
ENSG00000164484,0.7197980222418343,0.7249168463364101
ENSG00000135597,0.7618186221101216,0.8987029976291191
ENSG00000112584,0.6367005582297449,0.5810446682721258
ENSG00000096060,0.014497353075043016,0.09945659851753468
ENSG00000111863,0.5092886688221602,0.5224290193240179
ENSG00000214113,0.5769078823693143,0.22512260192639605
ENSG00000124785,0.07171132236315822,0.08772326203175737
ENSG00000124491,0.09914732978834738,0.15886634209881453
ENSG00000024862,0.0051318399014878766,0.06149717945553662
ENSG00000243955,0.0232876328232601,0.05849494827189458
ENSG00000112343,0.03725922301525188,0.06478047911375774
ENSG00000275714,0.014521720067410187,0.05702097524948637
ENSG00000278637,0.32577458437291484,0.6904148758881601
ENSG00000286522,0.6794283534922516,0.9513460549567149
ENSG00000278463,0.11903222426361261,0.15318376482653373
ENSG00000276410,0.07678051049564845,0.11363547964969584
ENSG00000287080,0.226066156649551,0.10601230789440157
ENSG00000187837,0.7867516920698148,0.44133030556054376
ENSG00000168298,0.8859738609553813,0.6279873495040827
ENSG00000274290,0.8735951896765144,0.7290365454627055
ENSG00000277157,0.23997754653358278,0.3378850719573328
ENSG00000204516,0.8870717029890614,0.6081866658774693
ENSG00000198563,0.5874135579900495,0.9275665367641671
ENSG00000227507,0.008990433291122863,0.07846957270805159
ENSG00000204482,0.08418665824827457,0.2737484026935346
ENSG00000204472,0.18875388413317068,0.28891083316208604
ENSG00000204439,0.22585796238679967,0.37170809960051965
ENSG00000204438,0.46690171301410077,0.8681375369613905
ENSG00000204427,0.21628247933955905,0.5539060287291184
ENSG00000204396,0.055586264743120964,0.14608387666457073
ENSG00000213722,0.6507810901892275,0.4199002212507923
ENSG00000024048,0.18138500538211516,0.2516159315865405
ENSG00000124659,0.1292613727281233,0.1251784511004779
ENSG00000112357,0.20782844657826938,0.21678912372830073
ENSG00000242574,0.582499672504007,0.5859809643419602
ENSG00000204257,0.23599288778528613,0.6758439693340843
ENSG00000180992,0.6963211514240191,0.6399376769569887
ENSG00000137216,0.27809093632484727,0.4219616065170103
ENSG00000171453,0.5945235862548461,0.3266176315347241
ENSG00000137207,0.8077967191151314,0.9302311969982758
ENSG00000124571,0.2797245248740427,0.6703220849633742
ENSG00000170734,0.5648279811527914,0.41189450998268706
ENSG00000172432,0.9970016106646395,0.9122262287791476
ENSG00000124688,0.9437710269431061,0.6133624987881698
ENSG00000172426,0.03002548755093337,0.03880515568826805
ENSG00000096088,0.004256651147747274,0.0865037055762689
ENSG00000137218,0.024222781243840117,0.07086726288670622
ENSG00000278224,0.2876655297793867,0.6120477931566579
ENSG00000156508,0.6739738290539632,0.6183656157481333
ENSG00000204394,0.07154141175012181,0.23316574033156048
ENSG00000204392,0.5946396591613902,0.9242826801968386
ENSG00000204389,0.26988958421570425,0.16172871448841258
ENSG00000204388,0.6724897898563469,0.7041342099368435
ENSG00000204435,0.5441994154228911,0.5098869615740684
ENSG00000197081,0.16691034136966867,0.1083472922972212
ENSG00000112561,0.006426763096510259,0.07250406345491757
ENSG00000135316,0.012657280729655922,0.09953495028880219
ENSG00000204592,0.6195451098797619,0.41393669044024783
ENSG00000204569,0.13029564853199713,0.16484174599989143
ENSG00000204568,0.6162802360422095,0.8825370198094413
ENSG00000137343,0.10796235098463074,0.055206792112691416
ENSG00000204564,0.9681085545311953,0.5627990587993125
ENSG00000204560,0.6117739527031927,0.5009413835621437
ENSG00000204574,0.9407199109268138,0.5639249165089977
ENSG00000082269,0.346676490790748,0.9855096612994152
ENSG00000183137,0.24656736772640583,0.37506262612374586
ENSG00000124786,0.15925228169600428,0.3943170123682267
ENSG00000047936,0.08644220191906633,0.1633843693737789
ENSG00000214736,0.6741481786121772,0.5381569422237197
ENSG00000152894,0.5986985424749345,0.5703355675228087
ENSG00000096006,0.0064974895707695735,0.005817189101956874
ENSG00000120254,0.001418159648906639,0.03266068667472708
ENSG00000096080,0.4376711206419004,0.6877580512768355
ENSG00000112146,0.020306703318055244,0.08107897057672082
ENSG00000137203,0.00047263240554984225,0.0009802087874588546
ENSG00000112782,0.030247656695675175,0.26496833575897033
ENSG00000137275,0.8997574444173604,0.4367356875440266
ENSG00000225921,0.667598789705022,0.902204602312422
ENSG00000010017,0.9902471255248874,0.48377874815124333
ENSG00000130340,0.012833106113677705,0.16369412442526754
ENSG00000078269,0.08704141247096404,0.306956363879001
ENSG00000156711,0.13733727561082498,0.02818676541809178
ENSG00000096070,0.8576283951202368,0.24502195779834715
ENSG00000010030,0.6764816508216369,0.9402624722468855
ENSG00000137200,0.6314247960542999,0.4131777752837015
ENSG00000198937,0.3322717165787808,0.5304790846094799
ENSG00000112139,0.21980231068091674,0.21228334007335828
ENSG00000124523,0.49008977179957913,0.6673437152955938
ENSG00000232629,0.21143570131912484,0.24451241717646977
ENSG00000241106,0.2699349347809862,0.7987098642703985
ENSG00000250264,0.8020886903642983,0.5738225467999681
ENSG00000240065,0.23910520777562405,0.33101660970756847
ENSG00000164430,0.11100058884274387,0.3196446376116229
ENSG00000010704,0.8375031452407923,0.6746490471371469
ENSG00000135541,0.23415208898142584,0.3389698899644911
ENSG00000135334,0.19487407550499522,0.4152911581197134
ENSG00000135336,0.25241373204672823,0.3851900963097983
ENSG00000137261,0.01639177680266119,0.019223566691456116
ENSG00000112308,0.34705878637209164,0.7476510525389077
ENSG00000112312,0.04026200875971569,0.2283133905551093
ENSG00000182952,0.7489137240346754,0.8180345526303308
ENSG00000275221,0.65862792901313,0.6518339014673804
ENSG00000276903,0.6694658755812356,0.7976562890722068
ENSG00000184357,0.36620276487499426,0.5327624424848829
ENSG00000275379,0.1220176128061157,0.15753993349485382
ENSG00000275126,0.037444556689670914,0.08471479247659036
ENSG00000197153,0.6225029356275635,0.7546044096035732
ENSG00000278677,0.6940802794535198,0.42003195982400787
ENSG00000274641,0.584263415405909,0.40770544070389814
ENSG00000066379,0.921953718701128,0.4071806593011812
ENSG00000204619,0.37072733001227043,0.7998633778282523
ENSG00000204385,0.04800571237474223,0.1657190957001673
ENSG00000213676,0.23553593095567057,0.36365232256435875
ENSG00000204315,0.6948535474178034,0.9923286694632043
ENSG00000221988,0.7891134905536586,0.7809293118345846
ENSG00000204310,0.3043923295661677,0.43461944302987865
ENSG00000204308,0.5752694768272503,0.4572294967285466
ENSG00000204304,0.7142215487451167,0.8719175091299829
ENSG00000213654,0.039534321359186206,0.08980827030629311
ENSG00000204287,0.02491279535356439,0.07778572016451284
ENSG00000146112,0.4057003963081427,0.7060965428626291
ENSG00000196230,0.043523029963507584,0.27998845054161825
ENSG00000137312,0.15585534611984164,0.10518033307503624
ENSG00000137331,0.9495780983306968,0.346730056251385
ENSG00000137285,0.7277134348134868,0.8702438475463117
ENSG00000180822,0.5468055136366867,0.7576988631137539
ENSG00000137266,0.015343990841539088,0.030521971007045477
ENSG00000137267,0.3821408369209207,0.6194928986078452
ENSG00000111799,0.011050665236416768,0.0666156735504367
ENSG00000112697,0.670589548192313,0.693785654620602
ENSG00000146197,0.5208880817689165,0.4847482947199805
ENSG00000065029,0.1792231085912594,0.1788663343699658
ENSG00000112033,0.05058407885952731,0.39273642526510266
ENSG00000198755,0.8886023019262971,0.5808730706096608
ENSG00000007866,0.22417931698501037,0.7000051025100135
ENSG00000130363,0.5653099077154958,0.7392589358878827
ENSG00000164691,0.02230039350457489,0.11972266559550361
ENSG00000146267,0.5493084002314745,0.5136164475069231
ENSG00000132423,0.061685132384545836,0.06449238679270138
ENSG00000132424,0.21509686863750943,0.42763329044378073
ENSG00000123552,0.6357649164873235,0.8662980636143709
ENSG00000279170,0.19026286575013934,0.13211014976808996
ENSG00000112237,0.9485142686965028,0.5150517340686263
ENSG00000153291,0.1526938261504596,0.574618894333197
ENSG00000180113,0.33379009821018174,0.6413930265067953
ENSG00000146070,0.7978460143164511,0.8555598053416416
ENSG00000069122,0.00197866511995209,0.02237977328645899
ENSG00000204356,0.20528066140843004,0.5576927693300674
ENSG00000204348,0.4134087421668211,0.15238483231620586
ENSG00000224389,0.539149761668084,0.9303239377618258
ENSG00000180573,0.7003249611721531,0.5410806006505344
ENSG00000282988,0.07417158311318149,0.11556431336127236
ENSG00000197409,0.8928438237814245,0.5372987538918256
ENSG00000196866,0.9389289923220835,0.9547188745778585
ENSG00000124575,0.7724018590443497,0.8813170058287267
ENSG00000274618,0.09377564760081379,0.15853548723880587
ENSG00000277775,0.08937041107555407,0.20382332181607016
ENSG00000278588,0.05671425168766426,0.1407850027245807
ENSG00000186470,0.9962895720933865,0.8135246991669456
ENSG00000124508,0.0009242071528779723,0.005477129073256704
ENSG00000026950,0.2963840549176679,0.4077191286458831
ENSG00000111801,0.3875753306696704,0.659520501213064
ENSG00000111875,0.9438557723132748,0.702940901107004
ENSG00000111877,0.7417897345903006,0.8964842185417292
ENSG00000135297,0.9437610819146031,0.5691470428276972
ENSG00000124588,0.7550049769758799,0.7547890695625372
ENSG00000151917,0.00848061926343526,0.21726764648004107
ENSG00000168116,0.6412323262168904,0.41424591443576264
ENSG00000197062,0.019108755253905565,0.03311470018661099
ENSG00000164674,0.014342896068506363,0.014174603270663728
ENSG00000186340,0.11035997983316401,0.472507502336626
ENSG00000204520,0.04190084178205562,0.07501158483421021
ENSG00000112739,0.3283244110486106,0.539222590680529
ENSG00000198721,0.9740443685718306,0.9175232437236295
ENSG00000249141,0.5509498147997438,0.39533450870535625
ENSG00000026297,0.19135367390223446,0.1424642305847066
ENSG00000181472,0.1321840935830849,0.2889670581125227
ENSG00000155906,0.08644705476322305,0.5222348762423941
ENSG00000146476,0.019440204549644832,0.03774376689035417
ENSG00000120262,0.02075200174674696,0.048190046233634126
ENSG00000197061,0.06593238214377053,0.09534134819792817
ENSG00000183807,0.043785639741941315,0.14575159778595392
ENSG00000118523,0.6497892500185166,0.4993154742308643
ENSG00000118518,0.11700414761403208,0.36122634382054797
ENSG00000198315,0.1768102227912234,0.1653413797903304
ENSG00000118432,0.23259702227366008,0.5904020443340934
ENSG00000204252,0.030618359608825935,0.12531523957040588
ENSG00000223865,0.011258774409398058,0.06928889874197873
ENSG00000204231,0.6390423402896859,0.7641909894929981
ENSG00000204228,0.14767695177488216,0.4244029993481969
ENSG00000204227,0.850587500662936,0.38195078865919074
ENSG00000223501,0.7672215693111915,0.8375977674818552
ENSG00000231500,0.8804384070630189,0.5892255629857279
ENSG00000227057,0.9762270633863839,0.993902536176194
ENSG00000204220,0.162243801011131,0.3108368803034698
ENSG00000237441,0.48633398620759505,0.3755895110909431
ENSG00000236104,0.8028737626152975,0.7017573978519315
ENSG00000197594,0.004191783562002841,0.04254143475032278
ENSG00000237649,0.001292737815245435,0.019625648178668367
ENSG00000112511,0.4855164467354729,0.7634695848225204
ENSG00000112514,0.09169752151731313,0.3828431612625979
ENSG00000197283,0.25587579964191337,0.5163916099678225
ENSG00000213588,0.6244895359807894,0.7218169101911366
ENSG00000120253,0.3339101967023684,0.3655155739788031
ENSG00000120256,0.016628601491260272,0.10829749124339397
ENSG00000203722,0.014907870016635736,0.11052595265999986
ENSG00000131015,0.21146203464433955,0.29490533252064255
ENSG00000135317,0.30845110326121616,0.07915778924900285
ENSG00000164418,0.0007963938137088441,0.005133009946493225
ENSG00000124788,0.48202557547345504,0.3136073501257679
ENSG00000096696,0.025690218574500642,0.22993788648384833
ENSG00000168566,0.6119822942940798,0.6863429193156297
ENSG00000112578,0.12576805452083129,0.477693000792934
ENSG00000112576,0.6738736488711954,0.5234390996105553
ENSG00000230062,0.01501886930975271,0.03938798514369975
ENSG00000001167,0.22255129556067374,0.5104454765548883
ENSG00000158406,0.2513648204673738,0.2588452148257206
ENSG00000204618,0.378449879787244,0.2830582052513069
ENSG00000146373,0.27852563242697176,0.23740723361412625
ENSG00000204580,0.8793996973878757,0.9023574623286877
ENSG00000235109,0.11168356594267022,0.1414411457602969
ENSG00000135525,0.47290637705845606,0.6290419582980148
ENSG00000016402,0.15749096018243844,0.23481969218706272
ENSG00000118515,0.755766894277362,0.5139011033013483
ENSG00000204590,0.5839562889431531,0.42401304284984853
ENSG00000172469,0.7177414122727065,0.6777856767953785
ENSG00000135318,0.0200833868896615,0.061179790420484416
ENSG00000137338,0.7403821846362475,0.7208079781271701
ENSG00000155085,0.08002817220347327,0.23675467534537947
ENSG00000274750,0.8065229718710534,0.6697477043070992
ENSG00000137434,0.8088171855441876,0.8196273407387752
ENSG00000112245,0.22769072463252124,0.2274481268164945
ENSG00000158691,0.09789494750896315,0.14689858870702324
ENSG00000146433,0.37489474504758036,0.42798194620596963
ENSG00000014123,0.9981378685733578,0.6669569253419874
ENSG00000112214,0.032185977480396005,0.13375381820926185
ENSG00000122335,0.9228063630757081,0.7596340039170307
ENSG00000272047,0.01715736385499888,0.03336875369114565
ENSG00000185760,0.38444657613192723,0.9297025383308853
ENSG00000241370,0.5382513632913304,0.25703830437393027
ENSG00000276368,0.22744943346589105,0.23608338014223304
ENSG00000273703,0.8494126088092944,0.9918519990748922
ENSG00000273542,0.6551096546176255,0.7197224037094172
ENSG00000112799,0.04454273659021141,0.1338488976846856
ENSG00000278828,0.14639085736987975,0.12896532662279836
ENSG00000204525,0.4689505013897195,0.2159005323791437
ENSG00000204632,0.7737885822978632,0.8998558321181815
ENSG00000146376,0.12520970019325295,0.14091630814801917
ENSG00000231389,0.04522015277105462,0.11403219170787274
ENSG00000198502,0.13731520640141698,0.26513639639936026
ENSG00000196735,0.10381363270552417,0.0701556679923876
ENSG00000179344,0.17336248370713675,0.16408749442186465
ENSG00000196569,0.06560235979545773,0.0755352744570018
ENSG00000196586,0.010540894972837429,0.007613356482746568
ENSG00000137337,0.9688935696809649,0.7362354268821458
ENSG00000112592,0.4577553189648419,0.848126636919714
ENSG00000204305,0.021405813831936134,0.11849740582393371
ENSG00000111961,0.261698283017133,0.22582557897874198
ENSG00000112242,0.5855764431252628,0.9564094898854673
ENSG00000030110,0.011071003334372938,0.014912427857763047
ENSG00000172348,0.01814767971949972,0.10435171865892823
ENSG00000124782,0.35739961722174196,0.7580448787916954
ENSG00000204531,0.6930119597611064,0.2663629087045736
ENSG00000112562,0.2698903933459816,0.3944002346962079
ENSG00000112394,0.4440214810498757,0.695367811881008
ENSG00000137161,0.44869263592456265,0.21930918440522787
ENSG00000124702,0.5386756879909125,0.6276505453415725
ENSG00000118513,0.7353696016213971,0.3391657656688507
ENSG00000092820,0.6413641924901092,0.7814006690780813
ENSG00000111846,0.9221319786270444,0.7703554950321121
ENSG00000091831,0.8129362527874655,0.8327437689392418
ENSG00000118495,0.5098134785771471,0.21042914602666685
ENSG00000124641,0.8496844056320865,0.7911267094516382
ENSG00000112530,0.14242550562185582,0.5667194266357289
ENSG00000135540,0.5401190955703897,0.8940573395501885
ENSG00000197261,0.4228995809422228,0.3963849386582414
ENSG00000112624,0.3750014392268324,0.3820476455354592
ENSG00000196747,0.23984903243994107,0.1886518808053472
ENSG00000273802,0.6103034816659008,0.6077567639565081
ENSG00000185130,0.8989526291881519,0.7710703175972657
ENSG00000233822,0.24432280334850254,0.3417827550229361
ENSG00000277224,0.3257272543547987,0.19132340898433073
ENSG00000275713,0.2096918545199312,0.2349957008291329
ENSG00000180596,0.05459446368790315,0.04371489433214678
ENSG00000278705,0.20831294849729104,0.32413810338655397
ENSG00000276966,0.48855672972840036,0.8386261151733383
ENSG00000158373,0.07819226158008435,0.05396522542864169
ENSG00000120279,0.6520173111096568,0.7855612277216488
ENSG00000164663,0.19139441783353164,0.25825803574519585
ENSG00000197279,0.3172991652269668,0.557963613760174
ENSG00000044090,0.8397598756569187,0.3735314075110554
ENSG00000153294,0.001286309190969775,0.08129273010174477
ENSG00000196812,0.04774523552534069,0.09732257411057205
ENSG00000137185,0.2508091252905026,0.2573916487779039
ENSG00000187626,0.016942198919923438,0.02821743374715479
ENSG00000124635,0.6210499293372822,0.6876572250957986
ENSG00000196787,0.42218267838549917,0.5431809199862228
ENSG00000276180,0.03710787063513913,0.012517165981953123
ENSG00000197903,0.021805341713357716,0.019738287671141344
ENSG00000274997,0.20061846920621695,0.26458472437092423
ENSG00000112812,0.9089802767712067,0.9793657613916013
ENSG00000124613,0.3211527398509048,0.49187562110313154
ENSG00000096654,0.11166900778882195,0.18692184805054418
ENSG00000137413,0.27585235819328885,0.30031890826278373
ENSG00000064995,0.4200325228103622,0.459500245388097
ENSG00000111850,0.5899826959727608,0.6370398569557173
ENSG00000272514,0.23953373448279092,0.6439848916619582
ENSG00000164414,0.16619111474065115,0.1497935498174338
ENSG00000146282,0.8618644234320859,0.6761572993298606
ENSG00000146414,0.29038975404352013,0.9096792397304038
ENSG00000164520,0.001506301605521841,0.10973999805434888
ENSG00000112186,0.02955363027399986,0.08397287357157147
ENSG00000137414,0.20186687520414726,0.1689731534933331
ENSG00000112137,0.0025276582797716615,0.02111434398587901
ENSG00000112559,0.0007923187296394648,0.015532362717894705
ENSG00000050393,0.8442120205350487,0.8762206348258215
ENSG00000112419,0.3154302886728371,0.6945284620799259
ENSG00000204536,0.672954512298916,0.6838232843349905
ENSG00000074706,0.2417583292485567,0.2992333391561188
ENSG00000204463,0.7637367900449716,0.9904509016134186
ENSG00000080546,0.06302395054763535,0.2583264481909223
ENSG00000112486,0.0002139096442482645,0.0024365056920292428
ENSG00000124762,0.06217841722988568,0.12782800724765842
ENSG00000137168,0.09613076092768931,0.4441446895222725
ENSG00000198663,0.8799177905487708,0.6040946167742163
ENSG00000137409,0.7462984446830877,0.8460379331521006
ENSG00000137193,0.25449198038678955,0.4336620143652197
ENSG00000172738,0.28035490577920846,0.4512063119040459
ENSG00000124496,0.08523435558826604,0.422680274219441
ENSG00000112299,0.016760130234520994,0.04923949876923786
ENSG00000112303,0.5963207365466243,0.6731309783310842
ENSG00000188112,0.26016812802930445,0.09477818111063854
ENSG00000213719,0.02621588886123065,0.18327297087848834
ENSG00000120278,0.21899227160994592,0.18269606246815967
ENSG00000234745,0.7547222379477969,0.7458192042230541
ENSG00000111897,0.8730295866800557,0.6096491075943251
ENSG00000135549,0.0031490901156878545,0.008335102307291214
ENSG00000196748,0.7841043545043355,0.7042948740457353
ENSG00000204140,0.2513298007528051,0.24039662068294462
ENSG00000197753,0.8033948770107693,0.7765080208579453
ENSG00000096063,0.016434188541604965,0.13067975434779336
ENSG00000189298,0.18800241886593758,0.35012057691587617
ENSG00000112679,0.38710570023708335,0.4609019347782535
ENSG00000137265,0.003952359275534942,0.04074892483531068
ENSG00000027697,0.9703347373106377,0.8989939075581397
ENSG00000001084,0.006209022136059624,0.0764927987177008
ENSG00000204264,0.1406373408412099,0.29691829151651433
ENSG00000111832,0.4712431105914301,0.34989056683004793
ENSG00000111834,0.0625067945836534,0.3153273355523145
ENSG00000153975,0.17741139022930347,0.3310742272026645
ENSG00000196911,0.2347406845967793,0.2529575291049551
ENSG00000204351,0.13483952221812692,0.059164750861100186
ENSG00000146285,0.001264564638646473,0.02391118601204155
ENSG00000025796,0.7518886756670401,0.8678038227545902
ENSG00000146263,0.0069408950161701,0.07790245750237473
ENSG00000204498,0.3523207182492034,0.18209205752161506
ENSG00000146192,0.0474003904668011,0.06391965664641067
ENSG00000118503,0.38984844667241747,0.47217800668658527
ENSG00000169976,0.6716550129208305,0.8239269409966199
ENSG00000135604,0.20228347381576745,0.3560026142393743
ENSG00000083097,0.013752469640240786,0.013578343738776418
ENSG00000013392,0.047016553297117535,0.03825556755666899
ENSG00000168394,0.05866298676182286,0.20024834257061935
ENSG00000135535,0.812433859210079,0.6692320614359842
ENSG00000185250,0.12405552299942596,0.28976285084574516
ENSG00000135587,0.7843717535596074,0.7644750537075946
ENSG00000135596,0.17306864677704503,0.23779918220753649
ENSG00000112365,0.6832801227509611,0.8484702949768029
ENSG00000013375,0.3712259779199568,0.9240796198221023
ENSG00000243649,0.8532284765635654,0.9181885081812993
ENSG00000112473,0.789490540171641,0.7301385680154349
ENSG00000112695,0.09848757276826543,0.18035684061056664
ENSG00000124562,0.07672415563951547,0.30369448948856714
ENSG00000065060,0.574758949528779,0.40214667895773115
ENSG00000064999,0.8005260981034644,0.43655219650002497
ENSG00000096092,0.09226514672859755,0.10413036574229384
ENSG00000244067,0.053742019188094556,0.11600374732927878
ENSG00000197442,0.9147038116578643,0.9991039704953798
ENSG00000023892,0.023559933500595702,0.06448802216754757
ENSG00000112039,0.2597382667115593,0.549108695308445
ENSG00000112335,0.29376079886272183,0.5298038721440947
ENSG00000081087,0.8174173486919858,0.6473017668812182
ENSG00000244731,0.018079710136305827,0.05463297126250549
ENSG00000231925,0.8557830104593249,0.6659932974072744
ENSG00000056972,0.3633972598371573,0.4702774153013617
ENSG00000135346,0.4092685844446251,0.5719696987281286
ENSG00000112118,0.08248379265422112,0.15510473793140625
ENSG00000135314,0.2864923075205124,0.1686789517253557
ENSG00000137221,0.8798081310139363,0.6140336014630194
ENSG00000196126,0.3021173995424552,0.23594934074335064
ENSG00000185127,0.6646001266776831,0.6816246523937441
ENSG00000204599,0.14485918251447216,0.0843283016544946
ENSG00000240053,0.3319702543089473,0.42188826554933834
ENSG00000204371,0.41259950521260524,0.20569718516897723
ENSG00000204052,0.2491729634578035,0.4069814432966
ENSG00000277075,0.5363801249840113,0.46660371989752536
ENSG00000188994,0.7483049635573167,0.5138411206997873
ENSG00000146243,0.04842300923173829,0.23756840677759755
ENSG00000130396,0.6870828021807949,0.5019392479470405
ENSG00000146247,0.34240954769422194,0.6518895763438857
ENSG00000083099,0.9458412152780559,0.8360417982894701
ENSG00000079691,0.8441248785754676,0.8359020173644893
ENSG00000112159,0.6824460138153043,0.6142563958217816
ENSG00000135341,0.10812012307974593,0.30308366491713684
ENSG00000124772,0.034984277113247544,0.10222549198514616
ENSG00000178199,7.931106380294612e-05,0.0013171918823217529
ENSG00000055208,0.3445607067264652,0.4130990990562442
ENSG00000093144,0.9863533544115329,0.495679651359195
ENSG00000224531,0.08722347075697674,0.23252004785575328
ENSG00000079689,0.39681496598122645,0.3265201088874803
ENSG00000112167,0.4000437933603458,0.5147061952655625
ENSG00000164626,0.020418454344686154,0.09441478546220852
ENSG00000161904,0.7270275138628293,0.7842333136141268
ENSG00000189367,0.026564131597302643,0.34004385517772023
ENSG00000186577,0.02834974554885581,0.029269134914624535
ENSG00000272325,0.3446962792852428,0.3947602252653525
ENSG00000137309,6.16767127355882e-05,0.010353621620955135
ENSG00000049618,0.7533521424950226,0.8133852243893833
ENSG00000010818,0.5481899896841296,0.9906553255253595
ENSG00000131018,0.007138753053921367,0.03658543785752734
ENSG00000270800,0.09211785245396607,0.2562243611503928
ENSG00000124614,0.9805816276587593,0.5105108887004093
ENSG00000124664,0.9946296807737681,0.951153065419162
ENSG00000196821,0.5690077410388176,0.534370837136372
ENSG00000137166,0.3450556322364503,0.28501136994268333
ENSG00000204267,0.15913666269672447,0.232053139370074
ENSG00000166278,0.10468424783313496,0.1554622823506247
ENSG00000213066,0.17724663612269065,0.2904685504655036
ENSG00000152818,0.4351987079671794,0.6039209849965713
ENSG00000204209,0.16709732538430422,0.17071855790589954
ENSG00000151914,0.24228109450592394,0.27641729605407234
ENSG00000112200,0.02940436410483785,0.03247500354350224
ENSG00000112062,0.9153395518874241,0.5083761424149311
ENSG00000079819,0.9595857458961863,0.9608131969609837
ENSG00000010810,0.21157062434502513,0.2353722609032692
ENSG00000204681,0.1907451390758767,0.38276572405087417
ENSG00000204469,0.42800663086309876,0.3569531957508397
ENSG00000118508,0.1994363015340336,0.11255867812829037
ENSG00000118418,0.018099047422629345,0.33699787987332874
ENSG00000164506,0.07410669698182931,0.12315901418809025
ENSG00000206503,0.25856901967751084,0.10267209165578474
ENSG00000204256,0.21235866931854544,0.5900116083876454
ENSG00000118507,0.17397169104543525,0.6804091034985911
ENSG00000137310,0.6548626302813014,0.6892821206485574
ENSG00000120265,0.14677251508607977,0.30818302189127394
ENSG00000168477,0.048961822344815,0.3018136249908598
ENSG00000112715,0.06090104892808647,0.3260805248301786
ENSG00000141934,0.4348910958725861,0.3544585642338465
ENSG00000099812,0.024349838684375315,0.129858893964374
ENSG00000064687,0.800003751286784,0.816351849396553
ENSG00000116017,0.08610358604187017,0.2140791801427337
ENSG00000064932,0.03915841502693863,0.14823383444681335
ENSG00000064666,0.9222395358238127,0.9613369143692879
ENSG00000104953,0.22633386138221287,0.11815513043825522
ENSG00000099864,0.804322586553949,0.7342669485013948
ENSG00000125910,0.015137190258289964,0.04337447819851588
ENSG00000125912,0.03269712154337223,0.11144051722027391
ENSG00000011132,0.46515668953437883,0.5753894875259773
ENSG00000105289,0.8164976424978048,0.9918210514141068
ENSG00000095932,0.7931737673070508,0.8030597609264496
ENSG00000167476,0.05417342600220966,0.06864994076027175
ENSG00000141905,0.586296941937644,0.6216229698238758
ENSG00000031823,0.7011626289817385,0.8061414536518537
ENSG00000176533,6.885339157789476e-06,0.000255270272897372
ENSG00000105248,0.7521012664375575,0.4744561407294329
ENSG00000060558,0.7908051165485306,0.6036494548556859
ENSG00000160633,0.11741688077664922,0.2426264683558569
ENSG00000105519,0.002052059647439036,0.01967377753237089
ENSG00000171105,0.6262570356319914,0.5590588219201258
ENSG00000127663,0.6918925427717376,0.9951226446948659
ENSG00000141968,0.5024562590399725,0.5897882447822391
ENSG00000105278,0.1520955358729949,0.13945015473352587
ENSG00000174837,0.42027187359235174,0.37692354802151684
ENSG00000175691,0.0017468236792780806,0.005820800715171173
ENSG00000088256,0.8141682674022769,0.6882813095561561
ENSG00000133243,0.16188696840991476,0.561356086451388
ENSG00000007264,0.40693214895237295,0.604144181171965
ENSG00000142347,0.06808749795032612,0.09783820354045114
ENSG00000182087,0.31195325363162524,0.5017022673012589
ENSG00000065717,0.03060333883841407,0.06515691699722323
ENSG00000183617,0.2699590725743611,0.763272321409406
ENSG00000129932,0.15440029392723792,0.19469130720197975
ENSG00000167785,0.9777453021015126,0.8228176121359796
ENSG00000142303,0.5650387613594363,0.7470090884978802
ENSG00000074842,0.1622647627861947,0.3420794267811556
ENSG00000181143,0.01295050758008137,0.09262154971379034
ENSG00000065989,0.8116906046121282,0.5365793010861822
ENSG00000105401,0.00030350453775771375,0.006007153778523737
ENSG00000197933,0.8739883479603694,0.7937311344121231
ENSG00000171295,0.033779674180897994,0.11060667487981832
ENSG00000197044,0.001863721349150363,0.029457590272947247
ENSG00000123136,0.012873032301660453,0.11020342843025534
ENSG00000123146,0.8922176466864649,0.9853469946192248
ENSG00000105137,0.016981234542528596,0.07345402652971597
ENSG00000127507,0.06737799056646052,0.2846339174439654
ENSG00000123159,0.3530026941641423,0.605961134968819
ENSG00000186204,0.6256235221014484,0.35791406325091557
ENSG00000160951,0.8891490847382288,0.48667598400405765
ENSG00000105135,0.42535359486026203,0.772468775165275
ENSG00000198551,0.29919481139016224,0.24600104419484334
ENSG00000160961,0.2065940177122614,0.6292991088045777
ENSG00000099330,0.9318326980677426,0.27282162953260347
ENSG00000127220,0.8048998490263468,0.8562233415097238
ENSG00000127527,0.8645163778039676,0.6597234249594601
ENSG00000130300,0.19862370936404494,0.26822875729027934
ENSG00000105141,0.011246210228308524,0.048029165918993026
ENSG00000160117,0.35550534723099947,0.25515187085114416
ENSG00000064490,0.6710389825589906,0.8327197834634963
ENSG00000130299,0.7707867366427121,0.9955635708006272
ENSG00000074855,0.16557051779371973,0.1739743971701925
ENSG00000258674,0.6837518503084339,0.9128630625761049
ENSG00000105058,0.49400238709630107,0.5821432524913028
ENSG00000105393,0.9108409430187989,0.7365532148423608
ENSG00000186010,0.8228821835719159,0.8618051747628234
ENSG00000105705,0.9725878444637492,0.643662562742767
ENSG00000105122,0.03443322380365746,0.13477189748006693
ENSG00000105750,0.4674613113097097,0.7689500435474943
ENSG00000160229,0.45913122151174535,0.23828096854509173
ENSG00000105072,0.1280321735082915,0.1694512524012698
ENSG00000130307,0.05814642419674336,0.07807683540064271
ENSG00000256229,0.13840628919130454,0.25541584933052175
ENSG00000197124,0.0009920483957186225,0.02749081056502405
ENSG00000085872,0.3823556080907322,0.7449586953060271
ENSG00000160352,0.2246312376211587,0.09058244652029324
ENSG00000160161,0.1006174402201212,0.26126475485578665
ENSG00000105662,0.3586765838947533,0.4066972463646281
ENSG00000167487,0.08708285244483181,0.09390480697332666
ENSG00000127526,0.6114683495927903,0.5103447923859049
ENSG00000064545,0.5309152682576412,0.7162298212912972
ENSG00000105676,0.5375252407532849,0.5220072274339078
ENSG00000213988,0.05436946650968388,0.16526272616557844
ENSG00000118620,0.7521485831248742,0.780183547910244
ENSG00000167232,0.07304818690928036,0.18568459459155873
ENSG00000186529,0.02392729998766711,0.07323294079783851
ENSG00000197372,0.06562012830263135,0.05628763773593847
ENSG00000130311,0.24264583958964164,0.3254518559949655
ENSG00000064607,0.35452946451534983,0.355269008245081
ENSG00000213999,0.15092236309904433,0.1967227253581586
ENSG00000196705,0.15974619392856232,0.10199083074285403
ENSG00000182141,0.0009583551000197599,0.011321516896308854
ENSG00000183850,0.3423439670110601,0.5269532113435451
ENSG00000283201,0.023321491876248164,0.0793747907898383
ENSG00000121297,0.6911597633397939,0.9310989552698764
ENSG00000130304,0.05650064408661203,0.18920614454149887
ENSG00000126249,0.026791499922409655,0.29613289145691374
ENSG00000161249,0.8580330665715588,0.46610370882107466
ENSG00000142279,0.3966494948056182,0.8347484342629552
ENSG00000196357,0.5484181582214832,0.6344597387985431
ENSG00000161558,0.03383427350567279,0.11220871026350422
ENSG00000237440,0.001604072485779833,0.04058068412661036
ENSG00000267041,0.7806263773775652,0.8692104386595636
ENSG00000204920,0.6926386912378446,0.648363867049636
ENSG00000167637,0.9021227557127206,0.9888614804928704
ENSG00000176222,0.31805697030577923,0.6062016661656832
ENSG00000105176,0.6799971473269453,0.95405026763641
ENSG00000159882,0.9583528153465735,0.8432634837504238
ENSG00000124459,0.2862266634945007,0.2708698700366518
ENSG00000131116,0.2727547429919915,0.22209112748397203
ENSG00000159885,0.26439967078488325,0.2198029096964423
ENSG00000131941,0.0009778282686673011,0.005880831684262183
ENSG00000269858,0.8273790659214902,0.6837877619393737
ENSG00000105767,0.7774807010643157,0.887266896359156
ENSG00000105738,0.5922793620247474,0.889155881454972
ENSG00000168813,0.2607009130331519,0.34160813753914404
ENSG00000011422,0.0023137940907108946,0.031731810571252496
ENSG00000178904,0.782884873431273,0.7686065370834081
ENSG00000105771,0.0024109331024980965,0.042039340451130655
ENSG00000255974,0.5870697792010781,0.9108797962998743
ENSG00000099326,0.451050847955096,0.19878290743850943
ENSG00000268533,0.3700075881478575,0.7243197183197594
ENSG00000189114,0.06019817245848141,0.16128056573971158
ENSG00000186230,0.8204155389281562,0.5663856945727559
ENSG00000161281,0.40180924045982536,0.4540758588390118
ENSG00000197408,0.7179982491040848,0.6549749480328255
ENSG00000134830,0.13319637062404105,0.2290088072284503
ENSG00000105220,0.0001459095077703638,0.008905322341340248
ENSG00000104879,0.7024836203970817,0.13793000743239361
ENSG00000126261,0.0016105118556333578,0.046292747837298
ENSG00000197050,0.8649590924727844,0.8886392471737964
ENSG00000196263,0.1126580639796266,0.12516646827859337
ENSG00000159871,0.013329764405286533,0.18852400130796484
ENSG00000196867,0.06949223846454,0.04389334290745855
ENSG00000188508,0.7101451397984457,0.8218024667372255
ENSG00000197016,0.05566953510633516,0.12201314288797098
ENSG00000083828,0.054323995796489166,0.23397059706009912
ENSG00000159917,0.2100203137957176,0.26074362596277256
ENSG00000204941,0.36853479982054227,0.6298837822999139
ENSG00000171606,0.275358203485041,0.2255457180852988
ENSG00000105173,0.004605522927877217,0.05230499023820822
ENSG00000243137,0.5796669664160732,0.6390955784643553
ENSG00000083844,0.7852337407077776,0.8659743417327276
ENSG00000161243,0.3126873886476698,0.9812260702455119
ENSG00000121289,0.6911035067599054,0.7996404594683997
ENSG00000204524,0.8826636823605851,0.8846858285033976
ENSG00000204936,0.5041797246117037,0.26274401833346633
ENSG00000167578,0.5741566271754032,0.707338116240072
ENSG00000105063,0.014034189382206845,0.12942612976987408
ENSG00000197714,0.4078895424283324,0.5176383738609318
ENSG00000133265,0.004805790380194294,0.017929269283189463
ENSG00000178229,0.4704348041634695,0.712264365547963
ENSG00000169021,0.10976162542805844,0.173349439186011
ENSG00000063127,0.623971720195547,0.5244788843496395
ENSG00000160469,0.703378609756661,0.7459290589185099
ENSG00000256060,0.11519516619936948,0.07256444776511287
ENSG00000258405,0.9700480821203133,0.8411478638133361
ENSG00000197405,0.5685263361405826,0.5628093740581123
ENSG00000125503,0.4347602345040067,0.6637373605296886
ENSG00000171777,0.10484260428458489,0.21907994287211738
ENSG00000104894,0.05204145079214811,0.14924967616546944
ENSG00000254901,0.03685033477525143,0.040990843728503104
ENSG00000188785,0.5238951917856929,0.8420568642668144
ENSG00000012124,0.0033872917835653282,0.03313050439136107
ENSG00000129991,0.06974838724874578,0.1110251719504501
ENSG00000104901,0.7219260978849962,0.621459742921861
ENSG00000129990,0.3016938438977324,0.6309300735484331
ENSG00000104866,0.09992557638634941,0.22664881394546937
ENSG00000080031,8.106774327542134e-05,0.0025618599350977116
ENSG00000105171,0.1902509629523756,0.4848950477325852
ENSG00000181035,0.00015771497943550429,0.000575354971025029
ENSG00000180089,0.020820886890381647,0.0253833869632533
ENSG00000188505,0.010260996141877157,0.08125185198361398
ENSG00000130755,0.022327251957646888,0.06981796203745254
ENSG00000006712,0.1944200334541718,0.18587362164199628
ENSG00000063322,0.9669216429529149,0.6185961827028723
ENSG00000128016,0.9264526119555735,0.4928344512825841
ENSG00000090924,0.06475528151760108,0.1386077987428054
ENSG00000105193,0.02149241947731441,0.15401609593676246
ENSG00000196235,0.34205712153079354,0.9631201857931136
ENSG00000105197,0.05103613149570313,0.2902661189935214
ENSG00000090932,0.6598165188109764,0.9219689085870462
ENSG00000176401,0.029767997819797717,0.11619610578897993
ENSG00000176396,0.7977222625669741,0.8571680802990569
ENSG00000182013,0.11889509563625122,0.10779452064937153
ENSG00000204851,0.5563295265302919,0.7111354397545157
ENSG00000160014,0.001291068599387948,0.007482037077462644
ENSG00000160013,0.5922780303606405,0.6798814785565908
ENSG00000197380,0.9933766973560728,0.7321013418447662
ENSG00000128011,0.12012684483761708,0.13800014103802452
ENSG00000130545,0.1572503339000159,0.34544242094183397
ENSG00000205744,0.02201709522277661,0.03917460738925373
ENSG00000104833,0.8347965312656735,0.600869693298838
ENSG00000125657,0.043248715990610836,0.0828125989873932
ENSG00000125726,0.07202096275993093,0.15256098406752816
ENSG00000125733,0.006367498435176322,0.03178753745712571
ENSG00000125731,0.02800288616254027,0.10883450198456834
ENSG00000125735,0.3200936103279164,0.12717387212386022
ENSG00000125755,0.020418673102168078,0.07305652877176204
ENSG00000170608,0.5669546667087857,0.5089132142170727
ENSG00000170604,0.1335192017573301,0.21936059017051227
ENSG00000176182,0.024192638699543065,0.07558758907019872
ENSG00000104983,0.6778902043094928,0.43246134550434356
ENSG00000185800,0.016387515718456497,0.12029795789431504
ENSG00000130818,0.22347846329125123,0.5709838239113627
ENSG00000171469,0.45287098145512616,0.7404188972153938
ENSG00000171466,0.9681494215802169,0.9445766789303551
ENSG00000127452,0.9532440150107789,0.9836598509361157
ENSG00000024422,0.12679886066938273,0.12963385474632186
ENSG00000105373,0.8441201586390787,0.7430585336945942
ENSG00000178935,0.007536080147244205,0.18642176167355504
ENSG00000268750,0.8636796100113633,0.7095895520727458
ENSG00000269343,0.8985839144245926,0.9595086982172705
ENSG00000198466,0.9312077686391871,0.8398568425421608
ENSG00000173480,0.6030874041645009,0.9186184648440137
ENSG00000152454,0.902901203514166,0.6610201954567483
ENSG00000177025,0.15954685131306104,0.4112194393716986
ENSG00000104951,0.7386924482804609,0.8225818606758157
ENSG00000105053,0.25107856606302453,0.4292564132492346
ENSG00000142528,0.9466794498941585,0.8675178204689478
ENSG00000131409,0.5227962386226509,0.6966573055760357
ENSG00000142065,0.46520750204924965,0.8857286265873128
ENSG00000181007,0.7071340251877367,0.674388622467859
ENSG00000254004,0.24903246936196416,0.49298010013503624
ENSG00000186020,0.8878415520727518,0.9115393662997782
ENSG00000130164,0.23168096777783784,0.33534907646496215
ENSG00000197019,0.19007985706703276,0.36742188263392017
ENSG00000167565,0.1130438812489791,0.2832108064139039
ENSG00000074219,0.7042187815540222,0.6295275814419183
ENSG00000167646,0.8415165002722421,0.7991605234836165
ENSG00000161677,0.1839052554769191,0.367885471129761
ENSG00000196081,0.715554704554034,0.669007218881793
ENSG00000012061,0.0015891697874628188,0.004639132297246885
ENSG00000123143,0.623004001529732,0.8692086103936737
ENSG00000198521,0.004126742288509906,0.02212772063789579
ENSG00000105085,0.13531253300948787,0.19034586332112205
ENSG00000127445,0.6260562210505275,0.6348052885456589
ENSG00000073050,0.18668105508672625,0.18747455192019274
ENSG00000127528,0.06017069423582401,0.2614761895971587
ENSG00000065268,0.0075068606071902275,0.08110084508737479
ENSG00000152433,0.5439923864452666,0.8938365104118591
ENSG00000184162,0.3589256938794544,0.3512635985939314
ENSG00000142453,0.02628194667232119,0.13413512457689677
ENSG00000105227,0.1244208228389674,0.20674618019218838
ENSG00000105552,0.05785323816101248,0.09901653355793885
ENSG00000087076,0.053340957689109965,0.11957965738842136
ENSG00000104808,0.0347429661263463,0.3766659823296622
ENSG00000087086,0.8125707312585011,0.7577791406968772
ENSG00000196967,0.32360207739631713,0.4528749752190505
ENSG00000245680,0.8216507590627726,0.9259359895140002
ENSG00000180884,0.26489573762377905,0.3784947626580605
ENSG00000285526,0.6799346177760313,0.9470353756050587
ENSG00000089327,0.03119828843394691,0.028155859360766772
ENSG00000179115,0.08592710157873673,0.20983250344699045
ENSG00000179262,0.0011855955456777161,0.010393525780926213
ENSG00000179271,0.12431923821121049,0.1889537639715288
ENSG00000180061,0.9370298787730409,0.820460726699932
ENSG00000133247,0.9750952005437111,0.963792181938897
ENSG00000160471,0.028965011414883633,0.031457101389277126
ENSG00000095752,0.005667231335783872,0.09070263343553263
ENSG00000160472,0.11836664923142994,0.1911229592423086
ENSG00000233493,0.8321681792658835,0.8559455839001372
ENSG00000108107,0.053623572709491196,0.09092882428471723
ENSG00000108106,9.11327148563183e-05,0.0020442541687315866
ENSG00000063241,0.1342813340615451,0.38783836558976004
ENSG00000197483,0.12931075313468998,0.22970276338822562
ENSG00000090971,0.8073600112115393,0.7319331294868449
ENSG00000179954,0.9385405505688147,0.7544496349673386
ENSG00000218891,0.07748722800624272,0.10877295774793648
ENSG00000179943,0.08530669695806889,0.11601294448325919
ENSG00000171443,0.1495270116331645,0.1682100795694904
ENSG00000179922,0.7547897381734451,0.22102946910440646
ENSG00000213015,0.9531168305442634,0.838892807302235
ENSG00000171425,0.029377410654965158,0.0908528542005398
ENSG00000173581,0.31918092585179525,0.5504764290674733
ENSG00000063245,6.919857819932696e-05,0.0008881080671286725
ENSG00000130005,0.9659540687332423,0.5096567498153373
ENSG00000071626,0.052459786922632055,0.20417679173481473
ENSG00000119559,0.5512715565378512,0.8147871740342141
ENSG00000071655,0.25780960917430656,0.3087563437509097
ENSG00000013275,0.0010029816758401898,0.018964206404041707
ENSG00000128000,0.06523691695488942,0.021290781674011904
ENSG00000196110,0.871190481798903,0.8632870934696758
ENSG00000198440,0.33621096207376583,0.5762526126189722
ENSG00000080573,0.0182340352525735,0.12097683573042248
ENSG00000130813,0.9463373706291889,0.8419386084674565
ENSG00000243207,0.2534683423914236,0.48680802798373657
ENSG00000130810,0.15294601925549006,0.21384857452032244
ENSG00000244165,0.48885181688475865,0.533502078286344
ENSG00000130811,0.17122401709199697,0.29995282026727527
ENSG00000267534,0.28496110052479096,0.5226826758443913
ENSG00000105364,0.25182347302219343,0.5818490897319364
ENSG00000090339,0.39121651043870376,0.32378256554508617
ENSG00000105371,0.051883053515231654,0.06028912161228318
ENSG00000198482,0.6285921391332201,0.740444475432061
ENSG00000213020,0.7801494762286082,0.8736544682667697
ENSG00000198538,0.8736006510825426,0.9838162872452897
ENSG00000152439,0.14258397799023723,0.33112252663970326
ENSG00000121406,0.10410555146473563,0.24034549688175236
ENSG00000083817,0.5658365821968012,0.7571026541193673
ENSG00000171649,0.9087340217439744,0.6528578890997889
ENSG00000213762,0.9112988429522926,0.7448495069487788
ENSG00000121417,0.03130712900570521,0.21095731247575664
ENSG00000189164,0.7299388297901048,0.9606642949401675
ENSG00000196437,0.841217826464698,0.9275407713386875
ENSG00000180479,0.6550849778184711,0.6738136952851486
ENSG00000198182,0.9013098023734174,0.8107456305008487
ENSG00000167600,0.4854395275269242,0.5576871249269295
ENSG00000167601,0.22103468642121063,0.4489991959716565
ENSG00000142039,0.130677793415216,0.47274105216731965
ENSG00000142046,0.8888364904349653,0.7645320478367232
ENSG00000123810,0.8279863412324011,0.7067462639986763
ENSG00000248098,0.5434478770387872,0.6218478515751534
ENSG00000105366,0.025285900554659367,0.13175933911788282
ENSG00000254521,0.9264755554113345,0.8362718150340783
ENSG00000105492,0.006333071320654923,0.025288595896695094
ENSG00000105497,0.18051337131796,0.272587379457417
ENSG00000171049,0.7783147358619097,0.59659803959737
ENSG00000187474,0.6946795906071357,0.7121890895679734
ENSG00000104967,0.6793713662078529,0.8749955840650698
ENSG00000096996,0.1297249426920717,0.2152769620635806
ENSG00000105647,0.9102182658033263,0.5968075183528476
ENSG00000216490,0.34709000877976814,0.48413259850420953
ENSG00000254858,0.9498443682528649,0.9483369312744718
ENSG00000105649,0.30714442992263286,0.6045711574662992
ENSG00000130522,0.6113837058280573,0.9766857640357048
ENSG00000130520,0.01486184152865721,0.050346657471789825
ENSG00000130517,0.000673389565887051,0.020378824941146942
ENSG00000175489,0.5225155557804868,0.569046627124071
ENSG00000130511,0.13134680699838477,0.16875679367873592
ENSG00000105655,0.9848217500030976,0.3447189470875225
ENSG00000010361,0.5199869276587662,0.8589243041325927
ENSG00000039650,0.06493997269186254,0.17316782814681422
ENSG00000104973,0.45792893544692104,0.576064632034474
ENSG00000178078,0.9098970708554587,0.9580525917065265
ENSG00000204673,2.1823162576472932e-05,0.000593844312384352
ENSG00000130733,0.42593172500821985,0.19066842861224848
ENSG00000105341,0.006364464527922123,0.1274279995283038
ENSG00000266964,0.014784213558511549,0.10680207109692381
ENSG00000198258,0.481524347129372,0.4821438972897035
ENSG00000072958,0.8893210830802512,0.6143907090696932
ENSG00000115268,0.06444086190843437,0.3192248435481024
ENSG00000007255,0.9084609804075251,0.9477605113722606
ENSG00000168661,0.5910590776944071,0.5649785556452859
ENSG00000166398,0.9826223912212712,0.47926702431260637
ENSG00000131845,0.36860171797310004,0.5403030433884252
ENSG00000213096,0.0021655389555084534,0.0027294466767302447
ENSG00000196724,0.9577546839690391,0.5517882904838477
ENSG00000197951,0.5108110931691092,0.36986989158053274
ENSG00000171827,0.41523601270285915,0.39456754687381346
ENSG00000126246,0.030740776962367745,0.029455230881570586
ENSG00000161265,0.022903483850102168,0.16746353428674643
ENSG00000205155,0.046082864911481745,0.1310988764330801
ENSG00000267796,0.22406908740853043,0.5657601149355056
ENSG00000004776,0.22836495498540008,0.5072270605840611
ENSG00000104903,0.05104708996897897,0.056825907756308115
ENSG00000090661,2.465212382989924e-05,0.0002480469691531728
ENSG00000167775,0.8693164091561255,0.7787210068681798
ENSG00000267855,0.3522713130334594,0.1133694158829807
ENSG00000233927,0.9971174492606069,0.6201506463953301
ENSG00000167772,6.663336784268598e-05,0.0015493201259236238
ENSG00000185236,0.2903666564829267,0.5339289455753935
ENSG00000099783,0.006293824730413881,0.028331173687376175
ENSG00000133246,0.049305821812783916,0.09532506169983511
ENSG00000133250,0.7759262456881032,0.7207424929509576
ENSG00000105467,0.03419513303693162,0.22588926675151394
ENSG00000105438,0.01424235325588634,0.10455677102745173
ENSG00000105447,0.010684714566288394,0.10040672561980178
ENSG00000088002,0.0028453455126785645,0.09641501383637278
ENSG00000177202,0.6675491172656172,0.33324137710775514
ENSG00000063177,0.12829118606953677,0.40451021772565576
ENSG00000063176,0.3765893634566515,0.27209628320760826
ENSG00000105516,0.006279255663967498,0.03614063717141739
ENSG00000063180,0.371000804061002,0.4260861170923378
ENSG00000176920,0.14425435453010135,0.06332187438028564
ENSG00000176909,0.5021642279989089,0.3763799435202574
ENSG00000105518,0.975650660947101,0.9259992260165192
ENSG00000183401,0.14648687865923196,0.4487933442755212
ENSG00000173928,0.5240277261454374,0.931033238574844
ENSG00000187266,0.34536718639510133,0.38534628177256036
ENSG00000205517,0.28493800792090596,0.29679796834706207
ENSG00000198003,0.14335766664274346,0.4835787137209153
ENSG00000161914,0.6380801560397713,0.418085356999661
ENSG00000130176,0.7929932274090078,0.9542001812131269
ENSG00000104872,0.0024270626223999708,0.011389038482550694
ENSG00000161618,0.06823523807806783,0.06265995802326788
ENSG00000090554,0.28090429680933526,0.5973667768982709
ENSG00000142534,0.18101344060698646,0.3146102743561227
ENSG00000104870,0.0005254693397507594,0.0027443529700706378
ENSG00000142552,0.5054523820097336,0.7665860622388492
ENSG00000142546,0.0373052421135035,0.13286831328581317
ENSG00000126460,0.31546479152710993,0.445158988671849
ENSG00000126458,0.00628664715359571,0.010517853553598622
ENSG00000126461,0.006172995673988098,0.05646411190420825
ENSG00000126456,0.07308344101204342,0.12672970668405767
ENSG00000169169,0.9097479518614957,0.9599198317477166
ENSG00000167625,0.029855170785865092,0.19997338954541957
ENSG00000105722,0.0035335402471762555,0.011225955012771533
ENSG00000167619,0.5812435991276526,0.5495531177444841
ENSG00000008382,0.2224525319732004,0.27744575142718136
ENSG00000141985,0.0007503051034612919,0.037798634266999025
ENSG00000167670,0.025318961386772757,0.12019456838789197
ENSG00000167671,0.9660544117592137,0.5212707759097537
ENSG00000167674,0.1740049731794733,0.2396017055585459
ENSG00000214456,0.00261772327636672,0.01364129739057556
ENSG00000171236,0.5584345535555058,0.916020574775897
ENSG00000185361,0.1775847468617232,0.4519422380355468
ENSG00000183207,0.0007824285062021907,0.010876628293668093
ENSG00000189052,0.6167117193068006,0.9599987069420775
ENSG00000104852,0.0005660312082037741,0.011177080509867404
ENSG00000104863,0.1673378196357907,0.3160804598620682
ENSG00000221916,0.9154352368183716,0.9606537137728332
ENSG00000213799,0.759212134470094,0.6256571246265343
ENSG00000203326,0.15074804579679685,0.08854637926578636
ENSG00000196417,0.9329441083348158,0.9461201290357396
ENSG00000198346,0.46141838570387606,0.6991902611156233
ENSG00000079313,0.6276566217529758,0.9716215085006756
ENSG00000129911,0.01578339172294517,0.06614661687181578
ENSG00000129968,0.2876488285513853,0.5500939758091059
ENSG00000213638,0.16809213099288764,0.2459742973702691
ENSG00000133275,0.837593926271936,0.7799038623283769
ENSG00000130332,0.584560274027943,0.7556398121213761
ENSG00000099800,0.04607487766794485,0.07080430599337263
ENSG00000176619,0.0011646364835881584,0.02435010332620655
ENSG00000099860,0.4323017838765123,0.37543620028502345
ENSG00000142409,0.04522652898221044,0.02393709301354624
ENSG00000167685,0.6676926419902267,0.4460095995777651
ENSG00000099797,0.6182353491227848,0.6179760504546701
ENSG00000099795,0.9446137884584754,0.6991421910412006
ENSG00000105429,0.016784680324716028,0.08414161478583657
ENSG00000105427,0.28320751687981743,0.22446718207577457
ENSG00000079435,0.774955984567225,0.7046398930547835
ENSG00000189377,3.685548791431195e-05,0.0002978857892356401
ENSG00000079385,0.6234191664289124,0.9069778468730503
ENSG00000132002,0.026750340606507123,0.02322575599009773
ENSG00000076826,0.03956766727825143,0.030115876884844205
ENSG00000076924,0.8370189817121353,0.8642030249881384
ENSG00000174788,0.0035431162789599283,0.01903331606360267
ENSG00000104918,0.14937153542591664,0.22369229354457631
ENSG00000269711,0.05674331459070046,0.11011887676724207
ENSG00000181029,0.37373136811885377,0.46279210145459637
ENSG00000104921,0.007791166516312972,0.051170473076455544
ENSG00000183248,0.15896339019517736,0.14210289511004207
ENSG00000171017,0.8137475941220514,0.8741658136595397
ENSG00000076984,0.5232337911935904,0.6458854301247876
ENSG00000178531,0.8218123808415367,0.9319857751730055
ENSG00000104980,0.09656660490304257,0.28927025619231334
ENSG00000005206,0.7828786353806861,0.7202633874187253
ENSG00000196268,0.0008750993797923335,0.00661520604947158
ENSG00000090659,0.6579400217320889,0.6144425689673487
ENSG00000104883,0.6302337412914162,0.6787914246675024
ENSG00000267952,0.7256914848262366,0.7445086025049097
ENSG00000198816,0.3875611615549871,0.4452717261703403
ENSG00000090674,0.7659929888755644,0.8495481800678865
ENSG00000032444,0.27299928522886663,0.3268204977391059
ENSG00000011304,0.0005484684536046183,0.011032048042991974
ENSG00000142541,0.3397925504851705,0.45228497757167374
ENSG00000249709,0.0035830134822732,0.054970571038554135
ENSG00000188033,0.03223796143877234,0.1586790529140825
ENSG00000173875,0.019295881976643794,0.13570057362752563
ENSG00000104774,0.30625371142680413,0.5972394108477452
ENSG00000123154,0.16013886548608441,0.14986198537519824
ENSG00000105583,0.904310873601361,0.726050637343931
ENSG00000132004,0.9594887167361213,0.9781841832211149
ENSG00000123144,0.2090123712569958,0.1973341108966266
ENSG00000198356,0.5192773816839328,0.8363893756343657
ENSG00000171223,0.1909070289357223,0.14430886647651772
ENSG00000167815,0.2940896379990776,0.1999062308267989
ENSG00000104889,0.009736244613061626,0.049057393599588064
ENSG00000095066,0.44756302477069976,0.47498739545315627
ENSG00000074181,0.0680605366395714,0.5540820190462588
ENSG00000105131,0.4310983780438531,0.06323712377465257
ENSG00000160410,0.013939235415591299,0.18171472073393818
ENSG00000090006,0.7241246371286348,0.7528372593237639
ENSG00000105245,0.008175846149139585,0.1925968623618466
ENSG00000123815,0.05381369125270219,0.11608104364015691
ENSG00000130313,0.12752689229847658,0.36650194236919154
ENSG00000142444,0.062484053445779134,0.3888748603555293
ENSG00000104964,0.7424656685745117,0.7941871671190193
ENSG00000105290,0.4437188911959752,0.762958379547565
ENSG00000126264,0.20202318785051485,0.3570578129653913
ENSG00000011600,0.35973061544239937,0.5253590269811592
ENSG00000132005,0.6916606888749552,0.9639281353753089
ENSG00000104998,0.2758014851067206,0.1406577423918867
ENSG00000187867,0.19399126182632717,0.43597481569163377
ENSG00000105011,0.0009024483344112038,0.01576058900610921
ENSG00000105669,0.5148814481009805,0.7435644406498085
ENSG00000105671,0.4263053802011503,0.8466643435316448
ENSG00000051128,0.3086028039843301,0.6471220988605366
ENSG00000105329,0.38867072932015756,0.9705329183857944
ENSG00000130175,0.07140469121311098,0.08371355606559172
ENSG00000141933,0.024247847263642902,0.056119912750574694
ENSG00000099804,0.1577912979878967,0.5183575448366354
ENSG00000197540,0.052403817313823556,0.1580082857523845
ENSG00000176490,0.22272118850610736,0.05535909917006738
ENSG00000267001,0.02109195654999515,0.32948152941933584
ENSG00000141873,0.34527332984787407,0.5832566347521271
ENSG00000104969,0.0368687368584025,0.14993124393292387
ENSG00000172009,0.015124810850562236,0.12079754165819573
ENSG00000172006,0.035842991065723126,0.1343878557962448
ENSG00000186300,0.035304956724070274,0.06131190904012208
ENSG00000079999,0.7149784981000935,0.712744122618322
ENSG00000130734,0.7246455993704417,0.4676302586829906
ENSG00000129347,0.6515019597583397,0.6154719046486489
ENSG00000129355,0.6041815031277413,0.5965860945831096
ENSG00000129354,0.579085496073515,0.5819432595850049
ENSG00000129353,0.8336535083779173,0.8967870840131227
ENSG00000213339,0.071523555542846,0.06956840445462661
ENSG00000099203,0.007695502918023672,0.019895407468665617
ENSG00000214212,0.33315931337494986,0.55499905775037
ENSG00000130844,0.8114189053385956,0.8844888709355853
ENSG00000105723,0.00022159500444787265,0.004168354376221183
ENSG00000105732,0.0014764386347659569,0.012137359094535402
ENSG00000160570,0.028520893950321653,0.0994344712292083
ENSG00000010310,0.20426963129971565,0.3711973495604013
ENSG00000011478,0.6910521232569055,0.5894886726842334
ENSG00000177051,0.17148045501380124,0.15127657933779848
ENSG00000167680,0.07898264940523098,0.24145847265584697
ENSG00000197961,0.7862285621911982,0.531524373049674
ENSG00000197256,0.772092404851721,0.8714421656599809
ENSG00000261221,0.023316012685430276,0.036265759743727526
ENSG00000186272,0.3232838833307019,0.6355078585484915
ENSG00000126262,0.5316159776145124,0.2276807453507918
ENSG00000196684,0.28758631801614154,0.30918312994044805
ENSG00000283632,0.9947543507171019,0.8830269701328415
ENSG00000126457,0.017044394313862992,0.23415065754056946
ENSG00000079462,0.007179569377312833,0.05221955004383213
ENSG00000167635,0.007607194158318926,0.06107875895212822
ENSG00000105287,0.29203462517891055,0.6920841111321534
ENSG00000130312,0.3929519400748209,0.5421659792903836
ENSG00000104814,0.013746724505835773,0.053280243657582625
ENSG00000178982,0.029798125154491276,0.16505827340751164
ENSG00000182472,0.0016119256394077238,0.0009520525498545521
ENSG00000178934,0.375458890640623,0.15393871257573818
ENSG00000171747,0.7718223096268473,0.28990238534937585
ENSG00000125746,0.017048616042020993,0.0602770619609852
ENSG00000011451,0.10582021383405227,0.26364601374400615
ENSG00000160953,0.6948200659269455,0.7787695555662605
ENSG00000115255,0.26719223506687256,0.5158195812511356
ENSG00000141867,0.14914190571611688,0.254942388299901
ENSG00000104915,0.5065961001362604,0.46812587570479103
ENSG00000160888,0.8446403435082805,0.3611751195530878
ENSG00000179218,0.6466061497803361,0.7766812683937101
ENSG00000130303,0.7635283056303914,0.49610399248131076
ENSG00000141971,0.9956050301962377,0.5864894152675681
ENSG00000105538,0.8703469614504233,0.6065699779625453
ENSG00000156413,0.5620980571273582,0.6680355410795049
ENSG00000172270,0.09191954960350368,0.23714009408823125
ENSG00000105464,0.13267164607297283,0.48413982058153104
ENSG00000105523,0.5409128271698671,0.8760639091463097
ENSG00000006638,0.2751578608790148,0.6526164876465025
ENSG00000105298,0.48075080620732324,0.7509615432217862
ENSG00000186111,0.30075698878475793,0.5476258510781957
ENSG00000105127,0.1269779440444479,0.45394628060284314
ENSG00000089351,0.15667597979809136,0.5510035293502018
ENSG00000087903,0.1361135468591071,0.2443171577296026
ENSG00000130382,0.672016089679328,0.7471095681550313
ENSG00000125656,0.09112919995877682,0.18859394672613847
ENSG00000125652,0.9793312470134934,0.897499102227642
ENSG00000125651,0.01931838886493598,0.04976193041863049
ENSG00000125648,0.2006173886911766,0.21513413418608238
ENSG00000142449,0.5733085046747162,0.5288440009578195
ENSG00000011243,0.1602586924785286,0.4122231409881728
ENSG00000104957,0.3253433493766205,0.5505705693948799
ENSG00000037757,0.06867719116504081,0.02799557843049394
ENSG00000104979,0.14477981773437337,0.3098201711345778
ENSG00000132024,0.5126734755113858,0.44788847205560844
ENSG00000167642,0.1936916734700477,0.43152598551883714
ENSG00000167641,0.4894676141973122,0.44742982870122394
ENSG00000267748,0.9282493974592961,0.8271681027300837
ENSG00000167645,0.5219594584929365,0.7662330665682461
ENSG00000167644,0.013321578585051756,0.0403820525237183
ENSG00000174951,0.0006353381468479403,0.000855777892771368
ENSG00000104907,0.3090431734460192,0.59042572772808
ENSG00000105270,0.41726492583759633,0.34109023928618903
ENSG00000161277,0.356220455038999,0.40816072098302025
ENSG00000105258,0.20642369688396062,0.39864463919085
ENSG00000105254,0.19266378646225513,0.4855975573685579
ENSG00000126247,0.0005789474607804834,0.014332167744697895
ENSG00000204604,0.9044128231909172,0.899113252392795
ENSG00000075702,0.0010030444430362531,0.021140530456360416
ENSG00000170906,0.2419514615486972,0.1500237237481251
ENSG00000105618,0.036330976492994625,0.08876197910395066
ENSG00000167608,0.42394525158267715,0.9668200270057006
ENSG00000125505,0.24045435902535778,0.46635792531827536
ENSG00000170892,0.505190461969347,0.58686857743622
ENSG00000170889,0.7081714054811243,0.8277123250075269
ENSG00000105609,0.34411143139635525,0.7066601435781261
ENSG00000104880,0.09828312080848021,0.14633479011610667
ENSG00000099785,0.3977806424245892,0.2645152459806141
ENSG00000257103,0.09208444764214893,0.15935097591245076
ENSG00000099875,0.8947960996952043,0.7732032376115667
ENSG00000132026,0.8745569879338828,0.8263977181338752
ENSG00000105707,0.42714454251936584,0.3113914395927659
ENSG00000188368,0.19522140920483358,0.29486747763512017
ENSG00000188321,0.5836504119209593,0.7349780233650856
ENSG00000125743,0.0019587711923094585,0.009840705976785576
ENSG00000180448,0.06324979639690138,0.06243550238629744
ENSG00000160113,0.21260009381125217,0.2630433671451035
ENSG00000105619,0.4889680657998148,0.572121954759149
ENSG00000130202,0.009532972419423585,0.06803684338623754
ENSG00000130204,0.00042983333438886785,0.039784114528650945
ENSG00000130203,0.8894274635404187,0.7881609014224404
ENSG00000130208,0.33745203047739725,0.4962272105768596
ENSG00000234906,0.1420972401424721,0.20210175719788204
ENSG00000104853,0.001334429421276676,0.023091483320323097
ENSG00000188868,0.014345075853883683,0.14362851863706574
ENSG00000196466,0.21416887893159386,0.5261612181268127
ENSG00000180855,0.17766426609696764,0.7291074984208001
ENSG00000242852,0.000937529770889254,0.04223100410529252
ENSG00000105607,0.022611130665478332,0.04922976886631917
ENSG00000161860,0.4843246481685187,0.6922028085869631
ENSG00000179820,0.10438710100721656,0.21630166068472664
ENSG00000130433,0.842362912585118,0.5808311668511921
ENSG00000105643,0.8626762635601961,0.9684504703483868
ENSG00000105325,0.3088940283054438,0.6988879653924995
ENSG00000161091,0.0007575231678949763,0.03382846627297432
ENSG00000064961,0.05574316169433912,0.1717975284885539
ENSG00000179855,0.005263478952834563,0.029693134610528256
ENSG00000007080,0.13868567075243454,0.28780453010820667
ENSG00000183397,0.7083584307232713,0.7465773353410305
ENSG00000105701,0.8744364085119353,0.9117753702665813
ENSG00000105700,0.25735248555109497,0.6675307247341284
ENSG00000221983,0.9664994251146626,0.8908172535293035
ENSG00000006016,0.07716832135759996,0.06027681814233867
ENSG00000006015,0.09559907852100506,0.11918707010382777
ENSG00000105696,0.1015891953096063,0.10066978551482318
ENSG00000198429,0.035703500094970565,0.11069746311203232
ENSG00000196757,0.21092983241560403,0.6242124379035907
ENSG00000197054,0.005414187973622498,0.13535025237411089
ENSG00000132010,0.22224747840638773,0.31608320230719356
ENSG00000257591,0.254050095632449,0.8880508223781304
ENSG00000104892,0.6375770898078867,0.4122883456693187
ENSG00000104881,0.0005744421368084734,0.00426480529707993
ENSG00000117877,0.0029203973944703565,0.029856862450335222
ENSG00000104884,0.09244616642517528,0.16619645531202967
ENSG00000198093,0.3542530810116993,0.9220536798741196
ENSG00000176024,0.9295432466465026,0.27073628001313066
ENSG00000256683,0.7204143844024107,0.4867576909692266
ENSG00000079805,0.9595262915527739,0.7398324207990611
ENSG00000130803,0.7700754975848794,0.7952774152650117
ENSG00000079432,0.0547348986242663,0.11488758100275473
ENSG00000166289,0.03736733936146206,0.04189046988443638
ENSG00000104936,0.851189755109207,0.4516827039518606
ENSG00000127511,0.6694268827852947,0.5410734561534138
ENSG00000127533,0.6846488145320277,0.8495133348179296
ENSG00000160111,0.008642231478830522,0.08776509889094591
ENSG00000131351,0.29750313101486847,0.52171141920454
ENSG00000099624,0.004390040942744365,0.02612189651463914
ENSG00000105711,0.9070997119368593,0.7659589168830498
ENSG00000089356,0.6131487860893396,0.2413501170830445
ENSG00000132000,0.7272344774313853,0.4165070572927766
ENSG00000129946,0.8448620009690047,0.37699299287135046
ENSG00000181588,0.2564837645821031,0.5960490414931299
ENSG00000205076,0.5947446815708984,0.4713526827974649
ENSG00000170954,0.842256313787102,0.9203613842542577
ENSG00000171903,0.2444822464358051,0.37234647213031624
ENSG00000142235,0.6094817810309816,0.5217801246248752
ENSG00000105556,0.3554092925329536,0.49991183581019705
ENSG00000174652,0.004629275341849986,0.06416637727061644
ENSG00000172687,0.09784618887870335,0.06389765154387335
ENSG00000099331,0.6356273121666578,0.9295352697398903
ENSG00000131848,0.5172100047032985,0.8085105336517726
ENSG00000153885,0.014287915749101661,0.06743722510843106
ENSG00000171291,0.025121493819195,0.3033636935600866
ENSG00000105576,0.7347248165533529,0.46855804868716977
ENSG00000167491,0.6344650937157867,0.9678123368431546
ENSG00000160336,0.7583293707787852,0.9213644715716698
ENSG00000188283,0.22222689770247356,0.35421671725218207
ENSG00000204519,0.8744524548417499,0.6680820735712458
ENSG00000179909,0.04240476140617271,0.07704439155221558
ENSG00000083814,0.0343242459093541,0.18861101220276397
ENSG00000152443,0.2717080437151704,0.7436660901954428
ENSG00000197782,0.4373785109682945,0.28322092995008447
ENSG00000180257,0.4031777584368321,0.6243505254385748
ENSG00000197937,0.13695467577994755,0.3277638257045376
ENSG00000197497,0.4195522376785086,0.4222387906802342
ENSG00000197928,0.1709544143678975,0.29070307413909363
ENSG00000170949,0.2772525845648921,0.5535849650483
ENSG00000178386,0.6327076520765063,0.8486543554438012
ENSG00000186026,0.8644308969551114,0.5297170884293685
ENSG00000267680,0.8321313732850322,0.9790262180562008
ENSG00000256294,0.7123272148414265,0.6960579161649413
ENSG00000263002,0.43854835404314474,0.5438338210567357
ENSG00000167380,0.21785130514294135,0.5924319981640862
ENSG00000131115,0.2485837752590201,0.5046484761360807
ENSG00000159915,0.7743660803910172,0.9253695927911572
ENSG00000129451,0.7207612572196642,0.5662537342930086
ENSG00000167757,0.0024198769566382075,0.009411179958045439
ENSG00000186474,0.09621659513629338,0.06254112460629745
ENSG00000167759,0.026568876288490036,0.03454975189095029
ENSG00000129437,0.6053958048506991,0.384928142506076
ENSG00000142544,0.04643257587719648,0.0812418967447285
ENSG00000129450,0.4167742169625702,0.5023119746602817
ENSG00000168995,0.4204078568644919,0.5639719870282324
ENSG00000105383,0.10858820052635457,0.1932517054785912
ENSG00000186806,0.09456338411540181,0.24252321710064575
ENSG00000105379,0.048250845167190304,0.08380248488138256
ENSG00000160318,0.455086904169126,0.7966912093948217
ENSG00000105374,0.9694866277488713,0.8166784340010751
ENSG00000142512,0.7556505009387611,0.7072056363562947
ENSG00000204577,0.5559010008202019,0.6910315533303742
ENSG00000187116,0.8834772550488876,0.8046182756190254
ENSG00000167613,0.3304599693542225,0.4955827734366536
ENSG00000167615,0.9842620210075161,0.5562952292644862
ENSG00000275183,0.4431887143123373,0.41207566185853006
ENSG00000167617,0.0536929497464389,0.1280651794179723
ENSG00000278129,0.69857617843444,0.5679245356259619
ENSG00000198131,0.06881108269023553,0.526762428585064
ENSG00000131398,0.21056697509090236,0.2579890682075576
ENSG00000131408,0.6162197170396297,0.995449324815173
ENSG00000269404,0.003542468820823074,0.06780907815885526
ENSG00000142530,0.15191118346864066,0.030879142680986033
ENSG00000161671,0.45074467648544136,0.639364150943905
ENSG00000176293,0.9692598371757043,0.7479722124825715
ENSG00000121413,0.1438903989518865,0.27551276334251135
ENSG00000181894,0.5057586309556594,0.7734668992472739
ENSG00000177191,0.0032200556547011196,0.019866970771723926
ENSG00000130255,0.5395018314069462,0.5825402881157999
ENSG00000174917,0.6357453584633407,0.7758174455726271
ENSG00000167733,0.007308040244300546,0.04043363215384637
ENSG00000196365,0.20362523438763838,0.44785240043846697
ENSG00000212123,0.38906304332470265,0.3588255628452439
ENSG00000141994,0.47878522505427445,0.9982806818352123
ENSG00000171119,0.5379721206431511,0.5998087462536644
ENSG00000267740,0.15263973469470196,0.4685082754045101
ENSG00000174886,0.8210254230428932,0.860274995074305
ENSG00000187650,0.03742763066322118,0.13089763133284005
ENSG00000167657,0.31834641699671234,0.5797105924534516
ENSG00000167658,0.7403777930906732,0.5527148002933677
ENSG00000105229,0.468676363840438,0.5417290660298579
ENSG00000178951,0.44516553253623803,0.5822182975129333
ENSG00000126934,0.13038780298929722,0.1651750809068256
ENSG00000077463,0.22373344568724446,0.3278493511951122
ENSG00000167470,0.07663461064284409,0.134618058324959
ENSG00000099622,0.008086312932817936,0.09702683101203641
ENSG00000228300,0.12287057584848789,0.38878910793847343
ENSG00000008441,0.03856731429739766,0.23242767203550163
ENSG00000196172,0.32895973870974377,0.1651006633350092
ENSG00000189042,0.26887005673065234,0.4684406395678842
ENSG00000272333,0.28667052173329377,0.5138284568673603
ENSG00000196646,0.00670224211210551,0.05910659866499544
ENSG00000004777,0.6866419641914729,0.5850594149189027
ENSG00000167378,0.7578943925751678,0.6330420860395864
ENSG00000124444,0.0026905975908974315,0.01111705399455695
ENSG00000062822,0.04565360558297563,0.21537481300008893
ENSG00000169136,0.3384114388064766,0.2036321230367439
ENSG00000095059,0.05224882534399198,0.03885677785839398
ENSG00000104885,0.20034889212798815,0.34271824365320636
ENSG00000104886,0.5480268030697398,0.7259543141607661
ENSG00000104897,0.06832590130617762,0.12500575953247217
ENSG00000105202,0.014133541016941134,0.16626569262283997
ENSG00000223547,0.024136702360951473,0.18493134530082786
ENSG00000129933,0.23954713934601987,0.2626418493139204
ENSG00000130544,0.013682272014778661,0.16177277683999522
ENSG00000167414,0.7471909268349834,0.7637731047574743
ENSG00000197013,0.014990736202593448,0.06621739238709032
ENSG00000160321,0.07917945250199991,0.14403768633628836
ENSG00000053501,0.19007827129217741,0.2826530638892399
ENSG00000118046,0.4707077708155285,0.6264934367331072
ENSG00000178980,0.01490245096957287,0.13668717919727877
ENSG00000188227,0.4452732688170594,0.6286767074605206
ENSG00000105323,0.07684233715509486,0.31871773669362174
ENSG00000167562,0.41690084592900756,0.7014347958018143
ENSG00000198046,0.24178353005812164,0.3761258649276773
ENSG00000105146,0.1423339229042406,0.11812908493401628
ENSG00000126464,0.05810740430642405,0.1652099943923397
ENSG00000197128,0.6679650521250436,0.9502822803092986
ENSG00000171970,0.04046145825406389,0.17148481034668042
ENSG00000177045,0.00433070166498553,0.008330398099849905
ENSG00000161298,0.25224604140180884,0.2608510104508642
ENSG00000197020,0.038452241088576006,0.09651362190956646
ENSG00000007047,0.05507393030893231,0.18268524287327703
ENSG00000105048,0.0011899539547646188,0.012699186780808414
ENSG00000186994,0.13361193163551258,0.18986135461096146
ENSG00000204514,0.8182135054483428,0.7649981660891825
ENSG00000105472,0.5422463571789765,0.625278099928182
ENSG00000105136,0.5983518337183725,0.9040259300153699
ENSG00000104783,0.03786444987179931,0.21762390943573476
ENSG00000213967,0.24678214885214758,0.26295097410768603
ENSG00000188171,0.23486635829587543,0.3771730244718804
ENSG00000130518,0.0727009924562598,0.35571582367926813
ENSG00000197808,0.4458166001123277,0.25729147377144607
ENSG00000115286,0.4989100735924983,0.8155532148851158
ENSG00000087088,0.7175912110844778,0.6618063256028406
ENSG00000188293,0.07907607123826974,0.2094500826635196
ENSG00000196218,0.9095523234825573,0.8414578279962645
ENSG00000224420,0.32427899328735915,0.17803618178251396
ENSG00000275395,0.023739302281529966,0.09568073521464429
ENSG00000204866,0.9051335611024626,0.9696438027922506
ENSG00000141854,0.050280027146089604,0.18385683733060107
ENSG00000105737,0.8932249980805237,0.6019145053243466
ENSG00000072071,0.18029431743441707,0.3002988272674418
ENSG00000132017,0.8057593385016775,0.801689110137562
ENSG00000099337,0.07893363675516399,0.1279058572668694
ENSG00000132016,0.2594807221919623,0.19080178726530078
ENSG00000130270,0.0016398715225324231,0.12747449082597548
ENSG00000131943,0.7334233381813877,0.5042494934592767
ENSG00000214046,0.5632915552177823,0.9212889441779575
ENSG00000072954,0.14202069973136044,0.11232751612822972
ENSG00000099821,0.19132811466777172,0.2971359649614509
ENSG00000070423,0.009259181733112526,0.07209568135581342
ENSG00000070404,0.0006055486139377422,0.0054421298891684615
ENSG00000105514,0.7641980340647407,0.8190101657721109
ENSG00000105246,0.5667885611216357,0.8987905764617852
ENSG00000132003,0.9815559113107091,0.7918888099096273
ENSG00000130309,0.022472257806225738,0.12733585195008595
ENSG00000125650,0.3182071289846537,0.201007591414976
ENSG00000088247,0.03622988776433684,0.2122349613682957
ENSG00000105520,0.3154966501425072,0.2774703355168652
ENSG00000130726,0.0002605322767236499,0.004595405302817501
ENSG00000130725,0.00020917166901011702,0.001113441946468325
ENSG00000130724,0.045117302626777205,0.04288264378188797
ENSG00000063169,0.36126016947351813,0.7429554708492698
ENSG00000126243,0.005645563183466396,0.08044718213146276
ENSG00000205138,0.7735158155098496,0.9069498201333535
ENSG00000181392,0.07650550925753365,0.03664618937304309
ENSG00000028277,0.26784894863783176,0.39768780776598456
ENSG00000239382,0.04338289802132563,0.0463626333495774
ENSG00000130159,0.5518218664891409,0.8344866153562686
ENSG00000077348,0.04219005492404532,0.2837304617918256
ENSG00000183019,0.06765388112631436,0.09817066423486821
ENSG00000142459,0.3785277182530954,0.4782735769460187
ENSG00000066044,0.07749737294873126,0.3195361965857437
ENSG00000130479,0.9264210546467206,0.9849485249488463
ENSG00000179913,0.006076441460100062,0.14060235305189475
ENSG00000130513,0.012169727766310022,0.027537293051558276
ENSG00000105656,0.6258617500822407,0.7146269474868261
ENSG00000181666,0.19495486261003342,0.28012886611716553
ENSG00000183647,0.03520301530968195,0.11780640775448936
ENSG00000166704,0.2855571181754749,0.5864690886602615
ENSG00000186017,0.39907884054980525,0.7232881951342098
ENSG00000197647,0.07358551632083941,0.2177277055544769
ENSG00000124466,2.274147726399677e-06,0.0008009015401002463
ENSG00000176531,0.10602373707558127,0.334304798998666
ENSG00000105755,0.0016622462471757617,0.019299593784513947
ENSG00000176472,0.5706305598436339,0.5227297769733035
ENSG00000134815,0.17273810434370682,0.4955495979073583
ENSG00000105419,0.00802395277080781,0.06998640145462001
ENSG00000118162,0.029454457633139326,0.052655291441315706
ENSG00000105402,0.9579855354620082,0.7091231772833627
ENSG00000188766,0.03198742074454763,0.361339680164144
ENSG00000189190,0.703064474683829,0.9466858085474361
ENSG00000182986,0.2217508630387713,0.3273444319319847
ENSG00000167754,0.054552641465862896,0.06939455895818188
ENSG00000167755,0.005409940850475576,0.07903744593176588
ENSG00000169035,0.7115778041716143,0.829654879361642
ENSG00000179134,0.036838427510342726,0.25502157590179614
ENSG00000125734,0.20221578744886898,0.1963298126283816
ENSG00000254415,0.7197354643767123,0.627091796981093
ENSG00000213793,0.30916106132839655,0.10743468485510835
ENSG00000170909,0.19047170979249867,0.19287142070495328
ENSG00000130244,0.3379725156567454,0.6845134007839495
ENSG00000161888,0.0056019710095537405,0.02742883281098108
ENSG00000167749,0.1890063944922869,0.7040184460307164
ENSG00000130669,0.005882000039514135,0.10666267508903662
ENSG00000167618,0.2469100660920389,0.4242706835520659
ENSG00000239998,0.25637967506785614,0.5508518860819376
ENSG00000186818,0.2773221507073151,0.45284078822630414
ENSG00000105185,0.0011822164641402538,0.0049084986958165605
ENSG00000105186,0.4614476037474702,0.778178478516603
ENSG00000213965,0.055036829886568224,0.2243620439968989
ENSG00000125730,0.9431485623706718,0.6345632193621752
ENSG00000249115,0.8081911421159218,0.36208306142931346
ENSG00000126254,0.004647020873253379,0.05016449490309864
ENSG00000105672,0.6058296401646481,0.5284174003906396
ENSG00000126267,0.01061143133352464,0.05339940547749337
ENSG00000102575,0.09878510896564043,0.1884227050858689
ENSG00000129455,0.0017807318490868113,0.024676626327073976
ENSG00000175221,0.2520316161759196,0.2893333739196315
ENSG00000167595,0.9302838703765255,0.5040845942302603
ENSG00000225950,0.21097955781174985,0.2076848302934512
ENSG00000129951,0.6787751014927358,0.7505044532372761
ENSG00000198858,0.026871525649601845,0.165432644426499
ENSG00000116014,0.49255859836934834,0.8975688986403867
ENSG00000089639,0.10343713857489134,0.20435736577794011
ENSG00000105726,0.9682496703257083,0.7351596628523731
ENSG00000181896,0.03361523060521458,0.10181970708555715
ENSG00000105708,0.0005324191805592022,0.015011081060976181
ENSG00000064547,0.24510306028234144,0.18132635320954657
ENSG00000125744,0.060307184841887705,0.061688158667064424
ENSG00000213889,0.2981636316744571,0.4807970408561226
ENSG00000125741,0.005020382232434463,0.007219275250569951
ENSG00000177464,0.05859368736519904,0.2658272894648799
ENSG00000018869,0.1478601802767031,0.36519706779933336
ENSG00000196605,0.4433391668172969,0.9258135242825952
ENSG00000197766,0.6897938378671824,0.6265700738150568
ENSG00000105639,0.553779910184703,0.35824918922756877
ENSG00000105640,0.5598019867494338,0.8480704161399444
ENSG00000105641,0.06048675510654393,0.06055664523245813
ENSG00000269825,0.8452982827332083,0.6033247434798497
ENSG00000197857,0.009306137956417949,0.18030487208028068
ENSG00000022556,0.12651500770857135,0.1104962254508932
ENSG00000160439,0.5880245080967184,0.5066946222301945
ENSG00000124440,0.61745249637619,0.7561385880872308
ENSG00000011485,0.04714230750056686,0.24966993059142825
ENSG00000169515,0.9389436210702046,0.7605209040429997
ENSG00000141965,0.5318497884236073,0.4983873608181294
ENSG00000127666,0.00019822371995366635,0.005269678919287288
ENSG00000105355,0.00010275072986909644,0.007267357040651084
ENSG00000276043,0.00033464610072249514,0.01482499187736551
ENSG00000127540,0.3845032839482365,0.6268773447415716
ENSG00000171124,0.8839168587243132,0.9679543822900106
ENSG00000130881,0.9162949863134662,0.9613117518876716
ENSG00000130876,0.09104119546358139,0.13241869268903733
ENSG00000153879,0.015496183746844389,0.07648593491610212
ENSG00000104904,0.8011849551458133,0.9455730500770426
ENSG00000229833,0.2847335914454935,0.6642126318805033
ENSG00000076944,0.3166236987425982,0.32434506809646957
ENSG00000124299,0.5010881540176724,0.8616718425009801
ENSG00000105698,0.35982597055521903,0.40231835166825836
ENSG00000105697,0.9114689610248131,0.6153323078754975
ENSG00000105699,0.12661977154690562,0.338089208116901
ENSG00000007129,0.024822769174259223,0.04455602444488818
ENSG00000105352,0.8704172013630747,0.5633353670474541
ENSG00000007306,0.5875971444086211,0.6948757651588617
ENSG00000105388,0.8023661986272034,0.8269938228922911
ENSG00000086548,0.45501982830446486,0.4997057634938452
ENSG00000105372,0.016724232887151733,0.07498473222401478
ENSG00000105404,0.278865507598634,0.46883687415591657
ENSG00000105409,0.21427797926609596,0.27725045532969955
ENSG00000105369,0.0010715578874880918,0.01478008233760172
ENSG00000126453,0.008594937326287626,0.13506266395879957
ENSG00000105612,0.33365142261824765,0.42671153807009776
ENSG00000130165,0.3697186872937567,0.28757758238331604
ENSG00000130475,0.8000099605764293,0.39817975598646715
ENSG00000072062,0.7036781594235633,0.7445388456916189
ENSG00000171051,0.8475527402422038,0.5872546290692211
ENSG00000105397,0.8739773343694919,0.7132920402088961
ENSG00000251369,0.7949116925896831,0.5841373569275663
ENSG00000188493,0.034294442154711495,0.07452006437273793
ENSG00000077312,0.001111468600312132,0.014013939416540732
ENSG00000261857,0.7696077992647267,0.8852379965436138
ENSG00000086544,0.007331946411870911,0.0650191223699423
ENSG00000105613,0.4595568287840647,0.7501536283014179
ENSG00000105499,0.819369151755329,0.5073218663009873
ENSG00000185453,0.08237101551763808,0.14675706571248212
ENSG00000105483,0.8013074932262135,0.9639050797416713
ENSG00000178150,0.12159162953788626,0.4248672720471163
ENSG00000105479,0.07160758766278694,0.29462543211838016
ENSG00000142227,0.12576525510777467,0.16480812803237233
ENSG00000105486,0.058640009127156806,0.399407184460968
ENSG00000172081,0.8257224484808356,0.9518275438736631
ENSG00000099840,0.018377724872454846,0.017881103909739245
ENSG00000131944,0.029655648707926127,0.20129729083383271
ENSG00000115257,0.6010756021193886,0.32548318560264267
ENSG00000142396,0.03586596577119339,0.19323308902602399
ENSG00000234465,0.01063443132350776,0.004023427078612476
ENSG00000160007,0.8789192174598796,0.9162766586656184
ENSG00000130751,0.0001411882371353396,0.0014022895460936346
ENSG00000130748,0.31616580953558665,0.35381602668554557
ENSG00000130749,0.21604145900002183,0.2894310785352536
ENSG00000142230,0.01010494630179368,0.05658138446184197
ENSG00000105327,0.2465156230319091,0.34360693254450037
ENSG00000105321,0.04155343221207904,0.19454242411982717
ENSG00000257704,0.20056536099137176,0.18877426375678846
ENSG00000160877,0.06844031480536655,0.33142673847088566
ENSG00000099341,0.01191215057430167,0.1701148885680247
ENSG00000065000,0.5613869667360027,0.8925924451168641
ENSG00000104856,0.008564260073248307,0.07900504988368105
ENSG00000104859,0.2059076472046287,0.3892333575738809
ENSG00000170684,0.2997223294096155,0.5108546134018201
ENSG00000142252,0.04104561597720944,0.21793665292717002
ENSG00000104946,0.9577426424952244,0.8357930071773718
ENSG00000213024,0.02456505056605059,0.18559316692778763
ENSG00000063244,0.0148477793118688,0.0354478481892638
ENSG00000130758,0.2879689810367778,0.8374388642162133
ENSG00000105219,0.927181661011532,0.14388167446899197
ENSG00000105221,0.10496662175212726,0.4783963644065381
ENSG00000160392,0.078304846292731,0.5522223838822315
ENSG00000090013,0.018373066346753262,0.020954308423881726
ENSG00000088038,0.13235541815997945,0.2818331060367391
ENSG00000130816,0.13290377050377114,0.35408017213630416
ENSG00000130158,0.7881631386582121,0.4605244528314977
ENSG00000099617,0.09675923374929189,0.07755505016811483
ENSG00000185761,0.01654272144204984,0.06166047080308085
ENSG00000142556,0.295029869696708,0.7799970264886207
ENSG00000256087,0.1772937571749775,0.9484175661360423
ENSG00000197608,0.44344978629477827,0.7721614978908854
ENSG00000204611,0.9289093347141596,0.6948082856210844
ENSG00000196267,0.00495460016991366,0.04430060478947077
ENSG00000196214,0.7700438773572376,0.6555859066179399
ENSG00000198464,0.21778213476437366,0.4070657963189698
ENSG00000167554,0.17487149680039157,0.2127265226928497
ENSG00000221923,0.8833208650768449,0.8076672460454742
ENSG00000167555,0.8513663356617489,0.5810254053544076
ENSG00000105568,0.0014807922204403208,0.005959662696304423
ENSG00000089335,0.8464185798579067,0.641746321087518
ENSG00000197841,0.3595432252777466,0.4831563558077926
ENSG00000153896,0.11710348099612161,0.14957919428384056
ENSG00000081665,0.0018555494646916586,0.009567566808111947
ENSG00000256771,0.0011384342992218496,0.008703914354278577
ENSG00000184635,0.15586052363719372,0.13748477173416
ENSG00000120784,0.15609887485417465,0.07597814157326803
ENSG00000161551,0.12049250361739566,0.6192031503046938
ENSG00000182318,0.9649237075658422,0.7875608478234231
ENSG00000174586,0.8736681108304972,0.9728491793772196
ENSG00000152475,0.4163902324173907,0.41527358856221763
ENSG00000083845,0.1832595728879616,0.4781359494490759
ENSG00000171574,0.8772440810765273,0.9133823370829863
ENSG00000131849,0.3164391818269617,0.37680360654120126
ENSG00000249471,0.5435373381051197,0.8933717698227098
ENSG00000083812,0.8029493292494485,0.8436925424004071
ENSG00000083838,0.9832982193024512,0.7317247144813686
ENSG00000083807,0.14163256717717446,0.09563844944037295
ENSG00000119574,0.04468165187271321,0.08640685739109306
ENSG00000142002,0.15982413540227586,0.4918285548011124
ENSG00000087074,0.49525557140892396,0.14667616202182082
ENSG00000104976,0.6138580905844628,0.8825459662864651
ENSG00000127616,0.9770359248346779,0.9147255716852989
ENSG00000099308,0.024593410807537627,0.10222025193616917
ENSG00000105357,0.43283257132032427,0.3572762444190757
ENSG00000105664,0.43095249794382295,0.5174515171870935
ENSG00000005007,0.6333952016629318,0.9924059608883529
ENSG00000105088,0.40233893130353504,0.425010605515578
ENSG00000221826,0.20919963433099065,0.44907485362893207
ENSG00000105443,0.3334930107528256,0.11515425429463362
ENSG00000071564,0.6335847886020343,0.8637076239106753
ENSG00000130402,0.032738297580280865,0.2873843482060327
ENSG00000196961,0.00166898209729351,0.08153418227709075
ENSG00000167460,0.020662218551815013,0.13567879067046698
ENSG00000167461,0.2760491560671393,0.4901633580514202
ENSG00000105205,0.10030952697040493,0.12608213023864137
ENSG00000125740,0.1938297918829048,0.750050410159664
ENSG00000125753,0.0051257166473656305,0.042193083460115306
ENSG00000227500,0.2666805786995091,0.34352208678047114
ENSG00000076650,0.26252136012635585,0.6120474981679234
ENSG00000245848,0.06625128832343576,0.1935629804046894
ENSG00000197619,0.2153104674727171,0.8630408596844406
ENSG00000197863,0.7387420159254902,0.762163832088394
ENSG00000185869,0.5531165611573808,0.42444024911199196
ENSG00000251247,0.17510619514083411,0.18716741802599088
ENSG00000198453,0.22747685853971725,0.2022006908198039
ENSG00000167766,0.15679941696227906,0.2467309642540348
ENSG00000104812,0.023693234869281158,0.055591759665652475
ENSG00000177380,0.8327409651304066,0.8968226466927224
ENSG00000130529,0.6536599255032882,0.6816226698165613
ENSG00000189001,0.6303576055884892,0.5424706606118773
ENSG00000105679,0.4118474134923751,0.4140513802810425
ENSG00000105677,0.03146395788389537,0.12022378508411483
ENSG00000188629,0.6379898567124918,0.6668953810315094
ENSG00000062370,0.716741243946638,0.6845558018270146
ENSG00000267508,0.2824795162119001,0.2128872464494448
ENSG00000167384,0.5761181611775863,0.8388738520672443
ENSG00000073008,0.0009017708177779237,0.03411991065427783
ENSG00000186567,0.014327851940336311,0.22009022565504544
ENSG00000069399,0.5730854310840856,0.8418991188097456
ENSG00000142273,0.027047381149815176,0.11729572137998925
ENSG00000187244,0.01838696020417975,0.02432352545862312
ENSG00000105223,0.13301196639788793,0.16831091468847204
ENSG00000267673,0.8470827081091414,0.6797282908203643
ENSG00000105376,0.014057450882373776,0.022401442220233696
ENSG00000161847,0.03276149988074314,0.24949039546273544
ENSG00000076662,0.007237346696423003,0.026796828984544267
ENSG00000099817,0.714923779289657,0.6724204113169339
ENSG00000167468,0.43096307303491876,0.5782647465585393
ENSG00000105559,0.9793897894121412,0.6569352700554005
ENSG00000105426,0.5900335110538425,0.617339588740927
ENSG00000104960,0.04294680247778926,0.06930369994568893
ENSG00000131400,0.0002190075094015216,0.0015323033899921194
ENSG00000131037,0.09577434091077208,0.20217284339239305
ENSG00000104823,0.05631368470882759,0.22419312974286845
ENSG00000268083,0.30179974305401325,0.09055970022889052
ENSG00000187994,0.3246500971480538,0.1347288896347397
ENSG00000068903,0.11623950698158614,0.18787139118781518
ENSG00000104825,0.03496848980330993,0.28807167833647396
ENSG00000104835,0.18780669356074617,0.6392023295137725
ENSG00000128626,0.0011190200156643215,0.07434815885716957
ENSG00000269190,0.02266031391413253,0.2513535132623526
ENSG00000104824,0.003357813055223608,0.05811828318689677
ENSG00000129351,0.13500252054459277,0.3711770475773478
ENSG00000141858,0.07113947879558426,0.18237492706365166
ENSG00000167604,0.1689079692868857,0.0801197079918755
ENSG00000076928,0.23890359251128118,0.2913783257077132
ENSG00000105204,0.8893668302792015,0.8082880788730121
ENSG00000220201,0.5770317711575668,0.6093224606775467
ENSG00000090372,0.012073429689708438,0.12081384975168359
ENSG00000181027,0.1873039496100023,0.5177789256769352
ENSG00000105281,0.09088110967875064,0.2579099648319481
ENSG00000042753,0.00021065445782716125,0.013399191320643171
ENSG00000104805,0.9829700748566115,0.9742795244752247
ENSG00000130254,0.6976630311030658,0.7068929341922534
ENSG00000223573,0.9943363127353826,0.8949066830752107
ENSG00000211825,0.0405269305144654,0.2530836489480553
ENSG00000139910,0.3609351947634235,0.0909730744462999
ENSG00000211829,0.10972391230848869,0.4477169069476834
ENSG00000151413,0.9788341711624478,0.973095848782503
ENSG00000129515,0.14962163163043862,0.47995901389063156
ENSG00000087301,0.4234734009853178,0.7893955228247512
ENSG00000073712,0.07549494304634227,0.15451928294026712
ENSG00000129480,0.4609516299424269,0.8221228998428837
ENSG00000100519,0.0007219325002243916,0.003993950015387036
ENSG00000126773,0.19933977701638583,0.27552065893119315
ENSG00000126778,0.05133698610081256,0.12157196765529295
ENSG00000154001,0.07054063944200363,0.16673252706676217
ENSG00000198252,0.009600887583230005,0.04247904417388158
ENSG00000126790,0.19355132175144163,0.3539968371871316
ENSG00000100625,0.7381825986385333,0.8674662032114897
ENSG00000100614,0.966796345972446,0.8549779799407684
ENSG00000100612,0.033798770487703966,0.029274171810196363
ENSG00000100731,0.8748892764643588,0.9199193506165205
ENSG00000020426,0.07001627991662887,0.02661652543320276
ENSG00000179476,0.35519060627641497,0.8769401616906842
ENSG00000119599,0.32961734519215313,0.3025301697349483
ENSG00000050130,0.1578668756235333,0.09454936152423508
ENSG00000126785,0.7385396588799975,0.7910130108231269
ENSG00000180008,0.25788957193788015,0.16589553713499697
ENSG00000100647,0.19514183694254383,0.2398160936450152
ENSG00000258989,0.9983484703457463,0.8776082528037666
ENSG00000129521,0.001613835342386952,0.017692919769325043
ENSG00000165389,0.3191419563191851,0.6292882107776984
ENSG00000170345,0.21117139222110912,0.806450887349167
ENSG00000119681,0.4395951494141165,0.5991538493226243
ENSG00000165898,0.3454268377123154,0.30218260943587594
ENSG00000140044,0.9303596285483581,0.8687631525688966
ENSG00000042317,0.1485518278129077,0.22784552381956807
ENSG00000198718,0.6141556447778894,0.7196809721331107
ENSG00000053770,0.31408310568951314,0.491801502351379
ENSG00000165548,0.024213729446781122,0.01324080034917131
ENSG00000125378,0.4706288653709322,0.3318554661330748
ENSG00000100650,0.9216608290817297,0.5756672281845401
ENSG00000033170,0.4290122706883265,0.46940146041994835
ENSG00000197930,3.756847600569933e-07,5.083347638997019e-05
ENSG00000139977,0.11093027978953408,0.14075587137870008
ENSG00000176435,0.14745119381071914,0.22858437675199697
ENSG00000070778,0.16158365913368772,0.1942624708109802
ENSG00000100523,0.4419379015873841,0.7449272035470003
ENSG00000139921,0.00266471248566696,0.004325508818353768
ENSG00000198894,0.4379337943392497,0.5141196725934614
ENSG00000087302,0.004252574364363541,0.007282478727122261
ENSG00000151320,0.4007255120117187,0.3709776176886368
ENSG00000139874,0.5157438231958862,0.8526559008137639
ENSG00000100629,0.2735017036606011,0.16701803959053052
ENSG00000070367,0.15131613891752496,0.29191563845141355
ENSG00000119720,0.9976446887370909,0.8494526926725776
ENSG00000205476,0.004657362655174259,0.02010424774810047
ENSG00000080823,0.5077935188016796,0.6899505026835964
ENSG00000196663,0.7719693539350978,0.5761592406426299
ENSG00000100764,0.002163621379239648,0.007988921036697115
ENSG00000125384,0.838643174564893,0.8388100705273593
ENSG00000066739,0.15196888864315364,0.3388951128685547
ENSG00000211949,0.0893059236688242,0.19399766743446878
ENSG00000100784,0.053673496593091154,0.2119633803614327
ENSG00000211956,0.17175814242692242,0.20667794397814981
ENSG00000182512,0.0172327032607063,0.035525745227287145
ENSG00000140057,0.22922163788334884,0.5042672331399272
ENSG00000088808,0.00022577188807247807,0.0008012141208152506
ENSG00000066455,0.4892791769996442,0.4429850125617284
ENSG00000070269,0.9712176529128,0.8878976315838154
ENSG00000054983,0.6334896752876984,0.2956973932407104
ENSG00000100739,0.14086854749510608,0.20180744412037072
ENSG00000211958,0.7695330126949077,0.47853238300880707
ENSG00000170779,0.00024000232197892799,0.0023239385170615487
ENSG00000211952,0.08672816506865405,0.33643629978285244
ENSG00000211947,0.028429396630399884,0.15004259554405305
ENSG00000282639,0.04119482663883851,0.10592628110864041
ENSG00000211957,0.12175006500263758,0.4337796208547081
ENSG00000211943,0.3196457841204426,0.46228397763589524
ENSG00000100600,0.49304873862875787,0.684956713505058
ENSG00000090061,0.037067783289662905,0.10833215933565973
ENSG00000140104,0.6813539684355158,0.8019783580957957
ENSG00000183576,0.6553858119276461,0.8361649652342058
ENSG00000211946,0.027907575973998996,0.1406196075444706
ENSG00000185567,7.736905696005661e-05,0.008413406718400528
ENSG00000100865,0.005726844613977034,0.018019138732400807
ENSG00000211950,0.2168408066061917,0.30270495174552375
ENSG00000211955,0.18710495830672283,0.23847482953959723
ENSG00000165914,0.8204506081469244,0.8467562219322347
ENSG00000270550,0.08592195491631231,0.11145526847844596
ENSG00000119714,0.8808443540837164,0.9817979985704919
ENSG00000211895,0.04399830748116952,0.20521715389034284
ENSG00000282651,0.5477263636500507,0.6025254370646773
ENSG00000152315,0.8185819913844479,0.5210639187557237
ENSG00000211951,0.3067879300674825,0.6298568863339213
ENSG00000042088,0.12639469985028404,0.4303444117907227
ENSG00000211945,0.0654745487833301,0.36586299916317866
ENSG00000231475,0.46502246615575393,0.9813791857316178
ENSG00000131966,0.3565616761811041,0.07878906258177462
ENSG00000100744,0.1578879731535782,0.3688524442873976
ENSG00000211942,0.06497614604688937,0.16188462808775697
ENSG00000126777,0.010531638481109233,0.0031534252362951645
ENSG00000140025,0.042805576054097,0.15721931805106407
ENSG00000100599,0.6578419960960766,0.9648735760792174
ENSG00000211941,0.06515044065159686,0.20576204497119235
ENSG00000100522,1.0313659119637886e-07,6.41861085514796e-05
ENSG00000277734,0.07065828229156497,0.22784243533894757
ENSG00000129562,0.01599216618317047,0.030987006268160547
ENSG00000155463,0.07016499026305402,0.26347829692873515
ENSG00000197324,0.09142137557814228,0.20209881541050137
ENSG00000100461,0.8314324862536564,0.9858980399981
ENSG00000100462,0.02763098031951333,0.05476540010388107
ENSG00000259132,0.5195511640961163,0.2349781444261886
ENSG00000129474,0.1431454601512363,0.10140941576789624
ENSG00000100802,0.4066772057773156,0.274194138495515
ENSG00000100804,0.0007464579879532216,0.005387766036382594
ENSG00000179933,0.427668136923399,0.4955583651097607
ENSG00000235194,0.1883441441204263,0.44732222520322507
ENSG00000100842,0.22331123893439678,0.21606575689579427
ENSG00000259431,0.5097884726011741,0.6563182033566158
ENSG00000213983,0.9004067900045606,0.6771363276233597
ENSG00000157326,0.655378112523118,0.6687915904074417
ENSG00000100721,0.010053874424614929,0.01656595383212709
ENSG00000100604,0.5972002040695327,0.5795244722332442
ENSG00000100605,0.1109945862837936,0.10552080593255997
ENSG00000165943,0.004781773622218605,0.0707835801896453
ENSG00000153485,0.1583300392631184,0.386364259731912
ENSG00000170270,0.6225036990518376,0.9821899130076014
ENSG00000012963,0.6811631972448816,0.6922723636613357
ENSG00000100601,0.20964576111475186,0.416713444460006
ENSG00000119705,0.0019089191072886973,0.0022027116966405426
ENSG00000063761,0.8618832919556145,0.918830381592624
ENSG00000151748,0.16972534113064755,0.2432201442188495
ENSG00000100504,0.0026523145666457813,0.030604639368602263
ENSG00000119689,0.06089226827016884,0.12685719769832332
ENSG00000198208,0.003875722822955716,0.053604351962277336
ENSG00000119630,0.6102535366739914,0.8866304752875016
ENSG00000119718,0.9948312799437973,0.9151038246181389
ENSG00000119684,0.29700629694022873,0.43909774141634883
ENSG00000119640,0.7284663647685259,0.47118379296962865
ENSG00000119703,0.08430218214017915,0.33969870543130115
ENSG00000170348,0.0756713289903385,0.058926109049713
ENSG00000100665,0.2537122261123673,0.42197818298539747
ENSG00000188488,0.0342034767540601,0.05162316898189144
ENSG00000196136,0.49148214907622556,0.48026810414992027
ENSG00000100528,3.8997479088770974e-05,0.0002408876976413512
ENSG00000197045,0.003605916633252467,0.003524122974579975
ENSG00000020577,0.24772309614160296,0.13586387308111736
ENSG00000198554,0.001731796742164658,0.006746073340401892
ENSG00000139926,0.0015236454829109923,0.004179818875042792
ENSG00000156411,0.013153772117499187,0.020089165977038203
ENSG00000100867,0.8870475925967954,0.5370589630096585
ENSG00000119655,0.001959036682024562,0.025752736735337806
ENSG00000100603,0.0020204896751128804,0.012298305449775398
ENSG00000179454,0.7078440048490013,0.7906490280299068
ENSG00000166428,0.006309859521063403,0.026485498495775917
ENSG00000136319,0.3829135878296728,0.5317091549149959
ENSG00000100814,0.6219096037572908,0.4729941670663387
ENSG00000129566,0.937793417794796,0.9327602038806544
ENSG00000092094,0.6233012716733134,0.45689476988442457
ENSG00000100823,0.2411579511127437,0.463810422904846
ENSG00000258818,0.28384514618431095,0.9843017241657904
ENSG00000259171,0.5933572317266793,0.7650568315646551
ENSG00000169413,0.269472446666455,0.46550855755439025
ENSG00000129538,0.003061702056278316,0.1205143926313293
ENSG00000169385,0.15555117385721304,0.2485366582586049
ENSG00000165801,0.5888594591821965,0.2956422767032913
ENSG00000165804,0.4633312760643441,0.8640057486462649
ENSG00000092201,0.24148111789845805,0.6017675931561044
ENSG00000214274,0.556928547475185,0.6234811506190547
ENSG00000166166,0.6749148616849374,0.9659501090668438
ENSG00000256500,0.43227030572857794,0.9403096248883666
ENSG00000126215,0.45391714438827546,0.6353280262067886
ENSG00000119699,0.4517935468412546,0.5746128005065043
ENSG00000185215,0.822755044193481,0.8478697051794305
ENSG00000165959,0.41681473535951474,0.28983979407367594
ENSG00000184990,0.15912476606920253,0.38111005258381025
ENSG00000179627,0.7942402719334374,0.9662435700824025
ENSG00000100722,0.07013267815664942,0.3692999047258697
ENSG00000165533,0.11673426224547921,0.3740492042362855
ENSG00000203485,0.09651403527879562,0.312871812150146
ENSG00000131979,0.5086300159426422,0.2140698737179806
ENSG00000185559,0.7933785382405472,0.29828819257663314
ENSG00000100889,0.3490802722699574,0.25466973341831484
ENSG00000100897,0.45090914996333986,0.7605334790328321
ENSG00000092010,0.29993947573507485,0.298956258632199
ENSG00000100908,0.014551761417787745,0.07410526088159192
ENSG00000100911,0.015320782888349229,0.0398830496017013
ENSG00000196497,0.06931734855075807,0.2742260082233371
ENSG00000100926,0.18169799751344126,0.2058952750489663
ENSG00000254505,0.44513973386072625,0.7587896681184071
ENSG00000213920,0.42555010719461206,0.9623996890678097
ENSG00000129559,0.0473597700927367,0.07859056982851899
ENSG00000092295,0.9191536382700171,0.5622110721138422
ENSG00000157379,0.29499068947275037,0.44659024798559754
ENSG00000196943,0.8847749850168982,0.9805785467407204
ENSG00000213903,0.22733773024595097,0.42102443742133644
ENSG00000129465,0.06101747512237044,0.27501545180221043
ENSG00000100968,0.3869949715487502,0.4753020885722823
ENSG00000100888,0.4087898894687466,0.4773758301724882
ENSG00000129472,0.655615492395447,0.9491503309181942
ENSG00000100567,0.0026248279907164287,0.0030859207814621396
ENSG00000032219,0.11666330167394924,0.3159267939606674
ENSG00000100575,0.0069244835784131485,0.01073231308756327
ENSG00000100578,0.02682744035325595,0.041781391380847265
ENSG00000100711,0.9312516024845904,0.8903332533768913
ENSG00000165782,0.23648198329526215,0.24139810911307708
ENSG00000140153,0.5418234265707065,0.43140934167856915
ENSG00000100592,0.974591147846297,0.6535948107755303
ENSG00000100557,0.37625526488379135,0.2275702145828571
ENSG00000171723,0.5807129472390562,0.28325652100667903
ENSG00000185100,0.08011905145008096,0.2900616232966291
ENSG00000165792,0.5891403381017991,0.974892237093369
ENSG00000256553,0.23003052650157432,0.2969186303466957
ENSG00000211776,0.23335103398824264,0.32214924032733916
ENSG00000211777,0.022281760892862556,0.2245919993023469
ENSG00000211778,0.11081754859322795,0.16087034183214302
ENSG00000211779,0.05084686322826868,0.23775561871658682
ENSG00000129473,0.6560005565245061,0.989646960282174
ENSG00000165417,0.1433639784806109,0.215849158649602
ENSG00000134001,0.0017497496009404121,0.011053830489685458
ENSG00000100558,3.2517224729823053e-06,8.133306216795273e-05
ENSG00000156127,0.6045196720792504,0.512154270037415
ENSG00000119686,0.4041188122521875,0.18212503379813377
ENSG00000119685,0.21528398352458658,0.33330324831839725
ENSG00000133935,0.022316398247041614,0.04503856007666036
ENSG00000089916,0.7471349331353954,0.9203133549607503
ENSG00000119650,0.5632187640333068,0.4939214993714468
ENSG00000100564,0.43101057923346375,0.5677862107257872
ENSG00000081181,0.13981872777403206,0.1285654720189019
ENSG00000100568,0.042459969787953064,0.014026029982165192
ENSG00000072042,0.07482802938740295,0.18902079960711457
ENSG00000136327,0.43511673050131805,0.08721338108241568
ENSG00000198807,0.5436733630826988,0.10481082010961203
ENSG00000072415,0.20866575550105138,0.20571504415102648
ENSG00000100554,0.04008628844376337,0.034970170348043915
ENSG00000100883,0.5848145173104955,0.8532671655098099
ENSG00000211959,0.4327446266033693,0.37215699640200584
ENSG00000232216,0.10248447013394975,0.266683143580294
ENSG00000211961,0.38647067118997724,0.8897132338618898
ENSG00000211962,0.7781891637880209,0.9040795811096012
ENSG00000211964,0.1954932082652515,0.3136949910333287
ENSG00000211965,0.21905651156684333,0.3791315941943578
ENSG00000211966,0.045303862860610326,0.03920306072502176
ENSG00000211967,0.3415369700313852,0.46041529564932293
ENSG00000211968,0.18026331539383086,0.2713405094571271
ENSG00000224373,0.08203731910225004,0.18026760746402926
ENSG00000119638,0.7152019081147747,0.9964217158324037
ENSG00000075413,0.19289142324157285,0.18218951258717983
ENSG00000205978,0.32826705763476705,0.19064870299828252
ENSG00000139899,0.49325331066274647,0.5759008648447677
ENSG00000100441,0.6852817638832345,0.8604809534569517
ENSG00000100450,0.3737894692031345,0.5342139351081399
ENSG00000100448,0.0056936420153531255,0.03064706158648908
ENSG00000021645,0.029984794566686387,0.07580579573591827
ENSG00000139990,0.7187638877033887,0.8972690340337208
ENSG00000092140,0.11036169314452757,0.24034901959903388
ENSG00000092108,0.14763375739045154,0.4669936323260029
ENSG00000197249,0.6440735586194422,0.3115492451324129
ENSG00000129484,0.2091951632792626,0.35303405198092874
ENSG00000133943,0.25571036107622286,0.39781020478760265
ENSG00000129467,0.6534272756851902,0.893062210154508
ENSG00000227051,0.058571857417808536,0.26003595873997626
ENSG00000168398,0.8896410165705795,0.9063516531838657
ENSG00000053254,0.1826234031763794,0.3672082364773245
ENSG00000157227,0.006710212721914265,0.07775720738164861
ENSG00000165929,0.3698590521116757,0.3867001155345684
ENSG00000100815,0.3504122997696809,0.41430792184396625
ENSG00000183648,0.26348588421682473,0.14397629341534368
ENSG00000165934,0.009496281008840078,0.03955861841580657
ENSG00000092203,0.9623844619024847,0.9628158621031273
ENSG00000165819,0.9626544908266383,0.6918249173989761
ENSG00000165821,0.0885202533979736,0.2898430046975003
ENSG00000100483,0.6478841685124525,0.4988737292266717
ENSG00000100485,0.5150064660740696,0.7491149136817583
ENSG00000087299,0.2616173937332591,0.36558950507042587
ENSG00000100490,0.3562263586507356,0.5654339498641078
ENSG00000133983,0.007678626010101575,0.0022252631529484468
ENSG00000258644,0.035086259379933614,0.03218859284101188
ENSG00000213463,0.7836099561190712,0.6024140971914218
ENSG00000133997,0.004165532656330816,0.003639785472252494
ENSG00000133985,0.04650847756018491,0.053708554763823524
ENSG00000006432,0.2859041008239746,0.3677907095957048
ENSG00000100934,0.03564775642174666,0.12377931996216983
ENSG00000182400,0.6454160378192654,0.425137785389227
ENSG00000100941,0.45562391499902133,0.5105060399749106
ENSG00000119682,0.7601326728761776,0.7932001144029
ENSG00000119616,0.09312556142259622,0.26103894134594585
ENSG00000119596,0.25932103045904786,0.37392557455056574
ENSG00000168175,0.0002448186369899181,0.0002194448689894291
ENSG00000131981,0.09722235620637314,0.07850212126682725
ENSG00000126787,3.171173238357413e-06,6.695455335409912e-05
ENSG00000178974,0.8717626648768237,0.8592992565928952
ENSG00000126775,0.6051699388783192,0.7280748809144947
ENSG00000072121,0.6476209681377589,0.6454561699849124
ENSG00000100916,0.6411052206021955,0.45250597329714026
ENSG00000022976,0.8271872012713458,0.6439817226562872
ENSG00000100949,0.6733393839664239,0.8802246368165004
ENSG00000100796,0.18028094739419806,0.13470776389841843
ENSG00000092036,0.9673588466289346,0.8622098787548805
ENSG00000174373,0.4046669026036511,0.5178028126243376
ENSG00000012983,0.4995099108410642,0.6639311631243527
ENSG00000197102,0.5165597110612759,0.6636434629819097
ENSG00000100813,0.473755526159615,0.5074364213797311
ENSG00000139998,0.16014239069954045,0.45494295422254727
ENSG00000257365,0.16237772496987904,0.3685413470211961
ENSG00000125952,0.2645757831311859,0.4004838319017404
ENSG00000172590,0.026413111943090976,0.10002963451692982
ENSG00000100577,0.0569044968437453,0.07323059195169603
ENSG00000100580,0.5418666852474561,0.4484857438286787
ENSG00000183828,0.19204085967296916,0.09100670634346662
ENSG00000165807,0.3468594343526735,0.6192683414923723
ENSG00000126822,0.0079469243542771,0.050230046288192
ENSG00000070182,0.837756074655055,0.3368971367653863
ENSG00000009830,0.17931408061391363,0.306973588550715
ENSG00000142208,0.8071791407356624,0.7708895527897417
ENSG00000184887,0.5891626693139158,0.8038867770116233
ENSG00000198513,0.5475559076852328,0.787704282413274
ENSG00000100473,0.06434548528081392,0.16412842609598466
ENSG00000196792,0.29050197647187137,0.5349208964746055
ENSG00000072110,0.002350198657972097,0.011564489081375287
ENSG00000100478,0.6367874117651411,0.8900484812420539
ENSG00000185070,0.1361669876243172,0.5295273510819681
ENSG00000090060,0.6365746160236472,0.5627669753819701
ENSG00000258289,0.053863184941180496,0.14418929118512192
ENSG00000092208,0.8346492686579251,0.8303248124384783
ENSG00000100836,0.0760107872369531,0.07403796419125472
ENSG00000100445,0.6967973369186247,0.4043612930862708
ENSG00000211785,0.014413639865426911,0.05963695306114406
ENSG00000211786,0.01584788875493613,0.03545479489646169
ENSG00000211787,0.03542062669164275,0.1568593319354078
ENSG00000211788,0.0469722164055622,0.13814505532485893
ENSG00000211789,0.0511870909135723,0.13920418064563744
ENSG00000211790,0.033529698142736285,0.13082951942666768
ENSG00000211791,0.398645856077411,0.7274126027554375
ENSG00000211792,0.0020302844892934576,0.02783722665008718
ENSG00000211793,0.006627201756503887,0.060005161482831755
ENSG00000211794,0.2837082410197208,0.403988298547321
ENSG00000211795,0.021356139821343472,0.07546534168568972
ENSG00000211796,0.2777585658363726,0.5126545906380919
ENSG00000211797,0.0745127201460218,0.15306369536552103
ENSG00000211799,0.16093474583560247,0.22803573233675842
ENSG00000211801,0.005378198695410709,0.01084705623481919
ENSG00000211803,0.011990137481815885,0.03955688320781259
ENSG00000211804,0.13929715922709807,0.4576700608843396
ENSG00000211810,0.5117835453502741,0.8891281236850894
ENSG00000211812,0.4125843522516409,0.7617257579155912
ENSG00000211815,0.12386406697801583,0.3783644147501546
ENSG00000211817,0.021711002009449226,0.13643036469841593
ENSG00000211818,0.8684708775627822,0.6499900460804434
ENSG00000211820,0.22838951409164732,0.40110631471427083
ENSG00000211896,0.07790992656991197,0.14967256804974552
ENSG00000211897,0.09150608922059761,0.1693854334919819
ENSG00000211898,0.042502402273943155,0.17904542591003192
ENSG00000211899,0.005715871068815028,0.04739277393819475
ENSG00000211900,0.25290934615524246,0.31869753106593574
ENSG00000242472,0.18287047692892489,0.23369185109064938
ENSG00000240041,0.3128345784765521,0.1593670042023892
ENSG00000242887,0.31706208847981243,0.29614090506754265
ENSG00000211904,0.6198238264421605,0.3504242240892613
ENSG00000211905,0.0153926644840797,0.15658194304837936
ENSG00000211933,0.6622105918422462,0.8029336693659223
ENSG00000211934,0.17850523202534055,0.45222305676068586
ENSG00000211935,0.5879297128342179,0.716891706967075
ENSG00000276775,0.3862638546103653,0.6045320293690217
ENSG00000282122,0.881238438432483,0.9014711546618274
ENSG00000211937,0.09342075371597504,0.18912859028905202
ENSG00000211938,0.6021564984398958,0.6812341446269112
ENSG00000211970,0.2502720365993525,0.26124479219426183
ENSG00000223648,0.1552314167844098,0.4806204405194424
ENSG00000211972,0.1237098085356191,0.011729491931506752
ENSG00000211973,0.8911962595657488,0.9453648021146184
ENSG00000211974,0.05479709804633206,0.06653975211338597
ENSG00000281990,0.35143009990396834,0.09804465743720818
ENSG00000280411,0.4985769312867254,0.9448636948156255
ENSG00000274576,0.14214887573566148,0.15663959985235867
ENSG00000225698,0.97593295892433,0.44911651234953365
ENSG00000211976,0.006072818104356664,0.015233745762212477
ENSG00000224650,0.3487710474973983,0.38657835197945134
ENSG00000211979,0.02715424820600416,0.18504446032157634
ENSG00000176438,0.0785921640165073,0.325631544001152
ENSG00000197555,0.4356609898773459,0.49289083068450923
ENSG00000126804,0.8744409027391442,0.8292599043904819
ENSG00000100505,0.19169175387826407,0.3388349154224758
ENSG00000100644,0.10759257420565906,0.5951334560032565
ENSG00000023608,0.07916596282401676,0.2804612658301061
ENSG00000100918,0.04082698802063097,0.07110616316472251
ENSG00000176473,0.9279212667050688,0.9743421589999761
ENSG00000100628,0.0023246577364090344,0.005776187691481867
ENSG00000089723,0.33973896776690204,0.4481362423329336
ENSG00000165948,0.7145149825716677,0.4819466349247855
ENSG00000119632,0.5675695725951453,0.9243636953791154
ENSG00000126803,0.0036967327597506408,0.030407115098927674
ENSG00000136352,0.00015477400604447332,0.000541374390073132
ENSG00000183484,0.31710781794013526,0.28214049772933153
ENSG00000184916,0.735322554707921,0.7369433758020665
ENSG00000179364,0.9336302375937423,0.672588804471363
ENSG00000182979,0.5707059236850986,0.6679713086148711
ENSG00000182809,0.4960025995716415,0.6252131962672405
ENSG00000213145,0.20189787400977058,0.1898392813977486
ENSG00000185347,0.003711544673304542,0.011837845674595475
ENSG00000184986,0.6058486715906222,0.9035871283677477
ENSG00000211890,0.0664209753259832,0.11354396382100723
ENSG00000211892,0.09701105201351254,0.18610831437226952
ENSG00000211893,0.1419844191833976,0.2224822101387478
ENSG00000071246,0.4595332801214834,0.8522486922012699
ENSG00000013523,0.08397287721529875,0.1033244516517246
ENSG00000119669,0.7386503852051973,0.8431287001029029
ENSG00000166165,0.7537511285786826,0.7790244150096142
ENSG00000256053,0.08101000419475837,0.1929928822058192
ENSG00000184304,0.9042154728607068,0.7353719679525169
ENSG00000125375,0.7719559469906448,0.9872973923109718
ENSG00000211448,0.18317646191239753,0.5583679726563049
ENSG00000139970,0.011795703106893221,0.03359224638217353
ENSG00000100526,2.25633284427156e-06,3.994398809386988e-05
ENSG00000100852,0.5693810068546058,0.7109462920574298
ENSG00000165795,0.010785387316650605,0.03758801634213214
ENSG00000100453,0.7994193349939596,0.7588618500435901
ENSG00000054654,0.8974507829067336,0.5640709845785875
ENSG00000156414,0.8670112602921862,0.9326318717466566
ENSG00000099814,0.3684932738810047,0.6468393029856478
ENSG00000187630,0.5911271039304731,0.5156704411400304
ENSG00000185024,0.6391579827049275,0.6971535872014335
ENSG00000087303,0.0005326736575477898,0.014885863210751712
ENSG00000015133,0.018782222819706335,0.028164041538716916
ENSG00000100938,0.5471485470742146,0.9494597680098481
ENSG00000139880,0.004885085820833968,0.03602363832742595
ENSG00000151332,0.002631543927760338,0.005457425468918522
ENSG00000066427,0.057606322907067575,0.12858664154077307
ENSG00000089737,0.9978543464011312,0.3498448876870972
ENSG00000027075,0.10506680430578041,0.10836414725669354
ENSG00000092068,0.02340802489066392,0.025877434670762145
ENSG00000176153,0.06668105861320801,0.08779806946867574
ENSG00000198668,0.4805593009118051,0.5731843136142503
ENSG00000129518,0.5653896638509888,0.7836955820640094
ENSG00000092199,0.00011738400665828975,0.0016451152522159716
ENSG00000150527,0.5587648248761414,0.2951007425072555
ENSG00000136305,0.02464314537967701,0.01909904386153088
ENSG00000100439,0.00868749992846803,0.018075109552239555
ENSG00000186469,0.25600823994963917,0.48584102636605997
ENSG00000156050,0.2164084534877998,0.9874130391280883
ENSG00000119723,0.23313113232104868,0.44394743945585013
ENSG00000187097,0.19202343260657956,0.1848336813603956
ENSG00000119636,0.7395788150098924,0.9630350194481084
ENSG00000119711,0.06549889236200401,0.1360323405500418
ENSG00000119688,0.7544445295312064,0.5983943528415296
ENSG00000205659,0.7706708133064218,0.7765773416419823
ENSG00000197776,0.08447763537926656,0.4401848759710745
ENSG00000165525,0.6213904941410033,0.8541633521861616
ENSG00000165527,0.016503378330463267,0.046474355637376494
ENSG00000165410,0.28133924610149624,0.48619637028730456
ENSG00000198604,0.6368434171483098,0.828113392478223
ENSG00000092020,0.6173256401269368,0.24084705703820422
ENSG00000100890,0.3963921870884628,0.9007982429427182
ENSG00000100902,0.16277454193383517,0.4277705870789813
ENSG00000151445,0.4868971041556036,0.5296504095312312
ENSG00000100591,1.846946613269647e-05,0.00021138349321826928
ENSG00000100596,0.45302388869277777,0.6969539538659243
ENSG00000100632,0.007529939957987898,0.009904195279249305
ENSG00000029364,0.034143054763016704,0.014404490513448569
ENSG00000081177,0.5690023889058902,0.656169898355424
ENSG00000140006,0.38401142010169587,0.1518355340896251
ENSG00000198133,0.6605675624092916,0.9087216890626928
ENSG00000071537,0.8762115336724299,0.8565167512977638
ENSG00000140022,0.3671944879964353,0.3685585283370647
ENSG00000165949,0.5278476311973896,0.5246684424320694
ENSG00000129493,0.636543120894947,0.7341862481510141
ENSG00000184227,0.5904500712004965,0.6874605833741634
ENSG00000119673,0.8735759806905976,0.6618955819801265
ENSG00000177465,0.5020005678891135,0.694935789580738
ENSG00000119661,0.8909881694646689,0.9616178120470946
ENSG00000176903,0.05476428458909731,0.08295943896550155
ENSG00000140043,0.038591430422394685,0.030561374727521125
ENSG00000119725,0.11230100271876689,0.20203872667184478
ENSG00000100583,0.9252272150956262,0.6387777071597825
ENSG00000168952,0.7185350641297858,0.9013119343239042
ENSG00000182185,0.587137940164798,0.9963126544929989
ENSG00000165355,0.1869843066116912,0.1603976684820698
ENSG00000092148,0.4829897805680481,0.33543516297797027
ENSG00000166170,0.13781487358741454,0.17946691105608373
ENSG00000126214,0.807288613001808,0.9799901981562128
ENSG00000080824,0.005836542305958344,0.010695516880357737
ENSG00000078304,0.9782703713487659,0.7610784887163821
ENSG00000129514,0.9606948254431219,0.8666098173394442
ENSG00000011114,0.7659370269211926,0.7560102459344811
ENSG00000182521,0.5408718061408324,0.16692815283234502
ENSG00000183032,0.2655528076605622,0.7166554393206304
ENSG00000156030,0.9746307107000858,0.7448652981720131
ENSG00000092096,0.10801875219537226,0.16818291794203208
ENSG00000139865,0.21223330356966733,0.2267887393433661
ENSG00000185246,0.9571021140224737,0.9997378181994853
ENSG00000100442,0.0018103026051615439,0.002815938464234383
ENSG00000129534,0.27984349077087395,0.2823330341719671
ENSG00000187790,0.21670267175422364,0.28942500288713474
ENSG00000182545,0.8987575107581477,0.707264655532148
ENSG00000100532,0.7584936907874688,0.5051295199113625
ENSG00000182218,0.04582323959235719,0.09893242352590406
ENSG00000066629,0.34412662691607165,0.14325215188115842
ENSG00000166183,0.23615017279480932,0.26529975231739705
ENSG00000066735,0.3128523204232575,0.36213714402684316
ENSG00000089775,0.41598233168150944,0.2948129032810044
ENSG00000179841,0.28310630079772336,0.11582387423373587
ENSG00000100714,0.0008274787851387166,0.010453769789466638
ENSG00000100697,0.9492838396912169,0.8777673762989309
ENSG00000198805,0.010693091297198603,0.03801941981621412
ENSG00000165861,0.39958691870306995,0.6354623638300151
ENSG00000119707,0.29401455422916895,0.8585823443513909
ENSG00000100767,0.01991005953747424,0.08281567889615153
ENSG00000133961,0.05933428548139316,0.09491626016528729
ENSG00000170468,0.26426526940374534,0.3084919174427976
ENSG00000100906,0.3979297991872742,0.3694831495498768
ENSG00000151338,0.16702671273384342,0.42575088453230814
ENSG00000155465,0.886182861523517,0.6734970727160086
ENSG00000213928,0.6216638089892439,0.7103402969297163
ENSG00000127152,0.07068914498107287,0.21149853808664484
ENSG00000092330,0.8727288322980105,0.9200293929197958
ENSG00000092098,0.9090034510238472,0.9001702066497002
ENSG00000156381,0.470169915147038,0.5104912374869465
ENSG00000089902,0.007757136035621054,0.005563038751296572
ENSG00000166126,0.2838876150596584,0.2673208777803594
ENSG00000131323,0.32276425140496695,0.2982820655977793
ENSG00000151322,0.828749410185804,0.6113175755444519
ENSG00000213741,0.30384533210162984,0.25937813141578747
ENSG00000165501,0.02976205323379582,0.05802357252972484
ENSG00000165502,0.06658902885078966,0.018879607489924042
ENSG00000168282,0.17014964110568295,0.16131098276831035
ENSG00000165506,0.8450681586068056,0.7681761464937887
ENSG00000100479,0.00751278599227206,0.05260530015560866
ENSG00000165516,0.3671501505050978,0.5796331990674193
ENSG00000080815,0.04432095962441474,0.0899331804829108
ENSG00000258643,0.24600439784400577,0.5594545990319733
ENSG00000198752,0.007743777507511824,0.04402496805619446
ENSG00000126814,0.21529077253975065,0.20684564323707885
ENSG00000139974,0.5739563111458527,0.8860536403244585
ENSG00000182107,0.8459083470391721,0.8309372663974446
ENSG00000151327,0.48998108088765857,0.6527987287811314
ENSG00000129460,0.5830119007565954,0.4414543955894583
ENSG00000140030,0.020733285092047356,0.09479743207371617
ENSG00000197119,0.05810130542521497,0.219983293997269
ENSG00000140105,0.08651019473234293,0.22285733269731278
ENSG00000100811,0.011530916951055134,0.024593755636666933
ENSG00000139946,0.21818727911032912,0.7203776660962757
ENSG00000198732,0.00832734544995815,0.027314074243550545
ENSG00000185650,0.6304310912122324,0.916036992701646
ENSG00000196405,0.29990582172188696,0.7779862185731846
ENSG00000126821,0.03768180811551109,0.020905323735614868
ENSG00000133962,0.2455455339710796,0.605763042616994
ENSG00000140092,0.08810603272178444,0.3770776698157956
ENSG00000100503,0.5999133272429309,0.9984460149989279
ENSG00000168350,0.04735835978989005,0.27136143358352705
ENSG00000100664,0.6261673199099189,0.4547480134483941
ENSG00000165617,0.19662354383737743,0.24339657367460704
ENSG00000100749,0.11827239230509702,0.1913165955735331
ENSG00000158270,0.31432571830107603,0.49286980960286264
ENSG00000141401,0.6454797329700173,0.9961225939741711
ENSG00000168461,0.4822631498050527,0.7068903915765823
ENSG00000176105,0.012400217224525393,0.031289461702539045
ENSG00000166974,0.9763226725026063,0.9672732251382861
ENSG00000178127,0.17204251544724403,0.12034549412245737
ENSG00000154889,0.5909283988835325,0.5877260589737396
ENSG00000101489,0.46781824188155163,0.4541752240326725
ENSG00000132874,0.04231961722318571,0.05609604674743709
ENSG00000017797,0.0902898151529734,0.18046677495154181
ENSG00000141380,0.6639267538730631,0.44361303602437274
ENSG00000101745,0.19331432150307631,0.48561687076146265
ENSG00000152242,0.9155976378855297,0.4256301403441778
ENSG00000154839,0.0004028153824176529,0.004689112684996234
ENSG00000141425,0.41174558922582327,0.2909430969045791
ENSG00000101773,0.595830263505865,0.4914931166986314
ENSG00000168234,0.15001316056914307,0.22933159111759907
ENSG00000141639,0.0032604245904846313,0.0037495596992168177
ENSG00000067900,0.9442726591219804,0.7469277322040428
ENSG00000176641,0.8634347822451653,0.8532827901466257
ENSG00000166510,0.1388896577708121,0.08071234228631417
ENSG00000175387,0.17696826126872126,0.33673392613640385
ENSG00000041353,0.005555504716330543,0.009795535359405543
ENSG00000091164,0.029821282123743402,0.024048845200815697
ENSG00000134030,0.5327498090620035,0.43826179049323244
ENSG00000082212,0.7279801596960059,0.6794469554430699
ENSG00000141441,0.9251168808257157,0.7994965241973804
ENSG00000184828,0.2031152027833184,0.5871534996459835
ENSG00000101782,0.7804658845470068,0.9397167317974234
ENSG00000141458,0.9860918051177049,0.8147370288329638
ENSG00000172466,0.17242497193347908,0.23760480450030175
ENSG00000166562,0.05581119908776469,0.13807861783404748
ENSG00000134779,0.6213126333542149,0.541037103491222
ENSG00000166479,0.10009693205912093,0.2799079987074979
ENSG00000141452,0.17210538363062425,0.2059211988710776
ENSG00000175354,0.6677394913029846,0.31081809494039125
ENSG00000186496,0.05842397398913405,0.16355243445003545
ENSG00000081913,0.30139271604955825,0.38195072030431354
ENSG00000141428,0.4313169495417779,0.39407061715587655
ENSG00000134504,0.06740632268969138,0.004863032975854274
ENSG00000141424,0.5704615690925727,0.779069337151715
ENSG00000198081,0.9023573982478744,0.7472517145564626
ENSG00000198795,0.9465933472320951,0.5952601662993026
ENSG00000154059,0.9733782203028201,0.7522971286765375
ENSG00000197971,0.39437357961346775,0.3255552313479967
ENSG00000101493,0.13661569215603686,0.2027363580431672
ENSG00000154080,0.08680638744228494,0.19525064037792325
ENSG00000186812,0.08023240760150673,0.17599551284432213
ENSG00000134490,0.5085958035175235,0.9318463260001698
ENSG00000134759,0.4326202233586278,0.2695066489477271
ENSG00000150637,0.015134333216198774,0.056303662076581905
ENSG00000101695,0.03538426987939008,0.06745140697881793
ENSG00000197563,0.5573407965707624,0.9000258316082048
ENSG00000075643,0.10131915128511568,0.5581858603994658
ENSG00000133313,0.3732739217357838,0.36746488732684957
ENSG00000267140,0.06579158078093765,0.11462341041716557
ENSG00000186814,0.07859661207034578,0.10502333111241202
ENSG00000128791,0.034453130836520185,0.05302660881984071
ENSG00000206052,0.1684080387955553,0.2771954423059328
ENSG00000150477,0.7884795541256415,0.4581833542666315
ENSG00000154065,0.0135345059827648,0.07562812098281083
ENSG00000078043,0.2075274592857517,0.34962717864802095
ENSG00000167220,0.9198201658682398,0.8508870551929804
ENSG00000134049,0.9149430281136066,0.8554494651228749
ENSG00000177426,6.626862828336726e-05,0.0007645128459509286
ENSG00000141682,0.01735113218625853,0.14302292769746697
ENSG00000134757,0.01710534624539193,0.08749049959360147
ENSG00000118271,0.6995538214302635,0.3049438312835088
ENSG00000170558,0.03536165025360036,0.07011262710071992
ENSG00000215472,0.5416088531833474,0.8837300771641114
ENSG00000101670,0.24337053184802826,0.489482737878135
ENSG00000141627,0.9899817064205918,0.7314058815177664
ENSG00000176624,0.5535821594782253,0.7723967917166005
ENSG00000196628,0.2553990491928394,0.24490759916603566
ENSG00000171885,0.006514599419791929,0.052373877312488396
ENSG00000134440,0.09161163592546008,0.19020604712342165
ENSG00000081923,0.5613461724445985,0.4221266533675727
ENSG00000153391,0.1845950805653676,0.06660627765480738
ENSG00000173482,0.43597111557099366,0.32811369636097126
ENSG00000154655,0.3140018665244546,0.5231377431038141
ENSG00000141448,0.8804868815188984,0.3730569452842277
ENSG00000088756,0.900949162987428,0.9335685938600928
ENSG00000134444,0.751641271654016,0.7170626321718019
ENSG00000074657,0.4638777211305368,0.9284131854125555
ENSG00000177576,0.5571408198993799,0.20890720033277055
ENSG00000154856,0.450723180113795,0.568455635944344
ENSG00000134265,0.8992197068409401,0.8686309897811035
ENSG00000170677,0.052659960418963404,0.10392256707361447
ENSG00000141446,0.685125343346653,0.9016797719469402
ENSG00000167088,0.004514278646605361,0.006521469726605869
ENSG00000158201,0.2074530817492634,0.13605231919163527
ENSG00000119537,0.2530797023746567,0.20227586965544117
ENSG00000119541,0.12392597803923205,0.25267451744382097
ENSG00000206075,0.0001406232079298943,0.0013783173945501603
ENSG00000171791,0.08030624147812315,0.3204772573922338
ENSG00000176014,0.004765234673066227,0.016223295593919156
ENSG00000177150,0.04937189604449531,0.07272711389151865
ENSG00000101654,0.872214032799188,0.7665067044681624
ENSG00000132205,0.5587802591222617,0.44174209890766114
ENSG00000101608,0.01510757141346184,0.02843408457114176
ENSG00000118680,0.1906620274318073,0.20204247413911866
ENSG00000134762,0.7477171724934628,0.8490687493030751
ENSG00000154845,0.547446309176218,0.6796406743562506
ENSG00000131196,0.09460788531459148,0.1509891725068433
ENSG00000153339,0.37752466231582016,0.4379394624504952
ENSG00000150636,0.5668218367216089,0.5915481544548813
ENSG00000154040,0.5363655942720458,0.6560383471746518
ENSG00000053747,0.0022751323883246663,0.0021392176552069288
ENSG00000141404,0.028644001025203064,0.030908982725782987
ENSG00000134758,0.516003448626305,0.5149116073353804
ENSG00000176225,0.23524797017219365,0.19517299966659438
ENSG00000206073,0.10393040355454092,0.09665527790852946
ENSG00000057149,0.09824882491357911,0.06708579302350462
ENSG00000082397,0.40845540919148504,0.3235608423145705
ENSG00000075336,0.09020656878410162,0.04382262420626891
ENSG00000166347,0.10819845424327397,0.4893124932324959
ENSG00000134769,0.23676709668143064,0.620624591541183
ENSG00000171451,0.08565651330073967,0.03820320298392411
ENSG00000141391,0.14825907551894627,0.21267821178487006
ENSG00000122490,0.31872947511526756,0.5543375035014066
ENSG00000134755,0.0027811650889445223,0.08675733852388036
ENSG00000206418,0.5253368429589425,0.20886662767276254
ENSG00000066926,0.14960533369735807,0.37717936558726695
ENSG00000046604,6.554978364304442e-05,0.009233532080621137
ENSG00000134508,0.06553940609759196,0.3147187215306225
ENSG00000118276,0.008854283884482192,0.012192804569698026
ENSG00000265681,0.7133160940283525,0.9333403539618229
ENSG00000101665,0.263214430537169,0.21983160417809858
ENSG00000141429,0.2039897198154596,0.3274883959881307
ENSG00000215421,0.9260800051931022,0.9406975257579051
ENSG00000226742,0.12450098426893048,0.2768200161430785
ENSG00000141759,0.2143743927581213,0.10739569660191815
ENSG00000101546,0.6711763065593044,0.7583587464660345
ENSG00000101544,0.1921738336158352,0.21593655056417624
ENSG00000178184,0.7484628999144202,0.8024213178064328
ENSG00000101557,0.003716175731342702,0.01887735677578362
ENSG00000141642,0.27047691683773173,0.43827612252286563
ENSG00000141646,0.5947589545082818,0.5570949690128917
ENSG00000101574,0.6992528221249804,0.38915142370683076
ENSG00000080986,0.00015891587525731384,0.001712225104165725
ENSG00000101596,0.38739313526407937,0.3573266796380472
ENSG00000166377,0.9431374406591634,0.5023672902770286
ENSG00000078142,0.9804175173165226,0.6538833855191452
ENSG00000079134,0.1048980194527474,0.3070862272889765
ENSG00000141447,0.5674899800121398,0.8902430922235248
ENSG00000091157,0.6064284615142074,0.9853056728762265
ENSG00000176890,2.053140633408512e-05,0.00048593370760086475
ENSG00000132199,0.5392599969592198,0.6315008782229414
ENSG00000134775,0.06333124259619584,0.41829222092100615
ENSG00000141385,0.470925892489543,0.4246867589767449
ENSG00000060069,0.4194538255824445,0.7290969017913917
ENSG00000152217,0.06733012957472338,0.1242369449570607
ENSG00000049759,0.03138453393926123,0.14967577093409593
ENSG00000101558,0.673367929840503,0.47723884860813715
ENSG00000154864,0.500987865431779,0.57876556586292
ENSG00000167216,0.10366345170993757,0.4435222428183311
ENSG00000134046,0.00961736152353288,0.013186397108327917
ENSG00000101751,0.7192989120618881,0.5264250951147744
ENSG00000166845,6.998022304986728e-05,0.0008904833959218491
ENSG00000134278,0.7060566597214031,0.3694404423453136
ENSG00000101752,0.2794355940167811,0.3235854643194219
ENSG00000168502,0.007025994628448943,0.022644971876375215
ENSG00000134443,0.6807781597592593,0.40229719619692395
ENSG00000074695,0.00901598818091957,0.020748391230463768
ENSG00000183287,0.28642894798660107,0.47931905502371064
ENSG00000152229,0.010387923390579801,0.05952876780343819
ENSG00000152234,0.9743803530201034,0.6563772054626394
ENSG00000152240,0.15720676318452378,0.37356817477401005
ENSG00000152223,0.06791876779782145,0.07562818316183229
ENSG00000141449,0.0012103736897203024,0.008373772709782703
ENSG00000101577,0.09773588552409304,0.29746777516997985
ENSG00000172175,0.23510829652766418,0.6118392522616536
ENSG00000166396,0.0024958462557846256,0.0063007203852764185
ENSG00000197632,0.4695403589741627,0.5773167725420475
ENSG00000166401,0.35469649073463894,0.49375235529225736
ENSG00000167315,0.37105143559700615,0.20123059836453552
ENSG00000172361,0.3326227030749964,0.6120166673358047
ENSG00000154832,0.9721919283993795,0.9279040815015391
ENSG00000167306,0.439663158539255,0.6651677531059026
ENSG00000101624,0.38301757821262283,0.5327675598482529
ENSG00000128789,0.5066007202701932,0.24216712318776995
ENSG00000085415,0.24409235404192736,0.3549875700229279
ENSG00000101639,0.48141521681418376,0.5038991126116847
ENSG00000168675,0.006962936680491234,0.10408679383481143
ENSG00000079101,0.21014378086116914,0.6968805554557702
ENSG00000141655,0.02080317447866995,0.013076538028061364
ENSG00000141664,0.4277430247285481,0.37309960990619806
ENSG00000255112,0.2180787080230848,0.16626081418985664
ENSG00000179981,0.4340088742900472,0.6289529329949937
ENSG00000141644,0.2830295931510729,0.5790432257031127
ENSG00000130856,0.6937111152427939,0.8991140333704175
ENSG00000132872,0.8304371858515414,0.6663515897796852
ENSG00000180011,0.726661884157649,0.9617759611903567
ENSG00000171853,0.881442935975808,0.6241788429526998
ENSG00000182551,0.27127295334985413,0.35020217667242315
ENSG00000171865,0.4748314370228617,0.7721267279957792
ENSG00000151353,0.3592055521385381,0.8241329612638069
ENSG00000171863,0.9647417520510291,0.40037750169193276
ENSG00000163029,0.1560176661198633,0.3290138877546348
ENSG00000162981,0.9628786623595772,0.5592424869370001
ENSG00000151693,0.018226374959264782,0.04002522431696053
ENSG00000084754,0.08730906179841752,0.3043966683224895
ENSG00000143867,0.6066103643360743,0.39425677042531015
ENSG00000183891,0.42439356464670863,0.6180790078940337
ENSG00000084710,0.6771201188254716,0.5550585971704715
ENSG00000196208,0.3051947378938314,0.28281790261931594
ENSG00000178295,0.1554902782762852,0.3823391377848562
ENSG00000163032,0.20473148288468584,0.22433841965761472
ENSG00000138061,0.5226208068153245,0.5369251213541114
ENSG00000118961,0.30664499858893524,0.9225972931449267
ENSG00000132031,0.7916400164098742,0.8395816510651051
ENSG00000118960,0.3424034459334531,0.2473657781060232
ENSG00000119778,0.6492211423078253,0.7212684477602773
ENSG00000068784,0.5869745713710685,0.8369468026854823
ENSG00000162949,0.014962280538754287,0.033721851437464284
ENSG00000049323,0.11755070367080472,0.0411779236199855
ENSG00000158125,0.575178603607847,0.627649433303062
ENSG00000171132,0.009442107892692023,0.004473465854357609
ENSG00000115808,0.5036952831338879,0.8418208719831615
ENSG00000115163,0.00016603091795129522,0.010855623181229774
ENSG00000115380,0.9247969546540794,0.819659273937704
ENSG00000013016,0.739786981518461,0.5773803937744239
ENSG00000115421,0.5987010239600864,0.8918908860895073
ENSG00000138029,0.6667639012684248,0.85307497041097
ENSG00000171055,0.012190086106009149,0.035150956928175874
ENSG00000138079,0.031728221806608975,0.03546929119251526
ENSG00000196975,0.2858922081220458,0.3271343910758353
ENSG00000143951,0.48346838378643264,0.7045007383584424
ENSG00000115944,0.48863266877319844,0.9195955581558888
ENSG00000144040,0.6203750082150937,0.6297709212481024
ENSG00000075292,0.8229409496592004,0.38607810476792626
ENSG00000119787,0.20117539442679275,0.07945130161639004
ENSG00000275052,0.1005420865050842,0.2546958693871085
ENSG00000115464,0.2949208128031189,0.2487695595398394
ENSG00000143971,0.764657247082439,0.7103941862559713
ENSG00000213626,0.12313702333949285,0.09752052371152299
ENSG00000243667,0.5176214261549119,0.7503628743399869
ENSG00000186854,0.490788962434501,0.9392411991098354
ENSG00000115363,0.12149495708400339,0.11852522214589309
ENSG00000143889,0.9205353316346848,0.4349596736656286
ENSG00000115946,0.030079632656615136,0.35957629244514844
ENSG00000138035,0.7795708796851767,0.6720068530353696
ENSG00000170577,0.6712264887318231,0.7959243196969128
ENSG00000213699,0.0587350095671704,0.29400596759162995
ENSG00000115350,0.0029820215827293,0.11878270846533553
ENSG00000115386,0.47494772280387676,0.5789330864629604
ENSG00000152147,0.11587322092241142,0.3304083570733326
ENSG00000115239,0.1565082874159778,0.3220261102631167
ENSG00000116016,0.2719829877793401,0.11026308833677431
ENSG00000143919,0.2626427238607974,0.4647955262293908
ENSG00000135631,0.25252938517932494,0.9504842389024861
ENSG00000075340,0.8316954930606363,0.8540109277215371
ENSG00000176407,0.010472324835239941,0.13386871757678143
ENSG00000119866,0.27717664673111975,0.9516882776325534
ENSG00000034510,0.004981673079680465,0.02962805772944747
ENSG00000115364,0.0288025902984334,0.3750441154434836
ENSG00000124374,0.07026284792705038,0.26888252448367866
ENSG00000163586,0.03195812721895285,0.01718321212950116
ENSG00000121152,0.0005041690685100397,0.01182116726877193
ENSG00000162878,0.33556525407149823,0.3463433434305343
ENSG00000152284,0.2756995675609173,0.9530277061354683
ENSG00000159399,0.004919086266114703,0.011287383704351374
ENSG00000055813,0.15882488733601746,0.5146217507803548
ENSG00000158089,0.0329318613685412,0.2744716930617114
ENSG00000158435,0.21084585568380831,0.4252851604913831
ENSG00000138032,0.4356462188541522,0.6442959381549452
ENSG00000135972,0.021406643659054054,0.08465867291540001
ENSG00000119801,0.15577423964124662,0.3291640299185122
ENSG00000071082,0.47260498301271403,0.7887848710059686
ENSG00000075568,0.3261469386065587,0.5891463116284481
ENSG00000135974,0.19968082530825568,0.8260171306818617
ENSG00000163162,0.006072323612591487,0.039802334339743034
ENSG00000005436,0.16924441860743739,0.16119740447585149
ENSG00000068697,0.48225189462239637,0.5654783921180093
ENSG00000143995,0.2915083826719023,0.407065626728252
ENSG00000172086,0.48387079746514106,0.497323643328311
ENSG00000184731,0.08017802922098811,0.08231598925225726
ENSG00000115507,0.055387564615668884,0.3165713798451111
ENSG00000173960,0.6088760045768764,0.8153236984241068
ENSG00000163235,0.15360150518000157,0.5030193341413157
ENSG00000168658,0.004458870090215906,0.013930819959084654
ENSG00000115875,0.00802571936402436,0.0741633194254197
ENSG00000163121,0.4920167920205525,0.4049863221648533
ENSG00000173557,0.8106384946686696,0.8119895397084432
ENSG00000162869,0.10417023027436174,0.057959325778722204
ENSG00000135951,0.37379534515101953,0.4477352936303046
ENSG00000135953,0.15872629577936742,0.31347178138704335
ENSG00000125538,0.7140873894394564,0.6342513338805822
ENSG00000150938,0.16723578417246532,0.0946140347871132
ENSG00000163541,0.7405599102785734,0.35557672395330897
ENSG00000243466,0.07646033083570371,0.25492070825522584
ENSG00000143924,0.47502933348810505,0.19272418210286657
ENSG00000172985,0.6883551431431677,0.5998914561647217
ENSG00000144021,0.4310345568993499,0.924761301192926
ENSG00000170417,0.06458846954086794,0.192449132686786
ENSG00000143891,0.04965719310494567,0.06643650406310106
ENSG00000150551,0.0677070311708576,0.3997161054562517
ENSG00000211599,0.10934625385735583,0.19862257616297252
ENSG00000158050,0.03380642363548916,0.1445734794888975
ENSG00000115091,0.05124473520384512,0.30402983409270207
ENSG00000088205,0.30324584585739367,0.5762855203625035
ENSG00000240857,0.18483294275321718,0.2220438734108282
ENSG00000186132,0.30468813864719085,0.26905372592087656
ENSG00000116096,0.09616724678057648,0.41312812536773547
ENSG00000091436,0.012711996218403208,0.0622069395340903
ENSG00000136720,0.06674934713199955,0.10669375048561426
ENSG00000226479,0.029182407025163167,0.10348157802496294
ENSG00000198142,8.310326917875655e-05,0.000845637043274485
ENSG00000071051,0.06711282242933081,0.23966574801288001
ENSG00000157856,0.08658919550396617,0.20780440282277862
ENSG00000071073,0.07322754340425139,0.1998388534431777
ENSG00000170485,9.464274453178107e-05,0.0005602267018176339
ENSG00000115641,0.029983674016281332,0.1851680690474331
ENSG00000088179,0.5951281733468217,0.5852505488688742
ENSG00000144028,0.4977858984686616,0.8798673472798115
ENSG00000136718,0.0013947574029398496,0.04520310651048245
ENSG00000144120,0.6043172643417015,0.6029492594885943
ENSG00000144278,0.045884084517622374,0.02316897039745282
ENSG00000128708,0.009923746880261836,0.12502228943464494
ENSG00000072135,0.32198930004068493,0.5074381942309248
ENSG00000135966,0.319412771990209,0.6139639235549286
ENSG00000081320,0.003933330806126071,0.02048457286096345
ENSG00000152127,0.9190954941086473,0.7400039992332161
ENSG00000116120,0.0008627542672884989,0.011387021279748064
ENSG00000150540,0.05929251557457365,0.22945164970492402
ENSG00000187957,0.0005045780801220453,0.0009940130727024328
ENSG00000076003,0.001380967349388036,0.03252452861955037
ENSG00000198612,0.0033649968636908986,0.040544184955179995
ENSG00000163075,0.01934107013546983,0.20791836086548732
ENSG00000091428,0.15654602289779096,0.13715561305626367
ENSG00000186522,0.043865366812812945,0.15006370713577685
ENSG00000172878,0.02122590775499066,0.1011801076220483
ENSG00000072080,0.6316045256293364,0.4495859876931688
ENSG00000114948,0.1268794319226982,0.302951811248503
ENSG00000144228,0.38449938278278184,0.6431586870145856
ENSG00000136542,0.55871327043048,0.28347632570813464
ENSG00000152128,0.001405483178203458,0.01289098632344617
ENSG00000163510,0.35823884283829954,0.7227839237707925
ENSG00000138411,0.7852864218756253,0.5363935370333617
ENSG00000198369,0.6294922010509939,0.9998503061202386
ENSG00000162944,0.6741155673498963,0.239719651881402
ENSG00000163083,0.7647084670317105,0.6101622632464938
ENSG00000144320,0.22484617323605854,0.6874174329700842
ENSG00000144331,0.3736933609711469,0.7363128425248089
ENSG00000144118,0.03605301516812993,0.17221918865763067
ENSG00000188042,0.08192217100716376,0.2000275069602095
ENSG00000135632,0.45870817753970294,0.9949080908790809
ENSG00000163600,0.03918873932713202,0.10561953300594924
ENSG00000138400,0.11778197896819709,0.2979004879687259
ENSG00000138376,0.1648579717069067,0.40797757449646
ENSG00000170035,0.0031592742142650017,0.037814848267551084
ENSG00000054219,0.09734256141787419,0.11256064676534872
ENSG00000144119,0.015125954812548805,0.028633447449293827
ENSG00000115425,0.5784913925461721,0.702133670856893
ENSG00000138434,0.03435700254743893,0.04711890941650194
ENSG00000118997,0.10787536372001888,0.24581339491529744
ENSG00000175497,0.35787514682877863,0.36673700985804014
ENSG00000115020,0.3654384044916499,0.20629035939323742
ENSG00000115109,0.041407447538252,0.05366941684553617
ENSG00000136732,0.4266009402535015,0.6007193541527658
ENSG00000115221,0.9978170072474308,0.8582572269079427
ENSG00000153107,0.34787119504103503,0.9949954686337797
ENSG00000115539,0.029381745089468145,0.12581490441917773
ENSG00000163082,0.5936515915552955,0.9872852227713226
ENSG00000233608,0.005608150917934954,0.005449898444848046
ENSG00000196872,0.4012224202927397,0.43262367517071443
ENSG00000115183,0.19471483770204104,0.06271539241318644
ENSG00000115107,0.47899801983641366,0.40944287369169463
ENSG00000153246,0.7145530117306371,0.3930884526399643
ENSG00000144452,0.05965371554633963,0.2106933625284773
ENSG00000114933,0.1586975303090547,0.16016929264493115
ENSG00000118246,0.09390463532230256,0.6055739319662181
ENSG00000079246,0.0010717486442170846,0.01622651235705716
ENSG00000115165,0.03641090309518711,0.12655900580271384
ENSG00000136560,0.18159337583359955,0.6720752945846629
ENSG00000169629,0.10006402273783298,0.05924092183795474
ENSG00000064989,0.20093672566914278,0.2075107893772378
ENSG00000065413,0.0035955552042679414,0.03767021171694479
ENSG00000233999,0.014163184026376976,0.17195907151971881
ENSG00000187699,0.4729889007342243,0.6550899657286828
ENSG00000115233,0.0021632510805506306,0.044864556880642566
ENSG00000130147,0.8361233789280413,0.8802204153632917
ENSG00000135916,0.33114501007267927,0.4640750602585656
ENSG00000198586,0.207573281500627,0.7134356527542909
ENSG00000122085,0.664888897583999,0.5612277086010357
ENSG00000196950,0.11850548478050398,0.40911488847683564
ENSG00000003436,0.2923430630080517,0.21448430120107448
ENSG00000183840,0.9820904315801475,0.6542723912820818
ENSG00000176720,0.6034100405066065,0.5887489653935594
ENSG00000136710,0.8872211762566052,0.9170417013275767
ENSG00000115840,0.22107769216411605,0.382732496107723
ENSG00000079156,0.1508522485557133,0.32024581121641515
ENSG00000136731,0.04556560660433869,0.15254209146425526
ENSG00000135617,0.3126019038281702,0.22227990792748042
ENSG00000144476,0.10817183785730079,0.43246193267569555
ENSG00000168393,5.1579468985356804e-05,0.011465017345316436
ENSG00000241399,0.00046201816229652953,0.0039699754364263895
ENSG00000144445,0.13646116440637418,0.2010323503667489
ENSG00000221823,0.14501220132521758,0.3715553522896322
ENSG00000184898,0.3107357690138901,0.28898210731473417
ENSG00000067066,0.1500201303133959,0.36856619661086065
ENSG00000118242,0.5196496448523951,0.2138585557302519
ENSG00000186889,0.34523739149089394,0.44234541666780447
ENSG00000196141,0.011244126865757395,0.15175686929566812
ENSG00000178385,0.191970538485307,0.1520445349898836
ENSG00000132321,0.36445109682128174,0.299665269248454
ENSG00000177519,0.9779863963051398,0.8944507061431662
ENSG00000168918,0.1951047891331998,0.30315482872004407
ENSG00000115084,0.9964153602834182,0.9599672928326215
ENSG00000170340,0.8932557628699318,0.8897608577176012
ENSG00000115685,0.2303944579919184,0.31140920078233264
ENSG00000125633,0.6551690437557973,0.7394716523334133
ENSG00000128654,0.026060874628121053,0.1077199179204691
ENSG00000115368,0.011267092781599507,0.1340367175570124
ENSG00000006607,0.31403654692493915,0.5681142767675669
ENSG00000170745,0.3525206844334545,0.23422603203190337
ENSG00000168754,0.16682518651180356,0.04173733789339563
ENSG00000162804,0.17296766655347173,0.2508011297099574
ENSG00000180902,0.2279992616556774,0.6067196611263059
ENSG00000171227,0.7105713390417738,0.5067236259255161
ENSG00000136536,0.7543349227654768,0.664362726475256
ENSG00000204262,0.00624964752152774,0.08380619287112186
ENSG00000115694,0.03823712921971911,0.41730901613732485
ENSG00000168397,0.7668549679280665,0.8246214324892482
ENSG00000128641,0.9374313155529945,0.7110233542535694
ENSG00000168385,0.01040858207942943,0.11789802343044382
ENSG00000150873,0.08068548784614328,0.1612516353948059
ENSG00000162976,0.8698056787649614,0.758929788085109
ENSG00000169016,0.4735134564852248,0.6377849688091174
ENSG00000115159,0.10042236914737457,0.3356438794910657
ENSG00000138386,0.12045496280973357,0.3361521796661824
ENSG00000138378,0.5197114464017786,0.42225911853517817
ENSG00000250565,0.7764710599782347,0.610723784533517
ENSG00000119729,0.03396400606630871,0.012380167513318953
ENSG00000151665,0.6469218093905165,0.8086391750925433
ENSG00000119878,0.2076498019511952,0.20174134834721433
ENSG00000167165,0.7479850883501984,0.8387035428714663
ENSG00000241635,0.500593942379838,0.8239263835104305
ENSG00000123485,5.840813975746534e-06,0.0005575383937553108
ENSG00000144481,0.8001429977949961,0.45459752705338774
ENSG00000152102,0.30630893954714256,0.37039122931780355
ENSG00000008869,0.12300506617933747,0.098361647804309
ENSG00000218739,0.6134316538112008,0.21886852340309046
ENSG00000115816,0.47201097959277905,0.9671642567821414
ENSG00000003509,0.45877375664914877,0.4705516918541549
ENSG00000115825,0.3169628210414034,0.2112179016785799
ENSG00000115828,0.800413385972716,0.39045056220175633
ENSG00000163171,0.19895399705228178,0.125675056725654
ENSG00000173166,0.45130973796682394,0.1325666318878507
ENSG00000005448,0.6219937709801096,0.8347280304044162
ENSG00000115274,0.7345867321653285,0.4628220384283669
ENSG00000239779,0.5002534247084409,0.3100761903159394
ENSG00000204822,0.5323097371354839,0.8390787287950641
ENSG00000135637,0.9966323003261134,0.865007409872354
ENSG00000115282,0.9853888004867221,0.6995761394068296
ENSG00000115289,0.4114083521360987,0.3396036209127177
ENSG00000115307,0.02852985627327227,0.13142198351257264
ENSG00000138363,0.001677384826342688,0.09380558742025184
ENSG00000152253,0.00691770187758235,0.01968814047772458
ENSG00000081479,0.1776763032881389,0.5166676598381696
ENSG00000168542,0.03354047180310291,0.19456213031176253
ENSG00000132300,0.6466126802835119,0.3078736521331089
ENSG00000132313,0.040028223514205194,0.150178704615332
ENSG00000115548,0.7836145687618439,0.979605061520678
ENSG00000132330,0.06719543426441535,0.21760048211240318
ENSG00000178752,0.2655332235395699,0.3394033685246037
ENSG00000132323,0.2735836477619445,0.8508227466315167
ENSG00000144485,0.4254817278298537,0.31272901703599365
ENSG00000204104,0.46410449492354877,0.7893185157897609
ENSG00000156973,0.23585373212299443,0.2584001628643833
ENSG00000144535,0.5291379179964459,0.6228972577043516
ENSG00000163283,0.6276472856090165,0.6950884013260157
ENSG00000163286,0.499803526493498,0.8642955402982917
ENSG00000171551,0.8977448468298501,0.9112298315561945
ENSG00000143952,0.9829632296894968,0.6264446741092597
ENSG00000197329,0.1456742542715983,0.1950741199803275
ENSG00000173272,0.00501477791163268,0.03576206538765694
ENSG00000136002,0.0014736376722550948,0.03118085584126805
ENSG00000163331,0.1315544291765406,0.1791660206636192
ENSG00000115841,0.0016099769124455342,0.01171698589911974
ENSG00000138078,0.16669595398168607,0.16287721056877494
ENSG00000144199,0.08679128854067462,0.10955275524465531
ENSG00000152256,0.8074487779377815,0.6818190022632191
ENSG00000080293,0.06665438438047555,0.3348564562137356
ENSG00000138449,0.34596227282302316,0.26571386762414
ENSG00000115687,0.6578861845249688,0.8255512742756601
ENSG00000144036,0.19189233466928415,0.5416430368317471
ENSG00000135956,0.1026816200922533,0.373955744619746
ENSG00000168395,0.6179889804117312,0.605097291958155
ENSG00000135914,0.1832665710694965,0.12079979377788032
ENSG00000156966,0.16151563765566743,0.22064905551531483
ENSG00000142327,0.05271354119402083,0.06430996281280733
ENSG00000142330,0.6408828322440185,0.556345123034719
ENSG00000172478,0.7906971106499665,0.7589575315295221
ENSG00000135925,0.7098093742939642,0.9670626446048112
ENSG00000171450,0.6147245119365431,0.9572944939290762
ENSG00000181378,0.017231214988688796,0.05106377276715356
ENSG00000163501,0.3134211340420246,0.7870105733719279
ENSG00000115649,0.18614714333554067,0.12171183663322128
ENSG00000144567,0.9987189054042617,0.8182539982968325
ENSG00000158552,0.34950386597046823,0.29788860729841143
ENSG00000115657,0.03539862611508556,0.11219683107152681
ENSG00000198925,0.043479708798227774,0.27754901796257975
ENSG00000163516,0.42141551646538866,0.8457087065898299
ENSG00000163521,0.10408382324657776,0.07794696002065474
ENSG00000115661,0.4719235450802579,0.6944393253627898
ENSG00000243910,0.18141423310755445,0.37091116846129346
ENSG00000054356,0.019563761602267995,0.018701295913749364
ENSG00000119147,0.014162323112848672,0.0630939523543225
ENSG00000115652,0.9270717625049892,0.9842099501852647
ENSG00000152076,0.43894951569575646,0.2965080466772461
ENSG00000152082,0.011235548522092768,0.04625576699887857
ENSG00000188542,0.2007671248136692,0.30512552368151924
ENSG00000162961,0.5195724398217774,0.7574931810886828
ENSG00000152683,0.20940030862691097,0.6954904033072445
ENSG00000153832,0.3762191002178763,0.8370862419346716
ENSG00000163053,0.15633723210462355,0.3934771266997281
ENSG00000135917,0.8697077433917656,0.7252777520524634
ENSG00000115009,0.0042107623912978325,0.021157686436533454
ENSG00000123977,0.5770474986283806,0.9645584299028174
ENSG00000074047,0.0010586636073623438,0.0011651167497876912
ENSG00000079263,0.18709910387755171,0.49865768388925125
ENSG00000134324,0.17562238084899534,0.23946552897215434
ENSG00000162994,0.27305838313301406,0.5776875541803236
ENSG00000085760,0.050062394692187685,0.13537403673003903
ENSG00000014641,0.03135107214397386,0.10777133293534265
ENSG00000144034,0.0005168096927719773,0.004977590416594447
ENSG00000115234,0.34275662786273464,0.7828334264123189
ENSG00000163795,0.7784381464040604,0.6262449655139728
ENSG00000115241,0.002753719306567386,0.11430902778022983
ENSG00000115216,0.03403460187962246,0.25922863898209625
ENSG00000157992,0.4301873748074253,0.37581829735370464
ENSG00000115226,0.011687953722851955,0.2048214802541704
ENSG00000138002,0.01023500777189392,0.025341802047432957
ENSG00000155438,0.017848564816600736,0.11390773031430933
ENSG00000211460,0.24840204025055423,0.10108998751097316
ENSG00000121989,0.25159309889484377,0.5066247667340809
ENSG00000115947,0.8478148316950667,0.4344209571463957
ENSG00000204406,0.7454564122086635,0.8944140445218575
ENSG00000015568,0.13651500003435643,0.17277420822096876
ENSG00000144063,0.06744880554507512,0.12431101076165187
ENSG00000144061,0.1396273896652873,0.33963706100778523
ENSG00000172954,0.24789461253573397,0.3443029482624227
ENSG00000163072,0.5118096556439791,0.753566908396218
ENSG00000196151,0.20999573225442308,0.15434434690714344
ENSG00000115504,0.0015238126465132674,0.015781807826699613
ENSG00000028116,0.017526303065785585,0.2090021933174212
ENSG00000243244,0.5257248558224408,0.6175111404503884
ENSG00000136541,0.029942820442091057,0.041897529161838254
ENSG00000172292,0.07111064736900033,0.056286113186972894
ENSG00000184182,0.0009226639947178498,0.03589496600215807
ENSG00000077380,0.028525335011526695,0.260852663235541
ENSG00000057935,0.8870391765712697,0.9485794323066306
ENSG00000138413,0.2525918334268183,0.5355569614614133
ENSG00000032389,0.0917031265411806,0.44500064555852215
ENSG00000221944,0.41822756405786055,0.6184065699399299
ENSG00000163001,0.5323293167714678,0.7154585167598193
ENSG00000119041,0.1383592891578398,0.21007044505431943
ENSG00000197121,0.5521410569737816,0.36171769772440987
ENSG00000115594,0.2988179339785612,0.22687734818955282
ENSG00000115598,0.4442348913211681,0.9175208433838372
ENSG00000115602,0.4858137022139061,0.6095948818729847
ENSG00000144182,0.1913598354052995,0.26966615489282425
ENSG00000158411,0.038718835476234385,0.0898964429915496
ENSG00000185414,0.07801320995782617,0.23718616493958525
ENSG00000144214,0.9517348534512904,0.8054567312379057
ENSG00000115514,0.019878535605249045,0.12737126939308588
ENSG00000178074,0.3438656912758624,0.6769685779747612
ENSG00000162971,0.8355936274018048,0.8182459381354911
ENSG00000115112,0.44384958727504453,0.5534390550423123
ENSG00000115524,0.8101879732192643,0.4974181148334661
ENSG00000115541,0.0060609131728353366,0.07423115300992729
ENSG00000270757,0.967575107606174,0.40328803467659935
ENSG00000115540,0.11061178601838918,0.7196802855403898
ENSG00000154479,0.07521479300494167,0.26196501347013545
ENSG00000144362,0.8935797105876888,0.9787707148386199
ENSG00000213160,0.6701180829178008,0.5055189028174695
ENSG00000138385,0.015682188561841285,0.19905715761616785
ENSG00000138382,0.00023178945478664407,0.0046544992435008144
ENSG00000144381,0.0003441045737500219,0.023150273064233496
ENSG00000144357,0.5114018726125589,0.29478895097041885
ENSG00000115263,0.10486691220785745,0.13339151865948604
ENSG00000196659,0.821028263724638,0.6683526035844154
ENSG00000197557,0.9044461562471312,0.9857935191980808
ENSG00000197635,0.09575979574769718,0.04497504468711374
ENSG00000079785,0.15198594944245555,0.5922573833916229
ENSG00000115053,0.0018986134465889654,0.03676584406597661
ENSG00000172428,0.19025142099803705,0.5249147067581165
ENSG00000130414,0.02610852529370766,0.20851565409396514
ENSG00000180228,0.198826297779619,0.8882539130887236
ENSG00000204311,0.9306039493145419,0.6530466386659284
ENSG00000116095,0.9985560434500208,0.8001835020675476
ENSG00000143977,0.06611081004777744,0.2909316949849619
ENSG00000173692,0.004238977470574319,0.06631991297448026
ENSG00000163093,0.12428823658344806,0.11392933072230257
ENSG00000138399,0.9350328850953956,0.5252977240180742
ENSG00000138398,0.35958121626344763,0.6994216847088877
ENSG00000115750,0.8076715829046863,0.8998950587913709
ENSG00000134317,0.5324681750966609,0.4796312502112363
ENSG00000172059,0.6028659715599705,0.7059180237426776
ENSG00000171848,3.410427422358527e-07,5.630618741642562e-05
ENSG00000115756,0.050285548477169595,0.10384486454989604
ENSG00000072195,0.8338491550732727,0.6070119611037871
ENSG00000124006,0.20968348352363048,0.5771287390834985
ENSG00000123999,0.010186390224313944,0.11195664370168934
ENSG00000144589,0.6364318922833614,0.6835518763665156
ENSG00000114923,0.8919180457599968,0.5811069549752388
ENSG00000115884,0.15301368383815378,0.12332443114983749
ENSG00000143878,0.528601132210812,0.7034777670870906
ENSG00000138430,0.0008796113880318223,0.05760020522746931
ENSG00000138433,0.6486258537738813,0.7977371362498684
ENSG00000144306,0.7996767497109671,0.4739258684866925
ENSG00000204120,0.7227826625430044,0.7919757647149672
ENSG00000066248,0.0006759966435170389,0.018029751244958737
ENSG00000138435,0.2178411168191226,0.12756824195173253
ENSG00000162980,0.7707899031288106,0.5312738574494227
ENSG00000163214,0.6679428309520791,0.6813005484875271
ENSG00000163170,0.00687925156014443,0.054434042770732355
ENSG00000114978,0.2542929849838492,0.639114643326842
ENSG00000065911,0.0018752874787384163,0.013425419045977362
ENSG00000135913,0.9049385842716269,0.9681471005697052
ENSG00000144580,0.026178316718532706,0.15862503595997432
ENSG00000074582,0.04148911076383857,0.11692445461576773
ENSG00000163481,0.23036806379716412,0.5367466156484573
ENSG00000163482,0.5347509405120041,0.5476443581077268
ENSG00000135912,0.06128016633992782,0.22478957814222109
ENSG00000135929,0.004949591166200598,0.02454921310343251
ENSG00000169599,0.05757613978815157,0.22213491579020284
ENSG00000115568,0.3396092268911155,0.7475186709847159
ENSG00000188760,0.43536011675233466,0.08288978094579191
ENSG00000198885,0.5798673754012781,0.45727803239722076
ENSG00000163040,0.3030512260376037,0.29526751781553434
ENSG00000204634,0.8584304726700137,0.6102458336182652
ENSG00000163013,0.7403793441692179,0.4596673209805596
ENSG00000154518,0.0018376160200740538,0.05030124411331983
ENSG00000187514,0.03786049506373431,0.21811866546698863
ENSG00000118257,0.4137674466474047,0.9492174186301546
ENSG00000123992,0.015992826121330832,0.14768363358653397
ENSG00000185404,0.0723547420121708,0.43729480431001777
ENSG00000273045,0.2203909075059961,0.13590743364876454
ENSG00000163328,0.07055714514010307,0.2688277612948496
ENSG00000197223,0.09950248779465005,0.19203306045088286
ENSG00000115414,0.2651699969618263,0.646504630115784
ENSG00000169679,0.00016228822426480496,0.00838675445316185
ENSG00000153094,0.3120130514132016,0.5516186228259055
ENSG00000118965,0.3441775462335548,0.30245870437133415
ENSG00000183607,0.12949374824792567,0.18505521698027294
ENSG00000169604,0.6519640828168045,0.9951854923430637
ENSG00000162951,0.1453139544816615,0.14319837756578346
ENSG00000115271,0.6399481080603497,0.9165403662417613
ENSG00000055332,0.1472273210469505,0.46125522461363877
ENSG00000077232,0.14561782583180946,0.523409090064944
ENSG00000134321,0.4715436786572157,0.6762205975683425
ENSG00000151692,0.3785454103597423,0.8422999631914921
ENSG00000162929,0.5014474213855193,0.35012989053992905
ENSG00000123609,0.0004292871559889233,0.0131756153140873
ENSG00000123610,0.006337368929753468,0.09927263627303548
ENSG00000080345,0.12663479414547577,0.40305229310633184
ENSG00000197872,0.06308165156067874,0.05032947251848091
ENSG00000196843,0.3899673355911102,0.4345825174937008
ENSG00000114982,0.3871835160517826,0.31367872536661245
ENSG00000114988,0.03373118349149998,0.032330060669006726
ENSG00000158158,0.37300723328946395,0.772380987942842
ENSG00000168763,0.906103109891972,0.787986760364601
ENSG00000213337,0.7842227635321964,0.7495112331956608
ENSG00000168758,0.8599289008203044,0.24105859450926723
ENSG00000132329,0.42282652632795803,0.7016165282681492
ENSG00000123983,0.003590665241824722,0.05017349279031269
ENSG00000115318,0.5223406334060846,0.6273561293224903
ENSG00000204843,0.7370960323326019,0.3514009801391237
ENSG00000082898,0.229148556132634,0.8378832731387373
ENSG00000115339,0.011339291406813445,0.06925773470281871
ENSG00000123607,0.3350875124058849,0.24335724527672156
ENSG00000155749,0.07760338095786201,0.30508219562294814
ENSG00000115993,0.11551932435387818,0.1740169663967015
ENSG00000082146,0.1316178700598986,0.31787610969552466
ENSG00000155754,0.25986657046496525,0.3683795957061793
ENSG00000003393,0.7529497736741073,0.901178152682891
ENSG00000018510,0.04680348117915877,0.5040307693131874
ENSG00000138092,0.009732338514558387,0.16135286917720104
ENSG00000115137,0.019846056071303252,0.04779551830802633
ENSG00000138031,0.2890519278954692,0.5978516966084381
ENSG00000136709,0.6493600579554362,0.4984190081875781
ENSG00000144231,0.04771078886765612,0.25802850565244695
ENSG00000136715,0.22869800494626488,0.5728593712842993
ENSG00000125637,0.8228090299116432,0.7466821031975402
ENSG00000231292,0.04069746180596634,0.3348496734397941
ENSG00000143947,0.4547117949313768,0.6223017346777437
ENSG00000198203,0.03463573180593334,0.05136140078851207
ENSG00000198075,0.3715713215846027,0.5619363796162489
ENSG00000135945,0.022643827677328806,0.0969045317587925
ENSG00000173559,0.2737835309650008,0.5036215649421174
ENSG00000168497,0.0973918985483094,0.30757501007405386
ENSG00000163017,0.9128734093153097,0.9393456322693303
ENSG00000114956,0.33516373296947466,0.6991300489591827
ENSG00000187605,0.25096994702605724,0.567261587011805
ENSG00000198380,0.5235372101241272,0.9443926647197032
ENSG00000135999,0.8026818408585553,0.6722522606423281
ENSG00000150556,0.45565434145300676,0.5274509558866558
ENSG00000168288,0.0032856636116505703,0.04592651129777681
ENSG00000175701,0.6472520836680362,0.386422900787048
ENSG00000144115,0.455396681760181,0.774555902392098
ENSG00000176204,0.474080939678048,0.9488226281497948
ENSG00000115963,0.0030374541135597356,0.0037223441571671615
ENSG00000155760,0.4580611316289033,0.8369681344031494
ENSG00000115970,0.5932825837592632,0.561811258434664
ENSG00000115604,0.3791344590947219,0.7729648809871527
ENSG00000019169,0.34654995688180446,0.4130872934659984
ENSG00000184924,0.6767577467355024,0.30950517910940545
ENSG00000162959,0.6011361637292403,0.6647379695737371
ENSG00000084090,0.8735760237447827,0.8099655459457825
ENSG00000003137,0.5871258406817403,0.62884127828244
ENSG00000134326,0.6375546580829781,0.7628661068857594
ENSG00000115942,0.033582561837945155,0.3174599564625173
ENSG00000119013,0.008698274320658178,0.10714200184782227
ENSG00000152527,0.03826168114542787,0.16218659552518458
ENSG00000138036,0.2542720124406263,0.33292349870860694
ENSG00000223658,0.4540455870641422,0.28844665886431425
ENSG00000138380,0.027587718970609947,0.04365003612923579
ENSG00000138095,0.16604475954918835,0.33202657449732015
ENSG00000068654,0.15660595162528668,0.5618610084060844
ENSG00000115232,0.02201092429284468,0.04188648137292037
ENSG00000214336,0.5347354525632139,0.510914552695501
ENSG00000153574,0.11400439334354656,0.18069518892582762
ENSG00000211592,0.04776684827224318,0.17850079233850075
ENSG00000211593,0.1188095779975692,0.5889630237311958
ENSG00000211594,0.023450594514698764,0.15173608920158613
ENSG00000211595,0.18442639201893768,0.654738122177263
ENSG00000211596,0.06462475693048794,0.19042884234569632
ENSG00000211597,0.030962512295448594,0.18477154238758856
ENSG00000211598,0.020589023963266298,0.04627042912847111
ENSG00000087338,0.7477068566163153,0.3363503698308266
ENSG00000124380,0.01986639822177124,0.06708865473324578
ENSG00000059728,0.010315465709508578,0.03864530627551404
ENSG00000169564,0.013707121812148592,0.05766620424516543
ENSG00000115998,0.25610395489569426,0.20034734743858953
ENSG00000115827,0.26578537594106894,0.9109298329850005
ENSG00000071967,0.26178713850643176,0.48773438725675455
ENSG00000237651,0.9431806564423786,0.7506681118749308
ENSG00000124356,0.1771316466058738,0.5261277284463404
ENSG00000115170,0.5173039840640603,0.8942004427046153
ENSG00000128709,0.009073190352416364,0.017922011745038643
ENSG00000175879,0.0009043400021493384,0.003025646462620031
ENSG00000170166,0.026139269129818433,0.0580860380509888
ENSG00000128645,0.2283938131797688,0.5058113331452333
ENSG00000158417,0.003024436197052722,0.031463611897597554
ENSG00000144218,0.032767805765314226,0.07742820671075674
ENSG00000170500,0.06663537589424622,0.039431292593930065
ENSG00000115526,0.9046270524495365,0.5701357218211323
ENSG00000127824,0.001387266257585154,0.03314168726391969
ENSG00000135924,0.9140283065794966,0.8451241608765766
ENSG00000138381,0.47141437652995255,0.8640780802239263
ENSG00000286053,0.09054964570179816,0.0316306723328604
ENSG00000128694,0.38872602479871254,0.20837628988694387
ENSG00000128699,0.18140133344276063,0.24172868361447442
ENSG00000144224,0.4467928924531085,0.9257348347396158
ENSG00000048991,0.001010383840785635,0.02151468852327579
ENSG00000169047,0.15091338308899613,0.2928408745286115
ENSG00000144468,0.6455257226971605,0.5643916104329911
ENSG00000169031,0.004522683102952267,0.01543951495119979
ENSG00000168955,0.04071232034910369,0.16286277719963835
ENSG00000173744,0.000547310733503637,0.027091608960770668
ENSG00000143970,0.6367112604525398,0.953657982162785
ENSG00000084731,0.14373239359730544,0.7373087881771818
ENSG00000084733,0.0012226907585558666,0.049353097481813935
ENSG00000157833,0.13203222127003117,0.24665942398422602
ENSG00000135931,0.13173302076241128,0.10988701701825943
ENSG00000115138,0.42516163919311545,0.4169316740631481
ENSG00000081052,0.03324409468154243,0.06601446781753392
ENSG00000188389,0.7737340699677036,0.42388060765186153
ENSG00000163359,0.2691787073274551,0.6162054039405335
ENSG00000175084,0.05095720007712051,0.22547451792376658
ENSG00000138081,0.8480581791954827,0.9649671383588203
ENSG00000172071,0.07636272614659623,0.041679405738478725
ENSG00000188452,0.020445741117179533,0.021823014182680567
ENSG00000162992,0.0010053807430565158,0.0012292255907660249
ENSG00000144591,0.06118420546576339,0.3466853609578502
ENSG00000172845,0.19950309979453207,0.4781010782408627
ENSG00000115677,0.293040621329237,0.9791227024894914
ENSG00000030419,0.9051854389561608,0.9264188813062689
ENSG00000071575,0.5725422495351298,0.8053418670259013
ENSG00000242366,0.8392856370371602,0.714687865210136
ENSG00000239855,0.3694028073486434,0.849452220618894
ENSG00000243063,0.07317582202389364,0.3342311596412127
ENSG00000240671,0.0008108058557089718,0.030983398712938183
ENSG00000241755,0.1315185698407291,0.5275993912013257
ENSG00000241351,0.07478742758133097,0.2566806298373114
ENSG00000243290,0.043260935129134245,0.12876727820291203
ENSG00000244437,0.11037468494104034,0.286371780827619
ENSG00000240864,0.052360409859952974,0.1529166509273502
ENSG00000240382,0.07193813336812403,0.3168966378346278
ENSG00000239951,0.03685653816691543,0.14177665737851985
ENSG00000211611,0.07571257247476176,0.2636614256242132
ENSG00000241294,0.4786598608894366,0.8923375310342179
ENSG00000244575,0.0989094781220538,0.35936745216823107
ENSG00000244116,0.12103821278628495,0.20786288488151808
ENSG00000243238,0.05894530096416377,0.2046857361542028
ENSG00000242076,0.12383825461787422,0.17574282125847873
ENSG00000239862,0.13274097879352317,0.5018741676700079
ENSG00000242371,0.09494691779269497,0.21815319951125164
ENSG00000273962,0.0325850949915939,0.11734294392980323
ENSG00000251039,0.4128307794906816,0.701087922086134
ENSG00000251546,0.05637839289057319,0.17252166056027585
ENSG00000250036,0.10275727352029097,0.1570495866412435
ENSG00000239975,0.4087721835957958,0.39414136689244683
ENSG00000239571,0.027637485062044224,0.05710808580182157
ENSG00000243264,0.07448682988730863,0.29815549108323974
ENSG00000242534,0.13165812681711941,0.35489252917095504
ENSG00000211623,0.2680926923981729,0.558392209152915
ENSG00000241566,0.5332638711227748,0.8549738532321912
ENSG00000225523,0.29271155119952746,0.9960769404591225
ENSG00000211625,0.019062437715777054,0.07391086744042935
ENSG00000211626,0.3006093642388637,0.9935595808003694
ENSG00000242766,0.15849951744703214,0.31063214462066296
ENSG00000241244,0.18798111142743737,0.6832643043250686
ENSG00000224041,0.22137473909171468,0.7643842439684522
ENSG00000276566,0.06362267069918846,0.11598929351277668
ENSG00000278857,0.4012103309659004,0.5362030126983094
ENSG00000211632,0.059625654547419714,0.11514114847671766
ENSG00000211633,0.9153995051538057,0.44382730677467974
ENSG00000242580,0.048876694333590286,0.2172249123731539
ENSG00000239819,0.303992151918614,0.5999467991766692
ENSG00000228325,0.07670578866875212,0.3174505071516127
ENSG00000144426,0.08838643744967516,0.16593678395478437
ENSG00000123600,0.0039661705399493515,0.20521330348745306
ENSG00000125571,0.7676472272317615,0.9106796833557192
ENSG00000169967,0.8873710571225589,0.7083573396636684
ENSG00000144134,0.6665791484164825,0.6843286939961215
ENSG00000084676,0.9331960157421054,0.7397536694953891
ENSG00000284308,0.07507007509167125,0.09791282696585137
ENSG00000155744,0.03553696945240954,0.03771171631762056
ENSG00000115718,0.6796562455304489,0.4917730028818147
ENSG00000072163,0.1788337720406103,0.2612102694574222
ENSG00000116127,0.4644094502814067,0.5806815294604533
ENSG00000068024,0.5574984880821343,0.7222788874493439
ENSG00000115738,0.1048811554462131,0.3798215081506048
ENSG00000143797,0.12995761858733573,0.21846839813952712
ENSG00000152049,0.9062925698386113,0.9884959679961917
ENSG00000134313,0.17044642307554433,0.1490924839747409
ENSG00000119820,0.24503557957563082,0.26481243203713345
ENSG00000018699,0.12715926348314546,0.5588888597643651
ENSG00000085978,0.02569407358119273,0.303328292097081
ENSG00000077044,0.46037859593967556,0.4342547203403889
ENSG00000183091,0.8343908376558464,0.38739175791164937
ENSG00000115275,0.5792659074246314,0.9641324256926954
ENSG00000115590,9.99373507488697e-05,0.005692705268098713
ENSG00000138442,0.14527728925764463,0.6996494123577287
ENSG00000116030,0.05238975464192812,0.25311459892666244
ENSG00000055044,0.011793331187441957,0.16522891167767678
ENSG00000204217,0.905110201661872,0.4974013486080029
ENSG00000138439,0.4008828950038247,0.5534650684612756
ENSG00000243943,0.04942697213930952,0.023618554660739498
ENSG00000176714,0.2134011237880411,0.3238516295907474
ENSG00000198522,0.00962894507344012,0.17426293447498198
ENSG00000119760,0.5675947272295964,0.9683230882741009
ENSG00000011566,0.5525874741903978,0.7541963346015665
ENSG00000132305,0.03703245128214032,0.16019279826645638
ENSG00000013441,0.7420003226583287,0.6841853960929147
ENSG00000135932,0.22039960626687313,0.36149381228556376
ENSG00000115966,0.8282388466377056,0.8949828313270993
ENSG00000196290,0.11541662890997773,0.6301315160285771
ENSG00000119004,0.1313442415123754,0.08590563315863249
ENSG00000176771,0.012733275015668974,0.027342423796243447
ENSG00000176946,0.3826962827339224,0.7544300906456944
ENSG00000064933,0.7949487600568121,0.49008571692630765
ENSG00000135976,0.14202264145552576,0.21128629375955554
ENSG00000003402,0.8683293498588492,0.7759391328615508
ENSG00000153250,0.13359214608206693,0.5465665560205059
ENSG00000123636,0.20696266963654666,0.15280280758975812
ENSG00000125629,0.5151030051366006,0.6648093046706132
ENSG00000138018,0.021846053758966054,0.18818682210697674
ENSG00000136682,0.41190166585910437,0.48689298470553655
ENSG00000155368,0.8158835522271931,0.556225018151806
ENSG00000144451,0.7455291653600296,0.7371070231484704
ENSG00000135624,0.0006061691748637708,0.03615346069931053
ENSG00000115468,0.6869905537344967,0.5645731885137438
ENSG00000170802,0.7296536657290225,0.9523307558937765
ENSG00000171303,0.00716127568278913,0.007126506156179149
ENSG00000115355,0.1865821502762499,0.19220603009434303
ENSG00000078098,0.18167325332388395,0.6726213971266461
ENSG00000036257,0.09492565640681452,0.21862990691635675
ENSG00000115904,0.635920793522897,0.9995703572802686
ENSG00000188010,0.7900041519475389,0.7658209555813587
ENSG00000242515,0.6748823551058543,0.8809400579643791
ENSG00000115520,0.6357960394228981,0.9680641430368088
ENSG00000119772,0.3039931669831655,0.5781069748215786
ENSG00000115648,0.66400444776169,0.958466049539975
ENSG00000124839,0.05118622758858515,0.24736826802614384
ENSG00000084764,0.007694668177819493,0.027727725385405414
ENSG00000119777,0.23195282334048206,0.7567316029109552
ENSG00000084693,0.5842922013759028,0.4263401755581163
ENSG00000228474,0.2912026925389895,0.6346584228636523
ENSG00000138080,0.11167633033735513,0.3153193987644454
ENSG00000138028,0.5530082144423624,0.7765249892663851
ENSG00000138073,0.4802048305265111,0.9721130520024828
ENSG00000138074,0.045539427829968025,0.36235864521933736
ENSG00000084774,0.04004469645000189,0.19695536391935106
ENSG00000138100,0.1820494779434307,0.08343325031059982
ENSG00000163794,0.37249173138483704,0.3363937068603773
ENSG00000115204,0.16586514213717407,0.4397873000765814
ENSG00000169432,0.7070947705489572,0.8946801379307228
ENSG00000138085,0.8885630539357662,0.6860256610201534
ENSG00000155755,0.5014379571994065,0.8932068861554122
ENSG00000177917,0.008593435512585259,0.20022228790028015
ENSG00000135940,0.024830480708851643,0.11802614384501686
ENSG00000115073,0.1626066198683961,0.14133334665071684
ENSG00000196912,0.3519566591832626,0.6949836105687128
ENSG00000169554,0.23137359421276738,0.43918197734055753
ENSG00000174501,0.08546426007271676,0.35569840026486543
ENSG00000153086,0.2560560560627624,0.27561484964896227
ENSG00000115839,0.137602452364798,0.27325823661261844
ENSG00000144152,0.6250254206796171,0.5827373833327714
ENSG00000144161,0.38588575536744296,0.9872138973905333
ENSG00000188177,0.03742661254452191,0.11122114128951575
ENSG00000136546,0.0009905202593395055,0.00856634000901122
ENSG00000116117,0.03841077148089131,0.03317803300824238
ENSG00000023228,0.13835861236387187,0.8029672709875105
ENSG00000114942,0.17996654440460805,0.5526917232473494
ENSG00000138356,0.853585882247337,0.40799362670933736
ENSG00000082153,0.00041202872593436063,0.027101720934190346
ENSG00000115295,0.3560434326944246,0.0913229022361157
ENSG00000163466,0.026958038298104992,0.14237692627175202
ENSG00000179921,0.5771480741550091,0.4567585894780326
ENSG00000127837,0.015859043561807375,0.05305869444643022
ENSG00000135926,0.39712467584689226,0.8668013775437431
ENSG00000018280,0.650170695161538,0.8632220275762038
ENSG00000144579,0.37144269633445137,0.3544581481101863
ENSG00000127831,0.8729296195720513,0.9550211317084182
ENSG00000127838,0.6851842815179281,0.6879921414621841
ENSG00000158428,0.10523984758993565,0.2832686368969218
ENSG00000152291,0.810034883490027,0.9675529335483627
ENSG00000042445,0.4879530701124639,0.710225584853946
ENSG00000115459,0.941836755300423,0.7893673837668568
ENSG00000042493,0.39369570828100886,0.7949597488966433
ENSG00000168906,0.2856392948990019,0.6650972276965533
ENSG00000118640,0.0384133014941125,0.12814324729395385
ENSG00000168899,0.16938873025521214,0.17206985355138926
ENSG00000168894,0.5773725502748353,0.7405382260967481
ENSG00000168890,0.012849395607469574,0.025392515885049864
ENSG00000168883,0.2056398077716592,0.5468133838735443
ENSG00000168887,0.553279652262964,0.6784983206478328
ENSG00000168878,0.00013021952196330263,0.0013739560613708344
ENSG00000115523,0.8203512842471983,0.9238230093383953
ENSG00000135930,0.01876589201821362,0.05886306758829215
ENSG00000143942,0.043911062632579864,0.20472291364296896
ENSG00000068878,0.9140151918068529,0.9228238671122733
ENSG00000068912,0.5454071191936821,0.495563184883301
ENSG00000152689,0.6401401623684665,0.6426964576333509
ENSG00000119812,0.10133617936217655,0.31216202578290636
ENSG00000115486,0.4967454637114508,0.931749259477763
ENSG00000119771,0.651753555889976,0.5384022342079713
ENSG00000073737,0.7968130447253103,0.4577670122039099
ENSG00000082438,0.19752064852048742,0.17862921073135926
ENSG00000079150,0.9823881505682767,0.8882900586525011
ENSG00000091409,6.53716968932887e-05,0.000546147461370522
ENSG00000115762,0.6183564380343421,0.9774819552332562
ENSG00000123989,0.027629563319246566,0.38339164756946076
ENSG00000205795,0.37427061527187344,0.22752241276110619
ENSG00000162972,0.0301218708759966,0.4021504429257605
ENSG00000138101,0.8629221019590274,0.9345417097868424
ENSG00000155636,0.32426478406190007,0.42912496979858783
ENSG00000116035,0.20194277713308695,0.4988558712868215
ENSG00000116039,0.684775167311757,0.5443043153792397
ENSG00000124357,0.791715961070635,0.489570077921318
ENSG00000124370,0.5584055533252423,0.4127555930453416
ENSG00000136699,0.037974061314253196,0.37867386537172265
ENSG00000162882,0.36694222747524297,0.4770357050905073
ENSG00000162881,0.8816962790552472,0.7491014192629027
ENSG00000172005,0.0060943385866472225,0.008085603527526556
ENSG00000275111,0.1671865158128966,0.19575712952074428
ENSG00000155066,0.4374038021443445,0.5778563958066265
ENSG00000115042,0.42464014089669155,0.5010711470160223
ENSG00000115207,0.15183208167363127,0.5134373880726861
ENSG00000143882,0.930208645075186,0.583341857035922
ENSG00000143870,0.3086261078620233,0.7398801064008844
ENSG00000115761,0.10735130594796084,0.42929823364805886
ENSG00000135968,0.8977837817483448,0.8034097558328189
ENSG00000163006,0.11755724255178178,0.22382812217235015
ENSG00000169756,0.21763992248915268,0.47443077798022637
ENSG00000118260,0.9801865694137087,0.6199647474894779
ENSG00000144401,0.29098095406269897,0.9228238213183585
ENSG00000163249,0.2449018453973042,0.7491828602644404
ENSG00000163251,0.9058611496121014,0.7517912520628087
ENSG00000182600,0.1889898301700407,0.30070271115770647
ENSG00000119862,0.6933243320699785,0.8085587396654363
ENSG00000179833,0.14637981631909097,0.45005528798925076
ENSG00000115252,0.6282366563821777,0.8344010155643619
ENSG00000188687,0.0006937258834108413,0.016577979250720593
ENSG00000152133,0.23133163033961796,0.1019855947158597
ENSG00000197756,0.3124294824706659,0.6501344798329751
ENSG00000115457,0.279501671335792,0.37294667264352765
ENSG00000115461,0.2160834743773661,0.4142127154899613
ENSG00000119844,0.9402108915206808,0.6450093018446061
ENSG00000178562,0.02262524057008742,0.09737405226460485
ENSG00000144048,0.1570310609287337,0.524328518031526
ENSG00000064012,0.40797879625834355,0.8715258732552127
ENSG00000247626,0.820630201961108,0.4999932403091426
ENSG00000003400,0.027328909633561247,0.01823397738560362
ENSG00000121966,0.03547817268634209,0.13471394890637728
ENSG00000183054,0.9843566051598652,0.7820251031506902
ENSG00000115392,0.006307715912475218,0.01887063873583838
ENSG00000163599,0.041728358974859776,0.12859659389537062
ENSG00000115317,0.6622611982028968,0.19784514055509195
ENSG00000115325,0.002707199497537477,0.003024724756702967
ENSG00000170264,0.432961187223292,0.5559524361928632
ENSG00000115484,0.0004860574164828321,0.026755208701317906
ENSG00000136688,0.8325546973826079,0.9604557397206323
ENSG00000136689,0.34066880790873233,0.5213214597090571
ENSG00000144354,0.329119831835867,0.7569275842882938
ENSG00000136695,0.41937979210101495,0.9744293700282626
ENSG00000144369,0.09327873897811162,0.09404870760515553
ENSG00000138448,0.03651903457658619,0.18876688860100915
ENSG00000114993,0.1642472075546624,0.7545578125842363
ENSG00000198648,0.7964134366784257,0.7555897442265682
ENSG00000115267,0.23091028604745956,0.6778571408254406
ENSG00000180871,0.16943944040132822,0.2404411210566743
ENSG00000204335,0.8791930768450369,0.9405458227929284
ENSG00000128683,0.3300397170090588,0.4435162315889448
ENSG00000115806,0.07465605087363646,0.4817470213475411
ENSG00000091106,0.04831402545094554,0.17635497525604862
ENSG00000204334,0.8699138236550357,0.4791705286706063
ENSG00000153201,0.9894151180864145,0.8399213470684508
ENSG00000134318,0.7069073712060769,0.843144272487826
ENSG00000163219,0.02192876201350862,0.054155555369998026
ENSG00000144524,0.5080744311109309,0.5866198287315172
ENSG00000115866,0.033019113593918195,0.2655281202954477
ENSG00000135622,0.6699427943228202,0.5124393828071097
ENSG00000116106,0.14164568094438626,0.07121241627081754
ENSG00000138379,0.7681916371188326,0.7982172086662982
ENSG00000151689,0.7649660933554423,0.6601436516639921
ENSG00000198130,0.9643036986009899,0.8808189483043394
ENSG00000187231,0.2671470468262182,0.36979789609433644
ENSG00000121964,0.35114015440522117,0.350880262781453
ENSG00000125630,0.38491462286170797,0.7899029648303695
ENSG00000125611,0.03607403622081833,0.3224470664437904
ENSG00000169607,3.555886998071852e-05,0.0016955296004505839
ENSG00000115008,0.0034879436961472478,0.03215915549730994
ENSG00000115211,0.2213846239196591,0.7582277963937989
ENSG00000115919,5.514122244786013e-05,0.0010748210097048135
ENSG00000075884,0.003448090410021451,0.03448373363931984
ENSG00000163596,0.01697970752303264,0.042082221350630104
ENSG00000173163,0.9694281622169729,0.8871941520130199
ENSG00000153208,0.10028773035329543,0.13720403915757715
ENSG00000144136,0.028653652590489666,0.19932999088486042
ENSG00000116001,0.23946587131081096,0.3252367248875043
ENSG00000116005,0.7290276329093692,0.6039833452761705
ENSG00000152154,0.06179492443627696,0.15257450854661983
ENSG00000138050,0.002971108975580903,0.011438527497502446
ENSG00000168874,0.15772704313799593,0.3220608564015755
ENSG00000115525,0.009399443452546825,0.08078999007453033
ENSG00000243147,0.5174151670091728,0.9552212924875254
ENSG00000171174,0.4922721280813752,0.40108017205651325
ENSG00000075426,0.0031048305786230625,0.09067636375015974
ENSG00000163803,0.5712303836179728,0.8433199781723407
ENSG00000171103,0.9145525636130766,0.3581674756630019
ENSG00000163811,0.036881084538678215,0.372208473735262
ENSG00000189350,0.005621924683143422,0.025125967208537183
ENSG00000138375,0.003303612735989996,0.037731825696162846
ENSG00000171150,0.4354155007481404,0.28059219152578113
ENSG00000180398,0.43941749114691786,0.885097260314039
ENSG00000143933,0.852850501991675,0.47611810949118294
ENSG00000119888,0.567980208528435,0.29967789238104814
ENSG00000135636,0.27820693481201075,0.8779745863232201
ENSG00000115041,0.9127669704725623,0.8411503956640018
ENSG00000135905,0.457406471609879,0.8993852234310247
ENSG00000124831,0.09720439142773617,0.20058444403578565
ENSG00000135899,0.08337737461377814,0.1698877237634175
ENSG00000115415,0.07028432764136494,0.3439582480779707
ENSG00000187736,0.08133614058203459,0.12151102697244329
ENSG00000124383,0.479062272318292,0.9688742540725592
ENSG00000068724,0.5358151136275391,0.782913716823068
ENSG00000115085,0.02028569025840728,0.0516628440814669
ENSG00000115935,0.6463657384977376,0.5357607697632156
ENSG00000144029,0.0009909624014207876,0.025040499645633985
ENSG00000144026,0.04958537360712382,0.10493059025333418
ENSG00000196504,0.11069799382944877,0.6245340946360051
ENSG00000163026,0.49787989705885094,0.7486444449781035
ENSG00000119782,0.9271731231681556,0.5877299448023807
ENSG00000115128,0.008597020961305903,0.1435378896660121
ENSG00000219626,0.4005417617684136,0.42760596696133546
ENSG00000115129,0.0025304501870660073,0.06643658233084863
ENSG00000176732,0.1767766353180901,0.43961009695170183
ENSG00000198399,0.48660008763937335,0.25959736351495466
ENSG00000163798,0.17262606941226946,0.7031388962810827
ENSG00000115306,0.29219197509573264,0.40262057484176283
ENSG00000115310,0.027718553533717674,0.12118069440856459
ENSG00000169764,0.02772148589006094,0.13947632174723099
ENSG00000068615,0.8317210826328834,0.6396220184228769
ENSG00000115561,0.41703796311375685,0.6937751224297191
ENSG00000239305,0.532745238218087,0.39078373328134675
ENSG00000144233,0.7825861790581321,0.7589566995151211
ENSG00000063660,0.0011083986860467745,0.04439762531208081
ENSG00000178623,0.05282064215486981,0.07768842947271715
ENSG00000162927,0.024448378881506146,0.1975834352000481
ENSG00000162928,0.6941254602015461,0.6530574256288761
ENSG00000162924,0.4437211661325411,0.42128896653104964
ENSG00000144504,0.4706728491266545,0.757176697752908
ENSG00000119185,0.26617275665643175,0.8752936772993098
ENSG00000119203,0.05867658483937243,0.4475881062445737
ENSG00000134330,0.6975850433945712,0.734153029987738
ENSG00000134308,0.055648383461591816,0.3130107304127394
ENSG00000151694,0.2481102672443846,0.9312775826046995
ENSG00000157985,0.9286403238797718,0.8719425477550623
ENSG00000171951,0.037816104534616514,0.033266429908208967
ENSG00000085449,0.08216190695812166,0.1279722477115851
ENSG00000135900,0.003586057041872042,0.030337466876471864
ENSG00000135919,0.03588987351457568,0.08332555039809991
ENSG00000152056,9.347634487137887e-05,0.0007098379772062582
ENSG00000153561,0.7649577352386339,0.5580465692900952
ENSG00000172116,0.1669493529424711,0.4406370224427031
ENSG00000153563,0.2966832589419304,0.5486151402807573
ENSG00000116044,0.8822358783894757,0.9025437212864148
ENSG00000115758,0.6619852768464882,0.3650560604764016
ENSG00000170144,0.005808039441400887,0.046491617745137666
ENSG00000071054,0.0009150845071284041,0.004915314708438533
ENSG00000144366,0.4720511552083212,0.5058004851589495
ENSG00000116062,0.13074113699057183,0.4472295744609315
ENSG00000151779,0.982363338039468,0.7462628354081754
ENSG00000119042,0.0017130443204157039,0.0031829105297580605
ENSG00000153234,0.18635835744491677,0.17524343883455643
ENSG00000189362,0.0007074919390276105,0.017125504058623425
ENSG00000115760,0.47640513037436405,0.3208681347747702
ENSG00000074054,0.7665842738554898,0.8586093860563245
ENSG00000151690,0.12130082904219384,0.10074035998578457
ENSG00000134323,0.28813722080769366,0.18807429275065476
ENSG00000065548,0.000445542589772899,0.021425161312599573
ENSG00000213639,0.40730012200176846,0.8496802425819427
ENSG00000186281,0.3013926398451817,0.650661645729053
ENSG00000157827,0.10224910977978388,0.42971985931354084
ENSG00000226124,0.8154795559115398,0.6127227772186294
ENSG00000118263,0.3056548104241032,0.9619009606871292
ENSG00000116031,0.02070809842513814,0.061413219371181785
ENSG00000144043,0.7687071883774853,0.4102926778160658
ENSG00000162999,0.6436023012141046,0.3104024117872018
ENSG00000163002,0.030723793629019818,0.11871389838988898
ENSG00000061676,0.04222185116507364,0.4107391406337404
ENSG00000130294,0.6742790556097191,0.6499702642666061
ENSG00000163166,0.05697638478371954,0.1448100968591267
ENSG00000115902,0.20060296094581398,0.20930934091189393
ENSG00000138069,0.016203096406274077,0.11254327850083778
ENSG00000138071,0.010024065408510198,0.073272991891857
ENSG00000085982,0.40151027915679927,0.8303342692995409
ENSG00000115365,0.09390752533343569,0.25791842186960123
ENSG00000021826,0.0011055647411909422,0.00490895908156471
ENSG00000021574,0.7602636881675918,0.6456077281926771
ENSG00000197713,0.002662388140272449,0.11424448285037872
ENSG00000078018,0.5327104969743408,0.40156586032923336
ENSG00000153827,0.009602212536778648,0.058487049289873826
ENSG00000153214,0.059618403538792025,0.1457998757510769
ENSG00000055917,0.9184606858116885,0.7507921466994677
ENSG00000130508,0.059242358826630474,0.15596619430391628
ENSG00000035115,0.16747590133414927,0.12389086658687204
ENSG00000143727,0.15536330275804427,0.6099639696921539
ENSG00000189292,0.0673483063926875,0.2597043349232223
ENSG00000152518,0.283812291111412,0.29296963220398814
ENSG00000170634,0.42730685631773535,0.9888093818675733
ENSG00000079308,0.019499969110449912,0.07345954712922705
ENSG00000183281,0.6531669616674688,0.9525089868515595
ENSG00000136717,0.3823305300711922,0.5257693865259858
ENSG00000186684,0.03594190625417895,0.3095873813845133
ENSG00000163161,0.21079244595368996,0.6458073702660198
ENSG00000183023,0.1992606229146354,0.17452985603783613
ENSG00000153823,0.08584868836461121,0.24728191716761716
ENSG00000119865,0.6563421112240211,0.783503996363972
ENSG00000115956,0.09157995343053071,0.11226602819853217
ENSG00000204923,0.38726527677694655,0.38695958496939664
ENSG00000115145,0.9841014903148243,0.9962946981256846
ENSG00000082258,0.668129639609077,0.7510385912270963
ENSG00000128656,0.5066697702498288,0.8584863962554343
ENSG00000155729,0.9272687792089889,0.8670245172283819
ENSG00000163535,0.00018015333438649672,0.012772690848581425
ENSG00000011523,0.16031116735607961,0.09343359187554708
ENSG00000162998,0.003578158397252436,0.015362557081617424
ENSG00000115419,0.4504318236649052,0.20351365556681977
ENSG00000240344,0.8532554568696041,0.4490093679082071
ENSG00000115290,0.4014424876535905,0.7921212365774649
ENSG00000179528,0.7644156458498098,0.8697155780353925
ENSG00000125618,0.06775490104043916,0.018608978853401147
ENSG00000095002,0.1964499571830191,0.592490447237517
ENSG00000144191,0.02348628230910184,0.03618288779899269
ENSG00000040933,0.19825182878259195,0.08661621837761443
ENSG00000183513,0.3039814497797951,0.2973009117818677
ENSG00000115446,0.7390933795335021,0.8166778715273116
ENSG00000158019,0.3414507459204463,0.6359802457460337
ENSG00000118004,0.06577711338272234,0.08006745555839997
ENSG00000138030,0.7492804178447006,0.7096179858175947
ENSG00000144283,0.4300853064663419,0.6566365984614373
ENSG00000168958,0.0060061879624984105,0.019850936493502336
ENSG00000035141,0.005220932834204064,0.11525600160901264
ENSG00000115977,0.7658963765210908,0.6603472580456806
ENSG00000138443,0.8416444223856632,0.6229453109722062
ENSG00000153093,0.002498692560995093,0.02543578931466204
ENSG00000132326,0.7128106763934254,0.5484460376709394
ENSG00000065802,0.026947012999042078,0.06148231480947374
ENSG00000174227,0.4805503790848302,0.8204871592377448
ENSG00000109667,0.46506823721008184,0.5988648977227382
ENSG00000109606,0.17653439989440756,0.3133264703539376
ENSG00000272602,0.6351698819638427,0.4923950123133153
ENSG00000109625,0.8747820209522849,0.9993980310263726
ENSG00000152953,0.3627888083471512,0.9776543108892531
ENSG00000163132,0.012047212327671714,0.020657302128554357
ENSG00000170891,0.6948801483211486,0.7485159720336523
ENSG00000155275,0.533722460795218,0.41245839285315633
ENSG00000169744,0.14049315847368973,0.26029109475946444
ENSG00000152990,0.12979547503170716,0.1964167323852574
ENSG00000154274,0.6844101407451337,0.4259588862018896
ENSG00000109680,0.3679800606893707,0.4600649767904704
ENSG00000109819,0.8190652408957031,0.896945941258951
ENSG00000145147,0.576151674478343,0.7356868470987442
ENSG00000174343,0.6582954958479447,0.160366210550129
ENSG00000171476,0.014172570330718389,0.03896014515268845
ENSG00000091490,0.053080117235243245,0.06747378443801323
ENSG00000182903,0.9483552488525857,0.8249365108087625
ENSG00000169019,0.09952121431575292,0.1788132353581852
ENSG00000109171,0.9357729026286374,0.5249047058558336
ENSG00000131127,0.019948685601280353,0.07349689738286753
ENSG00000145247,0.11990551325753022,0.4143966300889538
ENSG00000163694,0.8284237484609172,0.752318858743797
ENSG00000181826,0.04016644612098132,0.058376232389050126
ENSG00000157796,0.14760487697722638,0.08002696837297311
ENSG00000002587,0.9698709169357722,0.674138800236934
ENSG00000250312,0.3031695729831523,0.3409207549223856
ENSG00000145244,0.5745157816301815,0.8978010207395216
ENSG00000134852,0.33532596260919156,0.30723098028617635
ENSG00000087008,0.7881048218103616,0.5041124300012191
ENSG00000145241,0.0013204350096485363,0.018852762078986927
ENSG00000064042,0.075177453774942,0.09172578862044098
ENSG00000157765,0.0005668978701858214,0.0034032846175548557
ENSG00000173597,0.9679669061165014,0.7220762816439505
ENSG00000198301,0.32135338946247166,0.73140530363405
ENSG00000170516,0.32521675345595247,0.13285887648236994
ENSG00000213759,0.006522437831470897,0.0062071349982524395
ENSG00000138771,0.1494431163331275,0.2832443419858663
ENSG00000145284,0.3509140088174775,0.5459420968365081
ENSG00000109787,0.14729046060015527,0.2621739724804005
ENSG00000173040,0.23023096635865667,0.5677224716859871
ENSG00000189308,0.1080126394823005,0.16390275436771284
ENSG00000168152,0.2532597101986618,0.6581943139586444
ENSG00000170502,0.3827311014646648,0.6458155185612413
ENSG00000035720,4.7850892705644626e-05,0.004326584061162073
ENSG00000145246,0.447983826632924,0.6767217001868324
ENSG00000196616,0.0058325705317604625,0.0817522852486785
ENSG00000074211,0.0036698550329865402,0.00953544987683712
ENSG00000163138,0.7705937495657624,0.8398114108009612
ENSG00000171234,0.12164411390203732,0.06590733061109422
ENSG00000164038,0.01904531544005527,0.06671730298477976
ENSG00000169116,0.00810449481841918,0.01899670078771846
ENSG00000153064,0.02378224128948573,0.18486944469339
ENSG00000138678,0.01000623134612027,0.054231599968814104
ENSG00000174796,0.33333866019089514,0.3572187542634411
ENSG00000145354,0.12854780289992138,0.0644839129160439
ENSG00000164032,2.6234630178699662e-05,0.0002644893054155307
ENSG00000169288,0.03423551674133599,0.15980899928165676
ENSG00000145348,0.8214908395218957,0.7788343586063611
ENSG00000138801,0.7324758397354413,0.9936496217613165
ENSG00000156096,0.8636021718387477,0.539400591985159
ENSG00000138663,0.5792057358497864,0.5530192631247313
ENSG00000155011,0.3186029746971601,0.37641486153130443
ENSG00000236699,0.012506604719434627,0.07306969666925728
ENSG00000174808,0.1236095242707486,0.1535735254722867
ENSG00000164039,0.12494603291706875,0.5442139233610391
ENSG00000174607,0.8098569195437151,0.7436725643599271
ENSG00000248144,0.042371188382558114,0.18907695149897555
ENSG00000138780,0.21914485282011825,0.8611037994924842
ENSG00000124875,0.9373365459772298,0.4096526915246371
ENSG00000174599,0.8082691063336847,0.6077403699634263
ENSG00000081051,0.7255082154826729,0.6772260765801141
ENSG00000138777,0.7945250641095604,0.9257082695081073
ENSG00000033178,0.17041380733988912,0.4819992466525648
ENSG00000173376,0.005786584202836687,0.10292370054955191
ENSG00000164089,0.7340871361449075,0.3683482008472472
ENSG00000050730,0.3802023136163063,0.40527251691833077
ENSG00000138802,0.43135030600144053,0.9623853823149189
ENSG00000138674,0.3401754392291212,0.5756245740397555
ENSG00000172403,0.24612832333225854,0.5295880528184838
ENSG00000164099,0.6246433965524869,0.39260018719155776
ENSG00000005059,0.04300524669389205,0.07542950412437051
ENSG00000198856,0.05335478773584912,0.2485179544287339
ENSG00000150961,0.780228348952805,0.9313142866336065
ENSG00000164109,0.00031483128799345987,0.00865224147253221
ENSG00000138814,0.06901088401691952,0.07340624048909504
ENSG00000109270,0.2373329658476515,0.11463654552142123
ENSG00000151012,0.022672518069703673,0.040383357885426255
ENSG00000249242,0.14610153368293477,0.1309229463294534
ENSG00000134853,0.9321136641996162,0.9456699250290679
ENSG00000164035,0.11448283314395018,0.19008812732745878
ENSG00000164066,0.49790248646015856,0.6642603620101074
ENSG00000151470,0.5919475318015417,0.503333143191258
ENSG00000163631,0.49331414097440185,0.07934679444944646
ENSG00000145358,0.48968517984139126,0.3469152546392368
ENSG00000151466,0.030392562902775706,0.06284295254404428
ENSG00000138769,0.0050871400093226325,0.024584084708197798
ENSG00000138639,0.2804801708489193,0.988825087402871
ENSG00000138640,0.8610738043146322,0.6939679970139919
ENSG00000070190,0.9919068122783616,0.6590294028224064
ENSG00000170153,0.24064639819647812,0.42224044580684983
ENSG00000109445,0.0790987179161157,0.14062421486272605
ENSG00000138641,0.41316633235712086,0.38372198933755797
ENSG00000059691,0.14815456187307213,0.24870854012433613
ENSG00000151623,0.006773214178771899,0.06603763175481195
ENSG00000145425,0.9337418479922949,0.8084983178284694
ENSG00000164124,0.7930865612281423,0.7960245336129006
ENSG00000138764,0.2531665070932254,0.5938723285146235
ENSG00000145428,0.017607489242140464,0.2236108975119522
ENSG00000164169,0.5181017198981683,0.5408195444779791
ENSG00000177432,0.42755679228106,0.6933764313797157
ENSG00000151458,0.35017321320880535,0.3278744393974645
ENSG00000077684,0.14622852952430848,0.31365094909324365
ENSG00000163629,0.849655554822574,0.605771587220268
ENSG00000164117,0.9845404602714777,0.8867757032965277
ENSG00000154447,0.8238634468679,0.9102731765597972
ENSG00000153147,0.4808119249504318,0.41847946765526445
ENSG00000121210,0.3378552009546625,0.46406625272650304
ENSG00000145423,0.08859158778372817,0.4648492248511098
ENSG00000168785,0.20942176204695925,0.25179855417500185
ENSG00000163644,0.03127410941924516,0.12101078769382421
ENSG00000052795,0.01695361875529012,0.02572834949613253
ENSG00000164128,0.02091560166058975,0.049308704371327367
ENSG00000198498,0.0001690553560356301,0.0060549582833147346
ENSG00000163110,0.026983080676287324,0.05542461289892749
ENSG00000164118,0.43703388241746,0.6398553070183051
ENSG00000168556,0.0018877654543911755,0.0032014549841695088
ENSG00000071205,0.012024306470622905,0.08945792217144481
ENSG00000182552,0.054064322088145024,0.038852204658993764
ENSG00000164168,0.5272669334487372,0.9074512682677573
ENSG00000164136,0.4592175793683513,0.9269719503990026
ENSG00000164114,0.1817846093385595,0.20061257807307004
ENSG00000109576,0.5769253106443776,0.6852212447936785
ENSG00000109674,9.144279989417139e-05,0.0023819520132742755
ENSG00000150630,4.203124248912814e-06,0.0001361388988550289
ENSG00000145414,0.03941607049438524,0.0943989073693113
ENSG00000164144,0.8697254588104621,0.909759591256336
ENSG00000218336,0.002524920784413527,0.042680713794069854
ENSG00000173320,0.7429620226381857,0.6432019985703666
ENSG00000129128,0.170976722432514,0.33464632174088954
ENSG00000151617,0.6960230264943466,0.8165626930575954
ENSG00000196104,0.8608297750547207,0.4016358935149785
ENSG00000198948,0.009006814850426441,0.032780895475823746
ENSG00000109466,0.4102442490311833,0.9045270442819392
ENSG00000151729,0.10601124375064022,0.26899878712338654
ENSG00000038002,0.8052739350792104,0.45233491767670175
ENSG00000164031,0.20232188841830429,0.3886710247683487
ENSG00000145431,0.5180030031612204,0.8113665506228355
ENSG00000151612,0.6100825482843333,0.956284160649565
ENSG00000164142,0.47257792881793004,0.48576468675053996
ENSG00000168564,0.6584616705436535,0.585787820242085
ENSG00000179059,0.6211088074073976,0.3479038224885077
ENSG00000182168,0.8980156207323985,0.8575043761226228
ENSG00000151718,0.45069317114065455,0.5079770997105588
ENSG00000164120,0.9195206410886992,0.9301459345201021
ENSG00000168538,0.5905046640407727,0.9350971397794436
ENSG00000164024,0.026404759981907906,0.14685685246758573
ENSG00000109536,0.5426640544945662,0.785172829385188
ENSG00000170448,0.16536450242749867,0.41329144126146566
ENSG00000163293,0.08784120013094018,0.11931185640811308
ENSG00000226887,0.07348924957720823,0.15346101545226934
ENSG00000128045,0.8798978244409171,0.7071754421327676
ENSG00000248771,0.9022287217246844,0.6978703785828204
ENSG00000183439,0.5408280051820776,0.3236536130560339
ENSG00000132467,0.2476060735560017,0.26133246612672806
ENSG00000018189,0.03163338982127589,0.07952356203403932
ENSG00000170917,0.21370100211262455,0.09766186047378952
ENSG00000138698,0.15362324084925882,0.2978517186491027
ENSG00000196503,0.9239704579520661,0.842458643885613
ENSG00000173542,0.34197377112516103,0.7611818800033358
ENSG00000164104,0.011646749142583943,0.04920376228266685
ENSG00000164105,0.09922233507789237,0.11785661460943969
ENSG00000118579,0.8457431379283252,0.9778126970638272
ENSG00000163257,0.6888444496951728,0.6653940596033676
ENSG00000109805,0.0005731137697346712,0.005189918448053908
ENSG00000151014,0.04155248625058653,0.29771453227725025
ENSG00000109390,0.35143276275470803,0.47319680278146115
ENSG00000163950,0.013086983545189645,0.06416154948296993
ENSG00000168936,0.7774335933188578,0.894079540806312
ENSG00000168924,0.00869534697385681,0.08455562958115284
ENSG00000004468,0.3879603944605513,0.31666257792760966
ENSG00000137440,0.012260930083061384,0.18566109145063261
ENSG00000137441,0.5134805925150235,0.5458014412764883
ENSG00000007062,0.23839641101465625,0.2759719081544642
ENSG00000169762,0.037606001394565686,0.3440784994150635
ENSG00000145375,0.014943274233644634,0.04869617252508753
ENSG00000164056,0.14916895054579066,0.3659312723673198
ENSG00000084092,0.1314157083810585,0.2151329564473684
ENSG00000047315,0.47541260934476115,0.7915446966253091
ENSG00000163453,0.8582747180371266,0.9961961036769107
ENSG00000084093,0.5030343704380378,0.49101900401557586
ENSG00000164111,0.13200122462350958,0.08890102028956208
ENSG00000123737,0.03928632944575326,0.0280325744703363
ENSG00000145386,6.701674856234621e-06,0.0003637558817495583
ENSG00000138686,0.36087105296592403,0.47892427002523774
ENSG00000118564,0.916006556587566,0.28294132170319397
ENSG00000237765,0.610953612955428,0.8730878791023642
ENSG00000109743,0.42812379529725575,0.6468841881082379
ENSG00000132465,0.0004817178105487663,0.006089685166440153
ENSG00000186212,0.4775201936943153,0.9498452621446105
ENSG00000118816,0.4659763193876745,0.602361599641212
ENSG00000134962,0.3408823332817511,0.8356242039260939
ENSG00000121897,0.49429632867769047,0.2793053095416888
ENSG00000109814,0.072203624032995,0.30804286862560243
ENSG00000163682,0.14354580293523755,0.2227545181292522
ENSG00000145331,0.005290182857731489,0.020767699018035615
ENSG00000109339,0.18831376752559376,0.524169104425324
ENSG00000128050,7.620833914277114e-05,0.002636043644460228
ENSG00000137462,0.008851499536867287,0.0708255506152814
ENSG00000168743,0.3997961145217195,0.6683433617211547
ENSG00000053900,0.18511978074251703,0.20167090209271157
ENSG00000163145,0.003160522812998929,0.02508586134663485
ENSG00000164116,0.01819808913558769,0.10797899895922157
ENSG00000061918,0.287816996705055,0.7629452059940611
ENSG00000196159,0.6642911554214207,0.987268181886511
ENSG00000134851,0.3985575009300455,0.6315770691372011
ENSG00000109654,0.0288923006831092,0.010549628153263543
ENSG00000121211,7.455044966833444e-05,0.0008024183934005717
ENSG00000285458,0.9829686517801858,0.7515302382088196
ENSG00000145332,0.16397376710115313,0.20990195587163835
ENSG00000170509,0.012541446005216466,0.07767803870595767
ENSG00000198189,0.2651679438162079,0.5193583631751455
ENSG00000198515,0.09750396713969163,0.03143755270748444
ENSG00000164306,0.07840741843946818,0.20537747597632586
ENSG00000151725,5.139292758497058e-05,0.0013357327059259655
ENSG00000168769,0.3448277353903474,0.41465758149268284
ENSG00000181004,0.32802544675334183,0.3119263392710422
ENSG00000185049,0.10926732977248674,0.6366699753203471
ENSG00000185818,0.504356149191276,0.2540886307814878
ENSG00000109685,0.058669757625417616,0.24318092863565124
ENSG00000138768,0.32699105001903217,0.7291563277208177
ENSG00000138744,0.5613599931900615,0.542310754122832
ENSG00000090316,0.0468474818043492,0.3781899587112305
ENSG00000163945,0.35700733276864327,0.2835833569883491
ENSG00000170801,0.22029367142192155,0.6620570849682502
ENSG00000163995,0.8014870737411575,0.6630982039605909
ENSG00000138646,0.7949467316693364,0.5702773682115787
ENSG00000145337,0.7685657729170581,0.4427725469914989
ENSG00000255072,0.7685657729170581,0.4427725469914989
ENSG00000164125,0.917992937388757,0.7082511471758338
ENSG00000137449,0.08959275907221316,0.18772566211162253
ENSG00000152785,0.1052379348360496,0.22408291626228719
ENSG00000109686,0.6901358239422397,0.847438878843322
ENSG00000109180,0.13038329996209388,0.14919060498270356
ENSG00000138758,0.3376669661590469,0.8293059103719645
ENSG00000138738,0.7945780079130511,0.6637557224005652
ENSG00000189184,0.5067487597829825,0.5003090470294439
ENSG00000138757,0.37020447708981563,0.7801432600715626
ENSG00000138795,0.21102956357469385,0.13106814110082723
ENSG00000138696,0.18161784841196318,0.4884483415694618
ENSG00000157869,0.2493688919417213,0.2672334691170898
ENSG00000151790,0.3932867106014324,0.42886667976721826
ENSG00000256043,0.8906922774309286,0.7900185884226393
ENSG00000170522,0.0007790325116817066,0.05823648787332058
ENSG00000138660,0.00878572770450073,0.005534308458144546
ENSG00000109736,0.2463586251190085,0.2583369734705119
ENSG00000087269,0.28246299719328816,0.7797143519185227
ENSG00000125388,0.5597869525288132,0.5189788654038751
ENSG00000145287,0.5142822801094082,0.7070738441227915
ENSG00000173085,0.01645255585968181,0.014647522868195071
ENSG00000173083,0.013340046241133607,0.0015645824891642663
ENSG00000163312,0.15288332145110115,0.3714147554733589
ENSG00000163319,0.004884931582180615,0.004904463192147731
ENSG00000163322,0.3963579732122984,0.30284569759959445
ENSG00000109511,0.030394639912487986,0.021658927909664293
ENSG00000137628,0.05433455979759058,0.11314650787330564
ENSG00000128052,0.3186491939429789,0.284332017359287
ENSG00000163297,0.07381071231975322,0.0952498725743797
ENSG00000128039,0.16210767726552044,0.26148804075002746
ENSG00000288695,0.705191246802777,0.7690251625432387
ENSG00000153012,0.7685746708057003,0.8212715207016288
ENSG00000038210,0.5351843785599637,0.4482752212277439
ENSG00000109618,0.5894165967200029,0.9858866105664705
ENSG00000048342,0.3445798160294238,0.6283998426141703
ENSG00000153132,0.25517883410333964,0.07298938543946695
ENSG00000179387,0.18349717823634956,0.24060503434757463
ENSG00000121895,0.14285919918748244,0.26537530101698326
ENSG00000138794,0.09462086316666969,0.3357623023743869
ENSG00000123739,0.0803535695408569,0.22269810311804525
ENSG00000285330,0.9076928207890984,0.933295251798088
ENSG00000109534,0.0009527816257263998,0.00472867818533505
ENSG00000170365,0.5214215688224627,0.5398881269594995
ENSG00000151611,0.703950575587482,0.9897178103034148
ENSG00000137460,0.4182548655788805,0.6375651727794127
ENSG00000129187,0.14126329665226176,0.3556659563838155
ENSG00000109475,0.9233571591772285,0.9285966629412077
ENSG00000138756,0.6596980939423744,0.5473395585351605
ENSG00000153130,0.24942102248754588,0.27263618478008805
ENSG00000151247,0.02218632557615209,0.10549902287119019
ENSG00000152583,0.08463180291918244,0.17791482116880705
ENSG00000109771,0.0048298833104409725,0.1161409386992151
ENSG00000205208,0.13409730973822936,0.15483418963621207
ENSG00000171503,0.789487255148757,0.8804936867047177
ENSG00000171497,0.004423472817566445,0.01603890545220949
ENSG00000029559,0.1721587876157884,0.6864802668707413
ENSG00000118762,0.8966126626711151,0.9156201087345763
ENSG00000118777,0.8450884470687763,0.8491166087165115
ENSG00000196526,0.056624412862322525,0.22638590662645483
ENSG00000138772,0.7026497963167377,0.5244141985881902
ENSG00000138759,0.7136872603617808,0.7957645493123455
ENSG00000155016,0.020361933038892246,0.2313804014705018
ENSG00000138821,0.12468840140963604,0.4074981284286958
ENSG00000109323,0.3949623539572691,0.49403243696290167
ENSG00000109332,0.028894078971954302,0.08104068273878916
ENSG00000170185,0.7507048828723141,0.4781116975126968
ENSG00000145391,0.1705669250018814,0.47819599162449256
ENSG00000085871,0.6981555112020044,0.4054261800842359
ENSG00000184985,0.04025774487214962,0.05639406544529971
ENSG00000164022,0.08097928485601323,0.19156142027995948
ENSG00000157426,0.5973786643881288,0.503756480813694
ENSG00000128059,0.00300640669944509,0.021296080487430244
ENSG00000081041,0.33877778149552307,0.5583503874630209
ENSG00000138796,0.42120245231239706,0.822601440103204
ENSG00000138755,0.7897590659991974,0.7495491832293806
ENSG00000169245,0.6921087465944977,0.9058724195434064
ENSG00000169248,0.39272354218364625,0.5155607618917952
ENSG00000189157,0.014311687908384127,0.059390606264456254
ENSG00000118804,0.1533273663347267,0.15147582892884337
ENSG00000151806,0.4195010970737931,0.8249725183585742
ENSG00000163281,0.3471459207560237,0.44322897929073335
ENSG00000180801,0.33722469595156734,0.20181138356873812
ENSG00000125089,0.9907348600701064,0.9700566406617207
ENSG00000118785,0.10127441975526683,0.2370555261683416
ENSG00000109501,0.8287433352969658,0.6974134439085768
ENSG00000172493,0.7374084726574966,0.9932956662631999
ENSG00000196344,0.09209654125297154,0.13317376968914052
ENSG00000197386,0.5463146688396536,0.6190609876729785
ENSG00000109790,0.052122578517624946,0.29848752376260257
ENSG00000197894,0.5320862046193333,0.2860493640327178
ENSG00000163743,0.5385617158255622,0.4296137927173713
ENSG00000196620,0.28343217747078214,0.7104564731513026
ENSG00000013810,5.924311230850838e-05,0.001202944717228543
ENSG00000156234,0.11410357603998743,0.15036186221919456
ENSG00000164023,0.8684002565249133,0.9222603738157077
ENSG00000138688,0.05794507569339713,0.17379564400466793
ENSG00000132406,0.9893051536256428,0.9791656961723525
ENSG00000168826,0.91579034270024,0.9197210660212016
ENSG00000168818,0.004346860194645153,0.049373242213914634
ENSG00000168824,0.24211398667862424,0.7554727301631415
ENSG00000157404,0.004892406919045342,0.030078851272341296
ENSG00000013288,0.8591800053406156,0.8600363953567024
ENSG00000163993,0.01944888375796743,0.04351594956376857
ENSG00000178988,0.3473298949400542,0.17889359822842102
ENSG00000186222,0.0049695674145514976,0.048111134073875454
ENSG00000170871,0.6749716446498262,0.8627557843715871
ENSG00000243449,0.007295528392101751,0.03962512326186606
ENSG00000137601,0.5921922600049753,0.9476208479752461
ENSG00000056050,0.003077408048514348,0.0037251423026602327
ENSG00000181381,0.03918173893100975,0.2576120563751498
ENSG00000180346,0.8900797760073916,0.7007208843976047
ENSG00000168214,0.8451743050539811,0.6902811027535982
ENSG00000164096,0.5715078206161024,0.416526415492382
ENSG00000145390,0.7614644900118099,0.23275445141685674
ENSG00000035928,0.7215970612265815,0.8358349010490707
ENSG00000188517,0.1512211248678678,0.14154400216863153
ENSG00000138670,0.31908905821959616,0.7395220228930657
ENSG00000047365,0.1585719436323108,0.29099618367074404
ENSG00000132463,0.06979018716206148,0.3877847352975705
ENSG00000132466,0.4436372016253065,0.8218163472041347
ENSG00000196782,0.40822232562957783,0.3490281287307616
ENSG00000168228,0.26885249378754716,0.1890369429808576
ENSG00000138785,0.8535072550503259,0.4774336837995602
ENSG00000138642,0.2737356969526991,0.23001803856422148
ENSG00000145293,0.06387392114655792,0.12752140384230165
ENSG00000128040,0.651131388554318,0.7720660999192723
ENSG00000179010,0.011916453735334526,0.03141097288993373
ENSG00000138778,0.0004318123704952545,0.002461940020789077
ENSG00000145220,7.860376304611011e-05,0.00547673104940136
ENSG00000150625,0.7533952446848146,0.18013392793538477
ENSG00000164093,0.6331701257324305,0.5841938048648521
ENSG00000164167,0.1849825038173109,0.38944737786101347
ENSG00000120519,0.7628547317828286,0.9170836189137289
ENSG00000163739,0.8810851031393199,0.6138143151371132
ENSG00000163736,0.6260674550675376,0.6029637740594498
ENSG00000163735,0.047435347928406396,0.11761978182035829
ENSG00000163734,0.20446144953781975,0.09779867713186081
ENSG00000138767,0.5948229775741338,0.6467250194852039
ENSG00000175920,0.49293428043857024,0.30630140860377336
ENSG00000163956,0.8068240423454957,0.9455344528645551
ENSG00000159788,0.13643316374832873,0.08753865616938211
ENSG00000109381,0.296714205653001,0.3714959127403792
ENSG00000181617,0.0035522301920823222,0.04204877604014327
ENSG00000164323,0.4281279974722586,0.8782351837514597
ENSG00000109762,0.18659692233788555,0.3418048651785687
ENSG00000145476,0.29457010878232837,0.33679713684291823
ENSG00000088926,0.11729154086288147,0.559352800638871
ENSG00000250317,0.3686561668642171,0.4064283383759719
ENSG00000174137,0.5248516827462948,0.5251756724873538
ENSG00000145416,0.17574010753317174,0.19000346815055275
ENSG00000174720,0.24301347137780185,0.3588690007438783
ENSG00000178177,0.939942025095714,0.5630192104639677
ENSG00000109610,0.040107209035224405,0.029229263188624358
ENSG00000181982,0.12658398979203453,0.12313379747112396
ENSG00000138760,0.29348023323229827,0.857799660888927
ENSG00000205403,0.3581990035235576,0.42535041020405084
ENSG00000133256,0.020072743287067363,0.01704863358504687
ENSG00000169020,0.30413094916573913,0.28454135510266093
ENSG00000169026,0.07847358180759285,0.03619274486491741
ENSG00000168993,0.41207299288489485,0.9624500456879096
ENSG00000215375,0.07359758771905799,0.13439848214936187
ENSG00000169435,0.5728921009341406,0.24556842803716095
ENSG00000169429,0.10259282863206927,0.608156509856778
ENSG00000072840,0.6292981731653227,0.32722120706389884
ENSG00000174123,0.0007112620361255344,0.017014057609556134
ENSG00000174125,0.6336140478109686,0.7712298384248013
ENSG00000174130,0.09634894829851381,0.1191864494283358
ENSG00000197712,0.06830909482107253,0.42904487804992153
ENSG00000168310,0.7029835683666315,0.8191670188873177
ENSG00000198589,0.8842868272865352,0.8069224515290149
ENSG00000145335,0.4076226940222849,0.5319678110091557
ENSG00000138722,0.1396000862549749,0.45157958388378494
ENSG00000163738,0.29717003017789734,0.7004566217003898
ENSG00000124882,0.018125298331162772,0.38998635467063847
ENSG00000109321,0.048120657609398945,0.21489262298542333
ENSG00000052802,0.013727205298428023,0.10868617040573281
ENSG00000109472,0.30886552113815263,0.9127146725566262
ENSG00000073331,0.9383210215218873,0.8833404701463411
ENSG00000109189,0.45699083289027886,0.38488000125678257
ENSG00000170088,0.8959232313458984,0.7522030440690602
ENSG00000083857,0.06318730573186078,0.2993328120903637
ENSG00000002549,0.1925401196792235,0.2585031007999002
ENSG00000123933,0.3893134403928358,0.38111137285267793
ENSG00000159733,0.5251374244105615,0.6006000461587899
ENSG00000163104,0.42135111273594816,0.5938235284016857
ENSG00000163106,0.002220429276181136,0.01469886439175488
ENSG00000109133,0.02615585510456955,0.12674320071177167
ENSG00000014824,0.5507477888118466,0.5984516220937834
ENSG00000178343,0.7634798049700502,0.5623949386653478
ENSG00000185477,0.8573684261333656,0.7448193445414557
ENSG00000138798,0.8761615476503726,0.7124630721914856
ENSG00000138792,0.195357891373248,0.9356329963298204
ENSG00000178950,0.6653379255292755,0.9277265903637854
ENSG00000127419,0.5822549136025538,0.5058986966884008
ENSG00000145214,0.8154657428314998,0.5030471322613337
ENSG00000145217,0.3106272744063766,0.45800640007927496
ENSG00000127415,0.7461823566157957,0.9094480815435239
ENSG00000127418,0.22050109824029793,0.49733708278613586
ENSG00000125386,0.600644419569919,0.7874967362424247
ENSG00000168884,0.0028277991101930216,0.04114649212006539
ENSG00000087266,0.3101040978401509,0.42777801656812453
ENSG00000087274,0.3504935416638545,0.5129291025187033
ENSG00000184160,0.17694045098762928,0.3235493717153886
ENSG00000109320,0.9759330912920833,0.605945808207834
ENSG00000178222,0.3990037934223084,0.704864172123336
ENSG00000156136,0.22670792327707875,0.3185239480775123
ENSG00000145321,0.6648112396412256,0.6670836818532573
ENSG00000168772,0.11643709853575085,0.17732178168318258
ENSG00000186352,0.08032756559737295,0.12049971986941592
ENSG00000109775,0.5377169904505517,0.601351733200181
ENSG00000205129,0.39897304339712447,0.4654304464536372
ENSG00000168491,0.40379484933882637,0.6794081100869362
ENSG00000169851,0.00016215236030408265,0.0010289248013186955
ENSG00000164342,0.21976652909160868,0.19129118669870554
ENSG00000169299,0.0002316587435150328,0.009947998719696453
ENSG00000135605,0.5859810457751669,0.5035130324834
ENSG00000109689,0.45909570866248794,0.8170598212330329
ENSG00000065882,0.13074443688849655,0.2454274337315593
ENSG00000138750,0.061904573169339,0.33646891722998346
ENSG00000109184,0.4143566570455268,0.323650426707425
ENSG00000163069,0.13147940534383323,0.1317723380680184
ENSG00000163071,0.005037624063571918,0.05016044209400073
ENSG00000179299,0.021268924650596807,0.04454598500724507
ENSG00000163697,0.20672800428609706,0.32810758456074146
ENSG00000154277,0.17321094524378547,0.42510926974235697
ENSG00000071127,0.03701902081837419,0.12867421043533261
ENSG00000170846,0.7860184564217427,0.4232104111685
ENSG00000185619,0.05799152918627228,0.1079816409660346
ENSG00000168421,0.012237224304194303,0.03067779244937231
ENSG00000164305,0.17803815056698474,0.46877905530658537
ENSG00000164134,0.023006704098308933,0.14383907099045637
ENSG00000164161,0.6394631054478128,0.9773980886985074
ENSG00000164162,0.7708902881942408,0.6875420289285548
ENSG00000164163,0.02633987774699146,0.210117432880466
ENSG00000164164,0.4799409191665952,0.5390639842170011
ENSG00000124406,0.0027092134184495656,0.011839789095748024
ENSG00000152969,0.19689361420423065,0.3518461439022841
ENSG00000038219,0.24877962161720954,0.40150416990863125
ENSG00000159692,0.21970706363312528,0.5164225085323654
ENSG00000109436,0.18372966794433487,0.684533366293796
ENSG00000063978,0.030667318830667704,0.1692511148372564
ENSG00000184178,0.9744661276973267,0.6758421320094004
ENSG00000072201,0.9236859244560054,0.9065494383418795
ENSG00000109220,0.34424576150952335,0.2092090511795071
ENSG00000145216,0.03547768889020907,0.2563817414288666
ENSG00000109670,0.7551181211804934,0.909586951136829
ENSG00000075539,0.45006747693449,0.6564669711257192
ENSG00000109586,0.10567530335854561,0.4865165782571461
ENSG00000145388,0.7243309031362859,0.44589303299883687
ENSG00000109738,0.9423337503898724,0.8888508611477165
ENSG00000138735,0.16710904645236588,0.3200742034974722
ENSG00000214367,0.4216069816375917,0.48302184490511624
ENSG00000178163,0.9021742473171379,0.5628246459153522
ENSG00000109265,0.3626515045465928,0.26659248704429056
ENSG00000174780,0.05524241103204563,0.20775247764715224
ENSG00000138668,0.011772731792242136,0.038963577194117666
ENSG00000152795,0.3630005845904998,0.5388846736201828
ENSG00000164070,0.13680648096531317,0.40500765590512666
ENSG00000142731,0.0005939543158902974,0.008120741459503068
ENSG00000164073,0.5155013863915545,0.22904803364448403
ENSG00000164074,0.31848097445033974,0.27650016821722445
ENSG00000164040,0.24278146362555272,0.16059567093394914
ENSG00000138709,0.5917791736495908,0.8534531300996654
ENSG00000145439,0.7107223720288133,0.5681044138079254
ENSG00000129116,0.05997366192934625,0.420020073768298
ENSG00000154553,0.882494167843767,0.8947892523040833
ENSG00000080493,0.32749430736969853,0.42472237953071845
ENSG00000109756,0.7264183277590537,0.6990852331841559
ENSG00000170006,0.9163691380107379,0.626238653942148
ENSG00000145362,0.006954772191060588,0.03524737797714275
ENSG00000174749,0.7808778513189039,0.6831810386538759
ENSG00000163624,0.5996875508229462,0.999280904639125
ENSG00000163625,0.8165332427589329,0.8720481541119663
ENSG00000145349,0.4499874277968847,0.5020207881072589
ENSG00000109572,0.025421840893654495,0.08910247615342534
ENSG00000072832,0.4917530297130468,0.7371317706228511
ENSG00000083896,0.8583191615494976,0.7796999063959481
ENSG00000087128,0.002761437713458361,0.06560926964619977
ENSG00000151726,0.22462083860833257,0.17463134118433316
ENSG00000171566,0.31443807181939815,0.6144580866744392
ENSG00000171564,0.13710603939352578,0.20917179426526372
ENSG00000171560,0.02632052488121192,0.05005989748706652
ENSG00000171557,0.36024088506553986,0.5188801774597609
ENSG00000068078,0.5167304717754099,0.7411335693119282
ENSG00000159674,0.07128521155578342,0.21076966774417727
ENSG00000109458,0.5382212560212059,0.8212228113932897
ENSG00000151552,0.5087122193545641,0.42946055642038017
ENSG00000163683,0.5061091570980977,0.4041022617983463
ENSG00000078140,0.0036922149113442207,0.024412163692774116
ENSG00000121892,0.7400744646009592,0.9017559616657193
ENSG00000078177,0.07732838706463874,0.03683983534142333
ENSG00000132405,0.7134838249904143,0.7028886566073416
ENSG00000173013,0.4936481047732909,0.907008140434218
ENSG00000173011,0.8293910647200184,0.8062700103162561
ENSG00000109519,0.007784486934352036,0.02136599352786008
ENSG00000172007,0.6524500654169791,0.8138119593213817
ENSG00000145365,0.8194215472117389,0.7096396253852718
ENSG00000109255,0.06385489877673374,0.09120494501033204
ENSG00000090989,0.19504327464263305,0.24598416195462044
ENSG00000174799,0.2137187307670588,0.24267752648964339
ENSG00000154556,0.5818637018758785,0.8841899759278006
ENSG00000109452,0.19822643992019712,0.5391156182129908
ENSG00000109794,0.473658515632959,0.9752316435634099
ENSG00000152784,0.07643203462938572,0.022960336852057242
ENSG00000154639,0.3909445684714373,0.2112359591670086
ENSG00000277282,0.09190387233763048,0.11221483486744975
ENSG00000156265,0.34873374359776455,0.3652374739174844
ENSG00000142207,0.14551491330701657,0.3062354762385347
ENSG00000154721,0.028380476644442567,0.06775879327759826
ENSG00000156256,0.988494047343633,0.7745606020389018
ENSG00000166265,0.22767260454169078,0.2880926393364245
ENSG00000243927,0.9712771183625244,0.9419251501812754
ENSG00000198743,0.9890459511634315,0.9890130675216214
ENSG00000159259,0.003075156486591864,0.013850901091150381
ENSG00000156304,0.06971130974251935,0.14927629977961468
ENSG00000156261,0.000894838406925624,0.0053804562298054
ENSG00000154654,0.06910951538339889,0.04855090085597069
ENSG00000198862,0.8086189858436592,0.9915594869074745
ENSG00000156284,0.45225900816666365,0.4223032742622418
ENSG00000142149,0.23710147936847398,0.7169463105665326
ENSG00000154642,0.7839179126764294,0.8686707379419187
ENSG00000159256,0.5434228448074074,0.39179325648356544
ENSG00000159086,0.9281296731945305,0.8010409640912577
ENSG00000205726,0.04730207943305394,0.1128381692337333
ENSG00000241837,0.21781132697137623,0.18548788623602724
ENSG00000154645,0.48732886062591785,0.669666328875067
ENSG00000160307,0.04197150897830668,0.09274824772158292
ENSG00000156273,0.05100455164073293,0.15285223721139626
ENSG00000157557,0.20040369777522576,0.19245920312215722
ENSG00000157551,0.062100783615404324,0.07536896463034545
ENSG00000205758,0.510999519823493,0.6870996151385604
ENSG00000156239,0.17494751780958043,0.14550628345357616
ENSG00000249209,0.07579129049046324,0.3797815078411365
ENSG00000157617,0.20729457958345515,0.24416806711130445
ENSG00000173276,0.1516060874975393,0.2992345016059713
ENSG00000159228,0.5266473668705527,0.5946278710714717
ENSG00000159231,0.8984201823970341,0.9815984954595162
ENSG00000159216,0.2353219345030866,0.22356257587729578
ENSG00000166979,0.6774124889259328,0.6230271185316554
ENSG00000159079,0.29113952402750054,0.14029487792865664
ENSG00000265590,0.788719438496192,0.43516076246942437
ENSG00000154640,0.6561233001436524,0.3495301020855487
ENSG00000184900,0.027139986116403125,0.05156989823349382
ENSG00000154719,0.048340405169925396,0.05521448185925939
ENSG00000155307,0.20304431983009838,0.47873248802648105
ENSG00000205670,0.7361511921793236,0.9381165639673984
ENSG00000159263,0.039467293941387774,0.056233588693648036
ENSG00000160208,0.02832720084999421,0.1417612847249889
ENSG00000160209,0.05017403416862479,0.03487727799500334
ENSG00000160213,0.03365022068781783,0.13869648216388641
ENSG00000160214,0.06900398837285975,0.2664895781026046
ENSG00000160216,0.5823563173705602,0.9272970473917264
ENSG00000160218,0.28542386584210194,0.33745542696678477
ENSG00000241945,0.5200008302066836,0.5765588881872821
ENSG00000157540,0.7126882844361813,0.9583593972151756
ENSG00000141956,0.8155338023346591,0.9740177680599595
ENSG00000160199,0.23161973640275046,0.29371874336051007
ENSG00000160200,0.6695546392018794,0.8373516285651341
ENSG00000160201,0.8415450686280614,0.9823259432724412
ENSG00000185917,0.24884594672809066,0.26816619520193363
ENSG00000173638,0.5943932501132863,0.9932358846899123
ENSG00000182871,0.0787306661517502,0.4559797537814274
ENSG00000183844,0.22082333301289964,0.0980614934101865
ENSG00000154734,0.26581057530772123,0.27587517035397263
ENSG00000159055,0.003511851648448552,0.011833712980960523
ENSG00000160193,9.28358073459104e-05,0.009426952298406743
ENSG00000160194,0.6697721436400343,0.29280603459437693
ENSG00000154727,0.5372426754840856,0.3458008484276489
ENSG00000159212,0.0002189641962636532,0.002673617224647954
ENSG00000185808,0.4301571420491537,0.41364670114113
ENSG00000159082,0.362535847333905,0.6797875118827217
ENSG00000155304,0.05224773698609695,0.06727910439743447
ENSG00000183527,0.5289016524342147,0.9727158006266166
ENSG00000185658,0.5080098203358134,0.7018645239009547
ENSG00000205581,0.03185879076344833,0.08064207185868476
ENSG00000182093,0.3850392227636983,0.7351728321323805
ENSG00000183036,0.061881599631312005,0.07806792915647226
ENSG00000182240,0.061063651014390666,0.04612791311453797
ENSG00000183421,0.5827667472706903,0.28537778033635564
ENSG00000160179,0.798911914016748,0.7204208684642661
ENSG00000160181,0.5207545596029947,0.5421358871032185
ENSG00000160182,0.06475780509303838,0.12975335866515994
ENSG00000160183,0.08517148974420344,0.12244735482810878
ENSG00000160185,0.03192360938593352,0.09592141599964761
ENSG00000160188,0.552067548931874,0.8989801906638242
ENSG00000160190,0.06739188616291314,0.11774807106715218
ENSG00000160191,0.9967610437921764,0.8877000226002847
ENSG00000142178,0.6713322972801192,0.7466780129502486
ENSG00000160207,0.00027279700487035723,0.015542310394157228
ENSG00000141959,0.23878678646478801,0.698704671816372
ENSG00000160226,0.14891348482544306,0.22411348559653377
ENSG00000160233,0.6274929450201712,0.5398109875680628
ENSG00000184787,0.8687453032668415,0.8317118446949345
ENSG00000183255,0.00938592463495134,0.07497816807192281
ENSG00000160256,0.00011456061904329101,0.002858422390542021
ENSG00000186866,0.32309195740648355,0.4983617372845296
ENSG00000183570,0.565518980355511,0.24380939149420572
ENSG00000184012,0.0006294100295684958,0.009528606120599904
ENSG00000157601,0.12601492458680644,0.21690424654989107
ENSG00000183486,0.4168277139293224,0.9412521729499883
ENSG00000157578,0.18129913329698338,0.3486611543951169
ENSG00000154723,0.01668816853578856,0.018344858958800243
ENSG00000160284,0.5655310915024743,0.7583045163769349
ENSG00000160285,0.8520242683215391,0.4166801173673035
ENSG00000159267,0.6719047027150267,0.9041947748695702
ENSG00000142156,0.09663176048522736,0.466229788675004
ENSG00000160180,0.38503549176365626,0.3217103774488228
ENSG00000155313,0.21520614382939274,0.26035939603685515
ENSG00000142168,0.007369666541986918,0.00201673438275064
ENSG00000142197,0.6223071310010286,0.43024857907830305
ENSG00000233056,0.47765362479542506,0.7608526490939855
ENSG00000160310,0.49681835829461063,0.8722321208975004
ENSG00000157554,0.07070536523558436,0.08831874451738203
ENSG00000142185,0.352960936012251,0.5665991570508843
ENSG00000160294,0.7013550738137245,0.7681180894012026
ENSG00000182362,0.0578978213791146,0.12307497423608757
ENSG00000160298,0.6014707155556975,0.6405450468751326
ENSG00000160305,0.7214381790663681,0.7648431394825952
ENSG00000159131,0.07907497654408731,0.28055224029522097
ENSG00000159147,0.025128237499435983,0.10157977663611255
ENSG00000142188,0.008424913445287693,0.027804787487130934
ENSG00000243646,0.2493640054708752,0.5580004567219492
ENSG00000159128,0.8351094380657613,0.9868231142618078
ENSG00000157538,0.7761197138811586,0.7857225962679265
ENSG00000182670,0.4005738368427969,0.21904449503667758
ENSG00000160255,0.42390611589732596,0.36281215625536656
ENSG00000156299,0.8932037841183262,0.9420852007935726
ENSG00000185437,0.41145616330989465,0.898085893493784
ENSG00000160221,0.5183392192650229,0.5429577927847467
ENSG00000160223,0.09584840752036297,0.08628903424614975
ENSG00000159110,0.1618939563655712,0.26035825657250267
ENSG00000160299,0.7652686180652595,0.9911490113020879
ENSG00000142166,0.9365205815135,0.8113471767255721
ENSG00000159140,0.42064435230500663,0.42288660315691295
ENSG00000197381,0.907589919277089,0.793071335283478
ENSG00000142173,0.0342132159271403,0.18161739551762537
ENSG00000180530,0.28761155967479207,0.7581917351793901
ENSG00000159200,0.584173310003749,0.7983771334859616
ENSG00000142192,0.2405221036831537,0.19762309187745483
ENSG00000147853,0.4139141623764664,0.6890786753691079
ENSG00000120158,0.9585151131005183,0.5270020034120244
ENSG00000106993,0.22391525432717815,0.41945203747535564
ENSG00000183354,0.22991633217664312,0.6094349983598586
ENSG00000106688,0.23437775920061618,0.626275882443307
ENSG00000205808,0.6046723071935876,0.6620947437250744
ENSG00000044459,0.016932461168410698,0.023644565395437998
ENSG00000137040,0.39755235526194566,0.6985202116686903
ENSG00000176399,0.6937135373069517,0.40176250653153933
ENSG00000147874,0.3726735513555255,0.7232487594866941
ENSG00000122692,0.6901172135332881,0.3997689260206472
ENSG00000164985,0.3776467800804595,0.23057593378654737
ENSG00000137074,0.4244592208428857,0.32906603017333025
ENSG00000147854,0.21232884914585498,0.27868330597872865
ENSG00000153714,0.3032892432451402,0.9071252557781263
ENSG00000086102,0.5717114852400953,0.8356936958428447
ENSG00000137106,0.37355781712032654,0.5401900171953683
ENSG00000196092,0.0029329577767519296,0.01274977600581998
ENSG00000156052,0.8933697927298814,0.6039315307464268
ENSG00000165092,0.5398390161527538,0.8554544349452479
ENSG00000155621,0.7215927368374395,0.6981121047504186
ENSG00000197506,0.5532335652510663,0.4756614926673288
ENSG00000154330,0.015039292427525426,0.12631801782536473
ENSG00000135069,0.1621768742021501,0.4929119173351586
ENSG00000148057,0.6437348847753426,0.5573022239843064
ENSG00000165105,0.7501628613332045,0.4623550625096422
ENSG00000106733,0.7390515111884071,0.8747848532648979
ENSG00000137054,0.8246831731764983,0.9248719315665497
ENSG00000135052,0.004075927082243294,0.02699565545779402
ENSG00000083223,0.18644093974896583,0.1701539334482393
ENSG00000107165,0.014913850912743639,0.07848639709642179
ENSG00000156049,0.004827335991637795,0.01133782237984589
ENSG00000107372,0.8410046786645957,0.6863343389026568
ENSG00000156017,0.08469807270538833,0.26329763854528176
ENSG00000168795,0.20577285964854802,0.4539919651043375
ENSG00000135040,0.5227963258819488,0.7859717128739077
ENSG00000165233,0.080436024485291,0.18353244066286473
ENSG00000134996,0.4954769114381379,0.6333503243603342
ENSG00000172159,0.09577690630281276,0.030529315467531015
ENSG00000135048,0.6932916095887331,0.31634574898988876
ENSG00000130222,0.008888457130131196,0.023789972085348797
ENSG00000135045,0.006250243006241761,0.010470269488066284
ENSG00000136842,0.34641982007943994,0.6616746593193701
ENSG00000135018,0.02992596238951514,0.11178715444139167
ENSG00000136891,0.014747151440147292,0.08720878748268267
ENSG00000165030,0.08195273123115913,0.20761455463958414
ENSG00000204291,0.07316410464171219,0.24876487635676944
ENSG00000095209,0.026862139406031507,0.10377252177218839
ENSG00000131668,0.12987938954291314,0.4589528011666073
ENSG00000136810,0.0009639211480530972,0.0005313600614512264
ENSG00000165138,0.42729398305323296,0.540292147869653
ENSG00000204711,0.03633874928028558,0.0641368253663434
ENSG00000131669,0.22718285643104116,0.29106659898061243
ENSG00000197969,0.14814617523353987,0.23539997389335596
ENSG00000165072,0.016035707012875162,0.12284116467008077
ENSG00000119318,0.0006737032385559857,0.011630824726204827
ENSG00000196730,0.48818608268653596,0.9858726245327398
ENSG00000136925,0.7343560768322677,0.37734136459344814
ENSG00000078725,0.18919533924661602,0.5272479315723251
ENSG00000148123,0.018223845987316762,0.09779587113518667
ENSG00000136937,0.014447807132219947,0.08296811450650668
ENSG00000135046,0.11034331147347103,0.4155831240512532
ENSG00000187210,0.8761227463941966,0.8647210928815638
ENSG00000086061,0.011573063564026985,0.008970225388438734
ENSG00000196781,8.080485437998434e-07,1.260549686848335e-06
ENSG00000148331,0.8079012986786124,0.3638836392200958
ENSG00000180447,0.44146123180719055,0.8925031754637107
ENSG00000127084,0.005185980014394997,0.06444465141713236
ENSG00000137038,0.2627184997864436,0.606096769671491
ENSG00000119509,0.04210718243244011,0.17770048803733463
ENSG00000136824,0.002658199160555442,0.02803993846824691
ENSG00000251349,0.040645615325870174,0.08112740612683922
ENSG00000157303,0.01027534214010978,0.030814788296681928
ENSG00000148200,0.3993124384688378,0.627585446601421
ENSG00000148175,0.678102581901382,0.4415376003103787
ENSG00000165025,0.2916291072919978,0.425456259656496
ENSG00000106723,0.15555577937188006,0.2935752942335816
ENSG00000187742,0.20099117268787461,0.2788346651190883
ENSG00000197859,0.11409614092946498,0.14465541821578337
ENSG00000196739,0.2656547355742282,0.7035705722279977
ENSG00000136942,0.1911277180445037,0.5748572302864965
ENSG00000169925,0.3105004742444323,0.5399061954631783
ENSG00000106771,0.6132983040962434,0.5332813748640799
ENSG00000136826,0.04414766357148015,0.05133134138768234
ENSG00000167157,0.05572011626117039,0.29155868248348565
ENSG00000135070,0.5381744580053595,0.7722175759501573
ENSG00000178919,0.5220372331258754,0.9448594911033437
ENSG00000160563,0.2050998520531542,0.6794682023307657
ENSG00000136950,0.01220882449576795,0.05560071246780657
ENSG00000147872,0.1408505042726705,0.2579438019474428
ENSG00000186350,0.6157533569043669,0.6648846197078517
ENSG00000167081,0.9634838504676944,0.8514913534943811
ENSG00000119487,0.1363594082830339,0.18413283634003444
ENSG00000136940,0.6838721472410619,0.9313184627666824
ENSG00000119471,0.19759638242561015,0.9367851084554439
ENSG00000169071,0.04359182718328102,0.22794316451933308
ENSG00000165113,0.13007614535456152,0.17714165676605895
ENSG00000136935,0.6122099458938772,0.3087908880269926
ENSG00000130559,0.9508781538029507,0.5780123982817201
ENSG00000070159,0.8002332505433831,0.8943535647331365
ENSG00000165304,0.0001996406813335572,0.005308818149518279
ENSG00000181090,0.775839028275906,0.837629166070441
ENSG00000160293,0.047285168775023576,0.21757735367169745
ENSG00000107290,0.8777797956228444,0.6711963247151999
ENSG00000148344,0.0585052963461755,0.15170969729484077
ENSG00000125482,0.1936377267211941,0.40645187795785154
ENSG00000235106,0.2602484651171652,0.36147546315463164
ENSG00000136828,0.007998588778391935,0.06448039786320955
ENSG00000196814,0.0028684521665423325,0.019164787300329132
ENSG00000182752,0.7744738250742943,0.6225743130657755
ENSG00000119514,0.9250394728342233,0.9897269235200422
ENSG00000185585,0.49011791043092223,0.6718086675630015
ENSG00000136928,0.7474412728568574,0.2966948887730907
ENSG00000136856,0.998723984920977,0.9548353918846644
ENSG00000196152,0.07699042057871215,0.16833226949710317
ENSG00000197958,0.6046465453198653,0.9239537411136279
ENSG00000136830,0.03066351094038417,0.1264867572261471
ENSG00000187024,0.8618644322562343,0.8458251641849506
ENSG00000160401,0.10209201906581561,0.10674003190104679
ENSG00000160404,0.7429763663154442,0.644701524696099
ENSG00000095370,0.19342159923746144,0.18393327813539267
ENSG00000136807,0.43807572204995404,0.6563581348370057
ENSG00000136877,0.7752326662147846,0.29185204006518745
ENSG00000122694,0.49093903504532743,0.73721913266305
ENSG00000171169,0.9537123631126494,0.5562636238068239
ENSG00000148346,0.7563256820401498,0.4735987946933552
ENSG00000171159,0.7898765178128011,0.16795885978764605
ENSG00000167112,0.7886315779639571,0.7726556076883955
ENSG00000167113,0.44926851643872734,0.4221344863685511
ENSG00000167114,0.007698021569338786,0.18838755690212758
ENSG00000167118,0.020512767797163836,0.05142300841814993
ENSG00000198000,0.33610579781992644,0.6017160171650464
ENSG00000188312,0.07165394104032274,0.24484276646465478
ENSG00000106809,0.028566900312475465,0.05802209338156976
ENSG00000106819,0.5739440501142197,0.7134198857881857
ENSG00000127080,0.11739642743024625,0.3383085257339033
ENSG00000165115,0.17639278992328686,0.2602963798133421
ENSG00000165118,0.0438739426012778,0.23971586743423612
ENSG00000107140,0.15995216154974423,0.32003116650237495
ENSG00000159884,0.7401466298745878,0.7623029719746814
ENSG00000137135,0.0071844138878354525,0.011425357526400401
ENSG00000198467,0.025870854511676474,0.032090255649090176
ENSG00000107175,0.15326551063529065,0.058538373154631486
ENSG00000070610,0.4477349249068333,0.9262333874865898
ENSG00000107185,0.5695747338799848,0.5342419897385553
ENSG00000215183,0.4199324025996263,0.7105987387976883
ENSG00000137133,0.5896454314649219,0.7549998345517324
ENSG00000137103,0.007266118276412091,0.059354389881959874
ENSG00000196196,0.03704959159690941,0.03983850295554676
ENSG00000171843,0.1509328178131863,0.42353731168970543
ENSG00000187609,0.47024261918235555,0.7143294361893182
ENSG00000188833,0.9100543857105187,0.7861594534286656
ENSG00000130653,0.0016157949353472765,0.013749481985454101
ENSG00000182154,0.5257122522735976,0.7086141405369866
ENSG00000148399,0.22481522673840001,0.03723367149906094
ENSG00000165724,0.3698773066881407,0.6318471859505636
ENSG00000197070,0.9626174461736495,0.9599814899457916
ENSG00000188938,0.35616610699601914,0.35800439968635767
ENSG00000056558,0.47339424901628535,0.7330645743914204
ENSG00000136897,0.4084761061016382,0.3945522949221878
ENSG00000165152,0.6625444119568498,0.9806702952156956
ENSG00000155827,0.6183279695697244,0.8182656075112804
ENSG00000136881,0.31681507856376906,0.7444346059543605
ENSG00000120159,0.35736596924371167,0.26147395767146864
ENSG00000137055,0.4858094091804078,0.5628111389584072
ENSG00000178445,0.40209909955436574,0.5085335349932077
ENSG00000136936,0.3641842112676513,0.3213344734136392
ENSG00000165802,0.4753594660159235,0.2576683177833945
ENSG00000173611,0.03188759693979148,0.11430505116145219
ENSG00000154529,0.0053003840067456605,0.010249398267129228
ENSG00000148019,0.22156226150619165,0.5760097420266901
ENSG00000148090,0.5647812118161367,0.30848234747578196
ENSG00000119125,0.1822202347509031,0.2604244959854614
ENSG00000096968,0.5323250749670236,0.9510774040221371
ENSG00000106868,0.4451786179944718,0.8386636215682592
ENSG00000159069,0.15136201889737294,0.8142584556263901
ENSG00000107317,0.003195430227626608,0.014512614291145217
ENSG00000148362,0.20689872178944668,0.4025702989791524
ENSG00000169583,0.9274344825765942,0.7723376526751478
ENSG00000180549,0.05887198491364811,0.1887602768905661
ENSG00000107281,0.25836084618580574,0.23891139351136848
ENSG00000054179,0.01640861717223444,0.008059959828606975
ENSG00000186193,0.001222101851239789,0.03434228043041979
ENSG00000197355,0.2366532218949024,0.33988316903971916
ENSG00000176248,0.6876237802415118,0.5457814257323598
ENSG00000176101,0.7884945000992245,0.9815947660516032
ENSG00000176058,0.6820087284543147,0.5915278456847806
ENSG00000187713,0.6374704420328665,0.9186121565877936
ENSG00000188229,0.40047720606730464,0.8202655185731471
ENSG00000188986,0.27918792212506477,0.7509378960425958
ENSG00000198113,0.005555863974376639,0.001332525886133744
ENSG00000198435,0.005434275917443409,0.06580895371609838
ENSG00000120156,0.054932342695722176,0.07063349686441084
ENSG00000148143,0.8511125585646254,0.6535113980326622
ENSG00000070061,0.7302823439868655,0.8918080997655662
ENSG00000119328,0.12680653085446908,0.24063015594437528
ENSG00000119326,0.23269912362057624,0.36841085110839156
ENSG00000130720,0.0032483785688998696,0.014220246193141729
ENSG00000188483,0.0003220980839188605,0.0020468424435219224
ENSG00000283886,0.9374756332097439,0.5539090398747821
ENSG00000119457,0.0778901492429174,0.11170922943736131
ENSG00000136867,0.842205814722228,0.764825896630048
ENSG00000056586,0.9027096730291991,0.7445546881638347
ENSG00000186130,0.7892281537025541,0.6987571655471422
ENSG00000171448,0.21748839159383823,0.1998095793041621
ENSG00000011454,0.8807795035893214,0.647926109323566
ENSG00000165209,0.3892070486372803,0.4047480667347316
ENSG00000165060,0.3128805367897757,0.45714741036180606
ENSG00000119139,0.577746885869551,0.6297382053691061
ENSG00000172889,0.5703445994331117,0.403874715735138
ENSG00000169692,0.2788078503440815,0.22337978847626802
ENSG00000165716,0.5687211130280845,0.4218590226676082
ENSG00000177984,0.4634326708940498,0.6933788546556954
ENSG00000244187,0.06708105030545806,0.07928439231172238
ENSG00000196642,0.1812166507634312,0.37518844051199784
ENSG00000054148,0.9444642350628557,0.49121565212905927
ENSG00000177943,0.39229309695035075,0.38137928997566983
ENSG00000107223,0.453185733865177,0.3891466495601753
ENSG00000165689,0.23262854810784922,0.4843099341448658
ENSG00000148384,0.46402954276693775,0.4527640980826698
ENSG00000106701,0.8111440503494879,0.8997927261562303
ENSG00000156345,0.18387582457261034,0.6830041915737005
ENSG00000135049,0.6820674648656433,0.9353026486561854
ENSG00000165185,0.15696409140479656,0.22291078787839658
ENSG00000136866,0.6639687575296787,0.9743811677116485
ENSG00000148335,0.059548457167083846,0.37173916802748186
ENSG00000066697,8.705058198500051e-06,0.0006329145648914801
ENSG00000130558,0.0318752953657896,0.2501592052317258
ENSG00000147905,0.3592819353915946,0.3685653702741405
ENSG00000107362,0.9800286608653446,0.9655490228316044
ENSG00000107077,0.06351727341339902,0.4480977124687422
ENSG00000196873,0.4192158713265476,0.5026382396176861
ENSG00000119314,0.0548512852630218,0.22465853177881745
ENSG00000106692,0.03293797592657201,0.047452306082011356
ENSG00000147912,0.5545694072704194,0.5140123191329058
ENSG00000175768,0.007716437587326981,0.032596840783602914
ENSG00000070601,0.36579996951303506,0.6255374863456504
ENSG00000165275,0.08071683211497557,0.430347489485571
ENSG00000107371,0.07510276012505013,0.15956060467220276
ENSG00000122741,0.8150386683252466,0.7015558286863051
ENSG00000122696,0.48318263069837586,0.6785887027685109
ENSG00000107338,0.8784523304047777,0.8460358007927444
ENSG00000126878,0.6312305642712865,0.5754887660059461
ENSG00000050555,0.6816685336660226,0.7235543399987204
ENSG00000130717,0.9070199582553502,0.9299991231872663
ENSG00000106991,0.45325538772172136,0.492508589358292
ENSG00000106992,0.1355647399549921,0.3075267461211082
ENSG00000136840,0.025362301296454226,0.03298302687974075
ENSG00000167103,0.02025535108018513,0.019466724852038438
ENSG00000136908,0.5610984118324697,0.826001779602553
ENSG00000167106,0.3806662833730199,0.952713886065479
ENSG00000158122,0.4730564570252621,0.4030535292942816
ENSG00000196597,0.34197262710704035,0.5601349147616494
ENSG00000119421,0.019009647608218293,0.04158455326227924
ENSG00000185681,0.06309126013343613,0.16296942333220543
ENSG00000119446,0.6440983813303917,0.5593272201133477
ENSG00000148187,0.03661155189682408,0.18056528938862904
ENSG00000107186,0.42482653907288703,0.7789130086475636
ENSG00000157693,0.13263784150611974,0.13726887525137144
ENSG00000181634,0.07304421687373941,0.11825842284276844
ENSG00000136888,0.3013880387037729,0.22854441254629768
ENSG00000095261,0.6661025044501983,0.6759933878963805
ENSG00000119403,0.011328747955490763,0.07321121978587737
ENSG00000119401,0.39614842279304785,0.34357598394218736
ENSG00000107341,0.002964190705868773,0.010748130492079342
ENSG00000198876,0.9257041977640258,0.9777112907137357
ENSG00000135047,4.836931472336641e-06,7.58299685361127e-05
ENSG00000164946,0.5230418847568612,0.9840752092258429
ENSG00000148334,0.08094342761027916,0.5211101510858311
ENSG00000198887,0.8695211898090341,0.7306592676114265
ENSG00000136783,0.5106695047035136,0.490839548080946
ENSG00000165029,0.5054612726682584,0.45854372426070633
ENSG00000136918,0.11503159637144657,0.23420581059359524
ENSG00000188523,0.061753396659852584,0.1571522359449807
ENSG00000148358,0.20083345104895692,0.4027809837354034
ENSG00000096872,0.46703091906692706,0.668664932712284
ENSG00000175893,0.07500125419510695,0.21367890004052775
ENSG00000165283,0.050847763460779974,0.15533638056068472
ENSG00000005238,0.4508070502597309,0.5590625911511822
ENSG00000155876,0.7957679090287709,0.9457621699244351
ENSG00000122735,0.09978707924980004,0.3178819946325257
ENSG00000168913,0.20295153111448228,0.469560692211072
ENSG00000164967,0.35927113132088095,0.25179813787926164
ENSG00000137100,0.6652225889787226,0.8553734264080782
ENSG00000213930,0.6450737394799491,0.7752515242553799
ENSG00000187186,0.6981781607133861,0.4127116989907301
ENSG00000172724,0.08524226762389187,0.1650036455159859
ENSG00000137077,0.5947959064088717,0.5309130464233667
ENSG00000147955,0.021840879156156713,0.13643524521048508
ENSG00000148308,0.04886259767330006,0.1823124358883621
ENSG00000170835,0.039233874719606925,0.05834022996928324
ENSG00000160271,0.15506164127632865,0.10858046903308861
ENSG00000148288,0.5028549191382072,0.8562818873889954
ENSG00000175164,0.5057527210237363,0.6672598157842218
ENSG00000148296,0.5316850851343689,0.4990181212903545
ENSG00000148297,0.8072740506084398,0.6232920731464433
ENSG00000148303,0.4315929198411629,0.7063021748657233
ENSG00000148290,0.8844038984810657,0.5933876894641675
ENSG00000148291,0.6671399785030832,0.6037002180163873
ENSG00000148248,0.11875408325100704,0.40426378296115695
ENSG00000148300,0.02015642647314776,0.11580890230908301
ENSG00000160325,0.4065255929106094,0.7857250434053434
ENSG00000160326,0.817880535708662,0.6855224685875011
ENSG00000136943,7.54585684467059e-05,0.00017664625165987515
ENSG00000122707,0.927134967378927,0.9181048836134417
ENSG00000159921,0.36502839706416723,0.19971641476120824
ENSG00000119414,0.842667026140326,0.6405291658589942
ENSG00000136933,0.11328155890181055,0.34693471029562806
ENSG00000044574,0.1117125133888075,0.18669883159699785
ENSG00000122729,0.9200968923223437,0.8481570945426158
ENSG00000165264,0.5218824445333539,0.3604492104402346
ENSG00000107201,0.30807810115668444,0.2533991298745117
ENSG00000197579,0.8643923342407738,0.8178893861607952
ENSG00000148400,0.7165907716622598,0.44879722622273
ENSG00000125484,0.4185254204302188,0.6953654167231136
ENSG00000165695,0.05834618669663638,0.09202535828720801
ENSG00000165698,0.07070054649006174,0.14195797683329714
ENSG00000165699,0.948944503171241,0.6590396455523898
ENSG00000148356,0.8657847520807096,0.38228614642211656
ENSG00000165280,0.01092284939630333,0.009568765019715732
ENSG00000147852,0.7823880241120099,0.29407188925000655
ENSG00000148341,0.5394911698942408,0.3562040020491568
ENSG00000167130,0.2488169513868741,0.4764189199859713
ENSG00000160447,0.10029347533587821,0.2227538579993536
ENSG00000160446,0.056592709542136556,0.2304218658129259
ENSG00000160445,0.29446993165884117,0.26160142096425576
ENSG00000107021,0.645389997894378,0.7290157588773645
ENSG00000167136,0.3136181123619872,0.1888657278794412
ENSG00000198917,0.43972379688807384,0.7275748541583219
ENSG00000171097,0.4268513427801873,0.5563085384107871
ENSG00000136802,0.003101936148618734,0.012993110416257675
ENSG00000175287,0.13030809863190704,0.26969393696433447
ENSG00000175283,0.39727887651731064,0.5844082417029033
ENSG00000095319,0.26782431411395335,0.40633337895382715
ENSG00000095321,0.4303143935018,0.9448404041554658
ENSG00000119333,0.034606192940921876,0.0948793750570278
ENSG00000187764,0.35931683813405446,0.7777910150467748
ENSG00000081386,0.15432802080154998,0.33902585067288127
ENSG00000148219,0.28884126157707596,0.4180271326761067
ENSG00000196363,0.0732047661007938,0.36862242784291854
ENSG00000204136,0.08332160371702163,0.3410994281539184
ENSG00000188959,0.15689840074808195,0.598946993727815
ENSG00000184709,0.7360888351937676,0.8615389233922348
ENSG00000095203,0.8578186870847798,0.5209952967648347
ENSG00000127083,0.6145411315097706,0.46999588583926266
ENSG00000160360,0.5460475361911741,0.792706903397312
ENSG00000130714,0.4306787346744647,0.8055531644706858
ENSG00000188747,0.10014488363263252,0.09245421074612241
ENSG00000137073,0.05600153008049161,0.06943827060763787
ENSG00000010438,0.003686155543415043,0.024242279816512592
ENSG00000148339,0.746149521605506,0.7971940883251488
ENSG00000137094,0.9801137932484132,0.6253419425434316
ENSG00000177239,0.6875417124885278,0.8416033378826178
ENSG00000107249,0.855870921462174,0.694198047486976
ENSG00000175787,0.25353915872646904,0.47777584500356973
ENSG00000165140,0.0011708470555578392,0.0037741609038168056
ENSG00000106780,0.28634728076927873,0.22553397622245844
ENSG00000119402,0.8680216622572433,0.5542299746286241
ENSG00000119392,0.4511703047767933,0.5862228303011591
ENSG00000165006,0.9611506260765655,0.9276441702238442
ENSG00000164978,0.0840656866316037,0.1096571523869335
ENSG00000164976,0.01567084009389906,0.04628693073876385
ENSG00000186638,0.20829990703447393,0.1966374990820322
ENSG00000173258,0.008795672835866849,0.08302414541983656
ENSG00000106853,0.026988267179875264,0.05240180587141066
ENSG00000059769,0.12350659688964213,0.11855631928941962
ENSG00000244115,0.057493424628186164,0.09298535559655231
ENSG00000242616,0.05606752812956257,0.13013616368566452
ENSG00000148154,0.28259334580491263,0.12441986870239236
ENSG00000107130,0.05148620472001324,0.29001177663693234
ENSG00000130707,0.26734258117922416,0.25875956875502715
ENSG00000148120,0.28929438539913244,0.17647455503309045
ENSG00000136870,0.37736944739612077,0.6680393399755888
ENSG00000160408,0.0052851977509330034,0.013246782695099091
ENSG00000274349,0.012898236460790819,0.1681658151053297
ENSG00000135063,0.0006742692774852033,0.013526674851729828
ENSG00000198680,0.8975635692128924,0.5683471532893876
ENSG00000119138,0.7127542946626101,0.7503367002673487
ENSG00000080608,0.3591822667737048,0.36687617631852854
ENSG00000137033,0.01134838998506855,0.08170299995727684
ENSG00000136813,0.14270057314343837,0.1324312656086739
ENSG00000188566,0.8625186975946726,0.5725515857654181
ENSG00000148343,0.3157720137143993,0.11057382597611297
ENSG00000196305,0.3668715087299188,0.9891461844499114
ENSG00000136868,0.9592422112146622,0.7996023664095184
ENSG00000176386,0.024984841613168732,0.0343360253934316
ENSG00000136875,0.009960330556747238,0.04063547698611892
ENSG00000165188,0.4812503547781555,0.5148917859469785
ENSG00000148225,0.27781569542747175,0.242672941876024
ENSG00000119411,0.2238082221939941,0.12758896785214444
ENSG00000119431,0.5275541654267311,0.3703418206166582
ENSG00000148218,0.21879957981454967,0.3530449768890207
ENSG00000148229,0.050643299579347024,0.1600368694824267
ENSG00000188352,0.09735453076787148,0.20814940669723056
ENSG00000188921,0.05003592199755558,0.2273263616793653
ENSG00000235453,0.095659660405055,0.41263643015742946
ENSG00000148396,0.6427967496945984,0.9301200996269294
ENSG00000080298,0.055240552346934195,0.21231622223121213
ENSG00000107104,0.06904899902936422,0.38660328791721654
ENSG00000095303,0.497265045088363,0.6955201518032896
ENSG00000175764,0.014176783853540329,0.031054851086894916
ENSG00000106927,0.10347459887174724,0.1762994745685469
ENSG00000136883,0.07996211805620655,0.21935086328160527
ENSG00000159899,0.4397568917790715,0.4785205487053321
ENSG00000185920,0.046243391709044714,0.06707339871732967
ENSG00000164972,0.07330655235922237,0.1189189516682761
ENSG00000164970,0.6339677200059135,0.5916763286557822
ENSG00000165238,0.4728905083119481,0.5335922341815935
ENSG00000125485,0.7878028013358721,0.5458485094868206
ENSG00000136872,0.48545106078787026,0.9624010133151164
ENSG00000136932,0.25166294491158114,0.45922602631637854
ENSG00000107159,0.04926151923484431,0.043813591078136635
ENSG00000123453,0.10938152983993042,0.1800522565294977
ENSG00000148337,0.22926162952144655,0.5937341690463623
ENSG00000165219,0.33304312972814765,0.38305890666528875
ENSG00000147862,0.06063921190678492,0.24137158979393986
ENSG00000198121,0.3832242478475114,0.2817368973922735
ENSG00000165124,0.2323559764392425,0.23869613741153692
ENSG00000196358,0.9795798051337042,0.783778588388981
ENSG00000167123,0.5945353708211185,0.5073292369342003
ENSG00000106772,0.18802055306631751,0.3977348022274221
ENSG00000148110,0.007218329466797565,0.02354114488702929
ENSG00000137078,0.008141488851708581,0.025677710087391864
ENSG00000137101,0.8670679220696575,0.9329358492058543
ENSG00000148053,0.04612343881921614,0.08511628079394613
ENSG00000165272,0.012335650392450664,0.0791295213974799
ENSG00000122133,0.9412008775139147,0.6173462487020017
ENSG00000127191,0.06501571227792426,0.22318912535233099
ENSG00000232434,0.8581396605508058,0.9368426582798282
ENSG00000119335,0.009708948601369064,0.08368074805829921
ENSG00000157657,0.5387651061707195,0.2591475031105684
ENSG00000106689,0.025592394994246155,0.19814083315111417
ENSG00000107099,0.07546315373919732,0.16868184717352147
ENSG00000090054,0.014281764470897492,0.10331074414606592
ENSG00000119397,0.5458338708748792,0.35394431366592394
ENSG00000107331,0.4630146478703432,0.38194581690888396
ENSG00000137124,0.30588798865829037,0.8088560942780259
ENSG00000137142,0.05322949239114242,0.133573000186202
ENSG00000214654,0.6479486873538307,0.6797455269382731
ENSG00000137145,0.8012079273195385,0.6859483941127765
ENSG00000137154,0.2783642313267602,0.30987494060087367
ENSG00000177076,0.11496747635589509,0.15115826036958427
ENSG00000107036,0.7444335391205021,0.5776551802246511
ENSG00000099219,0.628939838919657,0.7476783437780463
ENSG00000137070,0.0207774207160425,0.15740728629013775
ENSG00000119321,0.7614980796692526,0.8513089023303296
ENSG00000178966,0.12275260255970907,0.26482708511127695
ENSG00000165269,0.13430680810406137,0.4834291941603578
ENSG00000165271,0.42344237795810413,0.6271187783943755
ENSG00000130713,0.0030349060426838087,0.04473215870103578
ENSG00000212864,0.6073651035503012,0.4023549221415941
ENSG00000165684,0.5066777107870482,0.5269138917787539
ENSG00000119508,0.9039560599968397,0.7770403373030934
ENSG00000136874,0.28573967598036787,0.39776508647219677
ENSG00000136861,0.16179916551753984,0.3266939016154771
ENSG00000164975,0.9988682672661798,0.8778912877627147
ENSG00000198722,0.00317515763764065,0.03214267118348711
ENSG00000106823,0.3328544882704037,0.41319971053447724
ENSG00000106852,0.46026563177346114,0.3696912482286817
ENSG00000023318,0.3417385486106908,0.5419788314015692
ENSG00000196422,0.826850283790043,0.9478172798541058
ENSG00000160345,0.5533765277205305,0.8793300178387908
ENSG00000122136,0.5069016254420184,0.28811248531327127
ENSG00000126883,0.7743272444843635,0.7221495244976437
ENSG00000169155,0.2756975806880357,0.53604194960158
ENSG00000136859,0.0749055716470335,0.2264855767933606
ENSG00000172785,0.6296755155207441,0.8716169578832315
ENSG00000147996,0.5927810671978514,0.702972596569633
ENSG00000181404,0.6269156906578761,0.9491419351895536
ENSG00000187796,0.04737603037225636,0.10683633482339652
ENSG00000158169,0.0176023280103567,0.07654727401861239
ENSG00000119408,0.5296399849360086,0.901157309907646
ENSG00000136930,2.7484026581506266e-05,0.0003347612158570166
ENSG00000175854,0.2753614651822775,0.4484884131437378
ENSG00000182150,0.5674039038474782,0.6434011483991462
ENSG00000221829,0.12651479384213568,0.3216080932157613
ENSG00000198642,0.06454887656827005,0.4713746555100671
ENSG00000099810,0.9103743194085786,0.40224828274422086
ENSG00000147889,0.19917851032566908,0.046160962284208205
ENSG00000147883,0.6189885807602791,0.5819849929026777
ENSG00000198853,0.1940460434501689,0.340443545662758
ENSG00000215187,0.1120323758356577,0.14671345869458857
ENSG00000122140,0.005899786567392694,0.06473164775546052
ENSG00000107014,0.8699338879243492,0.9717762539147373
ENSG00000107020,0.39735286516798807,0.6985359960746167
ENSG00000120217,0.35447228695884403,0.8117976975330312
ENSG00000197646,0.9884985230483345,0.7962041064550784
ENSG00000120162,0.01715089432591332,0.04071268258277844
ENSG00000147894,0.1876558737165596,0.4048101621872463
ENSG00000177125,0.7271891480631707,0.9314401602157595
ENSG00000213694,0.31407544684529093,0.4634894486474366
ENSG00000148082,0.032168799412809604,0.11334955293149836
ENSG00000123975,0.0018728079617784514,0.012347536965543656
ENSG00000119523,0.8268382619483499,0.7228454111725435
ENSG00000106803,0.06143016055689311,0.17481482766505185
ENSG00000106799,0.14375597370230025,0.1475849501154981
ENSG00000197724,0.7290051180478512,0.6776395480229529
ENSG00000048828,0.33626105270604884,0.6111322668520476
ENSG00000188647,0.652511103706387,0.6138227109332621
ENSG00000070214,0.0220374275423441,0.10302939762831334
ENSG00000119383,0.07573378148860643,0.12941064944540692
ENSG00000229314,0.1515030583734085,0.3590456574104586
ENSG00000228278,0.24044143334288043,0.3428735598036994
ENSG00000106948,0.025533965922514806,0.06659302342202551
ENSG00000095397,0.6858549717197295,0.48416937152850026
ENSG00000119522,0.010117232617274569,0.12239573324638547
ENSG00000136816,0.30025591230548065,0.5019977878042057
ENSG00000136827,0.0377534573912085,0.13783441812710662
ENSG00000136819,0.3033981945155027,0.5853001646633419
ENSG00000136878,0.07518999310805552,0.040004604100796634
ENSG00000148180,0.6869714024995532,0.6326421248213306
ENSG00000106804,0.8395924483173077,0.594163172095328
ENSG00000107164,0.01677785902543935,0.16459559041159558
ENSG00000158079,0.8023709026058966,0.9218388652054217
ENSG00000136848,0.6273199087511845,0.42234112829613846
ENSG00000283526,0.21025736094129105,0.49518570423358854
ENSG00000157654,0.33824485770478185,0.3442412383110689
ENSG00000284976,0.518011208692875,0.6190710757961595
ENSG00000167110,0.5099989151576003,0.7493736801830235
ENSG00000136869,0.1129560352753765,0.17385618484992488
ENSG00000165282,0.23705824022170705,0.1856673945282556
ENSG00000160323,0.9052504941129073,0.62672291453138
ENSG00000173068,0.6301812098384494,0.49117214634007067
ENSG00000185963,0.7332735583480934,0.8642757444591054
ENSG00000127081,0.34369602632731,0.14421420039918148
ENSG00000165023,0.30448316957060845,0.3073495213666007
ENSG00000196116,0.16483892140924378,0.34019288547959253
ENSG00000136938,3.975758515890009e-05,0.0006959167372322274
ENSG00000095380,0.05670611759811127,0.09028140083342563
ENSG00000106785,0.5820642936274609,0.8684484677947757
ENSG00000106789,0.3540454638783407,0.4563217882151478
ENSG00000095383,0.9940768232177462,0.946946426652189
ENSG00000107242,0.13181398049922127,0.6036357434007422
ENSG00000187866,0.13704283272104123,0.11953878102690772
ENSG00000187239,0.25149567914928345,0.3061337598593872
ENSG00000155158,0.14807889079633377,0.350062854869161
ENSG00000120211,0.0003023325144922292,0.003452900833572778
ENSG00000138835,0.2502731847409742,0.21529655976183817
ENSG00000119396,0.3579397555016395,0.49969058777522735
ENSG00000197694,0.7220190455421521,0.9078492412297152
ENSG00000080503,0.39466605517430653,0.9417278383148177
ENSG00000165119,0.015701421062086687,0.09610562361634713
ENSG00000136854,0.019810849621864964,0.04438177414329165
ENSG00000126882,0.02139515422109367,0.07053310112975432
ENSG00000097007,0.03961587943982782,0.1634682724881699
ENSG00000106952,0.019698000999487757,0.08967143329398716
ENSG00000041982,0.286445590061895,0.5562120637952199
ENSG00000197191,0.1389231436196114,0.309987162288666
ENSG00000106976,0.5053307832835687,0.6002461784936126
ENSG00000137075,0.39352892595038924,0.5642305531484348
ENSG00000122705,0.15583721952408788,0.18597379484938897
ENSG00000130635,0.0142348204177245,0.10816666489375491
ENSG00000085265,0.020284406997741204,0.07186984267810531
ENSG00000106829,0.8671836058171853,0.6608920980057089
ENSG00000213221,0.1665607580433972,0.12697485591001487
ENSG00000130560,0.5003188230988298,0.9549233584226465
ENSG00000148411,0.8052152537849564,0.7013719361328268
ENSG00000238227,0.0035651455217167753,0.0403269385573493
ENSG00000165661,0.2667796865069627,0.5434577686600177
ENSG00000148153,0.8858403682787723,0.9277562889603637
ENSG00000148158,0.0009869356706302982,0.006949452151668524
ENSG00000107263,0.7818927771952129,0.6631211433634998
ENSG00000176978,0.21502101853679764,0.38557436902925246
ENSG00000130958,0.41491829563464744,0.7247062687939123
ENSG00000165244,0.0034346908904696037,0.03425790059798924
ENSG00000130956,0.3080765692266148,0.7233803363101958
ENSG00000086062,3.6232516157831064e-05,0.0007016062444114888
ENSG00000122711,0.36534866023857726,0.4687693923893861
ENSG00000107262,0.502294122002465,0.8584515774511499
ENSG00000086065,0.08301874157218425,0.06712200788742415
ENSG00000137076,0.7318755879060068,0.8140797226457771
ENSG00000136811,0.733802757975774,0.8232786017903255
ENSG00000165688,0.5070553933773888,0.8659188210018343
ENSG00000099139,0.25998652465897837,0.2928409981086509
ENSG00000135002,0.2869377898701566,0.4954234326268163
ENSG00000078902,0.8032512141520953,0.41902630362233084
ENSG00000117983,0.10577635884929226,0.2467859282691909
ENSG00000174672,0.35205864440671153,0.09423880118802073
ENSG00000053918,0.0071827364817315335,0.05449560366501677
ENSG00000132109,0.5214398950293702,0.3006275567412787
ENSG00000149054,0.5692328104969423,0.29156373777891903
ENSG00000110328,0.1762531533629994,0.16326031721060805
ENSG00000175868,0.4714132002943753,0.8451137607478256
ENSG00000177054,0.554797427822284,0.7764488793258282
ENSG00000215182,0.5371373756709197,0.4470456415067048
ENSG00000183161,0.4050397679723151,0.7577190597013113
ENSG00000167333,0.3950899578886612,0.8994602514969812
ENSG00000152219,0.49180895249073253,0.5590674250069906
ENSG00000129158,0.3919885225360985,0.9595697977047144
ENSG00000121691,0.009820018064511235,0.06816323278221018
ENSG00000149100,0.0003357508307126726,0.006492079689501662
ENSG00000166478,0.518080016558752,0.8157736073718305
ENSG00000129151,0.0717558594418316,0.0480307648209292
ENSG00000179431,0.00017113028212959976,0.0016112076563917692
ENSG00000133818,0.21224748937370444,0.07567060691926922
ENSG00000262655,0.83945162860727,0.6916403789024554
ENSG00000086205,0.31112575009729987,0.36560248286538777
ENSG00000198168,0.783529107953864,0.5335637493688925
ENSG00000170946,0.14509499635224807,0.2530106976009518
ENSG00000205213,0.005432015018938645,0.005320617725443431
ENSG00000166326,0.5986154483898894,0.7116888542808969
ENSG00000110048,0.34535191240554264,0.4222121375358031
ENSG00000167996,0.3516031434651232,0.3630380051730733
ENSG00000149503,0.005233396294282848,0.07479204624381296
ENSG00000135362,0.8418032746325433,0.563351020836882
ENSG00000110442,0.45724057512274485,0.5868765211697841
ENSG00000186660,0.16553683141675488,0.3601970212519332
ENSG00000150244,0.6814425223498765,0.7417054258247768
ENSG00000185238,0.09531774078676519,0.2514448512855858
ENSG00000162174,0.11259015439717446,0.11586295431650886
ENSG00000109911,0.02669542009219035,0.027387682566329907
ENSG00000166016,0.13106854885629293,0.37605056834353434
ENSG00000166889,0.029745372136795064,0.1558080588902651
ENSG00000134827,0.0024753278945392537,0.003911149984408004
ENSG00000152270,0.14887551987718145,0.3738798988630544
ENSG00000124942,0.17349996447600047,0.3032868422286147
ENSG00000167995,0.25856901709419344,0.5197992365643047
ENSG00000011347,0.644465342225669,0.15365551075195738
ENSG00000149021,0.02807299761385946,0.04778713723423136
ENSG00000129173,0.011588394135583945,0.1428607318069709
ENSG00000157570,0.6524408676042142,0.9417662163611381
ENSG00000254772,0.0372363014892261,0.15436455943714333
ENSG00000165973,0.7496198515970395,0.3921444120758645
ENSG00000148950,0.9414618963964653,0.6881827925054584
ENSG00000124939,0.9474338489032743,0.3557009569542947
ENSG00000176971,0.5875307888637868,0.7284734526280371
ENSG00000110107,0.03084618834499219,0.06821029913495527
ENSG00000169519,0.39590032596611036,0.34198080567263783
ENSG00000179241,7.111501206191361e-08,9.132485481150897e-07
ENSG00000166902,0.01034342033302169,0.018299985200310676
ENSG00000110104,0.0021542540492179205,0.04599608673264363
ENSG00000148943,0.3905905293749595,0.5342225098197935
ENSG00000132749,8.957876463594651e-05,0.0005085398203060308
ENSG00000173227,0.49248128607393105,0.8699434455824937
ENSG00000169550,0.055317529860078984,0.03576450147600824
ENSG00000021300,2.0422017253153132e-05,0.00036707786541565184
ENSG00000077514,0.15300749288385793,0.45140865952364595
ENSG00000166012,0.07197432877310583,0.249839086173331
ENSG00000137478,0.04363809874630339,0.1340699485008323
ENSG00000166025,0.37605513658593714,0.3648754844875871
ENSG00000166004,0.8731193325695299,0.8778660748418343
ENSG00000184384,0.7317209770474002,0.6538122606419964
ENSG00000178301,0.4604288537882515,0.7953282016095463
ENSG00000137691,0.8025895807662575,0.9462954904930604
ENSG00000165895,0.44810811525465266,0.41828589407763983
ENSG00000023445,0.0006829489398431186,0.008344655690084609
ENSG00000149289,0.07858469770138463,0.18029037054437308
ENSG00000086991,0.1380215686458449,0.3589210887508595
ENSG00000173156,0.0018063473809552624,0.09827494531115574
ENSG00000042429,0.6134978571716608,0.4025864756256877
ENSG00000123892,0.6997998808955018,0.2076641400678804
ENSG00000069482,0.004209600478904723,0.05951069272318442
ENSG00000137673,0.6334857621406572,0.8388320643161489
ENSG00000110660,0.022428542995278127,0.19825842080074668
ENSG00000054967,0.8802590925424848,0.5498522259924867
ENSG00000166575,0.7928750956887586,0.857868022176822
ENSG00000137672,0.1902319219667855,0.18865950044555763
ENSG00000137693,0.23823606957078286,0.4447181119454262
ENSG00000173120,0.8561435411149341,0.5052429440031427
ENSG00000170962,0.6162550804789879,0.5873245776998849
ENSG00000166266,0.9110006225299139,0.6326873386308942
ENSG00000168010,0.016530042403940293,0.048735377533456074
ENSG00000137713,0.09926804034454587,0.423851926424911
ENSG00000110237,0.2481078186930142,0.31447257426231784
ENSG00000198382,0.9114727519928719,0.9606895802671841
ENSG00000166002,0.4513239144225333,0.8956352767403986
ENSG00000149380,0.07643419894031452,0.17149302475233066
ENSG00000152558,0.2993101296845109,0.47790483429077046
ENSG00000074201,0.05331486674589639,0.3700609752302022
ENSG00000166900,0.06978396260437411,0.1618378106828928
ENSG00000109944,0.5866915445921853,0.5841729803407842
ENSG00000186642,0.6203948715363269,0.6857593197321342
ENSG00000137714,0.17142214833531055,0.36418125037207416
ENSG00000137699,0.0026023274830085856,0.008390140228220438
ENSG00000196914,0.7647453125578182,0.968847294784561
ENSG00000154144,0.581452498450588,0.7475026902918702
ENSG00000137642,0.029667305360339766,0.019226682999363455
ENSG00000110013,0.25623867934585354,0.2229477063270596
ENSG00000109943,0.03998205956246644,0.13462211412177663
ENSG00000109971,0.07191129531561763,0.1588091776534324
ENSG00000043039,0.02664453321954272,0.23307796732026567
ENSG00000166250,0.0037993052446898498,0.01275609205005202
ENSG00000149557,0.9072148861786098,0.33525499661315905
ENSG00000121621,3.1805584763475494e-05,0.001144288635617749
ENSG00000149256,0.6165368488540284,0.8749970306369459
ENSG00000154127,0.13975627119179335,0.35875026718698433
ENSG00000134910,0.11270000816142604,0.3313479800976857
ENSG00000109929,0.4090325433274923,0.20331591534090707
ENSG00000149547,0.027797750464977133,0.13708438284883928
ENSG00000197798,0.3121827095770238,0.39822625674103695
ENSG00000110172,0.010301080927326501,0.32152436797326134
ENSG00000165495,0.03572289107827806,0.08909970816575896
ENSG00000149328,0.01575207171449146,0.030080887939451424
ENSG00000109956,0.31282029643916015,0.8447370057291814
ENSG00000085117,0.45730073910819147,0.5143443334933453
ENSG00000109881,0.0005041667324369554,0.005101471755075443
ENSG00000110318,0.5094386966540911,0.23037004308163142
ENSG00000149534,0.0025527844603696775,0.012396492193154729
ENSG00000149273,0.32348826669782144,0.6670174205614492
ENSG00000158555,0.4061664618751971,0.940245901254535
ENSG00000149257,0.0019640934783136947,0.005063654966418648
ENSG00000166927,0.0541006119256971,0.1366538020449455
ENSG00000166928,0.21878071168954474,0.4504388878927251
ENSG00000184232,0.03585638944014379,0.03288548468704034
ENSG00000137709,0.09827703341605813,0.24416759768094146
ENSG00000173457,0.001109745907840436,0.02222070883796353
ENSG00000126432,0.9310382535056145,0.7604191634752121
ENSG00000168071,0.18550843538962355,0.5219987414163698
ENSG00000162302,0.008645442170948078,0.07885442227789725
ENSG00000068831,0.005624525617481724,0.05654332444719808
ENSG00000168067,0.8485759939031681,0.45191743679728946
ENSG00000110047,0.043540303046410135,0.120009417126461
ENSG00000110046,0.6446380259918929,0.5888544976010743
ENSG00000068971,0.7005350259582509,0.5816195435116303
ENSG00000168070,0.8867948074223831,0.8565001955034107
ENSG00000168062,0.06818712487204426,0.20280338047002983
ENSG00000213465,0.19011757645570304,0.359215151955236
ENSG00000171219,0.35970091738951593,0.2808047805067881
ENSG00000244734,0.3053609244187911,0.8441306666920984
ENSG00000121236,0.0004976787006782338,0.01880943741259697
ENSG00000005801,0.3547883953619825,0.6745838037075692
ENSG00000189057,0.0009766840666866543,0.006949828453209327
ENSG00000110042,0.4636071160548242,0.9975389820956496
ENSG00000197629,0.07523327567114704,0.18143263396431542
ENSG00000110002,0.7851146531387956,0.7108044897328594
ENSG00000177156,0.23142935331724448,0.25348512580319293
ENSG00000177225,0.4380221912456329,0.3877749340414771
ENSG00000177542,0.042346351964323646,0.18401981242499524
ENSG00000177600,0.32722002382474596,0.40853178245294364
ENSG00000177666,0.26566811788098993,0.13417629759000052
ENSG00000177685,0.2780398084130829,0.5938601099881484
ENSG00000177697,0.6932263717606382,0.8909061196148761
ENSG00000177700,0.7497931312176584,0.4369677597496656
ENSG00000177830,0.1633032864224316,0.11202505122349689
ENSG00000120457,0.09407761210384549,0.3083155539099714
ENSG00000149308,0.7320026836677831,0.39232336236394794
ENSG00000109846,0.7112189900932151,0.7806731834349906
ENSG00000170276,0.7506361402717949,0.9160090664459751
ENSG00000149300,0.05397786354347409,0.08259576723738543
ENSG00000150764,0.13190559059860169,0.21761408196284104
ENSG00000150776,0.3733334202414197,0.8999108289789726
ENSG00000150779,0.32860832850275157,0.8370697614104644
ENSG00000204370,0.40712408996158544,0.8654538317149671
ENSG00000150782,0.08270466563535701,0.19247106992020593
ENSG00000150787,0.057112333630754915,0.17980181163448275
ENSG00000184956,0.9190664446026171,0.9142677658688712
ENSG00000214026,0.8256122081062792,0.861837315286785
ENSG00000152402,0.2539754633811678,0.4060203096439766
ENSG00000134955,0.19194172506647694,0.2339994972893703
ENSG00000181264,0.1804897449803026,0.534910996126805
ENSG00000170242,0.6933664642047392,0.8219473007616966
ENSG00000135374,0.0019878545748354018,0.006754966658963261
ENSG00000149269,0.04964028250510048,0.15452949148124043
ENSG00000049449,0.001153697798985386,0.035704700279851606
ENSG00000137710,0.015344558327301434,0.16377700875896406
ENSG00000149179,0.8438258116984104,0.800005882220898
ENSG00000167771,0.5979089355278984,0.8231896466315568
ENSG00000110583,0.23741204649110628,0.4615160062020873
ENSG00000176340,0.0038179382387797897,0.014668504033773882
ENSG00000133315,0.5684402768356265,0.6228007423118183
ENSG00000168439,0.005117612368324558,0.016234524745627595
ENSG00000130592,0.10886757184768246,0.22363681521064893
ENSG00000137522,0.02067930000501877,0.06488446020157014
ENSG00000149357,0.367198422556514,0.7582214668401714
ENSG00000110628,0.546520066538467,0.69324527981932
ENSG00000181649,0.023084899305972212,0.1422672837517725
ENSG00000133789,0.2940169049158179,0.4007340234180615
ENSG00000148926,1.8920484385083508e-05,0.0004552686794103593
ENSG00000110315,0.264946037278079,0.2441873377407184
ENSG00000121671,0.02521014384240301,0.12412247994336935
ENSG00000121653,0.05906235674165697,0.12067939268985793
ENSG00000121680,0.940003319401793,0.9894748751592041
ENSG00000165905,0.021870319969321737,0.016457620458309757
ENSG00000157613,0.3144522172569259,0.675531978081076
ENSG00000077458,0.9901525882989114,0.4384410271941511
ENSG00000166037,0.9654975492390436,0.5370448386800872
ENSG00000172638,0.8023738123944696,0.9235821947205192
ENSG00000172500,0.10230704337770125,0.15230646336243966
ENSG00000175602,0.002364724781274408,0.009891218986587753
ENSG00000175592,6.089746940657551e-06,0.0014112998024872936
ENSG00000175573,0.1797111279453004,0.430928376877896
ENSG00000175550,0.12545448733434236,0.3167325672618879
ENSG00000175467,0.06152204581902802,0.2051958663213524
ENSG00000175376,0.009402762244246955,0.15734342216566513
ENSG00000175334,0.0002879655927828137,0.003498917945529777
ENSG00000175315,0.4177017138900522,0.7849355220626395
ENSG00000087365,0.029088844713549358,0.18061236761046398
ENSG00000174903,0.019661695971997187,0.16524520259186637
ENSG00000174871,0.8332075917226535,0.6922075936977401
ENSG00000174851,0.0483993729375883,0.3697221697802191
ENSG00000174807,0.026590460747582065,0.17542920144142143
ENSG00000174791,0.011667051766227978,0.11298358646501831
ENSG00000174744,0.111993566891492,0.3600385346602394
ENSG00000174684,0.607768638113467,0.8192409702044392
ENSG00000174669,0.8496598503598591,0.4807047638051124
ENSG00000175115,0.03210438966787536,0.4992340581418656
ENSG00000134780,0.7527455522270077,0.40485859534970725
ENSG00000134825,0.09825582738773997,0.2568716522361201
ENSG00000168496,0.0001361139291097542,0.002101103828955246
ENSG00000149485,0.1088809074447772,0.3381670531261947
ENSG00000221968,0.24680251479348758,0.15452189980052422
ENSG00000167994,0.8826763603006205,0.9064161870010519
ENSG00000124920,0.02299214729389371,0.029930738773441507
ENSG00000075239,0.05404207416242718,0.044967388223764164
ENSG00000076043,0.06766037358610505,0.2622448686925379
ENSG00000137648,0.09500489477445644,0.07038098714285529
ENSG00000160593,0.010982562931516641,0.04100214516594646
ENSG00000149573,0.7832892306050839,0.8676920249768368
ENSG00000110195,0.016440230006206032,0.07524004174540108
ENSG00000087053,0.001142089477490825,0.022518445581589757
ENSG00000168092,0.006573363855729619,0.17131644574336255
ENSG00000149577,0.11507422555905669,0.11872720116175618
ENSG00000149591,0.5306316095718242,0.5960301669150858
ENSG00000167257,0.4717378393755193,0.7370616809816747
ENSG00000110274,0.6562295195330139,0.7794737454704421
ENSG00000149115,0.4474135969896801,0.6748400402271473
ENSG00000149136,0.003917664586125855,0.02388257410405236
ENSG00000254979,0.5554923258072199,0.45746446059532864
ENSG00000149761,0.528851414714715,0.9162940632460905
ENSG00000173486,0.8400306955293516,0.8416643787926317
ENSG00000021762,0.05280747723574524,0.05915638961696218
ENSG00000110619,0.02092656122021313,0.020424610195508393
ENSG00000110090,0.845001374484559,0.9238159553963297
ENSG00000197345,0.0038360190840071415,0.07050237785391034
ENSG00000172935,0.6687499494025355,0.7320487587708571
ENSG00000162341,0.5345056792735221,0.9058536036121438
ENSG00000110344,0.5204399578901387,0.9988160812776227
ENSG00000132740,0.5779098078336034,0.7748914537069347
ENSG00000080854,0.016063253712169587,0.033388507925360876
ENSG00000149292,0.49660472167828196,0.3279532778907966
ENSG00000258659,0.6352680468261174,0.7963891316265769
ENSG00000175582,0.34333688193357803,0.6618496280793851
ENSG00000134802,0.09687130307694565,0.051130899422895844
ENSG00000129084,0.007688285322199156,0.00988213089885209
ENSG00000182919,0.36071308017158676,0.2379046413200275
ENSG00000174996,0.031057297769607996,0.28850120838750426
ENSG00000175274,0.47424666197795484,0.6514752677487641
ENSG00000064199,0.5847372330590617,0.5314619443428921
ENSG00000135373,0.3781126978471262,0.6220061766638432
ENSG00000286264,0.8649250385009284,0.9640493779645073
ENSG00000110031,0.07019393835817775,0.1850179040643888
ENSG00000177098,0.004048078789190044,0.012370509410565058
ENSG00000166741,0.5509793932701472,0.8017963238690666
ENSG00000129083,0.9076684868344267,0.9432533662737639
ENSG00000149782,0.030733955939751558,0.12270867926156206
ENSG00000086848,0.7397905805521994,0.6031723806780498
ENSG00000255561,0.11583473628045046,0.05259289660895766
ENSG00000137720,0.8118721941536943,0.6458437016633263
ENSG00000133321,0.7107212512878145,0.8540592376807229
ENSG00000133328,0.40926933602249516,0.28329266658781466
ENSG00000184743,0.030743725528448375,0.06499075673029571
ENSG00000133318,0.009304281357114958,0.010909212793798138
ENSG00000188070,0.7593034990115685,0.8348099940654906
ENSG00000168005,0.028009523216297776,0.10645452598475617
ENSG00000166788,0.0032857039256621425,0.014229181073640814
ENSG00000148965,0.4533098727588041,0.22533927139902207
ENSG00000255071,0.37208244311230243,0.08602083632527548
ENSG00000134339,0.859961187396185,0.20819725545480128
ENSG00000185522,0.3873854746323391,0.5050888858598228
ENSG00000099849,0.9793670702713139,0.5918481369000086
ENSG00000070047,0.002828680028001128,0.017009102928351106
ENSG00000070031,0.1750880467899516,0.49575394451417454
ENSG00000197702,0.969440518893951,0.6211673547573096
ENSG00000162222,0.050967958685641225,0.10569402432312852
ENSG00000185670,0.09659238366670715,0.3384829508922385
ENSG00000168002,0.0381221296526024,0.09711785905433418
ENSG00000162227,0.6122951540183612,0.5332735774570719
ENSG00000168569,0.03696449124380881,0.04939506718350031
ENSG00000185475,0.30354172053624895,0.5105665521202191
ENSG00000162231,0.9280485459707837,0.7921835634280888
ENSG00000156599,0.13912464050414103,0.44975941937889374
ENSG00000175581,0.9255572997981124,0.8727496119645232
ENSG00000181924,0.03728269113949795,0.21244367940285933
ENSG00000175575,0.8904770116412489,0.9872589624598443
ENSG00000187726,0.07294290341789787,0.14341845897774394
ENSG00000175564,0.09895378036113789,0.216592768981978
ENSG00000214517,0.07194177385461276,0.5561303262299371
ENSG00000175482,0.013812199256691872,0.2067853195921096
ENSG00000256514,0.23768606429787634,0.7109211798183181
ENSG00000175505,0.17317871852289404,0.6420959736242198
ENSG00000172531,0.11524697016532125,0.8362321607139596
ENSG00000175463,0.0072127990251008006,0.027363906065356356
ENSG00000175634,0.7719419117410871,0.37476054832432726
ENSG00000213402,0.04377469152691124,0.1462658249060968
ENSG00000172725,0.08089086757548038,0.5609026699672026
ENSG00000172663,0.4655852003512425,0.3580962816555172
ENSG00000162236,0.4799067495938816,0.42436547825509774
ENSG00000166402,0.4172301930038377,0.9339937652704946
ENSG00000182934,0.4482321950078193,0.9147653845686599
ENSG00000110063,0.07525453864724665,0.2883564320491413
ENSG00000110080,0.008786800469516964,0.054997892230135716
ENSG00000133800,0.8679376020057613,0.9524073914174388
ENSG00000198730,0.8027856467837533,0.7411567077699536
ENSG00000236287,0.14830038818353064,0.6234642201006895
ENSG00000175390,0.9811285905911932,0.7499557593988377
ENSG00000149743,0.7185947510569372,0.819385526881949
ENSG00000002330,0.5688930420488414,0.7505626907937533
ENSG00000173153,0.30702159753642394,0.3814423778196735
ENSG00000109861,0.31739653029003845,0.6614056846515803
ENSG00000250644,0.7322743410897891,0.9670253076271319
ENSG00000117984,0.24768075133939085,0.27689970301586325
ENSG00000174547,0.00445476105599199,0.053621272785270686
ENSG00000174516,0.854207826927722,0.7989962526326747
ENSG00000174483,0.4047119510143129,0.35020509632727126
ENSG00000174165,0.4088236134725838,0.2742152092828089
ENSG00000066336,0.4241009098023554,0.47156082845213265
ENSG00000165915,0.9925468792641913,0.9712696777317363
ENSG00000213619,0.2922042473415126,0.5330450387382939
ENSG00000110536,0.7189370337204013,0.6484625628642675
ENSG00000123444,0.5702154289238199,0.6215470385778901
ENSG00000109919,0.07497023593724722,0.36060016511121984
ENSG00000109920,0.21714120613187135,0.3663783892655079
ENSG00000165434,0.19725138032294454,0.3937341791532192
ENSG00000175536,0.9048361361243152,0.949248693028267
ENSG00000175538,0.39899573346347716,0.14916340508180725
ENSG00000174080,0.11002445348313346,0.4631742116387967
ENSG00000186907,0.16437167343259865,0.07107068562217941
ENSG00000149150,0.0460336945000669,0.1197183053250874
ENSG00000134809,0.16061366365021354,0.22969568373109686
ENSG00000156587,0.05054438470161526,0.11766765989942185
ENSG00000213593,0.0034446760471816195,0.00495701450415346
ENSG00000149131,0.4556033930927724,0.7270611561592764
ENSG00000109854,0.0006318149417733017,0.004020430668217851
ENSG00000110075,0.4244387690239274,0.8215264263589237
ENSG00000180425,0.22759348768804072,0.37605183083710403
ENSG00000076053,0.8882463507779702,0.9441389861625749
ENSG00000133794,0.216865256479802,0.09908355928563199
ENSG00000182985,0.04780237796927274,0.06945810894269938
ENSG00000175567,0.2434965954368369,0.18457522812310387
ENSG00000131626,0.49701544402049425,0.9918461804371195
ENSG00000120451,0.8946686487140539,0.5759929437669161
ENSG00000054965,0.7761844145252784,0.9361437075903223
ENSG00000175544,0.5878155399886316,0.4500563868667097
ENSG00000149294,0.5013876338656063,0.8961799797999982
ENSG00000173511,0.505668606447925,0.7665520548908189
ENSG00000110079,0.4993602299976134,0.6724463053093375
ENSG00000166670,0.2071282734592637,0.5188820795048124
ENSG00000172977,0.5006945835317547,0.26827823195141437
ENSG00000172922,0.012855918547862418,0.07504315123031903
ENSG00000254470,0.13439865211465005,0.28080231148298973
ENSG00000172818,0.1002835625071064,0.25426324083732393
ENSG00000172757,1.438400936612024e-05,0.0011611711580787128
ENSG00000172732,0.07157053938493259,0.183324361960509
ENSG00000172543,0.023366229112007707,0.0162599498560105
ENSG00000180773,0.03806286545948874,0.2711786928389165
ENSG00000196611,0.03377437543445683,0.3582535693787844
ENSG00000198331,0.010604930788634732,0.018908776702979694
ENSG00000110060,0.21709683660737208,0.7106762869826464
ENSG00000165526,0.36291359456291294,0.8917741556527695
ENSG00000166483,0.28179310109225847,0.17210661591859722
ENSG00000110108,0.7200744039516589,0.9144360414097223
ENSG00000006118,0.22091302223107126,0.3743574498833856
ENSG00000013725,0.014572451607480412,0.03756200567906604
ENSG00000110446,0.7579412088920221,0.6933811400907998
ENSG00000148985,0.28850517457652836,0.43008185159499634
ENSG00000177105,0.3609108368375552,0.3122283503695409
ENSG00000167325,0.09595322898660825,0.22256573435197174
ENSG00000187079,0.2033065609119208,0.4733409031598067
ENSG00000085733,0.28084580936827613,0.9567644082662378
ENSG00000137509,0.7111012092056028,0.7625589773436925
ENSG00000165490,0.012574956430184551,0.18906849542794676
ENSG00000137502,0.02147422693781828,0.05264472655274476
ENSG00000142082,0.2536455928786995,0.6405416316435801
ENSG00000142102,0.3684317816773771,0.4694409477936081
ENSG00000182272,0.5359086070166736,0.97382262040321
ENSG00000184363,0.020068615252235487,0.11296281983679474
ENSG00000185187,0.07348518217219505,0.35449705377081864
ENSG00000185101,0.03898719284377048,0.0499416497192948
ENSG00000175591,0.2943431135866776,0.30376018206483885
ENSG00000171631,0.2511314691999032,0.6048954933348896
ENSG00000185885,0.611448983849036,0.8891029405275904
ENSG00000166261,0.547434937289093,0.32573197474801857
ENSG00000171204,0.19099074521107526,0.39204832283843716
ENSG00000171202,0.23282022036503616,0.6933429843368415
ENSG00000142089,0.26748482905583215,0.3201607589508403
ENSG00000151364,0.23416515560197834,0.054674564026892004
ENSG00000259112,0.3266826271862799,0.7685502674809237
ENSG00000151366,0.1868384671973656,0.6240494628978559
ENSG00000132275,0.6220834783801439,0.5426932830607172
ENSG00000166333,0.44384168386234313,0.24145192095975487
ENSG00000158042,0.002929481580842492,0.017098633638109803
ENSG00000166341,0.5100902625602985,0.7007869193841878
ENSG00000159063,0.0010717191267212215,0.007485221091901019
ENSG00000137507,0.8960447512951136,0.8102911920236477
ENSG00000182704,0.019308374684178915,0.11800953278736798
ENSG00000078124,0.5684390970237007,0.5165488784648239
ENSG00000198488,0.8908781709328183,0.7897699962160066
ENSG00000149260,0.34324691734922796,0.3704101633112208
ENSG00000168014,0.631248688345726,0.31364873210739064
ENSG00000149231,0.8755625005899971,0.452557838248386
ENSG00000183340,0.17991485154242778,0.5205713915562049
ENSG00000151715,0.22231435662606497,0.05915841297135402
ENSG00000170325,0.8369141178844461,0.8604777852632549
ENSG00000149418,0.6950199231748149,0.41995687148424676
ENSG00000172409,0.33927115424992854,0.46474782124568426
ENSG00000166452,0.41741008281698644,0.32803427640982386
ENSG00000176029,0.00036883025411218285,0.0026005195529192767
ENSG00000175348,0.2706745877954407,0.6433769674612264
ENSG00000175356,0.08147415848232972,0.38525540668474634
ENSG00000184014,0.1714889489855808,0.06532487844656298
ENSG00000166471,0.9799074442960268,0.3980322123660335
ENSG00000205339,0.10003842918201765,0.2270153205137861
ENSG00000110448,0.001301887474541006,0.008502181781143765
ENSG00000167987,0.6937004414154624,0.9764974158117913
ENSG00000167986,0.2441546001615129,0.5877901904337262
ENSG00000149476,0.00658309828358001,0.0884179726897903
ENSG00000162144,0.475891456046001,0.809934702281861
ENSG00000149532,0.11104608457750012,0.257154819261953
ENSG00000256591,0.6209899541890345,0.46757144855945976
ENSG00000167985,0.059749409982635455,0.06714295482308281
ENSG00000162148,0.03694835155859409,0.14255153780526914
ENSG00000204950,0.003332043517815533,0.007679566360667419
ENSG00000149016,0.1704019278863463,0.13948377125557213
ENSG00000149480,0.023476834447215683,0.058438989120968364
ENSG00000149499,0.4597762666006101,0.6077132753999983
ENSG00000149489,0.007012119453684941,0.10309176244535918
ENSG00000149541,0.7484044710912203,0.9106408389016833
ENSG00000089597,0.11124931155803071,0.2964582064099425
ENSG00000185085,0.9959332457590213,0.9743038476587733
ENSG00000278615,0.022470904658632836,0.04713316778523348
ENSG00000204922,0.04892947521162531,0.06395749173187666
ENSG00000162191,0.18933581233981242,0.3544282663328495
ENSG00000177363,0.6549872269431352,0.5905983546103981
ENSG00000214753,0.08158500231129005,0.08409886329967017
ENSG00000150768,0.07678120501433496,0.7076069433803757
ENSG00000166352,0.2731813002187998,0.046146731673346465
ENSG00000150773,0.2059043097025203,0.3141302857935934
ENSG00000186635,0.06142993578489152,0.07943497428541743
ENSG00000176485,0.780151597428631,0.7196179563923426
ENSG00000133316,0.9511804529053095,0.9558380575241474
ENSG00000072518,0.04919148228915887,0.15807218836366635
ENSG00000165916,0.027549584437948225,0.04075438666675529
ENSG00000171533,0.03959829378384966,0.1466543468448379
ENSG00000214530,0.11150880430156382,0.15172274950948134
ENSG00000196954,0.15153781966420396,0.3665280781044812
ENSG00000186166,0.10445660712603766,0.13129524562575662
ENSG00000118181,0.14389077861201474,0.37873247156216405
ENSG00000196655,0.7815882931477126,0.9441807003198911
ENSG00000172375,0.2691927378832004,0.3131242766626769
ENSG00000172273,0.8130458466470356,0.1774548027561958
ENSG00000076706,0.017966958691647876,0.14247174178830185
ENSG00000173020,0.700573093001331,0.7652939112840051
ENSG00000172932,0.44970372251580526,0.7879730599079757
ENSG00000172830,0.24612060102038907,0.9896922937681957
ENSG00000172613,0.5848475826881293,0.24853438228923888
ENSG00000110697,0.5648921447229709,0.9381642727139795
ENSG00000167797,0.7597410814908487,0.4409429672472417
ENSG00000084207,0.23576301459920015,0.32345809513920815
ENSG00000167792,0.7079709160971847,0.7266918260602305
ENSG00000167799,0.8767082096602973,0.21389211915708894
ENSG00000132744,0.7323892284201403,0.7209606034806316
ENSG00000132256,0.5000580035405896,0.6927497556430493
ENSG00000132254,0.7315439846248779,0.9330016714349337
ENSG00000132286,0.08377926592305783,0.1720393833221394
ENSG00000166340,0.7137739103402281,0.6305824312151584
ENSG00000134824,0.1312802952198792,0.23477069406025813
ENSG00000173113,0.2589796132171241,0.2261251228992831
ENSG00000137504,0.4870703564858381,0.5064150281969111
ENSG00000109906,0.39932359108528026,0.5622702736092411
ENSG00000006611,0.29494103110110814,0.2383619276714039
ENSG00000183801,0.2622696817727172,0.31398382217754306
ENSG00000166387,0.00885533980208862,0.06651806878473927
ENSG00000166394,0.8591274221231533,0.8343472336314417
ENSG00000137656,0.6202686358675287,0.7802903863863833
ENSG00000109917,0.007730363571717157,0.1013555014710494
ENSG00000110245,0.02501817210489953,0.02473021442467414
ENSG00000118137,0.2973079894876866,0.6983945434758367
ENSG00000160584,0.8739696459019062,0.4556410781972
ENSG00000168000,0.7160962794812733,0.956665333335683
ENSG00000173992,0.9399211556505861,0.8909332023505289
ENSG00000239306,0.12376902942261722,0.1608333977242495
ENSG00000248643,0.05286563871078907,0.07587932296685557
ENSG00000173933,0.3471828952468621,0.8334681448299761
ENSG00000173914,0.39800784779438836,0.5212346981350451
ENSG00000134909,0.13102284163419334,0.4284231933011057
ENSG00000187486,0.030606963454448886,0.06882734892950716
ENSG00000110711,0.3896107171869009,0.3232705054732175
ENSG00000172890,0.4813939546325021,0.7858448899888337
ENSG00000161328,0.317333927209915,0.5995559891318506
ENSG00000137492,0.6853366035713249,0.6973091829751702
ENSG00000179240,0.5763301843960624,0.8729200954718876
ENSG00000198561,0.08365812403135031,0.1943486432373142
ENSG00000074319,0.13917679211957407,0.19632154961575007
ENSG00000151116,0.15622833724332547,0.1985105318050241
ENSG00000179119,0.2063137708591599,0.43793318777348644
ENSG00000129757,0.2515555404036713,0.19882768631485967
ENSG00000166199,0.30335513361162025,0.7730491240660721
ENSG00000110455,0.03352230415787108,0.10916331256971543
ENSG00000151348,0.3093489869258964,0.44595306525837974
ENSG00000166801,0.2414896784501053,0.25235896587360845
ENSG00000173898,0.19751574237481212,0.6951422343902715
ENSG00000166441,0.352327429500211,0.40424656674405024
ENSG00000149968,0.06540554583949289,0.1153806050642714
ENSG00000262406,0.15094111774609664,0.5487862741162066
ENSG00000137692,0.006138906369561216,0.04688431058399382
ENSG00000187240,0.08813275747433962,0.29608077167090907
ENSG00000174915,0.4949076056421736,0.9195412208596444
ENSG00000149089,0.7022848023615679,0.7724497872060372
ENSG00000110435,0.10354337012696103,0.23672020732270901
ENSG00000019505,0.13824338090548277,0.38904662742214313
ENSG00000177595,0.245189791899197,0.3230577317581156
ENSG00000186318,0.8766498552238926,0.73504708790213
ENSG00000048649,0.6547069510586097,0.817689374987289
ENSG00000110077,0.24054886008819532,0.36837770414246507
ENSG00000166106,0.025619392644772625,0.06814949708594345
ENSG00000177042,0.4199364551316448,0.7545416781404498
ENSG00000166736,0.048293182610322415,0.09678952516673908
ENSG00000229183,0.9626246327550564,0.7217186982485382
ENSG00000149554,9.84579983251523e-05,0.0061584275240217584
ENSG00000072952,0.721755612493607,0.7908235895590414
ENSG00000177963,0.07465243704050802,0.14863337808067606
ENSG00000172269,0.14324281957752957,0.5495154109244136
ENSG00000137727,0.4774133015350338,0.6376788209175202
ENSG00000182667,0.7382061850465464,0.6410049452201996
ENSG00000170322,0.8715075811762614,0.49724088939190036
ENSG00000110497,0.7865764155382201,0.8462256546970881
ENSG00000154114,0.21542265082434223,0.2904320104788193
ENSG00000050165,0.42019250591561796,0.25771478528806724
ENSG00000150433,0.15388363761874974,0.5600760889372964
ENSG00000137491,0.21715306619853597,0.21480277060373693
ENSG00000137486,0.0035171629559164037,0.021515731441233893
ENSG00000149243,0.025802115666172687,0.02818888037970244
ENSG00000064309,0.4315814505920612,0.728092567443783
ENSG00000110700,0.7324984613822552,0.6852172676037076
ENSG00000011405,0.7381837793165262,0.6756282428325253
ENSG00000110011,0.4712728807614748,0.6472156362514261
ENSG00000156603,0.0857809261849992,0.06763005796061795
ENSG00000149582,0.009177994242804117,0.003649893971619825
ENSG00000118096,0.29724856286025564,0.26220553163341354
ENSG00000198851,0.10242584048259261,0.24396752228176113
ENSG00000118058,0.9005535643065138,0.5904068402240512
ENSG00000135365,0.5810467423513712,0.8555196139428245
ENSG00000133895,0.16603139806717232,0.513176922715831
ENSG00000156689,0.7546068662837516,0.7280689052261461
ENSG00000173465,0.308130510486898,0.49449556083745616
ENSG00000176973,0.8333631515280432,0.9095399435766467
ENSG00000173442,0.6214669242091099,0.837995934197691
ENSG00000173327,0.11332256489793606,0.14405627868660026
ENSG00000197136,0.24294774430251587,0.6090661317840254
ENSG00000213445,0.9762843178239391,0.8021431641422153
ENSG00000214787,0.3016126866660245,0.2026716759262185
ENSG00000168056,0.7475359633368748,0.5755017032041339
ENSG00000168040,0.0007600190255745529,0.015088027387495625
ENSG00000131620,0.0019252119485202266,0.004321072542079905
ENSG00000160613,0.9454007654942201,0.469408017401568
ENSG00000110367,0.9708147806893451,0.7790384600083385
ENSG00000095139,0.025770763082268812,0.22089495628483552
ENSG00000149196,0.15530116602751778,0.5090696445941785
ENSG00000137497,0.861196962684314,0.6899984795797723
ENSG00000110330,0.05854266677081878,0.33364120187926105
ENSG00000023171,0.0005069494038682496,0.006230130178116967
ENSG00000137745,0.5841396202516567,0.8360249077710458
ENSG00000177106,0.6057742331667948,0.5636943907301146
ENSG00000185627,0.0128431092226811,0.04174793352686311
ENSG00000110171,0.9979900725749439,0.7735641501917535
ENSG00000211450,0.7258035079079711,0.9554571036109946
ENSG00000110492,0.5976627715173135,0.9778580273559879
ENSG00000130598,0.7184467631870738,0.4281226555827943
ENSG00000142186,0.9877082455320801,0.9489101668331922
ENSG00000019144,0.7169520311882638,0.5257464821665527
ENSG00000085741,0.15585926753536952,0.48183153557225533
ENSG00000165457,0.05731809750462942,0.11427822699485608
ENSG00000165458,0.43368157486766534,0.38282486400327753
ENSG00000026508,0.4628812412443204,0.590282675422905
ENSG00000137474,0.5708822428374734,0.6036369746343715
ENSG00000110169,0.060228826174731305,0.14667618940989266
ENSG00000166833,0.5454726992405404,0.46720650271683517
ENSG00000070081,0.06890722824996875,0.1427323897362169
ENSG00000110218,0.0030559411318187854,0.11304873381294148
ENSG00000254986,0.048522752632685795,0.22403009445101396
ENSG00000110429,0.2931034546405565,0.26527559281330926
ENSG00000133805,0.8849549387997999,0.8798222209269382
ENSG00000177951,0.7648998865734276,0.5626764083267386
ENSG00000148935,0.1420984482807221,0.20135306048374813
ENSG00000188486,2.6155425783443957e-05,0.006577493279971832
ENSG00000134817,0.5673039618390867,0.8800705072914673
ENSG00000185201,0.5963485744844166,0.33389619210042587
ENSG00000110200,0.39044201770967213,0.47709266154827257
ENSG00000184154,0.8626295131960043,0.7640283913953769
ENSG00000110756,0.6433523212856129,0.7150264654555176
ENSG00000110768,0.4440487099378849,0.6783643623611486
ENSG00000173432,0.6507078011927597,0.5589918060582985
ENSG00000110777,0.01554304946391458,0.09817367904728039
ENSG00000204381,0.464644980850601,0.7383688023829496
ENSG00000170145,0.5793827859633982,0.3940137796819718
ENSG00000183644,0.07098159434554174,0.14269825738000888
ENSG00000151117,0.1261088140886045,0.14796379604039034
ENSG00000166086,0.7723808694546994,0.5974486563847771
ENSG00000151502,0.846896301635858,0.703028618175838
ENSG00000151500,0.02392280503582921,0.036684489181601776
ENSG00000151498,0.10350490645265725,0.049446171626795855
ENSG00000149311,0.2391523296923219,0.24527480636291793
ENSG00000166105,0.011801309657883872,0.026157532027753012
ENSG00000177030,0.6990156197061731,0.4438641028268244
ENSG00000162105,0.874031077164724,0.7581367322688002
ENSG00000151503,0.09179951866238598,0.2352092491961306
ENSG00000183020,0.632067092427776,0.6791599399890502
ENSG00000172893,0.017995288883159766,0.30991573527125477
ENSG00000110074,0.25625109162316495,0.5993767180535132
ENSG00000214063,0.9428095227833194,0.4628293943510058
ENSG00000166337,0.11184869357140384,0.08616466770432804
ENSG00000187049,0.3777658489324899,0.5085847807789687
ENSG00000166444,0.2970255312928277,0.19614659279288868
ENSG00000133812,0.06178276665497014,0.048078510341934284
ENSG00000160695,0.7729599425070657,0.4858029244517945
ENSG00000150750,0.5695060961654341,0.6610251120303487
ENSG00000214290,0.028549397306230993,0.15994186606792418
ENSG00000178105,0.09753825949636852,0.39954382450279113
ENSG00000173456,0.028330976910092332,0.2590805319431083
ENSG00000223953,0.6134326582663854,0.6676904885764473
ENSG00000036672,0.26290910449895244,0.4275133071164571
ENSG00000154096,0.11790820713950774,0.32613550843866485
ENSG00000248712,0.01262794970529383,0.031436698854201264
ENSG00000172927,0.0015451628722978454,0.0041975058418312755
ENSG00000110092,0.2042907105646901,0.7612782258937677
ENSG00000149716,0.9961249143932147,0.9277735615198011
ENSG00000162344,0.6821715871558149,0.5837820409182581
ENSG00000160683,0.8194378866925229,0.6190468389900826
ENSG00000186174,0.03719877064366135,0.38156342062175697
ENSG00000110375,0.07226315354090855,0.08049593055836743
ENSG00000256269,0.010459943200277613,0.2067540410053736
ENSG00000149187,0.8779645276909788,0.9914533741483573
ENSG00000156738,8.909660095012234e-05,0.001981537606417855
ENSG00000149483,0.4618505793332215,0.8801975971059228
ENSG00000130413,0.0005620060932557112,0.0030594826981998305
ENSG00000137494,0.8111635280684812,0.799498391808094
ENSG00000165494,0.1873217562426596,0.26281499208567594
ENSG00000247595,0.5727306019059368,0.9277167065574748
ENSG00000149043,0.08468197477504225,0.07106246862678899
ENSG00000162194,0.7140950726261639,0.5967754927845665
ENSG00000152404,0.5271078823677002,0.7941521673460027
ENSG00000137501,0.4540373940290324,0.32921369965030295
ENSG00000030066,0.5877790470845543,0.7083999639929484
ENSG00000149428,0.9292368785496418,0.6113201680212943
ENSG00000188997,0.5387883111603884,0.8520023305576617
ENSG00000118369,0.9817266415344448,0.3233980609374157
ENSG00000033327,0.19849767257604387,0.3739317084278716
ENSG00000167283,0.6227339380496615,0.8289895011615225
ENSG00000137513,0.6733011176550652,0.43455575796736623
ENSG00000158636,0.2226483809743222,0.27252374868516566
ENSG00000254647,0.6046991872121938,0.24463374081065214
ENSG00000183734,0.06400368410730173,0.26593723006428666
ENSG00000149091,0.10300760514197914,0.38111621066938617
ENSG00000167286,0.03533054631393416,0.06682795891225841
ENSG00000160654,0.30802128962500125,0.615335484641433
ENSG00000285827,0.6945702446015871,0.37014441229057693
ENSG00000137752,0.5370571500693775,0.6997303954499776
ENSG00000162129,0.39965237269798615,0.8751639615082911
ENSG00000110025,0.06373502272142766,0.3031369125394897
ENSG00000168061,0.009131952682356578,0.025628447430732396
ENSG00000168060,0.03685339115155378,0.07325137962319796
ENSG00000146670,2.8497964677842387e-05,0.001922954025652229
ENSG00000162300,0.06065866488703404,0.202563935018217
ENSG00000149823,0.9727426093082477,0.5512278811036612
ENSG00000149809,0.8543740503949319,0.8290074234099164
ENSG00000174276,0.2848218023783402,0.5518065295678123
ENSG00000149806,0.6372243206593786,0.9721583222291936
ENSG00000162298,0.9561185957093091,0.9031969100319939
ENSG00000149792,0.4784010021051778,0.9788213031342188
ENSG00000014216,0.09581488548490048,0.4325804200079578
ENSG00000184281,0.20916898142386992,0.20812874115348076
ENSG00000137731,0.030773711893330287,0.09305911321969523
ENSG00000137726,0.27786551001021276,0.27634027256275734
ENSG00000110324,0.07204020134708108,0.19742952062085117
ENSG00000170955,0.0079165123430625,0.02040392459458458
ENSG00000166311,0.9416299969223028,0.7976284087499615
ENSG00000179532,0.6302233489165416,0.8267852403329072
ENSG00000175352,0.7223846678498251,0.7416958626478165
ENSG00000110696,0.5041581569480624,0.7945282606734184
ENSG00000257057,0.15239175975099623,0.3334886991386041
ENSG00000134627,0.10037329812573093,0.03185916432803595
ENSG00000196371,1.1908260772049733e-05,0.0001955259471409136
ENSG00000204710,0.4997545701262235,0.2586882151946347
ENSG00000149262,0.16314148327119765,0.471189210853448
ENSG00000086827,0.2522946452707504,0.6039591849711002
ENSG00000110400,0.3423282132480987,0.793651433875568
ENSG00000151702,0.18713286511528412,0.3834405252279577
ENSG00000048028,0.9107297354343351,0.6695887012482729
ENSG00000182208,0.519707715923619,0.6628364821310069
ENSG00000150316,0.418837304840326,0.8335691797546297
ENSG00000263465,0.24521567724728005,0.13057511997671706
ENSG00000149218,0.41840618473096347,0.37970504094810387
ENSG00000149212,0.03137732189318864,0.07360745762595272
ENSG00000175104,0.5801144283856934,0.6145863754306257
ENSG00000175264,0.322231014114219,0.5553125433177528
ENSG00000181830,0.06919373886270301,0.1480736141444312
ENSG00000173715,0.14076022888210393,0.4366391389173162
ENSG00000173653,0.023411699458573153,0.20208423355838226
ENSG00000173599,0.4002901378916853,0.17527779072669086
ENSG00000173621,0.0003163711493310921,0.021690602506048404
ENSG00000173237,0.18425895631475286,0.5665987004148956
ENSG00000137700,0.10495165355421927,0.1842007596089801
ENSG00000149798,0.0007245872127193576,0.006978212409444517
ENSG00000162241,0.4112683352595714,0.2541960725246969
ENSG00000126391,0.02385952029548532,0.1892183860959492
ENSG00000173039,0.004125190878252193,0.0271582680381848
ENSG00000023191,0.9908269900049383,0.9798288227689753
ENSG00000006534,0.9987929559126604,0.6314620348491347
ENSG00000110717,0.3598158549935674,0.9054081515745347
ENSG00000110721,0.014273138211102588,0.06134664130193341
ENSG00000171067,0.0005363630142327599,0.040814610909582806
ENSG00000162337,0.24182584644455427,0.6260252100073282
ENSG00000084234,0.5719002197522016,0.7360930213325758
ENSG00000196323,0.7378076156873914,0.528713855747045
ENSG00000134917,0.0009686743210208547,0.018856270862599035
ENSG00000020922,0.05305208875764839,0.47724263991406424
ENSG00000168876,0.5809466245242978,0.28095192520585216
ENSG00000185507,0.19384582460917119,0.40489086673544217
ENSG00000173264,0.16621251554068242,0.14219172703644462
ENSG00000137760,0.1678818809021445,0.3653225414290867
ENSG00000110719,0.5551969272463179,0.6456940035041527
ENSG00000019485,0.8492797862014595,0.7579667107440745
ENSG00000137500,0.00303568123987395,0.07081892536979979
ENSG00000166689,0.989303070945824,0.9855312318866619
ENSG00000149177,0.8294641367341195,0.9163746867541207
ENSG00000149781,0.4027379074714278,0.5534319406239814
ENSG00000167323,0.732084373851518,0.7928204618893596
ENSG00000132274,0.029905821686865557,0.05046087393014786
ENSG00000087884,0.5683148628975594,0.9412078034156206
ENSG00000110651,0.1306258158185742,0.30432779161829787
ENSG00000166405,0.016682732928886744,0.12009610859820577
ENSG00000110057,0.8928682006307535,0.8207863297949801
ENSG00000254469,0.5553658971414306,0.4905711993666252
ENSG00000137496,0.7077937914794186,0.9922360963301606
ENSG00000132746,0.3727740859616159,0.8926010734763322
ENSG00000189431,0.004923683250932651,0.008595257570393484
ENSG00000165912,0.669498986324248,0.49202371816669876
ENSG00000134574,0.6136779201767246,0.848145091857572
ENSG00000134575,0.5162021420992999,0.5850756877067618
ENSG00000025434,0.5920130347121938,0.6631695930522181
ENSG00000149182,0.6465157720575945,0.7723976606406359
ENSG00000110395,0.5792812749126648,0.9944726172111327
ENSG00000168003,0.002215079931993063,0.004688619612171594
ENSG00000150455,0.352936224413833,0.8696358022992924
ENSG00000110066,0.779531677487247,0.7187040412865333
ENSG00000149084,0.6379377603885745,0.7625464369706157
ENSG00000187479,0.3879264335164696,0.7599639382508964
ENSG00000148925,0.5943046302058738,0.6799777422991584
ENSG00000197601,0.5976282725798665,0.9402020072800814
ENSG00000137747,0.8408692315110197,0.31041249667359344
ENSG00000133884,0.28983826735569557,0.6802174448650595
ENSG00000166439,0.5572081700748807,0.9007934246517977
ENSG00000118363,0.44019631118044555,0.789414306173793
ENSG00000162139,0.6302198684822256,0.46503044101988467
ENSG00000170903,0.24811905969594983,0.15804382083432406
ENSG00000182359,0.020553319586975892,0.06122628207644328
ENSG00000149313,0.11719997344782093,0.4591121587420882
ENSG00000205531,0.09662282343287373,0.04764094812051124
ENSG00000154146,0.2682602436454945,0.4420970450507614
ENSG00000019102,0.0014853759241930335,0.023867680961255182
ENSG00000149564,0.8436262362337426,0.8602366191062354
ENSG00000120458,0.2705289502440108,0.5787236102317008
ENSG00000154133,0.9008376052626963,0.9346279478019467
ENSG00000166181,0.6425630464804122,0.7792702296520728
ENSG00000052841,0.911807729123466,0.7441470094461649
ENSG00000176148,0.06737414564686485,0.049250099356686096
ENSG00000176102,0.5804215179864357,0.6178564049272649
ENSG00000110422,0.9654616211634953,0.8476131410193672
ENSG00000135363,0.11812068819381101,0.25430436769594683
ENSG00000135387,0.6043713722616282,0.9033335774752483
ENSG00000135372,0.14867971988528964,0.2697795405038116
ENSG00000284969,0.029935361348623724,0.07567913174523962
ENSG00000051009,0.6785978843534246,0.7100014084892142
ENSG00000166313,0.21110219389544632,0.5094006114484527
ENSG00000054938,0.07721538169625766,0.1509288367872874
ENSG00000166435,0.8607398102238054,0.8518515321016852
ENSG00000062282,0.6778014101802499,0.869433314149881
ENSG00000166436,0.351080931380121,0.6256364742754446
ENSG00000186104,0.42861322951355296,0.569081173717373
ENSG00000110680,0.36264092899810385,0.26338014237960405
ENSG00000110321,0.5729056576669962,0.6034819687019386
ENSG00000134954,0.5117139648577974,0.7050189876725287
ENSG00000085063,0.7993832461561975,0.7680357820383277
ENSG00000167244,0.35694732694721976,0.6736918425533523
ENSG00000150672,0.1632666001431421,0.26865334226772375
ENSG00000110723,0.0031334868065001115,0.008339215595935607
ENSG00000178202,0.05108270246717486,0.23806359857394843
ENSG00000014138,0.002118104348361499,0.051157316992294616
ENSG00000160588,0.4635678191179514,0.7524565734933724
ENSG00000134333,2.0528791118754617e-07,2.152836216326755e-05
ENSG00000168066,0.2680869541506044,0.5330556879040609
ENSG00000151376,0.27964341387738684,0.04782977270559356
ENSG00000160703,0.05554405327164828,0.21082238677231524
ENSG00000166959,0.05629293215392392,0.17358684486131107
ENSG00000166961,0.005837075706967677,0.03936535305402913
ENSG00000149090,0.4586624215415439,0.9744089989755743
ENSG00000110514,0.6504346838360272,0.7900559103889817
ENSG00000110713,0.5045496670138783,0.5630060463724131
ENSG00000133816,0.3467917992620919,0.26970385108038397
ENSG00000180423,0.9653861689700394,0.9146630750214416
ENSG00000175224,0.36980398163445927,0.688191398587614
ENSG00000175220,0.3115647847802567,0.6501866540099255
ENSG00000175213,0.04795653136382543,0.13478464534518805
ENSG00000180210,0.0034007538662269993,0.03409837290377912
ENSG00000175216,0.10300595128591404,0.2822128755882961
ENSG00000134569,0.9033810029798118,0.8209801337741502
ENSG00000073921,0.1139393106113036,0.5848397184722356
ENSG00000074266,0.39497322519977696,0.9627953605917908
ENSG00000150687,0.19982110454183186,0.8195197929890834
ENSG00000174804,0.5604132281907399,0.3146669369721637
ENSG00000135378,0.9548611110640032,0.587283250661689
ENSG00000060749,0.1524129426329462,0.19241994986716865
ENSG00000121690,0.23199311058895458,0.1640428601572144
ENSG00000167770,0.0060586680879291645,0.01671239530982066
ENSG00000174775,0.09757711033139604,0.09669885103909479
ENSG00000141258,0.3004411252481183,0.35436452838536825
ENSG00000185722,0.8069154952160517,0.664374306755196
ENSG00000074755,0.5042239704466543,0.5222800588409362
ENSG00000167193,0.0973051145540402,0.2746016622594395
ENSG00000167858,0.3250353474130256,0.7465600147574449
ENSG00000129195,0.0002634186482667197,0.008752274718402007
ENSG00000004660,0.004503711215778054,0.020844832716449043
ENSG00000108405,0.0009199255327266112,0.005065224045351943
ENSG00000187624,0.24734071311434577,0.43379464977390536
ENSG00000091622,0.42158553534776333,0.5488601932392281
ENSG00000256806,0.5888144435525511,0.38723970045566336
ENSG00000141040,0.020433175278636126,0.08347065196456573
ENSG00000074370,0.19082076559675065,0.3201038209297057
ENSG00000171953,0.7213071033683705,0.7473385142519641
ENSG00000129235,0.24250712976223426,0.6235018866026923
ENSG00000198920,0.9876134264998765,0.9209114868461942
ENSG00000181350,0.1810903912785068,0.09457685191392466
ENSG00000074356,0.05011956014345951,0.06267923680027902
ENSG00000189152,0.7225885049060967,0.7350962146331799
ENSG00000142494,3.386544462630865e-05,0.0004852114489829088
ENSG00000109046,0.03388941349971406,0.025333531499715272
ENSG00000133027,0.6449150837568032,0.8565264698482455
ENSG00000108590,0.3098170765142038,0.5211622214267007
ENSG00000124422,0.25729190584778344,0.3855662017712721
ENSG00000171962,0.0797984959601309,0.16923270296946696
ENSG00000091542,0.6097069641321673,0.9256091936751506
ENSG00000108591,0.4314726621602929,0.9880998839897918
ENSG00000274180,0.34780739738009947,0.6675100022633234
ENSG00000108582,0.22510315963017616,0.9728076232020393
ENSG00000108578,0.5166607075307187,0.9067149434257139
ENSG00000198783,0.6226570636946751,0.677458854975568
ENSG00000126653,0.23667038763558096,0.44372663274946766
ENSG00000167693,0.9865554677321675,0.6532034784004359
ENSG00000141034,0.9748435823532507,0.9734015377341338
ENSG00000006125,0.027431176972635068,0.1244278114113268
ENSG00000132141,0.4072801898812183,0.9624997174775122
ENSG00000141127,0.5847473912098203,0.8381187702624794
ENSG00000276023,0.824995734644279,0.6424691805324747
ENSG00000005156,0.46116479391713894,0.9846992715116589
ENSG00000141738,0.5818011869092969,0.6155971924034893
ENSG00000278540,0.7843550591604952,0.89941414390875
ENSG00000094804,0.00036091496141476,0.024848797626612663
ENSG00000108344,0.09934749737420774,0.3672468024688502
ENSG00000161405,0.00033014050850301577,0.005284087291611446
ENSG00000161395,0.054070214644443476,0.12412818997168977
ENSG00000171475,0.6627488186317333,0.8071653793524405
ENSG00000108599,0.8456162899965803,0.9052546341454573
ENSG00000276234,0.2582678051362874,0.40225729759981566
ENSG00000125691,0.8004562538359109,0.9518176090669166
ENSG00000131771,0.1523396252441833,0.2074586658573852
ENSG00000183153,0.7802472431769267,0.26560618457956076
ENSG00000108306,0.2172702685939973,0.14129817798533295
ENSG00000141741,0.8797208224070099,0.8807238291502153
ENSG00000188895,0.6110549703243167,0.7527436672003198
ENSG00000131759,0.4077219522083083,0.24480948931079638
ENSG00000126353,0.01172899986724206,0.05917049440376099
ENSG00000141744,0.3002520220573127,0.28760521631866187
ENSG00000002834,0.05896481036155654,0.1458792657989687
ENSG00000167914,0.3606273648410324,0.21306355015931389
ENSG00000263874,0.39559902036795513,0.7374173999424174
ENSG00000172057,0.004147046016662831,0.014668778367486195
ENSG00000131746,1.7015301168471637e-05,0.0011019678947432803
ENSG00000172301,0.09623781419074248,0.16665580202163288
ENSG00000186566,0.7050635492295123,0.8881320074221033
ENSG00000131471,0.11420639772545267,0.24608748438785308
ENSG00000188522,0.0784845204842427,0.2920412611315183
ENSG00000131748,0.3699460840059987,0.9619555714872634
ENSG00000125686,0.3106798903469266,0.7497096259657055
ENSG00000141753,0.6529803403045242,0.508628544341353
ENSG00000126581,0.5105109637313138,0.6718673906027797
ENSG00000197566,0.6806815835625124,0.6994543083494078
ENSG00000183688,0.9344045037702761,0.8125073902920177
ENSG00000108848,0.7641441167977955,0.8729118650313492
ENSG00000132530,0.42798007516252445,0.3719129814821285
ENSG00000108349,0.34054998124139646,0.13432767026347464
ENSG00000167183,0.12125714987082985,0.3444971707052694
ENSG00000126368,0.37507813327168826,0.40231926293618236
ENSG00000108651,0.016862551367013926,0.03702585454022107
ENSG00000173991,0.6920079367151235,0.9585885810389069
ENSG00000154945,0.9496980774278065,0.6991488216482038
ENSG00000108465,0.8293571664617612,0.9257867662945277
ENSG00000108798,0.21065906791733802,0.2832915510313352
ENSG00000159202,0.03143396749917895,0.15584450484512302
ENSG00000189120,0.015100664981712092,0.02712244719204878
ENSG00000183978,0.45171204125244124,0.5300658728288778
ENSG00000167083,0.24528034301432897,0.4767019221185059
ENSG00000005243,0.6829102891918962,0.30668443234805093
ENSG00000108846,0.8008057942419178,0.7798984692711707
ENSG00000005884,0.5029203361822481,0.8323489668997901
ENSG00000073584,0.4955443560033477,0.7092953692151742
ENSG00000011260,0.11592535890109133,0.4398996317478624
ENSG00000108423,0.5703849905789975,0.599390176121096
ENSG00000108443,0.2965677220495927,0.602534254163176
ENSG00000154975,0.1804814999160426,0.3581323594752467
ENSG00000011052,0.9440262920956743,0.525635381018645
ENSG00000189050,0.8156462242880972,0.711614716422938
ENSG00000121068,0.32693977519146245,0.3487165425391311
ENSG00000108984,0.5194033540489326,0.6288438496604185
ENSG00000154229,0.03319960228925769,0.06327056358221224
ENSG00000141198,0.8134557423509071,0.42381283243818024
ENSG00000064300,0.9007447772931734,0.953263841298198
ENSG00000141232,0.6688601429975277,0.296547755296295
ENSG00000075461,0.7928796611412712,0.9563873024570265
ENSG00000159210,0.0030166436912724367,0.06081724723325247
ENSG00000069188,0.7104602620661644,0.7283866677918338
ENSG00000198265,0.5519416283258465,0.402696060251839
ENSG00000166260,0.44793162317931223,0.39852504205503647
ENSG00000108468,0.03107951379015033,0.07481388644934471
ENSG00000108510,0.8164829918482509,0.9553942783719156
ENSG00000082641,0.18135771019310715,0.3312335633032211
ENSG00000108671,0.00020146517148074614,0.004284838871344551
ENSG00000034152,0.012187221866077352,0.055079111452399875
ENSG00000141293,0.5834606570384511,0.5420040013014276
ENSG00000131747,0.0031448348516927922,0.021200142839255455
ENSG00000167434,0.005373962355455729,0.03475804842037796
ENSG00000159199,0.00703223303553714,0.04390671838607303
ENSG00000121075,0.014024635856127081,0.03577197856110843
ENSG00000120063,0.18470797119266638,0.462974108047136
ENSG00000169696,0.3305624951198305,0.5609884704625085
ENSG00000141570,0.5911511655489288,0.3642611688346683
ENSG00000159217,1.02345422839162e-05,0.00012242911575144664
ENSG00000062716,0.5620795595187906,0.938705521027886
ENSG00000011258,0.33884625528201096,0.5377664425942185
ENSG00000170832,0.43529006085163313,0.8352452229051301
ENSG00000267318,0.0737012317571319,0.16664465343860116
ENSG00000141568,0.12005124407141712,0.35328450969396263
ENSG00000154265,0.13895361498484532,0.34159000239026005
ENSG00000166263,0.4599457888212546,0.5647134529407156
ENSG00000173838,0.8612180674236265,0.4389474069265564
ENSG00000141179,0.6824153099802142,0.7835748552926142
ENSG00000141298,0.221880472998446,0.13673123882512164
ENSG00000166292,0.10559865670119288,0.5296274623586947
ENSG00000180340,0.7362741768236408,0.8251652298328309
ENSG00000266967,0.04731313827904547,0.08930633660444781
ENSG00000130935,0.06745592555193027,0.37585034581770294
ENSG00000070540,0.3846359658898483,0.13338645648869435
ENSG00000072210,0.14036945668808595,0.3661834784677114
ENSG00000108602,0.5718619760862731,0.3430321589064523
ENSG00000083290,0.2994367419686563,0.34516841845990753
ENSG00000181610,0.4115132109220654,0.906163508886144
ENSG00000214860,0.8059119737115337,0.9478568669684279
ENSG00000171928,0.11755214752881647,0.22495118500831282
ENSG00000161956,0.12001972456969627,0.3539065830797592
ENSG00000129226,0.7583927676038547,0.965248781083419
ENSG00000129255,0.023517057770070442,0.08719809965405673
ENSG00000129194,0.013530566372349109,0.1326883412868897
ENSG00000141504,0.0747789177370807,0.27336773378552587
ENSG00000129244,0.024375489991564026,0.110485254359429
ENSG00000108947,0.9867739318985259,0.9917099326131185
ENSG00000109084,0.4511164446974273,0.5009239638174584
ENSG00000109079,0.1725038212977391,0.6197847993151355
ENSG00000004142,0.04469159130918352,0.2936296886652751
ENSG00000244045,0.8553659276606467,0.9167783874292237
ENSG00000109072,0.034526541289895074,0.051449599597074326
ENSG00000197879,0.11821231348046014,0.3872810344690111
ENSG00000132376,0.425766971106855,0.6212923903086817
ENSG00000167705,0.7056749736958576,0.6651171720847509
ENSG00000185561,0.33491670428639875,0.3145795736848109
ENSG00000167711,0.39141950637878575,0.17461265416917238
ENSG00000132386,0.2471992317005506,0.1611275618790715
ENSG00000186532,0.858378576557603,0.8945766638890801
ENSG00000132383,0.15278567033568977,0.30476018025137575
ENSG00000125398,0.03378998606815163,0.009361968853717387
ENSG00000121067,0.38660379852446125,0.3761231623146455
ENSG00000121073,0.5762318464881153,0.7977010561469123
ENSG00000121104,1.7251527321456152e-05,0.0016879602704363416
ENSG00000064195,0.15901685597783138,0.48639653531169125
ENSG00000141577,0.8856484073340004,0.9699183048355633
ENSG00000224877,0.3019020794667164,0.40280484798880345
ENSG00000157637,0.5387511647140911,0.8507736869899638
ENSG00000185504,0.8034498101552933,0.6021023689623501
ENSG00000240505,0.005749562204599192,0.13700058092335476
ENSG00000179598,0.4286072982654777,0.9499632079942653
ENSG00000154803,0.9888390095278151,0.952038621146245
ENSG00000141030,0.1017818798663307,0.3162447483192336
ENSG00000141026,0.9652160867776647,0.7827986259059587
ENSG00000108551,0.27759483491841247,0.2835402344878084
ENSG00000131469,0.6231669016977321,0.855582136214855
ENSG00000167080,0.6028550093240224,0.8007387512940612
ENSG00000068079,0.019192830623121247,0.07465392400498654
ENSG00000178307,0.008313123597546636,0.03268703521761658
ENSG00000108774,0.3633638337292089,0.8309685309200915
ENSG00000159184,0.10844112556949884,0.2710517662203585
ENSG00000167258,0.3220180976860938,0.7727766567359603
ENSG00000108439,0.6776877721531887,0.8590557283653253
ENSG00000167740,0.8314456068916506,0.5093764648645733
ENSG00000167703,0.1791590196676689,0.0811835740967516
ENSG00000108342,0.8620484046883374,0.8363932070656168
ENSG00000126351,0.054222314110702545,0.07917172901735459
ENSG00000133030,0.2919780570630228,0.5526644996916741
ENSG00000187838,0.03295189659053896,0.17159325782997895
ENSG00000205544,0.38206600695420645,0.5126443016544523
ENSG00000169992,0.40681821759207815,0.42600377392000177
ENSG00000181284,0.4393277140902425,0.7758863779902445
ENSG00000161958,0.08167238786015528,0.1995001712086459
ENSG00000170175,0.6207137229218589,0.2327008032687417
ENSG00000167874,0.2672082680720206,0.8684212021635768
ENSG00000182224,0.7030493215344786,0.8270814423197882
ENSG00000170043,0.4948285617213557,0.5642120822174415
ENSG00000170037,0.7153078100325462,0.8972874432350101
ENSG00000179593,0.07290507640934639,0.1261842253085519
ENSG00000179094,0.44775488086618287,0.3239469038486556
ENSG00000263620,0.27988444935693735,0.7314927647751849
ENSG00000220205,0.19140407066125162,0.3679681354470882
ENSG00000179029,0.5374640552013961,0.69025583449364
ENSG00000196544,0.7740309256717245,0.7634288501287936
ENSG00000178999,0.0005459853487980377,0.014085186766392739
ENSG00000178921,0.40677526717103807,0.4184416006604488
ENSG00000125434,0.3225813177897909,0.4194209790739373
ENSG00000108961,0.5239881346738133,0.7811843031198145
ENSG00000198844,0.24348814623905937,0.28115725614408565
ENSG00000161970,0.2480674582444695,0.5487164143030928
ENSG00000185156,0.09055413416772515,0.03002885464584095
ENSG00000276231,0.28887883724285374,0.6595074765621343
ENSG00000065320,0.7917356163366864,0.9475390665048269
ENSG00000170310,0.2198919364827669,0.23202195755232144
ENSG00000166596,0.02181121072438437,0.05188741545922313
ENSG00000154914,0.3146436171235852,0.5055895941399895
ENSG00000133028,0.0045949610623497944,0.05564663761786338
ENSG00000170222,0.25667590716330513,0.6349978573503783
ENSG00000187824,0.25763893533752774,0.1220255302701738
ENSG00000007174,0.012621377728617067,0.05173195504556507
ENSG00000154957,0.567077658354028,0.7870873675458389
ENSG00000065559,0.2739538290476698,0.625869179786059
ENSG00000006744,0.5047176678766927,0.9575726045162756
ENSG00000153976,0.03517688720318017,0.06670987366124947
ENSG00000006695,0.14210687554770338,0.37104873949580874
ENSG00000125430,0.9475760644662664,0.8563674707158462
ENSG00000161542,0.06747152236008279,0.1244591044442499
ENSG00000176170,6.802705107332597e-05,0.004282688594178746
ENSG00000175931,0.6960482965351165,0.7230839967233599
ENSG00000161544,0.650246556098547,0.8616963446901276
ENSG00000284526,0.9556539609097499,0.8787526949034913
ENSG00000070731,0.15061157333315586,0.12976883503097322
ENSG00000070526,0.05769996515804139,0.22648306389294312
ENSG00000161547,0.020699728229204257,0.12111248060307847
ENSG00000129667,0.06466735959860666,0.40806638207653845
ENSG00000129657,0.4260338604240357,0.661057847667692
ENSG00000180336,0.8519710160113911,0.5196382774271204
ENSG00000180329,0.1237874816962429,0.292683859252067
ENSG00000161692,0.3161955763657179,0.6242091925957115
ENSG00000182963,0.02462665373568802,0.08211095373484917
ENSG00000131097,0.00947649880294594,0.041625495078836505
ENSG00000108883,0.06906766536944009,0.38683211971700915
ENSG00000167131,0.625657139560007,0.5477743023735282
ENSG00000186185,0.005004533283198577,0.05410355591401346
ENSG00000173762,0.331496344076425,0.1703751974403352
ENSG00000141574,0.1111152381825421,0.11032104863084322
ENSG00000181396,0.6307272909305321,0.8610895339214982
ENSG00000109099,0.9184064181241589,0.6943907171985142
ENSG00000132507,4.0859837237521854e-06,0.0008793687243531083
ENSG00000132522,0.1368252703857096,0.2519813474945227
ENSG00000215041,0.5158791893961102,0.3843315694390481
ENSG00000072818,0.007412040596030605,0.03714493467563961
ENSG00000174282,0.11040466074840698,0.1750774209527082
ENSG00000166484,0.03741852000035005,0.21167814021842749
ENSG00000166482,0.012754809704073358,0.08365460274888485
ENSG00000185527,0.32019303207202215,0.19027328364636897
ENSG00000204237,0.28312003247805756,0.6409766792904992
ENSG00000185298,0.0033323222517009803,0.05508858812564468
ENSG00000262814,0.0014558076448510351,0.04240230362262738
ENSG00000183048,0.36841866748502694,0.7973777758377091
ENSG00000186765,0.8803033378551458,0.920983725453857
ENSG00000108469,0.7421750059470502,0.9037474354896491
ENSG00000259120,0.8634393629194574,0.5093530674652023
ENSG00000161526,0.011455207010096077,0.11231158645428665
ENSG00000132475,0.11225135684610257,0.370827841309743
ENSG00000132478,0.6391646018612582,0.9405589894965986
ENSG00000132471,0.688233095986374,0.8897009279968793
ENSG00000132481,0.8300138156773281,0.8009232198768452
ENSG00000141569,0.5849657769600968,0.41748749391372797
ENSG00000204316,0.2132052988427955,0.7648855992630565
ENSG00000257949,0.8938320557850988,0.6956228346958959
ENSG00000167880,0.9239682232848179,0.8791263971530495
ENSG00000167881,0.09141318151119351,0.3334705739322102
ENSG00000070444,0.14632983312505204,0.564771336165047
ENSG00000127804,0.707780483669761,0.8215433592127123
ENSG00000007168,0.5775523410681567,0.7200100274825687
ENSG00000121058,0.5023688495009826,0.6988797089488017
ENSG00000121064,0.009845832278390696,0.03790747652103552
ENSG00000121057,0.23784399493430192,0.2340972740726964
ENSG00000153944,0.612091432110537,0.6632974366014219
ENSG00000180891,0.9572095285719726,0.6624550669329027
ENSG00000136451,0.5486096718779225,0.4343176619747383
ENSG00000136450,0.01132349790681642,0.025883136813925883
ENSG00000264364,0.881403251793267,0.9545847983877577
ENSG00000167117,0.7061174993262845,0.9564344979359978
ENSG00000243678,0.004566521961403448,0.10372642371843213
ENSG00000002919,0.678298475348834,0.4750176576194435
ENSG00000108352,0.8276133993715581,0.8909836393829474
ENSG00000166579,0.031198633234276105,0.1961357518778446
ENSG00000198740,0.3711148671215079,0.4219356479375762
ENSG00000167716,0.976108194295474,0.7526400956732466
ENSG00000136436,0.8401098654993846,0.8508087827205031
ENSG00000070495,0.037701949034190885,0.27879411847195623
ENSG00000108587,0.09398832995654939,0.4466066283485214
ENSG00000175662,0.5822431130918813,0.9212521647713461
ENSG00000169660,0.7356932083220218,0.7831133864289219
ENSG00000109083,0.7987273710064919,0.9205639563530986
ENSG00000239672,0.003508250176741561,0.07267076049400327
ENSG00000154016,0.19131132284386096,0.22778346358925042
ENSG00000181038,0.2028225320783353,0.4125485975413846
ENSG00000011143,0.919501644624769,0.6811746491788695
ENSG00000004139,0.5529536885830879,0.8607674629068737
ENSG00000076351,0.12760237177116052,0.22588813948828526
ENSG00000109103,0.837291689394378,0.5218941382126514
ENSG00000109107,0.9110242560063064,0.7271591723780649
ENSG00000076382,0.00023832958906266119,0.004261203979430586
ENSG00000007202,0.6579830972799521,0.8780450719093635
ENSG00000132581,0.8695488846977616,0.8630611870356661
ENSG00000109111,0.591541822460169,0.877299130167099
ENSG00000109113,0.5347921159098625,0.9389245940804182
ENSG00000198242,0.1476868376332257,0.34831694565251115
ENSG00000160606,0.0434433159281651,0.1342326194284659
ENSG00000160602,0.09899276791625058,0.16736875054982853
ENSG00000123700,0.974131571367301,0.8653357026724504
ENSG00000182473,0.5470202662155341,0.17461093875348266
ENSG00000129654,0.4103496928498025,0.8379697965370457
ENSG00000182628,0.0024313234610957176,0.01729700215193643
ENSG00000068489,9.224685198627721e-05,0.004015166528764012
ENSG00000265303,0.47146913066034013,0.14753877781594085
ENSG00000185924,0.06355028771940133,0.43770152718256405
ENSG00000108963,0.8122990223949488,0.5533090095497593
ENSG00000262664,0.008693618935887257,0.05929734942220276
ENSG00000177374,0.26941861218173496,0.6881182389308766
ENSG00000070366,0.8679408712736008,0.5797029944806378
ENSG00000167720,0.0067490123269823045,0.022793980254260004
ENSG00000167721,0.010596828274998419,0.10145473859696458
ENSG00000008283,0.13740290783846928,0.11236198501438717
ENSG00000159640,0.3277268973646045,0.2955910273136174
ENSG00000198909,0.024175979625496887,0.07512760599962717
ENSG00000136490,0.23623940201203178,0.19402574612528237
ENSG00000108424,0.1015505206956948,0.4733363306869519
ENSG00000073861,0.44709112464012446,0.3254080327365611
ENSG00000006025,0.2419010132227231,0.20682965119401797
ENSG00000159111,0.00483887234319558,0.07434755112637868
ENSG00000141294,0.1915339731773801,0.31349276460704967
ENSG00000141295,0.6760590525232884,0.6485065405683968
ENSG00000182481,1.9256087814860547e-05,0.0017287417164311817
ENSG00000261371,0.025714145638285776,0.044877984916088555
ENSG00000271605,0.4626899661419941,0.5448715131703118
ENSG00000256525,0.1367133551804428,0.2002603041805433
ENSG00000108854,0.870449706752743,0.7226273575288106
ENSG00000108654,0.5581408010219973,0.6936806345493607
ENSG00000185359,0.021392517843104687,0.05862714653642832
ENSG00000161714,6.141756210714084e-06,0.0003339839429426898
ENSG00000181513,0.1954901153301352,0.49003568242876416
ENSG00000186834,0.11496547205158485,0.0921242063115587
ENSG00000136448,0.16560716979666937,0.5594775445261742
ENSG00000161381,0.8297084727036158,0.652889052993818
ENSG00000141750,0.4155400185396767,0.6983133369934755
ENSG00000170190,0.9237748642047147,0.8948228985849893
ENSG00000125449,0.8418401072876649,0.7225614359012738
ENSG00000125458,0.2956600442917438,0.5324064226257652
ENSG00000189159,0.0018958488111995588,0.015399444839823279
ENSG00000188612,0.024282212062181854,0.06569391376385998
ENSG00000125450,0.06911827747060711,0.19503911152774572
ENSG00000125447,0.9646823928654029,0.6604118887169304
ENSG00000125445,0.08883466064095837,0.4728035548731857
ENSG00000125454,0.5552945937052055,0.4711092974377912
ENSG00000177885,0.31478677088836327,0.5392164149522266
ENSG00000108666,0.6311086662944985,0.9632796871267044
ENSG00000108298,0.4222892116949031,0.780026236604483
ENSG00000183018,0.9352779348628132,0.7760849145423068
ENSG00000132382,0.2255203157552007,0.7401770059836654
ENSG00000167741,0.00013482262812622393,0.00311542386795806
ENSG00000188176,0.5085324522668515,0.6875690216137731
ENSG00000161905,0.020361163194592167,0.04041526817350474
ENSG00000141456,0.156381921090021,0.3372724597477426
ENSG00000141480,0.011367897540051063,0.07304975232755315
ENSG00000161920,0.715793364388307,0.9006443278622015
ENSG00000141497,0.0030775201150033938,0.015945248251369417
ENSG00000142484,0.9911802942669455,0.8125998480132798
ENSG00000182853,0.09298224921609514,0.055906555517410764
ENSG00000182327,0.4933580695435512,0.5448069083898015
ENSG00000142507,0.0005184415797071432,0.004188855333120234
ENSG00000129219,0.24919523163326285,0.18193515490512377
ENSG00000141503,0.4884976370368743,0.8964723496895329
ENSG00000205710,0.182978308526961,0.20484347878419001
ENSG00000108784,0.6222232877818465,0.6991669925969881
ENSG00000108786,0.7910335797028596,0.5883775280337615
ENSG00000068120,0.003877020573629217,0.0904296098975772
ENSG00000131470,0.010564626018196778,0.0778260065738951
ENSG00000141699,0.7416710525948106,0.8688120305728794
ENSG00000037042,0.691458675302057,0.6212069193637421
ENSG00000068137,0.6225643942420382,0.32093717935988264
ENSG00000167900,7.299964297411562e-06,0.0009023089858415833
ENSG00000089685,0.00010212328500415749,0.0056783415481396985
ENSG00000184619,0.1083930670213755,0.20519877473120085
ENSG00000177469,0.20430878830736057,0.3339988780125995
ENSG00000168610,0.5108527896653753,0.47853844362277675
ENSG00000167925,0.3299327062587247,0.48911689302492833
ENSG00000010244,0.008169979005570885,0.12241404839761222
ENSG00000132361,0.10299758523213236,0.3696016506598193
ENSG00000240445,0.9890446697203357,0.9426342111845929
ENSG00000125457,0.9870554969862209,0.6824179293679062
ENSG00000186665,0.0034846400762435907,0.02661203028660237
ENSG00000141736,0.4342726830460222,0.387063641114061
ENSG00000108639,0.17991473197534696,0.3636020636252496
ENSG00000141376,0.9442929744293884,0.47615745429842427
ENSG00000108788,0.5067563314570294,0.9098105011007961
ENSG00000007237,0.16207559133436752,0.20918535993021975
ENSG00000006062,0.9138472295434513,0.9692437873132105
ENSG00000186395,0.5294232052415777,0.9479171437894918
ENSG00000171431,0.8554103523062896,0.8301156713523047
ENSG00000108244,0.6004442826702878,0.7550413806741006
ENSG00000224383,0.14433294990675272,0.3953681996198857
ENSG00000108622,0.3584007837828196,0.4183719086647566
ENSG00000178607,0.33313545709322256,0.40669083914116966
ENSG00000141526,8.478469534575505e-05,0.00268082551292372
ENSG00000161653,0.39134802786936773,0.2932823633013695
ENSG00000091947,0.7555218698757284,0.8395074136596334
ENSG00000161654,0.02005730159834653,0.11769580923790893
ENSG00000125319,0.0027200752102864096,0.05316588153708988
ENSG00000161664,0.24034580550189502,0.25439792131119676
ENSG00000168591,0.9328045927756445,0.9526773208919175
ENSG00000275700,0.026638441959350275,0.13163274888671225
ENSG00000225663,0.8021832479325055,0.6023882119740208
ENSG00000141522,0.0035215022022420063,0.021273336627710086
ENSG00000183684,0.002531659300891669,0.04013169781491469
ENSG00000141552,0.06799308328994814,0.27355154341057125
ENSG00000185813,0.6759241935277704,0.9117698289552982
ENSG00000187531,0.08222246462161631,0.30972973864665454
ENSG00000197063,0.16021862944354529,0.2459035441867916
ENSG00000183010,0.2757470693269588,0.7337173810543792
ENSG00000185269,0.018605314605181455,0.04831872227484293
ENSG00000184009,0.0018024902649039108,0.025873472556534792
ENSG00000185624,0.10256809551241579,0.41763168877869716
ENSG00000131462,0.006984406094114011,0.07467097368365204
ENSG00000184451,0.5872913285579302,0.14960576902103612
ENSG00000108797,0.5841704082248673,0.2013796803433359
ENSG00000108799,0.06563521474700058,0.14876957666841675
ENSG00000131477,0.32537732948205417,0.4160376615749197
ENSG00000131475,0.023025834466160165,0.06990915899510143
ENSG00000167695,0.19873054838848495,0.3274256862840253
ENSG00000179409,0.3880811081448362,0.49332048635717496
ENSG00000171861,0.017815088805863435,0.14600406293725213
ENSG00000092871,0.07693931539769036,0.5017897371055465
ENSG00000073536,0.2315140312361934,0.5002240399164998
ENSG00000166750,0.7602166549266203,0.5697443345917328
ENSG00000185379,0.2357314565989339,0.8440210286568
ENSG00000120071,0.46227552915023085,0.830469442834778
ENSG00000141252,0.9550516559362531,0.7723022692878391
ENSG00000214087,0.37583705320934757,0.5597154912981289
ENSG00000141576,0.35713589273923374,0.18366716615801812
ENSG00000185262,0.01164574512716918,0.0634104264919114
ENSG00000132510,0.7853302669664937,0.8710321166938105
ENSG00000108950,0.2031278729793891,0.305175548466822
ENSG00000141337,0.032573035776429365,0.11871340500560654
ENSG00000196704,0.19682710744065757,0.5381094735753149
ENSG00000177303,0.8874023262091445,0.7857515374682881
ENSG00000182173,0.268418719516296,0.989010891951104
ENSG00000073350,0.138984383962371,0.04539027473229609
ENSG00000126858,0.8736398211997909,0.933828693540106
ENSG00000126561,0.28426017928748293,0.33932381181502924
ENSG00000213859,0.13594262110925726,0.43745114070390756
ENSG00000167447,0.5208123801554441,0.8333103122449831
ENSG00000204323,0.5924756278956836,0.5088734202178153
ENSG00000179859,0.27614382713331814,0.46744227738833244
ENSG00000184640,0.234447820749318,0.8017385039018149
ENSG00000176108,0.37078473643419374,0.28074083081454676
ENSG00000181409,0.2592944421120675,0.7345702382330227
ENSG00000167302,0.700774766291549,0.4391598416888852
ENSG00000108479,0.2777060473826817,0.8498043653418121
ENSG00000177370,0.8810112049637269,0.6340964117639035
ENSG00000108953,0.0023178924350463893,0.03854313981270497
ENSG00000159842,0.2636597137764993,0.25555394746306315
ENSG00000214226,0.6195213802634526,0.6063745518341062
ENSG00000153933,0.5954647419462467,0.41260534199941346
ENSG00000121060,0.24233588295346511,0.2576379447524646
ENSG00000141580,0.4295970885664241,0.8947137320105819
ENSG00000141542,0.014807790537128815,0.14239120080743706
ENSG00000141560,0.1933743020350328,0.33033757347547704
ENSG00000167363,0.822279003485862,0.8900949630378563
ENSG00000141556,0.011074122043314451,0.01778658182141179
ENSG00000141579,0.0019779736416417064,0.00603991103847058
ENSG00000176845,0.2356240943069214,0.22464574358454031
ENSG00000267060,0.6732969713398752,0.5296908328436492
ENSG00000005882,0.02838601513216681,0.05997281751289859
ENSG00000167100,0.9204073703756279,0.8414343738636916
ENSG00000108819,0.6683499186278024,0.427798638542377
ENSG00000108821,0.008808448046910661,0.08531173008590569
ENSG00000167105,0.4932953167206996,0.6447818306279025
ENSG00000015532,0.589739605436558,0.4841676396304099
ENSG00000108826,0.0509038839763747,0.06125378279805233
ENSG00000154920,0.0042921035305649915,0.09416162197706036
ENSG00000108829,0.0073702388194028055,0.09498411372873687
ENSG00000108823,0.08831669572757979,0.20392239698597311
ENSG00000087995,0.39874850304482723,0.3562393008355935
ENSG00000011028,0.7506481772432063,0.8664445435644842
ENSG00000146872,0.6739313996973252,0.9390260670272812
ENSG00000108309,0.8242993173700901,0.32491795563884895
ENSG00000013306,0.15035116037556798,0.5101386784430904
ENSG00000030582,0.4861298021504413,0.6520276193266579
ENSG00000161682,0.7824332876420482,0.8029024830991176
ENSG00000275066,0.7824240275455114,0.5743549608291592
ENSG00000278053,0.0067252167260159635,0.011965317817683493
ENSG00000275410,0.6430319165587859,0.9522962347277117
ENSG00000132591,0.041457269588305,0.17242785420100942
ENSG00000167536,0.6423137327980899,0.6902113454214311
ENSG00000109118,0.750947654206475,0.5797518344859809
ENSG00000161513,0.8103849528926756,0.8189777192433462
ENSG00000172782,0.09733599944345198,0.4300596327843518
ENSG00000167861,0.10435237809234908,0.11860962253457984
ENSG00000109089,0.03986184777561341,0.1832691665076055
ENSG00000167862,0.06390339426905499,0.41122787455211807
ENSG00000167863,0.037381021328540445,0.16145326507575145
ENSG00000108506,0.1751547403587226,0.3448892807601832
ENSG00000108389,0.13470772388162983,0.08879080311365715
ENSG00000136492,0.015288992878132485,0.055513424164277965
ENSG00000108839,0.5258386517559872,0.8310460724212647
ENSG00000219200,0.23013800824152647,0.3058818618541184
ENSG00000258315,0.20465161474225452,0.319604674795444
ENSG00000161940,0.6762947950925382,0.9166702007665142
ENSG00000174327,0.006745259862684527,0.052055130728148595
ENSG00000132514,0.003977928390100296,0.005140702239713823
ENSG00000141505,0.2524591704554901,0.18843951982627846
ENSG00000132535,0.1507809560931446,0.43977373224566596
ENSG00000072778,0.48062371696271133,0.39846250841421305
ENSG00000004975,0.1885219075983705,0.5840625088625362
ENSG00000040633,0.04408270943578103,0.22620943612362873
ENSG00000170296,0.5933143526442926,0.5091272027421406
ENSG00000175826,0.0004912323967689856,0.005367045272819134
ENSG00000181885,0.6960317440099577,0.9661271564760959
ENSG00000006047,0.5272903782418281,0.6297719372079668
ENSG00000270885,0.7718251647324909,0.8932611332211361
ENSG00000270765,0.02480494643438896,0.12274032514980387
ENSG00000271447,0.7834860054126467,0.7088007945704784
ENSG00000271503,0.44153374915851695,0.7755054813348473
ENSG00000131095,0.9678452603105708,0.8489601226788683
ENSG00000168792,0.21357804030029018,0.4873987956852178
ENSG00000167543,0.6304352935600807,0.882476196660804
ENSG00000108262,0.17950922818573137,0.943965136222299
ENSG00000198720,0.7872744694078939,0.6883679501005886
ENSG00000173065,0.025335354316666937,0.23004210971344008
ENSG00000179761,0.1516773274914919,0.2785946764273926
ENSG00000108387,0.07124403970712637,0.17168191982090253
ENSG00000182534,0.5442362509019285,0.13355785718155533
ENSG00000175866,0.6581127636001992,0.2864705953960697
ENSG00000278299,0.6281920517296207,0.9792212716297205
ENSG00000132388,0.013192956371001064,0.09660862243001576
ENSG00000183011,0.33165564003249587,0.3106538635498927
ENSG00000108395,0.40302656229393696,0.6639722667155421
ENSG00000153982,0.0340239251138548,0.10438630615468757
ENSG00000175155,0.25956341326845694,0.4308012713579563
ENSG00000161955,0.039247049619849574,0.13936623901326106
ENSG00000170412,0.17960261299003177,0.44797217184640326
ENSG00000167851,0.5348331422754248,0.7180098799660968
ENSG00000167850,0.19993789379786148,0.2958881776543376
ENSG00000169733,0.5365310762596615,0.9018824318567044
ENSG00000169718,0.953212860112251,0.6000181973078501
ENSG00000169710,0.3474604855901884,0.657407140975395
ENSG00000141506,0.12794663615609436,0.33794020716668777
ENSG00000108840,0.07879465713242097,0.11542662762130218
ENSG00000072310,0.9203714818156441,0.4599952773117125
ENSG00000176809,0.15240936440263092,0.10838092695699467
ENSG00000073605,0.8852620416838929,0.5988351673883374
ENSG00000167525,0.8033495497776755,0.9680901806825031
ENSG00000221926,0.007755068434725537,0.09865158721438093
ENSG00000187607,0.34437477900709446,0.7711649895041468
ENSG00000184060,0.39745632531070185,0.2777864718951087
ENSG00000181481,0.493608009855274,0.6918568267159156
ENSG00000154258,0.08111048962998424,0.149338686781559
ENSG00000154262,0.018033867157290752,0.06257678707068817
ENSG00000174292,0.44941218162828867,0.5977768966565249
ENSG00000172123,0.09990106230752556,0.08757219627322106
ENSG00000154760,0.8031889902247774,0.536290944824617
ENSG00000172716,0.9539955252933069,0.8665939301943095
ENSG00000171401,0.638180522563697,0.523593685726303
ENSG00000171346,0.18981586716806692,0.12279560659973722
ENSG00000171345,0.09189711468004272,0.4107937077959857
ENSG00000186847,0.003341815931849494,0.03574402500941876
ENSG00000186832,0.001517479390259177,0.0396547590960376
ENSG00000173812,0.5337725185707886,0.942161356604837
ENSG00000172809,0.025113707623711814,0.14599751642230957
ENSG00000141540,0.157596971547337,0.25351302364656114
ENSG00000171595,0.057309163737267806,0.11126597168510441
ENSG00000196169,0.01066244930808302,0.02421661952510302
ENSG00000108679,0.4317969070069242,0.775458445415042
ENSG00000171302,0.013681642014440618,0.13336446905425176
ENSG00000173918,0.19396479992057322,0.2355196865729778
ENSG00000167280,0.09789019675364165,0.11104505941861306
ENSG00000173894,0.040882963841919674,0.07795358502802315
ENSG00000133026,0.8875304598707858,0.8631751015447207
ENSG00000185862,0.0866696543570892,0.24903834921329832
ENSG00000126860,0.08017561584510757,0.16561924321164337
ENSG00000131242,0.04468367526870975,0.029446595907411922
ENSG00000274512,0.3928492955002093,0.7135623567710868
ENSG00000092931,0.418485077469154,0.7645698964328866
ENSG00000062725,0.7547179474650594,0.7844898781886407
ENSG00000108474,0.9423006623054332,0.47492097198228633
ENSG00000166582,0.22183204623173358,0.32051543508294295
ENSG00000170315,0.8210747075325902,0.9145182314368197
ENSG00000187688,0.6106619643698468,0.7317988940893897
ENSG00000108946,0.8462061361217825,0.9117479172128737
ENSG00000178502,0.15289764779953546,0.15352414962973593
ENSG00000131473,0.4074579179668738,0.8217576663167713
ENSG00000204815,0.03768763678193238,0.11970175466611645
ENSG00000173786,0.1072104721247112,0.46466101713770036
ENSG00000168259,0.1853389906200222,0.3570445803645137
ENSG00000168256,0.015155059500551541,0.09227314600977479
ENSG00000267221,0.19531077405329392,0.4151008108047499
ENSG00000108771,0.8118179281046853,0.7021194768554131
ENSG00000108773,0.10591304389253195,0.7506296336314042
ENSG00000260325,0.07598675611659948,0.04126943364871223
ENSG00000170836,0.08825796036300212,0.30554177395921284
ENSG00000108557,0.8378728331803205,0.8095668191465444
ENSG00000136478,0.840910491680423,0.894390461474351
ENSG00000128422,0.013247429016166606,0.07744199717150894
ENSG00000076604,0.6038598550476443,0.6910985376095908
ENSG00000131899,0.5121413888151183,0.9285374035198585
ENSG00000141338,0.0035932137351376604,0.04244916983572305
ENSG00000108932,0.855927999386289,0.8240222469955015
ENSG00000006740,0.036888468217544004,0.2756493397990938
ENSG00000174238,0.4092834096630925,0.2710874647285837
ENSG00000258890,0.7412048946676234,0.5845822303989062
ENSG00000068097,0.5574299927486432,0.5645651096264195
ENSG00000008294,0.8236688274059794,0.5797820296640499
ENSG00000167182,0.6004495552105662,0.7599291115161524
ENSG00000108852,0.8561616948038033,0.7234332071065217
ENSG00000131467,0.009852949735089095,0.17303338834718165
ENSG00000141562,0.02122236933480494,0.049145716103689556
ENSG00000074660,0.11494341674268681,0.03923529448844152
ENSG00000008838,0.35415940644807675,0.9961521376248175
ENSG00000108641,0.8492400775218361,0.8442207312234411
ENSG00000175711,0.152648733068036,0.3800430066769884
ENSG00000166685,0.09204354466737186,0.13885970379442766
ENSG00000141219,0.8929922949783021,0.3949239039309046
ENSG00000179604,0.45026539647114017,0.4356808746476548
ENSG00000133193,0.003870187933061182,0.08422176837211137
ENSG00000183077,0.21435266220087784,0.5153974031658533
ENSG00000109016,0.7198792631443517,0.9160356965325056
ENSG00000167699,0.10628701555584419,0.40120265578393743
ENSG00000183914,0.08839180058724419,0.0375541176562286
ENSG00000133195,0.07680492557033416,0.4008608165796098
ENSG00000170291,0.0925021098874851,0.3345934798369315
ENSG00000055483,0.6228439280541496,0.670742300977174
ENSG00000270647,0.029504665101360242,0.0491008741304353
ENSG00000161944,0.123951099087826,0.23171073927493024
ENSG00000273604,0.29333282380429876,0.8112748719566697
ENSG00000275023,0.1440901910685081,0.12152172902152157
ENSG00000277972,0.6251562408369584,0.4569577679153701
ENSG00000277258,0.5028712056658406,0.9299604274120133
ENSG00000277791,0.16876321043969533,0.5378012084205295
ENSG00000276293,0.7769992995940848,0.5103538282534386
ENSG00000273559,0.4005108128194167,0.4720355131502679
ENSG00000136485,0.5231400759107692,0.9376922975494884
ENSG00000136463,0.008759293292230888,0.07426134405291639
ENSG00000198933,0.30468946126331214,0.05867759533155375
ENSG00000087152,0.18629835506978934,0.5165369543973384
ENSG00000168517,0.8115540598282416,0.6221202118515322
ENSG00000174326,0.0011846526256250373,0.016138051194604267
ENSG00000172992,0.15988344220859568,0.03967496673582084
ENSG00000188878,0.7220451401238399,0.6055730485261177
ENSG00000128487,0.011183586845934247,0.11634481965868457
ENSG00000250506,0.28774947666402334,0.4356178026402655
ENSG00000141068,0.025711261652535882,0.021280384314293268
ENSG00000072134,0.7556709107613643,0.9802266643592279
ENSG00000198863,0.9390724023998688,0.9225201498075475
ENSG00000170921,0.33407056505655014,0.5973875144966219
ENSG00000176155,0.48364373651951253,0.8443863897877184
ENSG00000108528,0.4809359353049688,0.5162733620680339
ENSG00000108523,0.3713212578868115,0.08307068709739691
ENSG00000108518,9.518110974463252e-06,0.00024022087529259543
ENSG00000108515,0.02743947683726193,0.04504139642765926
ENSG00000091640,0.10132592006593334,0.10018696146338843
ENSG00000108509,0.20930621239933575,0.30759540566327714
ENSG00000129250,0.7808564248293486,0.7424357016429788
ENSG00000132517,0.03261360267439186,0.05502527630478008
ENSG00000180787,0.0005016750486183102,0.007628783616766813
ENSG00000196388,0.11472612174494087,0.3443686067002192
ENSG00000173818,0.06840888709070925,0.06089456944212952
ENSG00000171246,0.39790925817705125,0.6435280992597256
ENSG00000141519,0.047518619471181606,0.050183164915781044
ENSG00000171298,0.1559150187910788,0.30214350669869855
ENSG00000141543,0.006801981129767345,0.08415302964944792
ENSG00000108688,0.07972933211683794,0.20737167138219573
ENSG00000172156,0.6553392663230038,0.8728843401257478
ENSG00000108700,0.7483739374826412,0.8181552589221222
ENSG00000181374,0.06518613802207042,0.15739905376443608
ENSG00000108691,0.8451371879367742,0.9186357451462649
ENSG00000182612,0.9179987130686231,0.8224583493249467
ENSG00000167085,0.020028466370477494,0.10039781776935308
ENSG00000141349,0.6100672051969606,0.6181458946354194
ENSG00000180626,0.8280959229557912,0.8238632345329336
ENSG00000161929,0.047357211101578034,0.1465319140482847
ENSG00000078687,0.04060080389519303,0.05854841986813851
ENSG00000167840,0.6457981881264578,0.6326922827658339
ENSG00000108256,0.3557034844971366,0.6001527054571046
ENSG00000259207,0.8676930656776847,0.5457229564107757
ENSG00000178852,0.1941198710222897,0.1745712135079743
ENSG00000168961,0.9462258018217669,0.8799579710364447
ENSG00000232859,0.014845419227772943,0.0530646687024205
ENSG00000178691,0.06643787802391912,0.24322109149079918
ENSG00000181031,0.9803462191241044,0.9363525951320022
ENSG00000185158,0.069992367267774,0.2013139063630368
ENSG00000132359,0.5402826822268789,0.762576540692588
ENSG00000196689,0.46536512241265193,0.8341301487661377
ENSG00000040531,0.4455141170720449,0.4780651281471432
ENSG00000197417,0.7705668712276933,0.8729696811903692
ENSG00000213977,0.005044300765433383,0.011994039607829783
ENSG00000127774,0.0003009823331944596,0.0023616712646141384
ENSG00000083454,0.8652271184885629,0.8766825711415387
ENSG00000083457,0.3297044373970052,0.6834024059063981
ENSG00000177602,0.0005874177198936493,0.0065037453864534925
ENSG00000184557,0.9707510410683715,0.984522956517944
ENSG00000087157,0.06948897980222894,0.012500454305308788
ENSG00000108433,0.6612169916585133,0.583726558202688
ENSG00000004897,0.021966919032209545,0.15283741984212748
ENSG00000198443,0.16917322924280867,0.970418999503971
ENSG00000108384,0.445606528238632,0.3791030445822098
ENSG00000266173,0.9058548824886443,0.7792626286804722
ENSG00000108588,0.7170981249140358,0.6429014926209204
ENSG00000198231,0.752375608949602,0.8714663275251414
ENSG00000108592,0.01604320130244177,0.07494739111471053
ENSG00000187595,0.9036899512706479,0.9918081946624246
ENSG00000108604,0.3367492105980312,0.611963148844201
ENSG00000273611,0.16677932495076353,0.2352621241184162
ENSG00000278259,0.0023598373222662836,0.028343098806813415
ENSG00000277161,0.3649697758570186,0.7953896720637498
ENSG00000278311,0.2238307966064817,0.3498629964025787
ENSG00000278535,0.8546995828712054,0.2937678174457321
ENSG00000278619,0.48056177541879497,0.3522672204839442
ENSG00000141510,0.805815167118024,0.6436840313004216
ENSG00000167895,0.3562271927666111,0.32328488213339324
ENSG00000007312,0.0008653044914581036,0.014443349474071308
ENSG00000007216,0.6051317839621371,0.5764153078198035
ENSG00000141499,0.12099307902416122,0.21320921397833004
ENSG00000266074,0.16008363207899506,0.20496337864709246
ENSG00000141524,0.9141311708019565,0.883254879833639
ENSG00000173757,0.4394442856102627,0.6069756971176283
ENSG00000178927,0.4075699375833146,0.40766135843242135
ENSG00000141564,0.14218695317761945,0.5370004870081999
ENSG00000005379,0.0002531902384970765,0.005215727047103864
ENSG00000213246,0.6332488472928319,0.9559306044071691
ENSG00000108375,0.8255884433741252,0.6158234237747446
ENSG00000092929,0.0657343644342607,0.4887129342870785
ENSG00000286190,0.06354300055736806,0.23628214352963686
ENSG00000178971,0.32847092033700537,0.7391657333778452
ENSG00000091592,0.0024942872056131853,0.014219299498470155
ENSG00000274419,0.08081312417582093,0.06481042632409292
ENSG00000239697,0.12657266980351659,0.21134562283379407
ENSG00000248871,0.7674547972640816,0.8775064445084602
ENSG00000108828,0.31620236608660157,0.7740749230305394
ENSG00000108830,0.6191677326615386,0.3127512937449241
ENSG00000188554,0.5631091581099668,0.8324805401468898
ENSG00000184988,0.9814895419553803,0.7764223833067649
ENSG00000236383,0.8221241739946525,0.8235527588419372
ENSG00000225190,0.5452877365718312,0.9801306272208784
ENSG00000012048,0.01565639377475107,0.24079672131226645
ENSG00000167107,0.3055345267795269,0.09994150609966791
ENSG00000136457,0.026845805928921374,0.06072213909353549
ENSG00000136444,0.2050794436616967,0.28885001007977856
ENSG00000049283,0.2585134931313556,0.8336091718035527
ENSG00000006282,0.6696675970045721,0.6438686048713782
ENSG00000183691,0.0616677514362731,0.07072754950652085
ENSG00000141279,0.10352071006935062,0.4539185782849803
ENSG00000029725,0.8030608080335739,0.9180411759673153
ENSG00000129197,0.8435078377603855,0.6501817718373493
ENSG00000108561,0.005071666326714808,0.02744924435009651
ENSG00000005100,0.02743674924127031,0.10833141455214275
ENSG00000072849,0.12763915496865377,0.3877931317841009
ENSG00000167842,0.9861050454538076,0.9941994731030008
ENSG00000108559,0.06449372599455924,0.15330469211635697
ENSG00000108406,0.15123684694400388,0.16163953897048752
ENSG00000141378,0.01592363158509562,0.05945579871159277
ENSG00000141367,0.24389160724466163,0.42653291283410044
ENSG00000108861,0.3233316570674149,0.6531039409848942
ENSG00000239704,0.189922699897551,0.37120872699752094
ENSG00000259024,0.8128373975856341,0.8237068696006211
ENSG00000175106,0.838145562856741,0.5832869728377008
ENSG00000278023,0.02238167356874823,0.0890761157612768
ENSG00000276409,0.018384874711285814,0.11830336612964215
ENSG00000275718,0.5156561848253368,0.5560561660883052
ENSG00000274736,0.4207194493767047,0.6796665509175668
ENSG00000275385,0.5875534260910593,0.36090047783610757
ENSG00000277632,0.6029459039449065,0.7010495272464827
ENSG00000275302,0.6664352877163842,0.6184601137649082
ENSG00000274808,0.7061432163846714,0.48804309331693574
ENSG00000276070,0.5305341010463607,0.6533770622067042
ENSG00000170004,0.09892312104188951,0.1751437081098515
ENSG00000184922,0.4089843832892808,0.425198370327071
ENSG00000174231,0.519585505491627,0.3602719996770093
ENSG00000181523,0.207726657274808,0.08353224757953578
ENSG00000181045,0.07684629008120486,0.16955800755751146
ENSG00000087095,0.9841085094521442,0.9283034227695276
ENSG00000087191,0.00045568484959809417,0.00491133471567518
ENSG00000170298,0.06653013002829641,0.07958895711290885
ENSG00000177731,0.24654699773536257,0.70688790275976
ENSG00000177427,0.11961320347519026,0.13380284169541712
ENSG00000177302,0.5240883739057203,0.8470064378198322
ENSG00000176994,0.9364068805076204,0.8370097159390592
ENSG00000176974,0.6285947779752292,0.6467521445385926
ENSG00000159314,0.718674207485041,0.8321644461815845
ENSG00000278845,0.23221913808283687,0.18337610364145
ENSG00000274211,0.716974193079958,0.7050180208425186
ENSG00000277363,0.08020305113473208,0.22371366306727636
ENSG00000033627,0.5240986157775396,0.7270444933049729
ENSG00000006042,0.04133115431515617,0.09145422735007964
ENSG00000176749,0.0006112622456393066,0.024959946088561738
ENSG00000176658,0.969258567761801,0.8665900952906023
ENSG00000266714,0.21128920270640741,0.48331812399993324
ENSG00000196535,0.8600182590178425,0.9095009710113521
ENSG00000173917,0.8762371403269281,0.6239499541433804
ENSG00000120093,0.31396347191568247,0.3983517551306004
ENSG00000182742,0.42056336400807615,0.5831329924633086
ENSG00000120075,0.11582523606202473,0.31611231807499995
ENSG00000108511,0.11966877943568832,0.1692115287611824
ENSG00000260027,0.009272179500526431,0.059524493280652374
ENSG00000120068,0.2926095342175881,0.6200588607360515
ENSG00000170689,0.0796383791838764,0.1297804688001159
ENSG00000170425,0.5131738259335057,0.7115545687483456
ENSG00000214941,0.39359096063323196,0.3886791548154611
ENSG00000011295,0.5290767269160221,0.8456455816712274
ENSG00000141027,0.3043512632068307,0.5648336060972841
ENSG00000108312,0.891910248115708,0.8679516463624722
ENSG00000160551,0.4077124967741651,0.8407952318757701
ENSG00000129245,0.2520352135605068,0.43556410699066406
ENSG00000161533,0.6057241651360468,0.8138605830791975
ENSG00000186407,0.24667464096157737,0.26406397298957135
ENSG00000172794,0.059779484663876434,0.10430528502767684
ENSG00000186074,0.014707099988475652,0.040710886879595745
ENSG00000109062,0.6066860294974608,0.9711467413879873
ENSG00000109065,0.43857217327844,0.967678410841035
ENSG00000109066,0.17738995219008852,0.625589948031466
ENSG00000177728,0.7484288743999687,0.9937718015298499
ENSG00000182446,0.03275965208272807,0.08881452488112887
ENSG00000108669,0.585639358751084,0.5508213146295773
ENSG00000197170,0.001681859216510515,0.008479529815319832
ENSG00000154217,0.06371293665846818,0.15831672156870483
ENSG00000067191,0.004593791877023962,0.03909219664332435
ENSG00000087111,0.5296463039429975,0.9731856104651667
ENSG00000141551,0.3565891969603747,0.8013258400654499
ENSG00000141582,0.3619096368546372,0.988235397036176
ENSG00000167291,0.9031473278680611,0.5773145557640778
ENSG00000173821,0.5651955480399613,0.9121116981986721
ENSG00000175906,0.002868979175174052,0.03457630693647501
ENSG00000067596,0.1253975847710257,0.22507408923135275
ENSG00000175832,0.26334256192418143,0.1792097581164786
ENSG00000185829,0.6021967979786577,0.9770876653039842
ENSG00000228696,0.2828690916114587,0.6219293148012717
ENSG00000073969,0.32817810293277083,0.923401216767403
ENSG00000171634,0.2255796906885378,0.22340277603140968
ENSG00000108379,0.27793022812116125,0.22285316985526601
ENSG00000132589,0.6653089609391944,0.6120481916009013
ENSG00000161921,0.2551224762970083,0.3947405090418443
ENSG00000176358,0.028584285621864026,0.1117719400456491
ENSG00000108813,0.3982584029094397,0.6929945276940311
ENSG00000136504,0.4072567721224374,0.6924450103543829
ENSG00000275832,0.7448499836573211,0.5230141625572997
ENSG00000169689,0.11319766143593908,0.25838754683115583
ENSG00000169683,0.5414252207586512,0.9034937686564559
ENSG00000169750,0.33327334504356354,0.828768230282718
ENSG00000169738,0.7605850710381783,0.6397883465929343
ENSG00000169727,0.07932099425250205,0.37866908643177344
ENSG00000173801,0.10216977960386626,0.44611435995977056
ENSG00000141696,0.02265701030621054,0.3272964436313512
ENSG00000141756,0.05406826638931231,0.3222784332208029
ENSG00000141698,0.8953754283411158,0.31716833330307115
ENSG00000141527,0.02256509506751981,0.11404615117296002
ENSG00000108733,0.7313443515921443,0.8927944062025701
ENSG00000168646,0.0967992078282702,0.41999098381828914
ENSG00000154240,0.3769504047814427,0.41444704503563223
ENSG00000091583,0.9011147282033235,0.9166014098467056
ENSG00000108924,0.0030734604658853156,0.07268349661769898
ENSG00000108960,0.04324590242084773,0.20775207236240378
ENSG00000262165,0.031949028372877136,0.11835876150071123
ENSG00000035862,0.09688928842591701,0.26286078145189384
ENSG00000214447,0.7214512107148685,0.6463462995802213
ENSG00000132470,0.006113149668579953,0.010973162592352712
ENSG00000161960,0.000760053927712972,0.010915927358548043
ENSG00000176390,0.9261662278727137,0.774753684082423
ENSG00000176208,0.24378435194718534,0.6247740650140428
ENSG00000172171,0.3439853947735778,0.9744161699093679
ENSG00000196712,0.8951958695750403,0.692955397981793
ENSG00000253958,0.2375747855992729,0.26265877115523645
ENSG00000173281,0.5598948962621348,0.39087530707148066
ENSG00000173273,0.6777980683287956,0.5558163114874768
ENSG00000154359,0.44651583498852465,0.27732429218117766
ENSG00000175806,0.3324300976762332,0.24744338443536762
ENSG00000134020,0.005613064348818637,0.03566284589236561
ENSG00000275342,0.35546920359962897,0.47143886575517235
ENSG00000164741,0.01609693180058215,0.10970392720892932
ENSG00000147324,0.0688247395785425,0.03154845902054681
ENSG00000254093,0.17435414775830926,0.4611664517024262
ENSG00000198791,0.8955227652686312,0.6626155253082927
ENSG00000179388,0.2574483159337197,0.6131079082164623
ENSG00000104714,0.9390730553013502,0.588860287558149
ENSG00000155975,0.6503627033584485,0.3538398384856566
ENSG00000164743,0.5900120327038239,0.8363510310891642
ENSG00000159167,0.0003967362476691209,0.019010893194146505
ENSG00000104228,0.24052799208091008,0.26853619558388936
ENSG00000198042,0.22865666050057729,0.42058956995273133
ENSG00000175445,0.026684996756749225,0.0499216496839095
ENSG00000147421,0.4782446004920139,0.488034605068287
ENSG00000171056,0.7467005325746768,0.718040493632769
ENSG00000172728,0.9088962896636199,0.9683369025766034
ENSG00000038945,0.4306305695552196,0.4756833876609672
ENSG00000092964,0.002006221717149084,0.013087529438891427
ENSG00000164825,0.021862108943948813,0.07153149882499972
ENSG00000147454,0.6294593304037868,0.6617167213449231
ENSG00000104626,0.14904144348210696,0.43665115209650895
ENSG00000147459,0.14440888853411912,0.3651144783234854
ENSG00000104660,0.5695454097583197,0.5807567006512111
ENSG00000167034,0.02474890942859941,0.04861017384536624
ENSG00000147416,0.05281738811844434,0.0699243295735851
ENSG00000104756,0.025854647021426657,0.03851513909909954
ENSG00000134013,4.376777176118039e-06,0.00026093690045953395
ENSG00000061337,0.28189872918167086,0.8285316468620993
ENSG00000184661,0.00030681395408863575,0.00924212236325658
ENSG00000104219,0.08076605536770333,0.04561236787379479
ENSG00000168300,0.588374612688344,0.44868523394587434
ENSG00000104765,0.23737420923384012,0.24114513113263536
ENSG00000197892,0.399336447004321,0.3553601204462783
ENSG00000104613,0.4101962414164081,0.4104242557649821
ENSG00000104671,0.13690023781802563,0.14561482239810594
ENSG00000221914,0.6613915733298554,0.9167859295536581
ENSG00000197217,0.31624504034090045,0.25659348804470833
ENSG00000164808,0.41650437246645244,0.5115730708716574
ENSG00000147437,0.54845507703626,0.9334037696151062
ENSG00000168575,0.2992907392392512,0.11356746569655508
ENSG00000104611,0.6345373598789942,0.8060920451946616
ENSG00000240694,0.003220898273468382,0.014681597041957204
ENSG00000254087,0.5951009540939722,0.2977330229815285
ENSG00000133872,0.07991385096557872,0.15371830755900678
ENSG00000172817,0.5716034783770945,0.5865101450011574
ENSG00000178538,0.49663867955622054,0.7380058717581239
ENSG00000133874,0.7079137160316495,0.7071619957144455
ENSG00000121005,0.06988049480131214,0.06685862322143196
ENSG00000104679,0.68067634464329,0.6600244187845363
ENSG00000164751,0.6062890010184154,0.5821580524397527
ENSG00000104442,0.32975535829426755,0.8512090345427256
ENSG00000221947,0.709723795811189,0.837976364814367
ENSG00000076641,0.39889890568926134,0.24040696789037794
ENSG00000137573,0.08700075772450856,0.442059371448147
ENSG00000165084,0.009763299091538048,0.11614151987070746
ENSG00000164879,0.04164711510135247,0.377084591912347
ENSG00000164749,0.07772782013383585,0.0576853243399055
ENSG00000104331,0.022815105771487806,0.0664422613406876
ENSG00000176731,0.1437348708020538,0.3277715598277669
ENSG00000040341,0.7695667036758395,0.6207892084519233
ENSG00000104327,0.4368121300205834,0.5547623954919467
ENSG00000164949,0.7838660824049271,0.5542544042665736
ENSG00000205189,0.7877457776510952,0.32855236785171726
ENSG00000164687,0.027626800400220967,0.007120956399378469
ENSG00000164951,0.601708056709406,0.8344341244533459
ENSG00000079112,0.0019953782835638477,0.007807090525148538
ENSG00000035681,0.5872120464873748,0.7635458360215801
ENSG00000147649,0.12358684268834745,0.43215030677979593
ENSG00000104356,0.03643573070450196,0.2576500618739905
ENSG00000177459,0.6012370452026699,0.3728986803350334
ENSG00000147586,0.39483307886728514,0.6298314289968855
ENSG00000137574,0.24423808288208668,0.5808593806389883
ENSG00000120963,0.019518164242471853,0.07257490304753511
ENSG00000164924,0.0005101730491202538,0.02481526963169889
ENSG00000165392,0.9650308804103354,0.709608538525687
ENSG00000156482,0.1828541114150423,0.5936766237318125
ENSG00000185015,0.251757531611935,0.34752661243774696
ENSG00000265817,0.017376480196204424,0.05503825774366226
ENSG00000180694,0.026745621632413615,0.009098239986204713
ENSG00000104361,0.8818862217707402,0.9368361973035961
ENSG00000104267,0.3003324357821168,0.23342387342297383
ENSG00000132541,0.07056802671739096,0.05721078504805053
ENSG00000147669,0.021452218365660643,0.14716729199498868
ENSG00000123124,0.10925051750120825,0.21198322636664169
ENSG00000205133,0.560314837473858,0.6039461906068035
ENSG00000133740,0.930546154411805,0.7194984827122223
ENSG00000156467,0.0015121650690884715,0.004211987087002847
ENSG00000104341,0.9797543705081722,0.7953095672610385
ENSG00000034239,0.18739440559205192,0.2637924058114607
ENSG00000180543,0.978789196940721,0.935626654908421
ENSG00000133739,0.5250805650453199,0.7503523237061185
ENSG00000197275,0.0068666892448193875,0.0383108156437352
ENSG00000104517,0.613014076685096,0.9563242966189234
ENSG00000104313,0.7764591833197816,0.6825264483792497
ENSG00000147570,0.027931281092382538,0.05938296796397944
ENSG00000156471,0.4291465981944559,0.678211967919223
ENSG00000164761,0.49046200541609375,0.7723906026599341
ENSG00000019549,7.675190304769971e-05,0.0009555493781432776
ENSG00000172167,0.0048978102648575645,0.04039732518435837
ENSG00000156469,0.03635019124923646,0.12807154716672584
ENSG00000136982,0.0008863505800437608,0.022115699549548458
ENSG00000172172,0.0029426685777160133,0.02649870601203036
ENSG00000136999,0.047499420291329156,0.09403184866017222
ENSG00000156804,0.2521462045368934,0.8319106255997689
ENSG00000137547,0.0007466703272243531,0.026220264371462167
ENSG00000120992,0.0592901544223826,0.21743780978208613
ENSG00000132561,0.9897253286941888,0.9091166310007514
ENSG00000137575,0.08172922027830228,0.045486254799117026
ENSG00000155792,0.6238717685464922,0.5226032840372947
ENSG00000215114,0.8697310111000456,0.8250956727050589
ENSG00000120899,0.06703704030366664,0.20963686989127553
ENSG00000155097,0.12491737040425445,0.39539399020389576
ENSG00000104490,0.004460271933489679,0.011376700017207373
ENSG00000104537,0.003782220389853412,0.016915569444347914
ENSG00000023287,0.43859100066079637,0.6567346738016784
ENSG00000164758,0.7175291541764446,0.9195391804033969
ENSG00000121039,0.37158614134873,0.5427111551851581
ENSG00000164961,0.20934631213523552,0.5373612663902534
ENSG00000147509,1.4976728056066726e-07,6.361272108067019e-05
ENSG00000034677,0.8345649995278518,0.5882514360945761
ENSG00000104388,0.0803659161227872,0.31314158873616615
ENSG00000104375,0.01957396641990554,0.05445833756197816
ENSG00000147614,0.0757991116948364,0.0736615786220358
ENSG00000184156,0.6665285981216605,0.6907749962351102
ENSG00000198846,0.07003042256086395,0.5105207573920933
ENSG00000153317,0.011302439142363905,0.051698144936104175
ENSG00000180828,0.4939438932466613,0.5911355614222646
ENSG00000147676,0.8860002481831322,0.7261120542122825
ENSG00000176853,0.015560887600157388,0.07748581918540833
ENSG00000155926,0.0928681598816082,0.1731126558916871
ENSG00000156787,0.0012591468927570025,0.03061771320719445
ENSG00000169946,0.19431974880149303,0.15863034688121266
ENSG00000169439,0.5619823529287657,0.6012692278618861
ENSG00000083307,0.9662864164428778,0.9805924960700563
ENSG00000158106,0.1732252797082048,0.21594526252756382
ENSG00000147592,0.19718671695046655,0.5485429020124315
ENSG00000067167,0.9328858330665298,0.8633061687350675
ENSG00000167656,0.1965323053938439,0.7926646555751001
ENSG00000140396,0.7801225645474192,0.5164710455777136
ENSG00000164930,0.8688779253592952,0.6612867204647379
ENSG00000164764,0.05260932270627885,0.15015307653577628
ENSG00000184428,0.7523788126159836,0.43745929731288047
ENSG00000234616,0.5749222202909285,0.4493913423143753
ENSG00000197353,0.8377304389789246,0.6878395132964974
ENSG00000283992,0.997627706990595,0.5995734136067171
ENSG00000171045,0.006025337966234051,0.01622985516536173
ENSG00000008513,0.7777948879920155,0.3610698987520474
ENSG00000180155,0.12678520080205816,0.18971732723316626
ENSG00000178764,0.8798716333678864,0.9832611989844989
ENSG00000147604,0.6142950628628299,0.7797239211049127
ENSG00000104324,0.1944934883791727,0.6219908439306145
ENSG00000136986,0.0012217260647098937,0.023742567135099635
ENSG00000066855,0.05980799807867382,0.17516774130744184
ENSG00000160886,0.0008912086509948168,0.010964207953725474
ENSG00000130193,0.1964415769814616,0.37905555051189055
ENSG00000164929,0.23058191933290334,0.2637317161875626
ENSG00000167653,0.042464472308914335,0.026069399497905685
ENSG00000172164,0.005509941697990263,0.0030976705773642266
ENSG00000047249,0.9161380520687002,0.7316394216104547
ENSG00000156831,0.14685526220119058,0.35934309910584616
ENSG00000181195,0.059777505801798136,0.14383793925345195
ENSG00000182307,0.5552914600048799,0.8562817496074666
ENSG00000066827,0.8317893517344137,0.9693274852343409
ENSG00000156795,0.0119948629660742,0.0576184375008471
ENSG00000104332,0.15020749610882095,0.12189850774907672
ENSG00000173334,0.9020504133961695,0.9830838703299861
ENSG00000170961,0.23339576850702276,0.12362111476904537
ENSG00000156802,0.0016069463660096284,0.01758368534131584
ENSG00000147535,0.8146888402365356,0.7761437547740501
ENSG00000147548,0.5157765072111887,0.2489957348661846
ENSG00000079459,0.9033957627944844,0.5789894985934168
ENSG00000104415,0.154590115756525,0.46910788692243477
ENSG00000129696,0.37130751675725104,0.8256791152236691
ENSG00000205268,0.411990372204203,0.16198528884952568
ENSG00000104450,0.10067481959715674,0.4673354137995921
ENSG00000104435,0.5001253780680432,0.1437573830977465
ENSG00000154328,0.614054599404011,0.28464867234709595
ENSG00000104369,0.049716391682004014,0.2791969276423717
ENSG00000104760,0.8395826260829273,0.5564475212405418
ENSG00000104763,0.001734691416802139,0.014924607412539443
ENSG00000185728,0.48848912257678767,0.9943008135604026
ENSG00000137558,0.11223105617757619,0.13165439703132462
ENSG00000104381,0.5910349434140743,0.7359241992673561
ENSG00000277586,0.02244994298384865,0.020229581020359932
ENSG00000147697,0.12650547445747934,0.22341056795738257
ENSG00000260428,0.5965608026657339,0.38764647951528597
ENSG00000185122,0.006432928793210703,0.11425912583239567
ENSG00000185000,0.2494504277517652,0.18876628243819424
ENSG00000182325,0.3857596834676912,0.4411150308815939
ENSG00000173137,0.6690622088685021,0.6618562001674451
ENSG00000071894,0.8842754664527543,0.9427708129187935
ENSG00000147804,0.4583724993713252,0.15937550704914696
ENSG00000160948,0.23394784346081055,0.11288628924050158
ENSG00000261236,0.009875679896821631,0.1342131467081456
ENSG00000185803,0.2906514316027129,0.8011869700407427
ENSG00000171428,0.9792730766540408,0.9161498973163383
ENSG00000022567,0.19085450581624866,0.38270647570438276
ENSG00000181690,0.33924056203889225,0.4034920229962765
ENSG00000170791,0.7255333978107149,0.4715042648159935
ENSG00000104419,0.0977753775711196,0.41945094785527015
ENSG00000176209,0.5119144080073681,0.2755581667199834
ENSG00000104447,0.43416739973380825,0.5508786402031782
ENSG00000120910,0.04665311650511586,0.2235966720838243
ENSG00000168522,0.12234957354918052,0.20361766267074893
ENSG00000165102,0.06508950914018655,0.09134579344116277
ENSG00000185900,0.031697060056001834,0.009591334530593123
ENSG00000129292,0.38776609007012697,0.6393811484871371
ENSG00000136960,0.4004080447115337,0.4290883775990275
ENSG00000165046,3.3674920536029445e-05,0.00013041236395164142
ENSG00000214814,0.794676838150879,0.8533617261734949
ENSG00000121022,0.10329551622878262,0.20621401305168077
ENSG00000066777,0.6744173956314305,0.5467929084680967
ENSG00000181135,0.7399255963027513,0.8858184436118439
ENSG00000181085,0.09627781033887574,0.14520099092090258
ENSG00000180921,0.019443863286374815,0.09773233561513477
ENSG00000180900,0.37694035756964817,0.8476461334954111
ENSG00000185189,0.8138259830475231,0.5508526224478436
ENSG00000261150,0.6181756174460941,0.7623048801988966
ENSG00000178685,0.629729528056679,0.7698164718808265
ENSG00000178719,0.1939434777485687,0.3213321161707155
ENSG00000178814,0.7549613172729605,0.5382325465749955
ENSG00000179091,0.030069151927379797,0.17770446248843358
ENSG00000179526,0.43779797546543153,0.608698552273499
ENSG00000179632,0.3737602715067522,0.5114247051711849
ENSG00000235173,0.6646925824331772,0.7597635719501129
ENSG00000164941,0.00345463540832403,0.02899858103632834
ENSG00000164938,0.004754019918037029,0.09678956527039877
ENSG00000175073,0.5664943796272657,0.5828408699957772
ENSG00000288602,0.7738637829041808,0.7039456875395274
ENSG00000104205,0.06749456550602785,0.11724738220649028
ENSG00000178460,0.321385724028275,0.5274412543838707
ENSG00000147364,0.04785326547779863,0.016181758923120154
ENSG00000120533,0.00013453540985702787,0.0017072295337320746
ENSG00000120526,0.004773609468777135,0.061226521581986854
ENSG00000186106,0.7192265455523665,0.38351533386687975
ENSG00000070756,0.0090822299194746,0.1384618242070766
ENSG00000104412,0.13264047202899265,0.07870899731741048
ENSG00000104472,0.02600390729902536,0.05033505629005772
ENSG00000104408,0.060937410112185744,0.19423455232843923
ENSG00000008988,0.47950288084152426,0.49955389027591124
ENSG00000164733,0.909311513692778,0.5741420032429904
ENSG00000169499,0.606539153377588,0.8013760059304322
ENSG00000169495,0.010466746862521097,0.02008547130313724
ENSG00000169490,0.09180866948227172,0.09398964941130923
ENSG00000147601,0.541845681140133,0.730945583933001
ENSG00000137563,0.005427914741166561,0.02812441897428368
ENSG00000104218,0.4074851362580585,0.3102541988003832
ENSG00000083168,0.5932191527423628,0.5564184215305759
ENSG00000070718,0.7678942011455256,0.46329970261610476
ENSG00000104368,0.14364360541171983,0.14414562438480058
ENSG00000070501,0.2333941589201614,0.07980446415140437
ENSG00000104371,0.43592429021887613,0.19365534440697432
ENSG00000078668,0.021992332636503843,0.014304356462848883
ENSG00000183665,0.13020660220494745,0.2757212678562363
ENSG00000170881,0.16649636273472349,0.3998610424196636
ENSG00000147687,0.006227421163458525,0.02280870187780878
ENSG00000147684,0.16679086870543708,0.42259294182501894
ENSG00000170873,0.12081322719061838,0.3015137626616161
ENSG00000104687,0.19279342445844852,0.3501028396800947
ENSG00000104691,0.7572029927456104,0.44545320943094546
ENSG00000104695,0.5178554258477674,0.40818753909771033
ENSG00000165071,0.8968784613330352,0.7088098760597812
ENSG00000168615,0.07701688283688084,0.15728401196733488
ENSG00000105339,0.3777388246249821,0.9639103084396407
ENSG00000203499,0.07772873741143362,0.244199063773237
ENSG00000177570,0.302129868789317,0.607167041449646
ENSG00000104635,0.04637860619914504,0.20474406789105953
ENSG00000158806,0.9234202009821197,0.6474136587852432
ENSG00000158863,0.9535614044198744,0.7281072796589453
ENSG00000275074,0.23898408829763562,0.3630676142186279
ENSG00000168476,0.055427666108159836,0.18861397385579518
ENSG00000168481,0.0375780202082274,0.04388881204707394
ENSG00000168487,0.0010341259824367655,0.033731538644286976
ENSG00000168495,0.2272338584252742,0.4399969350119576
ENSG00000164919,0.12720650150924234,0.08490187653133736
ENSG00000176623,0.025100009072896737,0.282966474746567
ENSG00000085719,0.560641183242401,0.942845052902375
ENSG00000168484,0.004744997508177347,0.03816802368042881
ENSG00000104290,0.09985582226852102,0.15306230340746238
ENSG00000104299,0.4818312474924181,0.5007957125064827
ENSG00000104365,0.30883261556452235,0.7750281396613862
ENSG00000164830,0.7382470132274155,0.6666355941203965
ENSG00000184489,0.3691747633080269,0.28929989007022994
ENSG00000170786,0.5267559618756281,0.9361302948976479
ENSG00000175305,0.05564612903680891,0.14080957369202254
ENSG00000180190,0.08228394691831452,0.11202238511640654
ENSG00000147650,0.04419060587553696,0.10601447327369196
ENSG00000014164,0.08891073851916563,0.35850728976849944
ENSG00000104518,0.4703990603074508,0.4886950227047252
ENSG00000204839,0.39685024883630915,0.29454373202646184
ENSG00000147813,0.7990310488826843,0.8273425399818399
ENSG00000104524,0.6210162004757149,0.929483124699089
ENSG00000104522,0.6544571449546251,0.6483681498678342
ENSG00000183309,0.7357561517329216,0.9683057973389854
ENSG00000164953,0.6743779199284,0.8278182284205858
ENSG00000155090,0.0036242208175775842,0.015218169473318565
ENSG00000132549,0.7431502659753229,0.685045526923423
ENSG00000196378,0.6112303913753251,0.7927416988659649
ENSG00000161016,0.03292178404996878,0.2434475281962235
ENSG00000170619,0.9862553589429519,0.6676073538860214
ENSG00000196150,0.35530552783596236,0.3937582889658625
ENSG00000170631,0.6037322037959608,0.946413850348126
ENSG00000179832,0.9827471655193188,0.7484674534295844
ENSG00000182197,0.0014964907519939119,0.012470738985553457
ENSG00000104643,0.9862095303937215,0.9881933921960386
ENSG00000154319,0.17954881143196785,0.10039351149154409
ENSG00000182372,0.9974806437709759,0.4014790594748594
ENSG00000104728,0.5614973341061716,0.8242892598396878
ENSG00000076554,0.3861611705096696,0.5408749555679835
ENSG00000185697,0.6599199710619166,0.5590565338191376
ENSG00000120896,0.3129018504608132,0.35575728870824985
ENSG00000172748,0.006807379032886231,0.015355686564029757
ENSG00000164935,0.028916247725806442,0.029186918412351257
ENSG00000091879,0.04521441205653383,0.15117102652100106
ENSG00000155189,0.05509401664941173,0.11815846658141141
ENSG00000147316,0.6944898317660759,0.8770255744301968
ENSG00000169122,0.6962376272153777,0.6999252267354148
ENSG00000131203,0.6756101396511072,0.7457275482676962
ENSG00000132294,0.8278005600448712,0.6921196473161912
ENSG00000147679,0.9813628480309473,0.7872539204439172
ENSG00000205002,0.2022685631830544,0.778771530268359
ENSG00000008853,0.021848565365575216,0.05042456770954003
ENSG00000120889,0.6833871059292091,0.9462765743221736
ENSG00000284956,0.44329232912596095,0.5846436852252828
ENSG00000173535,0.0022558398725822373,0.0025796559353028063
ENSG00000173530,0.22372565963324714,0.1537280457058939
ENSG00000104689,0.4779822173832593,0.6478497403793426
ENSG00000147457,0.10749831442192243,0.14904241488728898
ENSG00000167702,0.9265117277712158,0.8317830472999982
ENSG00000160972,0.6524330967698777,0.8325272433186899
ENSG00000167701,0.0792324402316034,0.1107653998754406
ENSG00000167700,0.1123142175748998,0.2706399887530845
ENSG00000160957,0.08710159581709968,0.4647898230263833
ENSG00000160959,0.7084676520600692,0.40345720877641966
ENSG00000213563,0.5182695946304756,0.26133549309044046
ENSG00000198169,0.5825597682911497,0.8020560561017512
ENSG00000197363,0.9837898695186436,0.8668206940674497
ENSG00000147677,0.004682815693573257,0.06650937041420253
ENSG00000187955,0.22802749022481797,0.5459743629107225
ENSG00000187735,0.0749854076836998,0.16704564911215708
ENSG00000129295,0.4817339870591396,0.29760215197642936
ENSG00000104497,0.6431856280300317,0.8782257604624946
ENSG00000147439,0.8838152875396067,0.5849060386483241
ENSG00000160949,0.01442720647495457,0.08066206858843815
ENSG00000241852,0.9312346280055358,0.7502876268071572
ENSG00000156011,0.4502212260713401,0.3591262929009549
ENSG00000188343,0.8940450822386055,0.809569543035739
ENSG00000167904,0.9476498747146349,0.7426670590383186
ENSG00000048392,0.06168601757662068,0.10642958423862542
ENSG00000164754,0.08614142781260038,0.2295781348637583
ENSG00000181790,0.22107867336991688,0.23703224822279434
ENSG00000178209,0.0007906447962210949,0.01749818324955164
ENSG00000064313,0.023258007813765053,0.16012276929865682
ENSG00000104343,0.07067774886133542,0.047267414987117326
ENSG00000154582,0.27902198661919014,0.40027566300653517
ENSG00000175606,0.7902733273791336,0.8128780242463534
ENSG00000154589,0.5496467370753851,0.5588378461667904
ENSG00000183808,0.4172368468811354,0.6949698698268774
ENSG00000147789,0.9824460551894044,0.9121259441641464
ENSG00000196711,0.7970194096299622,0.8244661590241058
ENSG00000147443,0.1393144324147049,0.22138326873487862
ENSG00000130227,0.9941060099447061,0.7520426247610452
ENSG00000189376,0.02664614987945552,0.32977526160320403
ENSG00000259305,0.027874135081180723,0.05622837395118944
ENSG00000165156,0.12197487803993538,0.2827516437886428
ENSG00000147689,4.708841139898676e-07,0.00063920970641534
ENSG00000129422,0.008109346142022963,0.012502232213395024
ENSG00000104529,0.4894093884899571,0.47664033344573076
ENSG00000164920,0.4030258459207553,0.5239301587284949
ENSG00000158941,0.9681426040715184,0.6156792238530073
ENSG00000170323,0.9299819051239343,0.5158068659902951
ENSG00000133731,0.1554318722558392,0.5249474633205009
ENSG00000104231,0.6376505626201361,0.8258282479855291
ENSG00000164695,0.37603894758989087,0.9900277007972517
ENSG00000147536,0.02419134989867985,0.09782719731712279
ENSG00000158669,0.9968866951581241,0.8052646217458754
ENSG00000147533,0.41587539888409275,0.3025642081302209
ENSG00000147799,0.880663919399733,0.9660890881036316
ENSG00000158856,0.05054920139970398,0.10295567585494202
ENSG00000176907,0.07605581606620206,0.19316716683822752
ENSG00000136573,0.018393474680363515,0.13791589420984504
ENSG00000012232,0.17312037166427027,0.597686898395875
ENSG00000169139,0.0018703210419050709,0.014296870370237934
ENSG00000168672,0.5775929281960053,0.78550861606349
ENSG00000123908,0.5357379414013208,0.702979370517139
ENSG00000155970,0.0046900432455931115,0.00877232018533262
ENSG00000164932,0.02535919085179473,0.12700989024306952
ENSG00000285982,0.33770272681741,0.466873789681471
ENSG00000164934,0.02558447971979771,0.22782258074805226
ENSG00000169398,0.5188466141079131,0.41112149219922034
ENSG00000253250,0.23526970408280842,0.15122053583782766
ENSG00000155099,0.06544216676102191,0.27187950080900153
ENSG00000155100,0.002889247519218647,0.021185611959064096
ENSG00000104738,0.0011005189331432992,0.022673094924700505
ENSG00000104312,0.00018565162129367268,0.007095744249795666
ENSG00000164823,0.007498643594385027,0.07173010758193088
ENSG00000104325,0.022177639695917756,0.052812440844726076
ENSG00000104320,0.001198934620037899,0.017596262259955132
ENSG00000221869,0.9325766156424202,0.8938643763873717
ENSG00000253729,0.01425164823321482,0.057625805739278925
ENSG00000169436,0.0024202082351245527,0.01005578406092002
ENSG00000104723,0.3602762070297092,0.41283711448268223
ENSG00000183779,0.48208554067040155,0.5347308889840319
ENSG00000147475,0.2585301875795674,0.178897401104373
ENSG00000147471,0.1340365188849564,0.1745775358625345
ENSG00000020181,0.3700660004006,0.6299262402875514
ENSG00000104221,0.5556484614367064,0.2950226791357099
ENSG00000156675,0.12668180160412162,0.22734003545181358
ENSG00000187840,0.016253696723214247,0.05668297201142252
ENSG00000175324,0.08574643958390182,0.05608524454152367
ENSG00000156735,0.2864378803954694,0.16688733462798355
ENSG00000085788,0.6317678088455385,0.3985225677715898
ENSG00000157110,0.1636530711578902,0.3987408906827271
ENSG00000197265,0.006795340055044272,0.029351632812042713
ENSG00000120915,0.025543158886540664,0.053520068559103816
ENSG00000120885,0.41426171659397526,0.73773162338527
ENSG00000168077,0.8502125500284813,0.6249678068395494
ENSG00000147419,0.8102840212318247,0.9598746266155427
ENSG00000171320,0.001304859422349486,0.025806139016073537
ENSG00000168078,6.793784462783403e-05,0.0014506518234155324
ENSG00000168079,0.1315329775598147,0.40119535294749464
ENSG00000189233,0.003828682446859602,0.03772203931599202
ENSG00000134014,0.2829713217473699,0.37239097632390916
ENSG00000168081,0.07464015709954071,0.3516318329141477
ENSG00000186918,0.4925663595012759,0.4455895768376763
ENSG00000214050,0.013745168908313496,0.040747539390947295
ENSG00000167632,0.46708271273446345,0.44339566789446083
ENSG00000042980,0.7259630204671588,0.7025813053139627
ENSG00000134028,0.8711561517137506,0.7488196313914444
ENSG00000179041,0.04921083324939679,0.20131687546595106
ENSG00000164684,0.01888543691802303,0.08088237427844848
ENSG00000155096,0.09631168433855637,0.32769443120969577
ENSG00000164871,0.8970699017807923,0.5225715573896124
ENSG00000171711,0.7227692721277327,0.41052057783681883
ENSG00000147654,0.07713546026469714,0.19924734986527531
ENSG00000147642,0.8401989477687032,0.9549438590197605
ENSG00000129691,0.1563642073992749,0.05255032192551021
ENSG00000164944,0.18728261417158382,0.4740494572175914
ENSG00000104413,0.5791291168872268,0.9785023831198965
ENSG00000156162,0.026503957215938227,0.05034344990547484
ENSG00000156170,0.05283757684113366,0.26341654652592794
ENSG00000156172,0.3115417364639879,0.21644622518878034
ENSG00000147408,0.008591255545379976,0.04180145938803479
ENSG00000178287,0.8327006036424563,0.5643660954111489
ENSG00000120913,0.7275689018377203,0.8298478112646711
ENSG00000171316,0.8014634535008633,0.9624208793314758
ENSG00000175895,0.9510181900663943,0.8627608474293202
ENSG00000153310,0.0696237035572631,0.10685935536280092
ENSG00000077782,0.16498325841218295,0.09189919913513125
ENSG00000180938,0.2040910828800953,0.5690073888395307
ENSG00000104549,0.02425792144814009,0.07253502483876807
ENSG00000178896,0.13898220965848046,0.45183713085112676
ENSG00000131931,0.583620333327707,0.7269131091501977
ENSG00000120925,0.7041092919489806,0.692315042245866
ENSG00000168172,0.34161386888493556,0.412149552639303
ENSG00000179950,0.04367367990891315,0.3793556325770757
ENSG00000131773,0.26981486929315907,0.43126370543940484
ENSG00000164983,0.011881553623259513,0.04913650292065509
ENSG00000197858,0.4382252133912644,0.8135157581018331
ENSG00000078674,0.12703263666836395,0.16968611716102328
ENSG00000029534,0.5954595749362384,0.37163450740635773
ENSG00000003987,0.05113117953493261,0.053832642330773985
ENSG00000003989,0.6366015251071109,0.47887665986691896
ENSG00000104213,0.8010319900261602,0.5122510305905812
ENSG00000198363,0.0028682875847411567,0.016874495694912697
ENSG00000171033,0.11039914201983586,0.036983700715500695
ENSG00000104432,0.13394356872148208,0.13709564600687787
ENSG00000104427,0.7687238206862346,0.7047689845216336
ENSG00000160932,0.7158924117650328,0.704315753911573
ENSG00000277494,0.02657419498274674,0.08280654278948568
ENSG00000181638,0.7690441944659565,0.9584137556236773
ENSG00000250571,0.6178121125757972,0.860377625187022
ENSG00000185730,0.6126005287197155,0.5755845850259047
ENSG00000147526,0.3374503278503113,0.5499614604118508
ENSG00000154188,0.04954820849663712,0.1872942569997292
ENSG00000120875,0.5232500067386856,0.7308766230685124
ENSG00000178860,0.2671847427824794,0.4672667230641038
ENSG00000164683,0.8626023838163095,0.6424391700087817
ENSG00000164816,0.9995789560090433,0.7751664090701502
ENSG00000079102,0.14975370713260788,0.21097882631900797
ENSG00000157168,0.5231063185642068,0.5472384663069568
ENSG00000187954,0.5124483534777087,0.5301772859065947
ENSG00000136997,0.0347178848703678,0.1099278340863003
ENSG00000164933,0.06412213962678694,0.4549802932612913
ENSG00000164736,0.9737231248538138,0.8459786961138764
ENSG00000104237,0.4746388545006269,0.6385843783621142
ENSG00000239857,0.20886890538158612,0.5215685199927782
ENSG00000164880,0.010005265610017572,0.0929997665423949
ENSG00000086232,0.0836689855379837,0.2137622618470891
ENSG00000178381,0.031186927198170483,0.20878456083397745
ENSG00000164654,0.5368100963744913,0.9452358513866599
ENSG00000106511,0.2249697509233412,0.3160318205901049
ENSG00000177706,0.02908901102597249,0.06606316999113014
ENSG00000164916,0.08450677262649216,0.23611403523390065
ENSG00000146540,0.4949905745919998,0.96845588973385
ENSG00000164828,0.3773765229317054,0.6407333176122214
ENSG00000003147,0.608528329730138,0.46776421996397144
ENSG00000106537,0.7343718455621442,0.48031608376932877
ENSG00000106399,0.031813829872006774,0.08996721250999437
ENSG00000106392,0.02504582133175322,0.01190029061686664
ENSG00000157954,0.13801405241997386,0.6775760166790008
ENSG00000242802,0.44250841013156694,0.5755199189391604
ENSG00000189043,0.2588779351216803,0.3417194539604577
ENSG00000006747,0.5035564473341023,0.5209561050971462
ENSG00000164877,0.1448564787882,0.35754015987772847
ENSG00000240230,0.46463036416323567,0.4806789597233524
ENSG00000122585,0.23426035328149364,0.0659883372711625
ENSG00000122644,0.02542150181053099,0.05663511080977574
ENSG00000283321,0.054021052050609156,0.08628569798860194
ENSG00000164849,0.04324352497184042,0.08826331427647631
ENSG00000106066,0.27122940761708064,0.5194375388800134
ENSG00000105963,0.0774063337742133,0.0956305929120272
ENSG00000105928,0.3547223527414356,0.8132478861137739
ENSG00000070882,0.13340608853918767,0.3361551531960069
ENSG00000071189,0.864707986371872,0.8557148552225984
ENSG00000122550,0.15426700395835935,0.33924188451324394
ENSG00000106546,0.7666399790412497,0.5862243124199653
ENSG00000122691,0.016108796657513413,0.07026699439457484
ENSG00000156928,0.00020605679769874737,0.0021661596408993123
ENSG00000153790,0.19329635945618856,0.17257529440885863
ENSG00000106541,0.6477042085488542,0.4490383843790281
ENSG00000106100,0.01383888188381504,0.007255115246250331
ENSG00000008256,0.9438679923645056,0.8537076511636548
ENSG00000105866,0.13250685455798328,0.16219804092066367
ENSG00000105855,0.3892617593183689,0.4385149022577016
ENSG00000173467,0.34327241652573137,0.685567969097338
ENSG00000136231,0.0006668075658494793,0.016503431104753403
ENSG00000122679,0.086458314134754,0.18360722473382238
ENSG00000106415,0.03553349353071157,0.05049774772719949
ENSG00000164649,0.42457929029237673,0.6176059292936307
ENSG00000179869,0.16086107811432326,0.3854415776244403
ENSG00000146592,0.08888707356692141,0.11634468571150056
ENSG00000002746,0.54247338911531,0.735943158157703
ENSG00000011426,2.5486358464455425e-07,9.857886795774232e-05
ENSG00000180354,5.624322322684493e-05,0.0004398327788362759
ENSG00000241644,0.0010101837411239662,0.023317268869390326
ENSG00000164742,0.3702151217209928,0.06132260639270617
ENSG00000106483,0.5839798021760956,0.5393294271608742
ENSG00000136270,0.001122845330897602,0.02263655838227603
ENSG00000078053,0.3075050318559437,0.3341175771732734
ENSG00000126522,0.7971102445569852,0.9320312398702267
ENSG00000106524,0.9689636996014335,0.9327662356798877
ENSG00000146731,6.390055393866379e-05,0.003597378976709844
ENSG00000255690,0.5334259240824764,0.9874890454993754
ENSG00000136274,0.8116019712200493,0.9282636101487884
ENSG00000146729,0.45591080445849597,0.6302359025504054
ENSG00000146733,0.016714938662051204,0.19087560373074378
ENSG00000178665,0.5946579274091136,0.3533201103308653
ENSG00000136250,0.3265636224919318,0.36578972422816247
ENSG00000106070,0.008985802001654082,0.03245934543388643
ENSG00000005020,0.039360112349719346,0.16795757982575357
ENSG00000164543,0.529998936910772,0.5838977902217424
ENSG00000075213,0.0074966667428856305,0.05709606997507046
ENSG00000196715,0.9417142092095631,0.4434984717714495
ENSG00000106605,0.9727977417380312,0.8503475862517436
ENSG00000185290,0.7399788622117545,0.9997664015926883
ENSG00000157259,0.7061163312312938,0.7753091703650022
ENSG00000154978,0.017937378286695962,0.023118893324508453
ENSG00000105829,0.7673945157311471,0.3954201328864725
ENSG00000196636,0.871283588163668,0.7017162230969616
ENSG00000164715,0.7160033022562324,0.839035611942869
ENSG00000122547,0.04918911653768938,0.04556460337213616
ENSG00000186472,0.6747497263852286,0.9470347126287972
ENSG00000122507,0.4457141654902632,0.7832288448771658
ENSG00000127993,0.6082524876720754,0.24630045394063602
ENSG00000127989,0.9836329732670821,0.4992443582826327
ENSG00000106236,0.9604404381344958,0.9269165736193783
ENSG00000106261,0.6351093729782507,0.4892669071952912
ENSG00000006128,0.21379900538940932,0.5219296945620764
ENSG00000132432,3.902944721911962e-06,7.04081612274926e-05
ENSG00000128581,0.9530983713934438,0.5421138667650685
ENSG00000239789,0.0028905748622804124,0.0129480602368532
ENSG00000172115,5.036111046613126e-05,0.0018656346675058424
ENSG00000169919,0.6611176958371033,0.8280359156699604
ENSG00000127980,0.7553050751826388,0.854368406581771
ENSG00000004766,0.7394969944632329,0.5088855991016257
ENSG00000249319,0.9461703136251878,0.8645437794111172
ENSG00000006715,0.4947142765975199,0.5652581194305075
ENSG00000001629,0.6673281105557751,0.5279838698225521
ENSG00000105825,0.11669607531810865,0.2729940946134899
ENSG00000164659,0.1533058720632111,0.2450163035939547
ENSG00000158528,0.048241777066143895,0.05916900607389797
ENSG00000105852,0.30461122073074437,0.07234667139384274
ENSG00000106366,0.004766887577753634,0.04058031857502185
ENSG00000019991,0.006272647690808256,0.022334677318596396
ENSG00000180233,0.8610940865754547,0.7452035044610907
ENSG00000234545,0.9099670535771205,0.5356448227311571
ENSG00000169902,0.6579331236580221,0.8210833564373576
ENSG00000070669,0.27013523270103235,0.6538299121375176
ENSG00000242265,0.38070625332641106,0.24483064203731486
ENSG00000135249,0.5511803812382656,0.4578874577776839
ENSG00000154678,0.3899013229032404,0.3837752188484558
ENSG00000205356,0.11103939403672777,0.01941018295900887
ENSG00000177683,0.49170241953658445,0.25240039574072476
ENSG00000135185,0.012735537015216949,0.10923456453400807
ENSG00000106355,0.00020543754616103018,0.0018014082500959969
ENSG00000106367,0.07298628825003298,0.15455107138443988
ENSG00000106397,0.0723538430362618,0.16817001691332517
ENSG00000135218,0.24054323435072117,0.32119474152208516
ENSG00000160862,0.38673832566332844,0.6787303688149613
ENSG00000127920,0.533653861059502,0.6296452312840803
ENSG00000075223,0.002930650077198379,0.05128694228358716
ENSG00000146802,0.13505626111537875,0.08112748398474315
ENSG00000135269,0.04111402350083066,0.4628725003741305
ENSG00000135241,0.7944775239284668,0.4748303116834047
ENSG00000105854,0.29123631550939655,0.8223005676114343
ENSG00000127990,0.6030198151882427,0.5326430625599499
ENSG00000105971,0.013010836759293955,0.034813182408936584
ENSG00000128590,0.23641130842714134,0.1769289677443744
ENSG00000179562,0.7206628975515544,0.6220474459519071
ENSG00000198839,0.9786300903201863,0.8506478064950362
ENSG00000185274,0.1793527104549048,0.5692796373866613
ENSG00000184408,0.21836358285949212,0.8450641450102047
ENSG00000184903,0.04789323683399316,0.09054831250594553
ENSG00000146955,0.8624862198965721,0.9017752879201144
ENSG00000198420,0.056047282228470045,0.1779607368561137
ENSG00000197157,0.6783478950569525,0.36087073974416317
ENSG00000105880,0.541718643709082,0.8585682818874236
ENSG00000004059,0.5104423897066622,0.8289426322898115
ENSG00000196937,0.5798426498791296,0.8362079757377383
ENSG00000214194,0.38150180532884836,0.39192218417075186
ENSG00000128536,0.01792117980734367,0.09194651295271176
ENSG00000006453,0.1436716541568703,0.6120599031236929
ENSG00000106086,0.44818675512966644,0.5278351193295623
ENSG00000269955,0.9314009340218903,0.42106878748828525
ENSG00000105967,0.08245066888459701,0.11448545327712657
ENSG00000106049,0.10311087156528831,0.551172620382613
ENSG00000170632,0.23824698302879363,0.9175936634054518
ENSG00000243317,0.019320727558424546,0.10397219339277466
ENSG00000059378,0.18250263563527816,0.7248319116180887
ENSG00000128567,0.32163580317783863,0.43401555040114337
ENSG00000126870,0.7198121480826192,0.8309364287444849
ENSG00000133606,0.7580350843532897,0.9337281973496985
ENSG00000188883,0.016674939660691997,0.05097282606118887
ENSG00000127955,0.029171177190147342,0.01820697879916818
ENSG00000133574,0.15007419803440283,0.2374772092538205
ENSG00000128607,0.8069696530824088,0.3591555718008307
ENSG00000128578,0.0008429939498582995,0.009282965279781572
ENSG00000127928,0.05704833312745936,0.22621704797081105
ENSG00000196335,0.05996512333368749,0.24754646958422652
ENSG00000128513,0.4177502505496359,0.9793948708908943
ENSG00000105887,0.008320971588724831,0.11850282810444601
ENSG00000164603,0.7128183841555993,0.6117353088668869
ENSG00000282939,0.12088543675395513,0.14569736147431056
ENSG00000170260,0.5268055557518503,0.31282886167537066
ENSG00000106153,0.0023206104949621323,0.02923319630987146
ENSG00000146842,0.23971309891995027,0.7403542270672756
ENSG00000105993,0.09433725045436923,0.26517861224663847
ENSG00000105929,0.4377406221532535,0.2325887655012995
ENSG00000128594,0.23672423677027787,0.28403766290888904
ENSG00000146918,0.0015776875246141541,0.04903527213181894
ENSG00000204946,0.9817213693828372,0.913386462551463
ENSG00000185055,0.06888367847170158,0.06019940507060177
ENSG00000211710,0.024066807928994353,0.10942458927784586
ENSG00000133561,0.02442980498651639,0.05075019057508657
ENSG00000106028,0.00184015472823025,0.06764924773061975
ENSG00000155093,0.4664871388602423,0.759968952566775
ENSG00000009335,0.2225504624068289,0.8500478140208424
ENSG00000064393,0.7319882422239202,0.9105587496454569
ENSG00000214253,0.6840449631780328,0.15382871415251798
ENSG00000106025,0.6717381058671071,0.9107304708121148
ENSG00000237702,0.02192747862878315,0.08194878854709058
ENSG00000181444,0.8411157120182791,0.4620834426408712
ENSG00000106278,0.09042678363777137,0.28183705066575493
ENSG00000211734,0.004787470855524359,0.037978700363123195
ENSG00000164713,0.8873115516210845,0.785190624042037
ENSG00000227471,0.4363795930490296,0.7853786950775183
ENSG00000179144,0.02678604414296214,0.09222416529932187
ENSG00000157800,0.2071339766952984,0.45167849039322283
ENSG00000241258,0.401323293083545,0.941557274092531
ENSG00000106034,0.011639892698345368,0.026582603967005992
ENSG00000146963,0.14932872996102492,0.15714776932500818
ENSG00000106615,0.5541597119342401,0.9183043369748214
ENSG00000136286,0.9182037837013687,0.5728194817889816
ENSG00000071243,0.19390365590493272,0.11894444212875467
ENSG00000240204,0.7166094999572133,0.6965767020320541
ENSG00000106617,0.23201655491739492,0.2424546383289158
ENSG00000211706,0.04530598458433692,0.10237575756465236
ENSG00000226660,0.012458686054387293,0.09550295974882914
ENSG00000002745,0.44446744465507537,0.44454877891174294
ENSG00000106479,0.035808891563095156,0.17861735358989167
ENSG00000234224,0.19387993552097382,0.6594412411796828
ENSG00000172331,0.5999463568762038,0.7093299089483722
ENSG00000006530,0.6423581467549653,0.8051939764762333
ENSG00000186480,0.5416379584256366,0.5310258703105789
ENSG00000133627,0.3798778326506942,0.09114035552316983
ENSG00000085662,0.7078172508024982,0.8221712372633692
ENSG00000214128,0.07645284571307516,0.18966245742980653
ENSG00000122779,0.06541349042452643,0.08581366162360606
ENSG00000006459,0.10217505121977584,0.060784816728955825
ENSG00000183742,0.21297749451739081,0.44187131869252794
ENSG00000198074,0.07904015577803568,0.1368364829756446
ENSG00000091732,0.06779772339457465,0.585157993821372
ENSG00000164898,0.02897386148028319,0.05855640420306127
ENSG00000106554,0.008520681497530526,0.23633224585236298
ENSG00000106400,0.9987247996756811,0.2734154212173596
ENSG00000170265,0.1132296424426873,0.40141846625687205
ENSG00000146966,0.8411411082002145,0.7733206272742817
ENSG00000197024,0.7801694280442697,0.8618490714345033
ENSG00000157703,0.3269136486054266,0.4920404984412351
ENSG00000128585,0.550995614847261,0.8403791410097621
ENSG00000158623,0.41850033199544057,0.13152841035532967
ENSG00000215018,0.18847464343701706,0.173875131749004
ENSG00000168303,0.040943758025711305,0.08997078561653866
ENSG00000105856,0.2152354354023464,0.20248414807509385
ENSG00000175600,0.02582439573757919,0.04766606600633298
ENSG00000258227,0.36678174440598765,0.5378556749456227
ENSG00000170775,0.0010423220088957733,0.0006642323026587166
ENSG00000272968,0.9105085528790062,0.30353251973868306
ENSG00000168090,0.01649243607903083,0.26749249147737253
ENSG00000166508,0.01602060565777277,0.3067728042516835
ENSG00000221838,0.9154160521951106,0.3143228809318933
ENSG00000166997,0.6540358904339851,0.9359940861851236
ENSG00000214309,0.7910978838979122,0.7121447662222695
ENSG00000146826,0.2506877255419352,0.03945120050334416
ENSG00000197093,0.9658525024711012,0.7889774640833552
ENSG00000213420,0.572881450881824,0.5235737197468019
ENSG00000160813,0.8042309159332486,0.49971412124414083
ENSG00000185955,0.19637636830660177,0.37002290066710775
ENSG00000166526,0.17178542892298593,0.08809096048335467
ENSG00000105810,0.08356659976566001,0.11744646221928695
ENSG00000122778,0.1489270608807722,0.20960667695155194
ENSG00000136235,0.12429817717618105,0.17819089296223917
ENSG00000004864,0.5417215556234787,0.7935962863699014
ENSG00000136280,0.0025952513232608662,0.06429865819545752
ENSG00000127377,0.006716859673705918,0.011971278530399296
ENSG00000146757,0.6491057602709351,0.912116734577997
ENSG00000187260,0.08920094226260053,0.0708809628413394
ENSG00000006652,0.5544009981616637,0.805390375174517
ENSG00000164867,0.12944990928959596,0.07466616164653961
ENSG00000213199,0.5685244385634589,0.4350299757333448
ENSG00000164885,0.560592291399203,0.8397714461108996
ENSG00000164897,0.19284155676550782,0.6792010479500796
ENSG00000133612,0.16339404904209565,0.0862280532957939
ENSG00000033050,0.1021652899500356,0.7386923450674965
ENSG00000122557,0.18246564579040778,0.47198354881117843
ENSG00000187257,0.1369318926478426,0.14879067727025208
ENSG00000135211,0.4542194361633439,0.5528011491117635
ENSG00000187391,0.43182782625275185,0.6548094879046733
ENSG00000006625,0.17559570713823944,0.45194975418472194
ENSG00000281039,0.051309134982931326,0.2278058114365807
ENSG00000106105,0.000669033780044414,0.014345882814386028
ENSG00000241127,0.4215409539622639,0.4231147171290457
ENSG00000006451,0.024239530037154382,0.12563964009474543
ENSG00000106560,0.15149263603167148,0.20334911341690812
ENSG00000213203,0.018163372194676026,0.09318335243205995
ENSG00000281887,0.17435821482346747,0.4333235280142632
ENSG00000106565,0.12282546976156732,0.1355119149265776
ENSG00000002933,0.277222358164744,0.2641380883635207
ENSG00000133597,0.40670250923298357,0.5048613113260472
ENSG00000090266,0.3151296467104595,0.629774370050449
ENSG00000090263,0.29610533649908793,0.6598213310909942
ENSG00000105865,0.26627608423669313,0.9782390631484394
ENSG00000106484,0.11352767508277323,0.5715451436588141
ENSG00000178234,0.009943161920615165,0.031664969896807345
ENSG00000160917,0.5976071098937834,0.6411165603275083
ENSG00000241468,0.039764883499580544,0.3238864566769352
ENSG00000198556,0.6116838160899019,0.6378562700556296
ENSG00000160908,0.029682954028806212,0.05705189745999282
ENSG00000221909,0.10116056834217232,0.05416997849851094
ENSG00000197343,0.3983792392190775,0.0982786181644713
ENSG00000197037,0.6392844713742447,0.15076653626545117
ENSG00000106258,0.06440257443845683,0.11962097731828326
ENSG00000170027,9.556079264849434e-05,0.01232316015739963
ENSG00000188372,0.012601753588848437,0.17798015670544348
ENSG00000106211,0.7672459096418411,0.9371379436207162
ENSG00000214960,0.6200853471546701,0.5350545382806091
ENSG00000171243,0.08391562840772451,0.22589111487201968
ENSG00000075624,0.0029227360222537544,0.0035309613172552507
ENSG00000075618,2.986621172686788e-05,0.006408083326207852
ENSG00000082014,0.005396599528537345,0.03835516580778526
ENSG00000135164,0.2499086192684103,0.16556423038030235
ENSG00000106404,0.8134046340774994,0.9633159569938486
ENSG00000196652,0.34875070725770463,0.9327408066389972
ENSG00000166448,0.0027893440112041947,0.07986783909792448
ENSG00000002726,0.2285615324494695,0.16008404428298478
ENSG00000129103,0.4978260743057388,0.7336322536064703
ENSG00000011275,0.165791177407546,0.4695481124709826
ENSG00000164542,0.35808955998625025,0.2910293015998291
ENSG00000106443,0.0036991661015405297,0.012302176231702237
ENSG00000106477,0.24555859501932298,0.6822021870896617
ENSG00000091136,0.004562371756629404,0.038703482881892175
ENSG00000127399,0.008947179996185368,0.1590667793612543
ENSG00000106538,0.26249164262316077,0.17441314787792353
ENSG00000155561,0.5026396610331425,0.7947013836822847
ENSG00000136193,0.4673255919352245,0.5485567943116749
ENSG00000106080,0.16849714484948158,0.3047052584526522
ENSG00000106624,0.5841445862617791,0.9231728348441786
ENSG00000176428,0.26554115026585395,0.8768368889227863
ENSG00000176410,0.4069616867350374,0.12418861218301708
ENSG00000106089,0.16577543697888017,0.6586853209695077
ENSG00000165215,0.28224489314513723,0.16100918460571476
ENSG00000165171,0.8283372220889564,0.8787234904287349
ENSG00000106344,0.15931198260700488,0.9585494207707032
ENSG00000106348,0.7558375621667526,0.32661475964539294
ENSG00000135245,0.1414641689705977,0.6203780405678523
ENSG00000165055,0.5314513737190099,0.11009670499452238
ENSG00000160993,0.6448310067068914,0.196855836397997
ENSG00000161036,0.8814556494478603,0.32515143471146707
ENSG00000267368,0.1405362652553404,0.5260747101203018
ENSG00000105792,0.267777886498025,0.18325366147295163
ENSG00000105793,0.28278092047003583,0.7880337419106872
ENSG00000157224,0.07945054546621197,0.4792691745696972
ENSG00000058091,0.706881088921923,0.553251183403304
ENSG00000157240,0.2777119661412794,0.46181019449516536
ENSG00000105974,0.051558777364031375,0.0819712852921315
ENSG00000211721,0.02401972898641179,0.06719846565761094
ENSG00000230099,0.07043301787360223,0.19724965200755387
ENSG00000211724,0.06713198847865685,0.27028533013496525
ENSG00000211727,0.030002147619382556,0.14190569612311915
ENSG00000278030,0.5620753374451081,0.6690377688615106
ENSG00000275791,0.08231919986290695,0.29326512598189025
ENSG00000274752,0.011654623501950146,0.04080774387653285
ENSG00000276953,0.0338130945745976,0.02285058936211787
ENSG00000105976,0.06251319390691011,0.27631618695507254
ENSG00000050344,0.0555421355763917,0.047268171861755394
ENSG00000122565,0.00240013044558624,0.01042283923203481
ENSG00000106588,0.0004480105094748454,0.004073876037092827
ENSG00000106591,0.018417962890333227,0.10490156717439672
ENSG00000105821,0.07305996403353271,0.8002932023545041
ENSG00000106683,0.435321997631102,0.7664100396774888
ENSG00000161057,0.3966491262095668,0.8333724476711729
ENSG00000005469,0.3652279143416314,0.2714520227805545
ENSG00000196262,4.825995649968285e-05,0.0020202822463846215
ENSG00000105968,0.0018970958835864886,0.00665560963908938
ENSG00000146676,0.13622865446018056,0.2562022980072262
ENSG00000136279,0.24877343172077213,0.6868774783947043
ENSG00000164708,0.3935954879135888,0.6302966417424588
ENSG00000122678,0.018257243272569793,0.058138386654394136
ENSG00000106636,0.0008830977329423328,0.041605601371247324
ENSG00000127951,0.13463459594409247,0.2873844605415782
ENSG00000146535,0.11552801077502182,0.5782668580645651
ENSG00000086730,0.16767950746273108,0.16012707010829177
ENSG00000049541,0.021536057058528093,0.1557436737081002
ENSG00000106665,0.2436461512867582,0.294886139645092
ENSG00000122641,0.021299534215289018,0.11105864384428106
ENSG00000282320,0.4651815658890255,0.7127427766709467
ENSG00000282420,0.09696259606320352,0.2707538764713076
ENSG00000282133,0.000886774105099768,0.0340529414444835
ENSG00000281958,0.24494389564323996,0.7673968073953934
ENSG00000282173,0.027855511816857404,0.25089439394596513
ENSG00000282780,0.006938598250063125,0.007050430134511361
ENSG00000211751,0.01521382015948081,0.04081084799230766
ENSG00000211764,0.9471881557191237,0.6470229558587953
ENSG00000211765,0.43628882726067697,0.9851434966046629
ENSG00000211766,0.020593705801206515,0.040898694616443514
ENSG00000211767,0.13123863229847033,0.5877800709094991
ENSG00000211769,0.7014341069779418,0.8479108879695704
ENSG00000211771,0.2157705148542828,0.3657555853930792
ENSG00000237254,0.6538518788447037,0.9753493100799162
ENSG00000106123,0.17431075722778983,0.0787182317489252
ENSG00000159763,0.23066013514751546,0.2836278729201693
ENSG00000128609,0.6967578251958866,0.8843989776171479
ENSG00000106299,0.1789745518185787,0.7603884950020872
ENSG00000106333,0.18959185637201278,0.5256673319968729
ENSG00000106330,0.9850197191678132,0.610694556754414
ENSG00000172354,0.27463691538785456,0.9004341126524666
ENSG00000172336,0.13177683718272112,0.7601276044464648
ENSG00000196411,0.6632139750829549,0.8584963348961868
ENSG00000146828,0.3531207715173573,0.127311213923324
ENSG00000087077,0.4550175756165111,0.4112207381960098
ENSG00000087087,0.4494073254962041,0.7715830717675529
ENSG00000146830,0.10653792211199309,0.1115174260943075
ENSG00000178397,0.0943598102458178,0.3854368962896898
ENSG00000164535,0.6052778284243002,0.7425407728130904
ENSG00000136240,0.06683122852489096,0.20167064797009657
ENSG00000164889,0.2411795199996987,0.4748267425561514
ENSG00000128524,0.6582205567281108,0.732635603620857
ENSG00000158457,0.4936752544385704,0.5180626550240213
ENSG00000128602,0.08102048817099236,0.13850199175826672
ENSG00000106571,0.15270158074066112,0.4184898224787502
ENSG00000105926,0.03510670420900363,0.13029587524682726
ENSG00000004866,0.8285252169997348,0.8541600847575915
ENSG00000128591,5.12031182796466e-06,0.001343010935539432
ENSG00000164597,0.6687318364612429,0.16483185522566282
ENSG00000197150,0.2812529979558704,0.8774493997336499
ENSG00000154710,0.17479824667047722,0.6005761679682866
ENSG00000146833,0.9317586236636269,0.6993149688126993
ENSG00000243335,0.07315118948302293,0.10901097502533989
ENSG00000180535,0.03977797725491558,0.037007194283520485
ENSG00000146574,0.036954157386169445,0.2158954558522759
ENSG00000136237,0.08647836641235483,0.1179842357479722
ENSG00000087085,0.20225970827193687,0.5041072196615561
ENSG00000257923,0.8301502847649188,0.32863315504025536
ENSG00000105889,0.040202829724050454,0.16853960611567054
ENSG00000105835,0.11498737035371695,0.7999176786197346
ENSG00000146858,0.17296620852046554,0.9960906424654757
ENSG00000105939,0.07414709522700955,0.1360228320066448
ENSG00000105948,0.9209771735120575,0.8026328431314997
ENSG00000157741,0.2179221277339229,0.2545374476430002
ENSG00000128610,0.3393711190771973,0.5652580314718055
ENSG00000008311,0.5129639316092703,0.7851671252415272
ENSG00000128563,0.8204547304849634,0.5615351561544804
ENSG00000164815,0.12166714446789623,0.9335348638652763
ENSG00000122687,0.01938318425457449,0.045041297830159394
ENSG00000106266,0.05407782713597969,0.16373709038816814
ENSG00000136213,0.472698678075715,0.9287450412212004
ENSG00000002822,0.09069104326012695,0.4239966403663249
ENSG00000122674,0.4491188398866778,0.693930271907091
ENSG00000106125,0.8817044910682752,0.809409377912097
ENSG00000240583,0.2879693071796298,0.16888907062180236
ENSG00000185467,0.9466463587481808,0.5187484275216632
ENSG00000013374,0.7554417189982967,0.5715512179883954
ENSG00000197448,0.1965397110131708,0.24947808067313285
ENSG00000178826,0.26873073024903305,0.19248188999045393
ENSG00000106144,0.11631692958526527,0.38855567664193325
ENSG00000159840,0.055695056909577614,0.1805244503579222
ENSG00000146904,0.8218729592230875,0.5431767486136863
ENSG00000127914,0.5493863316203106,0.8686235916899592
ENSG00000066923,0.527570053098896,0.3290164386994119
ENSG00000122591,0.0905274818222699,0.18235911127210436
ENSG00000164604,0.8951433728472897,0.48512292151460823
ENSG00000106268,0.000640428636527537,0.01310144616927422
ENSG00000106682,0.004955926614684581,0.08087065502402241
ENSG00000164638,0.857079624570251,0.5494479162812929
ENSG00000155849,0.06743978533624669,0.11313158986984717
ENSG00000189143,0.9180002515530417,0.6631704490519114
ENSG00000146776,0.45210657157333045,0.3249570932811327
ENSG00000161048,0.4640585700468509,0.6759433045883168
ENSG00000132434,0.018505385656130777,0.03463792351973995
ENSG00000055609,0.11584634175531018,0.10598031049756027
ENSG00000146678,3.381777985089988e-05,0.0020973214581083872
ENSG00000146674,0.022625666980262193,0.0910932843952892
ENSG00000122642,0.0032570109603625975,0.025608608964994686
ENSG00000122643,0.0011062715213114645,0.006758874278441281
ENSG00000164610,0.14355314052122156,0.25311351785585184
ENSG00000197008,0.3270829230895419,0.977986343323664
ENSG00000075303,0.2526736287740504,0.3781951007520138
ENSG00000075142,0.5375570355798434,0.3260055510605887
ENSG00000127954,0.13507272090752379,0.19675002213005838
ENSG00000008277,0.6494301225870416,0.29509487591817873
ENSG00000186088,0.15005690152116055,0.425933120507493
ENSG00000127947,0.1056561868812378,0.21796075450707564
ENSG00000122783,0.0008626774632989315,0.0178486430170575
ENSG00000146859,0.23510268144721982,0.43022448743418407
ENSG00000105875,0.019552926861446305,0.18620219774392852
ENSG00000243896,0.025665793709337692,0.053706036756605235
ENSG00000050327,0.0721498432842589,0.13330405655064267
ENSG00000184863,0.7206857559362092,0.7582515305732729
ENSG00000164690,0.22595489713678554,0.45610419485014797
ENSG00000105982,0.8289075840518755,0.9187683955128584
ENSG00000105983,0.0774547606964186,0.2999028414567742
ENSG00000146909,0.766778813477355,0.7455948893837929
ENSG00000130675,0.39533640275971094,0.2556303871518855
ENSG00000106462,0.08363446638745212,0.24221988839039588
ENSG00000055118,0.13005569056296573,0.09658611137907791
ENSG00000135205,0.028316040348481068,0.059666736139745005
ENSG00000236609,0.7841586327747012,0.3350607305278248
ENSG00000205903,0.5534141621648496,0.5120971396861345
ENSG00000164631,0.6858232205167594,0.9332200000797651
ENSG00000106077,0.33480822326191995,0.14094068342327903
ENSG00000169894,0.2824818580951055,0.4214773854986348
ENSG00000169871,0.6805896219676228,0.9304085593753433
ENSG00000105991,0.006381611352565257,0.03241369608287896
ENSG00000197576,0.5415177382808336,0.6551383029304918
ENSG00000106004,0.9096705179665171,0.9061171280607554
ENSG00000122592,0.002485630814240956,0.017678346823681548
ENSG00000130305,0.1299804916457578,0.5816781366605144
ENSG00000274070,0.47680268362933376,0.8797920204636833
ENSG00000274523,0.05341956282388634,0.5249508955952858
ENSG00000188763,0.8004208052176088,0.487165556283771
ENSG00000146587,0.46792876279979323,0.5780469615105377
ENSG00000171130,0.22007312302153662,0.296685320641084
ENSG00000106052,0.1123068720828538,0.3060076846354182
ENSG00000091073,0.023958484400764504,0.19808566304904737
ENSG00000064419,0.10796297484673366,0.5931121909620966
ENSG00000182095,0.3466807378050829,0.5715760544333306
ENSG00000078487,0.4828451107067482,0.760528120217486
ENSG00000170379,0.9060592972307672,0.8987678830848732
ENSG00000219545,0.45311551670518047,0.5736566289377523
ENSG00000105997,0.07177118511974107,0.22465983892626396
ENSG00000234444,0.12896100242582723,0.08610943236104003
ENSG00000173041,0.7906893188619277,0.6177425943768433
ENSG00000214022,0.5647156918287947,0.24420323924464546
ENSG00000196456,0.6529244313525265,0.9999831090737905
ENSG00000171115,0.03504310197113622,0.07460384626906977
ENSG00000106526,0.7169226754455644,0.5935580926674251
ENSG00000213462,0.6288361902625961,0.7383605360421225
ENSG00000164548,0.8946089906084269,0.8157096065864733
ENSG00000169193,0.8877799320639996,0.8992492852441087
ENSG00000188732,0.12597714440598493,0.38309031510237124
ENSG00000105808,0.6813925615400784,0.3311410948609708
ENSG00000001630,0.3160607178805896,0.7435091608288382
ENSG00000213214,0.1935806559484949,0.29883831285532847
ENSG00000001631,0.3582735780809492,0.13973994835052722
ENSG00000196313,0.20485608269790728,0.8371151689175051
ENSG00000009954,0.28986140368723307,0.6054201448454954
ENSG00000106635,0.22980206117065236,0.7395165049959873
ENSG00000006704,0.4792485188399791,0.8959455915634041
ENSG00000272391,0.4280883263759313,0.7616260287299257
ENSG00000127946,0.07164153772738766,0.062265005841744415
ENSG00000006606,0.2717455472624678,0.6726325111656437
ENSG00000106178,0.8950646146438042,0.9409725321687634
ENSG00000005486,0.14153382707669476,0.047471159975688376
ENSG00000189077,0.15489322189849275,0.08186712626314549
ENSG00000127952,0.6227695916988558,0.911867997078996
ENSG00000146701,0.02352035486622657,0.2638259193681705
ENSG00000062582,0.0031521489307349483,0.08968331659349442
ENSG00000106608,0.1968348166651059,0.5504274782070105
ENSG00000078967,0.9096448248539436,0.6117533165640121
ENSG00000243566,0.8374238720777885,0.881165889421422
ENSG00000146707,0.7494464475244702,0.7096282291111615
ENSG00000196247,0.524198578258033,0.304991275242699
ENSG00000136273,0.049884576758919934,0.07235917783957561
ENSG00000164746,0.20004157864665853,0.4195435078786185
ENSG00000158517,0.18451544110113757,0.2900743116341345
ENSG00000285292,0.3688831025681414,0.9874346716225172
ENSG00000106263,0.000388930773195185,0.017665674243140257
ENSG00000106009,0.10374155994215742,0.4357318024072935
ENSG00000128564,0.05368747136063,0.20284888652960528
ENSG00000005108,0.5732110805929874,0.5583288640573743
ENSG00000164651,0.661158356063168,0.2781232935815692
ENSG00000048405,0.4052629841630403,0.1306788858970413
ENSG00000128512,0.043221917769131445,0.06356675989788356
ENSG00000166529,0.42276888483598707,0.24861370299270388
ENSG00000164896,0.08231145783254869,0.5205106335594216
ENSG00000198874,0.601354137623914,0.9377737407493798
ENSG00000155034,0.03557370224687168,0.12947584319206268
ENSG00000055130,0.14409635956170622,0.5413653184215792
ENSG00000198898,0.01732778712845836,0.0699048519351619
ENSG00000196511,0.37832971239563895,0.36774605561294915
ENSG00000146555,0.006838330611608952,0.027608335133782434
ENSG00000136261,0.0011937960085346728,0.014762129730200925
ENSG00000136243,0.13870844970907178,0.3669681974610317
ENSG00000105778,0.20857112503675646,0.7319019696081699
ENSG00000106003,0.41067298505891925,0.32831461114053306
ENSG00000106638,0.0010627496838796387,0.019319268769587672
ENSG00000152926,0.3535156773656839,0.3559347602249133
ENSG00000091140,0.0905972720435645,0.5990901314195535
ENSG00000253276,0.4139687564332134,0.9794046502192723
ENSG00000174428,0.5764980854640941,0.538949260350603
ENSG00000170852,0.1265298267020104,0.25540074507771
ENSG00000091129,0.28889123392896693,0.41296183642056217
ENSG00000196683,0.1691534967179943,0.06476474565551874
ENSG00000117868,0.37087932173863813,0.7259246863808257
ENSG00000164850,0.9769588683378457,0.6592969431177216
ENSG00000253293,0.014175406936501508,0.05569900053529435
ENSG00000275896,0.6945478388714363,0.7842688216412282
ENSG00000081803,0.24849533862943973,0.4893505919470299
ENSG00000105877,0.40317538676486797,0.9944289128140901
ENSG00000122574,0.29220141525742577,0.23720400621556098
ENSG00000136197,0.12631932953315056,0.3221139444415288
ENSG00000133619,0.04997157185521028,0.04929816205911542
ENSG00000158467,0.20510933110585133,0.3130977083876389
ENSG00000106346,0.2416701939751232,0.49169963443404086
ENSG00000121716,0.3849450823442603,0.43707582825943225
ENSG00000049540,0.09256182664359015,0.16836542107949073
ENSG00000173678,0.5135991283163921,0.6087954371947017
ENSG00000170092,0.26982741263039556,0.2691086988935357
ENSG00000136206,0.7972101620753078,0.8220631180898987
ENSG00000106290,0.14263699204069427,0.7806131685452423
ENSG00000176532,0.011606940930403474,0.047808636514203244
ENSG00000263001,0.7782651126664802,0.7919481904847427
ENSG00000196275,0.5770752392620614,0.7869794222652726
ENSG00000127922,0.07805817263554722,0.3344640596572933
ENSG00000173852,0.00787976698278323,0.0945036724093365
ENSG00000105989,0.917983984110667,0.8747836137438751
ENSG00000033100,0.5950591117090744,0.5285079034401376
ENSG00000160991,0.49701267491583245,0.11849501606272805
ENSG00000164647,0.005354999031333935,0.08932844035462394
ENSG00000157214,0.071641849985139,0.17771396392671554
ENSG00000196453,0.041716969488473775,0.205795328347122
ENSG00000181220,0.37642846631215576,0.9380442271420141
ENSG00000004799,0.7216454534844329,0.9384207977431964
ENSG00000158560,0.8873639551069972,0.8454442943658517
ENSG00000188186,0.4723891057036915,0.2732255203476097
ENSG00000135272,0.12133252776879082,0.5272077189856126
ENSG00000005075,0.4372974341940945,0.7769416376147117
ENSG00000198517,0.0004183398686964986,0.0034150284266944507
ENSG00000164855,0.16452710150636266,0.572278677920476
ENSG00000157778,0.02892658949281047,0.10513950760939496
ENSG00000128606,0.5848102600085799,0.7340952010042484
ENSG00000106351,0.40040199489684447,0.34901644823156464
ENSG00000205307,0.23549168586565042,0.43426326593712883
ENSG00000241685,0.023734519109660228,0.3512445624178857
ENSG00000130429,0.0559138402318282,0.46039075212952174
ENSG00000106244,0.0802169933294294,0.4909511335679545
ENSG00000106245,0.1523686987013235,0.910650870477219
ENSG00000146834,0.19771571549308148,0.41432489198904976
ENSG00000166925,0.46583535520452635,0.7268535090876584
ENSG00000178809,0.01060624363608273,0.010735087376331207
ENSG00000136247,0.2116211454189464,0.4014101905924483
ENSG00000146576,0.9969064105241675,0.7989264324211836
ENSG00000136244,0.4555682314799523,0.8375603648762024
ENSG00000176125,0.7172695585033322,0.4140621173426896
ENSG00000106603,0.0872451731366309,0.26039236802962806
ENSG00000183696,0.020184934379979157,0.3034494047691501
ENSG00000284691,0.313325907501754,0.28276747416547326
ENSG00000164692,0.016615059277759643,0.10604752909825856
ENSG00000127995,0.19007806157114684,0.05869069813508228
ENSG00000106609,0.3880038083034,0.6397465777590783
ENSG00000153814,0.5100346797572727,0.901948549572594
ENSG00000126524,0.12346274760422227,0.3729331950613288
ENSG00000205238,0.5773918372809127,0.4347951044284918
ENSG00000086300,0.0940465183717202,0.0866180093323329
ENSG00000010270,0.2579321093691282,0.5593881653142493
ENSG00000227191,0.10996446519488849,0.3621909258270083
ENSG00000211688,0.8136857979043063,0.908745872724524
ENSG00000211694,0.43171623930079384,0.8321204638006825
ENSG00000211699,0.056775657457634555,0.24114330354604605
ENSG00000180347,0.6662401379676852,0.4635017645838728
ENSG00000196584,0.05626178731240943,0.3328641128698264
ENSG00000132436,0.08758856972818227,0.1984091650091064
ENSG00000132437,0.5511909244423392,0.4826216964692689
ENSG00000185811,0.02999163695730113,0.10415505616182136
ENSG00000211746,0.05788258061424054,0.05317502669019293
ENSG00000211747,0.017725484446149128,0.011058482528649076
ENSG00000211752,0.011949022741631819,0.0400221448501222
ENSG00000211753,0.6264494676694412,0.7587845468413611
ENSG00000232869,0.06837182150844531,0.21907688434528777
ENSG00000204983,0.4897196790568714,0.9695756099701447
ENSG00000198286,0.7776906308831762,0.8753028430446819
ENSG00000277149,0.9786171726729398,0.8430817149930695
ENSG00000091137,0.05850156096077568,0.07623329029088437
ENSG00000105879,0.398290621578297,0.9059107386993833
ENSG00000160999,0.7943154836851821,0.6337469034630179
ENSG00000106628,0.00041729806512801976,0.006526725766595615
ENSG00000205060,0.10104013439653423,0.14498046235761888
ENSG00000122566,0.5595431785256282,0.3094525703264509
ENSG00000197362,0.5606830805824087,0.3234561744182711
ENSG00000204947,0.46800466622282344,0.3903356983699975
ENSG00000155660,0.46443685188032235,0.9829123927314591
ENSG00000105894,0.6859067433213575,0.4946463345657175
ENSG00000105851,0.0021901709768579417,0.008967431277421854
ENSG00000106305,0.01136895911940722,0.14545664731445518
ENSG00000001626,0.0007033847300271827,0.004513508263675529
ENSG00000205413,0.009968209764996806,0.028164922307418096
ENSG00000188175,0.56386366330481,0.5193029426736977
ENSG00000177409,0.33451182089885356,0.4702530452658301
ENSG00000170381,0.18272682422283618,0.1918235622243786
ENSG00000122512,0.6582467169699718,0.8241043321587315
ENSG00000197461,0.7413903500230951,0.7042593887559516
ENSG00000158321,0.6414976481757206,0.5787908589002193
ENSG00000146648,0.11082680685323586,0.26888088734311777
ENSG00000128604,0.2981191600203843,0.20865007834942373
ENSG00000015676,0.3394640762818696,0.5470605619774875
ENSG00000058404,0.5135352349289612,0.4602605124324348
ENSG00000065883,0.3558110798725207,0.5146234713473397
ENSG00000005483,0.12399575298085266,0.07296754440011179
ENSG00000106078,0.08271928717071589,0.47913638166698447
ENSG00000288558,0.8781031129107483,0.8643436647489541
ENSG00000075790,0.5180399897663912,0.897342832923587
ENSG00000187037,0.0832778310212181,0.19483665817871368
ENSG00000086289,0.964785708715308,0.9370008983375181
ENSG00000131558,0.5138047172963991,0.6867063480018587
ENSG00000085514,0.505094625639348,0.6856339402693559
ENSG00000106246,0.7051807955829061,0.3817405217874569
ENSG00000248919,0.20767214409769214,0.9007267813181721
ENSG00000164818,0.003358390831791243,0.1592874025025902
ENSG00000188191,0.06232410394425561,0.620623368197216
ENSG00000128573,0.9249772864599461,0.9289691220465817
ENSG00000196329,0.09679679533212354,0.13328126180580532
ENSG00000128534,0.04277767996757066,0.3934406943568778
ENSG00000106012,0.2208706474486352,0.486743524197923
ENSG00000136295,0.06081237791631009,0.1978372452387307
ENSG00000213413,0.051334068959858405,0.13453230409486255
ENSG00000136238,0.0010219689154649686,0.004568760463805667
ENSG00000009950,0.5989356759934135,0.43073459031413164
ENSG00000106460,0.01428383409596652,0.1444727840326893
ENSG00000106459,0.8230742227245742,0.807460956934466
ENSG00000186591,0.015108762087249974,0.0914841033813025
ENSG00000196367,0.971107338463189,0.4137980397215585
ENSG00000168255,0.8059935058196279,0.4119977968221511
ENSG00000284981,0.9542797945149286,0.6704954503257965
ENSG00000285437,0.6396893029366303,0.9447952720938996
ENSG00000228049,0.1073471723103675,0.10603855007785358
ENSG00000136205,0.9157073204986156,0.8701531163500477
ENSG00000122545,0.03757250790028245,0.11398520994023241
ENSG00000091127,0.1212746228665477,0.6978094288447287
ENSG00000157764,0.23357581898363047,0.31141814375797783
ENSG00000153956,0.26139140490659396,0.3437900118098425
ENSG00000122786,0.09594075128346856,0.34037587825241605
ENSG00000128595,0.01334123490807975,0.20453499564333116
ENSG00000157212,0.5547551423438728,0.8181585169672145
ENSG00000077454,0.41711932564709,0.3599499107152898
ENSG00000135250,0.17789166484584443,0.6174506161652903
ENSG00000008282,0.22702711813126009,0.6759684571426581
ENSG00000006468,0.07713591134424826,0.1846830842305194
ENSG00000105819,0.8633403303030954,0.4192942832772696
ENSG00000127948,0.4181789422639659,0.27099425177175834
ENSG00000005249,0.40344907189977186,0.9953871189474718
ENSG00000006576,0.9434990746568295,0.7350697844273018
ENSG00000106069,0.3857831077960643,0.6691630788339418
ENSG00000182158,0.8159548444837876,0.3205849372566942
ENSG00000105849,0.03506199814491626,0.15354086573716313
ENSG00000071462,0.11715006346252728,0.6953124305464946
ENSG00000080802,0.9154557438260118,0.5552308448216946
ENSG00000015520,0.7532470283118766,0.8389468785290636
ENSG00000136271,0.0006175498032070843,0.037837975911881275
ENSG00000158604,0.14622233188578893,0.27055939102400406
ENSG00000105953,0.03817935189499486,0.09804007812211478
ENSG00000122515,0.2174201640690038,0.8433630451816388
ENSG00000048052,0.5452835221399022,0.4895836803172213
ENSG00000059377,0.16815788479299745,0.2152730450538862
ENSG00000170667,0.5525436029618069,0.41689928200988013
ENSG00000270505,0.051934065560974296,0.3327061957679868
ENSG00000281179,0.051934065560974296,0.3327061957679868
ENSG00000278263,0.2371202507784003,0.3919188035214939
ENSG00000188403,0.18478911347452753,0.5285775287300472
ENSG00000166140,0.7837904714753172,0.5110666331702836
ENSG00000104081,0.1440497549756344,0.09761019018589116
ENSG00000198146,0.06179730042869546,0.1869094179017249
ENSG00000137801,0.20690207865991653,0.3949562862558329
ENSG00000021776,0.38739049107977996,0.5191463222434787
ENSG00000128829,0.3869496112940707,0.5962139935040799
ENSG00000134146,0.025334709592035765,0.21114066056103956
ENSG00000188277,0.3363427574665304,0.14551805900003018
ENSG00000166068,0.7499394580381114,0.6230875342746168
ENSG00000248905,0.41798194396222776,0.43854274773116386
ENSG00000166450,0.952953259060012,0.8527497705136396
ENSG00000051180,0.0004749318605298339,0.020559627024931568
ENSG00000166734,0.29232544463007865,0.4619812776511174
ENSG00000138613,0.4057029616118357,0.5873770118603785
ENSG00000171877,0.14025166658207044,0.289262313258033
ENSG00000137770,0.18759810712474484,0.3896556789192449
ENSG00000157456,2.733530117822954e-05,0.003015975330609903
ENSG00000166200,0.029476901900837453,0.2262598007630881
ENSG00000137834,0.14725599342515241,0.4894578360981846
ENSG00000137776,0.5343236821693669,0.7634313164362289
ENSG00000138593,0.3857411498401767,0.5891381215719036
ENSG00000103657,0.054359895881239344,0.06886746697585142
ENSG00000129028,0.008636219729300624,0.030026490157918993
ENSG00000137880,0.2075839664506919,0.017993862504806942
ENSG00000074410,0.12072711920134337,0.1517494299198601
ENSG00000157483,0.00015118428314337217,0.009547783320644408
ENSG00000166128,0.7524053508304982,0.6375557727935083
ENSG00000166233,0.8843105111395481,0.3550676819907925
ENSG00000137841,0.02965430902055719,0.06993506045895588
ENSG00000137809,0.09438816383497074,0.4312584300486749
ENSG00000074696,0.314413559300117,0.4700802554138319
ENSG00000156642,0.012283086302742071,0.13522955517738178
ENSG00000178802,0.2881616272797391,0.6361669499352356
ENSG00000169018,0.7855780168877454,0.635942425438565
ENSG00000140464,0.03771219337017822,0.2098711646634013
ENSG00000103599,0.46899834840943344,0.2606714764048424
ENSG00000178741,0.0035009088189167994,0.042066599667096014
ENSG00000128918,0.3182614771287673,0.41966585777906174
ENSG00000067141,0.6666034990954866,0.884618893733792
ENSG00000140382,0.6107450117853881,0.7921128855497701
ENSG00000140284,0.22553316173296342,0.6886601495816227
ENSG00000136381,0.2446091523096996,0.4562448699266217
ENSG00000189227,0.1727971864405536,0.10696339585398648
ENSG00000138621,0.22954999300689946,0.46347814220543926
ENSG00000179151,0.09960848687570498,0.3562082573493417
ENSG00000137764,0.19840662837133455,0.37825716831132794
ENSG00000136378,0.033490825485301405,0.16478113392525265
ENSG00000041357,0.00019023695207298218,0.0020125562814607596
ENSG00000140474,0.5842872898959601,0.8684708878159864
ENSG00000173546,0.08534655530518075,0.33390854901014155
ENSG00000067221,0.9573769910352072,0.3526929940485496
ENSG00000081014,0.29860774269600593,0.7428904356391184
ENSG00000129038,0.4369094889739549,0.8425500859177301
ENSG00000285253,0.9741297727089238,0.5770122766384234
ENSG00000138587,0.31250115930711814,0.3701522451078789
ENSG00000156958,0.021772617563179785,0.16483072722925832
ENSG00000066933,0.24410045798823926,0.31817732026395107
ENSG00000092529,0.007689948670841593,0.08879862762843421
ENSG00000256061,0.665749586571968,0.8438964434307298
ENSG00000178761,0.04270869252236431,0.06509764899977047
ENSG00000137824,0.6200437584799063,0.393116415728754
ENSG00000198794,0.3838314158166716,0.5084830179894655
ENSG00000169684,0.018374315166959813,0.018767604735700986
ENSG00000166426,0.43907270261381404,0.38852934488241797
ENSG00000137831,0.05178579058052901,0.21774507163191276
ENSG00000140497,0.5748699776596354,0.8223661509519751
ENSG00000169371,0.059301074957657345,0.23216088700637513
ENSG00000166415,0.5668917512300062,0.9869025451239548
ENSG00000140386,0.20592270928257594,0.33205791957535397
ENSG00000188266,0.8608648478023898,0.8103951799195266
ENSG00000104129,0.46651101919996396,0.5632354827177936
ENSG00000140455,0.16360969629513716,0.12840888032144618
ENSG00000136379,0.23674053674995904,0.40580531591948565
ENSG00000166557,0.07233323260200307,0.2766831671444477
ENSG00000103888,0.024358323625527454,0.11403157555049825
ENSG00000166073,0.015128215046386033,0.06819113706248935
ENSG00000103569,0.5232877706037535,0.6842522963501099
ENSG00000169609,0.34529030673476946,0.7167936075576826
ENSG00000196547,0.7780472999589155,0.4220956851786354
ENSG00000103942,0.20352902741744633,0.6142434514284068
ENSG00000073417,0.8741237827473278,0.9699600786132502
ENSG00000181991,0.01677668049940026,0.1742958723649169
ENSG00000166831,0.18254272198320304,0.5815586250305569
ENSG00000166173,0.02023731002118718,0.0828486779352327
ENSG00000069667,0.14585417796727965,0.3387601696395392
ENSG00000140319,0.13958200032723578,0.2096133605540458
ENSG00000074603,0.7123913305153811,0.8795990925843645
ENSG00000255302,0.769249190323361,0.7363149086639991
ENSG00000156218,0.4445887857835529,0.4325630958563921
ENSG00000140450,0.9076175420376559,0.6919397364112103
ENSG00000169612,0.010221606003679487,0.06481014763548772
ENSG00000183655,0.1254261108485227,0.2830829549596669
ENSG00000176463,0.7589442132134728,0.6553201688200219
ENSG00000181026,0.20480521404048646,0.6558900753512469
ENSG00000185787,0.15584252125149484,0.2568649978402496
ENSG00000137845,0.0021003364685272387,0.02761555108075708
ENSG00000259494,0.022420969243267194,0.11442902226108162
ENSG00000154237,0.7443379378554322,0.9714949130628611
ENSG00000168904,0.15323923587268765,0.2964156584039136
ENSG00000140443,0.12221773673272461,0.24457687489721
ENSG00000128923,0.3790498087642332,0.7220764532698748
ENSG00000185551,0.018048431647716242,0.03239993555392928
ENSG00000103995,0.041798293685368984,0.05500256537827284
ENSG00000157470,0.0634352598286061,0.35795239196766104
ENSG00000064726,0.07882864103983617,0.2667309250300328
ENSG00000184254,0.3808834238715155,0.8803540546825063
ENSG00000166716,0.7798923929018781,0.8878172391689851
ENSG00000166477,0.02762132149276513,0.18572955668651658
ENSG00000138594,0.002113842445090014,0.025913290442858193
ENSG00000237289,0.32327642712486526,0.7670488290989462
ENSG00000223572,0.15894544177795109,0.3849984869959986
ENSG00000128886,0.060967501507867616,0.16816312791933072
ENSG00000140259,0.14181343492442935,0.2807393485138515
ENSG00000074621,0.7230399289603887,0.7936139905062196
ENSG00000174485,0.23553852385075955,0.12587428414709795
ENSG00000103769,0.003908675123237729,0.14518225127967474
ENSG00000206127,0.5329647121234027,0.6724218391503427
ENSG00000136425,0.010175084723453338,0.2513000440783108
ENSG00000166411,0.37355635638275186,0.7597313637495109
ENSG00000092470,0.014819863923707094,0.12781143370284692
ENSG00000156970,0.000185949670104372,0.007117127918064753
ENSG00000137872,0.10198621125090665,0.029955695218612036
ENSG00000170776,0.23072131423912598,0.31184106917383947
ENSG00000166143,0.6644327540964972,0.21284567385199463
ENSG00000178718,0.0022954790241942495,0.019405804614947328
ENSG00000173548,0.5675959477934747,0.49739992511671516
ENSG00000166762,0.6258477619823342,0.6286104751031059
ENSG00000140262,0.22861496071731294,0.43264013152714453
ENSG00000134153,0.014165982919409424,0.03700127304739778
ENSG00000182405,0.6090661040163223,0.7532131309341685
ENSG00000134152,0.1273448294453671,0.30213013158181873
ENSG00000128463,0.002158084021684828,0.021318156853551824
ENSG00000140526,0.3105299400351446,0.41094841659487635
ENSG00000140199,0.7413102065752754,0.8807298205147619
ENSG00000137860,0.9992482377551709,0.9331369376122025
ENSG00000171766,0.7739835344454783,0.7621607993677902
ENSG00000171763,0.012133785276666411,0.04444807795047858
ENSG00000104154,0.35307056410042503,0.3413411718338506
ENSG00000104164,0.9174424183389734,0.9665884355410443
ENSG00000137767,0.0014027844682372073,0.00990756027485797
ENSG00000138592,0.8233339280026903,0.7241651726042531
ENSG00000092439,0.534635982756154,0.4292485688122324
ENSG00000117899,0.00010891411865056612,0.0032051112766553363
ENSG00000114062,0.39939978721377445,0.5376233024397081
ENSG00000136383,0.9939646540974112,0.3710498018271836
ENSG00000169857,7.838223982809042e-06,0.0006694156029506409
ENSG00000166262,0.5783420782926876,0.6765029186800011
ENSG00000104047,0.8048974088416758,0.7830615525004643
ENSG00000166797,0.10414247374541225,0.4066580656940816
ENSG00000028528,0.6925293379193712,0.44530131012731156
ENSG00000157734,0.0005543087733895549,0.015527970005584478
ENSG00000169118,0.41156844981036556,0.9983991602208373
ENSG00000166803,4.1512404742041746e-05,0.003161860129675928
ENSG00000103671,0.01995516623139833,0.16929659962713733
ENSG00000159459,0.5779334480150189,0.7737973318620635
ENSG00000137842,0.5998201689664575,0.2782053027024873
ENSG00000166946,0.024255536130121276,0.16878149398018122
ENSG00000168806,0.9398151447026714,0.7355501497063803
ENSG00000186417,0.20752373776064234,0.2797954011134507
ENSG00000104093,0.5225184597960908,0.3846356898175498
ENSG00000104112,0.5754314165805465,0.2891360163796387
ENSG00000140280,0.7449474957888628,0.3969191712168837
ENSG00000168803,0.3226130773147601,0.18170683126406448
ENSG00000197361,0.40151637208804736,0.42751247735252185
ENSG00000033800,0.8023025447521294,0.9817259723472553
ENSG00000138617,0.42515742405910617,0.20311894821827417
ENSG00000140543,0.9901020654602962,0.8383337596088993
ENSG00000128739,0.04651650598430924,0.0629588128510256
ENSG00000242028,0.004510031191629177,0.017578080065203453
ENSG00000157450,0.8976437889358898,0.6061381069492678
ENSG00000137821,0.5255109991245428,0.6133564705329291
ENSG00000166821,0.5728338474062071,0.7961328878855221
ENSG00000243789,0.008217610054989988,0.04429702965019875
ENSG00000104131,0.0031297578381872535,0.06356392581489527
ENSG00000103855,0.022687433574176213,0.3337744985962349
ENSG00000128915,0.43869050975361945,0.9942715369597592
ENSG00000188095,0.7731217330532952,0.4872283111521307
ENSG00000166825,0.4601498360761468,0.5340083000187308
ENSG00000157823,0.3468585418536243,0.6162924355346611
ENSG00000250021,0.19632657243140605,0.486536357199447
ENSG00000242498,0.36268752443983265,0.343793664333386
ENSG00000182718,0.0013082568210579823,0.020063986878723072
ENSG00000136371,0.01511254115058249,0.056337067112417025
ENSG00000259332,0.13890770444250797,0.29451004615133847
ENSG00000086666,0.14885727747416866,0.4697373677994733
ENSG00000140379,0.925034207862789,0.680966627948201
ENSG00000090487,0.6750998667349795,0.7900421168157652
ENSG00000103707,0.35900886120906494,0.47534117379043583
ENSG00000186198,0.7828698589074183,0.5618261074173707
ENSG00000103710,0.3184791553640601,0.24457456300846547
ENSG00000090470,0.42882805615921704,0.9121471820075213
ENSG00000166855,0.7779790235264556,0.8135884471367106
ENSG00000138615,0.39017983520906874,0.6500449945182164
ENSG00000182636,0.13882466501475862,0.1898865132608989
ENSG00000137819,0.024054783755392332,0.06918953164956806
ENSG00000137818,0.4734818841129337,0.9022297723403017
ENSG00000137807,3.5725759252879536e-05,0.004212181839258498
ENSG00000128833,0.7809556023583796,0.5380237501657912
ENSG00000128989,0.2376432776753292,0.6588150305219276
ENSG00000131871,0.7002295345784794,0.8567584287910337
ENSG00000131873,0.10980386687522671,0.2365325427837902
ENSG00000184277,0.9985032804791396,0.8162690114580045
ENSG00000185418,0.9260292994298069,0.7336516299702198
ENSG00000140479,0.20458365207375614,0.3697296573724814
ENSG00000225973,0.6914979824224153,0.8724795093437772
ENSG00000069943,0.12931011011749116,0.3739917130551095
ENSG00000137876,0.0931216048330144,0.291491894453775
ENSG00000187446,0.3668330011304891,0.45130653449311675
ENSG00000104147,3.456842578525718e-05,0.001915807133050752
ENSG00000137804,0.00010303930811929776,0.003090623786166962
ENSG00000137806,0.8283703061803067,0.6417883116042162
ENSG00000137825,0.054659692662049376,0.5493755283139263
ENSG00000062524,0.328766480074288,0.03189991859959552
ENSG00000103932,0.2816074860215033,0.8420779693373226
ENSG00000092445,0.05820650370322792,0.35490808802829255
ENSG00000169926,0.3709094087116651,0.6126355485968846
ENSG00000058335,0.03071394139945733,0.20130918899056696
ENSG00000103811,0.0028931540032704635,0.10912854655392411
ENSG00000179455,0.7043831180889837,0.9471238601856421
ENSG00000140285,0.8303808094424618,0.806748732037898
ENSG00000140264,0.6362803863145482,0.6761042150302117
ENSG00000103994,0.271536218915206,0.3326672930521626
ENSG00000171016,0.9204790088627557,0.8134671349436846
ENSG00000069966,0.10427863670667653,0.43024779492617293
ENSG00000104064,0.05341130791032045,0.41132186729331155
ENSG00000169783,0.20201698251234113,0.17133388962815146
ENSG00000166920,0.04715213079428145,0.3772847199951428
ENSG00000140511,0.12716942142807658,0.4373868582832563
ENSG00000157766,0.021049237106473318,0.09643758006741407
ENSG00000166949,0.00624699904715301,0.10458997893714927
ENSG00000103591,0.05062396961217378,0.472937270926877
ENSG00000104067,0.08864132058198021,0.2555880725989844
ENSG00000140471,0.6869665979118127,0.8491008155519044
ENSG00000183475,0.4373347944253365,0.6359834725784252
ENSG00000182511,0.5269003720949818,0.9751422184722304
ENSG00000197299,0.004272599958566286,0.10096729405822898
ENSG00000140564,0.001380606605703248,0.06517299415725877
ENSG00000172183,0.12989478916488184,0.22202942679053425
ENSG00000166794,0.5189616612629682,0.7758978065000877
ENSG00000103723,0.8480931325417116,0.9727100820134409
ENSG00000156232,0.7614006245352016,0.8661603302113805
ENSG00000166192,0.08457456628888278,0.23125701590253467
ENSG00000175318,0.04185907182854426,0.20389322813836522
ENSG00000137817,0.7413984623310084,0.7531128912804457
ENSG00000179361,0.42791300468502713,0.6501498239197873
ENSG00000128872,0.22844622375376186,0.12005791590681975
ENSG00000128973,0.012306989558206373,0.06570150239393965
ENSG00000205363,0.004804159940307828,0.020146488035205575
ENSG00000243708,0.09248744223617773,0.14277865458402877
ENSG00000137871,0.987039724112273,0.9496037218054011
ENSG00000137875,0.0003651595548551054,0.037292178602751316
ENSG00000069869,0.0010887194295243433,0.018156670407281892
ENSG00000034053,0.5037625507314263,0.7156970822293185
ENSG00000140263,0.12460728518682829,0.09238887347757971
ENSG00000140279,0.7673911714945343,0.6152335246731406
ENSG00000140274,0.5962735543701956,0.7110668748560616
ENSG00000137857,0.0499001772398936,0.24093082237277683
ENSG00000186073,0.0008920298443266802,0.005908790210218542
ENSG00000140463,0.7412159208455353,0.96486385466077
ENSG00000159322,0.7777624872884972,0.8172793152118835
ENSG00000136404,0.02383126606011197,0.03993090996791818
ENSG00000166503,0.011893933756648186,0.01230048845071003
ENSG00000137802,0.6554760519743723,0.5544335791612709
ENSG00000104133,0.960729469819342,0.7243418474031958
ENSG00000172345,0.011495186695762827,0.058940072852441065
ENSG00000182768,0.13285849169270347,0.20624608124530444
ENSG00000103876,0.18142140475255175,0.44513940672649044
ENSG00000128951,0.0012738453894700326,0.02792652949081503
ENSG00000166147,0.44293263370339386,0.7744017393800866
ENSG00000181827,0.42178998612946905,0.7488692644906032
ENSG00000198690,0.79979292832443,0.8282481049670011
ENSG00000166912,0.24334178523396838,0.23653695058374946
ENSG00000213614,0.48658140564911845,0.28051351750406944
ENSG00000140548,0.039995574567087064,0.03650467009506191
ENSG00000182054,0.3050267059369715,0.1874976447905203
ENSG00000196391,0.2258800212141891,0.2926059619384766
ENSG00000140575,0.7694703410804072,0.7439512564140198
ENSG00000166145,0.1895475655874235,0.6424985184166809
ENSG00000179335,0.12251712141890171,0.4060891286039976
ENSG00000129007,0.723739049279774,0.6131970040420867
ENSG00000167202,0.9578564767303965,0.56935098614492
ENSG00000103653,0.5083131624066455,0.8962772592487267
ENSG00000183208,0.7058149915876124,0.9047474423205194
ENSG00000173517,0.6152003930687635,0.8389680052996829
ENSG00000047346,0.04805554658340964,0.0771557765736973
ENSG00000140254,0.09111122631505646,0.31364024302194865
ENSG00000177971,0.41634506785612324,0.49487106523694724
ENSG00000229474,0.10828344616667744,0.346258436909471
ENSG00000215252,0.19576270774868507,0.5351521762508477
ENSG00000184206,0.1307460379499419,0.4136487752587731
ENSG00000166938,0.2951683582389525,0.09100254521300322
ENSG00000075131,0.004415091832196008,0.036607561033720704
ENSG00000169032,0.016169919984276818,0.2183015026445985
ENSG00000174446,0.6545772010312938,0.9869383016890073
ENSG00000174444,0.1320947538379557,0.5972120843060911
ENSG00000174442,0.004073620881462282,0.1089188787999044
ENSG00000198826,0.00021491667788627232,0.018318822664601025
ENSG00000166923,0.20136357891268583,0.3889309461245418
ENSG00000128731,0.5860634201603706,0.35409784971040315
ENSG00000140406,0.00021076557610005527,0.0010882907347889565
ENSG00000157890,0.5219423874092144,0.432156422968072
ENSG00000259330,0.0042207728243226945,0.024480329633020718
ENSG00000233041,0.19706094591237236,0.18748837237018773
ENSG00000140320,0.4300948531289822,0.17903745619425823
ENSG00000169105,0.1286668941522872,0.4199965549945286
ENSG00000128928,0.0007053610317083944,0.0017013623250616392
ENSG00000197535,0.6995484001743479,0.9363706677491676
ENSG00000104177,0.11252388191889089,0.08157404558437455
ENSG00000140332,0.7080247731479263,0.39744006725189585
ENSG00000176454,0.029611560506808837,0.1480681185021803
ENSG00000172379,0.8967376291051358,0.564303588025308
ENSG00000131876,0.0002302028941544122,0.005386759348284582
ENSG00000140465,0.42148401732740093,0.883910583472721
ENSG00000206190,0.8896953133067875,0.42992052107408985
ENSG00000128944,0.0005584754910218932,0.01784233627912645
ENSG00000183060,0.6026387960269071,0.5642109099390596
ENSG00000140563,0.040341070712598334,0.009040190809179487
ENSG00000069956,0.0047903127289733284,0.12312025064897478
ENSG00000138606,0.286557480744486,0.23196773781057442
ENSG00000140577,0.3236578581547911,0.6311167530836354
ENSG00000167004,0.6749316756042582,0.874570083204188
ENSG00000180357,0.5671500195273074,0.9984012338417199
ENSG00000180304,0.8403649158262348,0.924870889184513
ENSG00000187720,0.3132179965925912,0.21712083651080327
ENSG00000171914,0.14101371439748928,0.32361009076275676
ENSG00000166922,0.6335205654233169,0.7305309205137205
ENSG00000138614,0.26438924884018805,0.818921880924932
ENSG00000137815,0.3004725863855338,0.5902428812213398
ENSG00000166823,0.5601628594991879,0.8756400456949943
ENSG00000214013,0.008994223348796569,0.03875236564827727
ENSG00000185033,0.0027043741357948288,0.13449169806988737
ENSG00000188549,0.6277246589299985,0.5387520805211968
ENSG00000140545,0.861721508277532,0.5221858173984647
ENSG00000185043,0.17649852095939378,0.3949378640805341
ENSG00000151575,0.09359110768272036,0.13063397544978
ENSG00000103966,0.34220386099855665,0.6567898235266092
ENSG00000103642,0.23880013190093027,0.5261094969217568
ENSG00000185088,0.7469219948872701,0.5591459577090487
ENSG00000183496,0.8219157032244817,0.8991710778300085
ENSG00000188659,0.03395236532391735,0.07749645686620132
ENSG00000182774,0.03316294857956341,0.13541850902783348
ENSG00000140598,0.613183600959229,0.7775741795677031
ENSG00000140534,0.00036190399256099895,0.011840187432471207
ENSG00000166813,0.8001997666623184,0.5588401312958682
ENSG00000140525,0.000620087682325991,0.029477358365570746
ENSG00000104140,6.237021553865181e-07,0.00022362135046156848
ENSG00000104142,0.01032213867264091,0.10742940185476
ENSG00000128917,0.38769505147089744,0.9347043051690641
ENSG00000128965,0.03879675897588085,0.08097933923880782
ENSG00000128908,0.6826548993244519,0.620720215675468
ENSG00000117906,0.2957912099317135,0.4450424987088859
ENSG00000140391,0.5069803189760433,0.5608624883235449
ENSG00000140368,0.04982221532716638,0.13828544118834268
ENSG00000260916,0.15538933437121447,0.13414595635245244
ENSG00000069974,0.9309524541763613,0.8153152888342667
ENSG00000171262,0.009217480432104186,0.04151039486206207
ENSG00000172575,0.585753214221141,0.44346459863358023
ENSG00000138600,0.545774520190756,0.9158512363733134
ENSG00000140297,0.13688929195472746,0.1631197017719066
ENSG00000140307,0.0017503011049896436,0.028824122606205423
ENSG00000128891,0.512573730756394,0.48156051972465097
ENSG00000166133,0.8952146724941584,0.7227187310721228
ENSG00000137812,0.006566742180074947,0.042867737409868295
ENSG00000067225,3.7893451561182026e-05,0.004375605518988669
ENSG00000140367,0.44956318345524904,0.571615622148672
ENSG00000167196,0.010589371092685483,0.08409628164989918
ENSG00000140374,0.18280417889339692,0.46715013617920476
ENSG00000175265,0.2813844047361214,0.35133393467767127
ENSG00000182117,0.0018735585210862948,0.025308101707529618
ENSG00000035664,9.331143565786216e-05,0.0038452923134097033
ENSG00000273173,0.31589411001935847,0.34857625428332983
ENSG00000137843,0.37120495053257385,0.09704631534891711
ENSG00000198535,0.3369059420385546,0.8081994480033483
ENSG00000205502,0.7568144563576908,0.8609722265765548
ENSG00000140451,0.14823274998178926,0.3910273248370941
ENSG00000241839,0.2834037080014712,0.2939827692056876
ENSG00000166839,0.06744421904177776,0.23149701025248992
ENSG00000182175,0.09851742965587082,0.23464774302342598
ENSG00000140299,0.6637503353488219,0.92789993770906
ENSG00000184508,0.020766735932045144,0.02932463802462877
ENSG00000140553,0.13146891711603442,0.33468422674117837
ENSG00000166965,0.0012855963655583635,0.007947445415340348
ENSG00000198901,6.07462240437815e-06,0.00030487915075359714
ENSG00000184056,0.20057565953543172,0.5532804234484225
ENSG00000176371,0.8767389477927889,0.48834795140519294
ENSG00000177082,0.7154838908049772,0.7120134157022325
ENSG00000197696,0.009565833808850144,0.07023106921195948
ENSG00000170113,0.018425076247196644,0.054651615404295986
ENSG00000140157,0.018563427988086828,0.10341808245303888
ENSG00000275835,0.894996030506275,0.74007277811088
ENSG00000273749,0.06430450996574762,0.26975151007377923
ENSG00000185442,0.06449770787820791,0.13540618175879016
ENSG00000258484,0.6409095283661197,0.4863089232255978
ENSG00000128849,0.011723250761150841,0.03378035172640174
ENSG00000263155,0.9298984156271556,0.7799010834502176
ENSG00000255529,0.0826855585632885,0.25141123662932474
ENSG00000137878,0.8075541436296393,0.8344475735631874
ENSG00000183578,0.8593782314181301,0.7399657125391047
ENSG00000092531,0.7645560127093906,0.9802740729923816
ENSG00000180979,0.6247487702686119,0.988840986165592
ENSG00000137814,0.16823805423304836,0.5401821559933517
ENSG00000140326,0.9833324284205006,0.8162254089120463
ENSG00000128881,0.09507019844855287,0.25506221747325275
ENSG00000174197,0.5852829923593426,0.5861012284342452
ENSG00000167173,0.27942074993358784,0.545688087226333
ENSG00000140365,0.012547688389944387,0.06077855605586806
ENSG00000140398,0.0006772696344733106,0.0019691862716575115
ENSG00000140400,0.6798815037897139,0.6411687246151663
ENSG00000169410,0.11730440723716538,0.2724342443582651
ENSG00000169375,0.43767654284217894,0.7887067082456163
ENSG00000168907,0.025623081450741204,0.23071759178125748
ENSG00000166887,0.7518065789104398,0.44120510308421634
ENSG00000103978,0.9552282849828817,0.9919562462039618
ENSG00000103647,0.23799703922629775,0.27128225808671624
ENSG00000140350,0.004478462397176339,0.03521256372908948
ENSG00000138604,0.6162737843698127,0.883665638665583
ENSG00000140416,0.37739191531325333,0.6638074398000705
ENSG00000167178,0.16139127607560666,0.08623782938791655
ENSG00000129009,0.5514371827729756,0.991688282436311
ENSG00000137868,0.8891913695007497,0.4431299134210732
ENSG00000138623,0.011570408349926061,0.13302004064000195
ENSG00000138629,0.14170931912483817,0.2855425039530806
ENSG00000068305,0.8946211760722624,0.8519541103222109
ENSG00000182253,0.7119620786307002,0.765972777656361
ENSG00000103852,0.6943041398508105,0.4007857060754645
ENSG00000134138,0.30280997000335935,0.5337581837645669
ENSG00000140612,0.8056754465857137,0.6958072749046792
ENSG00000140403,0.865386795017681,0.7597258055652619
ENSG00000140395,0.582803194339148,0.9557138359965232
ENSG00000173575,0.7038143566761184,0.7267963492470026
ENSG00000166206,0.1401273664748106,0.6309331410732748
ENSG00000140519,0.00018110700718278972,0.0021390060737248875
ENSG00000140521,0.1971259753369132,0.40453528099037817
ENSG00000261652,0.6979900134291477,0.6262816463597236
ENSG00000172349,0.001071038019901085,0.01022052590744268
ENSG00000129003,0.11040219155221116,0.12122346183340758
ENSG00000166710,0.4924469893688348,0.3950782298353268
ENSG00000140265,0.6101091563456699,0.8456188807832203
ENSG00000137822,0.49795282793791107,0.7545764876825404
ENSG00000067369,0.7605042100574142,0.45258413891847415
ENSG00000166963,0.6263286513649438,0.38108596826126184
ENSG00000168781,0.13542657117103166,0.1315347276357074
ENSG00000047621,0.7932502090810691,0.3929514966107619
ENSG00000059804,0.19775039373246908,0.3731280476275365
ENSG00000197614,0.02235993650326887,0.20427767371683578
ENSG00000166523,0.6772612030449567,0.6987882751940991
ENSG00000166532,0.10295454103753969,0.1713123828121291
ENSG00000139083,0.9292788703155399,0.6098953218403584
ENSG00000150048,0.25461211122739913,0.28756092604078504
ENSG00000070018,0.4859493333286359,0.30063302204971404
ENSG00000139112,0.1889681603456178,0.2728841606683738
ENSG00000134539,0.5260754519366009,0.7438528328097225
ENSG00000111196,0.0001382106560947668,0.0029678062738907156
ENSG00000173391,0.09875348026076258,0.18859331246653985
ENSG00000060138,0.006107737716794021,0.09990577288605001
ENSG00000151490,0.07811490163042402,0.14165952439998436
ENSG00000172243,0.03973532623934238,0.03438103606654663
ENSG00000111261,0.0427567294034952,0.14258000073033086
ENSG00000166535,0.5468304252750417,0.8650929211091782
ENSG00000060140,0.0013126468546194932,0.022414397894135574
ENSG00000060982,0.5390202604716179,0.1545688763926082
ENSG00000213809,0.20966818070886825,0.6272561587186348
ENSG00000211455,0.01999995236142662,0.11550035331669058
ENSG00000165714,0.020768588768543875,0.11670379050167494
ENSG00000008394,0.17057016885189674,0.581761498446707
ENSG00000151491,0.4474810518121657,0.6505128669284983
ENSG00000139174,0.8116158149536058,0.7983131780086472
ENSG00000111224,0.5709976904053258,0.3047756149816019
ENSG00000130038,0.5858811788348193,0.30721052637178964
ENSG00000023697,0.00034822758506001356,0.037966303946810935
ENSG00000121380,0.7763695958904583,0.9073654651775219
ENSG00000179715,0.4927442493286527,0.7205474641836433
ENSG00000139044,0.2804903539695057,0.050002044787415455
ENSG00000139209,0.5004191048991115,0.08521494350645782
ENSG00000139160,0.20178637606726557,0.31235734453849684
ENSG00000151743,0.01833787463007694,0.13779863168345993
ENSG00000023734,0.0001775320217544872,0.025270697985545224
ENSG00000064102,0.0007502473229674587,0.01677453421983758
ENSG00000167778,0.9016172664765894,0.8060215959382487
ENSG00000139173,0.11371542540435461,0.2518603496885919
ENSG00000151229,0.2504104585012741,0.050310833742980045
ENSG00000111371,0.046919777865043776,0.1205602644632303
ENSG00000175548,0.22420490680376376,0.2591454329230213
ENSG00000178449,0.08860257151976338,0.1895440876555016
ENSG00000129315,0.5493729559215237,0.9034413527696423
ENSG00000134294,0.0160201691436116,0.03705494776927356
ENSG00000133704,0.3157345246001354,0.9710180835822932
ENSG00000167588,0.1293581910400622,0.2661898441860389
ENSG00000167566,0.19690655966860818,0.16843087372173954
ENSG00000182199,0.1569906808510629,0.3664615236530956
ENSG00000135423,0.001859871980492518,0.016024695265508083
ENSG00000005175,0.2904021820263403,0.8014373111393359
ENSG00000139117,0.16764322704215004,0.23094980328618717
ENSG00000161798,0.01200628101549599,0.1261583674019277
ENSG00000152556,0.34354566337094383,0.6075100943607923
ENSG00000170545,0.023837583307745585,0.2254802981155017
ENSG00000174718,0.9742790518018368,0.9657130223067973
ENSG00000152944,0.09671782034618287,0.1361867151805285
ENSG00000139624,0.030486436158150748,0.08171207247888791
ENSG00000173451,0.07082449739152782,0.08228171143812696
ENSG00000118596,0.6795380069062621,0.20376272238722748
ENSG00000076067,0.24512392238671352,0.1969620657690231
ENSG00000066117,0.208594888449425,0.5120726568356522
ENSG00000175215,0.8108546930347781,0.9625192121120676
ENSG00000058272,0.13809279834807311,0.4507228002840381
ENSG00000139626,0.05705421410030493,0.1248100323086709
ENSG00000139291,0.0750450802116907,0.13252377714548602
ENSG00000161638,0.0002698731355984962,0.004502431710884835
ENSG00000111058,0.025901458412589694,0.11304985785350154
ENSG00000161800,0.001380825432768916,0.029177213450922772
ENSG00000167779,0.20241098815683975,0.20671219523520448
ENSG00000177425,0.0520666060426854,0.47232132647687
ENSG00000111110,0.6155274577578976,0.5468825703644271
ENSG00000135472,0.0007370278417428468,0.020816821691934332
ENSG00000139644,0.25266798589024786,0.41893088547959556
ENSG00000110934,0.10881743048869048,0.1655544141543308
ENSG00000139629,0.7817779354857931,0.39967008588746167
ENSG00000133639,0.4893676051413882,0.3083988704510824
ENSG00000111605,0.003826665933184861,0.016580085973258947
ENSG00000133640,0.26963660453011457,0.8929637314562937
ENSG00000172819,0.011696239092332044,0.047979190329496366
ENSG00000090382,0.26008099117456296,0.4238664289802011
ENSG00000175782,0.8937369052230536,0.7521781959488567
ENSG00000171310,0.007637959200419576,0.021321258720755965
ENSG00000066084,0.01915649783216217,0.10648876360554602
ENSG00000135655,0.5557033404049796,0.9859417837338534
ENSG00000186666,0.3094259399695429,0.39673199811479487
ENSG00000133773,0.11137433978956526,0.64925036576692
ENSG00000050438,0.0002836847216302412,0.004948112465047073
ENSG00000111530,0.006025353000805416,0.030961221358929602
ENSG00000136010,0.4034465861590786,0.9864688617234114
ENSG00000079337,0.08596977165275264,0.1844923074328891
ENSG00000111581,0.0228334410454494,0.11100366521805465
ENSG00000139318,0.6570920172641146,0.4276615832132994
ENSG00000127720,0.1212850908441581,0.09225390554877705
ENSG00000111145,0.05365351927163989,0.26140410952370574
ENSG00000180263,0.11804885362595058,0.18265646870600077
ENSG00000196091,0.6152606553900835,0.37343276813755133
ENSG00000059758,0.17923355550734923,0.35296563575155004
ENSG00000111647,0.07962724212327349,0.10839776948211595
ENSG00000174600,0.24031691786689938,0.36459676628243387
ENSG00000120860,0.6199883151087522,0.38044888929263876
ENSG00000253719,0.15388452084862833,0.4194284952003464
ENSG00000111670,0.3098155140895187,0.5466564329220036
ENSG00000084110,0.03387255733253118,0.13220076630460623
ENSG00000111275,0.003928785067816693,0.12932694049632812
ENSG00000139354,0.09882532137126472,0.18379461736640126
ENSG00000064115,0.5874803127621024,0.915146387375631
ENSG00000166226,0.007101699956772297,0.02560497043880232
ENSG00000179104,0.9311486121693283,0.6165475627325867
ENSG00000136044,0.752575259571578,0.9999916298578561
ENSG00000057704,0.06638861041752585,0.14351019511662705
ENSG00000258102,0.7592757999767625,0.7770515324864004
ENSG00000151233,0.06710869029214116,0.26555945113826196
ENSG00000012822,0.19709959178484798,0.4227638511865408
ENSG00000080371,0.027652934141073802,0.04427934235864968
ENSG00000182379,0.758354100426996,0.5260425871795029
ENSG00000111252,0.8985675909500287,0.8478535639013818
ENSG00000139651,0.8681429979671738,0.7203555449491083
ENSG00000151135,0.15823160842857972,0.4653202993589839
ENSG00000091039,0.554750212791302,0.9935948071747628
ENSG00000177889,0.04324026742054446,0.20317731864505567
ENSG00000135426,0.002110319292825374,0.03398556513939612
ENSG00000158104,0.10640981874135129,0.20961640052753186
ENSG00000139133,0.018855592030145203,0.16169663288903646
ENSG00000049130,0.10090665870790223,0.07607865397432449
ENSG00000139218,0.891078518431301,0.7690767462172254
ENSG00000136040,0.11529867155538628,0.12838467466719883
ENSG00000120832,0.20367651646609353,0.45935338736336173
ENSG00000111142,0.14697148516916939,0.2889060627012009
ENSG00000170627,0.7498869132715535,0.4781511373034216
ENSG00000061987,0.8382704350266628,0.7684420437740797
ENSG00000013503,0.33148229205131524,0.21289106090286097
ENSG00000183283,0.7328287155991826,0.728295240268924
ENSG00000175183,0.08663266386956064,0.1813348178388317
ENSG00000174989,0.9504111132327562,0.48875840435022366
ENSG00000120833,0.8441819873767413,0.7607021965336767
ENSG00000136026,0.00024338412921021135,0.019091472093045368
ENSG00000102189,0.4214631687801008,0.7318415817356791
ENSG00000111785,0.10681045313383064,0.15526477731452662
ENSG00000008405,0.8368677253907413,0.9367745551610988
ENSG00000165891,2.3367939338401833e-05,0.00015043570833120517
ENSG00000188026,0.2657817710230078,0.5745993460716177
ENSG00000139324,0.027295340895518903,0.19086803032362767
ENSG00000111727,0.07153198054114958,0.13201258582914754
ENSG00000256870,0.9411143547849389,0.5039586436775849
ENSG00000188596,0.41528126795922626,0.6688078304873197
ENSG00000139726,0.0032827378481375554,0.04746302914654836
ENSG00000075188,0.00018626735062909393,0.007723376867137392
ENSG00000089053,0.7708959363878638,0.4648220913705784
ENSG00000111144,0.09557715328393179,0.23692403536964382
ENSG00000074527,0.8995517965395993,0.364526240734534
ENSG00000110801,0.7785428323934204,0.8671950139867568
ENSG00000211584,0.878001917081849,0.6747522221926476
ENSG00000127314,0.08432289143769472,0.20256198355632354
ENSG00000136014,0.04124162754588392,0.35448519895945685
ENSG00000088992,0.5150036168040308,0.6128943613793196
ENSG00000122965,0.10510450796560851,0.4917273291923795
ENSG00000111726,0.0011445407035542646,0.013368254087713114
ENSG00000110931,0.3924087745255994,0.9695178524787605
ENSG00000175727,0.6074452067045755,0.8271149138274623
ENSG00000139344,0.19811034477401382,0.5952121631407314
ENSG00000171759,0.33430568313786246,0.7177621733660784
ENSG00000151131,0.03500688605899807,0.09800316395967659
ENSG00000111707,0.20875990922106627,0.6853254543048894
ENSG00000179941,0.6970554416241314,0.9543311294341245
ENSG00000169372,0.7621344465689142,0.9757950585305207
ENSG00000183273,0.012330702683923419,0.04507436090621387
ENSG00000173598,0.10322049253481615,0.06630366051360218
ENSG00000166046,0.21082099623477485,0.28266057630769137
ENSG00000136048,0.014701907498869005,0.1310509646784555
ENSG00000127324,0.24708125181538884,0.16276604987612323
ENSG00000123384,0.9194779977514979,0.7656858102131853
ENSG00000158023,0.9549950637317421,0.6635663966465675
ENSG00000123338,0.17451571348636258,0.3689721564044871
ENSG00000120800,0.5072478549436683,0.887075279262945
ENSG00000139292,0.4648734522369997,0.3271816936451508
ENSG00000136021,0.2767844883023142,0.6251413014686564
ENSG00000111452,0.003607150117869281,0.014604904665422304
ENSG00000184209,0.9381930398192926,0.8095484592994073
ENSG00000256223,0.007792070984219778,0.040097085594428435
ENSG00000084112,0.569198197543032,0.9064446885872234
ENSG00000089022,0.18369106106043892,0.625212516943009
ENSG00000120805,0.38387104519411375,0.5820850605313493
ENSG00000111445,0.03109272649265529,0.25271886348232997
ENSG00000123104,0.08301097152149815,0.1725792694945554
ENSG00000189046,0.24009924537569857,0.22070691998812206
ENSG00000135090,0.773249897091125,0.7701645675907396
ENSG00000089220,0.004130355822756096,0.0114680140302119
ENSG00000139352,0.2785121129257406,0.2377105225215392
ENSG00000135093,0.6060877518637129,0.5106203957148623
ENSG00000135678,0.6817661622498814,0.5947482885885711
ENSG00000151136,0.5248891962832185,0.3378219920183185
ENSG00000139370,0.07147300130428795,0.27638237191771453
ENSG00000089041,0.08330255955780486,0.09174175272219169
ENSG00000198270,0.9434649963480455,0.4257828803893504
ENSG00000176422,0.13601230052249996,0.14091741096612237
ENSG00000185482,0.6012525534515636,0.838499757684274
ENSG00000089234,0.2541254055664347,0.5160981977372833
ENSG00000111666,0.08443588374028628,0.016856929062081142
ENSG00000135111,0.8443001987345606,0.9825257659597305
ENSG00000176834,0.3124034420970903,0.6085976528767141
ENSG00000257767,0.07977471087260075,0.2548923945929705
ENSG00000111696,0.043801107484041944,0.33163149399952097
ENSG00000111790,0.3723400786197306,0.5857623353821515
ENSG00000127337,0.053088536451814945,0.07421593582979798
ENSG00000006831,0.0007100531005019869,0.0331414221327039
ENSG00000151065,0.31907808694293016,0.13554162594870545
ENSG00000111752,0.2450017794871132,0.19365434742096602
ENSG00000003056,0.7623563849643646,0.72817120117536
ENSG00000139187,0.0005643823875109078,0.003938480689687945
ENSG00000089225,0.11053757666375541,0.15986651151823153
ENSG00000111087,0.6920124934712037,0.46872224379143923
ENSG00000123329,0.030854387016874103,0.17130176478128845
ENSG00000166986,0.3393941521197058,0.4813997695682434
ENSG00000166987,0.8425944961906662,0.8632133164249022
ENSG00000166908,0.14562778197896048,0.36536239406466586
ENSG00000178498,0.2297076265364457,0.5702821653946208
ENSG00000240771,0.3245911786043032,0.3246360091541026
ENSG00000135454,0.017406576824490337,0.049126580944703784
ENSG00000135452,0.8872239071086698,0.9676084214973039
ENSG00000135446,0.5739632320740012,0.7188559224046623
ENSG00000139266,0.09473100594187417,0.17744734860230166
ENSG00000037897,0.44968448713733544,0.6433877932613236
ENSG00000123427,0.49919553696654306,0.41428963578075895
ENSG00000123297,0.2287013368702782,0.384869750120611
ENSG00000133641,0.040461761681429786,0.14953206534505842
ENSG00000158113,0.024208566262873522,0.01929014778779006
ENSG00000176383,0.4771486079490721,0.998364451361271
ENSG00000139719,0.2293586623733675,0.7487564327222741
ENSG00000166130,0.018762319265080617,0.1343776078761535
ENSG00000120802,0.00151986394438374,0.010035827853179262
ENSG00000139194,0.006318640754732608,0.03910878881307751
ENSG00000139182,0.695593278908702,0.23889070810834723
ENSG00000166268,0.46158768474668255,0.2477502182716338
ENSG00000135643,0.12067213627826509,0.26058451147938977
ENSG00000175899,0.07336377469713093,0.21799465896761205
ENSG00000166148,0.6033576762832054,0.4611173440291495
ENSG00000110987,0.8507826678827972,0.966001310450503
ENSG00000174099,0.889198280018693,0.9261625902325679
ENSG00000235162,0.6313057882078073,0.5845239235227355
ENSG00000284791,0.025629319340730327,0.03199067576611815
ENSG00000090612,0.8099002798591449,0.7034389459172206
ENSG00000127334,0.2008734890640329,0.2816072676368319
ENSG00000136051,0.11358362934811088,0.3557937879847879
ENSG00000139620,0.22680351558002668,0.8290739436301598
ENSG00000111700,0.006347948159694783,0.002405288260862248
ENSG00000111271,0.7990266049743363,0.4553465520554023
ENSG00000133858,0.08627346207263152,0.1586275373950272
ENSG00000139350,0.0022649833948454132,0.036081536133146096
ENSG00000111077,0.12018896724068913,0.167408082712237
ENSG00000002016,0.5705836273839908,0.7338570817806926
ENSG00000111684,0.3724920196676136,0.2791871313450577
ENSG00000159403,0.8726961920270745,0.9348445402023244
ENSG00000139197,0.9414129579313482,0.42534796965525656
ENSG00000139438,0.05647056213366133,0.33796611021996537
ENSG00000111199,0.5743296299299169,0.696067314683253
ENSG00000139433,0.4357602569095025,0.2914766997534298
ENSG00000083782,0.7795523917363484,0.7628425314046909
ENSG00000139329,0.5912175887718965,0.4154765943311415
ENSG00000011465,0.1442011887186475,0.17878161072018114
ENSG00000111775,0.06616026887466232,0.2707189358676815
ENSG00000170855,0.013953805514927295,0.04631546614940846
ENSG00000257218,0.4233537753906538,0.9233505463833275
ENSG00000088986,0.00028323825369263954,0.004552968154276777
ENSG00000110871,0.06456143140478969,0.10217091760613338
ENSG00000167272,0.06797244500017839,0.7154409559079595
ENSG00000139537,0.029175358398610178,0.08661087237095445
ENSG00000134285,0.8128051757332206,0.4652892159480093
ENSG00000167550,0.23028580292843798,0.22890967761531575
ENSG00000123416,0.00020343843435024578,0.010650713987080307
ENSG00000134287,0.05598060750758178,0.3911261987717797
ENSG00000111652,0.06957699206220376,0.5571969204174542
ENSG00000089692,0.7541296701580606,0.8047183599735676
ENSG00000010610,0.1391352894408367,0.1846301758440941
ENSG00000250510,0.06678763300203934,0.202725500569718
ENSG00000110811,0.7013453195913045,0.9827296078420206
ENSG00000010626,0.9603111947180061,0.8054808158722709
ENSG00000111674,0.7127809285743756,0.8773541305682903
ENSG00000111676,0.28667377941057526,0.8807821420025946
ENSG00000111678,0.10952232073320722,0.4125048535718706
ENSG00000111679,0.06836184921796208,0.052519933378579
ENSG00000111669,3.260213227654656e-05,0.011740137727741042
ENSG00000204842,0.11110479816671352,0.3249760880782248
ENSG00000139163,0.19168893271144793,0.17051138262045543
ENSG00000187109,0.2832909994076676,0.5009782878307385
ENSG00000078237,0.10206390410862541,0.4608273722135897
ENSG00000118972,0.9354100967893031,0.682527197039978
ENSG00000118971,0.024385932688891238,0.05111098336415316
ENSG00000135414,0.7904592160532551,0.7145729736216182
ENSG00000205323,0.01949325806363105,0.0833170768744792
ENSG00000123353,0.008494334575296858,0.07613034319352428
ENSG00000123342,0.4153006805602629,0.7549658099689052
ENSG00000065357,0.6574212932573806,0.7739122427780978
ENSG00000184574,0.21260629451138954,0.4738003677418928
ENSG00000111644,0.09833366639843333,0.0829246789885978
ENSG00000111653,0.04361220288328097,0.07545049294943425
ENSG00000159335,0.6887844134309625,0.864676361260512
ENSG00000166860,0.7803121607388835,0.9503264601442317
ENSG00000166863,0.4139130615836478,0.3823253094852913
ENSG00000166881,0.01711393639112203,0.09278347367085216
ENSG00000166886,0.8596111328317986,0.6387061179662021
ENSG00000166888,0.5412232655764292,0.7600971990802879
ENSG00000061273,0.5162669858580542,0.9685552160668364
ENSG00000111424,0.4659838464773485,0.2762204242291128
ENSG00000134291,0.19908406145080645,0.493455062779255
ENSG00000139219,0.6666843373943179,0.49743480795741646
ENSG00000079387,0.10990992099142943,0.39592191170613455
ENSG00000086598,0.06117043009879471,0.413238634554007
ENSG00000111364,0.293453400678206,0.5127082798292136
ENSG00000111361,0.06771602206729116,0.21915332870189622
ENSG00000111358,0.09389226287605133,0.33855173061896743
ENSG00000185344,0.5742444837984633,0.8710491318833201
ENSG00000152137,0.08651721861360338,0.06107223149565621
ENSG00000110841,0.02000719537231645,0.12457214419504468
ENSG00000174236,0.1025352797294011,0.2344908691995133
ENSG00000061794,0.002581126987737282,0.11677192353943983
ENSG00000087448,0.03942960491234449,0.09818459237849401
ENSG00000087494,0.022896162961067074,0.09623826812180648
ENSG00000198707,0.5002954741264368,0.9184951820273297
ENSG00000110799,0.3767362617902681,0.490791687224706
ENSG00000198855,0.3728475481099096,0.46553785003298676
ENSG00000075856,0.34253336012941016,0.48086391948564455
ENSG00000136003,0.02251099386723436,0.07216810007286953
ENSG00000183160,0.16617804203887698,0.26348767860830663
ENSG00000134531,0.17213741878739458,0.3210183484884021
ENSG00000063046,0.5209699504762089,0.9937436835676325
ENSG00000139116,0.44601550996649164,0.5764506700959934
ENSG00000184613,0.014836707692641938,0.08693477049400697
ENSG00000111716,0.04338529450173702,0.15810455801399997
ENSG00000127328,0.4871327019501266,0.22267391091826766
ENSG00000139263,0.0873783009168972,0.23608237352847758
ENSG00000161642,0.9690992495430906,0.6732258000520759
ENSG00000177675,0.5893945118465007,0.8621084063536499
ENSG00000186815,0.9015753230360912,0.7942736627676992
ENSG00000110876,0.2188193463804483,0.4084485274064529
ENSG00000123096,0.34640345537743367,0.3094391426252834
ENSG00000110880,0.07864096437314402,0.3015550272717367
ENSG00000176871,0.01387509038142618,0.13987508931078357
ENSG00000172572,0.6823437106680945,0.6458883448563352
ENSG00000123066,0.43098166857596587,0.2599522680609196
ENSG00000134545,0.4333765652879362,0.7041224198414346
ENSG00000118307,0.036045409707598286,0.1970143986737115
ENSG00000205707,0.7489253033086087,0.8576961890312612
ENSG00000110906,0.8992141996144638,0.9083690518088167
ENSG00000151148,0.3839610018850306,0.7531275057567302
ENSG00000139428,0.9720687527003742,0.6571559190574457
ENSG00000033030,0.5331147517124304,0.8446267065867901
ENSG00000111011,0.6959176163621252,0.7357267649961843
ENSG00000184445,0.0408873453258758,0.12993891280617847
ENSG00000182782,0.9712229860023545,0.6435301623759788
ENSG00000255398,0.9996350314018458,0.5038097068801243
ENSG00000196917,0.3391246982352612,0.41697286088687846
ENSG00000130787,0.8240882898046935,0.8646911192482268
ENSG00000139722,0.0622910877260411,0.19517222794650155
ENSG00000139567,0.41329245980758855,0.5007082069863019
ENSG00000135503,0.4024425106537963,0.24917049431036442
ENSG00000161835,0.5872844066092963,0.640989283768931
ENSG00000123358,0.7241313267572672,0.9439665123348173
ENSG00000155980,0.8682755330795486,0.7417161205959695
ENSG00000258311,0.3208336658787187,0.8241036290729744
ENSG00000135437,0.07402097062378771,0.27177522738670906
ENSG00000135404,0.6601356861415928,0.834282605534765
ENSG00000111412,0.39594303818172216,0.27850293663817743
ENSG00000111319,0.3468814087922101,0.08754041830788986
ENSG00000111321,0.0029454540739206323,0.15750876478531659
ENSG00000139192,0.3298384892847558,0.7827842202668414
ENSG00000010278,0.12055549110460506,0.016993936759947995
ENSG00000110955,0.004733228585305137,0.0886905326042997
ENSG00000110958,0.00020144706027161135,0.002647948066899545
ENSG00000285625,0.12675906519726474,0.07638456984897662
ENSG00000025423,0.016374746314438596,0.39769844186349224
ENSG00000196531,0.0013585320029021852,0.013647949536230075
ENSG00000182544,0.00183784689720046,0.015420713454703002
ENSG00000135476,0.0024709010890369932,0.03523133630135842
ENSG00000123349,0.8933545417427935,0.8649043942436903
ENSG00000139637,0.018882837839710544,0.07815147642768852
ENSG00000094914,0.004292451713228984,0.05316975024662804
ENSG00000185591,0.12359410628530933,0.2511631613477038
ENSG00000205352,0.0319362793609064,0.09700739054694184
ENSG00000094916,0.0015017885706379084,0.004595138001512756
ENSG00000123405,0.1020208937530394,0.06290229488193305
ENSG00000111481,0.007431537817536285,0.0943010233557255
ENSG00000139572,0.9298219122853818,0.7565220826467907
ENSG00000111639,0.001114438916002415,0.04208442070427303
ENSG00000010292,0.0010114908100866762,0.055473899903525865
ENSG00000111640,4.621489053246274e-07,0.00037809154031031065
ENSG00000111641,0.0076781079917607265,0.24880637509961936
ENSG00000111642,0.8346513209924679,0.7310699747560159
ENSG00000015153,0.1501822028399537,0.3359123160807595
ENSG00000134283,0.19050240801622206,0.5692310883901495
ENSG00000139168,0.026291939200053602,0.06499945627162282
ENSG00000010295,0.0355071259450421,0.03589630521905071
ENSG00000224982,0.07973290238891274,0.12139239656441592
ENSG00000111725,0.24688058941178384,0.13090025626394586
ENSG00000122966,0.0028104838048424213,0.008984515606871045
ENSG00000089693,0.01979081607978493,0.3820452359378764
ENSG00000215021,0.004753994485713157,0.15438549243402303
ENSG00000120837,0.08875070842953804,0.10971292921137453
ENSG00000255150,0.06660017350790633,0.27129541042801303
ENSG00000135119,0.26060444146804945,0.616796922217686
ENSG00000149948,0.0015371926280118796,0.018327652276228942
ENSG00000111596,0.045929582792026566,0.08668419326746814
ENSG00000139190,0.08269117730259239,0.08653166166609642
ENSG00000135486,0.06489181181934534,0.1276021457056702
ENSG00000174206,0.09239351306948315,0.3214006084926116
ENSG00000184575,0.09351745137933914,0.16190914180296737
ENSG00000175203,0.4068914040699665,0.8315061951748913
ENSG00000184047,0.006739114240422182,0.15137695995664824
ENSG00000111667,0.02019902202760857,0.2532060106429978
ENSG00000127329,0.23537886935491376,0.4701468410445754
ENSG00000139193,0.013545660615939962,0.06842185517859949
ENSG00000166225,0.8309021001761021,0.8219959603599443
ENSG00000111404,0.2944830368313052,0.7344109780924759
ENSG00000173262,0.1868940669512373,0.32583386975794276
ENSG00000076108,0.40449019080518933,0.8647346997981789
ENSG00000139211,0.883783700006571,0.5408966192647717
ENSG00000198015,0.021348450266851685,0.12868024245129983
ENSG00000185480,0.002762937972388859,0.021013214903196752
ENSG00000111665,3.1886695384288095e-05,0.00277438569617734
ENSG00000111671,0.7196280502247,0.985177586403842
ENSG00000177575,0.7934949141886253,0.6223296231532891
ENSG00000183735,0.10383153031263206,0.2797498785096143
ENSG00000153179,0.9292962370804829,0.7218850530395455
ENSG00000135677,0.7050312108788199,0.6951422735373816
ENSG00000156076,0.018743663569904187,0.15568764423834686
ENSG00000174106,0.14241980481429237,0.18444468829435487
ENSG00000073060,0.05721204540077656,0.32166475856602605
ENSG00000050426,0.7296493330936776,0.8372493714294204
ENSG00000110925,0.9607591922622527,0.5586917772869475
ENSG00000061936,0.21037214180760963,0.3802136645757983
ENSG00000177169,0.17672338769056528,0.5268511542957016
ENSG00000177192,0.021887165013760587,0.2987525505869437
ENSG00000198598,0.3075084129859407,0.8572162378551254
ENSG00000176894,0.5603110075223845,0.5217492356321425
ENSG00000112787,0.6574254239501833,0.8830545440119009
ENSG00000231738,0.07766449448261539,0.11220662924326784
ENSG00000166598,0.3084832902301901,0.6055142835651977
ENSG00000204954,0.13358428335939565,0.2212472962520344
ENSG00000139372,0.0016411257735596768,0.012978809965779662
ENSG00000188906,0.1061999461375634,0.22742533554194563
ENSG00000089127,0.006979539648164966,0.08207348988928014
ENSG00000111331,0.03331283664263012,0.4240711995679416
ENSG00000111335,0.07297679687602697,0.23932888970314212
ENSG00000157895,0.03215636092609841,0.3102609674696909
ENSG00000177119,0.22059638022526887,0.6141564842081622
ENSG00000168778,0.9202298170603294,0.8686850580457163
ENSG00000111229,0.013849074306897486,0.07732843627283399
ENSG00000111231,0.15897413127641044,0.46144812664989787
ENSG00000204856,0.30765010724346564,0.6682253740926563
ENSG00000111237,0.22407454322780565,0.3457384910528306
ENSG00000196850,0.003534437711639322,0.03885927416280104
ENSG00000122986,0.028170253632930388,0.025689591720846897
ENSG00000186298,0.025065352058316188,0.1540824074154976
ENSG00000204852,0.6943201187935535,0.685945547655979
ENSG00000167552,0.7491183586874808,0.7548083327479651
ENSG00000135451,0.0034890539563165223,0.028542486519809784
ENSG00000178401,0.17738870451721883,0.4331033034849109
ENSG00000151176,0.02795095896676686,0.24036025592661864
ENSG00000135094,0.5032824354583394,0.7515349789336356
ENSG00000139410,0.042785778103888,0.25395933393115083
ENSG00000089060,0.12338207979011243,0.4403022183917432
ENSG00000111540,0.7067782224567776,0.9519656193115943
ENSG00000139531,0.05144913180862436,0.20282013673851473
ENSG00000123411,0.00804048332169393,0.015796763566577957
ENSG00000197728,0.06806461488386634,0.2013641716083662
ENSG00000170515,0.00023525268716244002,0.010450899800816826
ENSG00000229117,0.37161564024479865,0.6516924644596351
ENSG00000139641,0.7980625655585701,0.9354751921826779
ENSG00000135482,0.9617442431739798,0.9807518166509233
ENSG00000092841,0.2811639374494295,0.29340428493367
ENSG00000139613,0.7001779734874399,0.9520201147848317
ENSG00000181852,0.7064617743517795,0.3637457391912856
ENSG00000139579,0.04985124142414027,0.17179056215268265
ENSG00000139540,0.873483746800779,0.8259633957823189
ENSG00000139645,0.14435031726317496,0.3706523297132551
ENSG00000135469,0.06403137240294472,0.2782511199327145
ENSG00000062485,0.23567372373390758,0.844713035732061
ENSG00000144785,0.04321908028572037,0.20980335103557662
ENSG00000257727,0.13943873977566254,0.32140302809491605
ENSG00000110944,0.30032526002104687,0.548544280003999
ENSG00000121350,0.4095570800236238,0.9201285420546659
ENSG00000004700,0.03779597127716163,0.4194131574324247
ENSG00000111711,0.014491523556054674,0.20419348657810518
ENSG00000134548,0.0015005274650899735,0.008916000056080644
ENSG00000139131,0.0021150733790665506,0.04990362509906281
ENSG00000167535,0.24104850708193898,0.17637435243041025
ENSG00000172602,0.9855872782304063,0.9363402228355223
ENSG00000174233,0.4691821809530897,0.4775885652275116
ENSG00000051825,0.38132935991737626,0.7274492278758742
ENSG00000111328,0.04552349373958957,0.18108217117725808
ENSG00000139697,0.26086454597750675,0.5898440902523846
ENSG00000130921,0.8383491334341112,0.6238637664809201
ENSG00000150990,0.010927528021397867,0.18962753812268385
ENSG00000184992,0.008090873771029754,0.04365339798502575
ENSG00000081760,0.13488145378647923,0.7359755636077006
ENSG00000139233,0.0016636352561919274,0.009237998622782698
ENSG00000090376,0.5920758219494756,0.9377591002233668
ENSG00000110911,0.11108485009203883,0.06175799021337202
ENSG00000135392,0.12911626357814218,0.4581266012078974
ENSG00000075089,0.04315244464727881,0.041035747620845824
ENSG00000130779,0.05177639673148742,0.36025718003439633
ENSG00000196387,0.5455402836166241,0.32226178782015796
ENSG00000074590,0.5662296906543478,0.9483591672888343
ENSG00000121749,0.48517332444265826,0.8007233500877885
ENSG00000186908,0.6712067486729716,0.9111508725096549
ENSG00000120820,0.397417755766702,0.5473887021817386
ENSG00000111052,0.3916593647530784,0.8108923913266185
ENSG00000261308,0.13833580555795563,0.23146689159680506
ENSG00000214029,0.13197887526039134,0.09461059379241915
ENSG00000150977,0.0463101285934691,0.19032635670300413
ENSG00000060237,0.8615506714072403,0.537617243198268
ENSG00000111490,0.9850697302058329,0.9753832621003123
ENSG00000120798,0.9951654653287912,0.7344598928555284
ENSG00000184752,0.004612625550945105,0.01774363841994045
ENSG00000022840,0.01304335754282206,0.03548183891345793
ENSG00000075415,0.02932375236353104,0.1449096601171755
ENSG00000120868,0.40846956800791834,0.6135756325280399
ENSG00000111269,0.6249122947522899,0.5252154459219338
ENSG00000183150,0.01544980431886581,0.14536046116060444
ENSG00000178878,0.23229080867562638,0.3433425860710576
ENSG00000213782,0.0018698742835324964,0.07649982951080711
ENSG00000135100,0.2638434302555976,0.2863656317777503
ENSG00000174437,0.32022211468220435,0.7171669700002592
ENSG00000170473,0.2106343492671502,0.3636549230486886
ENSG00000185664,0.07096171209762626,0.05062476630930008
ENSG00000123374,0.008820142054418927,0.03820696707637925
ENSG00000180481,0.013129212993589318,0.04151839503290627
ENSG00000139278,0.9921267951284126,0.9219188305860749
ENSG00000111615,0.04923774162703154,0.2710388154600147
ENSG00000065361,0.3768781525822711,0.8277031806672377
ENSG00000111266,0.8125854851397785,0.8762568140443521
ENSG00000013588,0.060898925948954026,0.07949198439337517
ENSG00000013583,0.312032256497047,0.8297381169768654
ENSG00000181929,0.2149411728835816,0.61521635134581
ENSG00000111276,0.5307226997803207,0.6834924389226158
ENSG00000089248,0.9835716553871648,0.9138521806936061
ENSG00000111300,0.05490385455318347,0.19280725082841518
ENSG00000135148,0.2334222839873476,0.31856395692230843
ENSG00000173064,0.9940886355256146,0.6945278275586919
ENSG00000139178,0.19590637451932527,0.4332953532766384
ENSG00000111731,0.83442001620264,0.7318008692348927
ENSG00000175197,0.6382889868699959,0.8604290677786628
ENSG00000196510,0.2667892459245937,0.9616939991712103
ENSG00000123395,0.07505022286451414,0.386907389439323
ENSG00000126746,0.033450650963863786,0.3986393409076425
ENSG00000198324,0.20480921706631447,0.5591848986138199
ENSG00000084453,0.2116558441632987,0.6493937870363065
ENSG00000187510,0.3351190232102616,0.761309144282307
ENSG00000090975,0.19098262351561057,0.7023181942926636
ENSG00000008323,0.2851855098058534,0.8599154820895252
ENSG00000136052,0.2981905537418134,0.24746075836677628
ENSG00000136045,0.006950734174390731,0.03770872706430049
ENSG00000110851,0.17171261335898047,0.5333520250260809
ENSG00000197111,0.010263404043300891,0.08027650638690119
ENSG00000139625,0.0021059597838791848,0.004770143932118006
ENSG00000139546,0.011315296083384547,0.15537130998175025
ENSG00000170653,0.6175459357049793,0.7790051647747138
ENSG00000135390,0.0027950395869634796,0.019906260458326254
ENSG00000198774,0.1529613340226422,0.12259047581309539
ENSG00000133636,0.0005173194653177565,0.003127113677607315
ENSG00000139132,0.5297679194725775,0.5687225974566663
ENSG00000118308,0.0029200978176086435,0.011118623109493981
ENSG00000186710,0.15179278152749567,0.3405051511858356
ENSG00000123064,0.04066131311286817,0.202829676029602
ENSG00000139405,0.5118390625398004,0.8072340134977647
ENSG00000166578,0.5370436611125733,0.5548761744089359
ENSG00000135457,0.24378703440338012,0.77387989126877
ENSG00000123106,0.021787797300084184,0.09673803345718662
ENSG00000170477,0.3590078614353567,0.8537759670992945
ENSG00000111057,1.2310040056138352e-05,0.0015445605212724405
ENSG00000170421,1.3572091845175645e-05,0.0011604997370041016
ENSG00000069431,0.903510230681109,0.8826505432192551
ENSG00000139437,0.6896402104700076,0.9770689928727402
ENSG00000076513,0.178971609594702,0.09407775274039315
ENSG00000122970,0.8257473371936197,0.9873013428070178
ENSG00000070019,0.04303792808856924,0.20710877463265048
ENSG00000246705,0.22033851121479184,0.6364954332849186
ENSG00000084463,0.0015627409264828591,0.0752747262701475
ENSG00000111341,0.008475924502248489,0.12530275916566752
ENSG00000139055,0.3119942173127486,0.2978353605158208
ENSG00000111348,0.14331413696032813,0.192095719520594
ENSG00000171681,0.994696872858325,0.7624618416314254
ENSG00000121316,0.04088802792827242,0.18008868073365225
ENSG00000110917,0.9351451865724446,0.8418061088433375
ENSG00000175970,0.9857631852555317,0.8767849818704254
ENSG00000122971,0.347056826191914,0.42292647549082507
ENSG00000157837,0.06274090225395025,0.25818043829425913
ENSG00000167548,0.8168609215981649,0.9482890747694193
ENSG00000133703,0.013283685062895888,0.03683169022638257
ENSG00000089009,0.244887272509489,0.3147433910231075
ENSG00000179295,0.1456731967385294,0.38318899927414185
ENSG00000174456,0.0021429239338972912,0.008107118606707223
ENSG00000139718,0.748082171859568,0.9146605960883272
ENSG00000183955,0.04267472588292284,0.23020256035184622
ENSG00000173588,0.4981471864042364,0.8231732897856447
ENSG00000170439,0.8467658969771908,0.7041481443656541
ENSG00000135108,0.6637828961137519,0.9461510174309453
ENSG00000167553,0.0003997269530561672,0.03318340682284919
ENSG00000150991,0.003920504663421612,0.00837420539982187
ENSG00000089094,0.49512321604043197,0.49182892606898
ENSG00000139436,0.4630738594598883,0.303799795167353
ENSG00000150967,0.9190543008931412,0.9651815822852884
ENSG00000135124,0.6226924609168603,0.3803663494507654
ENSG00000205809,0.023245261789829278,0.017115431106082296
ENSG00000139631,0.16036566682465844,0.3384008663550904
ENSG00000048540,0.007036998056911046,0.04735021508990443
ENSG00000155957,0.7279039166837594,0.8378727624885625
ENSG00000172551,0.059468347039421735,0.02527420580709169
ENSG00000161813,0.14884277530456375,0.5045279844058282
ENSG00000028203,0.45116307155783963,0.5281518579371377
ENSG00000135679,0.39534218179088687,0.49014335347585036
ENSG00000076555,0.13139606921027722,0.4206895866229561
ENSG00000135441,0.5662903471137977,0.44397591004158055
ENSG00000197837,0.4768374955249093,0.5935887306448491
ENSG00000132341,0.0005029543315608265,0.014248670940404709
ENSG00000118600,0.007455613324826272,0.014721615530412398
ENSG00000139714,0.350133329327714,0.6473361206622772
ENSG00000188735,0.6293083164536408,0.656889787265571
ENSG00000139725,4.777155375567334e-05,0.0035303228626404216
ENSG00000135439,0.5186122004939142,0.8537041524333129
ENSG00000135127,0.28197218848861183,0.2708422345977378
ENSG00000111737,0.002593665790605906,0.04919562853961998
ENSG00000089154,0.053111088579603734,0.28436413451198606
ENSG00000089157,0.025865985826138704,0.31577894205099954
ENSG00000089159,0.0007862054270750243,0.012775179700680275
ENSG00000111186,0.9503271367564876,0.4723524019767338
ENSG00000171823,0.0859307410718479,0.5272681149785698
ENSG00000082805,0.1422718079370703,0.6667874521479957
ENSG00000123095,0.44321390565435714,0.6672174167337266
ENSG00000123094,0.2840568156943178,0.39584418002889055
ENSG00000135407,0.5904365159285616,0.9583889279012385
ENSG00000069493,0.009173781868318864,0.02097099864457367
ENSG00000110848,0.012313125285582406,0.08331814226301587
ENSG00000150045,0.7047586916362742,0.8951577712709772
ENSG00000110852,0.7223712525958381,0.8992586384737743
ENSG00000172322,0.019546306901639766,0.09332009484781392
ENSG00000072609,0.3646972191864313,0.9758554192395149
ENSG00000196458,0.6071442002073073,0.6296990796451413
ENSG00000198393,0.1612018213683191,0.1493428676761572
ENSG00000198040,0.6697121281786269,0.7149785368921804
ENSG00000170456,0.1288180156622764,0.15959044887863064
ENSG00000090615,0.8752237902384101,0.6111020491274305
ENSG00000111344,0.05035779022461931,0.4946145496325608
ENSG00000179912,0.7112743398091204,0.825711668757191
ENSG00000197870,0.27134948093539263,0.25252298876260143
ENSG00000185633,0.8456749814321416,0.9388284840944154
ENSG00000139343,0.004547330722485855,0.016046685910876168
ENSG00000135473,0.1840892837840049,0.12051592257637994
ENSG00000050405,0.22975316651700314,0.37256974928557196
ENSG00000170633,0.34195453491321476,0.9150423848564577
ENSG00000111291,0.6749080464074542,0.9440854101344315
ENSG00000110888,0.5802651782838886,0.7095641002382993
ENSG00000111247,0.004465438251162583,0.10310575045078473
ENSG00000010219,0.5363979361691738,0.28681117072703655
ENSG00000139180,0.04094808273450017,0.27888644172236066
ENSG00000255639,0.0066703263828011014,0.21297087206446427
ENSG00000196935,0.00010000430691259766,0.0007521977476476427
ENSG00000185432,0.00042610676539726205,0.006721362148312774
ENSG00000123268,0.1046525227959727,0.33128091062379117
ENSG00000171847,0.7932187008676497,0.8816718121275715
ENSG00000196465,0.024795076368478986,0.19731842004884637
ENSG00000065970,0.41938331205881374,0.9978799650657476
ENSG00000171860,0.3421603237850282,0.41180870507810596
ENSG00000089818,0.09002313902388805,0.5468106713013536
ENSG00000111729,0.04459148614483003,0.11242775098708775
ENSG00000129317,0.7261653833161781,0.8894470223130397
ENSG00000151239,0.005211757406033551,0.05196535054245963
ENSG00000198001,0.9421548502267099,0.7348904974239288
ENSG00000064763,0.1311931802394046,0.04539883242788796
ENSG00000087502,0.027146956035244908,0.28518078778910816
ENSG00000084444,0.22826419546918103,0.34463427754597364
ENSG00000167767,0.014270325347867631,0.21072029092947808
ENSG00000135480,0.0017870293033622935,0.011467129894370454
ENSG00000170442,0.00767245060114042,0.013579526838592766
ENSG00000205426,0.00028163470270809,0.00045893425142500845
ENSG00000170454,0.7484429432607613,0.6376636359590839
ENSG00000185479,0.0022066182324701356,0.011746591122791573
ENSG00000170465,0.0013398143715028113,0.004488694232477468
ENSG00000205420,1.3877662360696788e-06,0.00030542768008721955
ENSG00000186081,0.37364307511034067,0.7278634650169501
ENSG00000155974,0.045548733007520166,0.047820388631315325
ENSG00000198431,0.004416423331788053,0.061643580437112065
ENSG00000110921,0.782539864771822,0.8320421014455429
ENSG00000111215,0.2793802619023189,0.3422702571978749
ENSG00000111602,0.013488174597256573,0.08572828582228051
ENSG00000170581,0.6315355685355077,0.951995592620355
ENSG00000067182,0.003952909374037675,0.1367421260694263
ENSG00000029153,5.973425585247412e-06,0.0012785385905243912
ENSG00000119242,0.2910823192930525,0.3208716717291603
ENSG00000179195,0.8647879983932201,0.9259595623683942
ENSG00000196498,0.19424428418222026,0.7933814865366494
ENSG00000187778,0.05962924776818108,0.36411991889736783
ENSG00000110844,0.5087381468868535,0.49588967025419317
ENSG00000161791,0.23059711999565208,0.170825161962441
ENSG00000182196,0.5301443255792717,0.6489824955465643
ENSG00000182326,0.9693639398316743,0.8710937254341394
ENSG00000123364,0.6360735980335883,0.5604126044247257
ENSG00000123407,0.10744087418062703,0.18915903822662253
ENSG00000123388,0.2847424148839873,0.14704485645489246
ENSG00000180818,0.3399331414610482,0.3790990013496993
ENSG00000197757,0.020454740912187273,0.01872877587303195
ENSG00000180806,0.15631323217864154,0.29302155999053636
ENSG00000276045,0.3737370243772741,0.5541611280090301
ENSG00000171840,0.01930314077586912,0.026651145589400422
ENSG00000004478,5.972963466477019e-06,0.002167301984400163
ENSG00000111203,0.27222212958306113,0.06542030382676663
ENSG00000053702,0.0407828255522028,0.05653232734991809
ENSG00000111206,1.729550238029353e-05,0.003833098014123929
ENSG00000171792,0.005860596376100289,0.1570867883111862
ENSG00000078246,0.15934254389540714,0.9241576231290329
ENSG00000197905,6.638068988433099e-05,0.008778727590486313
ENSG00000011105,0.8472436598754701,0.2590071385610823
ENSG00000076248,0.00363056995946837,0.07288284739859718
ENSG00000111325,0.9297714680285806,0.9486294568184875
ENSG00000135114,0.014530936568468138,0.08796472330110841
ENSG00000177084,0.5064322003126457,0.993108740330154
ENSG00000189079,0.9034657221919413,0.8445160959959174
ENSG00000139636,0.6325682065471736,0.5939602007638551
ENSG00000057294,5.392165853661193e-06,7.89387672055298e-06
ENSG00000135506,0.9029452722704121,0.9606788748407805
ENSG00000174243,0.016886569019212636,0.1422162833209087
ENSG00000126749,0.07725664947496971,0.26787910353086763
ENSG00000185163,0.8605190542108551,0.6940050776300095
ENSG00000184967,0.01649884974001114,0.134988646734208
ENSG00000183495,0.5263602143101693,0.8021935190722116
ENSG00000087470,0.018456814206440905,0.1307038400729626
ENSG00000111537,0.8339058659943523,0.9107593425680653
ENSG00000111554,0.9302800027825257,0.9079591690258888
ENSG00000178882,0.010059714393882252,0.03255420479630549
ENSG00000198353,0.11386213343826872,0.13635382957873404
ENSG00000123415,0.0049708228690597865,0.047075493122071606
ENSG00000256537,0.2865811820209181,0.7413501627706094
ENSG00000111012,0.678363663814096,0.6341545649893485
ENSG00000111181,0.35588482413732536,0.3603786590969015
ENSG00000073614,0.45004460693929293,0.992509092403861
ENSG00000120647,0.10636687790938824,0.6141279388800769
ENSG00000017427,0.5044077140363408,0.5357203305695427
ENSG00000067715,0.1322122387892525,0.6145994057769881
ENSG00000176915,0.26610801235583964,0.6187181639097895
ENSG00000247077,0.13866799314068104,0.8412470978903954
ENSG00000139323,0.045143294656900354,0.1937866630361369
ENSG00000259075,0.4638006361097733,0.21039832514372925
ENSG00000257594,0.011672898876949347,0.05005853938671046
ENSG00000070961,0.009703331289151018,0.02036025867108317
ENSG00000121361,0.7368899074739701,0.7103591116323185
ENSG00000151746,0.03828305154618667,0.1773651634989975
ENSG00000018236,0.16195387087624502,0.18395794422993414
ENSG00000110900,0.0020120852621480583,0.00239945950790654
ENSG00000013573,0.04858563985200102,0.23744277165101546
ENSG00000139146,0.3636524446708176,0.8277755373919053
ENSG00000111796,0.0013475014523740907,0.024960027588772075
ENSG00000123352,0.004704798825092411,0.05646550157293696
ENSG00000111450,0.7543110909802847,0.674878310239236
ENSG00000089163,0.04379672415067457,0.156278253895652
ENSG00000170890,0.007543527552704572,0.09153625923770908
ENSG00000135097,0.44045827861981557,0.5518772870581414
ENSG00000111786,0.001942039846281485,0.03219406368864768
ENSG00000111432,0.542859479074946,0.8933749384597581
ENSG00000198056,0.009192040898845195,0.061532000362960276
ENSG00000139154,0.5334357202362425,0.9191014869254918
ENSG00000052126,0.5861307493820653,0.8412973322321966
ENSG00000134533,0.43506733592777025,0.6107041044915738
ENSG00000139289,0.09021326915359229,0.08307890779914898
ENSG00000177981,0.4466020309163179,0.38007186778820845
ENSG00000177875,0.04663892427047588,0.10753004866359185
ENSG00000167528,0.22169012086229054,0.165640246050766
ENSG00000135424,0.7795638226880228,0.8424653244173474
ENSG00000060709,0.7620672020121302,0.8001783874937204
ENSG00000133687,0.7406568122976335,0.8884077555508304
ENSG00000160072,0.08310584234337613,0.6250667937539648
ENSG00000142611,0.006507037485914041,0.03919538442068756
ENSG00000157911,0.8939048536273179,0.3492923092490806
ENSG00000142655,0.9192881106875614,0.7274904063166581
ENSG00000149527,0.22227347899014724,0.21808345269604976
ENSG00000171621,0.3237670473019381,0.1167598496990772
ENSG00000142583,0.6082025438430942,0.7621055713581382
ENSG00000116786,0.6350536056595186,0.28024122343953295
ENSG00000173614,0.7701796897725979,0.681116360870458
ENSG00000142606,0.681981847334857,0.5480315066909376
ENSG00000171729,0.06296185078892515,0.17815123129252275
ENSG00000037637,0.6616273681411339,0.785998646436467
ENSG00000159423,0.19074529073153468,0.20233959375610358
ENSG00000011021,0.04535964604610318,0.07290945987253179
ENSG00000157916,0.33837651227973625,0.770603429956874
ENSG00000157881,0.993027401793928,0.9353526092438248
ENSG00000048707,0.03701705457895291,0.21684740263396168
ENSG00000162444,0.2886505215607052,0.3712062916164619
ENSG00000180758,0.31202690745673745,0.4977035890533772
ENSG00000184677,0.18923556360416366,0.38434066518592014
ENSG00000131697,0.5880874306667307,0.49174847870556426
ENSG00000055070,0.22199425064226488,0.7728542681705874
ENSG00000175087,0.00711979129153278,0.04122387865519369
ENSG00000157191,0.5851596734747309,0.4109170273191345
ENSG00000162511,0.48827088322328616,0.6124851411058099
ENSG00000204138,0.6591454999144377,0.8960016108311409
ENSG00000142675,0.15571699370491057,0.10445833876337556
ENSG00000197245,0.1845463132446734,0.24415689190466613
ENSG00000130772,0.21811966661094184,0.33008900617282383
ENSG00000090020,0.9533910512843284,0.7078006222660669
ENSG00000157978,0.1717878373635635,0.31307663569328675
ENSG00000130770,0.7825944002369267,0.9184493029644865
ENSG00000162512,0.4327277178440948,0.3470600806494156
ENSG00000158006,0.6799900630224471,0.5907731050313529
ENSG00000126698,0.19396709025778824,0.45116480991909036
ENSG00000130766,0.45010339781550046,0.5385902198777193
ENSG00000168528,0.18249659093030324,0.44202750360437437
ENSG00000169403,0.6614351805927938,0.5590290345718663
ENSG00000060688,0.3587560308409463,0.8576425562277419
ENSG00000171612,0.1491445646567107,0.19308367189603073
ENSG00000188910,1.3859935171413766e-06,0.0006371617981204526
ENSG00000116138,0.6772004047128221,0.706019257204035
ENSG00000158161,0.44402508123391915,0.39660048316983265
ENSG00000142684,0.8678331820188945,0.4008423221998004
ENSG00000121769,0.2451624722208017,0.1711684319151686
ENSG00000142627,0.011764956571910498,0.005468427941255754
ENSG00000142632,0.11087720418437082,0.12091055779164658
ENSG00000189337,0.0836617022712752,0.11870710667067313
ENSG00000028137,0.23761450692118086,0.2292099223903283
ENSG00000130939,0.9582025646376441,0.6606819458245481
ENSG00000127472,0.2253845614556415,0.25500385653207436
ENSG00000060656,0.6745042119151028,0.9423467113446629
ENSG00000163867,0.018336247282107386,0.012516738287530542
ENSG00000189280,0.014966836718150923,0.08944486533488932
ENSG00000134698,0.052194614957900766,0.09599783197235133
ENSG00000134690,0.0007115778817298725,0.019681238699240385
ENSG00000132881,0.45812924273793565,0.6040430558669558
ENSG00000009709,0.1287893051822692,0.415215869928659
ENSG00000130940,0.015068898606110303,0.02880621753874256
ENSG00000116771,0.021151852193946344,0.09008959747310197
ENSG00000163879,0.00042736530186389003,0.008846284171164101
ENSG00000116954,0.6868922639950725,0.8493088077262644
ENSG00000117215,0.18173100603072312,0.2002787512303568
ENSG00000196449,0.23052934469241204,0.508600040061932
ENSG00000044012,0.003547643908233235,0.017112552076537484
ENSG00000179051,0.037340093905246195,0.10787327611770389
ENSG00000126067,0.004172392506870942,0.030794866865795537
ENSG00000274944,0.169010320550578,0.5742716078735096
ENSG00000132906,0.043983065808481915,0.07890265851284367
ENSG00000197312,0.6858733248214637,0.6539235345666028
ENSG00000173660,0.06625066081861751,0.1668413503134087
ENSG00000054118,0.6437940408648518,0.7694543538508004
ENSG00000197982,0.19157499015877594,0.633208927252529
ENSG00000183317,0.8280251424931803,0.3649106131843489
ENSG00000183386,0.01598349813717505,0.12487468986773273
ENSG00000158315,0.23730207638523435,0.5487432697587031
ENSG00000204084,0.007143623507072276,0.0305831556848722
ENSG00000186973,0.4731493134252648,0.7012893220664201
ENSG00000146463,0.9550641828506131,0.8734726460228524
ENSG00000183520,0.37671680597778334,0.8322097769577206
ENSG00000142686,0.9239587662406755,0.8991557101555009
ENSG00000117000,0.6536499990641171,0.6318434671764952
ENSG00000092853,0.003595596635123978,0.05659537163584529
ENSG00000134697,0.5381289769503224,0.9543706179353801
ENSG00000187513,0.638945817612941,0.7939145289248326
ENSG00000116151,0.916994359347527,0.897110336515508
ENSG00000006555,0.47215319090064356,0.5024143112110915
ENSG00000066056,0.9667465669965045,0.6890428021222454
ENSG00000214114,0.7123736612139129,0.3822593081434613
ENSG00000117016,0.26455602345346585,0.2915712224144615
ENSG00000121310,0.06835401039897478,0.09370661883648147
ENSG00000169213,0.02797676755180067,0.08580482225106836
ENSG00000163866,0.5258866673657617,0.68258005797802
ENSG00000143001,0.7598230095635514,0.7952607112088022
ENSG00000117419,0.7506127195108288,0.8692397883797865
ENSG00000162384,0.08845822458802892,0.035043937293324195
ENSG00000174348,0.3375608232116852,0.5180027411550234
ENSG00000117859,0.7892862703986671,0.8094658411687181
ENSG00000253313,0.005446239287911473,0.047740315823195746
ENSG00000162396,0.5492168508294155,0.6949867912272367
ENSG00000203995,0.9855456093526385,0.6294781589440663
ENSG00000162378,0.8229018994313597,0.9382921617710817
ENSG00000117862,0.1609093591329927,0.20760800898665774
ENSG00000183431,0.5432573253103656,0.6456226990657474
ENSG00000243725,0.017991647722412508,0.020541627301465578
ENSG00000162407,0.812950901308434,0.9290134264510782
ENSG00000163877,0.5329429370251113,0.7135806696558717
ENSG00000157184,0.7042324756481435,0.5994247997770157
ENSG00000198815,0.4574555184904584,0.398551139609871
ENSG00000134744,0.8489280724133138,0.8841757753976882
ENSG00000162385,0.28449018953551714,0.37724132412023326
ENSG00000123080,0.9096969224401853,0.3537706133104541
ENSG00000162598,0.03452457430020854,0.08124855028021655
ENSG00000162415,0.15046868257742993,0.2611507015100818
ENSG00000162600,0.6064230834702589,0.9697415151340322
ENSG00000116704,0.049199298459168345,0.07530727749020792
ENSG00000157193,0.021631795060416747,0.0201128436214197
ENSG00000116205,0.5382874509839494,0.643690959033419
ENSG00000198841,0.5605054520736144,0.6389504379885407
ENSG00000116212,0.005927530596308058,0.05598988811992909
ENSG00000132854,0.8818996274858807,0.756243395604813
ENSG00000162607,0.028492906337254383,0.0686198886786558
ENSG00000154027,0.6560411598646689,0.7117510904706114
ENSG00000137960,0.396993279509667,0.4389836691801968
ENSG00000116675,0.3665468203843413,0.8640695608645842
ENSG00000162433,0.006081077536366492,0.03235473584729832
ENSG00000213625,0.32389852523985424,0.6722727537926649
ENSG00000158966,0.43938401243425484,0.6034080427851268
ENSG00000203965,0.942104950585214,0.9663327586371607
ENSG00000153898,0.02244094517344944,0.068837990348882
ENSG00000117069,0.6135617736694284,0.9389174792365617
ENSG00000125703,0.9632682518984389,0.9583951134879249
ENSG00000162618,0.9246856157327143,0.9272456991111926
ENSG00000188786,0.612915193654074,0.37880486415940706
ENSG00000066135,0.2653498517064004,0.2204818195811862
ENSG00000117174,0.46838682907294904,0.6919388957888062
ENSG00000122420,0.7601917363194329,0.7759756036163873
ENSG00000143013,0.8487917256110076,0.5983052475937878
ENSG00000134748,0.9624752682070048,0.7993387740988607
ENSG00000142892,0.39200564860300247,0.3278624781199536
ENSG00000184005,0.2330490857629455,0.2576034650717529
ENSG00000116641,0.11171211533505662,0.2756076406131648
ENSG00000172260,0.026606837978930365,0.1377687532220906
ENSG00000117480,0.0007941917060193811,0.0057176577148137986
ENSG00000137944,0.6782306556017681,0.5673937399007202
ENSG00000182183,0.07881129102977769,0.2403403829856564
ENSG00000067334,0.023651448584153138,0.05252524741106965
ENSG00000142949,0.9130658466554441,0.9651805269259837
ENSG00000116133,0.40552534818707076,0.6240645272550922
ENSG00000116157,0.6645789525401171,0.7079577894525024
ENSG00000143036,0.40684153563688474,0.6220620314787583
ENSG00000065243,0.3746517787490622,0.5613654266434558
ENSG00000117528,0.6794848808542383,0.8303487076108309
ENSG00000172339,0.6566176696663308,0.5130889169811396
ENSG00000036549,0.6637631076486151,0.9940257081373843
ENSG00000058799,0.7538318217029529,0.9886003382848053
ENSG00000203985,0.283161597649046,0.28756035751597925
ENSG00000189433,0.007730020483578629,0.046730638282322455
ENSG00000179178,5.080727182898158e-05,0.003692869059142922
ENSG00000142700,0.3164126243990684,0.28209931367330837
ENSG00000127124,0.8262279864503266,0.8726791773722411
ENSG00000162604,0.12344825666836336,0.13809469741286307
ENSG00000116171,0.6771191408087731,0.4178541757378258
ENSG00000137936,0.00012330170167842967,0.0026818526093814413
ENSG00000178028,0.08860693279607522,0.26062553269638056
ENSG00000168710,0.7921483163088983,0.7839377932463887
ENSG00000117519,0.729805878809907,0.5127282773120903
ENSG00000134215,0.20123751386211994,0.06818955267426934
ENSG00000188641,0.5348512042915529,0.7978716450311045
ENSG00000152078,0.43909249836541997,0.8191856502115885
ENSG00000171492,0.9752896803308012,0.6665573432548884
ENSG00000170989,0.1769411982816672,0.35580183288092215
ENSG00000116299,0.0011361079848129128,0.005724447884647114
ENSG00000137962,0.5864385164503495,0.5170800288181941
ENSG00000079739,0.03530782229049184,0.20368812461588107
ENSG00000117154,0.7989174416395899,0.7913190852923164
ENSG00000162377,0.04365177808213865,0.1443043452635718
ENSG00000116774,0.8659450488650157,0.7198288128426973
ENSG00000023909,0.03310554850404468,0.16645217632028383
ENSG00000069702,0.9713867858664794,0.7398704462241525
ENSG00000198198,0.07946807025945185,0.08993525416315679
ENSG00000116793,0.3126416722638159,0.5107616861267688
ENSG00000117525,0.41599210023922595,0.7098357676971552
ENSG00000162692,0.881331962707392,0.8081279888279
ENSG00000122481,0.6560933578459456,0.4661379884340371
ENSG00000198162,0.38277810694838743,0.4789376075588275
ENSG00000171517,0.0800328793436013,0.12099980876877237
ENSG00000143079,0.4992981413565952,0.973766567215777
ENSG00000143093,0.5961844937667613,0.5074065267055226
ENSG00000085491,0.2046628092893177,0.23340070862232926
ENSG00000173947,0.014013414886070458,0.18578233602387592
ENSG00000134198,0.220580469910356,0.1293720483928306
ENSG00000198799,0.3814780183992803,0.8371576259548387
ENSG00000117620,0.17556216862267515,0.39651253710515777
ENSG00000162688,0.26043644260122056,0.2691629459505213
ENSG00000185946,0.1137375527898879,0.3790350525751095
ENSG00000162627,0.004119866479550955,0.0060384399953286524
ENSG00000162695,0.178315848153527,0.31915564296231974
ENSG00000265808,0.2250297989528032,0.3680404193163733
ENSG00000134247,0.010641623898828733,0.0367782639772293
ENSG00000116752,0.04246465505811035,0.0635771727257909
ENSG00000162664,0.4481195857107074,0.7147488689540881
ENSG00000134253,0.6218790656743103,0.4997003790824799
ENSG00000173218,0.002763109383807556,0.04640939208484332
ENSG00000183508,0.0005702657756924544,0.003955173520834634
ENSG00000143398,0.7368353750002983,0.8754687535592954
ENSG00000196505,0.5572667336166828,0.816783162361439
ENSG00000065183,0.041608886285499955,0.24575887529098175
ENSG00000163393,0.133653569862506,0.5389343988477042
ENSG00000163156,0.2771164835726905,0.20898703216632414
ENSG00000156150,0.3939319612222487,0.4539482015616868
ENSG00000197323,0.5088287803476885,0.5575664509359395
ENSG00000079335,0.08923243760548236,0.20576605472385978
ENSG00000143119,0.12323021877878577,0.1629140335049898
ENSG00000171943,0.33847988985949107,0.29306508733015024
ENSG00000155761,0.4237010815929251,0.8312290605546659
ENSG00000116830,0.10522057541129694,0.4964201329753909
ENSG00000081026,0.09368460674976073,0.16855096011817372
ENSG00000143458,0.9281883956693073,0.32876488220241523
ENSG00000163155,0.6465872932832322,0.9610777462535318
ENSG00000116824,0.010503956739929841,0.06282379325238871
ENSG00000024526,0.0003664377259485634,0.006287099888854918
ENSG00000117262,0.3286647126804536,0.48221255031622456
ENSG00000137947,0.7706814335346193,0.826026496816734
ENSG00000117586,0.354937138690678,0.7812940660733334
ENSG00000184371,0.4259100540314755,0.5901686121655931
ENSG00000163154,0.051017428005434906,0.10809694063444912
ENSG00000162729,0.09913648845283213,0.030616862569630143
ENSG00000143158,0.2614357768164671,0.07387780244353571
ENSG00000271092,0.687645574022024,0.5946101863035123
ENSG00000000460,0.00633510487360593,0.02893423304649471
ENSG00000135862,0.02189831043773102,0.06683619033721312
ENSG00000143198,0.018630735327472534,0.014971975358051793
ENSG00000143621,0.1005019964583882,0.29196267398116726
ENSG00000143155,0.034713200136107535,0.055485408390546706
ENSG00000143156,0.3513935463481932,0.6360043647236997
ENSG00000198771,0.016077176231356523,0.04079424499624713
ENSG00000213064,0.8007573482392438,0.9325896564953403
ENSG00000143179,0.0003176902093393091,0.0016576296154754233
ENSG00000143315,0.4514865771873432,0.6503789628158622
ENSG00000143185,0.0406278800869798,0.41937836095807
ENSG00000143190,0.47975849224736755,0.6533678743807703
ENSG00000075945,0.6248710659490317,0.5140298186057437
ENSG00000092607,0.8476954277943212,0.21824783506794102
ENSG00000117091,0.017303219311399744,0.09770551793424502
ENSG00000143171,0.09602216297270934,0.39845506896533145
ENSG00000047410,0.5646936665143316,0.7572506651037819
ENSG00000171806,0.5907492133012251,0.24637602183072524
ENSG00000134216,0.013772044588648502,0.0820864975020085
ENSG00000162694,0.09670414994702467,0.18943946701950753
ENSG00000118197,0.10337843233575658,0.046451039014776534
ENSG00000135842,0.12355334806631257,0.27678946935261917
ENSG00000058085,0.00042579737514866924,0.017867691827509035
ENSG00000116815,0.5103224567189506,0.5020280216245787
ENSG00000143167,0.47873502579425,0.22798344000157852
ENSG00000143184,0.35992296560863957,0.9244025514570058
ENSG00000143228,0.0016524719919324327,0.012642907216870595
ENSG00000174514,0.05333827055142879,0.13876887373513083
ENSG00000143178,0.3238364233259682,0.49324176763631533
ENSG00000116833,0.5378359510168231,0.2635768737698843
ENSG00000000457,0.24136437574204989,0.59222056368164
ENSG00000143507,0.5692883683543639,0.596783880808845
ENSG00000157064,0.173214433902915,0.10879228654450682
ENSG00000059588,0.5620482209299886,0.4361424068959413
ENSG00000122224,0.0003152813409285501,0.007684267402845796
ENSG00000162782,0.8842501459346902,0.6743086699065683
ENSG00000143653,0.08056188994617056,0.13818868084259472
ENSG00000158711,0.25837934104914895,0.14594707681670469
ENSG00000162851,0.5491508263994386,0.9374652437790599
ENSG00000143353,0.7475012930182934,0.6292947414843123
ENSG00000197965,0.10448129741617367,0.23129953773285702
ENSG00000143493,4.6579732996580034e-05,0.00024339706138071945
ENSG00000117592,0.08225218035146738,0.07731221689101513
ENSG00000186197,0.3741206178756634,0.1661914489306326
ENSG00000007908,0.9835909242987274,0.7115995587419931
ENSG00000092978,0.3388057843834933,0.6323120050745688
ENSG00000143499,0.19742131813042768,0.4004433639480872
ENSG00000188404,0.7127832101699374,0.8548619264835287
ENSG00000143196,0.3381612476986898,0.7057230969384701
ENSG00000203697,0.5104162940063134,0.9143481557628779
ENSG00000116574,0.8795810847843121,0.6903047602429677
ENSG00000121481,0.06910106694234978,0.1584545478298053
ENSG00000143248,0.3970648168508001,0.3260169199244168
ENSG00000116132,0.08272588398525078,0.17395412556609902
ENSG00000116679,0.9211700487076033,0.6995491619119949
ENSG00000143476,2.5525045918248862e-05,0.0008688315829625901
ENSG00000121486,0.5012271183544587,0.3973752092578873
ENSG00000057252,0.5056991768409338,0.7596680160380666
ENSG00000123685,0.21764967269525642,0.7474634578940916
ENSG00000162852,0.22135918062696933,0.3023213352989178
ENSG00000143842,0.9594532968939192,0.4195577164696065
ENSG00000116962,0.011466940252250311,0.059969842060275745
ENSG00000181450,0.10940022490841764,0.11319788931204296
ENSG00000120333,0.0419543069251469,0.06114313027044402
ENSG00000143355,0.8213279672628403,0.6065986507344802
ENSG00000121644,0.34317244927559154,0.3157759452336652
ENSG00000174502,0.2037852198686639,0.261418462016528
ENSG00000158715,0.3378163511472398,0.652435477664624
ENSG00000162849,0.9947864803492984,0.62084981014347
ENSG00000067533,0.24739627360872254,0.2195872292994076
ENSG00000116209,0.26762586010435974,0.4191922775904252
ENSG00000116161,0.004041421251831667,0.005820010654410464
ENSG00000152104,0.3612269548306024,0.5891245867836354
ENSG00000117650,2.962427408469028e-05,0.0007076120568419533
ENSG00000203724,0.5076959540375212,0.4540996095534693
ENSG00000158764,0.29123135478256035,0.3496235670278599
ENSG00000168118,0.7458844644484348,0.8981346700573688
ENSG00000173726,0.48292703722019914,0.5597269877804851
ENSG00000152382,0.8731367553491027,0.9400762072105621
ENSG00000135829,0.5722872134256958,0.9937234999143808
ENSG00000134717,0.6136231770973322,0.6533645402509196
ENSG00000116668,0.13804064909996133,0.18592324983002592
ENSG00000143756,0.09653471234405595,0.23248939869041682
ENSG00000143207,0.7116906622552946,0.6830825175051236
ENSG00000026751,0.2106084200770159,0.2912185321354936
ENSG00000150681,0.1325786526626973,0.23828318355394268
ENSG00000116906,0.24923299333552504,0.4686747093159652
ENSG00000092969,0.19052076410143073,0.07811832512935175
ENSG00000157181,0.6620625371284885,0.40930074043293363
ENSG00000076258,0.024665013034176474,0.29306057010085496
ENSG00000117697,0.694079574366557,0.9647228209549266
ENSG00000143641,5.998630282960522e-05,0.0014957964276152648
ENSG00000010932,0.6160975144787817,0.9322255686357527
ENSG00000010072,0.20794260929527308,0.47781272663076746
ENSG00000135766,0.002179272270547608,0.011733193421559537
ENSG00000168243,0.016151690302648507,0.10415424229485945
ENSG00000170382,0.14722304702444994,0.08585297693187453
ENSG00000066027,0.1693497625942183,0.4638293817063758
ENSG00000094975,0.3810583794234065,0.27515005330095516
ENSG00000162772,0.8829674774603287,0.4183830096112551
ENSG00000135828,0.5626618578602725,0.2709800377946576
ENSG00000076356,0.09474013199074204,0.22561669550252625
ENSG00000116711,0.3614004192998156,0.42209970737801505
ENSG00000143845,0.7738656326870664,0.5958320356085234
ENSG00000123684,0.0012735721421354444,0.012043570331515485
ENSG00000117707,0.7405074566587699,0.8533349324729906
ENSG00000123836,0.3908223602135098,0.779859005399806
ENSG00000117691,0.35570586856921416,0.477798983475182
ENSG00000287856,0.000273640114048587,0.001944664225101904
ENSG00000203705,0.7231659738005469,0.6399289477046988
ENSG00000174175,0.02979717467202104,0.06821166364920474
ENSG00000171161,0.2931826583765988,0.2572689315923587
ENSG00000196878,0.0536672878581546,0.40947667092574425
ENSG00000133059,0.4204418611424585,0.6014164293900037
ENSG00000074964,0.2168803702268522,0.1610435389955678
ENSG00000116918,0.3372478197924317,0.4939711483359408
ENSG00000176393,0.040595501727260876,0.10620447066778844
ENSG00000174606,0.47924583484861294,0.8951857792727275
ENSG00000179914,0.8474701625257022,0.8555838348129416
ENSG00000235750,0.9958744535695359,0.8535258870225568
ENSG00000116903,0.6721049111383577,0.5568759000456396
ENSG00000151414,0.8364426300346917,0.985290390127569
ENSG00000177614,0.177370400615944,0.21071474083644687
ENSG00000183831,0.08694673076301145,0.3093304540403054
ENSG00000136643,0.26201691883892764,0.6571974388066619
ENSG00000069248,0.7316078984653389,0.9424274768828046
ENSG00000090104,0.23324316728327343,0.37934024847714143
ENSG00000185220,0.6447893489687324,0.9666466557611537
ENSG00000162769,0.6203793306553177,0.5682064377181945
ENSG00000133065,0.2751654635108745,0.4614627517378712
ENSG00000277462,0.65851752482829,0.7902110917200497
ENSG00000035687,0.07392772830304029,0.15394300519783147
ENSG00000180287,0.4637263458538957,0.46001008778540464
ENSG00000163431,0.10482040022438306,0.31277852609790363
ENSG00000230124,0.0638187620328589,0.05588377880641363
ENSG00000007341,0.610453277021809,0.6976923155301351
ENSG00000117222,0.3109287176587666,0.3214709098099143
ENSG00000143324,0.2839719767667114,0.6905366818699135
ENSG00000118193,4.48883725814115e-05,0.0004074087863656534
ENSG00000198756,0.11677212387749104,0.5125518895435306
ENSG00000135749,0.07911876315369107,0.041799272359678806
ENSG00000143786,0.3584035286217825,0.6022210913365282
ENSG00000054282,0.5414745242393062,0.4745161583716111
ENSG00000183780,0.0408142218343156,0.009060545353893912
ENSG00000162702,0.07269543773734502,0.07808475090178836
ENSG00000143194,0.17059761870393603,0.1757549326615863
ENSG00000054267,0.6944898854778878,0.6790409117206879
ENSG00000175137,0.5382939552547521,0.6774498836451223
ENSG00000134245,0.18791408185098202,0.4773515741653681
ENSG00000069275,0.08763177448483567,0.03590594639716766
ENSG00000143674,0.2179581121702397,0.17441886333817755
ENSG00000134375,0.023620740112292385,0.031054331148259028
ENSG00000097046,0.03213711626657507,0.08884414096716575
ENSG00000185420,0.6170425418332179,0.7435872816568092
ENSG00000076321,0.8611600108082974,0.8881975309849441
ENSG00000135778,0.3001448618693566,0.1886779238860857
ENSG00000117280,0.039491199893397,0.22050355353559584
ENSG00000136636,0.03357672923965329,0.11986292841324077
ENSG00000163874,0.16280788763832235,0.45872652201090747
ENSG00000054392,0.44607401263508295,0.24888314503617098
ENSG00000122223,0.17040675298187544,0.3628107768206472
ENSG00000188739,0.024389695016979598,0.2028700345843627
ENSG00000135750,0.034491639466247025,0.05612590454950177
ENSG00000143341,0.15809726386776699,0.302095465707032
ENSG00000162545,0.01754167865847389,0.02377198481918488
ENSG00000090432,0.11216604252998455,0.3298368313287837
ENSG00000158825,0.015756806411591787,0.362149699670281
ENSG00000158828,0.8745010853756566,0.5543426806873862
ENSG00000134371,0.06489687631700854,0.024903206329847227
ENSG00000162630,0.0006815960930012163,0.008260077889104425
ENSG00000066557,0.2363163444729794,0.46400543739897226
ENSG00000118454,0.7994869165885523,0.8518906493591549
ENSG00000116761,0.12289763764148405,0.18711682337397176
ENSG00000007968,0.1250944481225835,0.43583543383932877
ENSG00000117318,0.017909321484802343,0.011969518626737712
ENSG00000142676,0.914557239106087,0.8752727848219539
ENSG00000057757,0.5944824804699794,0.5450692612738516
ENSG00000011009,0.5919245119918997,0.6705231613013874
ENSG00000117308,0.7293482854763053,0.685293505969437
ENSG00000158716,0.7618455760924777,0.5887860099813431
ENSG00000181036,0.0007876727967670763,0.006388515803632956
ENSG00000158714,0.7903699171834464,0.7320283542167887
ENSG00000213085,0.6242449134565359,0.8151208210253386
ENSG00000162723,0.00447675135757414,0.034392062796840484
ENSG00000163399,0.6587647019212993,0.4883121909896695
ENSG00000177888,0.2930387595556932,0.39118544622863494
ENSG00000243364,0.9320781635950219,0.9221534632627858
ENSG00000143590,0.05310371908120808,0.08630824123879174
ENSG00000169242,0.20751588575104898,0.6919796626370787
ENSG00000169241,0.8466091332251651,0.8217100771779986
ENSG00000163463,0.3977337642476426,0.3789303369744773
ENSG00000169231,0.943772406195658,0.9514453994443108
ENSG00000177628,0.29287648094557406,0.2873885316903002
ENSG00000116521,0.12928857920960102,0.38953156757264285
ENSG00000176444,0.6681921922750589,0.49833887056850634
ENSG00000174059,0.7602353946087858,0.7734636283197939
ENSG00000142657,0.007774600888208931,0.055211198345879856
ENSG00000251503,0.27257387501337016,0.4051887854398557
ENSG00000175279,0.7020188134582523,0.6786417446033123
ENSG00000160049,0.764945305049398,0.13609195642671656
ENSG00000122188,0.001508084027349217,0.008412394136618689
ENSG00000182004,0.159529680595602,0.035783294833801105
ENSG00000130768,0.10221068402367157,0.06362737623937081
ENSG00000158156,0.6485171155817354,0.867219158419707
ENSG00000182118,0.03228293889317931,0.05010513295708432
ENSG00000143633,0.029050096126143007,0.08632318611983968
ENSG00000132773,0.9279435243021394,0.6913071743680061
ENSG00000070759,0.018730440183946158,0.11269968048147154
ENSG00000132763,0.2552864690541866,0.09960424594340901
ENSG00000162636,0.20209150399598097,0.2731340693787717
ENSG00000162639,0.8405939285960211,0.7223050281200314
ENSG00000134186,0.9926489793153056,0.8983151718214454
ENSG00000116266,0.31594337180320664,0.4405588894765208
ENSG00000215717,0.9413431001150211,0.9249524459328774
ENSG00000132676,0.02191944754054346,0.046881980692533125
ENSG00000132718,0.1430855778734154,0.29689786253125716
ENSG00000132680,0.9723863332052891,0.7564770100003623
ENSG00000163479,0.7995367602935222,0.9990303660474517
ENSG00000160803,0.35619764457305836,0.4804190547535283
ENSG00000132698,0.2937038015957084,0.5184136062716926
ENSG00000260238,0.11290270659516341,0.05364960897947113
ENSG00000198952,0.5750726025017512,0.8577313957678276
ENSG00000163472,0.2452576376826885,0.8874450041504958
ENSG00000163468,0.0012106795798079537,0.005231741636877801
ENSG00000254726,0.21031532131438757,0.16426761585708263
ENSG00000186377,0.01682262705710546,0.24138692487919133
ENSG00000162366,0.5883222640993656,0.37919197032152663
ENSG00000143061,0.7015819605157259,0.7793205330948527
ENSG00000135821,0.9364493945533829,0.9051059092777225
ENSG00000168275,0.0005491485005147491,0.003082778826404461
ENSG00000153207,0.12030361372768202,0.26275739515196744
ENSG00000156869,0.0008667972254612365,0.002576092292304039
ENSG00000116678,0.41398028896184214,0.44744483048999806
ENSG00000159352,0.05202665759015375,0.06325621741818477
ENSG00000158710,0.24014906233391445,0.1416899834030559
ENSG00000162734,0.586830343924331,0.7755782751313478
ENSG00000049239,0.5381433286433228,0.7903483933723484
ENSG00000186564,0.10629575823738495,0.08654532393968845
ENSG00000244038,0.4993586155492128,0.9519118957488604
ENSG00000116690,0.06740464095077786,0.2491065069009475
ENSG00000126091,0.3663811411838096,0.8972602601713975
ENSG00000162383,0.4585255626045227,0.5335216110955197
ENSG00000171163,0.5744608264769815,0.836756263471145
ENSG00000172456,0.9528817910837111,0.9857428831972979
ENSG00000162946,0.865455624358503,0.9216396769996437
ENSG00000157870,0.875247487747829,0.730556891166978
ENSG00000179085,0.27389518810403873,0.30727808659311034
ENSG00000183347,0.7473470561301159,0.5741213793080175
ENSG00000116685,0.4849200134597538,0.9311781373141134
ENSG00000083444,0.0030928521486939388,0.04621210039704891
ENSG00000116691,0.2776018435638839,0.10862829742401234
ENSG00000162521,0.907918364952155,0.5911190885507762
ENSG00000162520,0.21723287072659925,0.20313692928844396
ENSG00000162522,0.2964182651087826,0.3069040160433865
ENSG00000116497,0.8536273653288653,0.9174199890833111
ENSG00000160097,0.6351783715092262,0.63426620851738
ENSG00000121900,0.507521274018378,0.9049411096262984
ENSG00000143222,0.4158046752687129,0.3419411607957391
ENSG00000143224,0.03856681193442077,0.1984731853661106
ENSG00000158850,0.36897616788845633,0.46298874544732205
ENSG00000158859,0.010300398506014826,0.09674212798383262
ENSG00000158869,0.7396620973357797,0.8518217648662092
ENSG00000158874,0.5303821547250864,0.6555437125605421
ENSG00000158882,0.844812923979559,0.8426473018459686
ENSG00000248485,0.006904279710345516,0.011026882507702949
ENSG00000188931,0.7861744343443989,0.7321379576160099
ENSG00000265107,0.2894873310475969,0.2640566574922522
ENSG00000188092,0.171531888339906,0.0925211604392283
ENSG00000116688,0.9346480899530306,0.4152324643583962
ENSG00000084073,0.7462012252686723,0.44153570786198526
ENSG00000049089,0.054603773534196876,0.13458487388604184
ENSG00000187801,0.9002081015930666,0.8689363810829983
ENSG00000117640,0.06394820743237,0.057259856324639195
ENSG00000127423,0.004580294281186572,0.05399172874756736
ENSG00000182749,0.1701245380922049,0.41333114460560305
ENSG00000117632,0.14219719645536158,0.1863493438011515
ENSG00000187147,0.4067118826722269,0.5696372733956587
ENSG00000126106,0.2557867290215404,0.1643786091091598
ENSG00000198520,0.5973986056771978,0.5739766297423179
ENSG00000142945,0.0004288411059932786,0.007198779400125564
ENSG00000142937,0.44015225010570524,0.3605027839597259
ENSG00000173846,0.47727215865144446,0.49592333648979614
ENSG00000117425,0.0010039684195714035,0.010305790849914884
ENSG00000070785,0.49419760650776845,0.4297565424965424
ENSG00000126107,0.47676544032039914,0.45388979871050783
ENSG00000126088,0.5065463119487424,0.5297630738889332
ENSG00000162408,0.8573974340608375,0.665273688248142
ENSG00000204859,0.030081288045722875,0.07014788406519673
ENSG00000171488,0.8400765609927786,0.697367640069684
ENSG00000119285,0.026221955165847965,0.18502215015421697
ENSG00000117758,0.6036651877556657,0.5261667762667392
ENSG00000117751,0.6712094652107476,0.9860280425910274
ENSG00000130775,0.12654448624669135,0.14290409008255586
ENSG00000117748,0.2980497347557553,0.2200388877898178
ENSG00000117122,0.26541891455211997,0.5768222526595344
ENSG00000159363,0.7183856858422217,0.9953932548514176
ENSG00000117118,0.3036905934176354,0.550257502428661
ENSG00000117115,0.38375062942397975,0.916088468009463
ENSG00000142619,0.19392845529421537,0.2533039410660146
ENSG00000142871,0.08202852325397961,0.15701001712836365
ENSG00000143512,0.009951801846875087,0.2635631424378178
ENSG00000143498,0.014013467640069376,0.11721581719572627
ENSG00000154305,0.979528464530868,0.7690668517273549
ENSG00000186063,0.0856814397393566,0.08889968878746275
ENSG00000162819,0.4628389024487036,0.3929811318006826
ENSG00000187554,0.17640113426511378,0.7222721025825221
ENSG00000164010,0.2457945142261905,0.25702156551219346
ENSG00000164011,0.01618868430864111,0.06985319940979597
ENSG00000154309,0.4505494277666807,0.8305028628715803
ENSG00000143067,0.0038481794098827364,0.03422259915157758
ENSG00000134240,0.39041090810425494,0.6326604549729022
ENSG00000134193,0.8369076784099392,0.8297901920739857
ENSG00000092621,0.11741695604305981,0.08651371009299087
ENSG00000130764,0.90475666023458,0.669706489522695
ENSG00000284770,0.03357671779849315,0.1580621560433851
ENSG00000198837,0.8893037343455275,0.9642450252993999
ENSG00000160741,0.6399898478435985,0.8242936053674604
ENSG00000143578,0.9015416156015743,0.6167571436824926
ENSG00000143543,0.9563480549961536,0.6017113688268874
ENSG00000143545,0.04879711732218435,0.04545577851394745
ENSG00000177954,0.7969172947205113,0.929341636274512
ENSG00000162642,0.7291430886813977,0.5136041687623357
ENSG00000116198,0.6327280575161256,0.36280471569759976
ENSG00000169598,0.5964882805935541,0.8072706948159624
ENSG00000162836,0.12662452237205976,0.10445692920466866
ENSG00000116667,0.015856486896809983,0.22080905729679765
ENSG00000125945,0.39905575473671584,0.20819591673184062
ENSG00000204219,0.017346055683466737,0.041607022110623594
ENSG00000162885,0.9784538284608085,0.7067714644516642
ENSG00000173110,0.03886812693858472,0.01753786922502393
ENSG00000160752,0.00663047998523762,0.01827834745938722
ENSG00000121957,0.015726262600467236,0.07467872770963675
ENSG00000188396,0.05786867503531795,0.1829131086286441
ENSG00000116747,0.4848464412779938,0.7412877503356337
ENSG00000163467,0.10940025644073344,0.23002670505702003
ENSG00000243710,0.09471006850075354,0.4402922245529507
ENSG00000117395,0.03839098904037403,0.10585849155704179
ENSG00000116874,0.010348472941371572,0.09170823257020642
ENSG00000065600,0.23020933133052962,0.3006487215267056
ENSG00000009780,0.023054004697131234,0.06879332816132686
ENSG00000023572,0.0008619352409823649,0.008677634136878526
ENSG00000077254,0.5896927279434594,0.5472976572930035
ENSG00000134644,0.9394827810166735,0.7405151798328511
ENSG00000215788,0.5533050191975847,0.47744160682716386
ENSG00000117625,0.3228721699281478,0.7942187204768024
ENSG00000179902,0.03216455800106799,0.19052920395269163
ENSG00000121766,0.9794370839454324,0.7513956420685638
ENSG00000143157,0.9015709343590084,0.8063452418615404
ENSG00000160781,0.46155104566718275,0.6995914841580352
ENSG00000143344,0.02294176405414944,0.08004637932406011
ENSG00000142856,0.32045459880722954,0.3729874938499107
ENSG00000116396,0.8724108994199096,0.9066147997614291
ENSG00000163875,0.07671695911730446,0.0454235389019237
ENSG00000131238,0.2795514219112293,0.33717372739119217
ENSG00000171680,0.7048458429882818,0.9381057076989295
ENSG00000116977,0.4562476684178276,0.4329604928112548
ENSG00000242485,0.5879877286364885,0.8763434415355981
ENSG00000179403,0.28782923551007006,0.2448030497379328
ENSG00000215915,0.02198109288105323,0.06384572326270374
ENSG00000135776,0.35641951464965704,0.44531564800802614
ENSG00000135763,0.09146859499042918,0.4823395718349479
ENSG00000178828,0.8618237223078682,0.41865894314886043
ENSG00000169914,0.1850202748103104,0.29667236762209065
ENSG00000079277,0.7611026386526792,0.9846896804742208
ENSG00000117407,0.44363906826562294,0.7541841399877784
ENSG00000117408,0.43999603938540854,0.4955500462402035
ENSG00000117410,0.47464887561172575,0.6640927385880349
ENSG00000159214,0.17157469988801302,0.10763789218823369
ENSG00000196517,0.8071092340252588,0.8560387563566205
ENSG00000172031,0.23974375876928744,0.6021756988470632
ENSG00000228594,0.2160551268490447,0.3888788443841955
ENSG00000189409,0.6004675420116157,0.9017787939883952
ENSG00000189339,0.14291910739437946,0.35219120977939833
ENSG00000008128,0.7061233972334267,0.7556167837026192
ENSG00000008130,0.7722683202806329,0.8185881035546606
ENSG00000178821,0.14228858183083834,0.09482908103207692
ENSG00000158477,0.035920752466664894,0.08657555769508624
ENSG00000158481,0.002182614974800852,0.017117927874022335
ENSG00000158485,0.0019031803970265364,0.010096589714039208
ENSG00000158488,0.0018778460730977046,0.01534385761979127
ENSG00000117505,0.07891432124213377,0.26596598357072504
ENSG00000162889,0.8171945327053421,0.9206662768548163
ENSG00000162894,0.002508596921253327,0.025584678004585235
ENSG00000162896,0.017996761536859127,0.20984603622231732
ENSG00000182795,0.062480341404064284,0.23964898720241684
ENSG00000198890,0.2601779149336947,0.22950511560542383
ENSG00000142669,0.20946007053494842,0.3962458391260302
ENSG00000169442,0.01351087025409541,0.06340403401742582
ENSG00000176083,0.3552389014389663,0.9121919276219572
ENSG00000142910,0.9701901567846479,0.8408059386116444
ENSG00000162517,0.36071788439166697,0.5508464798454171
ENSG00000085840,0.000977020407079216,0.026448288784863407
ENSG00000143751,0.5657225293695642,0.7249551534208338
ENSG00000163041,0.9227096552708878,0.5187265204304835
ENSG00000182827,0.25133366041966054,0.44592196907464376
ENSG00000143753,0.1919541091353853,0.38403219065436633
ENSG00000143748,0.9596684940567498,0.8670549339963041
ENSG00000143771,0.5362694511902293,0.19791909714972103
ENSG00000183682,0.5838330535039529,0.9301216876574951
ENSG00000163909,0.9209988743967101,0.4951882846693957
ENSG00000090621,0.5501587277140181,0.9606271713726079
ENSG00000143369,0.15711357471328433,0.20291011497162698
ENSG00000143420,0.37448888183853046,0.17138627122346328
ENSG00000143457,0.8834471863542596,0.49509704222956485
ENSG00000143452,0.12787514143403442,0.32716139683840373
ENSG00000143384,0.026206200114683983,0.011525661314467198
ENSG00000143793,0.5265699808506161,0.8129802693852828
ENSG00000162910,0.7127320016571914,0.7851903115456319
ENSG00000198835,0.7414778707413835,0.9990213436736541
ENSG00000181873,0.8358879620910062,0.7834694806666819
ENSG00000154370,0.11234058326835517,0.22399078469700962
ENSG00000162931,0.28130162064896164,0.2486958314372219
ENSG00000171960,0.41589731012304687,0.49368887504760073
ENSG00000065978,0.010046756678718648,0.03314878522747603
ENSG00000117385,0.014394357453103922,0.07302802738710629
ENSG00000001460,0.2675641682039354,0.6282798568158225
ENSG00000001461,0.17001389238997472,0.2008199552237128
ENSG00000117602,0.7594302649780609,0.405194883038955
ENSG00000184454,0.4527419885360988,0.7087367167949465
ENSG00000177606,0.5788779495518612,0.7048617501596985
ENSG00000116539,0.7551931805520616,0.8390297019007222
ENSG00000084652,0.7963621972048724,0.5477192651057902
ENSG00000160051,0.022332642410833103,0.060232772474929704
ENSG00000183615,0.9866491106010664,0.8722792444886229
ENSG00000116478,0.10805053830478904,0.39282714232206395
ENSG00000175130,0.10349221857099582,0.15310798380958066
ENSG00000162526,0.06703488669505778,0.26451777219917594
ENSG00000168679,0.12741515736610454,0.1331546508254195
ENSG00000134248,0.13808708283877763,0.09641370600738833
ENSG00000198492,0.9347688126439537,0.9493678045469411
ENSG00000253304,0.14944451229817135,0.3757241050246014
ENSG00000116353,0.31973598242473533,0.4342670619166157
ENSG00000136630,0.363351723433729,0.31851946516170465
ENSG00000116141,0.8882492917750016,0.8566681759627279
ENSG00000162817,0.8020172533758769,0.6219982130502807
ENSG00000117593,0.0037616162814687825,0.02290510487262276
ENSG00000135870,0.3395823048462688,0.6069983570093
ENSG00000197852,0.24283133890358674,0.4487648971149706
ENSG00000276600,0.24883956991171974,0.15251122530745614
ENSG00000158769,0.5394801909015212,0.2967743809378306
ENSG00000215845,0.10208159575525941,0.2697210866343912
ENSG00000158773,0.4156523680958535,0.19806695612958194
ENSG00000186517,0.024846766602787226,0.10210789189488703
ENSG00000143217,0.32759011665108106,0.5312118937047231
ENSG00000162755,0.01718242315907887,0.060848531007085906
ENSG00000143256,0.011049588558129226,0.033495464943546674
ENSG00000158793,0.12860007008316474,0.1397718711404126
ENSG00000158796,0.4400023482585266,0.5590370646442431
ENSG00000196188,0.5370689486719257,0.6438248698052255
ENSG00000163050,0.11027966854301177,0.22074408656045666
ENSG00000174574,0.9650905333406923,0.6737437003293452
ENSG00000168653,0.8788459880198782,0.9564990898151411
ENSG00000121931,0.005283169025944709,0.06089046986881741
ENSG00000162777,0.7118970909387281,0.5629079566962969
ENSG00000064886,0.07592586391292908,0.06542231463407927
ENSG00000156171,0.8823422965342449,0.763175976976054
ENSG00000169291,0.034117796330601795,0.07462379840431964
ENSG00000143252,0.13906265895407446,0.17435387661685509
ENSG00000143437,0.669674287517525,0.6196482849559586
ENSG00000143799,0.13480780379766907,0.4535615933771243
ENSG00000158864,0.03322366443970447,0.10590428416205101
ENSG00000117450,0.1848067004000566,0.2550476032331952
ENSG00000132780,0.07708323144883486,0.12690284496432147
ENSG00000159588,0.051731994380023814,0.10189735527292479
ENSG00000159592,0.40132165133133746,0.5396376160162484
ENSG00000159596,0.37328619362147786,0.8238199515307547
ENSG00000143570,0.0702663407581135,0.2129360386124239
ENSG00000142864,0.0009197646260519056,0.02955343393077196
ENSG00000198160,0.9470329647144232,0.9300190611943193
ENSG00000162426,0.41746804950621297,0.12904494781359405
ENSG00000188295,0.1436000895375473,0.3330300800342366
ENSG00000116750,0.003685672386964235,0.04016598550081098
ENSG00000235169,0.1619148276268517,0.11787522042140804
ENSG00000116514,0.6307632311925552,0.6942755846653779
ENSG00000162419,0.26479228707329916,0.34553799717464273
ENSG00000154222,0.7836683181017521,0.6208179792572138
ENSG00000197147,0.7408796446171383,0.6367439055711797
ENSG00000058673,0.7090724458988718,0.7055772886859204
ENSG00000131236,0.438288927424054,0.9158133040844332
ENSG00000081870,0.06872981838774,0.03435273166205816
ENSG00000133216,0.0100813901668094,0.054918749091711745
ENSG00000143183,0.4188057669562568,0.5255559446332951
ENSG00000248333,0.968153836018004,0.6971937406715798
ENSG00000162390,0.5686051861411603,0.7819987971542083
ENSG00000117448,0.05153556997392099,0.044460701621809526
ENSG00000143387,0.8018709691872518,0.7811101700500653
ENSG00000142920,0.04028170001210326,0.09733775131690257
ENSG00000116525,0.04859995051822534,0.11396684264992477
ENSG00000163131,0.08381442127997989,0.11311918375762542
ENSG00000183814,0.00698759814462528,0.031201366782856326
ENSG00000213516,0.8252262533647583,0.9970361014637992
ENSG00000117226,0.8155481273882669,0.7609561246610207
ENSG00000117228,0.05676995803596208,0.10986137041000064
ENSG00000162645,0.15524587229709888,0.12450698620084807
ENSG00000162654,0.7877262747288476,0.7707897551214027
ENSG00000126705,0.6212010858654814,0.4127648506650273
ENSG00000000938,0.10114121439866444,0.16598761726054528
ENSG00000126709,0.2975984227406727,0.42083469587786004
ENSG00000137959,0.20189447753134984,0.20689965491428805
ENSG00000174151,0.37763270432348195,0.7635232941642379
ENSG00000181754,0.0061087352692391125,0.038127610635897924
ENSG00000065135,0.0028410295794057154,0.02404011589045682
ENSG00000073756,0.1777541807563053,0.14614286239736649
ENSG00000153904,0.4334956237189692,0.6355003098139866
ENSG00000155380,6.947558084918436e-05,0.0015887138261665638
ENSG00000134259,0.09481164811056401,0.05126749589317745
ENSG00000188976,0.06640590617306993,0.43388915378258397
ENSG00000187583,0.612461270397937,0.6583984685603347
ENSG00000188290,0.002611164073082451,0.05964650373525035
ENSG00000187608,0.053116290762206225,0.2502442484978088
ENSG00000188157,0.060405614803498056,0.23650416287665538
ENSG00000116221,0.006491470257079973,0.03219637017316734
ENSG00000135775,0.3029322961403801,0.6287264988661874
ENSG00000135773,0.1353563746933193,0.33904505941955065
ENSG00000119280,0.6356207977273174,0.9095815072757795
ENSG00000137965,0.29519047386287217,0.19647296645675907
ENSG00000163239,0.01242020065029859,0.024375376794252734
ENSG00000160714,0.25245363145353583,0.13971861246885542
ENSG00000160710,0.25023990263744944,0.47595112199832035
ENSG00000159658,0.46864227710030837,0.2254450897732754
ENSG00000143801,0.755590503955817,0.873884377036189
ENSG00000132185,0.0009541793951193958,0.030594633489212857
ENSG00000081721,0.13057567892275745,0.09993546676217951
ENSG00000082512,0.3771917909392175,0.7119395989593653
ENSG00000170385,0.2696468554566211,0.23212112398969129
ENSG00000118217,0.09818383387144312,0.08095184609648905
ENSG00000137955,0.816111808576387,0.5793353682335016
ENSG00000213047,0.5247913560923567,0.7341326985506926
ENSG00000117399,0.00010773963527138696,0.003810146425371177
ENSG00000066322,0.28045822380381447,0.3264561334655173
ENSG00000159479,0.6360653923356422,0.5273319516677863
ENSG00000116337,0.3195270728597785,0.5145503887447149
ENSG00000066279,0.0003615726272540213,0.0036370144839772585
ENSG00000117020,0.7201545464756479,0.9625292603589567
ENSG00000198912,0.8504030891435148,0.5329700225806846
ENSG00000183856,0.008106262935765846,0.02629133739291831
ENSG00000163382,0.4073556131817221,0.47654478476565854
ENSG00000132692,0.00013319124350237758,0.013967025729125494
ENSG00000132688,0.03357922712790338,0.14803191775538613
ENSG00000143320,0.9493360325379413,0.6456636716629378
ENSG00000143319,0.04801718849116922,0.13934462778626847
ENSG00000143303,0.8472013668949374,0.9345920455558384
ENSG00000143314,0.26032797623258797,0.4243133251091129
ENSG00000143321,0.017084017828145774,0.1056529242489391
ENSG00000143294,0.11851091751322933,0.11783270317758046
ENSG00000027869,0.3905514027054363,0.49686090932140137
ENSG00000123091,0.7313940626960036,0.8439222384591649
ENSG00000237330,0.3520275879550705,0.8793080584209503
ENSG00000131591,0.02744084106879417,0.3466186142675156
ENSG00000085831,0.17735600734707782,0.27010685272487023
ENSG00000187634,0.3221602024342133,0.18256185800911562
ENSG00000156875,0.5371200625720512,0.7648547095401564
ENSG00000156876,0.017775452298474527,0.11229738720682501
ENSG00000137992,0.4729764361360149,0.3484306960296888
ENSG00000137996,0.004674275699129366,0.048991124188943434
ENSG00000137948,0.05699375561022451,0.15380283437174308
ENSG00000121774,0.00506173464852638,0.028138405727952506
ENSG00000121775,0.18762196698243197,0.48843863623774453
ENSG00000025800,0.8049379019412688,0.8653785310476856
ENSG00000160050,0.5530324565086469,0.5135866625835885
ENSG00000064703,0.6793691176843304,0.7659975874733298
ENSG00000122406,0.8676694132808349,0.6957650838761706
ENSG00000154511,0.1498644337592088,0.2179161751890561
ENSG00000143033,0.8696869343739515,0.8221323774980281
ENSG00000117298,0.5108908081479175,0.6223121732947978
ENSG00000143502,0.07061221840447326,0.2536479923706858
ENSG00000178965,0.012458894680819151,0.05079721080161292
ENSG00000116791,0.30669422363286164,0.27437023860598325
ENSG00000162623,0.6063646907351622,0.7970041260570638
ENSG00000154358,0.9876618198656452,0.8698212348033095
ENSG00000183598,0.8082914479369996,0.5835358608220194
ENSG00000184260,0.9997013873142492,0.9147312696749557
ENSG00000184270,0.42242751044261273,0.7653212718885324
ENSG00000178096,0.6885032166716617,0.8003798372215565
ENSG00000159164,0.9783095797496916,0.9732454692547503
ENSG00000143368,0.026595006172929588,0.07925851933027137
ENSG00000150337,0.6869357103071165,0.6599279048735713
ENSG00000116852,0.3899055710600472,0.9968068117167217
ENSG00000116857,0.4888893802626786,0.6838134539828715
ENSG00000203943,0.10828753990283384,0.1272229980100495
ENSG00000174529,0.0037619258803780233,0.0035886948118624517
ENSG00000116984,0.5900731234400616,0.45202818269954914
ENSG00000143742,0.40839737049115277,0.3735345521104848
ENSG00000196187,0.08439559725830037,0.1286631810831523
ENSG00000243709,0.10870369500477407,0.2117155825312828
ENSG00000143819,0.0004831550322179044,0.004086793035498101
ENSG00000116649,0.0013002682012798073,0.06367248124413107
ENSG00000171824,0.47860485967531285,0.8874994953993136
ENSG00000117614,0.5904578801533852,0.6323689355309381
ENSG00000117616,0.9219442584367115,0.7602491763223567
ENSG00000183726,0.5539939174101487,0.5863636747092213
ENSG00000204178,0.014941953085732596,0.1710627836688058
ENSG00000198860,0.9855523824586704,0.7256167004585576
ENSG00000180875,0.6020942809219957,0.9411512754910762
ENSG00000143382,0.49953827546186,0.6624778740384611
ENSG00000184007,0.10442171144546188,0.24266268938889524
ENSG00000137942,0.8782035322061269,0.8347994103341891
ENSG00000157077,0.39938837631896906,0.3781957342015133
ENSG00000162493,0.776455539352057,0.6503993928853444
ENSG00000162542,0.8853640487422673,0.5521124588738653
ENSG00000178922,0.10715854017571613,0.3129798026860127
ENSG00000121753,0.08866165967168983,0.29834147032066727
ENSG00000163374,0.45347516280960687,0.35701870620767395
ENSG00000235098,3.382994129252542e-05,8.769278021823096e-05
ENSG00000143740,0.3351364485756054,0.4591947426973547
ENSG00000117411,0.22498733158341214,0.8067260190658181
ENSG00000162745,0.03246567402713402,0.17355030657665574
ENSG00000185090,0.8078660585058921,0.9518868592324317
ENSG00000157873,0.7063394886159031,0.7866885120866673
ENSG00000168264,0.4730501492163536,0.40882221377274486
ENSG00000162775,0.08680256305357498,0.07323718025438615
ENSG00000081692,0.08577456425799597,0.22549210153912272
ENSG00000179023,0.005301727352691591,0.03073945629244584
ENSG00000173171,0.059502344207026506,0.08518660155989831
ENSG00000143862,0.8187982069637981,0.9236962337441768
ENSG00000143376,0.9715402337725392,0.8326117851849615
ENSG00000159409,0.4198086573987977,0.8511877730696871
ENSG00000178796,0.014562096378574498,0.15682990429176813
ENSG00000143436,0.025186802193099583,0.13132690477363296
ENSG00000143450,0.6896981413770635,0.8283114699535418
ENSG00000196407,0.7437091714796595,0.61864136586218
ENSG00000159445,0.5279501759303684,0.8006008899305879
ENSG00000197747,0.0005813121214921912,0.010767854221987807
ENSG00000123473,0.014873369661898787,0.06532286285554248
ENSG00000020129,0.9588149516140574,0.8721384701986195
ENSG00000237763,0.0800309998781229,0.12809057953370367
ENSG00000174876,0.13046834880273603,0.3072708534844809
ENSG00000187733,0.05372318154903836,0.2126175601378912
ENSG00000186603,0.18895124008809827,0.2670885320859734
ENSG00000117643,0.06993883021324201,0.41550777848058085
ENSG00000162430,0.807037495153637,0.6904248194287386
ENSG00000163531,0.2807575390606964,0.6026344593048022
ENSG00000154429,0.21274980658162715,0.3035888635728253
ENSG00000187815,0.8926597215547919,0.7976720623529304
ENSG00000117010,0.032159236798158006,0.2733614614080709
ENSG00000180098,0.5938069735937914,0.6559257122019071
ENSG00000188060,0.8164076363826079,0.7601027603193866
ENSG00000240038,0.04953512288783535,0.36657021740566864
ENSG00000117266,0.350597810204078,0.47320526320829126
ENSG00000174567,0.5593623312630331,0.6357175624704545
ENSG00000143850,0.014483847045781078,0.07097303745392408
ENSG00000197056,0.2642705145912559,0.6486391934678524
ENSG00000174842,0.20096671184552,0.31625863591507275
ENSG00000122484,0.549238948033726,0.6071769034350819
ENSG00000163563,0.06811685685197981,0.10381377873263628
ENSG00000121903,0.923357009549627,0.993359670791714
ENSG00000187730,0.422346670875961,0.4546205346039498
ENSG00000116809,0.5952060691370925,0.7047130234311358
ENSG00000173641,0.07379043755295059,0.20594678096015656
ENSG00000142634,0.0015359283742004642,0.01624992545105858
ENSG00000160062,0.37322148683331124,0.34440418077636115
ENSG00000176261,0.13678545332557462,0.07189445282215957
ENSG00000213281,0.003012954218144327,0.03195600301488293
ENSG00000052723,0.1893611289763708,0.2982753303348283
ENSG00000132485,0.5619412622063793,0.5310077894461518
ENSG00000143418,0.756214345121674,0.5107511130310546
ENSG00000143412,0.8768635209871235,0.8986576380451473
ENSG00000143363,0.6722430307764659,0.8607182902565607
ENSG00000163141,0.16152463964826455,0.15707364208111818
ENSG00000143443,0.7414567818725845,0.8123772450805894
ENSG00000197622,0.4359114824913304,0.4569677345220494
ENSG00000213190,0.280870170695742,0.6030743056568402
ENSG00000162783,0.1210699900028821,0.40787020167028354
ENSG00000160785,0.44514589632654533,0.40166486867062223
ENSG00000091483,0.11954105390274364,0.34094151737808037
ENSG00000117009,0.22862538422027176,0.18906318344475176
ENSG00000054277,0.00029521388803213265,0.013347711723677954
ENSG00000203668,0.01872114489970726,0.0581213133942532
ENSG00000197785,0.33239267203858436,0.8808338216589603
ENSG00000205090,0.5322135055450545,0.7245557340218325
ENSG00000160075,0.7384621964526967,0.6881540177047668
ENSG00000197530,0.37077453237669966,0.4613262583341441
ENSG00000116128,0.2468575373363762,0.3609917445085883
ENSG00000174371,8.82204749528664e-06,0.0008800451165240144
ENSG00000197769,0.10914357179643405,0.06894822486896528
ENSG00000152763,0.6617843013051385,0.7037171321628364
ENSG00000118473,0.46508924243855165,0.30298520116711847
ENSG00000143815,0.016030666668566364,0.02435993462154226
ENSG00000185842,0.09198730838580292,0.1558895260171058
ENSG00000222046,0.025257653210532797,0.06819136554450583
ENSG00000143479,0.1818822067888139,0.30886299589109023
ENSG00000212916,0.8141845103200281,0.6850621950118067
ENSG00000254685,0.2329004778033407,0.24804146005376415
ENSG00000163125,0.9674192242897737,0.954346462983087
ENSG00000271383,0.5401660702319118,0.7288968515598442
ENSG00000117481,0.4521445735328926,0.6480995454924934
ENSG00000196418,0.01601581103476325,0.08004347628195016
ENSG00000263513,0.0008419460370167357,0.0061032773224293955
ENSG00000160789,0.01679135774295976,0.10557376544879313
ENSG00000142798,0.47854902449265924,0.620892227440494
ENSG00000162552,0.35515724046617114,0.30573856901324187
ENSG00000263961,0.015312594676614897,0.12178133859124447
ENSG00000196550,0.0015926030533926227,0.0034120689821807272
ENSG00000266028,0.5687634877209745,0.6336328128289266
ENSG00000263528,0.8569850072286196,0.5279998558457781
ENSG00000266094,0.08248652414724285,0.16934732996999038
ENSG00000143486,0.6881700555524999,0.6549862368496484
ENSG00000058453,0.08147110166180054,0.06645537794027595
ENSG00000143494,0.49843046826895854,0.2680838237576188
ENSG00000215883,0.7139933189321327,0.9336209176142549
ENSG00000162650,0.8550582430582638,0.9623106770922394
ENSG00000120334,0.04046734739473324,0.1267656454634184
ENSG00000162714,0.4545581996922323,0.4527146683764274
ENSG00000152061,0.4295354743312342,0.6126369622743731
ENSG00000143147,0.3112769277923874,0.17351868094630818
ENSG00000134256,0.016658204437364245,0.026598180904737964
ENSG00000273213,0.0542921226469476,0.08774626790072822
ENSG00000135838,0.2112162251408852,0.3744752710064633
ENSG00000180198,0.20289476463043088,0.4887589599803338
ENSG00000116922,0.8986909589597847,0.5556823916242153
ENSG00000092850,0.025530545623203876,0.06884827369554371
ENSG00000116863,0.9129160901566434,0.8843975788229907
ENSG00000171812,0.49128529985409286,0.3725029285099487
ENSG00000054116,0.8769623310202602,0.7741833701825265
ENSG00000116871,0.17923938708024126,0.6158105913986356
ENSG00000160094,0.4801425658519377,0.7618630922461103
ENSG00000197956,0.0843836428212955,0.2565646953846113
ENSG00000196154,0.7549611372767692,0.3753302808280802
ENSG00000188015,0.08751360748317989,0.3572988054463426
ENSG00000196754,0.14230023606699949,0.50041603677799
ENSG00000188643,0.0008536729358402572,0.011656293630976616
ENSG00000189334,0.9338532429749877,0.9873997456665331
ENSG00000189171,0.6877779495426548,0.997408855826921
ENSG00000160678,0.270172021175477,0.5325133009200458
ENSG00000160679,0.10726865213511394,0.10815805010865216
ENSG00000143553,0.6202988263919191,0.8757659185943724
ENSG00000214193,0.9206929839296116,0.93271967589204
ENSG00000196182,0.4570981200884723,0.1236870180907688
ENSG00000181817,0.6829074347673585,0.8061042504365548
ENSG00000116885,0.01587308252717629,0.0887372398734495
ENSG00000116898,0.09616927843546691,0.19021663405839218
ENSG00000142694,0.11046356205395585,0.45948804751742534
ENSG00000135823,0.7184649499785254,0.8385203437614563
ENSG00000153029,0.1266614983261578,0.17327103586295345
ENSG00000117500,0.4655055905362634,0.6251544789642276
ENSG00000122483,0.349862511288236,0.7115839218975331
ENSG00000177868,0.6351110874803784,0.5515104364356547
ENSG00000120370,0.261200487413337,0.5207268469634343
ENSG00000004487,0.04754059165757461,0.2261052068864929
ENSG00000163207,0.3232361547232317,0.8350624120566486
ENSG00000163209,0.04961765473878726,0.14227191104671014
ENSG00000169469,0.01383247439546451,0.1911309684850032
ENSG00000163216,0.10174798169251967,0.5140495254422408
ENSG00000241794,0.14856726866674128,0.39002926494791734
ENSG00000203785,0.7765775462509948,0.7476300261709248
ENSG00000244094,0.5555557133030902,0.8804441959558539
ENSG00000159516,0.5551809954548943,0.2553178359052232
ENSG00000162706,0.07694185990679953,0.26322259017479616
ENSG00000213088,0.02575015401250833,0.08294263216210156
ENSG00000179639,0.006993140281836773,0.03281266932827003
ENSG00000142677,0.002591156771304408,0.008074898948089607
ENSG00000185436,0.12483157615750964,0.1324672055487512
ENSG00000163435,0.5666880331211025,0.8261358427454456
ENSG00000133067,0.6442618490644391,0.7345089914413545
ENSG00000143851,0.2477332932448925,0.3503067756374837
ENSG00000116991,0.6446159722911169,0.7380917349126705
ENSG00000116350,0.9817921109061698,0.875746622019718
ENSG00000007933,0.0019726513724294494,0.009258295561926418
ENSG00000094963,0.010058386288677718,0.02799890481640873
ENSG00000187800,0.3852194279424229,0.36121260637448904
ENSG00000132694,0.8017991800955507,0.9942155518316305
ENSG00000117036,0.7387384322003875,0.6612350854492932
ENSG00000163344,0.9200147443412326,0.5450554798396101
ENSG00000163346,0.015088129911099694,0.12479699686516883
ENSG00000163348,0.688893965982862,0.7031915839908116
ENSG00000160691,0.0003950306800685087,0.005337247482395138
ENSG00000173207,0.00013105598438823955,0.001193078162183858
ENSG00000160688,0.07560257374262148,0.2885481522324312
ENSG00000160685,0.2519149548015946,0.31797924932207616
ENSG00000143537,0.2998828841280966,0.48195624389898084
ENSG00000014914,0.6569434085262642,0.8041482100649429
ENSG00000264522,0.7794057820684102,0.8532620336276628
ENSG00000215784,0.0005523007305206321,0.005433689337552856
ENSG00000198483,0.9603230085448327,0.9656766681627111
ENSG00000143127,0.9493799088422008,0.7671162819187823
ENSG00000131779,0.07402664012861139,0.12253524353133698
ENSG00000271601,0.4968774215585833,0.7441671058436742
ENSG00000121851,0.616142744792532,0.40204802830015707
ENSG00000265972,0.7570578483424831,0.8176480009862052
ENSG00000271425,0.4263376246096724,0.7230201204474047
ENSG00000185483,0.6253228667405939,0.9622933215680292
ENSG00000117533,0.8500493001043644,0.8616880367256554
ENSG00000142609,0.359067871293426,0.5865166582155201
ENSG00000286219,0.7748872328363227,0.9934765816958318
ENSG00000116191,0.07951207372756755,0.12925611643476045
ENSG00000116194,0.9439337709758748,0.5569416447180353
ENSG00000142621,0.012024700017032602,0.005518665521329228
ENSG00000075151,0.6415185896540132,0.944252832713666
ENSG00000143772,0.024543173213626993,0.06184079484730343
ENSG00000163191,0.001731999687342647,0.00300307067666942
ENSG00000266338,0.9065552522380566,0.8414586308788025
ENSG00000143409,0.2025946100224109,0.18578067469516316
ENSG00000060642,0.9306139153941217,0.6890340759608111
ENSG00000204160,0.4166742251693224,0.8133710331104815
ENSG00000175793,0.018560858653271544,0.16348469135001012
ENSG00000142751,0.5393678933127457,0.9400726017499713
ENSG00000198746,0.1327894755250905,0.2158533625385939
ENSG00000090273,0.18899480431535026,0.3099172914953038
ENSG00000131910,0.01883662065178087,0.22815890833465657
ENSG00000253368,0.6048491534254989,0.6597984173634807
ENSG00000158246,0.5819027905583886,0.8751397971221484
ENSG00000130695,0.7616775137330989,0.3846987140517877
ENSG00000198830,0.6258246669599785,0.7136420113490682
ENSG00000158062,0.1490420698323767,0.14621846548853376
ENSG00000158615,0.03790700253689264,0.07333988108391425
ENSG00000058804,0.0029678529531538857,0.008311814787006497
ENSG00000189266,0.1916698477988116,0.32166432779768384
ENSG00000188529,0.12404584602666446,0.4289516473198186
ENSG00000158055,0.5298378517169979,0.5509906794181015
ENSG00000010165,0.3316632822715668,0.4558701049799745
ENSG00000197959,0.7680998143307333,0.8868840105879374
ENSG00000135845,0.2279285828391791,0.18417186417788903
ENSG00000203666,0.5011438207769247,0.3339953549936705
ENSG00000198691,0.6623926189121287,0.9396370558557081
ENSG00000198625,0.24934242750678057,0.5588217499734889
ENSG00000117713,0.9047188795242384,0.8201814549621563
ENSG00000085433,0.11198359078246699,0.2655478747150586
ENSG00000219481,0.006570899681971282,0.014974569326808816
ENSG00000143811,0.9110629770760237,0.8786189959719937
ENSG00000117090,0.0007046770990477251,0.006328866931033817
ENSG00000078618,0.06403578100972211,0.16869708584265225
ENSG00000185104,0.47897156617241265,0.676527603734502
ENSG00000117523,0.1187306841085549,0.24929373825432488
ENSG00000132128,0.8880425552931863,0.6255843264442638
ENSG00000142973,6.226277970196863e-05,0.0039133446882466845
ENSG00000085552,0.29381544642975527,0.46902770990008325
ENSG00000143374,0.6116344032268802,0.44832282118915134
ENSG00000182134,0.30957781910161386,0.3357343267097325
ENSG00000263956,0.054106304969122054,0.3024027580322778
ENSG00000142875,0.14030848561938336,0.1367800192795653
ENSG00000134250,0.7900690677162798,0.8908321465470395
ENSG00000132849,0.3396305372089255,0.3196584911206936
ENSG00000170498,0.36754432706692897,0.5327369388358054
ENSG00000086015,0.1547193425250725,0.3732670782585994
ENSG00000162409,0.2622112628418235,0.34164673561454767
ENSG00000196189,0.0038857015494812223,0.07057647356196967
ENSG00000088280,0.006538728894005067,0.08008906053015437
ENSG00000221978,0.09886148691039615,0.05567610793511354
ENSG00000175707,0.203717658525165,0.23025525106576314
ENSG00000134258,0.43381802816165405,0.6642691206738244
ENSG00000122482,0.4650284388339576,0.25493352833643806
ENSG00000187961,0.4109697678705517,0.3593378036656335
ENSG00000163462,0.8932170786167628,0.7477727158118863
ENSG00000116604,0.9531332257548644,0.7421112819624365
ENSG00000211452,0.3076140550837932,0.3545108254952922
ENSG00000185499,0.9965197835164953,0.362935564579146
ENSG00000154451,0.7749671167389376,0.7313778589740038
ENSG00000162595,0.9581836181976532,0.6840755503788786
ENSG00000011007,0.5382634982374929,0.6865936948744187
ENSG00000117305,0.7975860649555541,0.7363369822522201
ENSG00000179163,0.0016870923843100073,0.01681280815376459
ENSG00000084636,0.6115755787729662,0.5388993814188847
ENSG00000143149,0.8961474965318281,0.6908854119304475
ENSG00000203852,0.985412433954396,0.812759136658682
ENSG00000203814,0.5587710848276208,0.432742578228417
ENSG00000270276,0.028433377502592692,0.09745183684153017
ENSG00000143164,0.9091203571779548,0.9605483071989952
ENSG00000184678,0.5674308654313882,0.5250317573531367
ENSG00000270882,0.9303712680578431,0.7229969404742393
ENSG00000122435,0.7520216718207999,0.7893155609545393
ENSG00000203811,0.985412433954396,0.812759136658682
ENSG00000120341,0.07773679192573493,0.14672217866874213
ENSG00000117114,0.1171679842509346,0.16670400021622553
ENSG00000184908,0.1257552962360708,0.3809450813048679
ENSG00000179862,0.8539208785723503,0.7440066564018055
ENSG00000171790,0.018000776437600195,0.18798615055130377
ENSG00000081277,0.6602449028371269,0.8881504532153478
ENSG00000118194,0.3986562813970417,0.3214694766154356
ENSG00000159166,0.027192556630144936,0.1900128268850228
ENSG00000159173,0.6418859991253898,0.4581988523896541
ENSG00000174307,0.5548325996050726,0.41732727445785434
ENSG00000159176,0.809616373373897,0.6503273945949843
ENSG00000198700,0.010809663318651819,0.02085516094487697
ENSG00000198892,0.10718438193434872,0.12906927282666641
ENSG00000134369,0.2414649197477321,0.9597933283792416
ENSG00000050628,0.19941929846589093,0.18136920026544504
ENSG00000186364,0.5826114147086578,0.6770792910702279
ENSG00000131788,0.5920817379966155,0.8114835174924974
ENSG00000265241,0.008673421228659372,0.022015384906266425
ENSG00000116489,0.0007066370614221151,0.014854106904731372
ENSG00000155366,0.0013738220595523112,0.01770079107714162
ENSG00000155363,0.00993862222506627,0.22553186211267148
ENSG00000273136,0.6774333761233458,0.8361900149463565
ENSG00000120656,0.042727498098818366,0.17831495311173334
ENSG00000197780,0.047379343576316124,0.2561478459817568
ENSG00000136628,0.16996983033998056,0.3684573507139137
ENSG00000162813,0.968327746162486,0.7068666976161461
ENSG00000067704,0.03662944091292318,0.1843270474806248
ENSG00000118873,0.3776635435835758,0.4071036023847511
ENSG00000143776,0.3417779007808744,0.21424482406241824
ENSG00000132196,0.5036546889570657,0.13489017054274174
ENSG00000127603,0.4460975389658717,0.7012039997017763
ENSG00000185860,0.06990402740676982,0.23091190310030948
ENSG00000117461,0.11316697481437105,0.4283700247014949
ENSG00000117472,0.6370852194368049,0.5281862810149482
ENSG00000171357,0.001344795229502694,0.011305609216351768
ENSG00000085999,0.02734385560389242,0.18306651185375847
ENSG00000085998,0.4411667099461084,0.4980988163277271
ENSG00000117475,0.04423986863892354,0.12200563316931247
ENSG00000117477,0.0023728873093546783,0.021287224454873323
ENSG00000117479,0.4944432103533789,0.5518422554757212
ENSG00000198734,0.10469708706139941,0.20137627388924967
ENSG00000099260,0.20259301456122872,0.7625950458632964
ENSG00000203685,0.1159513903182254,0.11121412902469938
ENSG00000116580,0.9881137195141391,0.9879339798622209
ENSG00000127125,0.4715234982505201,0.49257364465254894
ENSG00000009307,0.12623138675088993,0.2694643229320683
ENSG00000162413,0.4670845000837113,0.3613587999028358
ENSG00000116273,0.2742067053143747,0.6123254567885553
ENSG00000117153,0.6154179597601238,0.6010508969727779
ENSG00000159346,0.46262741057498535,0.3112838668635363
ENSG00000159348,0.07721692126995809,0.24058354784459837
ENSG00000163444,0.17086194083545583,0.25763906749979276
ENSG00000163485,0.11948516166930084,0.1579084705628133
ENSG00000133055,0.8820978968370997,0.6297129262526904
ENSG00000133048,0.10747111433930703,0.05418142110307296
ENSG00000127481,0.15445485601517417,0.26417091364268447
ENSG00000053372,0.03430989767832797,0.32286014237770816
ENSG00000162482,0.4717999081389058,0.2142277390961453
ENSG00000053371,0.4195755814642931,0.4025865146091582
ENSG00000040487,0.7908328178351688,0.8999430702848774
ENSG00000183155,0.2527025269826959,0.24596748996565732
ENSG00000133063,0.008590695358353825,0.021910712972791745
ENSG00000143847,0.9579677225602484,0.6605128546613692
ENSG00000143379,0.6327174304350285,0.644851503778357
ENSG00000007923,0.09183980073836462,0.3957294509300592
ENSG00000116731,0.051507753769768606,0.0751199677681027
ENSG00000188672,0.4068023381003121,0.9891834893739827
ENSG00000127463,0.06993660349995716,0.29973870635086375
ENSG00000117543,0.22865716726970722,0.5498109273757055
ENSG00000164008,0.2507669724849779,0.2654129398834912
ENSG00000116406,0.45062304134185527,0.5021627665741899
ENSG00000162704,0.06198699388003652,0.19634417546589564
ENSG00000116698,0.050840131013993185,0.14840427280685906
ENSG00000121940,0.7524749451433381,0.38326201370741797
ENSG00000067606,0.016006603289364593,0.018787446708813865
ENSG00000197429,0.8877833113065768,0.9913224421697506
ENSG00000184588,0.1262109785162429,0.30548620326136605
ENSG00000084070,0.058192824951405694,0.2405591685129742
ENSG00000127483,0.3777481444657922,0.6262780017344678
ENSG00000164002,0.7557281144321873,0.7662312554950176
ENSG00000133056,0.1808167107173059,0.22038823629733434
ENSG00000163159,0.5630438996298277,0.7459947115660208
ENSG00000143434,0.14957430511286832,0.3003899252594278
ENSG00000085465,0.27456950787403833,0.5919075321175635
ENSG00000116455,0.25537576922418304,0.5145805666844766
ENSG00000116459,0.674134547504462,0.7892612478392457
ENSG00000143110,0.4024574101623326,0.8430114519770115
ENSG00000282608,0.08929017097842602,0.3200711011225101
ENSG00000116473,0.3784134304404312,0.36662440427954057
ENSG00000127129,0.23073096874021468,0.6334196929332946
ENSG00000143153,0.5894638079989668,0.9665263347914484
ENSG00000183291,0.5211715084610057,0.7758604367205588
ENSG00000153936,0.2246819914815533,0.3828251718314434
ENSG00000267561,0.05750664748750978,0.25647137103294776
ENSG00000134709,0.5670686876656326,0.38213840299885726
ENSG00000134716,0.18059977356837054,0.22470305313057257
ENSG00000181218,0.8791850090631719,0.8201629312160699
ENSG00000168159,0.5573913609446095,0.9575975655070081
ENSG00000177674,0.08365376972484292,0.2526119603028159
ENSG00000177000,0.09799785934819416,0.35076439009731675
ENSG00000197520,0.17971960339777537,0.303260735407721
ENSG00000137968,0.4865475342550617,0.3554454991938212
ENSG00000225828,0.5691080003152507,0.869224961026162
ENSG00000041988,0.718910889268175,0.5684457980041586
ENSG00000196420,0.6978836390645682,0.10793112583614503
ENSG00000072694,0.2541236830685923,0.44072370950135176
ENSG00000155367,0.8267077894063637,0.5873010163441613
ENSG00000160783,0.7171718776760955,0.4403926817416166
ENSG00000066136,0.688592184853599,0.4213397878462517
ENSG00000134668,0.2516273588960824,0.5519440525455246
ENSG00000180488,0.5165234299768486,0.7021750406115045
ENSG00000142961,0.8627146730148036,0.9730736439790163
ENSG00000116754,0.6943261532446088,0.6234093261785598
ENSG00000077585,0.7967394859278824,0.7743405853245047
ENSG00000086619,0.0005423290089722395,0.002095306131718101
ENSG00000225556,0.4533525268063455,0.9188089943920934
ENSG00000117791,0.555234037535456,0.9761703409952444
ENSG00000186205,0.9260098749822989,0.6424447004409851
ENSG00000123472,0.6245305520821313,0.9412833146284793
ENSG00000010803,0.20087660614364,0.46358283949524304
ENSG00000196369,0.2510554135855894,0.3659351902711244
ENSG00000143333,0.9531178173136117,0.6197568958147688
ENSG00000031698,0.8054681999027331,0.9852514695806335
ENSG00000143126,0.6957477575740355,0.8072793654596109
ENSG00000134222,0.011741014003474845,0.03942525626648862
ENSG00000221986,0.17298461790989422,0.4357878161646841
ENSG00000134243,0.04889895483937114,0.0980115924935376
ENSG00000143106,0.585589387321445,0.2401895259079133
ENSG00000185278,0.23238129298977336,0.6090072155900061
ENSG00000117143,0.037489080569646706,0.04804062410975031
ENSG00000163564,0.004236370596954755,0.06758117383780615
ENSG00000163565,0.7956795647858994,0.639515524321915
ENSG00000163568,0.8064272526267509,0.8177334655880237
ENSG00000004455,0.3448328069599571,0.4675782426428232
ENSG00000173372,0.8345224154651635,0.9667893751511207
ENSG00000159189,0.8829366896255584,0.9575537441734736
ENSG00000173369,0.9717781053606634,0.924918134469106
ENSG00000117335,0.9065735291868853,0.9762128075912727
ENSG00000180667,0.16617278730886426,0.05417397310514596
ENSG00000123843,0.4581909058714765,0.15629823612222601
ENSG00000123838,0.0008704423846767614,0.03762021272735916
ENSG00000123689,0.03224347701598775,0.11219443226683204
ENSG00000117594,0.7217920878905467,0.38041746086313355
ENSG00000009790,0.0023197594897296607,0.022171965622290506
ENSG00000162757,0.6884725594785563,0.4215347716002187
ENSG00000117595,0.49712769480098873,0.662648872438498
ENSG00000117597,0.5617377760660274,0.6717722893136536
ENSG00000177181,0.020032403222211715,0.07884613068061212
ENSG00000066185,0.009084423052277696,0.10319156903338138
ENSG00000134684,0.037912356349468615,0.23013797489182986
ENSG00000021852,0.09395988918875012,0.42896193868713617
ENSG00000132716,0.891877658170416,0.9140451038415098
ENSG00000162735,0.9015327281167872,0.9823398502012015
ENSG00000162739,0.03387708581466818,0.13279396712858643
ENSG00000066294,0.054465640309390745,0.10111463905123229
ENSG00000122218,0.40677573825611524,0.46224370691696137
ENSG00000169474,0.2363684923983654,0.9068095281780537
ENSG00000118200,0.030853661935919686,0.0255329965401727
ENSG00000163362,0.10160282085170168,0.18864040702245824
ENSG00000137975,0.9421530438793567,0.8505881618665834
ENSG00000152904,0.17909317529703855,0.20884211318500556
ENSG00000131791,0.209734252623552,0.4797853906838452
ENSG00000177144,0.6193043740675449,0.9792574707398892
ENSG00000162458,0.38098138283419236,0.5068140093229234
ENSG00000142794,0.7049986663552686,0.6217576184457472
ENSG00000076864,0.011860217408587352,0.04916109625849485
ENSG00000090686,0.43733828767668725,0.44158284098149503
ENSG00000186409,0.13524777689647938,0.5290091206071657
ENSG00000116560,0.03315282481362537,0.07623631443072805
ENSG00000084072,0.9510909047318642,0.8574668415440343
ENSG00000116985,0.6910625800482295,0.9901735005178772
ENSG00000198754,0.08086308001472411,0.03600684398727752
ENSG00000043514,0.8083882717059244,0.7873709226457588
ENSG00000116990,0.08592363223191422,0.18616235119893076
ENSG00000168389,0.008653995182873915,0.040831677743017776
ENSG00000162643,0.11604798411188225,0.43403547259610675
ENSG00000055732,0.9244581259963441,0.7482231119665042
ENSG00000097096,0.050898586219727,0.05633594359411746
ENSG00000143515,0.04859099965946258,0.07745803987650737
ENSG00000160753,0.020655691756149862,0.05234570387960583
ENSG00000116584,0.21804090219516728,0.568107376925532
ENSG00000143297,0.03363970850918044,0.13665873114023688
ENSG00000160856,0.0069564935372222435,0.03899216155097195
ENSG00000132704,0.021285007984918544,0.14647144052276698
ENSG00000162738,0.6975464573469947,0.5095100277559614
ENSG00000143258,0.824463705840277,0.8518377771092852
ENSG00000254706,0.8358914255363213,0.651774346908152
ENSG00000239887,0.40025028795263096,0.60124644246706
ENSG00000152332,0.1419024355396105,0.22390639661212164
ENSG00000162733,0.6278146773278828,0.6778339333806063
ENSG00000075391,0.06807903094758593,0.32684293373271883
ENSG00000154380,0.9469281249709676,0.4677005867208833
ENSG00000162676,0.21515566415930443,0.5702092931497881
ENSG00000203667,0.0052405894640931315,0.016717146332802437
ENSG00000162551,0.10463220097513302,0.5235574682073154
ENSG00000136634,0.04919582165026132,0.1765738426306394
ENSG00000000971,0.3062715085869162,0.13859187949080412
ENSG00000054523,0.537122411118057,0.32892017653827044
ENSG00000171793,0.006592247471454594,0.06984435518385063
ENSG00000135744,0.5271525090833775,0.8506748338883829
ENSG00000084623,0.029062359941219317,0.0906125641411357
ENSG00000163263,0.07379355513318492,0.276471160313969
ENSG00000143612,0.4792393042890184,0.5045772108016662
ENSG00000143569,0.6657634296823757,0.913827082807651
ENSG00000160058,0.28142352411511823,0.2751215190484147
ENSG00000142687,0.2873307280602566,0.33053240788577876
ENSG00000116586,0.3246761603666367,0.22167666257185348
ENSG00000182866,0.028146747447525867,0.06263060492124302
ENSG00000130762,0.47782188522672975,0.9811190653993734
ENSG00000158109,0.6770636753712667,0.9514898808427299
ENSG00000116213,0.5303716297115669,0.19090047710702615
ENSG00000078900,0.8338574446797162,0.7914629009059962
ENSG00000162591,0.6237462476984743,0.5648051878510238
ENSG00000081019,0.46017566538643095,0.5682186884534927
ENSG00000134242,0.17101393123076483,0.2522803850185913
ENSG00000188761,0.688625857293444,0.7589152440220398
ENSG00000134262,0.7361139047666958,0.9304201341887954
ENSG00000163349,0.9058379724178691,0.851586658465435
ENSG00000118655,0.03214635152834569,0.1346548099569621
ENSG00000162496,0.16463075390636547,0.4345614864532499
ENSG00000157330,0.028414708692191818,0.12103015814881735
ENSG00000162494,0.876810538586377,0.932251350083026
ENSG00000143669,0.31724493268753623,0.2643903878161231
ENSG00000184292,0.839937598256575,0.7311132287332558
ENSG00000162601,0.7595944005482292,0.7424666469745665
ENSG00000116661,0.2976111577085703,0.29024067172044804
ENSG00000132879,0.033716793530499556,0.02957659121358144
ENSG00000116663,0.36611844298917806,0.11030152441809421
ENSG00000117133,0.1690065800201254,0.26872149297357506
ENSG00000174021,0.15283565768246382,0.11457016891951204
ENSG00000117151,0.7126464116708083,0.7173186962787474
ENSG00000117155,0.08644708428285497,0.2569695272412058
ENSG00000116670,0.6605451399205671,0.534485513713981
ENSG00000188610,7.895212805779443e-05,0.0011776313176515487
ENSG00000257315,0.8959654495657378,0.6202224763936608
ENSG00000117394,4.015004546570741e-05,0.0029292976099833143
ENSG00000177272,0.028153251707512626,0.07882013383468181
ENSG00000162711,0.08961794641717553,0.26148647686119525
ENSG00000116701,0.8863083590435779,0.8615265963092515
ENSG00000088035,0.6705150727155853,0.19535644229414167
ENSG00000081237,0.017874905357039846,0.03680716696477819
ENSG00000125459,0.9605183832455321,0.7506744633464814
ENSG00000143365,0.05312923574966828,0.058783298701734696
ENSG00000162909,0.43618152038516356,0.8203829581662817
ENSG00000143514,0.7055815493368127,0.9358765579568618
ENSG00000116741,0.038919238276961206,0.023013201522342947
ENSG00000143575,0.5682907945366624,0.3664180986205391
ENSG00000198715,0.69268993692211,0.5940530175612453
ENSG00000176092,0.0017236498174356396,0.04010318494600472
ENSG00000143643,0.47347342680850635,0.6314798499328486
ENSG00000173409,0.6231891112655705,0.9963250000661962
ENSG00000160055,0.3397353335803434,0.7243936431395852
ENSG00000116717,0.019082715142219358,0.11115333673599831
ENSG00000172380,0.02379494573679328,0.04392145925172073
ENSG00000116729,0.3716610580470159,0.7638271746317398
ENSG00000143603,0.2719200399530299,0.4775578810068498
ENSG00000159527,0.8190125919997713,0.9430165172209323
ENSG00000163218,0.8598358729383473,0.5592400907425956
ENSG00000163220,0.09483359438390673,0.32328617395616643
ENSG00000163221,0.0774459432720107,0.40745735773889125
ENSG00000143546,0.23982372273865063,0.4740047710184919
ENSG00000143556,0.08129316365399056,0.29838217655808036
ENSG00000186891,0.871642564487207,0.6799951777853687
ENSG00000078808,0.6470391989173385,0.7926858432921341
ENSG00000176022,0.29396536215415525,0.5327590607501869
ENSG00000184163,0.657045195017989,0.813982971197185
ENSG00000160087,0.7986354094302445,0.3740358381660541
ENSG00000162572,0.5784031052117977,0.6824690428219301
ENSG00000023902,0.5372400751834931,0.7562302886028299
ENSG00000143401,0.004285812432901268,0.0051947916088191425
ENSG00000117362,0.6474738112791427,0.5423110031449926
ENSG00000118292,0.6201051206554262,0.7599016769722251
ENSG00000159208,0.56532179879018,0.6189176834763492
ENSG00000266472,0.8601795824274799,0.5056395572395154
ENSG00000117360,0.32689964932525706,0.2188856538836254
ENSG00000131584,0.17013742673066243,0.036463198579420056
ENSG00000127054,0.6618990482302075,0.8850156062510536
ENSG00000224051,0.4500257777594062,0.9135791541830934
ENSG00000169962,0.6201247865621402,0.26359982384453
ENSG00000107404,0.4077394666911608,0.9601493373479828
ENSG00000162576,0.3285963206650325,0.8613289485732167
ENSG00000175756,0.18879456732655936,0.4971446163417319
ENSG00000186501,0.6688925107843804,0.9291006860965283
ENSG00000142765,0.006955835995676646,0.0056318176158333105
ENSG00000142733,0.9254052330486304,0.9198497578813811
ENSG00000174950,0.009142478971927928,0.02435167324955194
ENSG00000136631,0.640617035734397,0.5853481087540702
ENSG00000160712,0.11055310896232783,0.2958685491006163
ENSG00000132781,0.6851450103283716,0.6841038943700846
ENSG00000117054,0.24694101098378538,0.2765158422085946
ENSG00000179456,0.0035105187888805223,0.032592451892235495
ENSG00000188807,0.5304115534598859,0.9169390581509684
ENSG00000171603,0.3189381607243902,0.69722450169668
ENSG00000178585,0.6718822290184963,0.8657564111503494
ENSG00000162441,0.46032889809912525,0.9893305184211744
ENSG00000265491,0.8521125534740643,0.9549783212278983
ENSG00000186141,0.45135962425203857,0.6228261262418668
ENSG00000171608,0.04074815730675816,0.032676997360935676
ENSG00000117560,0.16156840274417064,0.34462881836455417
ENSG00000269713,0.5375550704748682,0.8773521203754312
ENSG00000162825,0.6096686915796325,0.7907948642143081
ENSG00000160818,0.1311961858479443,0.40830463016889984
ENSG00000268043,0.08858505140025004,0.2915220850053057
ENSG00000049245,0.7821855524763314,0.8421616798853813
ENSG00000049246,0.0703968908300263,0.3118552371118957
ENSG00000049247,0.06711408027770988,0.03323020683141421
ENSG00000049249,0.6859510940773761,0.7203282700529361
ENSG00000116288,0.1471736096668589,0.2782493281719755
ENSG00000116285,0.002539423774521121,0.08618633055431293
ENSG00000162368,0.8321940377931567,0.7153449131123282
ENSG00000119535,0.36328464225633483,0.4978775881702411
ENSG00000143226,0.7863757775025255,0.8622644641871224
ENSG00000082497,0.5050473503573472,0.4066915361778237
ENSG00000132768,0.4702660385554891,0.9142994200797233
ENSG00000162434,0.08346122154204023,0.1503615290543037
ENSG00000142867,0.32674532614917307,0.6827453992604582
ENSG00000077152,0.00046589314890530567,0.004500850680057597
ENSG00000203747,0.8271422261941016,0.7670768477922472
ENSG00000162747,0.9775309226514339,0.44714576857537625
ENSG00000163545,0.44801281277397587,0.5909680278661819
ENSG00000162873,0.42234762118844027,0.36537874525260705
ENSG00000186007,0.10542160462869209,0.08905550973952435
ENSG00000281406,0.5383297868838448,0.44788258917880674
ENSG00000162736,0.20219688084717707,0.47423377930741695
ENSG00000196352,0.5686288931551795,0.7047176289460182
ENSG00000117322,0.002930306342318198,0.038190020646785575
ENSG00000203710,0.04654161660288092,0.09608915110043093
ENSG00000092847,0.4664408277387211,0.36974446443624576
ENSG00000126070,0.3319208448074985,0.29888789469767413
ENSG00000143816,0.8165256154504327,0.8309543937410219
ENSG00000143761,0.1884175456683544,0.3007421953020301
ENSG00000185630,0.5106800136330104,0.4542773167240671
ENSG00000142784,0.2430782800849371,0.3870073208304693
ENSG00000158195,0.1732700308639885,0.3355214387617827
ENSG00000142748,0.04121043998696815,0.23876621828894926
ENSG00000188257,0.15705790133639508,0.29006140026352506
ENSG00000286019,0.4560378860058635,0.44942543458267337
ENSG00000286106,0.8104464940559135,0.9608122613430589
ENSG00000264343,0.7041252935609084,0.9652162945608782
ENSG00000243749,0.7384276219782693,0.8287635717754229
ENSG00000270629,0.9815734509628359,0.7097573451622955
ENSG00000135801,0.4936029671765694,0.8771219805652741
ENSG00000186827,0.9887020849461573,0.3805019644948334
ENSG00000162599,0.8011857402746382,0.8929139812908727
ENSG00000143162,0.9687862974468718,0.670043057058946
ENSG00000198821,0.0284202268967487,0.1539642867944592
ENSG00000171735,0.38331664701235735,0.6151315035436354
ENSG00000134255,0.47305130089664293,0.47692464231665554
ENSG00000120942,0.9862424293797183,0.551460556899373
ENSG00000198793,0.7787362886938227,0.7017523326468315
ENSG00000143373,0.7325020148884327,0.9088910984859752
ENSG00000143393,0.303877990293402,0.6307868463982055
ENSG00000143390,0.07850983457530353,0.24305511372337849
ENSG00000143416,0.003915745910371195,0.085624384662641
ENSG00000159377,0.027625652064689157,0.03356509712167859
ENSG00000143375,0.7662445649668299,0.8073886231888135
ENSG00000143367,0.049934868363546776,0.07528422899772494
ENSG00000143442,0.7575831518385426,0.5649455306250859
ENSG00000117676,0.020300745364996507,0.08917509487014147
ENSG00000117682,0.11922195832438891,0.08462075047139347
ENSG00000120948,0.04029148998995768,0.1905229567926946
ENSG00000162614,0.38852375607477396,0.6487819761700685
ENSG00000162616,8.133870130831177e-05,0.000355463383992654
ENSG00000162613,0.007666996614146794,0.035220784611395314
ENSG00000169418,0.5149750056871127,0.36481765485314965
ENSG00000143624,0.4874359974564375,0.6611960974882528
ENSG00000143554,0.3122378533515997,0.7259695408405875
ENSG00000143614,0.40563495179943443,0.19781913867080458
ENSG00000171385,0.17109256173437692,0.20973054148322753
ENSG00000078369,0.23306943124324914,0.7366378713508877
ENSG00000168765,0.3258734296409366,0.42065564297455893
ENSG00000213366,3.098950146576815e-05,0.0012292208700470557
ENSG00000134184,0.8289163511784318,0.8166189523496171
ENSG00000134201,0.04988923219036311,0.23367003097830363
ENSG00000134202,0.7335603006800251,0.7609783775939509
ENSG00000198758,0.03908700962491455,0.034662746820761065
ENSG00000143702,0.7145676981067925,0.9619845074699513
ENSG00000135835,0.4093023614050312,0.42149801702202105
ENSG00000169174,0.0057078165994409215,0.007467923112466034
ENSG00000162402,0.7606196141957757,0.5710458335877509
ENSG00000122417,0.9902398802891117,0.9110501497831887
ENSG00000183853,0.48257188986833865,0.5677014006832077
ENSG00000158473,0.0033236076063240935,0.02351742691832845
ENSG00000074800,0.0012872423062877958,0.03037019721255326
ENSG00000131686,0.3161772464049173,0.9018411599355206
ENSG00000142599,0.5316276717457618,0.43395061529442314
ENSG00000143622,0.9386584545756589,0.9547668378539877
ENSG00000153187,0.0013587622239569926,0.006411845802084512
ENSG00000065526,0.8049184350535399,0.743131848284766
ENSG00000162585,0.3592987637069259,0.8859264915097806
ENSG00000157933,0.9427910817159012,0.5715491642903915
ENSG00000162923,0.5313168340895276,0.49293918358330346
ENSG00000143858,0.06871915715689735,0.19922863150385048
ENSG00000117139,0.5701396145994266,0.6958055515184627
ENSG00000077157,0.05714582096774552,0.2078138346031467
ENSG00000116199,0.12422014533427586,0.13368409502927683
ENSG00000186283,0.8534638315514935,0.8486195928627025
ENSG00000143322,0.15659615123818443,0.265523801320707
ENSG00000181773,0.5599173709424434,0.45075296468467374
ENSG00000169905,0.6214339426968318,0.5312563708898268
ENSG00000143337,0.7597899216616979,0.6925367644460927
ENSG00000116260,0.9863981371884957,0.9029121836598819
ENSG00000097033,0.1167422156406313,0.590462092136288
ENSG00000143549,0.0016265546189526481,0.01787272302009365
ENSG00000169504,0.1583628697954026,0.2691262736761032
ENSG00000133226,0.56940380954139,0.7813144822569213
ENSG00000285053,0.4119213837490179,0.2646932413934978
ENSG00000188783,0.05417141061175589,0.07171434523049133
ENSG00000058668,0.7355940147398681,0.9489431331916524
ENSG00000125944,0.03962311138222972,0.1859862684133284
ENSG00000077549,0.033371546552193584,0.18733223678967734
ENSG00000173436,0.17807535779704917,0.25102182797795125
ENSG00000158747,0.1366957710378758,0.297639751423015
ENSG00000020633,0.6948611794449727,0.9989642465763088
ENSG00000070831,0.935218222659178,0.9534978914432345
ENSG00000122176,0.7692042660721659,0.7705214348368895
ENSG00000131781,0.08143805748488904,0.25219310066814576
ENSG00000131778,0.007920118280824725,0.06621597031618283
ENSG00000132122,0.0009761883394591857,0.006205086833219394
ENSG00000060718,0.0226667421977501,0.18443488678063144
ENSG00000135837,0.9669304137157817,0.9955382818266364
ENSG00000085832,0.6199303695248944,0.7917409660370773
ENSG00000134686,0.02582120564908637,0.11190115264905752
ENSG00000159023,0.14921390385203806,0.09936006018650403
ENSG00000159388,0.0008938578469228161,0.012425732488546863
ENSG00000069424,0.14374503087477497,0.32106604193048105
ENSG00000116251,0.09113535817322718,0.16860239501845684
ENSG00000158286,0.824467010535714,0.8992984209298888
ENSG00000116237,0.13701094023825394,0.5914750451945401
ENSG00000158292,0.00785711919542824,0.06537919365721936
ENSG00000069812,0.14463506173395452,0.5050576963103961
ENSG00000117569,0.6905734702867066,0.9363439834430731
ENSG00000162571,0.00524756874684489,0.030427624095828023
ENSG00000169972,0.9682962267469245,0.361863877629347
ENSG00000178104,0.7290290678607925,0.8558173841404959
ENSG00000117152,0.1304378711999517,0.20489444430910472
ENSG00000117724,6.553971653981141e-05,0.0013052256240679307
ENSG00000160767,0.004292179608354772,0.02105330104892
ENSG00000162543,0.6055402587891123,0.6988010058863416
ENSG00000157216,0.28306317904514255,0.5297258124419457
ENSG00000169641,0.2404295083769371,0.5477968304235912
ENSG00000179546,0.0009370199992522706,0.05035786454389774
ENSG00000067208,0.8726090604439312,0.926031462082897
ENSG00000143774,0.40308693434628085,0.8381799150572795
ENSG00000169991,0.17501583601804876,0.10641890931611585
ENSG00000097021,0.0027375112776698496,0.057794512023653904
ENSG00000187017,0.2898524880809464,0.14817390839533812
ENSG00000162437,0.6777113730270672,0.5355987527585905
ENSG00000197562,0.5682555021996529,0.8322630983922812
ENSG00000257108,0.06426723594486708,0.1394658580420444
ENSG00000167930,0.22606366884826054,0.46782555377981283
ENSG00000103126,0.7367806377451488,0.8778272926772853
ENSG00000167972,0.001763720115285501,0.013687823378882722
ENSG00000267795,0.5505676182786854,0.7239839961362102
ENSG00000131634,0.39514476816082555,0.3569596240641444
ENSG00000168096,0.6946862197695887,0.6593821510365914
ENSG00000059145,0.7749483463064786,0.9671402883231155
ENSG00000187535,0.11084008959325391,0.28072183288002545
ENSG00000140632,0.9459910693025835,0.9940256324859208
ENSG00000089486,0.06927393142103712,0.17357656514981465
ENSG00000103489,0.9216430296373657,0.710727711919211
ENSG00000162104,0.015356040599109826,0.01612772857617439
ENSG00000103381,0.49886270122231624,0.5213683882341875
ENSG00000103199,0.29401925420522274,0.41597827315517366
ENSG00000103534,0.15496366972754333,0.40724799711637516
ENSG00000005339,0.9552631310648804,0.7433463639179443
ENSG00000134419,0.5083537560034215,0.6262308879501653
ENSG00000076344,0.04413272277684564,0.17224509356379422
ENSG00000007376,0.06545833869429511,0.32118044406908314
ENSG00000168447,0.0018152727426095276,0.011347898736616291
ENSG00000102858,0.38503182187954244,0.4713796355354909
ENSG00000103528,0.8251189484800965,0.8644426772407042
ENSG00000166828,0.21956740477056672,0.48663463207154856
ENSG00000122254,0.008756135602089422,0.0321159088554453
ENSG00000170537,0.0759712455615638,0.09478768230314247
ENSG00000130731,0.3160432454546349,0.589361240552558
ENSG00000090905,0.8153566037776043,0.5569088233451307
ENSG00000048471,0.08805040417078283,0.17989003406980142
ENSG00000058600,0.21105969009313438,0.9065746878015583
ENSG00000153443,0.4275508148170343,0.4535062840175341
ENSG00000127586,0.0742600950153171,0.23811295775678848
ENSG00000170540,0.010372106690562672,0.024530397397203745
ENSG00000091651,0.0015561309886801319,0.0195438402914114
ENSG00000171208,0.028733990365877007,0.1448005612869656
ENSG00000196470,0.6472007638069064,0.8343927589357218
ENSG00000069345,0.6964957798151609,0.35055971839225697
ENSG00000067365,0.8790323625995232,0.9442659703552644
ENSG00000155330,0.03973021851197647,0.05199717639743061
ENSG00000069329,0.07983536596019518,0.3688897414793052
ENSG00000237515,0.6379795089808618,0.4908611917361614
ENSG00000103485,0.4214350907065566,0.9793219476102694
ENSG00000102910,0.5812479011909011,0.5738967854296989
ENSG00000156968,0.012339976430882487,0.04593125753399485
ENSG00000166123,0.8565461158685441,0.7122043920625003
ENSG00000102921,0.8127512349097304,0.962575104114785
ENSG00000129636,0.5928918361796676,0.7080512518380147
ENSG00000102900,0.29551395955805587,0.9009090275406499
ENSG00000171241,5.787345958266005e-05,0.0027492812085229737
ENSG00000167186,0.6948091643732695,0.526180130117597
ENSG00000122299,0.1925703401488912,0.33786150275276816
ENSG00000087245,0.9319171698346301,0.8119183351072404
ENSG00000102970,0.020383666959298427,0.08042156012197732
ENSG00000166246,0.33094843919861733,0.39914094151684865
ENSG00000007545,0.498209384077581,0.48733969704438707
ENSG00000006007,0.6402261231465916,0.954035131979967
ENSG00000102962,0.5612971514789363,0.39858266552736443
ENSG00000256812,0.41148960007394686,0.5386221850148578
ENSG00000135720,0.8650566761971711,0.7578118532036586
ENSG00000103460,0.4209776767865112,0.9050710932045872
ENSG00000141076,0.4952272161679825,0.8076752333815534
ENSG00000087253,0.09720480077972321,0.2771529428460571
ENSG00000103089,0.041010721022081864,0.07410380413513128
ENSG00000177508,0.0015254888417476319,0.0048343453469299235
ENSG00000118557,0.785605086805241,0.8566141602295223
ENSG00000178573,0.895414699535625,0.9773566786606005
ENSG00000103047,0.8223604171125551,0.8621556919819766
ENSG00000159593,0.8252941363403193,0.5597599654368715
ENSG00000088682,0.08093368884608837,0.459830244791648
ENSG00000070761,0.5472949523147437,0.9993991005886469
ENSG00000131153,0.005256681478402056,0.07349962363782171
ENSG00000135736,0.1736519094202027,0.391226883636566
ENSG00000050820,0.00432399302835834,0.024287908568152418
ENSG00000205078,0.11334339955501634,0.252101537761199
ENSG00000131149,0.4684736706339362,0.1885268669279124
ENSG00000103111,0.873886348283389,0.9678477346357678
ENSG00000184939,0.14366568116106138,0.27016082809932085
ENSG00000103175,0.1628248454836934,0.26024376769105695
ENSG00000140948,0.4593956253394881,0.4383101057805724
ENSG00000172840,0.07809327608936904,0.09723486474924009
ENSG00000135686,0.7813192594296137,0.7258486849323356
ENSG00000168404,0.008432746798425298,0.05918198141819159
ENSG00000005194,0.0517202693002494,0.3209566741890824
ENSG00000140937,0.6926963819631592,0.8560827710751975
ENSG00000140950,0.008880987987537852,0.012522177401091187
ENSG00000103091,0.3243546339341392,0.25371164301371146
ENSG00000103248,0.927312290263801,0.9222497925763636
ENSG00000103257,0.002707978907062401,0.045186508631719476
ENSG00000104731,0.9609276635431827,0.7832506376318558
ENSG00000168589,0.4393449065497227,0.8243449182010658
ENSG00000159618,0.019254422263566467,0.04157352660033068
ENSG00000103335,0.04078576022326176,0.19046569890247486
ENSG00000006210,0.03780606942991456,0.012830237526317814
ENSG00000153774,0.8567464931659315,0.9711944254881654
ENSG00000140876,0.4352983030008708,0.8763933275372756
ENSG00000176678,0.03232609189271537,0.044158602421116064
ENSG00000184517,0.748180708110493,0.7188108652604408
ENSG00000140836,0.9393644458923376,0.7621412935972811
ENSG00000168411,0.06409198558677533,0.21196147058605458
ENSG00000186187,0.3096757785040851,0.6106302373799306
ENSG00000140718,0.3399423479757517,0.2959590617843491
ENSG00000103187,0.2450357858011523,0.2808761615185992
ENSG00000103121,0.015011868832896574,0.04648724126233437
ENSG00000102978,0.3726481547503506,0.5976085672151116
ENSG00000118900,0.29907934745472836,0.3829891115520815
ENSG00000154102,0.00046063040486685967,0.0023482415531661163
ENSG00000103241,0.0978366123890582,0.14739267335348413
ENSG00000166446,0.21915188567457294,0.18488325147522255
ENSG00000183793,0.5825466785745335,0.49310553438867144
ENSG00000131650,0.01655680249295359,0.03261692701368125
ENSG00000127564,4.843318584485554e-05,0.001367175407657194
ENSG00000162073,0.03192591782430741,0.05405449418877685
ENSG00000213937,0.675323903525505,0.6303965947858825
ENSG00000184697,0.04557350501597036,0.07502930770876347
ENSG00000131652,0.29518223802209614,0.23583515398059723
ENSG00000162069,0.04517689766555696,0.12012821996692294
ENSG00000085644,0.9262920780297628,0.9025081564807674
ENSG00000140993,0.3643649873655638,0.7517449235297446
ENSG00000103343,0.8645053261880772,0.938622732255767
ENSG00000167981,0.40258581600558374,0.3800131895239296
ENSG00000122390,0.5968463304577049,0.38919246788901707
ENSG00000103351,0.22682086612540905,0.31102870039127417
ENSG00000167984,0.004316171186219945,0.038076930966562374
ENSG00000126602,0.14144760099352907,0.3805315321057656
ENSG00000090447,0.8133216925846303,0.8931694071737145
ENSG00000126603,0.7610394778137857,0.4630869932206818
ENSG00000217930,0.2646419961719871,0.5598561125289356
ENSG00000262246,0.10219841751822874,0.10474930784383468
ENSG00000168140,0.05290099717409757,0.05938481143676506
ENSG00000103423,0.11831737025044128,0.2801564027437639
ENSG00000103415,0.7338569871327456,0.5979873872272798
ENSG00000281991,0.8189149762155334,0.9587506724199162
ENSG00000156873,0.09694262047916437,0.49191520187820603
ENSG00000196118,0.4885402082742397,0.9265464476831167
ENSG00000102870,0.5619093518734659,0.8437379675391918
ENSG00000175938,0.7223027065964895,0.6654381875607955
ENSG00000099377,0.14811079855077847,0.32605105544632734
ENSG00000103496,0.793231586964502,0.7754793661474925
ENSG00000167394,0.16157398533341458,0.43508594156564684
ENSG00000167395,0.9907817264808888,0.9506098615671036
ENSG00000167397,0.5640798882641291,0.6590717106669791
ENSG00000103507,0.9473962595669447,0.8440586504135269
ENSG00000103510,0.2386715961875631,0.5076903000977422
ENSG00000052344,0.32450166365236743,0.659271119473888
ENSG00000103490,0.13751126037960007,0.21076748112702015
ENSG00000177238,0.2725532153414724,0.4045258356886108
ENSG00000103174,0.15362055664094376,0.2047223767203695
ENSG00000118894,0.124331175142758,0.37398821573080765
ENSG00000125148,0.000974873021937546,0.03924230318820543
ENSG00000169715,0.7850275625457819,0.4572240926840344
ENSG00000205364,0.2349456733606126,0.702238169705828
ENSG00000205362,0.010860961295383706,0.2635794043309329
ENSG00000198417,0.8955089303374313,0.7522036457287817
ENSG00000187193,0.03437434000545567,0.33273906995188013
ENSG00000103316,0.03437562881683842,0.34563362032000944
ENSG00000140749,0.5987621060996522,0.7127401757675951
ENSG00000140740,0.13512316038395927,0.35641652092807186
ENSG00000188322,0.10765734764517762,0.20784353162337238
ENSG00000176476,0.01563599504934234,0.2008273066875277
ENSG00000178952,0.20284306068887895,0.3209225174713484
ENSG00000177548,0.5005560944658669,0.9130192474542761
ENSG00000177455,0.0015572148731349674,0.023026444092097698
ENSG00000169682,0.3849602980986787,0.36667861904258225
ENSG00000197471,0.020842420202737882,0.04694629870368917
ENSG00000149930,0.5405134905915372,0.44874325170604956
ENSG00000149929,0.543136420284263,0.911318758684139
ENSG00000169592,0.23001846769078604,0.4788032148963267
ENSG00000149927,0.9602059001987941,0.8405569987791153
ENSG00000149923,0.0751214297526409,0.2810277182975933
ENSG00000090238,0.07644502803230485,0.25128004517137104
ENSG00000102886,0.9423325814484929,0.9426882828224743
ENSG00000102882,0.5587739058476406,0.5976553398759905
ENSG00000169627,0.1322382088867897,0.37455660525841217
ENSG00000169217,0.7547297502097274,0.7935331013877287
ENSG00000169221,0.06543508946454274,0.3053845954079683
ENSG00000132207,0.2278545861635937,0.10966170237828246
ENSG00000213648,0.9993092037933501,0.30602264104423055
ENSG00000198848,0.8590628119454763,0.6778847509634357
ENSG00000090863,0.06612613095598802,0.12684715081783665
ENSG00000260456,0.061443008806531946,0.18573098329281104
ENSG00000186260,0.90837381992039,0.5834873265678051
ENSG00000205609,0.5582681309628135,0.7749292763483983
ENSG00000184110,0.7605810988839707,0.8355644699485789
ENSG00000007541,0.9581235603696313,0.5470090817750627
ENSG00000196296,0.8066260630442114,0.8486749862577861
ENSG00000089280,0.053300432059356806,0.153361461325962
ENSG00000205358,0.7432691337976547,0.6341985855509891
ENSG00000087250,0.31198797678236007,0.5256966862136478
ENSG00000185615,0.3004266891551799,0.5112651929698087
ENSG00000006327,0.07465366364477986,0.15274500848090924
ENSG00000103145,0.23127193521672418,0.14210640672519204
ENSG00000181938,0.003578336703655108,0.06050607926591682
ENSG00000103227,0.08727853690169798,0.12065223229427785
ENSG00000159387,0.0013032927692827093,0.00700356861527574
ENSG00000067836,0.06671331811964339,0.24086282822750063
ENSG00000155666,0.10994798529485163,0.4698785246903434
ENSG00000261052,0.2854847318278867,0.4682963141706393
ENSG00000175643,0.03046850296378005,0.022972131537676015
ENSG00000184602,0.006434637592036464,0.023671803637467397
ENSG00000166454,0.22323166771662134,0.3629863736122019
ENSG00000260643,0.3795101252336409,0.30994156971956394
ENSG00000140905,0.2955216880480511,0.39826720923010106
ENSG00000135697,0.8158000334048947,0.6622583094740966
ENSG00000090857,0.6881258447118755,0.8358324378280452
ENSG00000223496,0.08971532950634431,0.0810235048854419
ENSG00000157349,0.7355907890753464,0.5550356307858384
ENSG00000260537,0.8707849396718793,0.6147096121508611
ENSG00000168872,0.7381735932046807,0.6957426260671002
ENSG00000157350,0.7398602416363824,0.8914973820994369
ENSG00000157353,0.08472478437481913,0.09852052045937464
ENSG00000189091,0.87363998870702,0.6180525924215181
ENSG00000090861,0.39337188151606706,0.8381399492178856
ENSG00000166822,0.9094117932636617,0.8738648925302637
ENSG00000183196,0.9341903606319933,0.6816462375335532
ENSG00000034713,0.7531786046677058,0.7295632032899549
ENSG00000166848,0.1208419864421881,0.2852562152610016
ENSG00000159461,0.060212665126782285,0.28228348628217576
ENSG00000087263,0.12420192691776419,0.4844479301215029
ENSG00000065427,0.01507727213943568,0.07849325013045803
ENSG00000261609,0.786332789294794,0.8409448564413438
ENSG00000007384,0.6732250246906263,0.9276899550540012
ENSG00000103148,0.20094730709602246,0.36517841036505017
ENSG00000188536,0.7612482061550356,0.7102576553336545
ENSG00000206172,0.7554324970742989,0.6933920574655158
ENSG00000182810,0.22165220444723804,0.2588470945931297
ENSG00000072736,0.15672536540740703,0.30050275686680267
ENSG00000103067,0.24384063133367184,0.1867774442527558
ENSG00000103066,0.22903739398004724,0.2258972351595873
ENSG00000103064,0.6911022808419375,0.763768733173892
ENSG00000103061,0.6247731256590984,0.45701500312547283
ENSG00000103056,0.44107812155567583,0.7998472201941509
ENSG00000103150,0.03351065753643856,0.06235101924634197
ENSG00000140961,0.4689965861025631,0.6068018276891134
ENSG00000103160,0.02649772089448105,0.02325548736866478
ENSG00000154099,0.24869961012966116,0.5679572795140828
ENSG00000169896,0.2096798769266336,0.24846808206734158
ENSG00000140678,0.14206879513285126,0.18251997557909427
ENSG00000140691,0.28850482248499565,0.5118006709471818
ENSG00000140682,0.05820599060213896,0.16745039246740742
ENSG00000140688,0.8100537934722454,0.7505396223244651
ENSG00000103502,0.9543612719964361,0.9213255045821469
ENSG00000174939,0.9880119312595468,0.8067158144683808
ENSG00000149925,0.00021099259263049602,0.0063530157978493205
ENSG00000074071,0.005863870345194167,0.03722991479025291
ENSG00000095906,0.3923927020600807,0.6768486046159515
ENSG00000099769,0.006531046228882854,0.0472761681121188
ENSG00000063854,0.015468628873851397,0.08657472134793054
ENSG00000103043,0.9267188659318384,0.5737092560894219
ENSG00000103274,0.6494091713417566,0.7301828156109131
ENSG00000166676,0.12128156564107774,0.162849432488601
ENSG00000182108,0.34953154964050914,0.8545499224544739
ENSG00000168434,0.6938078151547797,0.9017007283537185
ENSG00000103365,0.004637621022411857,0.05484803896565394
ENSG00000103356,0.372451294011771,0.5759208145486991
ENSG00000103353,0.37815590699886514,0.8996975731753302
ENSG00000004779,0.03319835885701919,0.06094967922845824
ENSG00000166847,0.5575298422199673,0.9402226587998783
ENSG00000166851,7.28554599427492e-07,8.898509306785895e-05
ENSG00000206053,0.05754073824724191,0.1586909842784621
ENSG00000162063,0.017695448647299016,0.0644114205408762
ENSG00000162062,0.0005928539897611652,0.02202177376787527
ENSG00000185883,0.040659280327620055,0.03413670655532064
ENSG00000205923,0.5779341528968731,0.5837836565988569
ENSG00000140992,0.4942311040218359,0.6120774985844071
ENSG00000162065,0.4791917265625216,0.600974298737037
ENSG00000166783,0.9614759573776933,0.6051325990051581
ENSG00000072864,0.2706101342916525,0.4109908785532753
ENSG00000103260,0.6563879547639067,0.9567189379935205
ENSG00000103254,0.037367659321581294,0.05095509474394093
ENSG00000103245,0.4472454918095625,0.48689744971786153
ENSG00000102854,0.7598065976094562,0.7259535172259106
ENSG00000162006,0.010667066969493573,0.01982638076656643
ENSG00000197912,0.22461288876717925,0.3259870880519655
ENSG00000178773,0.30635534838427675,0.506468408073241
ENSG00000185324,0.5255420173297299,0.9372265330967176
ENSG00000158792,0.800303893436402,0.7495787624339496
ENSG00000075399,0.49372856181575164,0.6873355940862431
ENSG00000131165,0.045495589112091464,0.2694811503179655
ENSG00000150281,0.005325669359355982,0.011451112996930446
ENSG00000103194,0.27901182510055633,0.5913875431763398
ENSG00000064270,0.7302434427848439,0.6735513321965748
ENSG00000010539,0.17271186231995958,0.21475074951291542
ENSG00000007392,0.5928716844365602,0.8807838638734953
ENSG00000162086,0.4636695486897965,0.8261860469550202
ENSG00000169180,0.09643429564102739,0.05046602866635996
ENSG00000122386,0.6208624774799112,0.6315723316383284
ENSG00000166816,0.003233234805478013,0.025218713162498536
ENSG00000059122,0.6215311803501763,0.9377114085908576
ENSG00000166164,0.8588268976371085,0.8661907623592868
ENSG00000167526,0.3937383127916365,0.4922658766092697
ENSG00000140807,0.0009648257436389836,0.012490129240435183
ENSG00000205336,0.7183577808064922,0.8353914552401474
ENSG00000159625,0.2738149931773945,0.661903725450544
ENSG00000140854,0.5005826627876546,0.2968209828766263
ENSG00000083799,0.11360320120006241,0.14139981137371452
ENSG00000166971,0.017582894896843185,0.014747600543030552
ENSG00000204991,0.81743098571771,0.6936656570614321
ENSG00000141002,0.9625615339871879,0.9898979231090516
ENSG00000258839,0.0017317308447447467,0.04938005238473737
ENSG00000141013,0.3984755780536411,0.5473102636240267
ENSG00000003249,0.9602271270218347,0.7354452252539965
ENSG00000051108,0.0013810224297171505,0.014283825330893878
ENSG00000087237,0.9952405274556423,0.7403507540167683
ENSG00000140848,0.5803571570075946,0.25336472308705055
ENSG00000172775,0.07925778893424953,0.24441599117799778
ENSG00000102931,0.14627359448570681,0.4854407053069135
ENSG00000125149,0.7898192312452155,0.7223268354254415
ENSG00000237172,0.9249876010467127,0.6996702492566901
ENSG00000102871,0.9506163065559108,0.9720171994777208
ENSG00000135722,0.058721608621693205,0.11524523166857699
ENSG00000196123,0.08772665185689661,0.16215902002025392
ENSG00000179044,0.5739945485339257,0.6009487852406175
ENSG00000205250,0.1425463398356351,0.8727581599758387
ENSG00000102890,0.7602095293523097,0.7233908596826916
ENSG00000168701,0.5417781409376048,0.6252425276380651
ENSG00000135723,0.5164738163616753,0.5876114094419109
ENSG00000135740,0.1728491442711208,0.25969768223934003
ENSG00000159713,0.16358488882758518,0.5858256312614143
ENSG00000159714,0.07702965165585678,0.148293652895739
ENSG00000176387,0.8875994565292196,0.8041933482993324
ENSG00000159723,0.22759074612694594,0.2600383232017675
ENSG00000183889,0.33492271197455614,0.8490054478011866
ENSG00000260914,0.6504574216465313,0.9015364040329762
ENSG00000132612,0.40553256493047185,0.8869435843882002
ENSG00000213380,0.7186929457172875,0.48590243126628363
ENSG00000258429,0.29236565354844657,0.917218141930036
ENSG00000272617,0.1984107697975442,0.4467053450529477
ENSG00000132603,0.023578514580729307,0.3197591716906965
ENSG00000157315,0.33247854794981757,0.7093613055757857
ENSG00000132604,0.7978045430675039,0.7330897492521595
ENSG00000176715,0.5203626204546279,0.6632361624044558
ENSG00000129910,0.06641969607894772,0.05257470050716869
ENSG00000170100,0.039523145417435644,0.1417705731558964
ENSG00000103226,0.06780617920967416,0.2584567531224902
ENSG00000196557,0.2939318880876804,0.6741262755901595
ENSG00000197253,0.026624535730688993,0.05368247998779434
ENSG00000172236,0.04080386709179056,0.03143275421168984
ENSG00000095917,0.08954443341839528,0.14564535626591377
ENSG00000103275,0.016477197269492615,0.0331744741019456
ENSG00000007516,0.2007407158061092,0.3421488570161126
ENSG00000007520,0.06719045367840908,0.10934642048435123
ENSG00000133393,0.7424823235712759,0.47370908442130744
ENSG00000180035,0.8829553248661914,0.6563603524705981
ENSG00000179965,0.35533195474348356,0.36028713619714514
ENSG00000179918,0.744566810209421,0.9412966997668156
ENSG00000169957,0.37258629613596295,0.5773734281902111
ENSG00000169951,0.26226620575932874,0.40096918651188596
ENSG00000197162,0.05402522015474074,0.09145554957380812
ENSG00000156853,0.4512295911609705,0.5789184523987615
ENSG00000156858,0.5324095188394509,0.5550072285170375
ENSG00000156860,0.38183570171874426,0.523900926652666
ENSG00000005844,0.012465187027032684,0.019579616349453353
ENSG00000070770,0.24089439481022484,0.5913825320423156
ENSG00000179958,0.48946931311765074,0.6532639416299199
ENSG00000103222,0.38061972852985304,0.8520431381525891
ENSG00000102935,0.996988695463105,0.9509238653526262
ENSG00000121281,0.33647386684819564,0.3682886418460545
ENSG00000121274,0.6774224204831303,0.7481122543692522
ENSG00000179776,0.70260250934107,0.4063717733753489
ENSG00000217555,0.9244924804956173,0.8096930096590018
ENSG00000254788,0.4948836856568746,0.8583103637299883
ENSG00000140931,0.23392318370991924,0.6702414748318846
ENSG00000183723,0.9684944732348211,0.8654708036345075
ENSG00000188603,0.8037504265250695,0.4472312797846163
ENSG00000166780,0.37233670006415687,0.7274930089924143
ENSG00000133392,0.19782493686746208,0.399311525248206
ENSG00000176046,0.024387486634157858,0.1428477891442523
ENSG00000197165,0.07981873761393983,0.14325386275777047
ENSG00000166548,0.06752007399160938,0.16662826222294258
ENSG00000167977,0.03741336349617462,0.2709477868275275
ENSG00000172382,0.7971356353114945,0.4240022948650818
ENSG00000007038,0.6637680092923757,0.5874700429398771
ENSG00000005001,0.015194997661885533,0.015734600134046373
ENSG00000153446,0.000592572546588998,0.009063097863513017
ENSG00000140995,0.38422857088129225,0.6994091123853602
ENSG00000103168,0.8271411423656019,0.877889259902648
ENSG00000011638,0.9214910598953506,0.8550983273339039
ENSG00000162066,0.8828142314795282,0.9350377410818654
ENSG00000099364,0.046662286073790284,0.0911231078744313
ENSG00000099385,0.6791112267886054,0.9788284517086127
ENSG00000103549,0.6757124066187201,0.9503743414833921
ENSG00000153066,0.02197506615478645,0.04793933644775448
ENSG00000153406,0.26983698148156077,0.3223800992530922
ENSG00000103253,0.33543816870712606,0.6297399879632986
ENSG00000089505,0.13666042958569885,0.3846120307977984
ENSG00000062038,0.16361743605826803,0.5210639483517966
ENSG00000039068,0.6357314856444369,0.40099831939811215
ENSG00000169347,0.23524361338111052,0.42562873262724965
ENSG00000008516,0.623842257595285,0.8973124584418403
ENSG00000103037,0.9235170388361535,0.9559013122193376
ENSG00000125107,0.7957128149116133,0.7277585282543217
ENSG00000103042,0.2624579165140925,0.6014393379007887
ENSG00000125166,0.0651540915723111,0.3370475344536535
ENSG00000103479,0.21790704682118334,0.07352465049590083
ENSG00000103494,0.8670606067197252,0.8198393871294027
ENSG00000258947,0.010023106984188727,0.25680363381611343
ENSG00000065457,0.8134227889776251,0.8977392481698161
ENSG00000070729,0.06322269539227482,0.07067643833355655
ENSG00000159579,0.1379214811920108,0.5803620201270937
ENSG00000189067,0.3586458787531407,0.3560250245083496
ENSG00000213853,0.12548970074597468,0.1518772235053508
ENSG00000166188,0.38249443191330224,0.2047194576418024
ENSG00000229809,0.18380245408027965,0.3507596335567773
ENSG00000166451,0.0008646819750840227,0.011117605049373496
ENSG00000205423,0.7315388427045937,0.4824180896334268
ENSG00000205730,0.23068333609394084,0.5198484874984899
ENSG00000196155,0.18359107853501327,0.11595830567484516
ENSG00000090581,0.9985710991316317,0.6890406260719639
ENSG00000066813,0.5784515552394176,0.6449820247245606
ENSG00000005187,0.12139534640557488,0.14224909268672886
ENSG00000066654,0.8615628095900755,0.8114144571763247
ENSG00000005189,0.23361186204564985,0.5873429281429416
ENSG00000183044,5.448039148064933e-05,0.001149031033795595
ENSG00000184857,0.6894899967701719,0.5501151463951712
ENSG00000153048,0.0006179388437465959,0.004610983451429268
ENSG00000086504,0.00717972673912187,0.041562417785678665
ENSG00000129925,0.739489156610623,0.8632500325777666
ENSG00000103202,0.001302105846712945,0.01603995572937259
ENSG00000242612,0.2688855540519845,0.792489228498572
ENSG00000125144,0.9969699093201705,0.48201560716574987
ENSG00000157429,0.04304517848741453,0.10291435019918985
ENSG00000140835,0.20343183188282146,0.34046799313760906
ENSG00000140832,0.3022005691899862,0.6208165060546014
ENSG00000040199,0.5348087940399662,0.3352283152548758
ENSG00000166747,0.6791899205032319,0.49485982157083475
ENSG00000186153,0.6140324648601159,0.9285458531887625
ENSG00000175595,0.5882361466932435,0.5438413823386306
ENSG00000091262,0.00036210637713996325,0.005887123016879181
ENSG00000118898,0.969048496938915,0.8586819297892123
ENSG00000033011,0.9168447633918038,0.7232155483014571
ENSG00000162004,0.04729609639658097,0.08503457416296041
ENSG00000134398,0.9915831223953232,0.6652164136078854
ENSG00000166501,0.005896637955888174,0.019235117994266727
ENSG00000122257,0.8372963209499706,0.9887778804557881
ENSG00000182831,0.7465373766824372,0.5648412734785959
ENSG00000140650,0.1705588873223562,0.3119808506266421
ENSG00000167005,0.06714017026389775,0.3372897327925425
ENSG00000125124,0.7505409555900908,0.7718665732774291
ENSG00000224470,0.5118880106009107,0.3471276713251322
ENSG00000182149,0.8117633241812338,0.9745421502501236
ENSG00000102984,0.0945099269155292,0.1644695052920168
ENSG00000102967,0.835555120172814,0.43801400262687007
ENSG00000140830,0.7713238627726018,0.5337148537388172
ENSG00000140829,0.28731466624688184,0.6207931376124664
ENSG00000166592,0.14908347840227792,0.1911372191727982
ENSG00000166595,0.787325260852958,0.6569821954904841
ENSG00000172831,0.401922141429102,0.6271831384151394
ENSG00000172828,0.4232340970342191,0.9446029344418634
ENSG00000067955,0.8216088185070881,0.32279485506974115
ENSG00000102878,0.05863183285634946,0.16325671278251147
ENSG00000099381,0.6317531275117488,0.8767114422758535
ENSG00000103024,0.7718227124203008,0.7224177440085775
ENSG00000285043,0.11341924074041601,0.19077200307083414
ENSG00000159648,0.07477107928757867,0.21006472819576405
ENSG00000185338,0.15071449823876282,0.2436241256893182
ENSG00000213918,0.7857861401645188,0.5336894532315875
ENSG00000168488,0.07788352642079148,0.06107490897004057
ENSG00000167523,0.14073454282239187,0.3075524096560004
ENSG00000103404,0.5240084396538676,0.663273145226861
ENSG00000008517,0.07103647001846418,0.1504522013457048
ENSG00000185947,0.8103838899158088,0.9564631364024062
ENSG00000270472,0.11248573674778235,0.2074453982197262
ENSG00000177200,0.13586404857540527,0.1211028786567176
ENSG00000174938,0.7154498536156947,0.6308935598956206
ENSG00000259803,0.012691419488892882,0.04173321782929088
ENSG00000180917,0.8592653810131354,0.5740366041101057
ENSG00000172137,0.00032895576495204786,0.017368703507720785
ENSG00000167377,0.5805639258637608,0.533972074002134
ENSG00000185905,0.006691341240709876,0.05888626106225748
ENSG00000167371,0.6850533553306071,0.9809223272438823
ENSG00000280789,0.6494217768828349,0.8178436077151818
ENSG00000013364,0.7478462667512673,0.8301148413128867
ENSG00000079616,0.04222850430067909,0.08915893120216062
ENSG00000138834,0.27674318373414897,0.5015155721741007
ENSG00000103196,0.37879193269819145,0.5976778449616268
ENSG00000153786,0.974030750346649,0.9458963514631937
ENSG00000153789,0.008860601417110484,0.03426266915730231
ENSG00000135709,0.04095558957625321,0.10174490581641403
ENSG00000140743,0.7326791353948812,0.8401036494219296
ENSG00000196678,0.18519610237991158,0.28793973746326595
ENSG00000188215,0.915502110782914,0.7994252666809191
ENSG00000102897,0.7409527471139821,0.7998434952654287
ENSG00000162078,0.41891745782208634,0.3587214832444392
ENSG00000132600,0.9892052961918897,0.8403397943349956
ENSG00000176842,1.2772858113949707e-05,6.449211733448661e-05
ENSG00000132613,0.3692098076163284,0.16008736226451245
ENSG00000140987,0.24124635417467,0.24703670677813244
ENSG00000184730,0.26930098145029036,0.476673491620653
ENSG00000185864,0.13405527302114348,0.2101513299282124
ENSG00000149922,0.6735735813140507,0.7120779971137321
ENSG00000167208,0.018138673284358107,0.04844279922276358
ENSG00000153815,0.014359927118811351,0.056268302801765695
ENSG00000159720,0.1324220134566916,0.12217088777028859
ENSG00000103021,0.6453261603927809,0.3249054126985553
ENSG00000157106,0.8658031916411879,0.9633410258300323
ENSG00000167522,0.04184122595866294,0.04884710574079377
ENSG00000257017,0.05362104046443496,0.04528151491119395
ENSG00000180096,0.00977229229016898,0.019183945075657745
ENSG00000157368,0.0597236843103892,0.05203839622774685
ENSG00000103154,0.4136848954824116,0.3865686902844909
ENSG00000140943,0.8987597453582805,0.5438232460141734
ENSG00000103035,0.018418163380800743,0.09393042852331379
ENSG00000196436,0.3474599055213228,0.5162908255478983
ENSG00000205084,0.0482713190266565,0.13039535403809938
ENSG00000103363,0.08331857518889876,0.09057454359065069
ENSG00000103044,0.40001892916975323,0.754967760166908
ENSG00000168802,0.24950248588646612,0.11868488726646467
ENSG00000286140,0.09428414937431495,0.11672367536608563
ENSG00000198736,0.18104949332385784,0.45544566039229184
ENSG00000140990,0.17708267843891048,0.10785628405599013
ENSG00000140988,0.06140430779408206,0.14771644747416718
ENSG00000183751,0.3628173610812945,0.44364489860386225
ENSG00000196408,0.4839521654252106,0.5549977675160963
ENSG00000127561,0.6812686034907873,0.7362611117395248
ENSG00000065054,0.30007445406520666,0.4480417423610018
ENSG00000065057,0.8285014950915922,0.7615152169340859
ENSG00000167962,0.07453509288689597,0.5712370672613416
ENSG00000103197,0.7553068680321346,0.439189514761254
ENSG00000174109,0.010157014967969166,0.025629171615117755
ENSG00000197599,0.1622724329321829,0.2241826783012884
ENSG00000140750,0.4862635083630039,0.8350154408745302
ENSG00000103018,0.1551573299045186,0.5699503098064653
ENSG00000169955,0.3412924452983842,0.5231292307550994
ENSG00000197302,0.6955781812695491,0.5724586496505943
ENSG00000161980,0.7499526924875688,0.6365209073324944
ENSG00000161981,0.5822480936306103,0.7153055146010465
ENSG00000103152,0.8654386998220895,0.44842009452862086
ENSG00000149932,0.2591073101196374,0.445814606000985
ENSG00000015413,0.80865958415658,0.9574790331768828
ENSG00000166669,0.011451480856324317,0.02236811377543683
ENSG00000140853,0.9399089221903564,0.7672394023798255
ENSG00000155393,0.8649389180862723,0.5614984733051218
ENSG00000103034,0.8575421718342279,0.975965130795039
ENSG00000168807,0.13679278424723973,0.15068984029676383
ENSG00000176953,0.7615442089203793,0.9985675650292969
ENSG00000140945,0.9123069832437758,0.8895213136394134
ENSG00000230989,0.8293129496050993,0.9796291003860322
ENSG00000103550,0.005586356765568776,0.00913411125736217
ENSG00000103540,0.5510548383152667,0.9412083829972212
ENSG00000167191,0.9814767106564203,0.8707810187742777
ENSG00000174628,0.7874918597483023,0.6109407161588802
ENSG00000102981,0.35523715008409007,0.2700197895992403
ENSG00000124074,0.5406750906164732,0.7353322439998922
ENSG00000141098,0.2524001740813136,0.43591986431824814
ENSG00000179583,0.005427750389769431,0.02528575928875015
ENSG00000039523,0.23382493585801017,0.49709729925017465
ENSG00000102974,0.3308013776141543,0.621434823968078
ENSG00000141084,0.7425649357237578,0.8429811901992093
ENSG00000102901,0.3611145891952864,0.9993743465432162
ENSG00000168286,0.7950175224469961,0.6605050962980128
ENSG00000038358,0.8840843862984629,0.9626035777083903
ENSG00000188038,0.04840515064755458,0.06774629456997167
ENSG00000159792,0.7454607526454673,0.9136652902659341
ENSG00000205220,0.5379840757936847,0.5605969773050075
ENSG00000213398,0.21033885621716278,0.2941822243508687
ENSG00000167261,0.00416034799415336,0.01712178756994869
ENSG00000167264,0.592736051031606,0.6285531418836052
ENSG00000103512,0.5087180697582743,0.5516410336268281
ENSG00000179588,0.9316327187716908,0.7946328426599758
ENSG00000158545,0.04908892872019819,0.16614756446307125
ENSG00000124391,0.2862525570516372,0.6320347875478257
ENSG00000051523,0.886887584481352,0.8344524333092103
ENSG00000167508,0.1359661685776527,0.5070460452426053
ENSG00000185669,0.00033564266027892245,0.0033718043352283806
ENSG00000158717,0.04734376661797492,0.11722037384280742
ENSG00000174177,0.792973008147506,0.8419591084553458
ENSG00000103429,0.5065469236744642,0.3413345297360088
ENSG00000069764,0.20770792534425603,0.5864687816164482
ENSG00000159753,0.26239368190367734,0.1909542348567077
ENSG00000102879,0.025781256777637797,0.048973507968470976
ENSG00000158805,0.15266148257697226,0.5355008096402023
ENSG00000167513,0.00032166163414091843,0.009514784753731222
ENSG00000198931,0.07992158041804663,0.24072638665781432
ENSG00000141012,0.03869522225134741,0.3065035543993724
ENSG00000129993,0.0009619368474075632,0.0041399203484447184
ENSG00000167515,0.9365551654861173,0.850928850704024
ENSG00000187741,0.007281307969339349,0.01824517698464825
ENSG00000077235,0.051300524052640406,0.05656271552922465
ENSG00000047578,0.5857299418839392,0.6311665749765366
ENSG00000127554,0.4291563699734462,0.3026942617261838
ENSG00000131148,0.0510974494374528,0.12392489006248454
ENSG00000131143,0.6337291354917676,0.626356867287977
ENSG00000140968,0.010540005160020311,0.03257050669445855
ENSG00000213658,0.21458057076973616,0.5251844340594063
ENSG00000169189,0.2360122570292766,0.23411955568986142
ENSG00000077238,0.4726713778392392,0.3877670682976585
ENSG00000103522,0.10278381264013382,0.08009412019923223
ENSG00000169246,0.48123698200263354,0.8018622427408346
ENSG00000172366,0.37544214648573737,0.579030352878835
ENSG00000161996,0.3169001057579863,0.6355893052148825
ENSG00000103269,0.7716464399144551,0.6323861884155495
ENSG00000103266,0.48115951208264185,0.6053667803381628
ENSG00000161999,0.6333132919537878,0.6724863680422403
ENSG00000127580,0.4073855174480988,0.6579905220820674
ENSG00000127585,0.3077675459120948,0.1483329996759242
ENSG00000140983,0.804631805211321,0.6656997489684309
ENSG00000198064,0.3258865671852275,0.6477336154431387
ENSG00000083093,0.4203385521605508,0.2406718558684491
ENSG00000140694,0.4350766778181685,0.40414592557111195
ENSG00000184860,0.05621164019088482,0.1184089778207628
ENSG00000086696,0.3487272978420919,0.155925343463454
ENSG00000135698,0.1228416885877401,0.10337928227470392
ENSG00000233732,0.9380109383852195,0.4868715389844772
ENSG00000271130,0.016549076156813353,0.07942093480057681
ENSG00000197943,0.012289025199466303,0.04569365354716705
ENSG00000174943,0.17760758540470292,0.44215353768897636
ENSG00000188827,0.442085469748168,0.5383194607915098
ENSG00000171490,0.1459748748683937,0.3267319865025294
ENSG00000103342,0.5521805827375825,0.6069785536587178
ENSG00000048462,0.004445395411103199,0.06642222601269171
ENSG00000102996,0.4129046948376476,0.5275890347794754
ENSG00000103005,0.09262104499517959,0.527600550963994
ENSG00000254206,0.6935875924690922,0.4452562588394354
ENSG00000196502,0.011623826165971088,0.04824812132310707
ENSG00000102977,0.19461617585436541,0.7260949112641975
ENSG00000167207,0.5120181833945133,0.46145711265213896
ENSG00000102893,0.14326017246852496,0.18046083708257404
ENSG00000100726,0.4001681422210912,0.9837023828165768
ENSG00000103249,0.685628010118086,0.4255680700324771
ENSG00000277639,0.13407173332407216,0.24980785027529495
ENSG00000172824,0.02914770468988899,0.031119423979283828
ENSG00000180185,0.47223723221018243,0.6887041601411321
ENSG00000168101,0.16098168639040392,0.17057893743629002
ENSG00000243716,0.3249637848300959,0.5906154600836275
ENSG00000214967,0.18136259812601305,0.5542865554019138
ENSG00000125170,0.14281568559725474,0.27216325862681406
ENSG00000234719,0.678282678675328,0.6886056256528514
ENSG00000181019,0.3699406155765692,0.570248248552219
ENSG00000141101,0.08542846792148578,0.567541814874942
ENSG00000102908,0.4603464381394279,0.31772284386579486
ENSG00000172530,0.280723541617637,0.5394077151725457
ENSG00000166546,0.5387042405694741,0.583983688275055
ENSG00000187555,0.5419755462227633,0.7120820684380662
ENSG00000183336,0.13704776473953495,0.593406547415166
ENSG00000261740,0.012099801165907604,0.059047275941297966
ENSG00000102898,0.033377268311264086,0.27230323526544337
ENSG00000103051,0.2429901652309212,0.7630472092461615
ENSG00000038532,0.4131548322209485,0.48886574815375283
ENSG00000103264,0.195749247169301,0.18181785262762526
ENSG00000140941,0.9598403145719615,0.8303626675294081
ENSG00000205629,0.43923210030289095,0.4770099493858102
ENSG00000155592,0.6723527322217726,0.6230137154155523
ENSG00000181625,0.12746444677395835,0.6243756810849237
ENSG00000008710,0.3767839838319764,0.47900793144481113
ENSG00000167964,0.6970745933059773,0.8921669899239698
ENSG00000131653,0.01564212107528987,0.1657779995467579
ENSG00000167965,0.046077724212801874,0.06886990758935416
ENSG00000182685,0.5507493135482191,0.5953160424869184
ENSG00000184207,0.06521971879491019,0.20281914575566917
ENSG00000167967,0.6813516278514992,0.9064061678785037
ENSG00000167969,0.09845940000011234,0.325948682660657
ENSG00000205937,0.05255760002546883,0.12418276747294808
ENSG00000102934,0.09185793772465214,0.3030247030591823
ENSG00000090565,0.29039208218280366,0.5025024255433581
ENSG00000103326,0.08134808251024814,0.27764179125522853
ENSG00000124067,0.6648090083794589,0.8755685782675796
ENSG00000103495,0.28817730787630175,0.42187684273942894
ENSG00000006194,0.5961642818002235,0.9851165962127902
ENSG00000197006,0.008876888166083813,0.01930664341735216
ENSG00000185716,0.3199898478869012,0.20234825884709687
ENSG00000175267,0.12874213688687466,0.3773753166427116
ENSG00000270467,0.3647711453176311,0.8071876367338486
ENSG00000271178,0.38784128132165563,0.4928529387062587
ENSG00000259680,0.49041437365415375,0.7089432223089683
ENSG00000198373,0.04266845185768257,0.07179263489150496
ENSG00000214940,0.42934746407979185,0.4417447905099354
ENSG00000233024,0.2691056335307407,0.5182431537665264
ENSG00000185164,0.3168582015235733,0.3677705154627595
ENSG00000183426,0.00605807749040884,0.012750081285176832
ENSG00000179889,0.23764141067253666,0.22238220058078917
ENSG00000085721,0.24774480236005467,0.14161942705432404
ENSG00000080603,0.9730979718665895,0.6844224986999929
ENSG00000162076,0.9768678573614994,0.7751821475075317
ENSG00000087258,0.01960389912473019,0.02523440865008376
ENSG00000183971,0.27055100680491473,0.9645600111847783
ENSG00000169203,0.5972054168527137,0.718430757863351
ENSG00000140939,0.5930667913981806,0.9248368161103929
ENSG00000103544,0.15678788375116973,0.08927745947770512
ENSG00000162032,0.7316140811950289,0.8232214229561892
ENSG00000140859,0.9356785655337092,0.8905293104950451
ENSG00000178188,0.051883384179617485,0.21135557178629685
ENSG00000167978,0.4223263682123716,0.3196842790818638
ENSG00000164151,0.7894277034264361,0.5000940636074609
ENSG00000145536,0.5548859262909355,0.9499531846897216
ENSG00000171421,0.25461497354082785,0.49928912577794526
ENSG00000124279,0.2720889972884427,0.19077602251516818
ENSG00000112902,0.30318748453908684,0.3200913423897203
ENSG00000145555,0.9666677265590997,0.5475441350572019
ENSG00000133398,0.2312001631330102,0.4598101324783944
ENSG00000124275,0.6291897944965459,0.467871081010107
ENSG00000215217,0.1287990607283251,0.4962202744686798
ENSG00000113569,0.34823437709607485,0.9934819305578609
ENSG00000183580,0.39352135762788076,0.4378968281001804
ENSG00000152582,0.7119830435616232,0.5484854841954168
ENSG00000164327,0.7974321336270951,0.8099459384043002
ENSG00000056097,0.5584915537993225,0.9294819529903551
ENSG00000177058,0.7206674216121856,0.8471455322988108
ENSG00000164294,0.00014459321223683386,0.002950667055990461
ENSG00000154122,0.9197044224587352,0.9218114217278749
ENSG00000113593,0.7956763123722956,0.8500095466427715
ENSG00000151876,0.46518840529295347,0.20860324887643866
ENSG00000113389,0.6419336468217006,0.4432414077523267
ENSG00000134363,0.014387128760597563,0.028012005077945473
ENSG00000112996,0.20949127639514367,0.8450093405771859
ENSG00000151388,0.04661933601936234,0.2826286112181569
ENSG00000234602,0.8247543820186829,0.865006617772196
ENSG00000039560,0.7696883730515922,0.5950695723018348
ENSG00000172244,0.046026918957577295,0.23806125865127595
ENSG00000170571,0.6164992730060201,0.8009501456146488
ENSG00000164181,0.08467119264384952,0.05688914496095551
ENSG00000213949,0.834386747734545,0.8227364836283628
ENSG00000035499,0.00014390465633298444,0.002536518646608459
ENSG00000049860,0.8950453887371914,0.8148864887564645
ENSG00000198865,0.06449556290290233,0.5298705786073014
ENSG00000039123,0.7982930983950959,0.9598798515766293
ENSG00000174695,0.3750259826461705,0.4132252643247981
ENSG00000145681,0.6123491901567149,0.7413247007656468
ENSG00000038427,0.018641769254476522,0.1095866376240982
ENSG00000083720,0.8237427154783183,0.8473827590344373
ENSG00000113387,0.7932485838236032,0.9192429481246278
ENSG00000152611,0.15049002707857173,0.3627768019347085
ENSG00000113597,0.8810156823035574,0.8503627234172383
ENSG00000113088,0.026692375399593665,0.07556414630424663
ENSG00000113273,0.12424134825679299,0.3834420440614654
ENSG00000123219,0.000937648590022662,0.008324763761203804
ENSG00000133401,0.19102007719460182,0.5578778482642431
ENSG00000134480,0.17757333816836082,0.2793057157163812
ENSG00000130449,0.7017721021931473,0.7574492041147433
ENSG00000164171,0.02972394121232965,0.05353268478190828
ENSG00000152409,0.6225973565980397,0.9719148619968457
ENSG00000164300,0.7263117803449605,0.8924110658740364
ENSG00000164190,0.8182529910744811,0.5422126057132581
ENSG00000131730,0.011845796404873245,0.03361336711194603
ENSG00000145623,0.710632379945177,0.8051173531800904
ENSG00000253251,0.4534050200449551,0.6068330466520283
ENSG00000152348,0.0378225884737935,0.047433380360971215
ENSG00000113319,0.301559444842721,0.6837729490838226
ENSG00000197860,0.6548781512540395,0.3652881996088433
ENSG00000113384,0.7248465755802629,0.5145919780510805
ENSG00000189127,0.10419277474778502,0.15928455899367985
ENSG00000112874,0.9647162541340248,0.6937697635372311
ENSG00000062194,0.7038867878146974,0.4758798785536421
ENSG00000113318,0.09285908815095832,0.19938071374584473
ENSG00000134061,0.05080041330008006,0.11609295136756774
ENSG00000168685,0.02724962140776787,0.04632761165632231
ENSG00000127184,0.07089785745301727,0.02713300571313663
ENSG00000152669,0.6901260806678052,0.7715847293698781
ENSG00000113494,0.033713148691093764,0.008099379084008826
ENSG00000250722,0.004477438617227478,0.018642778649876242
ENSG00000164258,0.11418826210085645,0.09370719154194257
ENSG00000164211,0.05859730616303364,0.08430742008286643
ENSG00000175426,0.8417107605984585,0.9594862234135545
ENSG00000113391,0.465631370700785,0.46631133377367007
ENSG00000132837,0.39351017503036334,0.8746065001012712
ENSG00000067113,0.5259814672789822,0.6150566142593831
ENSG00000145782,0.0009202426426085542,0.005111924001186372
ENSG00000164199,0.016912482254667998,0.1143670905146461
ENSG00000198961,0.8491594318041098,0.8310842102294189
ENSG00000157107,0.8445494834423024,0.967502958868299
ENSG00000134982,0.6404234071275615,0.5091676055278522
ENSG00000164400,0.32196334191599374,0.17418644889860513
ENSG00000155324,0.5205833519866379,0.28007229820286317
ENSG00000113595,0.44497466343347014,0.4156409276219931
ENSG00000129596,0.06555432922857145,0.1781544187039985
ENSG00000164318,0.6359042833955375,0.9676584158133651
ENSG00000169570,0.8879373110733476,0.772716199573049
ENSG00000146021,0.4717989171415281,0.5544195056903911
ENSG00000129595,0.2272747896582695,0.7182583910979631
ENSG00000113522,0.20313045793114032,0.15145162227789527
ENSG00000177879,1.1973651334378375e-05,0.0001171177398862399
ENSG00000113369,0.24441684861272966,0.4600054406379088
ENSG00000164209,0.9651686991067293,0.7261552656148466
ENSG00000113368,0.00030632761306996086,0.002945943515565343
ENSG00000134986,0.1348762234596544,0.13225413924393667
ENSG00000120708,0.02189901924032601,0.10136521767445604
ENSG00000132840,0.70219847075382,0.8212123139761085
ENSG00000164176,0.9824449881119631,0.5444272642980448
ENSG00000164902,0.26567384853215675,0.31429487737057227
ENSG00000058729,0.02839649818330188,0.021805880648866887
ENSG00000170549,0.03204796278601016,0.2967976364045649
ENSG00000184838,0.12460564219664752,0.16934471830711978
ENSG00000113361,0.6030428553897622,0.6176005122994324
ENSG00000152413,0.11303797655525247,0.2613194603144153
ENSG00000053108,0.7163526650152323,0.8482694199554437
ENSG00000113296,0.6494236799999309,0.4107301196133607
ENSG00000112992,0.09672535212106205,0.1427050351238357
ENSG00000112972,0.05862294002726239,0.14642716100876255
ENSG00000131711,0.046850814067904846,0.06632697128772509
ENSG00000283782,0.6009678028549232,0.6330984673599998
ENSG00000164283,0.06871749259314713,0.13352078069572962
ENSG00000151882,0.3586712075294126,0.3302053677893293
ENSG00000205571,0.30199545403410577,0.19867275732866432
ENSG00000173926,0.8169002921346513,0.8448482189222808
ENSG00000176788,0.1606779232414062,0.19459163572560692
ENSG00000157111,0.00045336055193333794,0.006062464099703015
ENSG00000164219,0.31348662966272783,0.37343742967400295
ENSG00000113658,0.7605504307279181,0.9373980951676092
ENSG00000164197,0.0029457688190388863,0.05218860954134511
ENSG00000145649,0.31737211222501455,0.6272852361820631
ENSG00000155329,0.30954636124287677,0.23081299820081067
ENSG00000145692,0.9853761387778761,0.7172876628091795
ENSG00000145780,0.5661569191441829,0.4433108688435444
ENSG00000082068,0.48460174591529115,0.17065244971468888
ENSG00000172239,0.408410120467815,0.6925739221211824
ENSG00000064652,0.5361943584374204,0.7593349159382425
ENSG00000173930,0.03755103781242832,0.21215741124416945
ENSG00000113532,0.27053954497465194,0.3222428935163564
ENSG00000134970,0.019245434135105505,0.03415288762513623
ENSG00000164308,0.24581219004125893,0.0957472621773476
ENSG00000205302,0.6185687321091289,0.578342231763786
ENSG00000169302,0.006934956680389936,0.010037670973092163
ENSG00000044115,0.03248406648620652,0.05692420428569871
ENSG00000091009,0.04947340959088662,0.10963776176578877
ENSG00000178996,0.38080636410683444,0.5577223680571415
ENSG00000113272,0.040281382434810914,0.03942160456137929
ENSG00000152684,0.014491588650447503,0.07207626153591284
ENSG00000120137,0.6927412706387841,0.9557527007989822
ENSG00000176049,0.6574085309772504,0.43544306243615105
ENSG00000145685,0.1039001646468601,0.2235918164520011
ENSG00000072786,0.821583862441878,0.5297852026466023
ENSG00000132570,0.6990269285840929,0.7290630552131769
ENSG00000150712,0.07571044123361115,0.13384840723206404
ENSG00000113657,0.6289368591746431,0.2648944377102175
ENSG00000155858,0.04136459268732088,0.07493268553656875
ENSG00000072364,0.5174010931165451,0.5760715621521488
ENSG00000157510,0.2422198797657425,0.45190718217791637
ENSG00000145817,0.18901076414105922,0.3609041638993101
ENSG00000164221,0.9662875893613946,0.878610269742601
ENSG00000197948,0.1620866373727748,0.27995445067945784
ENSG00000168938,0.01799816232172809,0.06011390571251676
ENSG00000113638,0.6515540868680059,0.918110335035483
ENSG00000113441,0.8961586120928378,0.644470100952873
ENSG00000165810,0.007366019205431751,0.09847391134596094
ENSG00000155846,0.6016813658537032,0.6217236473007943
ENSG00000131507,0.45590804838098853,0.2575796862659421
ENSG00000064651,0.7633117213452737,0.7537310162565194
ENSG00000168246,0.08241403161069229,0.1304562396639829
ENSG00000113552,0.2470115907955783,0.17747940532654702
ENSG00000161021,0.9404743417036229,0.9535024295568331
ENSG00000164576,0.65773565339335,0.9946113706630547
ENSG00000113643,0.011193574973225642,0.15855679563087527
ENSG00000221886,0.9233237319726257,0.8469464651837009
ENSG00000112984,8.731437417047932e-06,0.0002723620792110768
ENSG00000251201,0.013885115651934723,0.046402488387059425
ENSG00000174132,0.49742349780423434,0.4499321246073408
ENSG00000145781,0.8230402421054949,0.6406092814714826
ENSG00000145779,0.9630131093707507,0.9425748207641642
ENSG00000228716,0.000903454578821422,0.009120288175081665
ENSG00000156463,0.25701195817553574,0.8267664096143584
ENSG00000174705,0.12901953959808238,0.7039703142737556
ENSG00000164611,0.0001034483355213596,0.001304054431623887
ENSG00000120705,0.027624276098347198,0.08040179177584622
ENSG00000145819,0.14607419027641547,0.20790256587168085
ENSG00000164265,0.010053103898135287,0.08681110821359839
ENSG00000081791,0.511388410791011,0.6913881052180815
ENSG00000118985,0.12884013811391273,0.26196242215669757
ENSG00000131459,0.0010511624902767244,0.009392460252219998
ENSG00000113578,0.16544692134457983,0.1586857198503787
ENSG00000164284,0.05832186210950673,0.11989245784529812
ENSG00000120149,0.012988058176947164,0.05329156233366887
ENSG00000145919,0.49999524290076913,0.46686117651557135
ENSG00000164609,0.9828120750070924,0.9233795594098573
ENSG00000120318,0.8180226209687034,0.5918282848320332
ENSG00000118322,0.8812048843029814,0.8868306359784626
ENSG00000170091,0.6711123709301743,0.8185141172157453
ENSG00000113580,0.5231607923394551,0.6151599114875026
ENSG00000113594,0.0010096991372885989,0.0029743926165931326
ENSG00000145715,0.04979932948542195,0.07319589743962353
ENSG00000082515,0.0037030937368935464,0.014390123409667513
ENSG00000164904,0.4030783001444823,0.88193777109204
ENSG00000170214,0.031843962460889455,0.08642435756431772
ENSG00000171522,0.2718080813294802,0.8284258397920806
ENSG00000183111,0.22836641719683276,0.6945613470882683
ENSG00000123213,0.0036372926474247703,0.042583594629106054
ENSG00000213316,0.006933024330745848,0.03303863988158006
ENSG00000171992,0.26415626792576696,0.3414488071679154
ENSG00000120725,0.398848221311359,0.3348806759995951
ENSG00000113300,0.5891360566056275,0.7007149077197301
ENSG00000094755,0.19695602113004848,0.184936686761765
ENSG00000013561,0.23996316751985786,0.34913746419309344
ENSG00000214357,0.7312920498387816,0.939010462264903
ENSG00000039319,0.8199517162372584,0.7982313874366378
ENSG00000161013,0.2607222500345652,0.3918521743609902
ENSG00000164466,0.0016519453615432514,0.037814153430382996
ENSG00000198108,0.5500358563540046,0.6363154355667955
ENSG00000178776,0.048498773571876194,0.1330497933851252
ENSG00000164402,0.06381708462378731,0.14806488768308598
ENSG00000113742,0.43688968508709847,0.8742134832090764
ENSG00000070614,0.9752736836471592,0.8820130403120121
ENSG00000113269,0.026793530846427473,0.1170397097517707
ENSG00000161011,0.9837245479573347,0.809005348259264
ENSG00000145882,0.9622193592031623,0.8339799990489589
ENSG00000152377,0.0005183103955792741,0.03412625683841272
ENSG00000133706,0.19043789142652165,0.1657562477904143
ENSG00000249751,0.6593804077155561,0.7573926574725885
ENSG00000145861,0.6860389983239141,0.9809268889321844
ENSG00000086589,0.5195090287621362,0.5186954809530713
ENSG00000164574,0.8726426602075947,0.9749089197159824
ENSG00000151883,0.2474699467415206,0.35085422186024173
ENSG00000198055,0.7999993275734312,0.9485639506595579
ENSG00000131188,0.19246962886712451,0.31376112262295286
ENSG00000183258,0.03339953523426654,0.0969898095401349
ENSG00000164296,0.5643236160017053,0.4488491508868977
ENSG00000113716,0.23427933992526923,0.48718083622972896
ENSG00000182578,0.3804371732159626,0.35724107533066163
ENSG00000113721,0.46801383776565575,0.892660210156986
ENSG00000164307,0.686968172932956,0.5280031484323174
ENSG00000164366,0.277746636855895,0.3342844249409077
ENSG00000180104,0.889861537632516,0.4227069001945962
ENSG00000066230,0.15995740456726346,0.09231625718688063
ENSG00000112877,0.9983347342052457,0.4135764017804813
ENSG00000171368,0.014505722428263408,0.08267178703537735
ENSG00000015479,0.6991099798282574,0.6332400695302534
ENSG00000120727,0.9074615227259206,0.5875566129992283
ENSG00000170482,0.7144368381327422,0.6975565983020026
ENSG00000170476,0.09045502927652375,0.25739026812278837
ENSG00000228672,0.15526516823649034,0.27239363386286747
ENSG00000170464,0.3516314018169949,0.4830093700211776
ENSG00000177034,0.37812824910435494,0.2823988998401586
ENSG00000170231,0.15292628075855408,0.08698537932580426
ENSG00000184347,0.05640581749347809,0.09822606587944126
ENSG00000152422,0.016858360822719323,0.02241583522576771
ENSG00000145494,0.05936799066001114,0.16363471044404507
ENSG00000243414,0.036833896217225055,0.033447017449930186
ENSG00000135074,0.08820649022565549,0.15533101045273315
ENSG00000037474,0.04987344552857885,0.32895443489733656
ENSG00000145545,0.39351505010198684,0.6085042868961572
ENSG00000112941,0.5456969651800201,0.4599993871511481
ENSG00000188725,0.003928386444040029,0.020519271669953952
ENSG00000169567,0.15186702816613004,0.11292587897508877
ENSG00000186687,0.40454406496496287,0.31529430038270995
ENSG00000064692,0.08031502184246725,0.08051022993170134
ENSG00000131503,0.5874777422390762,0.8158247830606622
ENSG00000254996,0.7150096800706411,0.8903653111578571
ENSG00000243056,0.3609590961894251,0.6825662283391423
ENSG00000131495,0.9878482293242733,0.6053605604195997
ENSG00000112855,0.0828748987309858,0.07160483710313201
ENSG00000146007,0.13219238187966928,0.040120347918204395
ENSG00000204967,0.16797944808347046,0.10998956515461923
ENSG00000250120,0.7417532201023105,0.8275142470972056
ENSG00000249158,0.30683953773057454,0.16975724358041047
ENSG00000251664,0.28754583985834864,0.3325590228548561
ENSG00000243232,0.7612629006219049,0.5997278037936079
ENSG00000156427,0.09128089935044649,0.1595604059987999
ENSG00000145936,0.2796085393645952,0.6201835409214855
ENSG00000043462,0.2078958151637124,0.2073118683265572
ENSG00000170445,0.017316427710306677,0.015924481473679142
ENSG00000185129,0.8578540687574627,0.9934188012453677
ENSG00000182700,0.3711187556312133,0.9989944560050913
ENSG00000120306,0.9728074143224728,0.5996505335512523
ENSG00000113068,0.0022920021660076013,0.0016965387101073586
ENSG00000153037,0.005980134402569825,0.017053231662731975
ENSG00000129625,0.8612787716612688,0.45559880865339863
ENSG00000176055,0.3995553225988747,0.6742891695556834
ENSG00000113356,0.002361266693240366,0.01094213121332308
ENSG00000176018,0.8025131424799116,0.8466987286139929
ENSG00000113327,0.03335113626649575,0.2152289831653363
ENSG00000168944,0.4954220715075125,0.5293290086629512
ENSG00000170271,0.5594263296828496,0.4554046370874131
ENSG00000082516,0.2863897073621116,0.5551411077896145
ENSG00000205089,0.7871817859747158,0.7931837318703985
ENSG00000187678,0.9980382559273938,0.8868131163179983
ENSG00000196670,0.8292903415647597,0.8084867942521686
ENSG00000131446,0.8975084872961548,0.8445241944751223
ENSG00000153140,0.8674249758615616,0.6664405952135048
ENSG00000113282,0.2660459260471547,0.2563694870563943
ENSG00000086200,0.2180664222283184,0.22908784034206167
ENSG00000113555,0.7711404723090881,0.8548386880868004
ENSG00000113119,0.22985440110474023,0.263866888264864
ENSG00000112983,0.9262781008293879,0.8864978892631918
ENSG00000113645,0.5791407468191052,0.5323258915340903
ENSG00000158987,0.24470795804542753,0.3817187332068248
ENSG00000092421,0.5894895772181872,0.7850146520249368
ENSG00000152503,0.693138930082144,0.5669466606474689
ENSG00000173210,0.0222423689311386,0.05841092010318808
ENSG00000132912,0.6729576877692722,0.5221091897283694
ENSG00000164180,0.7396218179211093,0.3664522232602775
ENSG00000155545,0.45039164524246167,0.4929554457020908
ENSG00000248383,0.11642446728806391,0.09973940935152881
ENSG00000113407,0.15909706820627165,0.5750911414286816
ENSG00000153113,0.0787367462973619,0.23539809192179015
ENSG00000113013,0.0464957189864199,0.18544917515137113
ENSG00000251493,0.08018048308515996,0.16534660231454984
ENSG00000164331,0.6001221434367028,0.6084198895111992
ENSG00000164338,0.04952382908093839,0.1448010148330773
ENSG00000152700,0.5975310177609964,0.7411707795399016
ENSG00000113615,0.21081912659582713,0.457813437320322
ENSG00000164615,0.5168145001163509,0.6918905981633259
ENSG00000145833,0.2719814402343804,0.4515841073061755
ENSG00000181904,0.4538733072527378,0.4038505465907234
ENSG00000113621,0.17089913992276734,0.4463307756479943
ENSG00000177556,0.04749785603148357,0.10745016324691045
ENSG00000082196,0.8795148478286399,0.6423861605730885
ENSG00000169258,0.0010168805982335995,0.019472204870231394
ENSG00000048140,0.26526649823527254,0.6190916970276508
ENSG00000151304,0.2818613016164971,0.499342733008317
ENSG00000113083,0.0019981279165873994,0.013534042813348052
ENSG00000181163,0.010687051782097548,0.06489338125695059
ENSG00000164182,0.020654749936985118,0.04572005354599841
ENSG00000164187,0.3425824402227097,0.2878559686458067
ENSG00000152620,0.7151027772077708,0.8564124854597146
ENSG00000145604,0.10490703983540096,0.5555357482760918
ENSG00000145907,0.002104111701379784,0.0199554218561432
ENSG00000170561,0.0018395938124323619,0.027998402292843994
ENSG00000169252,0.0040954000717881595,0.0339860783815192
ENSG00000164287,0.24733429505266596,0.5995839379595346
ENSG00000164403,0.26563130119437184,0.2269409361599006
ENSG00000131437,0.5615148434298702,0.8766707860822057
ENSG00000155508,0.8099803505250739,0.844972662252112
ENSG00000158985,0.44943021932141425,0.2486407943481425
ENSG00000164266,0.5442124072115789,0.7287914148676722
ENSG00000050748,0.6571585578882807,0.7782679374325424
ENSG00000197226,0.6068890102317892,0.6839586248975291
ENSG00000151881,0.8482043354796197,0.5029482963034946
ENSG00000156453,0.18600782484363407,0.1681338099309376
ENSG00000082074,0.44734704203621234,0.5721849256914516
ENSG00000164172,0.29158185475650233,0.40979269909682237
ENSG00000131435,0.6714355346034262,0.18467712361614724
ENSG00000197208,0.35284551968629263,0.287430689864516
ENSG00000082213,0.6880330883619267,0.6991207901054597
ENSG00000072682,0.044624397192283775,0.2258971908822861
ENSG00000113360,0.788933167950755,0.7959086214257262
ENSG00000113161,0.1583885944331784,0.33861193815144947
ENSG00000176783,0.45702230123330545,0.5838352962283565
ENSG00000127022,0.8498203636133661,0.997642050494343
ENSG00000183876,0.011384971418674334,0.06417257560920135
ENSG00000070814,0.013038186003974429,0.12110578411006986
ENSG00000164587,0.773582341728915,0.7986158331728849
ENSG00000079215,0.5879751573219425,0.7812890983933988
ENSG00000094880,0.05286561697036678,0.040857397245581836
ENSG00000158402,1.694578312846242e-05,0.0006493919650430945
ENSG00000120709,0.4949411119215169,0.4600213825429531
ENSG00000120733,0.32105454497212427,0.22871065706750357
ENSG00000120738,0.5735360692085256,0.8534645028225298
ENSG00000197603,0.5402497565193518,0.3254737295363821
ENSG00000072803,0.8232351439852061,0.7450887157201719
ENSG00000055147,0.6413182226550785,0.6524831419910342
ENSG00000037749,0.35514304877342306,0.5588315920198832
ENSG00000125347,0.13854056832600709,0.21346865197138945
ENSG00000176087,0.38502164628735247,0.2397181338400964
ENSG00000170624,0.9014625078773879,0.7505539385748174
ENSG00000086189,0.03560563108867983,0.056978630976370126
ENSG00000184349,0.006626013901628448,0.01968516129945613
ENSG00000164244,0.23377905891576203,0.2103732240899805
ENSG00000134058,0.08815383360992196,0.04639256224934206
ENSG00000183323,0.16466500304143705,0.19848233865034373
ENSG00000085231,0.086830675929024,0.031886102508451995
ENSG00000152942,0.38741807997678535,0.2757469813183821
ENSG00000152939,0.15166864900947494,0.12750604742812108
ENSG00000183474,0.14890837031577384,0.36632088728641277
ENSG00000197822,0.03534613323862698,0.2669046779028939
ENSG00000066583,0.18247598711317975,0.041645963085947445
ENSG00000173545,0.47321409804640613,0.8416021614391992
ENSG00000171617,0.7742981670767888,0.6778710511843828
ENSG00000256235,0.7159175753934085,0.46484957970434015
ENSG00000112893,0.11729123725476072,0.2719877759471834
ENSG00000113739,0.0012252775664821052,0.009892104300884016
ENSG00000177721,0.8220605588851613,0.3045604302501206
ENSG00000113108,0.7458721643982736,0.5868085658553621
ENSG00000146094,0.22424045557837613,0.277758856393363
ENSG00000186468,0.4821628699079923,0.7172430950475515
ENSG00000172795,0.9833113943122923,0.6068192548996016
ENSG00000168916,0.11931340359179499,0.20073070196988899
ENSG00000113312,0.17262892129297436,0.13600779316560618
ENSG00000145632,0.12582032354506179,0.0958059170373231
ENSG00000145723,0.9511277341309674,0.6962505761053298
ENSG00000113163,0.429705000449788,0.4937861234826798
ENSG00000189045,0.10493070443598593,0.2945102474142527
ENSG00000039139,0.015890621518760677,0.031793177878718916
ENSG00000049167,0.17392298777566503,0.5310583102236918
ENSG00000133835,0.5361719842167998,0.6896671046588492
ENSG00000154153,0.6861135565543139,0.25209994305554045
ENSG00000083312,0.005255490940657401,0.05603614527801221
ENSG00000213523,0.16324051646994886,0.1799974590052899
ENSG00000043143,0.7496136842291716,0.7440620844228174
ENSG00000120314,0.5067902659459522,0.33073341066934997
ENSG00000113649,0.09834779268807542,0.4084173168931571
ENSG00000081853,0.7645561631754062,0.92353758699046
ENSG00000254221,0.1572095294554191,0.21052424390664784
ENSG00000262576,0.529726066714354,0.5202646425174979
ENSG00000253910,0.7688632241668906,0.6683491781965882
ENSG00000253731,0.9486825962865993,0.5113053891707351
ENSG00000253953,0.9662158688523471,0.6816227798879027
ENSG00000253846,0.4653668662804449,0.5759559098621303
ENSG00000254122,0.4215390579528787,0.4049812643141484
ENSG00000253159,0.5774477170881575,0.45595333850611364
ENSG00000240184,0.18167978561166798,0.1605034754795873
ENSG00000171720,0.7622430540716582,0.9895605027820114
ENSG00000164620,0.8421676648316689,0.47365117055787365
ENSG00000276547,0.6321055487733653,0.9742809048567239
ENSG00000063438,0.8711262454829194,0.5054783234469369
ENSG00000145730,0.7879291365819874,0.9625821809650155
ENSG00000172262,0.7853198160962019,0.866577476872862
ENSG00000164241,0.5437294402027679,0.44640779598266833
ENSG00000214944,0.8051733608840825,0.25015785891952536
ENSG00000172869,0.16709070944338733,0.3035887203706489
ENSG00000145908,0.8728796005231803,0.9671593398286348
ENSG00000086570,0.900178846632119,0.3392468173262028
ENSG00000186314,0.3699596840514564,0.29004786097675395
ENSG00000164329,0.9181257707467155,0.8506622920234811
ENSG00000131844,0.1297714947361343,0.3080831930774601
ENSG00000146054,0.0008307459694281944,0.006852116995338604
ENSG00000146063,0.4100633191782109,0.4555254474646634
ENSG00000204628,0.40824633888810524,0.6077200697314067
ENSG00000183718,0.21570389117166186,0.5506752406136638
ENSG00000249915,0.23355855591980274,0.4710064392993344
ENSG00000160867,0.49824277802748396,0.18744618777801858
ENSG00000169228,0.7260060619799127,0.8650791019328251
ENSG00000169230,0.0020151736214107387,0.006504680813779414
ENSG00000169220,0.05845185940039177,0.06591531804055153
ENSG00000028310,0.8990541492698636,0.5228464823424686
ENSG00000071539,0.006190221937148202,0.12684188611011607
ENSG00000145506,0.525028489092168,0.44565779884075085
ENSG00000113504,0.8041873623984197,0.834342958213738
ENSG00000164405,0.06828441141862343,0.07444057905707942
ENSG00000165671,0.2671115440682384,0.288125519566949
ENSG00000161010,0.017414260932563968,0.09094844821404365
ENSG00000145743,0.45510609701092974,0.27771154889141625
ENSG00000185305,0.5861584003817981,0.2521035676565109
ENSG00000067248,0.697500541520482,0.8146391576645174
ENSG00000205765,0.9287600997152676,0.6638657716761835
ENSG00000132563,0.4157336021970587,0.30710058562048054
ENSG00000113240,0.3246218708952059,0.7706511226645794
ENSG00000073578,0.046885236989630055,0.1417694666576387
ENSG00000113448,0.13829848286500562,0.13693165259916013
ENSG00000135083,0.37232845655155067,0.35892891364585544
ENSG00000170606,0.0010472720940371085,0.01634092229947281
ENSG00000151422,0.11000618194911474,0.056732074543769585
ENSG00000131504,0.028305475181246917,0.023649946083851858
ENSG00000217128,0.5070165225945994,0.8367866723568396
ENSG00000113749,0.935482007997597,0.8613384531603898
ENSG00000145741,0.035230000187169236,0.08798083412419343
ENSG00000069020,0.2801636873788356,0.4103733532993873
ENSG00000113758,0.024911487830161127,0.18194567904353212
ENSG00000253305,0.44258448982784526,0.3277792194641473
ENSG00000175471,0.3314934149990165,0.39672227505775515
ENSG00000153404,0.07834840384451836,0.10746927820059593
ENSG00000155850,0.40478780137727643,0.2838448201534925
ENSG00000197375,0.08777897621275246,0.04678568959431984
ENSG00000188818,0.2896004079459301,0.3707716630203829
ENSG00000112852,0.11671292955531258,0.16373664660298057
ENSG00000113205,0.3963795418723576,0.43243576648845683
ENSG00000081818,0.35890844031200864,0.2975344945826789
ENSG00000113209,0.4979049438508266,0.43743064001081844
ENSG00000113212,0.868912606950763,0.8658044221439744
ENSG00000120322,0.02226740947500831,0.024508044768680792
ENSG00000272674,0.7126030137113251,0.7663756372028717
ENSG00000177839,0.45939985642091263,0.29332043175771133
ENSG00000120324,0.3498595785241594,0.17947285449487077
ENSG00000197479,0.46297208342286256,0.22950993189949137
ENSG00000187372,0.22818751022069714,0.20736747425269023
ENSG00000120327,0.0756931055979388,0.0455405146027731
ENSG00000113248,0.49436783380176175,0.8492414671003785
ENSG00000178913,0.20113036988154376,0.18814636111714877
ENSG00000273841,0.07745407599014381,0.28564546314847933
ENSG00000113141,0.356357488591741,0.13770065793449215
ENSG00000164220,0.026706383448172853,0.05334894672702722
ENSG00000181104,0.14483770524667772,0.17068692827275705
ENSG00000164251,0.00358335689332248,0.0028462900889837566
ENSG00000120129,0.9357610526667053,0.6740899527104528
ENSG00000037241,0.09006827830136344,0.23638105908934098
ENSG00000113732,0.6524227415412007,0.8308422590697145
ENSG00000164463,0.016886691532835472,0.15188054740160853
ENSG00000113734,0.20133967174200487,0.18824438202210675
ENSG00000153006,0.09828085687046512,0.10043165218650613
ENSG00000113719,0.12797763150149452,0.14931649275831455
ENSG00000153015,0.03961723670542748,0.09194004427676453
ENSG00000146083,0.39093489479291554,0.5517978704155162
ENSG00000074276,0.08497173248065178,0.08558354790830647
ENSG00000170469,0.34785515366513975,0.9677161699086809
ENSG00000175857,0.0027976649534447195,0.0367674323174354
ENSG00000112981,0.3181995886650053,0.8041961087349353
ENSG00000031003,0.012818103867235628,0.06927957245398658
ENSG00000164347,0.41055098639091014,0.6726260004314235
ENSG00000164346,0.9268070352058915,0.7674439304974874
ENSG00000019582,0.017601593367894363,0.09304959074275965
ENSG00000213347,0.03045848509934072,0.056570421953786205
ENSG00000155506,0.014921285508954283,0.11749478089873343
ENSG00000214510,0.24322203454925542,0.16703481695665298
ENSG00000196800,0.9548358637043239,0.8467040644114947
ENSG00000134987,0.019635477504699524,0.06522060433096302
ENSG00000169223,0.42223586155522996,0.4098101064520122
ENSG00000113328,0.7393375843616554,0.7216571373326157
ENSG00000170584,0.08369427929361191,0.11052781374162134
ENSG00000072571,2.302439705359158e-06,0.0004824186828617796
ENSG00000085365,0.09664580182875586,0.300963395636219
ENSG00000132842,0.006201710493868415,0.005052944480407728
ENSG00000170458,0.6155927997838045,0.7150649741469342
ENSG00000038274,0.8514189041966806,0.9535132497297873
ENSG00000153071,0.7716216993820485,0.9310541064069567
ENSG00000040275,5.5668140627368545e-05,0.0010222377186356066
ENSG00000134516,0.0693265422436989,0.11451256079401369
ENSG00000132356,0.705105819551453,0.760478827857418
ENSG00000145592,0.701654987449972,0.8824124643157195
ENSG00000132357,0.8313282012854678,0.5987243465433852
ENSG00000095015,0.14042911777417244,0.1596214398015886
ENSG00000155542,0.6510050078399617,0.5157226778242787
ENSG00000119048,0.7403876790357251,0.8702537173686209
ENSG00000237190,0.011827396368089783,0.1617089671850357
ENSG00000164330,0.43169612795873946,0.3769065636802864
ENSG00000145860,0.5899253281822423,0.6766547446084918
ENSG00000164332,0.07887519588526168,0.25393828903599136
ENSG00000145740,0.296805216265807,0.3038782800885537
ENSG00000134057,1.9967903070213166e-06,0.00035899085357651346
ENSG00000145850,0.5659052620028631,0.7400234621562495
ENSG00000155868,0.3011089003036274,0.11816664831171939
ENSG00000151292,0.23353796161117998,0.17063336723484307
ENSG00000113263,0.010966010742723185,0.045361792227718745
ENSG00000051596,0.10181619800538877,0.17054011027846022
ENSG00000170085,0.4354350926604177,0.2860977342982002
ENSG00000122203,0.5153458611514016,0.48826758342480525
ENSG00000175414,0.13569343884034576,0.35190250506089527
ENSG00000048162,0.0030979173648101994,0.027407464814650624
ENSG00000146066,0.07301929150656179,0.08699974127032556
ENSG00000175416,0.0027824135080007314,0.01179917260724201
ENSG00000113194,0.004978758878931434,0.0068380319256788336
ENSG00000160883,0.1360499324968344,0.15125548199808553
ENSG00000087206,0.632557296467783,0.5848646451332211
ENSG00000113761,0.8001994996711927,0.4778137898321184
ENSG00000184840,0.03718104889087895,0.01742587761751117
ENSG00000027847,0.48745857755811206,0.5443686971422788
ENSG00000145911,0.3369736148582899,0.28602983504096646
ENSG00000145916,0.5328682772399422,0.4615221965187628
ENSG00000197451,0.0014491016441847341,0.004468357165522313
ENSG00000175309,0.44281896467739534,0.556476595619267
ENSG00000154124,0.5698605815058632,0.5870142837507546
ENSG00000145912,0.10797191267929043,0.1856013902327106
ENSG00000135077,0.46168107156531124,0.5184477766246053
ENSG00000145675,0.06773905453733271,0.15464493390559694
ENSG00000145920,0.010760131713686224,0.02528677386060041
ENSG00000170234,0.7261505562334473,0.7219724300097045
ENSG00000049883,0.16605799752819128,0.3197842845839003
ENSG00000178175,0.04632703988233507,0.07152749739320559
ENSG00000211445,0.025291844256780504,0.0648017752178459
ENSG00000145901,0.09946697430582774,0.25380629370289925
ENSG00000198624,0.009520669716223819,0.010948866878381876
ENSG00000196743,0.654852070101575,0.7540377909738711
ENSG00000123643,0.13459745819708993,0.2783651477157085
ENSG00000196923,0.00037669361958966727,0.00591383384559071
ENSG00000113456,0.21276043845956377,0.2217883234369957
ENSG00000113460,0.07521307756686568,0.34655538780690054
ENSG00000153044,9.010505496282968e-05,0.00847666422808164
ENSG00000134056,0.5113322085962744,0.21138630436023464
ENSG00000176928,0.14072582731524583,0.4458660413471569
ENSG00000152359,0.675541415923729,0.907351819128832
ENSG00000145703,0.09808410898007063,0.2210333376973466
ENSG00000164252,0.30333411210322386,0.32181379225595647
ENSG00000132846,0.33492242978441755,0.7170423918513623
ENSG00000113231,0.1362005428851643,0.5871919590320132
ENSG00000164253,0.02823861619386129,0.09203881556529597
ENSG00000171530,0.001760138154292314,0.006808883032576484
ENSG00000133710,0.8631075276578717,0.6509192809570686
ENSG00000184584,0.10878855129121957,0.3072939643238149
ENSG00000171604,0.4888986023436943,0.6240219450017801
ENSG00000131508,0.024548330329557153,0.010239859944346365
ENSG00000113048,0.017982644765281545,0.06183844710300822
ENSG00000153347,0.4128162030013105,0.8573360259470527
ENSG00000164291,0.2287071227948986,0.05830091758951979
ENSG00000145569,0.06448205600499968,0.15201304465182425
ENSG00000164509,0.9075119986197497,0.4980951643507122
ENSG00000134352,0.02394189810576639,0.19987569988106488
ENSG00000168724,0.7202948083199199,0.5264106101685879
ENSG00000181751,0.09349216405016414,0.1496345713509315
ENSG00000145725,0.5644533979306787,0.5616209315096605
ENSG00000069011,0.022888527682383794,0.12268353331073785
ENSG00000145824,0.7267145165301736,0.9182029159810879
ENSG00000055163,0.07257529425368939,0.25991825373277877
ENSG00000234284,0.001250394318292333,0.018458263018287634
ENSG00000177932,0.03862696649653563,0.14605918760384673
ENSG00000087116,0.030003970869674105,0.17063273094652667
ENSG00000146067,0.10195412722797527,0.5412575605031654
ENSG00000112851,0.39016329569084895,0.5566614165443724
ENSG00000153914,0.46746742976519684,0.9130768653172381
ENSG00000068796,0.6337515890751548,0.9561350535620728
ENSG00000113249,0.005133851910074196,0.0339474390360716
ENSG00000198677,0.6458942513387296,0.6234119808213507
ENSG00000175745,0.5900393642801403,0.5673950294271373
ENSG00000169131,0.4934082306073829,0.8216634364581131
ENSG00000178338,0.016979984376674185,0.08937345609592881
ENSG00000242110,0.247146290093299,0.2099247974840745
ENSG00000197043,0.32081201548996674,0.6962632974521563
ENSG00000049656,0.21365240707322683,0.16407160807672916
ENSG00000153395,0.14042193765468874,0.04514977025211799
ENSG00000172058,0.10025291552339102,0.05301314369710998
ENSG00000172062,0.22026217298989612,0.14480887041732393
ENSG00000145736,0.9493055171898764,0.8869156237256358
ENSG00000131732,0.03343113218244507,0.056152341533924136
ENSG00000145687,0.5780403795469311,0.7250708500732417
ENSG00000113558,0.18723436122743645,0.2490922758597255
ENSG00000113575,0.011922973061392542,0.0481427805661267
ENSG00000206077,0.0033850994044106425,0.010433825913184955
ENSG00000161055,0.0016058995403221013,0.00976817644194213
ENSG00000037280,0.9126062255525577,0.8242514371674399
ENSG00000133302,0.004177119949268198,0.045521985073039443
ENSG00000185261,0.36399443720196256,0.8355216850650262
ENSG00000113648,0.021326465233156434,0.047735139843029475
ENSG00000280987,0.11641044440824791,0.17178591241876284
ENSG00000038382,0.5813717905993773,0.7747832403763248
ENSG00000177733,0.019783670630936546,0.01610263155736917
ENSG00000150756,0.8703374670273186,0.653904718961916
ENSG00000150753,0.0012248149072909443,0.02237533669412407
ENSG00000164237,0.33726731890949796,0.6358484264658996
ENSG00000145495,0.6123608269556435,0.4120675138922568
ENSG00000145491,0.4403255353218285,0.6965447270524165
ENSG00000113583,0.00812755214584013,0.009434130142277501
ENSG00000213585,2.7035611106494612e-06,7.803221392816427e-05
ENSG00000081059,0.4940767073778338,0.3226337589085641
ENSG00000047188,0.534553063313473,0.7960212992873245
ENSG00000171444,0.4717356409761745,0.3856379809315269
ENSG00000174136,0.7806293197989576,0.7106777711896479
ENSG00000153922,0.28070187135422914,0.5502060371318634
ENSG00000113712,0.38147188156863465,0.615776445152889
ENSG00000112977,0.7307261326047829,0.5818296056972976
ENSG00000169862,0.2584958338427258,0.22184276738925873
ENSG00000146013,0.0414617059511926,0.07943553802762139
ENSG00000113070,0.1872388792804839,0.12023082826921089
ENSG00000113140,0.13402670660418736,0.45858323436081194
ENSG00000039537,0.0011911908661593495,0.002624518906441462
ENSG00000112936,0.011586243537676523,0.09206731748332724
ENSG00000138829,0.0009660471541947864,0.0038363250673060724
ENSG00000169045,0.23778963593607186,0.3142276915924044
ENSG00000204909,0.8882530271387684,0.5931878033410701
ENSG00000145868,0.48469662597418217,0.7190452053870988
ENSG00000080709,0.6760636675945453,0.8164808763822704
ENSG00000122008,0.12372488526265585,0.3568901302582349
ENSG00000175449,0.6701841532654884,0.50891666559941
ENSG00000164292,0.341423612407747,0.7899058151329413
ENSG00000173221,0.026863340050286143,0.0730966219242382
ENSG00000081189,0.09913716780987884,0.2528002939753768
ENSG00000154764,0.008518818815404536,0.012429414607167604
ENSG00000134121,0.8436400303745302,0.9528931276020102
ENSG00000144635,0.1934130649527886,0.31889532819911354
ENSG00000206559,0.01326267006201043,0.20417317657525222
ENSG00000173705,0.34959356979979583,0.7638999180062573
ENSG00000154822,0.09363855439955039,0.2765350846916049
ENSG00000070950,0.07669844935845258,0.12859473999136764
ENSG00000144668,0.006470328196853068,0.10918783451151715
ENSG00000188167,0.7854720040996902,0.46651472625905044
ENSG00000129810,0.00012266988897332234,0.004942207308245551
ENSG00000093167,0.27176007128010193,0.38124201072020636
ENSG00000091317,0.6217931803082957,0.9141482135580201
ENSG00000170860,0.02011539383974432,0.026818040780799902
ENSG00000178567,0.07149815055707605,0.29673778418321733
ENSG00000182247,0.06654458717558634,0.08096308286639144
ENSG00000114166,0.05708921157694522,0.1882147527747588
ENSG00000187118,0.18019357167202885,0.14710477698755875
ENSG00000093217,0.7173690139504159,0.6185368261084538
ENSG00000131378,0.015095066682811232,0.06428330453506431
ENSG00000170293,0.5934609533005217,0.18895246881878602
ENSG00000163528,0.0028177971870044474,0.004846926949749613
ENSG00000154783,0.13175309967886448,0.22264067303613005
ENSG00000170248,0.09154895995354032,0.11804626890521899
ENSG00000144455,0.5734021013648407,0.6095693257395667
ENSG00000144642,0.06104466767035744,0.1997918450112635
ENSG00000175928,0.8982505561570816,0.6064636396948823
ENSG00000114353,0.8848315880913372,0.6061976756178007
ENSG00000153560,0.5651494039263432,0.8532989341498601
ENSG00000163512,0.7508402108742017,0.8041082486097498
ENSG00000126062,0.2848019240055084,0.44781498081793836
ENSG00000114378,0.30753003028095904,0.14396130033246782
ENSG00000114388,0.1860450351112455,0.2080404116991917
ENSG00000168301,0.5375286132657789,0.3946608293466455
ENSG00000144566,0.11374549300655924,0.17696539301475633
ENSG00000170266,0.8495267114605165,0.8800350424267245
ENSG00000160746,0.06453702742484285,0.1722898323948226
ENSG00000172939,0.17073792462125634,0.3623750326839449
ENSG00000088543,0.0011205321150093068,0.020048929811219345
ENSG00000114383,0.039777781271211926,0.06597766474937694
ENSG00000144724,0.9744352908699082,0.9001687632218252
ENSG00000173473,0.6282459906228648,0.8640710935075233
ENSG00000170275,0.6001030526399451,0.619408911595281
ENSG00000144619,0.7491501371449425,0.8058378905312511
ENSG00000068001,0.7923667029726337,0.7887778251646554
ENSG00000011198,0.11375891976793102,0.1995561203444643
ENSG00000144677,0.4827709773219284,0.8621442626277861
ENSG00000163935,0.8541172695468292,0.9154373236450135
ENSG00000114738,0.19755762277648106,0.20785760234887238
ENSG00000206538,0.05681121243164659,0.11069201107530063
ENSG00000114480,0.009828648433980207,0.09257229843529338
ENSG00000172986,0.7570969053178543,0.6456150179582796
ENSG00000153558,0.2883618512889908,0.41230129998409826
ENSG00000114541,0.6213165245106046,0.48059301282063216
ENSG00000163376,0.0029529390746093316,0.01882659602204233
ENSG00000144744,0.40932779620330473,0.6270940806107586
ENSG00000121440,0.8018243524509582,0.8829568698077149
ENSG00000080819,0.8476579817973181,0.9813847429633263
ENSG00000168309,0.0434618593688798,0.13320411510851463
ENSG00000227124,0.8757899464461352,0.7153346909112284
ENSG00000163378,0.4536310805857977,0.6249418445678301
ENSG00000044524,0.059934027449126515,0.35480586158602934
ENSG00000144747,0.8617833732801852,0.8446672547526933
ENSG00000036054,0.8679887462220587,0.6280395109611606
ENSG00000154174,0.153830297576731,0.483598880854772
ENSG00000138468,0.010872709977690754,0.059122122894537124
ENSG00000184220,0.25494368282002167,0.5313135941242718
ENSG00000114021,0.12796108935711292,0.5950679122835447
ENSG00000114423,0.3622369333100669,0.4768574560478184
ENSG00000206535,0.1163195847208181,0.4787852378733576
ENSG00000004838,0.040985213150045906,0.13496272574878662
ENSG00000144810,0.43759800100615165,0.699578571550036
ENSG00000170017,0.05614921815689772,0.1468478453347186
ENSG00000144827,0.28972984258369305,0.563589770124184
ENSG00000272104,0.03071447652828827,0.028429113398892897
ENSG00000174500,0.05278239270792169,0.1286689623564355
ENSG00000163412,0.23407043477165598,0.4026763083880892
ENSG00000154165,0.05091632553124948,0.16730047237513385
ENSG00000249992,0.0063471181843708846,0.07574803401159438
ENSG00000091972,0.918026955406514,0.6964859406627413
ENSG00000176142,0.983985628264007,0.4494843739954033
ENSG00000163666,0.4334403450750558,0.5656764379620304
ENSG00000145050,0.8932170988601192,0.694841504923273
ENSG00000113845,0.323942151622566,0.7789246784088644
ENSG00000176095,0.5283304337249799,0.4682114119813495
ENSG00000198919,0.3945995852666303,0.626218036084961
ENSG00000144837,0.11035422840743268,0.24855965143981906
ENSG00000170837,0.07731321524150325,0.04245527186916413
ENSG00000163814,7.816974675169697e-05,0.0014926791428312729
ENSG00000121594,0.07589094286971669,0.08283494172828507
ENSG00000174738,0.5807877282685963,0.9775025564863643
ENSG00000080822,0.11385712032550739,0.31178395747818893
ENSG00000189283,0.055620901166723344,0.34352540619070315
ENSG00000206530,0.04022491844332005,0.11711503357126499
ENSG00000144746,0.9151734774222953,0.7505867715957744
ENSG00000168306,0.00014738994171395293,0.00048109758716110624
ENSG00000153551,0.02744316723194157,0.04108351863486473
ENSG00000163611,0.6747929132286212,0.8946981006752117
ENSG00000163513,0.23888994410668704,0.25417133971081446
ENSG00000183813,0.0018705275976180103,0.012783935256706066
ENSG00000144834,0.85746360251115,0.9223124011397195
ENSG00000114446,0.06672412482494874,0.1732696124404465
ENSG00000185565,0.008625583881440043,0.00462371782722294
ENSG00000114520,0.9037265580344461,0.9630516026663664
ENSG00000121578,0.0005790890177477631,0.009427352637398112
ENSG00000163870,0.8416098312815234,0.7376261611421473
ENSG00000186265,0.0060897288911034115,0.043332269596397834
ENSG00000144848,0.39297255178353374,0.6802170797053986
ENSG00000169087,0.2731637424079911,0.33603538992355625
ENSG00000259956,0.24453401950921191,0.5207005674209242
ENSG00000114638,0.0022360145743713037,0.01788468052040978
ENSG00000170142,0.07866047386236222,0.16292727652732708
ENSG00000163519,0.04604232571658339,0.16441453232266687
ENSG00000177494,0.48311490089463194,0.6715413361729543
ENSG00000163605,0.3417478233361754,0.5705591922446386
ENSG00000001617,0.10346812641736243,0.3384246235160739
ENSG00000144824,0.03264631816894756,0.11116004333869862
ENSG00000158186,0.3004942525713055,0.5555998802250802
ENSG00000198643,0.3041148028111724,0.43350428122024176
ENSG00000114125,0.03373796428110488,0.025494843495405064
ENSG00000144909,0.8959191549752947,0.6978352241076818
ENSG00000065485,0.7732772258500507,0.9195497305240646
ENSG00000174564,0.006358984001716943,0.09241174280724346
ENSG00000138459,0.9450126112838771,0.9399827057198742
ENSG00000145103,0.07925732701848628,0.11779845946866087
ENSG00000158220,0.000350800056296928,0.015243936636981823
ENSG00000118007,0.1840772105714724,0.3334142960010467
ENSG00000206527,0.05080315516865866,0.17705495464681123
ENSG00000163430,0.15699733390066875,0.22076999823630677
ENSG00000157500,0.49845014547665467,0.30834749029706987
ENSG00000168875,0.026718679273743138,0.09634607765420884
ENSG00000114744,0.28013598722549954,0.1614652048498628
ENSG00000177707,0.4409288195327342,0.22350339220061302
ENSG00000163637,0.02754885456705241,0.1350934869053823
ENSG00000152977,0.45764881778489874,0.47531286860152233
ENSG00000175792,0.020074745890407752,0.05467999747195288
ENSG00000198829,0.8170324914399227,0.5650133778271568
ENSG00000065518,0.01543777475262309,0.029459442573810717
ENSG00000114107,0.11164801230168617,0.2892813169889862
ENSG00000163590,0.3058770957396392,0.2782328851692422
ENSG00000031081,0.3151431874237133,0.6224110633827697
ENSG00000047457,0.4038532274231319,0.22259875415245012
ENSG00000173193,0.9382643911392963,0.6958267832766134
ENSG00000159685,0.4416451046395298,0.5850963926446675
ENSG00000163762,0.508690574192886,0.46559684534085144
ENSG00000114771,0.35396738286632723,0.8767103637905929
ENSG00000169255,0.020391462259684714,0.034277808999810644
ENSG00000158092,0.0958712093699977,0.2408987678632557
ENSG00000114200,0.251831149658979,0.42945751615455885
ENSG00000114790,0.7432148909112901,0.6228117448195172
ENSG00000169908,0.03491097312040862,0.02560551040524117
ENSG00000181804,0.16510584085895602,0.36908555834837165
ENSG00000181788,0.02625215550104006,0.040458888482314506
ENSG00000114670,0.8688977300650872,0.5553292125833045
ENSG00000121858,0.9205555595532019,0.9736130215423234
ENSG00000173889,0.47760569253754004,0.8385633044069614
ENSG00000155893,0.7599321106091355,0.6268693237161611
ENSG00000168917,0.0011276862785913324,0.08297347223957664
ENSG00000075420,0.09539294310154507,0.3330257368138738
ENSG00000163584,0.1690664191957595,0.13691780182328467
ENSG00000069849,0.020759163440574255,0.03865113997548134
ENSG00000285218,0.5352973349247766,0.35572406888800623
ENSG00000186329,0.0565628763750826,0.1512136392552733
ENSG00000163655,0.00014349632096094316,0.0012325365415950214
ENSG00000132394,0.07935589012882757,0.08996238623649001
ENSG00000169860,0.5228264349364443,0.4753578797713742
ENSG00000120742,0.7590009885238973,0.6694061316429853
ENSG00000154310,0.02662423074815725,0.0270510163415388
ENSG00000068885,0.2697433651504946,0.655512634342633
ENSG00000177694,0.04597922545710288,0.06575208962343004
ENSG00000181449,0.12981315901547688,0.20663980532616205
ENSG00000174953,0.08337751657838162,0.34632116039228755
ENSG00000085276,0.028742129333303838,0.1976494081099852
ENSG00000073803,0.9150321235417186,0.9188381312808838
ENSG00000197415,0.5316947009782517,0.9040169739772775
ENSG00000138463,0.33599841319613677,0.5704061335648984
ENSG00000175040,0.2396936870786703,0.05478101601365302
ENSG00000082684,0.3546397075308737,0.5878947927463128
ENSG00000175054,0.7574997703179407,0.8953245631707019
ENSG00000169359,0.2876586027147192,0.4823080510915705
ENSG00000169903,0.021001482371369822,0.020670150801270597
ENSG00000163659,0.4841816215967849,0.7840862203249306
ENSG00000157005,0.23954872031320398,0.0749388442902585
ENSG00000114796,0.06938828167984865,0.33947869189025287
ENSG00000136514,0.6801500568296763,0.5778558553120927
ENSG00000144730,0.4720282147225505,0.6316686475801563
ENSG00000138246,0.26365563390837665,0.3930741135182121
ENSG00000113924,0.12894501963801752,0.1674022402698058
ENSG00000163389,0.5649623900330765,0.571430559107056
ENSG00000058866,0.07812182908322635,0.1460011852266792
ENSG00000172578,0.0012879447624406363,0.0074429505454628835
ENSG00000163638,0.2989956185442708,0.38875485266003773
ENSG00000176597,0.0005057801567278844,0.0020837678108007584
ENSG00000173905,0.25595210052745776,0.35164192652693205
ENSG00000152492,0.01762147412823337,0.03026062071112708
ENSG00000114315,0.3637627046236884,0.8883327798029308
ENSG00000175066,0.7147624560475869,0.5582631708656289
ENSG00000213123,0.07714032364273068,0.1078832164563564
ENSG00000113790,0.07925558820677256,0.27258387387790217
ENSG00000163959,0.41776257771463177,0.5596869414773527
ENSG00000145191,0.08374460506771174,0.14877907631464318
ENSG00000051382,0.3859119594859075,0.5607139724203396
ENSG00000144736,0.3256801720696722,0.4290327281964995
ENSG00000161217,0.17203748735825533,0.40386635576619534
ENSG00000186001,0.18038062413140699,0.21702713271381924
ENSG00000174013,0.0009025591619386623,0.007697393185930143
ENSG00000113916,0.5747974061575432,0.6610889897998271
ENSG00000163872,0.22125925067852578,0.49340766267735503
ENSG00000163904,0.05594993998874517,0.0704179090825014
ENSG00000161267,0.7400082927277312,0.9963621088386894
ENSG00000127252,0.6695944513035226,0.8997286369369146
ENSG00000163961,0.06685224510814579,0.07674904831783792
ENSG00000163900,0.003261628770128524,0.004796564454675853
ENSG00000180611,0.003909540529166542,0.02499907241106006
ENSG00000090530,0.9190044709345369,0.6444736407606002
ENSG00000185798,0.04483206931342881,0.021122971324023663
ENSG00000188001,0.939050477574384,0.951279511866064
ENSG00000163960,0.2334738064203461,0.2977261783542317
ENSG00000127249,0.0023231150349671313,0.04621942522252729
ENSG00000244405,0.09287905586149632,0.13783987264789477
ENSG00000174928,0.048290013381356196,0.15230180853085723
ENSG00000181467,0.029948755129530866,0.04311669491663893
ENSG00000182580,0.8645299794449061,0.4860514650960853
ENSG00000163898,0.2258697346288398,0.2003263086796239
ENSG00000163577,0.096294685042915,0.16988585545873808
ENSG00000153283,0.18155959365989316,0.6011625048143086
ENSG00000163714,0.012956109134393705,0.023456380354526837
ENSG00000163751,0.008293785090730955,0.01230419289648602
ENSG00000163754,0.06575824203605551,0.08933324210419646
ENSG00000071794,0.293320549699884,0.6298107798215402
ENSG00000163755,0.025015767891594848,0.10624707510499355
ENSG00000163902,0.7066887883323714,0.7348587625844386
ENSG00000179021,0.5558868657855283,0.48263864108230636
ENSG00000081154,0.22459662218260368,0.3686824207054743
ENSG00000254999,0.7354920582519624,0.48072228848431187
ENSG00000134070,0.1724235545031665,0.3899420479244229
ENSG00000157017,0.12854305990804413,0.46624910139269937
ENSG00000157020,0.017946310926261918,0.05694631625645888
ENSG00000178537,0.19675697642061715,0.3015268670053263
ENSG00000178467,0.0629914060860557,0.17871500527318676
ENSG00000178149,0.7647607936677097,0.6391824467482874
ENSG00000178057,0.6108525725592044,0.5557894293933876
ENSG00000163661,0.017680405824018117,0.0372580364119477
ENSG00000188817,0.018037888315857696,0.054367669204736395
ENSG00000163634,0.08337148514381344,0.14502589972518226
ENSG00000181847,0.20308751326187977,0.23501935809488778
ENSG00000076242,0.20959556275872607,0.44133190496019825
ENSG00000151090,0.35367755408820734,0.10669823129297423
ENSG00000174748,0.9070904006854122,0.7199385921700079
ENSG00000169714,0.23854361550587685,0.41413834424341356
ENSG00000154767,0.37156957343498576,0.48311941832990135
ENSG00000073792,0.012001749494199748,0.0632066091986472
ENSG00000144908,0.9979924787879024,0.8120952197648613
ENSG00000175193,0.03739336233700849,0.022649529646306527
ENSG00000163660,0.9801913829884182,0.4228911075559645
ENSG00000144959,0.02113853779510181,0.04249621587279567
ENSG00000170876,0.8997379927543218,0.8474715717574074
ENSG00000180834,0.06366199478978346,0.3164786328968772
ENSG00000145107,0.0003386701458433319,0.024997867016923747
ENSG00000198585,0.682120303206621,0.803985613895253
ENSG00000181744,0.25649711618829113,0.03706767576545854
ENSG00000144840,0.3198740545180058,0.8034101634534803
ENSG00000163635,0.20293298415894812,0.2428765309817238
ENSG00000181458,0.1095374415283695,0.2323163185222563
ENSG00000075785,0.03148757289486947,0.060200462552667346
ENSG00000151092,0.30507730250183324,0.5300640815561424
ENSG00000151093,0.5883917598926781,0.5351233249416869
ENSG00000214160,0.00010980025120026526,0.0005336766020189786
ENSG00000284753,0.006178341533794389,0.038636830892066695
ENSG00000163888,0.3829948620779281,0.5405550110825983
ENSG00000175166,0.00033880688163719184,0.0032349678380441975
ENSG00000114867,0.020338794860669352,0.13906294501128472
ENSG00000175182,0.4732745805169435,0.46748286052152
ENSG00000114859,0.35585261517335365,0.5292069757518666
ENSG00000008226,0.05062742070936435,0.13857806355545954
ENSG00000060971,0.9732189901127029,0.8834160708068566
ENSG00000114354,0.0015258930766859744,0.02727304652771743
ENSG00000114742,0.5923921500812944,0.6176174382993614
ENSG00000178038,0.542007525750607,0.8786497051464834
ENSG00000283706,0.5834179766187356,0.5243037432949367
ENSG00000160808,0.21196485089263795,0.4775865102711103
ENSG00000160801,0.11686627693318338,0.49392610448385343
ENSG00000160796,0.9068678890164452,0.9369700366851608
ENSG00000114739,0.3690941054281519,0.3621241376409603
ENSG00000121864,0.13968726181735933,0.2085852362282428
ENSG00000171109,0.8101865451317315,0.8926477753429752
ENSG00000114450,0.07038819074298103,0.10915018685503262
ENSG00000136518,0.004073360562885762,0.021192224861994954
ENSG00000136522,0.006510572246169686,0.014682858346860535
ENSG00000172061,0.3380421265878149,0.7632955354467655
ENSG00000041802,0.08020879332629084,0.18991487577743893
ENSG00000185112,0.1474175463376631,0.24815930814343765
ENSG00000134107,0.11526981875461934,0.28614239048760937
ENSG00000134108,0.6817656346449017,0.8262887195817291
ENSG00000134109,0.20192124230238928,0.2214068724852865
ENSG00000180376,0.40124349152667427,0.4615793401278221
ENSG00000177383,0.7215983249983328,0.8451749787705365
ENSG00000156931,0.9454250840383498,0.7885163870671219
ENSG00000196455,0.5666793083786692,0.8680914376050617
ENSG00000163347,0.08175518567057456,0.12116688889882833
ENSG00000017260,0.5337880133268855,0.8253186228872733
ENSG00000114126,0.8006857636821741,0.8451148243904848
ENSG00000114405,0.843273334577328,0.7266430960350254
ENSG00000168016,0.6386610272311339,0.6839119694562454
ENSG00000172340,0.3511954033292004,0.37574243425915843
ENSG00000187091,0.19207542328164523,0.22500107393782603
ENSG00000114850,0.09110723531774476,0.4399158989736792
ENSG00000034533,0.35238853160112005,0.7170781486733063
ENSG00000163636,0.1846689325856117,0.44410059991901907
ENSG00000114805,0.08694535796336944,0.2851741300812395
ENSG00000018408,0.5447261475104912,0.4001655930817899
ENSG00000144749,0.002648936657411302,0.01636567040771119
ENSG00000090534,0.8882419126843604,0.7142358254661809
ENSG00000169251,0.009518997948687892,0.05670251202645362
ENSG00000163947,0.05221570144761019,0.08430931948355021
ENSG00000114737,0.0003985000305247127,0.007526476934563316
ENSG00000082996,0.6985054502931904,0.981355860858353
ENSG00000197885,0.2709676289736735,0.644879097369442
ENSG00000163785,0.5189244916355498,0.6969251819745256
ENSG00000114735,0.06370532771664708,0.17636754635879656
ENSG00000072858,0.516164306053942,0.49511247079677945
ENSG00000175455,0.3902529825497013,0.41141873750323266
ENSG00000114395,0.7716545969787462,0.5889142132195271
ENSG00000114529,0.6435158418192228,0.9418788242044844
ENSG00000091986,0.23189580726026154,0.41929016203004144
ENSG00000134072,0.14161975353836537,0.2444285201875479
ENSG00000250151,0.446022986445997,0.6031633045045071
ENSG00000171135,0.0023769594049675826,0.007839888445515242
ENSG00000163701,0.3636731046380458,0.35739354517668775
ENSG00000145020,0.008055491633937787,0.010970929179427193
ENSG00000145029,0.22290098233343428,0.32331901476746083
ENSG00000164062,0.9728540984022138,0.6349682820624716
ENSG00000164068,0.8153426082348749,0.9463638239397283
ENSG00000176020,0.8277138123107686,0.292917036745082
ENSG00000173540,0.15782116911936253,0.19059909214804066
ENSG00000187288,0.0002730316614143547,0.0061254825034458395
ENSG00000114648,0.4435081797767779,0.7042446847828164
ENSG00000156976,0.778542218307378,0.7692624602014381
ENSG00000114113,0.8394706104319437,0.7097109937931112
ENSG00000163428,0.1093822478938912,0.07382974293412574
ENSG00000157150,0.030089120999697943,0.3201268606538041
ENSG00000114209,0.013890070443282127,0.05788086196015779
ENSG00000163536,0.9465418628449168,0.3884857799632436
ENSG00000114698,0.7519132050591426,0.6032246738591962
ENSG00000188313,0.002932828335028481,0.010489823879729384
ENSG00000113810,0.07139459166113475,0.22471693429375475
ENSG00000213186,0.0038497995206026167,0.05464434489161389
ENSG00000186432,0.04307106100425766,0.15552606485499948
ENSG00000179674,0.0006528466690825865,0.003254427079994001
ENSG00000083937,0.2958378973025959,0.45378823211870556
ENSG00000114251,0.7744212952704272,0.7343466702993602
ENSG00000183833,0.03231868731220371,0.26237142353076576
ENSG00000114767,0.1983132827279071,0.7504208272703295
ENSG00000243989,0.448595776377259,0.977597909093191
ENSG00000162244,0.4343014383385594,0.8712943920477136
ENSG00000164086,0.29758441921700096,0.7442761840363719
ENSG00000164087,0.0017771469135022826,0.03493639393920787
ENSG00000023330,0.2239504949467098,0.4081891141226427
ENSG00000247596,0.39166651504060734,0.8991078905185805
ENSG00000164088,0.00444414116558666,0.008058511824571584
ENSG00000164091,0.488629800832321,0.803710128576238
ENSG00000168237,0.4943944612237172,0.5704115149546398
ENSG00000163930,0.9027285407156507,0.7231650906845107
ENSG00000163923,0.012302762422939274,0.0860326098410139
ENSG00000073849,0.04546009486965164,0.3998320193117447
ENSG00000163884,0.002581302558944413,0.05331736640020787
ENSG00000163885,0.03445298029507832,0.12838106996260715
ENSG00000070476,0.4991360479920388,0.6247884500387912
ENSG00000174004,0.08848501222972933,0.125894490072805
ENSG00000180370,0.01643816543105736,0.055854333130147864
ENSG00000174007,0.36434637768588674,0.38998072539894235
ENSG00000184432,0.09052666264257082,0.3078827616236218
ENSG00000172053,0.8200242349772056,0.5114732162196955
ENSG00000172037,0.6849208551715014,0.7528440580936177
ENSG00000177352,0.3734602965456828,0.26673888172003346
ENSG00000185909,0.00018553908723556927,0.0006627211131835942
ENSG00000240303,0.3318854690291413,0.42667564872050734
ENSG00000129048,0.5655379249068864,0.783784321468616
ENSG00000088726,0.24846520177054174,0.5406805200073715
ENSG00000144713,0.4807381336631117,0.6434669604800962
ENSG00000082701,0.09482385901087106,0.12504733619290806
ENSG00000154917,0.8658437831853366,0.9838434228230586
ENSG00000188315,0.03843364643028379,0.14622358796961812
ENSG00000114316,0.01683570714019008,0.02068773160699056
ENSG00000145014,0.010791515229148967,0.0069236606543364426
ENSG00000090097,0.3410326745704078,0.13874900907340196
ENSG00000114346,6.934485174983851e-06,0.0004614347659501758
ENSG00000114127,0.8183838087285144,0.7703558628157363
ENSG00000138495,0.2018694829272356,0.20574022311685736
ENSG00000007402,0.00025879648881391344,0.005856111851123248
ENSG00000177479,0.799626431246619,0.4961039287150788
ENSG00000129055,0.09721215331533062,0.050456955679553314
ENSG00000114019,0.9150938419904985,0.9559576081856911
ENSG00000114544,0.547993491564782,0.5428031411280316
ENSG00000144868,0.08857951591186757,0.37727680322931634
ENSG00000221955,0.0390869185184844,0.45758652492851837
ENSG00000198836,0.013327090221939739,0.07258381006733908
ENSG00000169282,0.006816974947281986,0.04446004007775034
ENSG00000163320,0.25566373196851044,0.24886301841228797
ENSG00000175105,0.3048775570315941,0.3800879430997277
ENSG00000073282,0.6401488557247745,0.31933601400848427
ENSG00000091513,0.5591538779615592,0.36572040174354015
ENSG00000174640,0.5987672297847094,0.18041618427308187
ENSG00000153002,0.9307812440808461,0.46187015631339445
ENSG00000144891,0.07311619579068324,0.3580758904289856
ENSG00000163687,0.0013678851201581385,0.006806423525665445
ENSG00000163686,0.06673363692293935,0.29637625028961434
ENSG00000163684,0.21780102393228287,0.5804526238033076
ENSG00000168297,0.017404126723831664,0.018889131632065716
ENSG00000168291,0.6219326552496043,0.9105778321787757
ENSG00000136521,0.06057820389393493,0.2250435987960566
ENSG00000058056,0.4799972863029769,0.48382504621066613
ENSG00000196549,0.9570735414755397,0.9314440438103706
ENSG00000255154,0.03772053609342388,0.11054358615443358
ENSG00000113838,0.09043927496299342,0.14702451191205707
ENSG00000283149,0.013657000237936598,0.006885012344293558
ENSG00000067560,0.7280283251899002,0.9134245084408612
ENSG00000177646,0.4170223435790392,0.7896835956409338
ENSG00000172780,0.3686183435725865,0.509103464527547
ENSG00000261796,0.8279134984952071,0.7496913820172626
ENSG00000240682,0.16368296733598706,0.6916144653132394
ENSG00000172215,0.007583411734145909,0.03957421778845872
ENSG00000184500,0.7469162619878595,0.5991269184974265
ENSG00000178750,0.6675525236159354,0.6879187310975874
ENSG00000178700,0.8096975510026176,0.5482100530755476
ENSG00000178694,0.6183838858123437,0.9575753383231357
ENSG00000169379,0.5131180280836347,0.3853815524609462
ENSG00000114812,0.0006749405896264811,0.007113603849689812
ENSG00000093183,0.7408182561627727,0.980514941624868
ENSG00000008324,0.20166943661606315,0.4468206336505013
ENSG00000010282,0.005921434803513668,0.007422003659904141
ENSG00000181061,0.49638966734744616,0.6730317985207181
ENSG00000144648,0.8362660028759057,0.8411817086445963
ENSG00000114853,0.8850886490017701,0.9740604298052545
ENSG00000041880,0.3986075865148676,0.24479202818081303
ENSG00000178917,0.08231462366705296,0.18558718781541406
ENSG00000186448,0.7220481451085976,0.6480003293536489
ENSG00000169981,0.5487942686375376,0.5660357927330595
ENSG00000131375,0.7819181221869793,0.9508812288402083
ENSG00000131370,0.003066802662915086,0.006167610477504741
ENSG00000206562,0.1448806903622901,0.17074412879878573
ENSG00000144597,0.024547196907050477,0.057647414273525203
ENSG00000131373,0.5421978853998899,0.7043491045127515
ENSG00000012171,0.842495943483383,0.7409798905585652
ENSG00000186792,0.0811433935832286,0.08539365272227882
ENSG00000243477,0.2860716456597065,0.240941486689955
ENSG00000090520,0.035507972361537146,0.09439789447117777
ENSG00000154743,0.27852678626112304,0.30137476480352
ENSG00000164050,0.14509492390899184,0.14769769525772386
ENSG00000164051,0.025604956034861254,0.28639514960460477
ENSG00000232112,0.7608513260795379,0.8891058943742842
ENSG00000213689,0.9046352339786704,0.9197622228027124
ENSG00000114268,0.4279752104101916,0.973503357600296
ENSG00000010256,0.02738874705119633,0.23367032112940037
ENSG00000225697,0.2823798508961382,0.29395331395330615
ENSG00000008300,0.45159090101323496,0.7510709791856973
ENSG00000213672,0.38978582573010023,0.6194809255676625
ENSG00000068745,0.11537633846552166,0.20010813781672732
ENSG00000114270,0.004026454228612694,0.040752771645458465
ENSG00000075975,0.24112676742275346,0.3427628291107764
ENSG00000172667,0.4211151198211811,0.5173878880307177
ENSG00000121879,0.22441024080826824,0.26787321163497874
ENSG00000241553,0.034877600077936506,0.10939411122190278
ENSG00000163964,0.03903242493902242,0.06272429283706842
ENSG00000197763,0.7653268004248717,0.48528325214276824
ENSG00000114779,0.2389514560583108,0.3619977650353321
ENSG00000239732,0.07201285416251196,0.09398235419654273
ENSG00000163918,0.004344013731484653,0.019425760466233753
ENSG00000180044,0.2554647256037638,0.2299781247930932
ENSG00000144681,0.6914157210533831,0.7040760998402121
ENSG00000010319,0.2115023064561066,0.233558416971155
ENSG00000114854,0.023004647129717122,0.09146656477061074
ENSG00000010322,0.06135359178158204,0.15676359800203232
ENSG00000076201,0.9731683797365072,0.7608312485646989
ENSG00000163832,0.26895047553943635,0.3914970460852063
ENSG00000114646,0.7225465856596556,0.9293463168390774
ENSG00000174891,0.004088262460665884,0.03929700476706025
ENSG00000113971,0.43734683168938127,0.4060416565273627
ENSG00000132153,0.14660131201966756,0.4023893019737117
ENSG00000164045,0.0016565108561611048,0.038880927584115064
ENSG00000164047,0.061418476753261585,0.08648718188567577
ENSG00000164048,0.006592258919796546,0.021489150230116657
ENSG00000172113,0.9062841152158714,0.45935170073175524
ENSG00000164053,0.2297609580827194,0.06748894074703043
ENSG00000114554,0.2727384809248675,0.6798470206860914
ENSG00000120756,0.07268827443326817,0.11751856478538722
ENSG00000163710,0.15678100070135054,0.2913289211195638
ENSG00000081307,0.07481548435360648,0.16811364514809995
ENSG00000163719,0.5119451727190912,0.534845397295364
ENSG00000156983,0.49085237603113363,0.6582650223601296
ENSG00000011376,0.03633619017406645,0.13161563088922557
ENSG00000144791,0.030443094904030948,0.08576372173881097
ENSG00000163823,0.9679828977976719,0.8495051803949215
ENSG00000121807,0.00010443659972837509,0.0007272829748969116
ENSG00000121797,0.32508634852037105,0.6175214361457921
ENSG00000012223,0.1428305708326685,0.12540985210423544
ENSG00000163703,0.38051920141421547,0.530073417359824
ENSG00000132170,0.039353430508439965,0.12622622240740783
ENSG00000272886,0.7460525821186723,0.6303473679767462
ENSG00000016391,0.025565408462755002,0.02960406162410395
ENSG00000056736,0.4116055350368836,0.3373631857712483
ENSG00000113812,0.3741142879040851,0.3844185752231174
ENSG00000144554,0.5036612850918326,0.8703040152762659
ENSG00000114491,0.03372573380946804,0.05429049104334121
ENSG00000082781,0.2575122043057641,0.5074076268889636
ENSG00000173702,0.16591020929540426,0.14371418362840066
ENSG00000136068,0.08656572190609212,0.018849211353443956
ENSG00000160145,0.7011469735097777,0.9863056152678004
ENSG00000051341,0.02556450168531686,0.1994947822284409
ENSG00000134077,0.108798019157794,0.32728544638800294
ENSG00000068028,0.5066776971339303,0.9289153791766803
ENSG00000214706,0.16661768917566908,0.1780181759670628
ENSG00000152601,0.9870513577790194,0.8513755399468197
ENSG00000225526,0.39247370393290104,0.6077700839588573
ENSG00000171148,0.3259397220431588,0.6610399908357568
ENSG00000150995,0.5340758082264476,0.25316748244991144
ENSG00000154928,0.49267473826595176,0.5382707379922005
ENSG00000145012,0.6621359335093726,0.7719748633190362
ENSG00000145041,0.9812408599342827,0.8200238035360405
ENSG00000144857,0.5260714927990531,0.7872831982470915
ENSG00000177311,0.2329823203331582,0.4504017759208442
ENSG00000164080,0.6027232902994171,0.5475669113584825
ENSG00000163946,0.8600111415447413,0.7045180706847174
ENSG00000131389,0.06602082036717741,0.14600063702468352
ENSG00000206560,0.5298933968898514,0.6996631686298256
ENSG00000163539,0.2769812686377096,0.22222150407748106
ENSG00000168386,0.8370127334693704,0.8097539912785636
ENSG00000181789,0.0852217046360182,0.12004270078297513
ENSG00000183624,0.1997816898598376,0.3471393966723666
ENSG00000129071,0.5790493226900018,0.782374610118733
ENSG00000004399,0.08232191574366612,0.10277800168347113
ENSG00000182923,0.893849222620523,0.9346149450539458
ENSG00000088727,0.33901798850042897,0.7288843743647981
ENSG00000174946,0.08828742205174311,0.29452625802412774
ENSG00000174944,0.010879505410459296,0.025639978089051316
ENSG00000138271,0.006008231299001198,0.13086600350911545
ENSG00000181631,0.002043284275655347,0.00979315264422891
ENSG00000169313,0.00494951983663638,0.01682854635038542
ENSG00000160799,0.9180548292658877,0.9939471479217751
ENSG00000179152,0.5953882952432232,0.451397597310894
ENSG00000136527,0.015047440950464105,0.004995490889126126
ENSG00000118849,0.8212733208012625,0.5493231320511555
ENSG00000118855,0.7363986521464778,0.7523627480113761
ENSG00000151967,0.9887691253822325,0.9683240471983015
ENSG00000114861,0.45618139544588643,0.624260686631911
ENSG00000175110,0.04452320953211123,0.11043963697779088
ENSG00000144895,0.3603502460775695,0.5697835235314022
ENSG00000136059,0.19716644751632895,0.08259518302522294
ENSG00000114686,0.018078612446243283,0.16021040328113417
ENSG00000196353,0.121944064664287,0.46248795049657876
ENSG00000073111,0.012737075867582675,0.09174993315194414
ENSG00000114631,0.2768277769410273,0.4287209908653782
ENSG00000114626,0.13714998369335596,0.27430373075029646
ENSG00000187715,0.585059420236535,0.38063540282302744
ENSG00000074416,0.39830338103032625,0.6639899302228297
ENSG00000180353,0.042534266489001694,0.05680404085956257
ENSG00000173226,0.12967240480039985,0.19583607742705542
ENSG00000145088,0.006408958080500092,0.07661351473738957
ENSG00000163406,0.0017658209148947693,0.004602709493491795
ENSG00000065534,0.4742225965329724,0.405225521631028
ENSG00000091527,0.25817785553554234,0.3927755090740018
ENSG00000163781,0.18270571555041035,0.4029387658640685
ENSG00000169855,0.4361893558796758,0.4493658404263198
ENSG00000196220,0.15808156586346916,0.5824868566987025
ENSG00000185219,0.5144507939073115,0.505375238705595
ENSG00000114857,0.19925648013552094,0.4362547012324415
ENSG00000198843,0.33439855701705096,0.59569700530938
ENSG00000155903,0.7072786909150126,0.8930035284872863
ENSG00000075651,0.10732762338803581,0.2060677805638059
ENSG00000113811,0.0024253302178393623,0.010977863376815188
ENSG00000114650,0.7232502302941569,0.5862756995492288
ENSG00000164054,0.02946776195826052,0.1543318362524955
ENSG00000154781,0.7622686504933689,0.49436619826543116
ENSG00000010318,0.30612430794016515,0.843095686599892
ENSG00000178252,0.2542550083260031,0.38568466366779197
ENSG00000163931,0.5428187376282654,0.9907004258569216
ENSG00000248487,0.019703858791007146,0.048518381766472336
ENSG00000163507,0.004623840897869075,0.057779358027085205
ENSG00000113851,0.018742974694924353,0.11871433827457313
ENSG00000144843,0.5586632287066593,0.567741538899096
ENSG00000174844,0.011893152020377627,0.06747425930625313
ENSG00000163882,0.017198899843911906,0.03952363700694213
ENSG00000182973,0.28756830416743945,0.6184929097330605
ENSG00000173531,0.08417110523430062,0.19844015403563095
ENSG00000144741,0.8146605397173993,0.8346300938552234
ENSG00000181555,0.437636267641656,0.22988965643569187
ENSG00000161204,0.052710103607987,0.15655958511980014
ENSG00000168137,0.6003808510266144,0.6311503691934817
ENSG00000114770,0.755314279567265,0.8608095877047156
ENSG00000161202,0.026041347691602008,0.07309857134384104
ENSG00000161203,0.0008097637161069935,0.011538611163460341
ENSG00000184378,0.08656022384054896,0.07367118770795326
ENSG00000085274,0.3564037323467638,0.5204843359485873
ENSG00000114248,0.20859631254849742,0.8966917351115199
ENSG00000008952,0.3132303588078578,0.2503521386144975
ENSG00000173890,0.09329542130659663,0.7370430642340671
ENSG00000164081,0.9220997597211161,0.7789240643648271
ENSG00000114503,0.012695086315840206,0.020444031019665666
ENSG00000270170,0.5950605534494432,0.5489047360206667
ENSG00000119227,0.5023379135403683,0.6014167364319938
ENSG00000196428,0.013309226410830882,0.10409869410853473
ENSG00000182983,0.06754919171252986,0.25376176547530527
ENSG00000163788,0.4397683450596973,0.5589989707646894
ENSG00000196639,0.0539151516462811,0.3284634721858476
ENSG00000197548,0.22451823867827783,0.530028854699593
ENSG00000144560,0.5754779232267626,0.7250356063684539
ENSG00000077092,0.08537048336289307,0.08704392196740604
ENSG00000174173,0.1256027343876827,0.24935932543265443
ENSG00000133657,0.11418466722067025,0.16548945321099331
ENSG00000187492,0.16727124005421282,0.26512593318446587
ENSG00000185614,0.5367028890564228,0.621650634398148
ENSG00000182179,0.1344490045615395,0.3347582616751661
ENSG00000183763,0.09132643405787075,0.38167968908035965
ENSG00000164078,0.14546889395155013,0.1523924763752861
ENSG00000164077,0.27392075903551255,0.17210157382720195
ENSG00000004534,0.08592871223853522,0.30686736975449674
ENSG00000003756,0.055188902270332324,0.08369559162755574
ENSG00000114013,0.20716790721771536,0.3124616182943961
ENSG00000121552,0.6731242334807177,0.521261574773551
ENSG00000160124,0.007573897237556504,0.02896636141931723
ENSG00000114023,0.1529707330927383,0.23195420938990283
ENSG00000196981,0.2111070304060853,0.43647575494734225
ENSG00000114030,0.11017154089853916,0.3808257763072229
ENSG00000138496,0.0905682096344574,0.2169216217101885
ENSG00000163840,0.1773159781234124,0.4134590826984498
ENSG00000173200,0.0017108262109640743,0.005957562920843904
ENSG00000125037,0.6732315011022365,0.889372089141171
ENSG00000144867,0.2497106689323583,0.48224462057312145
ENSG00000057019,0.01404902596076098,0.06407121933390841
ENSG00000064225,0.05451383097524946,0.30426326130215
ENSG00000163820,0.027189172866278588,0.031248344891018107
ENSG00000163491,0.20911569804088578,0.3388352428651308
ENSG00000158234,0.14188742142706545,0.10575296485431603
ENSG00000151276,0.11026396399611602,0.24464802297980198
ENSG00000144559,0.016911041153225632,0.008981839119971363
ENSG00000033867,0.8645174132350923,0.606048344630078
ENSG00000163689,0.3155736220433736,0.29501532644039613
ENSG00000114656,0.07674295217255171,0.15849929165456797
ENSG00000160791,0.12891045063811382,0.2614300970605325
ENSG00000170364,0.29377493486836437,0.304417347258442
ENSG00000145022,0.0005556498519510083,0.0023034330018658457
ENSG00000070087,0.041916120239058434,0.08157911397508241
ENSG00000171121,0.38518899680367835,0.2987641727930138
ENSG00000196542,0.2779416970273913,0.3718806083714241
ENSG00000156990,0.04492884689725993,0.1118624313905236
ENSG00000177463,0.5688259309703569,0.6245210301357209
ENSG00000132182,0.9045173290729296,0.786218134852751
ENSG00000163517,0.26339819448706125,0.4115853568557505
ENSG00000163520,0.7465729047759329,0.8323235529146872
ENSG00000114473,0.21337927297456757,0.45252309973399263
ENSG00000182899,0.32537839692123344,0.41732819280531486
ENSG00000185621,0.24421214452726392,0.2486864450118549
ENSG00000114745,0.8143319342938489,0.8263459843131743
ENSG00000119231,0.33509828302849726,0.4254561250691824
ENSG00000163975,3.463897437608719e-06,0.00019228400882287296
ENSG00000075711,0.6242500887887521,0.49273202671138117
ENSG00000131374,0.6228136750749844,0.9336172352667651
ENSG00000134086,0.6026279223491668,0.7094751843789557
ENSG00000157036,0.525622288287457,0.9466273876747637
ENSG00000179348,0.056846461980064954,0.09835224176852235
ENSG00000163702,0.49953385571971776,0.7404818260003719
ENSG00000173402,0.08996360158067158,0.18973175290419603
ENSG00000163933,0.02070375626654624,0.19003983578170988
ENSG00000163932,0.003480564704353441,0.003337059311288301
ENSG00000144659,0.3372031003862587,0.5556329774102514
ENSG00000144655,0.8467539351288753,0.6572835389991825
ENSG00000168329,0.0016062108150836788,0.004675667822418766
ENSG00000131386,0.5813078797108232,0.6290076141342453
ENSG00000154813,0.7032263127384349,0.6745674928161993
ENSG00000154814,0.7541997003798362,0.6564874608304215
ENSG00000114120,0.23392087399848555,0.8381427192530956
ENSG00000163913,0.6659029694856781,0.942837739041404
ENSG00000168032,0.05745911629696809,0.2581784539673192
ENSG00000188846,0.5929252149813833,0.8583676838482854
ENSG00000177873,0.768438631427896,0.97418433831654
ENSG00000177842,0.2894744454165023,0.6102918932706789
ENSG00000172888,0.6942461430426727,0.840668771857415
ENSG00000168036,0.8178936302896959,0.5189105389431421
ENSG00000168038,0.8380188870365562,0.9047151446443551
ENSG00000182606,0.6311574330440363,0.7415802922901488
ENSG00000080200,0.42682016751874585,0.12430822888488048
ENSG00000170854,0.9697495150266293,0.6906313240709394
ENSG00000163527,0.32805215941493576,0.26956884058434083
ENSG00000144645,0.04609701737301618,0.05411476726004151
ENSG00000197385,0.28311346786759145,0.44954296688409245
ENSG00000152642,0.00020920239101829242,0.0047635612363782
ENSG00000163606,3.406171421318617e-05,0.0007954251071379557
ENSG00000163607,0.11335998240058157,0.22351636932816343
ENSG00000163608,0.7150420199490309,0.7476773426531458
ENSG00000184307,0.4666116468342344,0.4411259840194953
ENSG00000163617,0.08608848180616493,0.20838273512207864
ENSG00000151576,0.3140816407483059,0.6805456070471447
ENSG00000172765,0.1618232827396342,0.42926507937242875
ENSG00000144935,0.9939678524641785,0.7735486405539631
ENSG00000168028,0.1496964180262795,0.28340500431164195
ENSG00000061938,0.9551039566888919,0.8166655663180509
ENSG00000072274,0.06078099584921005,0.12654842497012492
ENSG00000178053,0.4483088036263796,0.9661485760067706
ENSG00000168827,0.015656376724628152,0.023891351889713395
ENSG00000079257,0.1633046418786004,0.1848119042966301
ENSG00000072756,0.0887856333967873,0.35862326981202886
ENSG00000169814,0.43970291609572343,0.8184875398443835
ENSG00000131381,0.07450917208373617,0.21524681107206103
ENSG00000163728,0.5012638217617054,0.816797870620775
ENSG00000284862,0.37137773441119926,0.8107061256612982
ENSG00000205981,0.19542996594377562,0.06520463656324867
ENSG00000114416,0.00033212140083853993,0.002080363195833343
ENSG00000114455,0.7602538817111371,0.7349400290237698
ENSG00000066405,0.022865932494965695,0.2221530621166153
ENSG00000158163,0.30269029780100937,0.3689168426342768
ENSG00000138231,0.3707539628670703,0.29792459131203364
ENSG00000114098,0.5026847450463118,0.8956434103890668
ENSG00000181322,0.024285807220245353,0.1723640645680131
ENSG00000071282,0.8998422064161647,0.9289902962361354
ENSG00000180914,0.008556069548990654,0.006621691168380178
ENSG00000077097,0.9441032967605778,0.8319313861925743
ENSG00000172936,0.2678693618083028,0.5086219375509342
ENSG00000173230,0.6608298230444654,0.7069050787969697
ENSG00000163818,0.07542181776162821,0.05748177422110501
ENSG00000157014,0.12243197606717504,0.29498283119200985
ENSG00000058262,0.22923006432140122,0.6985133009647255
ENSG00000132155,0.6006758927284164,0.6834124828514309
ENSG00000121542,0.645065577702064,0.5971094121587343
ENSG00000173175,0.4990223816004232,0.5144938265198853
ENSG00000090539,0.8564188073838241,0.6745693095555486
ENSG00000182568,0.08288932575232114,0.110818580620346
ENSG00000163848,0.760737428708517,0.5220066243230514
ENSG00000173950,0.0068582489214246934,0.0059688139031331255
ENSG00000114331,0.437114083083909,0.6041417050320526
ENSG00000184203,0.11558498020406853,0.16120232687219374
ENSG00000189058,0.400485931237632,0.6090479511747471
ENSG00000113966,0.25167528775828724,0.30890982844019854
ENSG00000157388,0.012042201790324055,0.06773370691482228
ENSG00000073711,0.6564620548772444,0.9151025575537458
ENSG00000114054,0.4009498408773863,0.5765255403972942
ENSG00000174579,0.49190527640313597,0.8215800327464413
ENSG00000163508,0.0966711710374036,0.25647590003908033
ENSG00000163817,0.27323039966134605,0.24076337172147239
ENSG00000131368,0.48403885990453377,0.7506983726922447
ENSG00000173706,0.43733218697938847,0.7209935813870031
ENSG00000283154,0.20801233579603207,0.7828201462663578
ENSG00000163938,0.17963273467339333,0.5412765636289818
ENSG00000016864,0.7960272835050195,0.7663980879051735
ENSG00000114902,0.8346346933586496,0.9749072755458177
ENSG00000114904,0.6913669014657904,0.9239711371847693
ENSG00000055955,0.030157984664752665,0.07863187021779336
ENSG00000272573,0.003740802896144347,0.0583760851680531
ENSG00000213533,0.172549704906814,0.34747655816837075
ENSG00000214021,0.0907604674709324,0.3549094066247952
ENSG00000176542,0.6672443699020896,0.9852676896338997
ENSG00000121579,0.006941206927390024,0.09414300077597856
ENSG00000178075,0.963209277901593,0.7374973767039088
ENSG00000178035,0.772837756918588,0.9525860187947707
ENSG00000198218,0.9495552653256426,0.7131778871077776
ENSG00000240747,0.11024043036713695,0.08992433939784285
ENSG00000066422,0.8217887442189185,0.8194142598662153
ENSG00000181722,0.4136485443183201,0.7519327479471922
ENSG00000233276,0.6589210850335723,0.9969470180693651
ENSG00000177565,0.5987976539448592,0.8033462703755537
ENSG00000176945,0.9274641113330029,0.7040226908306595
ENSG00000145113,0.5593283769295794,0.973495786192043
ENSG00000114115,0.2591434238715529,0.4700991466715182
ENSG00000163864,0.7969224112224522,0.6604871560080698
ENSG00000184897,0.1651512608392546,0.26556864459456453
ENSG00000172046,0.5087705410999555,0.2908929891579024
ENSG00000187098,0.5686877716578433,0.5250201367191999
ENSG00000014257,0.12777844936133192,0.07737489582861817
ENSG00000144802,0.14292075346987107,0.152008009785788
ENSG00000188338,0.2967431917677622,0.2831317050754073
ENSG00000114391,0.9201465889381581,0.8494010236233432
ENSG00000144815,0.44431765974797977,0.3341601729170228
ENSG00000047849,0.08712111497318631,0.39175677326357405
ENSG00000174840,0.6449675136384851,0.4160156808082883
ENSG00000168374,0.10330077954714255,0.24235203199659405
ENSG00000174839,0.8064521332934971,0.7297032588937897
ENSG00000196653,0.0030236165537250986,0.002637362462156012
ENSG00000163807,0.6361992110085954,0.8954059072433221
ENSG00000169964,0.8882647121878049,0.806357198647122
ENSG00000075914,0.6878652040046752,0.942896942745584
ENSG00000163815,0.00013192240007281285,0.002263674408683966
ENSG00000185008,0.022322337464274162,0.08258039003532885
ENSG00000163812,0.4712647653436389,0.47708750198024863
ENSG00000182504,0.824611803085611,0.7745301395628652
ENSG00000114439,0.43962549273917073,0.7531408127619026
ENSG00000196776,0.09375594696860277,0.23426425330638906
ENSG00000114279,0.0029042381095022297,0.07095129974659631
ENSG00000144674,0.8761724356237868,0.9734635531953639
ENSG00000114302,0.2729003120065782,0.14104429404269558
ENSG00000152952,0.0005549281715297027,0.0041360042575999305
ENSG00000211456,0.41262780872256644,0.38296615744672713
ENSG00000114573,0.9782241137290304,0.6267878278963516
ENSG00000163681,0.16635525799272502,0.3706872004495567
ENSG00000144647,0.38610164253888346,0.26526582263796716
ENSG00000196083,0.08760594674547917,0.10129069043923063
ENSG00000114784,0.7093804725570705,0.27668919806798337
ENSG00000153767,0.27484078236963705,0.6578809949599522
ENSG00000163558,0.5786194665948854,0.6146303748636373
ENSG00000136603,0.07000838748533893,0.10632199051218699
ENSG00000010327,0.618798694704823,0.9126425495441068
ENSG00000168268,0.2474184961065407,0.2436495336879555
ENSG00000168273,0.0250112159942415,0.0286232242808691
ENSG00000163939,0.6777020823674127,0.6348633101663075
ENSG00000114026,0.3831480237408642,0.8414843330026935
ENSG00000122068,0.1389819266197317,0.3377461730279558
ENSG00000145016,0.5196939101301388,0.4942256128624216
ENSG00000058063,0.03567036984233199,0.08519557762345362
ENSG00000043093,0.0069651192779660144,0.01854316681104548
ENSG00000078070,0.2327637922896265,0.2918712717943034
ENSG00000078081,0.10809166732467136,0.41806253422274153
ENSG00000144712,0.8307868533794457,0.9893745723545007
ENSG00000144711,0.3448652339045931,0.348414848010388
ENSG00000154175,0.07310813133388237,0.12932334399192594
ENSG00000163704,0.0028917854613812496,0.017329691595614937
ENSG00000174776,0.07926407865050794,0.24749809420033736
ENSG00000198888,0.5790839220140629,0.5344605831751577
ENSG00000198763,0.3075520423492119,0.35120180997089134
ENSG00000198804,0.7892812920202014,0.5316575732675155
ENSG00000198712,0.16834598428297962,0.1541026714243259
ENSG00000228253,0.05159557191521977,0.045132288835002206
ENSG00000198899,0.13369956369211566,0.11896559555546805
ENSG00000198938,0.32318547350734766,0.22183045274949395
ENSG00000198840,0.4692895919758574,0.5391719810173028
ENSG00000212907,0.16658550807894695,0.25274161271108725
ENSG00000198886,0.14674882780632298,0.19868101566300403
ENSG00000198786,0.43459858966992937,0.9271518866387092
ENSG00000198695,0.4210345809378844,0.9027508145291256
ENSG00000198727,0.6079867961188201,0.42994791059492954
