Gene,cox_p_staged_patients,cox_p_stage_strata
ENSG00000114374,0.3289413376531485,0.32763863730030046
ENSG00000198692,0.5583035721067429,0.6520435367419689
ENSG00000258992,0.42918393982584613,0.34149493966051664
ENSG00000012817,0.5034810533161663,0.5076411883269565
ENSG00000205916,0.8598935215328832,0.8034534495207604
ENSG00000129824,0.31209310414636043,0.3946686968311055
ENSG00000067646,0.5602815428639134,0.6831137967154925
ENSG00000067048,0.43060593439312833,0.4788550873625532
ENSG00000183878,0.5273849003630094,0.5674433003137707
ENSG00000154620,0.7752836001209792,0.8429046950483935
ENSG00000168757,0.6462427793344192,0.7084753240431864
ENSG00000165246,0.6368895496178231,0.7464405769450132
ENSG00000233803,0.46905374548130563,0.39967981783128514
ENSG00000238074,0.5547041516916615,0.5349853521474781
ENSG00000101282,0.3085327172086367,0.21770863156030695
ENSG00000089012,0.6652612661892975,0.7449303095533742
ENSG00000171984,0.5501282513686936,0.7586526001438088
ENSG00000125827,0.01652840158544485,0.019004936182306937
ENSG00000149346,0.23993274840649031,0.1722752631608792
ENSG00000125845,0.012690492438430697,0.009785983867426578
ENSG00000125898,0.058581836043139095,0.052239520004913796
ENSG00000173404,0.2003020432776299,0.19517375273957177
ENSG00000125788,0.04747165784288245,0.03149169195806391
ENSG00000132640,0.06579930267601983,0.04869620957856316
ENSG00000089063,0.44846151853118954,0.6098736737617467
ENSG00000125851,0.053896962654331,0.07376427909493265
ENSG00000088876,0.35183018482206696,0.331163543408584
ENSG00000101230,0.6723953608054509,0.692801805742222
ENSG00000284776,0.42561016950065134,0.3743049561437337
ENSG00000101463,0.5313983635612856,0.5714249634423006
ENSG00000088930,0.18678315622767988,0.21187489492076733
ENSG00000125870,0.558129406890264,0.6004727144272601
ENSG00000077984,0.5403126830524518,0.44648472272576467
ENSG00000101474,0.5451483568746618,0.852335932313215
ENSG00000125864,0.9334398571543723,0.9199711923268039
ENSG00000149435,0.026788118766748196,0.009857902823291444
ENSG00000170369,0.08177526863429195,0.13630519614711004
ENSG00000125868,0.10724839109681744,0.1291797498040841
ENSG00000125834,0.08783556341734022,0.08236472766443154
ENSG00000198646,0.5984346015014264,0.6066500257190215
ENSG00000172296,0.1700521987448679,0.1397956252698192
ENSG00000131069,0.1573796239887548,0.18514835902654173
ENSG00000078804,0.8116069184080273,0.9340091790352806
ENSG00000101384,0.26844757733037095,0.2996956770862954
ENSG00000089057,0.20611603888283636,0.2709714775379363
ENSG00000089123,0.2641685582519527,0.2650643874070822
ENSG00000132792,0.6829449885979477,0.7044722324673021
ENSG00000149639,0.9852541717348002,0.8663081564257343
ENSG00000101445,0.568766068835229,0.445722513142655
ENSG00000149633,0.29274506488365204,0.3165556292328655
ENSG00000101452,0.4072766911362441,0.5399509972905259
ENSG00000124191,0.20549764863398415,0.0946484200553059
ENSG00000064655,0.5329231265406305,0.6837666328766414
ENSG00000062598,0.32070786316680333,0.29250107196580066
ENSG00000198959,0.0006883798077739309,0.0005313628266395541
ENSG00000042062,0.6783145355208593,0.9049630140375678
ENSG00000158480,0.6376683333791042,0.7061265133036276
ENSG00000101447,0.038698083968474004,0.035747498883497625
ENSG00000197496,0.7896413082969527,0.757584395176399
ENSG00000124226,0.6937089916234015,0.6894843693332193
ENSG00000080189,0.6827251013365689,0.7472280552229752
ENSG00000198768,0.17317067346576076,0.20847607998214696
ENSG00000088298,0.8576195064069971,0.9558630535072866
ENSG00000124151,0.26277394748270483,0.18465548518175676
ENSG00000124126,0.07983166933758808,0.0657244655467118
ENSG00000124212,0.0023402462360790424,0.0021466267487016935
ENSG00000182621,0.9706860351258794,0.8713316062265963
ENSG00000054793,0.04097764651591152,0.0555750930663467
ENSG00000125970,0.4342639934121625,0.5352597580415923
ENSG00000124216,0.002270705402485369,0.006466735922113819
ENSG00000101194,0.23450756514628232,0.2482668551547134
ENSG00000132825,0.42992195528252464,0.4622679649468566
ENSG00000101132,0.42538083373441316,0.44386762934874446
ENSG00000101182,0.914726620788757,0.7839859526349402
ENSG00000124215,0.850747030260097,0.949169822592628
ENSG00000197586,0.021913461246298244,0.05467339932768472
ENSG00000130701,0.24092577213900399,0.3007114663924259
ENSG00000101439,0.0032754386340558103,0.0057708481441130985
ENSG00000101193,0.9269728247898236,0.9717885659291177
ENSG00000124225,0.01450109946846768,0.016698962266630188
ENSG00000101365,0.18229664879398289,0.2618253598911138
ENSG00000124164,0.9120549713307824,0.9622546014289947
ENSG00000182463,0.8596001799104718,0.9806163656432272
ENSG00000132821,0.04850911216289226,0.051283240569915144
ENSG00000125977,0.9871378049607665,0.9719575250386477
ENSG00000203883,0.08769744581960193,0.07907166767327288
ENSG00000154930,0.8742061287972143,0.9870444285386443
ENSG00000101134,0.3455826317983087,0.5246804897233803
ENSG00000158470,0.41405932920933486,0.3671302155498041
ENSG00000020256,0.5927587039036364,0.7578011232205957
ENSG00000101115,0.5318186119174597,0.569322594717504
ENSG00000101144,0.5116889323029135,0.5486455136198735
ENSG00000101407,0.4437400782222044,0.39069737502717605
ENSG00000101079,0.8945874721602277,0.9203787356878972
ENSG00000171858,0.08607651729162197,0.04987469450773485
ENSG00000087510,0.48338170779673506,0.6816542996861141
ENSG00000184402,0.9567385675785381,0.9971263190494816
ENSG00000101361,0.41914442154414555,0.4269494615244779
ENSG00000101096,0.07468265290203642,0.0560794561507481
ENSG00000196074,0.8190137987141934,0.7440901412232086
ENSG00000130702,0.9284534419568782,0.9483898878667656
ENSG00000149657,0.7212664502632793,0.6515054116462008
ENSG00000087495,0.21956437249320065,0.12709982812765297
ENSG00000171703,0.5898449944176933,0.771242724277301
ENSG00000129988,0.004583234298547297,0.004082592326907739
ENSG00000196227,0.7527319642072041,0.6478094884274503
ENSG00000080839,0.7143353111618868,0.8481171696720897
ENSG00000124209,0.9161095802091972,0.9950672205580751
ENSG00000124205,0.6188340509187942,0.5634367459236811
ENSG00000101413,0.33804356932852075,0.3139497053283158
ENSG00000130706,0.6475890327493791,0.7182565625097048
ENSG00000025293,0.05686937694823982,0.04687188899260591
ENSG00000131067,0.29369613669387745,0.34750218965351765
ENSG00000124145,0.14105727262200765,0.14700120860446672
ENSG00000204070,0.6380285296316437,0.8456932496726611
ENSG00000124222,0.9730184643565134,0.9264077576381524
ENSG00000215440,0.8870893266564035,0.9586902304283372
ENSG00000101158,0.3310901987614742,0.2715582255850438
ENSG00000124172,0.22583362365157902,0.15367677799098017
ENSG00000101166,0.8413853187623563,0.7279236155348833
ENSG00000244462,0.9719953171324682,0.8710098416200128
ENSG00000197296,0.33668667826585125,0.30727446141539483
ENSG00000124120,0.27145149853244377,0.3777440022270856
ENSG00000132824,0.04852491767449353,0.061739082394549706
ENSG00000168734,0.004282537821637789,0.003389276007821956
ENSG00000101342,0.8763774144824178,0.9056463244817595
ENSG00000132823,0.19659188152545976,0.3260488604393212
ENSG00000124193,0.7352124178075479,0.9863491553070602
ENSG00000101052,0.8752819998501077,0.9215498683304736
ENSG00000101057,0.7129822562254049,0.5333764418050599
ENSG00000101307,0.4064103640376756,0.36045207917109034
ENSG00000271303,0.6223809358916945,0.5217384586646714
ENSG00000125821,0.7234733597182625,0.7429607654393584
ENSG00000130703,0.11440029607225498,0.12749565629194198
ENSG00000101098,0.853151995108814,0.7611417480831381
ENSG00000149658,0.7277714172503412,0.7443788006467338
ENSG00000101197,0.16552638917334733,0.08861375214526712
ENSG00000101198,0.5154511407832859,0.5629365731674798
ENSG00000101199,0.26124053286875537,0.3406195235189179
ENSG00000125863,0.6550718213725859,0.7492552087455114
ENSG00000285508,0.9554096957499463,0.9144323955574717
ENSG00000285723,0.25315672967737474,0.2970202987959091
ENSG00000125534,0.07330095689588768,0.07270325553137619
ENSG00000101213,0.6462359682404539,0.49262477548578487
ENSG00000088356,0.7769232096689057,0.7080575084626841
ENSG00000101331,0.049663285636069206,0.031668096869913405
ENSG00000126003,0.4844739163715034,0.5274790614179716
ENSG00000101367,0.23749984243106687,0.2525916299885084
ENSG00000101000,0.7370530067694246,0.6984565175264501
ENSG00000126005,0.8265412612951438,0.7460909193911041
ENSG00000125966,0.5164210113172149,0.3212641479596332
ENSG00000125998,0.305308091389235,0.4090143422097987
ENSG00000198053,0.013274061263985929,0.007115783594284273
ENSG00000149636,0.44111433084054297,0.41396256702365875
ENSG00000130584,0.09809926498941383,0.09078627798813738
ENSG00000197818,0.09127769667241022,0.0680616412426065
ENSG00000101335,0.2121158699979868,0.24494692323198766
ENSG00000118707,0.7089353856425638,0.8120745987699212
ENSG00000259399,0.3550967392850781,0.38722353449960645
ENSG00000101082,0.8928131184462451,0.9366281829163637
ENSG00000125901,0.6711948184744082,0.803591802844761
ENSG00000185019,0.13633485735879894,0.10133684901564971
ENSG00000198171,0.23793816840918236,0.31180928672647584
ENSG00000125877,0.03687568399227412,0.05017079979958411
ENSG00000125968,0.03702605784340739,0.02671844045990664
ENSG00000131055,0.051031555189308894,0.044133128420871186
ENSG00000088325,0.5465979568050139,0.43446212958710995
ENSG00000179772,0.6756297254599097,0.9472009100410944
ENSG00000171552,0.04243642315475871,0.04942553037958613
ENSG00000088970,0.030965312396900736,0.01984761833606958
ENSG00000125850,0.45549320314686903,0.41454329043422034
ENSG00000125871,0.9467456280311316,0.9136579525737486
ENSG00000232838,0.29301107007721255,0.4335623698735448
ENSG00000125869,0.7294266437148733,0.7722846757878827
ENSG00000125818,0.06109665291635916,0.07463235403831577
ENSG00000101298,0.0060994909541030136,0.006845789203600533
ENSG00000125775,0.15013904533924619,0.11251950545826432
ENSG00000196209,0.1733421064240968,0.12447316809038578
ENSG00000124104,0.13849040376712896,0.12163453019630767
ENSG00000132801,0.6656919170153623,0.5909651927170201
ENSG00000100979,0.7584559419400775,0.6083970484762236
ENSG00000100982,0.5767528931253879,0.5412692304792851
ENSG00000198026,0.6205106719103257,0.5102470199038307
ENSG00000100985,0.5464174783965237,0.6476966804209853
ENSG00000088832,0.021311513767900348,0.03457287733795338
ENSG00000088836,0.4368369911210961,0.5528722330536286
ENSG00000125967,0.5718867514647568,0.5723392195688946
ENSG00000101412,0.7044902046447354,0.6678058437911404
ENSG00000101417,0.9208241765860086,0.8649427187870211
ENSG00000101421,0.7945465081229386,0.8594636587202821
ENSG00000242372,0.9963032410330017,0.8999569273186357
ENSG00000132646,0.7172946180121957,0.5611090481061648
ENSG00000101290,0.014644562930446234,0.014620136773804016
ENSG00000089006,0.07041631502056614,0.10204535653686166
ENSG00000149600,0.7959369740718689,0.9956408677580277
ENSG00000101349,0.2503593891356596,0.3126379320016472
ENSG00000101160,0.1721327668455035,0.1726266163720981
ENSG00000198900,0.6630741983146328,0.7500563964610074
ENSG00000171867,0.1847734780820711,0.24828408792781528
ENSG00000101265,0.10874928002725404,0.07711561516156817
ENSG00000244005,0.9794512287800435,0.890606065921571
ENSG00000125995,0.8048746432659792,0.8030308842406728
ENSG00000131051,0.6469897842703252,0.7053904900267589
ENSG00000214078,0.3542562220396215,0.3730946279282593
ENSG00000185052,0.011567803718596116,0.007546551042720962
ENSG00000204103,0.8835376968205566,0.7559368407535628
ENSG00000132793,0.26327685531519085,0.3613276692846217
ENSG00000124177,0.7656531961900757,0.9334997432136005
ENSG00000124107,0.6091139411665095,0.394959249038186
ENSG00000101443,0.2088389008431806,0.09817377587718884
ENSG00000101457,0.983017130344127,0.7972366116663182
ENSG00000175063,0.35049224188883277,0.2404009814230678
ENSG00000101470,0.5472297455334498,0.5325413745221632
ENSG00000168612,0.9575315837644286,0.7243917293482494
ENSG00000124207,0.6793595619556655,0.5785774772719311
ENSG00000124214,0.7369673430680748,0.7631218662534045
ENSG00000101187,0.15535684831185784,0.17319130277973427
ENSG00000101189,0.694697942430111,0.8626328634834703
ENSG00000060491,0.28783122453818644,0.19558602353023802
ENSG00000092758,0.12064586395780774,0.081319639495808
ENSG00000101190,0.8333792533479377,0.9590842737487869
ENSG00000101191,0.43686058875411193,0.3870657150301119
ENSG00000132622,0.06917580191805196,0.047133915796851736
ENSG00000101220,0.5814736320494639,0.7319343355060544
ENSG00000125817,0.10960220248159168,0.1623764937599842
ENSG00000125843,0.07087693176988517,0.0749914920598825
ENSG00000088888,0.0769067680705098,0.055728007424764775
ENSG00000088367,0.9885732422428638,0.7919379328654468
ENSG00000131043,0.4821313887166234,0.34601524004238393
ENSG00000196476,0.36053081663662057,0.38469294471495286
ENSG00000247315,0.6575650232108367,0.6587338924763295
ENSG00000125841,0.07460444204084796,0.10033063733189558
ENSG00000125875,0.0455463923251708,0.05185514393508662
ENSG00000101266,0.07601367456018376,0.07639327870065638
ENSG00000101276,0.056742022748677165,0.05258449301909823
ENSG00000124198,0.30726998040740555,0.32680966210509416
ENSG00000124098,0.5417239013401904,0.5362880086295885
ENSG00000087586,0.7365196944704689,0.5464528920559348
ENSG00000101138,0.6572934602157612,0.7452406892648579
ENSG00000022277,0.8595326744067515,0.9726776984193091
ENSG00000087589,0.07427864376252846,0.03441019129586464
ENSG00000101247,0.22512525172662012,0.1733799604498201
ENSG00000124201,0.17258528211494428,0.09825142881772987
ENSG00000124171,0.21179660747590157,0.2394280483996983
ENSG00000124217,0.8577117054400605,0.76884053683503
ENSG00000173418,0.4554706396161027,0.5549022675787608
ENSG00000101343,0.1609955549852887,0.14210741483253544
ENSG00000132669,0.044337120771691274,0.06947064841927558
ENSG00000101236,0.12963640571295065,0.1470527670680288
ENSG00000088833,0.022822157002273802,0.023960813788635873
ENSG00000171222,0.429372790795991,0.3286634476524274
ENSG00000101336,0.7407649690941398,0.4160068807811951
ENSG00000124228,0.6368154071701111,0.6284346719305369
ENSG00000101181,0.9962399060678429,0.8548383968879875
ENSG00000101224,0.1838591756624143,0.21846287706996023
ENSG00000177732,0.5499258734826254,0.6116378719294479
ENSG00000170373,0.913038112373733,0.6601903113443821
ENSG00000101441,0.8135782072487513,0.9920433751638654
ENSG00000171940,0.6371527385624507,0.6285276665248767
ENSG00000088854,0.04645116585142828,0.060447190039556856
ENSG00000124257,0.8566184122630771,0.8049636849999553
ENSG00000125779,0.37955843113350674,0.3825852833151079
ENSG00000089048,0.4428545924257232,0.40849172239253695
ENSG00000000419,0.26266107823160495,0.21065290687881752
ENSG00000026559,0.8695857162343023,0.9287082627706836
ENSG00000124160,0.4123815123100717,0.5231612160270775
ENSG00000101347,0.6316783816584933,0.6097765974676204
ENSG00000101216,0.45007352224898467,0.3208770941035966
ENSG00000197457,0.955849181092755,0.9966969944389292
ENSG00000243509,0.12938860647155392,0.16562232923498232
ENSG00000101246,0.16666833972243167,0.15755315617530835
ENSG00000197114,0.41172171583205397,0.42717087773903606
ENSG00000125520,0.5163771172489109,0.844257381619787
ENSG00000088882,0.4504472707926054,0.5232399400587123
ENSG00000132635,0.5791147914391848,0.5718770243918235
ENSG00000215305,0.12919289607872894,0.18319686291483966
ENSG00000101363,0.5287537214047979,0.47208680182568996
ENSG00000125878,0.8400790860380808,0.8989294927123235
ENSG00000124243,0.7367073391024026,0.8101395694961014
ENSG00000149634,0.9748784072011444,0.9853379614840688
ENSG00000244274,0.9979259030459823,0.940386448094907
ENSG00000101255,0.07423810959495689,0.08544257896939872
ENSG00000149599,0.192495455255768,0.13112900403885747
ENSG00000174306,0.36248056662260675,0.46470887192303223
ENSG00000080845,0.12682018227751954,0.099491134294585
ENSG00000088899,0.7949727618197087,0.7514371427814162
ENSG00000125895,0.28440394172401084,0.2017220734243608
ENSG00000132670,0.0978845884128239,0.08555263243409562
ENSG00000078699,0.9582800681812645,0.9391947834765939
ENSG00000087460,0.8028354787805968,0.8770606606058574
ENSG00000124181,0.41190324874486217,0.3222258543536327
ENSG00000124208,0.13407853020757646,0.13388855497540447
ENSG00000240849,0.5201943935991848,0.4993285247129352
ENSG00000172216,0.008300153271258092,0.010408757006109215
ENSG00000196396,0.12046161919947368,0.09658452255473275
ENSG00000197122,0.08005778807283744,0.0749943894002043
ENSG00000132661,0.48419395036730273,0.6591032302046917
ENSG00000125812,0.021163464937986747,0.019449271327806914
ENSG00000125814,0.2950784992409296,0.2580933819745002
ENSG00000118702,0.0749914322757495,0.13831004340109715
ENSG00000101333,0.5821549311999403,0.7857378805319492
ENSG00000132623,0.4362635031378076,0.5065922259992269
ENSG00000158296,0.3052672018302772,0.23700995804390146
ENSG00000188559,0.010890300816974587,0.005842268736186836
ENSG00000125991,0.4044661963141988,0.5087603263245165
ENSG00000101084,0.5429643041761236,0.4827722921454537
ENSG00000244687,0.28626628757430833,0.30309020818303134
ENSG00000149451,0.7267884393780722,0.6919615883135721
ENSG00000124140,0.8673420227319621,0.9640306253306654
ENSG00000125844,0.08743754821620343,0.10928452543366152
ENSG00000101049,0.2041197564353794,0.17442419991490846
ENSG00000149474,0.6008851124586071,0.6395030036634373
ENSG00000125780,0.11360987823954977,0.19054175582057883
ENSG00000125835,0.3465249377556102,0.4246773406680352
ENSG00000170471,0.17233021211901717,0.1749073927640138
ENSG00000101442,0.3627995642916656,0.37768700272011113
ENSG00000149646,0.4968571886559222,0.7329142582217478
ENSG00000130699,0.30993768019856266,0.38137375537134965
ENSG00000124143,0.02415740268505761,0.010674640313738683
ENSG00000124155,0.13647030763239368,0.16434772203567286
ENSG00000019186,0.22254190321911463,0.48749889451439765
ENSG00000064787,0.3702614500495489,0.3330478066958483
ENSG00000215251,0.6624484012488818,0.5625308264214839
ENSG00000172315,0.8212833862012704,0.7925868028405195
ENSG00000101161,0.9617690768790189,0.9003375756838663
ENSG00000061656,0.048072620407214,0.052110285508668634
ENSG00000198185,0.4161215425822906,0.382583984314521
ENSG00000100983,0.9575183671415242,0.8917525252316026
ENSG00000078814,0.2867471323451488,0.34531084921193766
ENSG00000100991,0.15185592059160152,0.18075312617267655
ENSG00000124092,0.5749973653964225,0.43162032788722327
ENSG00000124256,0.6130398133322558,0.45602609045180675
ENSG00000101040,0.781617648432257,0.6320707281147161
ENSG00000196090,0.30763434617516644,0.3858261100375059
ENSG00000149679,0.6204720643286159,0.6364161870632341
ENSG00000124237,0.5429856520486638,0.31194893857179384
ENSG00000101017,0.598689601139456,0.7183576466216752
ENSG00000196839,0.486422619531775,0.3727167289544545
ENSG00000064205,0.17565964984202936,0.2027304082820217
ENSG00000078898,0.43441305617775683,0.30995697350716706
ENSG00000198183,0.32519072820554895,0.30630302625636724
ENSG00000125999,0.6248219592440776,0.827333006034038
ENSG00000101391,0.818328256330842,0.9201089734035282
ENSG00000101400,0.6466729147619006,0.5894436612008134
ENSG00000088305,0.4643487805867833,0.5072202868866376
ENSG00000100994,0.00198291688922405,0.0028912034286571967
ENSG00000100997,0.028754904434089713,0.0749165087904947
ENSG00000101444,0.4763024489946478,0.28780256866136195
ENSG00000101460,0.2621064920302692,0.1877610338619145
ENSG00000101464,0.6365632018183572,0.49032904155609014
ENSG00000125971,0.5378585158759228,0.6083335775134271
ENSG00000078747,0.1268973384784339,0.1629887391212725
ENSG00000101003,0.9797116023570476,0.7868531085987783
ENSG00000125798,0.03779784018516893,0.017636959608615804
ENSG00000132664,0.1813911280765634,0.20563982866536382
ENSG00000089050,0.3601374221845294,0.3778643808408514
ENSG00000101310,0.07985339098766282,0.1391342422775912
ENSG00000232388,0.9397975049863644,0.8540713146828537
ENSG00000125826,0.04820786944229599,0.0967216266222861
ENSG00000258366,0.22065815934876737,0.26830514201560357
ENSG00000101146,0.604636409670548,0.5633660325983334
ENSG00000132819,0.043656462002188354,0.03021525177602042
ENSG00000101019,0.780802340913295,0.7774662855356123
ENSG00000101473,0.647846641794741,0.6304619476633491
ENSG00000101294,0.055710138566143076,0.0981473619132828
ENSG00000101337,0.5938407356933131,0.6561791688039131
ENSG00000101350,0.2108538897601088,0.18352715376860407
ENSG00000171456,0.45459875498881286,0.35374179190702926
ENSG00000197183,0.011548040210678108,0.0066619687263804244
ENSG00000196562,0.3154897868636593,0.28103290302587197
ENSG00000130589,0.0689253030022678,0.05008280071276207
ENSG00000166913,0.3413299144034389,0.35790658044822077
ENSG00000101104,0.6109443258802698,0.4849459625750334
ENSG00000025772,0.7770063727072066,0.6943156702619833
ENSG00000168703,0.25579096908183824,0.07326914491785162
ENSG00000124102,0.716239670205308,0.9657603057722577
ENSG00000101109,0.2479586905789886,0.18292034152299813
ENSG00000131061,0.7180896612963794,0.8327174274779992
ENSG00000125846,0.9807988924531759,0.9702829702230493
ENSG00000089199,0.8916802352668511,0.8487172508001914
ENSG00000089195,0.9845620046299982,0.9084851788535024
ENSG00000125885,0.6413401583575811,0.5750148812937124
ENSG00000286235,0.1410793395129768,0.11588334449969269
ENSG00000088766,0.7626426918016503,0.945992747906339
ENSG00000088812,0.16753290510286314,0.15527995469780165
ENSG00000088826,0.05534027604114775,0.07507387747862954
ENSG00000101311,0.13485179737549363,0.11240761685814282
ENSG00000089091,0.41885440900622284,0.26270586464865914
ENSG00000101898,0.192406481092497,0.16164169532838454
ENSG00000101126,0.8522653000962829,0.9781208546442453
ENSG00000175121,0.8162748367587529,0.8105819015897402
ENSG00000088881,0.2575275296732183,0.26915622316653004
ENSG00000203880,0.6762916362069935,0.5894820724827269
ENSG00000178726,0.026843080214580605,0.024785879829814974
ENSG00000125810,0.029139355021455936,0.03162771540183724
ENSG00000171700,0.008496566998674843,0.021872947847342724
ENSG00000183798,0.04249359847377663,0.09233219980424025
ENSG00000125772,0.42083142164297616,0.3471904701501448
ENSG00000203896,0.49708167891116295,0.3794400966516601
ENSG00000183260,0.08270661504740359,0.06438229136503071
ENSG00000101150,0.0674983489997816,0.12057887413111211
ENSG00000101152,0.22167865584319277,0.18841638312158476
ENSG00000198276,0.2622240330370778,0.2521765068959085
ENSG00000196700,0.9066886356030774,0.9904853031062554
ENSG00000130590,0.8929478958243557,0.775954401797262
ENSG00000089177,0.06388687176937055,0.04506481840334214
ENSG00000172264,0.04745183020422447,0.02963576056973527
ENSG00000125848,0.003034772970129516,0.0017189442611619014
ENSG00000118705,0.29583954843250565,0.35640051622748636
ENSG00000132639,0.3998173190276978,0.4397864944493165
ENSG00000101346,0.790160753799797,0.8422951931406387
ENSG00000170191,0.5718657540731658,0.6660536608693854
ENSG00000130684,0.7730652706360217,0.7404214649020793
ENSG00000126001,0.9936091024696545,0.9170952540011966
ENSG00000064601,0.22596706895194812,0.31606942442671926
ENSG00000101210,0.648777780090029,0.5473434219898918
ENSG00000166619,0.702254743090444,0.6501455214826364
ENSG00000053438,0.43053038286656176,0.5019574971498161
ENSG00000101004,0.5439672391952501,0.4688433908866708
ENSG00000088827,0.14406252650745255,0.07797623732040647
ENSG00000167393,0.16695000761020434,0.14586941288311142
ENSG00000183943,0.21916859729568555,0.3968361539740751
ENSG00000185291,0.05092000669763709,0.054918162494026874
ENSG00000182162,0.22587698985437593,0.17551627734879682
ENSG00000169100,0.9179740937781414,0.9792588650201723
ENSG00000169084,0.576233783842643,0.5900555873473099
ENSG00000146950,0.3181193878709288,0.5980477883790327
ENSG00000011201,0.263429539432393,0.400914260870339
ENSG00000169093,0.3150041321591509,0.31174804296020286
ENSG00000004961,0.3700928657781911,0.4050775711852931
ENSG00000146938,0.9729130402574684,0.8009439642411565
ENSG00000101955,0.5412959564715756,0.36013492942127256
ENSG00000147027,0.3658174709325328,0.4117526813923318
ENSG00000197976,0.9158266896333563,0.8505960336462142
ENSG00000147041,0.4415308530833263,0.4973534587812021
ENSG00000131831,0.2883754743942426,0.24695785078730945
ENSG00000047230,0.24739943874553985,0.33840656740704883
ENSG00000102218,0.8263080715828541,0.6515837049678457
ENSG00000012174,0.3204162188199917,0.33858966992870493
ENSG00000102098,0.13371800652475052,0.1708151062578188
ENSG00000158526,0.49497127351182146,0.4189673737051959
ENSG00000180182,0.87027976438405,0.9980287021984497
ENSG00000147119,0.11795771656624121,0.186894012435568
ENSG00000273820,0.7824365027390202,0.9735668014015715
ENSG00000171365,0.3289844042903828,0.27111117081297686
ENSG00000169895,0.3635009461632214,0.4889822393669656
ENSG00000008086,0.9480901727050941,0.9257366504422515
ENSG00000196368,0.14891655316453614,0.12075453563095162
ENSG00000230797,0.6021246452882866,0.7625593445653404
ENSG00000165169,0.0895222345110694,0.1094362642457893
ENSG00000069535,0.10822483360352493,0.07609205591159987
ENSG00000155659,0.022339783288049985,0.02062880668537763
ENSG00000102221,0.7496798827120118,0.6509019811367857
ENSG00000065923,0.848683862899823,0.884458616723643
ENSG00000187601,0.9791563679386052,0.9462642412971208
ENSG00000087842,0.10611636800962118,0.15875863768635085
ENSG00000173198,0.09349046814790186,0.06867000994373382
ENSG00000182220,0.9334876180265275,0.9090119145905264
ENSG00000147100,0.3251558196470323,0.3663438670425442
ENSG00000102302,0.4460655154220331,0.5434208681905888
ENSG00000102316,0.12993432743939298,0.173144680390648
ENSG00000102349,0.7056894356657929,0.644283285533129
ENSG00000155622,0.1147116798166787,0.06943815435041072
ENSG00000147099,0.23441547256008624,0.307082217129688
ENSG00000094841,0.320802331638842,0.3496427813120061
ENSG00000165288,0.3759252066641958,0.44665272251226773
ENSG00000158813,0.9047674497395829,0.9101440051621684
ENSG00000188419,0.31543201665153503,0.28742982651207144
ENSG00000124429,0.28435244601687604,0.3459682534961963
ENSG00000122824,0.1387089190525726,0.1401890259797215
ENSG00000198934,0.748222096487501,0.9555283200803638
ENSG00000185222,0.49361001532014426,0.4922093559705022
ENSG00000102390,0.0359989297961296,0.031685499046104834
ENSG00000204272,0.15235626453244958,0.08007344449569784
ENSG00000131171,0.22462555127136552,0.19903476105610765
ENSG00000188917,0.9650555888864147,0.977121597411324
ENSG00000268104,0.08029577227645167,0.0395010108614236
ENSG00000047597,0.053949513579269005,0.05442014083020464
ENSG00000187690,0.8100688065765974,0.6808444776557765
ENSG00000101844,0.4203867517747186,0.32037325985720855
ENSG00000101843,0.3368084059805792,0.2529270877523643
ENSG00000069509,0.03397517409328807,0.04485693014129055
ENSG00000078589,0.6302687219604803,0.539673435456389
ENSG00000147121,0.2013426412073413,0.25953207390456956
ENSG00000090776,0.9382031632721446,0.9664672205553486
ENSG00000185753,0.8171458728523169,0.5758480004043263
ENSG00000182916,0.5816000627408691,0.8070907307767904
ENSG00000133169,0.8379759069334629,0.7327711256532128
ENSG00000186767,0.2763710330110234,0.3661802927894605
ENSG00000125676,0.2479698375776427,0.2712514413391786
ENSG00000204271,0.28825078764846546,0.34049948171717825
ENSG00000078596,0.9820990234861119,0.953004279741092
ENSG00000227234,0.4198081236526492,0.5810195853952628
ENSG00000166681,0.3593735221290285,0.34331107705063246
ENSG00000046774,0.8974752339570553,0.9185612517735245
ENSG00000186462,0.32542146582082165,0.4144220943814859
ENSG00000102241,0.7439015775308532,0.7983125234712104
ENSG00000089289,0.1161704424340048,0.1443663942706527
ENSG00000131725,0.39839366761995054,0.39176553792207147
ENSG00000184675,0.1216624643367433,0.1725772153083001
ENSG00000198573,0.6113558390709112,0.7553931811915199
ENSG00000182712,0.25241095265962643,0.26254179598982075
ENSG00000010404,0.19730207964219806,0.22847029351367418
ENSG00000182195,0.4006878450986082,0.4250555365616412
ENSG00000214827,0.4770244751687648,0.5014925720500167
ENSG00000011677,0.6000071873159356,0.6444248954948534
ENSG00000241489,0.5143781219844197,0.37495931329525933
ENSG00000185247,0.8051511084622482,0.7917307838310867
ENSG00000102195,0.1690942191658925,0.20598624061248072
ENSG00000147255,0.8448845743092326,0.9551709527950287
ENSG00000197021,0.6305697422015661,0.6979344408874709
ENSG00000165775,0.28855429394679966,0.20212816689471808
ENSG00000197620,0.22540828363933535,0.1948625533399454
ENSG00000133135,0.3285333259611872,0.23932978823394366
ENSG00000102243,0.7836561937151798,0.7508867498739109
ENSG00000155495,0.44867303398548153,0.33417825810208945
ENSG00000185010,0.23731718393895462,0.2379391799448905
ENSG00000155966,0.16007844913507846,0.22984430336792958
ENSG00000198157,0.9653849444201122,0.7394497549111628
ENSG00000129680,0.5535931649338861,0.5646072515481771
ENSG00000133138,0.7592334612282838,0.8319394964607815
ENSG00000133131,0.470362441150609,0.49796297940388656
ENSG00000155959,0.8636533845986629,0.7909289143506194
ENSG00000123496,0.9759588755160703,0.8739520130158032
ENSG00000067177,0.5263817597565825,0.445682708451855
ENSG00000147231,0.9002443831599296,0.5803939743524458
ENSG00000204019,0.6231698560765021,0.6380540469783117
ENSG00000203926,0.1648465440037917,0.25348172792355633
ENSG00000008056,0.406645202412811,0.4070034354361739
ENSG00000126767,0.9429029795294118,0.9634179125382646
ENSG00000102265,0.08297116221807485,0.11645267352222657
ENSG00000147130,0.9605132837330871,0.936387083978145
ENSG00000186810,0.9053411488514644,0.8981475027807818
ENSG00000155962,0.45004554807796915,0.4105348152563971
ENSG00000185973,0.7216673233546141,0.6304075866469512
ENSG00000124333,0.692192141309425,0.7605968613943315
ENSG00000007350,0.22506479603106105,0.11265437773639163
ENSG00000071859,0.5429102733766709,0.7691510609038685
ENSG00000130827,0.19518061764244368,0.1466058972619863
ENSG00000102178,0.9445110358552705,0.981871175587899
ENSG00000126903,0.8451339343983233,0.9522068025035967
ENSG00000147180,0.06537920269444662,0.10185759649038546
ENSG00000158427,0.25040450379833024,0.19601177794086053
ENSG00000005302,0.8408480374620266,0.709132872871941
ENSG00000196664,0.27362459057349076,0.22401173704170121
ENSG00000204379,0.5406190746855024,0.589481620213508
ENSG00000047634,0.5263406020293737,0.6474200810033688
ENSG00000277150,0.300956677676991,0.5338515602963817
ENSG00000063587,0.42799186480169804,0.3547569849509973
ENSG00000179222,0.1547923263719607,0.1153878488480136
ENSG00000130021,0.43191236706748726,0.727300639973272
ENSG00000130054,0.13663239990035006,0.15120457915599855
ENSG00000235961,0.5051476350589486,0.3985804337976334
ENSG00000188153,0.9463785919210023,0.7660749619347619
ENSG00000134594,0.9663943017040202,0.9516621072031767
ENSG00000056277,0.1528793003775008,0.21062101656577084
ENSG00000156709,0.8702435424786924,0.8439178936278537
ENSG00000131174,0.06884981971205896,0.06003516925200198
ENSG00000068438,0.29381850712523,0.32909105672077
ENSG00000147155,0.2070788662100864,0.19568496886609527
ENSG00000102048,0.6031398466872157,0.7468574203919073
ENSG00000165195,0.6475887343098224,0.6231944156323179
ENSG00000165197,0.12062201760299915,0.031067969162919856
ENSG00000073464,0.3838323861461912,0.35985234752170103
ENSG00000158423,0.7504155935788432,0.856140619713789
ENSG00000130829,0.2831348309221993,0.3111510836695691
ENSG00000130822,0.12608845921314385,0.1578485104656432
ENSG00000185825,0.8454153404254251,0.9784578013607244
ENSG00000101986,0.3505903747126833,0.388145700670401
ENSG00000198753,0.3329913238429366,0.41225769872877993
ENSG00000184343,0.70824834571902,0.7273720120335603
ENSG00000180879,0.4186511485921589,0.4207214957308998
ENSG00000198910,0.13191976988479304,0.1070134568739306
ENSG00000102032,0.38421772679478317,0.49855795360635435
ENSG00000172534,0.6467011263994515,0.568457870941158
ENSG00000177854,0.9012748861463827,0.9355047127297059
ENSG00000126953,0.2287722889489309,0.2420375085456596
ENSG00000241343,0.05153742478839942,0.043255642951424464
ENSG00000257529,0.24005602954506128,0.22570130360654397
ENSG00000126945,0.8195509440743988,0.8775599782507899
ENSG00000262919,0.33912261891444384,0.27221947234388244
ENSG00000130821,0.18761157855764385,0.24885904108057885
ENSG00000147164,0.7932314029872354,0.6787394053371283
ENSG00000184481,0.7297623293292047,0.6021344332370533
ENSG00000169562,0.027963169807720244,0.034743471588789536
ENSG00000131263,0.7177437117422286,0.84785156999692
ENSG00000147113,0.03155216464528353,0.030685512596108574
ENSG00000147224,0.3051368537299069,0.21052346104917624
ENSG00000165194,0.014586551741318064,0.028136716364001915
ENSG00000275113,0.02145951329855916,0.013191220538357815
ENSG00000068985,0.9404922223942143,0.8422657327053193
ENSG00000101951,0.41159371113194776,0.5014146018976787
ENSG00000147274,0.681550421330966,0.6274124139052314
ENSG00000172465,0.9886160459756904,0.8113263496301257
ENSG00000123562,0.4758364445416121,0.579289327570389
ENSG00000102007,0.07797502032055313,0.061841846935943585
ENSG00000012211,0.37496609844355033,0.3305226462150291
ENSG00000101997,0.9321725648126522,0.9454234344633115
ENSG00000049769,0.9904877966371308,0.934370577696941
ENSG00000147118,0.43228448016042154,0.7107606980657839
ENSG00000221994,0.6659872847461407,0.7427850402727703
ENSG00000188021,0.7778805013906056,0.841795638524175
ENSG00000130962,0.40602140124894714,0.36384213549055633
ENSG00000101911,0.16682038445845776,0.21447374061003785
ENSG00000085224,0.5509841198124019,0.6578931884094987
ENSG00000083750,0.05775393894011336,0.07284751154767105
ENSG00000101842,0.6344916446104852,0.675351630565927
ENSG00000156298,0.49354376356783236,0.8249861058012343
ENSG00000126759,0.4395294861065593,0.362557327456719
ENSG00000000003,0.38240909686564095,0.36132476889522747
ENSG00000269405,0.7556366400660333,0.4768372920451227
ENSG00000158164,0.8625303963708452,0.9053461378226413
ENSG00000169239,0.9545653022023382,0.7941659878662807
ENSG00000182287,0.35826371816474323,0.46121798279198634
ENSG00000169188,0.17711515366960578,0.16583839768774913
ENSG00000238269,0.5569884300715682,0.6375150521798603
ENSG00000234068,0.8579442602308547,0.8006653484168015
ENSG00000196924,0.16396639936119223,0.19926612715539063
ENSG00000147003,0.5851224124146707,0.48899958452253056
ENSG00000147403,0.4715009936040788,0.44453938547662075
ENSG00000072501,0.8832179660050746,0.9846190896626525
ENSG00000198689,0.3035787072846003,0.3252630949488446
ENSG00000134602,0.615573301679804,0.7577880936543442
ENSG00000123728,0.7438081708057251,0.7520266309474515
ENSG00000147140,0.27310232862216655,0.2616467275261715
ENSG00000120280,0.37022406061176405,0.301893941311286
ENSG00000102230,0.4707382074464279,0.7664541181228504
ENSG00000101868,0.6091779224875287,0.6816342919117676
ENSG00000182484,0.4764448318081882,0.3406045482273004
ENSG00000131089,0.7196963259217947,0.7389069755273738
ENSG00000158639,0.5974650973117659,0.6803542021893301
ENSG00000181191,0.47039614306534405,0.3719312921512501
ENSG00000165359,0.6394405154095466,0.6859521744710431
ENSG00000005889,0.36303333491355483,0.6930122294526406
ENSG00000197779,0.42066132379188625,0.41056333176363635
ENSG00000080561,0.46553165125366525,0.3737935126470293
ENSG00000125354,0.35659354376114605,0.36976655595906516
ENSG00000022267,0.0414862242579073,0.02751938795088133
ENSG00000131269,0.15483853795351948,0.15026250915726183
ENSG00000180772,0.010216196901409506,0.0021378391599784254
ENSG00000188706,0.9161170751074804,0.987506214447798
ENSG00000156697,0.7010889667484412,0.6556985045904038
ENSG00000085185,0.54937638676757,0.5932319357995177
ENSG00000133124,0.0023340696622019797,0.0017180646012338813
ENSG00000196507,0.8836738730985327,0.9605699124782697
ENSG00000123575,0.7413322131483506,0.7434079109696297
ENSG00000182378,0.3319872079213511,0.2527776323618333
ENSG00000268651,0.8657437583109859,0.8950918753977505
ENSG00000171388,0.040274585423082654,0.02802762744946208
ENSG00000122122,0.5410198417804744,0.4188533148435494
ENSG00000078061,0.4636415701172797,0.41663435601193355
ENSG00000101938,0.008289848301749775,0.003321708206461273
ENSG00000077274,0.7993852075102348,0.747823048433419
ENSG00000102359,0.8062776372401385,0.7857857821017685
ENSG00000232119,0.46449635938987777,0.47536499290823964
ENSG00000171155,0.7097563425384561,0.7148027680816527
ENSG00000158290,0.5712577553633253,0.6145690294088922
ENSG00000269096,0.19281225361986595,0.1339397567634747
ENSG00000278289,0.22442789120632586,0.1386431305226234
ENSG00000270946,0.37308038586316694,0.2908447598732575
ENSG00000046647,0.20950563550124085,0.3158420725573339
ENSG00000157600,0.5340658272712473,0.38760089384806773
ENSG00000198918,0.06324198845697411,0.059799129673294725
ENSG00000125352,0.23720594291753244,0.2813771749240571
ENSG00000125356,0.1427015885130712,0.10859018379226702
ENSG00000186471,0.8078139499802023,0.45715266131520105
ENSG00000101882,0.6126522642276626,0.7168055462889364
ENSG00000183337,0.2923769354640515,0.27843315688987175
ENSG00000132446,0.8592917479203876,0.6485332481503399
ENSG00000189369,0.8263656603145029,0.9959216804313586
ENSG00000181704,0.6944652430348941,0.843455642429879
ENSG00000079482,0.4063955119610565,0.46749821168665073
ENSG00000160131,0.05818976041236477,0.08581701044670245
ENSG00000071553,0.4700749294180562,0.5736924822298668
ENSG00000186787,0.052831025741586816,0.07446897439017913
ENSG00000165376,0.05040766699450316,0.02207930866780996
ENSG00000198455,0.7109265533215519,0.7832450966400525
ENSG00000165591,0.7144626864342027,0.6592710308423118
ENSG00000147251,0.5702501810477864,0.7094980917513093
ENSG00000198205,0.3885700704484816,0.48607806085671934
ENSG00000101849,0.28597727775863124,0.3963813115145224
ENSG00000101850,0.46449835363753944,0.4653385854451808
ENSG00000198759,0.42855886626300677,0.5581399417510965
ENSG00000123595,0.4476391479311389,0.5826021299053878
ENSG00000046651,0.6434927078568287,0.9327761157214607
ENSG00000147133,0.3257909865231327,0.4224251734158795
ENSG00000147144,0.5522347105163565,0.4844683678919868
ENSG00000068394,0.3516122413435414,0.29917610202667705
ENSG00000123584,0.8441783227694507,0.7912950119291751
ENSG00000212747,0.16230492490764542,0.1543973320381456
ENSG00000134590,0.7311641351464735,0.7294460264520605
ENSG00000203950,0.7623100140530804,0.8333290215608316
ENSG00000196972,0.1609233511076886,0.2369125191154653
ENSG00000186376,0.8407116922006689,0.992432784998955
ENSG00000173275,0.8578919217736466,0.7563322547418948
ENSG00000178947,0.20855466341814832,0.3118641487417859
ENSG00000123131,0.45277686408499684,0.3941418631973863
ENSG00000123130,0.9012794649654333,0.9414550600997074
ENSG00000184831,0.26765863117300764,0.2989194507592129
ENSG00000130830,0.32839274569488414,0.24162980007459164
ENSG00000198932,0.8874423785739757,0.8984218367856462
ENSG00000198908,0.41491941242226116,0.47308228353811144
ENSG00000101888,0.8338789330034955,0.8971994896462441
ENSG00000068366,0.3586095476248534,0.34698206292748135
ENSG00000183479,0.5498621838879861,0.6856807014065363
ENSG00000056998,0.7700530251177464,0.5118175422198462
ENSG00000006756,0.2975438508347084,0.1551147089361783
ENSG00000187325,0.3416714421189681,0.35503393187612586
ENSG00000147050,0.2095718270436687,0.3476029295853421
ENSG00000157399,0.6116094821639513,0.615247106694564
ENSG00000102078,0.9545936915340782,0.8531682628458754
ENSG00000102174,0.19676013790082367,0.2816383179892842
ENSG00000099399,0.6220251190718604,0.5501929287042885
ENSG00000102287,0.7906892440629878,0.9846250272427545
ENSG00000102119,0.6584834014582515,0.6299148652868165
ENSG00000196459,0.15120302863304746,0.30055553053597794
ENSG00000126950,0.2180928028514085,0.268468284315964
ENSG00000102384,0.8766983894469789,0.8265793243194348
ENSG00000213397,0.7906697559808081,0.8159876595191771
ENSG00000130066,0.3771654710390058,0.5287057724414606
ENSG00000130052,0.03800096188283957,0.027131421373632544
ENSG00000267978,0.24990810796358173,0.32801315935325004
ENSG00000184033,0.6477849527074534,0.6439152254727771
ENSG00000126890,0.2846769820190312,0.20670622531879015
ENSG00000126016,0.6972185412681389,0.8817967646431346
ENSG00000268350,0.7852197342817312,0.8288076036968123
ENSG00000214717,0.7645260612114329,0.8785334905049581
ENSG00000002586,0.6295561760761889,0.7617139198116355
ENSG00000124343,0.9844322945760932,0.8352365326910718
ENSG00000013619,0.6431491884523568,0.5622569988933293
ENSG00000072506,0.2961628303671225,0.2601121036828559
ENSG00000269586,0.366495740205244,0.2729877338157326
ENSG00000067840,0.911939341192278,0.8991500462292502
ENSG00000147124,0.45351755339572664,0.4485568868325108
ENSG00000251192,0.19703109328734705,0.3540861077012979
ENSG00000247746,0.7525153807397211,0.9627672227316008
ENSG00000179083,0.4251790856617984,0.38815787667180235
ENSG00000147381,0.40809475019963726,0.48658874146069164
ENSG00000076716,0.9222364770300586,0.9805114839942519
ENSG00000184194,0.6046971555363041,0.4718855109045209
ENSG00000184205,0.9717100966385454,0.8119685266291166
ENSG00000126012,0.7597726035528075,0.5832210603338275
ENSG00000157625,0.9922164065038728,0.7914923995014875
ENSG00000124260,0.8539650549964037,0.9961700819744853
ENSG00000184634,0.9417893902751554,0.9788196978983605
ENSG00000102081,0.9294569474178189,0.972339106133984
ENSG00000158301,0.5138799792724547,0.5211858020982894
ENSG00000189221,0.7386612026692467,0.597180207673762
ENSG00000101825,0.9195618690677881,0.9158139576690035
ENSG00000237671,0.1905347448670575,0.16824003022092388
ENSG00000227488,0.1905347448670575,0.16824003022092388
ENSG00000236362,0.013307340298561862,0.007011659109023365
ENSG00000215269,0.5551284734419493,0.5458369950241098
ENSG00000224902,0.079051265701188,0.07111854581657774
ENSG00000189064,0.007636611339705612,0.0025550499749054448
ENSG00000205777,0.010255460124370867,0.007951583560676732
ENSG00000215274,0.010432246715385002,0.004683042274295938
ENSG00000224659,0.26189416922746156,0.26333410949985275
ENSG00000274274,0.01216300714988907,0.005356175583517002
ENSG00000102158,0.8345489878119895,0.8599762004836101
ENSG00000268089,0.7518458685352827,0.9406299736386109
ENSG00000221867,0.5211736135170237,0.6100859704842224
ENSG00000183305,0.6734476406611751,0.5271696460759603
ENSG00000198930,0.9019301463645036,0.961897299032693
ENSG00000213401,0.9037657659429955,0.9735472873653667
ENSG00000268606,0.8838238081060658,0.8255880347089988
ENSG00000268916,0.9386845487908674,0.8208507824341924
ENSG00000147400,0.6553695519679719,0.6678470280755919
ENSG00000147383,0.4540858883529446,0.4563641087389039
ENSG00000198883,0.1995718884588083,0.32710755783473144
ENSG00000130741,0.054021666337699656,0.0897742725597806
ENSG00000174010,0.033414628014802494,0.05454066411861397
ENSG00000171100,0.6758781270084945,0.5086945078263128
ENSG00000102181,0.45715957749668945,0.5224486237509249
ENSG00000001497,0.08071518727204656,0.0892632396863451
ENSG00000188158,0.11856734169173429,0.1606226224627311
ENSG00000156531,0.4178642850429257,0.5024768166629063
ENSG00000165704,0.0467075165554865,0.03329414767726825
ENSG00000170965,0.12012472743697383,0.1096020091039968
ENSG00000156504,0.45215067070527004,0.6306010493576792
ENSG00000172943,0.3755626053969918,0.4134200239701149
ENSG00000184083,0.037133332375832204,0.028173076527679527
ENSG00000269556,0.908549949543897,0.9071884354558449
ENSG00000134597,0.19998364287767006,0.19250941800724944
ENSG00000181433,0.14107526161987027,0.0937930973643831
ENSG00000171659,0.1671114098206591,0.1639554689774591
ENSG00000102034,0.8631635166521742,0.7915894790069719
ENSG00000147202,0.9002310047375696,0.827598248736376
ENSG00000197565,0.9256943640789815,0.7746017068334075
ENSG00000017483,0.9205374363376997,0.9516048071962765
ENSG00000169059,0.950325448175098,0.9803323515086511
ENSG00000133142,0.22071318477926974,0.18274694515500092
ENSG00000185515,0.8016488263448537,0.9788190340485883
ENSG00000067829,0.38478720802833943,0.5385189424151657
ENSG00000155008,0.8123040432106219,0.9956939905431212
ENSG00000102024,0.4367644778099844,0.48249471648573805
ENSG00000101972,0.3194665692978213,0.3842394975171878
ENSG00000147257,0.5006606518557806,0.70183002835399
ENSG00000130032,0.6891065376636558,0.959080517701416
ENSG00000102003,0.2413346222975393,0.25497516994417263
ENSG00000101846,0.18906844500981013,0.08087330661959372
ENSG00000006757,0.06535684508920037,0.10526374427233745
ENSG00000204116,0.20105432688964386,0.25266169281951867
ENSG00000179304,0.27349254647720034,0.4175839951872813
ENSG00000197172,0.40206340118568673,0.42623676719816883
ENSG00000165175,0.8994161996458427,0.8333445336268126
ENSG00000187243,0.2331522436678526,0.15585002870977915
ENSG00000182583,0.04727174064652326,0.08425676175253943
ENSG00000130988,0.2567505370654565,0.19199453382676526
ENSG00000182872,0.7040705063757445,0.791672979879911
ENSG00000130985,0.7105204288592832,0.7987756304154657
ENSG00000147123,0.18711264203185385,0.17811927551516427
ENSG00000198088,0.3420557112235075,0.2954996759416809
ENSG00000165240,0.412751243689505,0.5414615979138977
ENSG00000044446,0.39398937112182275,0.5947528176570089
ENSG00000102393,0.5520139972519895,0.5311014605695799
ENSG00000101945,0.1532260168083267,0.17275978701466915
ENSG00000102109,0.8525275629295235,0.8799282113416413
ENSG00000102103,0.3386732877263564,0.2885573112598339
ENSG00000102100,0.7241378299795754,0.603191689066594
ENSG00000102096,0.5686890388685206,0.4479795771490175
ENSG00000068308,0.4982755812025558,0.6279118547306218
ENSG00000102057,0.662370584265868,0.7556841167073158
ENSG00000067445,0.531413664849909,0.5263142146390776
ENSG00000067992,0.5717429306594788,0.606076370386221
ENSG00000126947,0.19357454204071253,0.2503759746120452
ENSG00000198960,0.48929408506565675,0.5085539059525758
ENSG00000102401,0.8767730316765743,0.9320155712433941
ENSG00000184867,0.3411727780649052,0.3449481501046582
ENSG00000169249,0.2324931212556863,0.49347186343712945
ENSG00000184905,0.9100925144911282,0.8946131921806522
ENSG00000184515,0.6426514142960869,0.48308712467580184
ENSG00000157514,0.5968413551010123,0.49974083620730003
ENSG00000186416,0.6830579961914478,0.8265053110196909
ENSG00000198814,0.8707051469714602,0.6375242539482373
ENSG00000102038,0.558940210274601,0.7253148952798371
ENSG00000122126,0.6013552505181314,0.6523822616460082
ENSG00000013563,0.10498467796618019,0.2020069690340901
ENSG00000125962,0.29334974168175393,0.2783265573287085
ENSG00000089682,0.7507497572514747,0.7965149090252475
ENSG00000160219,0.22690188600021957,0.15533619857296635
ENSG00000102362,0.8355169103487754,0.9335826524787609
ENSG00000204382,0.2619158350023512,0.3239701038902103
ENSG00000089472,0.6673642296619571,0.8610304747051063
ENSG00000166432,0.4502367771179694,0.3293081682502748
ENSG00000273696,0.1995112897079625,0.14619193312924933
ENSG00000196976,0.717788839144848,0.5780929153685821
ENSG00000165675,0.9654047891492475,0.9903448741340138
ENSG00000158352,0.08717514506190652,0.06585662333059981
ENSG00000182518,0.07917685163044295,0.10003435403348064
ENSG00000184368,0.5348569182395435,0.3751736723767972
ENSG00000173674,0.04336473076017831,0.07103003251507595
ENSG00000177189,0.7478238922467373,0.46931213323935395
ENSG00000173681,0.9494264255616968,0.7167102622403918
ENSG00000130119,0.8924945096216679,0.8744483412341176
ENSG00000171004,0.2648608237759469,0.3139290166043251
ENSG00000090889,0.3565624488624973,0.29551185185911844
ENSG00000130055,0.8059661320424735,0.9582124163497203
ENSG00000120509,0.15285107662511524,0.06851878148027014
ENSG00000010671,0.43398360426180893,0.3410699182296395
ENSG00000129675,0.2140075622690924,0.15979138093122178
ENSG00000126768,0.5448614567888725,0.47410275017892234
ENSG00000176896,0.1827982204774588,0.39917549816441533
ENSG00000165168,0.4478713784154017,0.40535733320443135
ENSG00000198223,0.027613724212679047,0.029622533321541012
ENSG00000130150,0.7232981474182394,0.9515829672521656
ENSG00000181544,0.7083337115268526,0.7013341644043201
ENSG00000102317,0.646718370814881,0.8902473625737297
ENSG00000101940,0.9179438850375882,0.9125976500106322
ENSG00000101856,0.44918490620965235,0.4987677170071404
ENSG00000077713,0.8123834096040079,0.8662853725530404
ENSG00000005022,0.4345928995263061,0.43409850751230783
ENSG00000077721,0.5928580569740465,0.597283329262436
ENSG00000018610,0.9445323371743367,0.8322853535360589
ENSG00000131828,0.16036639871159306,0.18847979393030698
ENSG00000269335,0.4333825240824676,0.37006362735583553
ENSG00000160211,0.7365453284796762,0.6747600404646883
ENSG00000147168,0.8314747716649972,0.8341838940245287
ENSG00000125351,0.34785839223692183,0.4091053171533795
ENSG00000147065,0.041011436588311204,0.05080359823936592
ENSG00000101935,0.40134860364381697,0.38998922064128816
ENSG00000130826,0.4582450377615208,0.5059748625815238
ENSG00000198681,0.3945831310707616,0.23912117380861855
ENSG00000102225,0.3839886347969427,0.4292300347855147
ENSG00000102226,0.5104045136215727,0.591736446192882
ENSG00000071889,0.9419166324475202,0.9305683006776638
ENSG00000203879,0.7082695932974655,0.6269108472689843
ENSG00000102312,0.7262512192157341,0.5279389675245276
ENSG00000183918,0.7900713299342106,0.8208782136806659
ENSG00000102125,0.6373756098600067,0.5673375968230281
ENSG00000101916,0.484589330570532,0.4078541190109315
ENSG00000205542,0.997188276865599,0.8159671302185955
ENSG00000101966,0.7063011697846743,0.6451275441854154
ENSG00000147044,0.2965218240589053,0.3690838927247122
ENSG00000076770,0.8987723394841398,0.8609565249646258
ENSG00000015285,0.33147082850719134,0.28484543207511737
ENSG00000268940,0.28667842604743193,0.20760860742834977
ENSG00000228836,0.1872267141663005,0.1309769334252335
ENSG00000130234,0.13934344727346046,0.19154550291473005
ENSG00000068354,0.8419042036370434,0.9630397175943123
ENSG00000068323,0.6946710180799074,0.7538683229681102
ENSG00000094631,0.8095976519626381,0.6644984637122242
ENSG00000102409,0.5276937880556096,0.4918073088808158
ENSG00000047644,0.9938259307892356,0.9394172761742507
ENSG00000003096,0.042508619561597676,0.056622110229100804
ENSG00000147162,0.17894547277050604,0.3581959230880849
ENSG00000072133,0.8633542404845291,0.9096381969392027
ENSG00000147010,0.26351824465847307,0.2508556415779001
ENSG00000269437,0.49578345779708477,0.2596171872255551
ENSG00000268902,0.9835627510547434,0.8809453860039683
ENSG00000178605,0.9122688260554102,0.9038639479857762
ENSG00000269226,0.3137927882533626,0.2629989509394407
ENSG00000269313,0.9459951875965465,0.8979079889064874
ENSG00000184216,0.5248724670753955,0.5361435599465709
ENSG00000169297,0.5388435560922826,0.6871737525515842
ENSG00000086712,0.31912574391396736,0.5104951745818698
ENSG00000102054,0.09576655461415758,0.1331818081498759
ENSG00000169891,0.9130612643057773,0.7908685019729538
ENSG00000156500,0.6206349356460021,0.5203255722407567
ENSG00000101928,0.9175260587727301,0.8408444935139258
ENSG00000184785,0.36298580300458516,0.38206909551976576
ENSG00000180964,0.3579442120141527,0.4094475648232263
ENSG00000133134,0.1862679665619114,0.2350879378283497
ENSG00000089820,0.48004217682211914,0.475459290686603
ENSG00000102030,0.504890003708116,0.3574175224195586
ENSG00000156313,0.9056749593215535,0.7143313402775295
ENSG00000169057,0.5941417806893032,0.5458642701244931
ENSG00000101901,0.4131293234383582,0.3065426998171918
ENSG00000169446,0.4213005431115139,0.4329486926448568
ENSG00000126970,0.06637271864537178,0.06682782847927698
ENSG00000198947,0.9261095232840664,0.9168529608685277
ENSG00000049768,0.813442157969182,0.8387397560826091
ENSG00000102144,0.784881030142556,0.7778171513380306
ENSG00000177485,0.7269800497260313,0.9333270368935738
ENSG00000125355,0.9311991223288111,0.741812176615674
ENSG00000102309,0.01837246133015646,0.019693814778219985
ENSG00000186871,0.44175442112952534,0.41432108855303507
ENSG00000198034,0.023978679720474343,0.03693977303306923
ENSG00000086758,0.9256585203059174,0.9684484429718917
ENSG00000063601,0.6506792440248588,0.7852528559803951
ENSG00000029993,0.23158846643984354,0.26736291611018237
ENSG00000124486,0.9828559477085601,0.851166494699291
ENSG00000068400,0.726381101215716,0.8331405748415792
ENSG00000196998,0.6641551310726936,0.6898466209957057
ENSG00000082458,0.27799410191832913,0.3902996122814981
ENSG00000101811,0.47662217828056974,0.44017738054144484
ENSG00000007952,0.044611426214961704,0.04816117862260152
ENSG00000182489,0.38596120469429174,0.3891210796877065
ENSG00000182492,0.20691227130470896,0.29410894647187047
ENSG00000129682,0.2037764331884662,0.28834749147545186
ENSG00000005893,0.08449807952370875,0.08952134383906367
ENSG00000046653,0.4301684959621619,0.41076132430262347
ENSG00000243279,0.3962773162254478,0.34974293850641225
ENSG00000102172,0.2646923387211916,0.4214983931131864
ENSG00000215301,0.21607822246724423,0.15273327329484943
ENSG00000131724,0.18631010606171353,0.17194292263582028
ENSG00000101974,0.5864408851380722,0.7860871693675913
ENSG00000101871,0.8346762788586184,0.9441382057232648
ENSG00000124313,0.6524406147193771,0.7000280687297584
ENSG00000147394,0.9985692946672484,0.8641750102863552
ENSG00000126756,0.13052892828756502,0.13432794215131383
ENSG00000102699,0.17900180186674325,0.09256001461602571
ENSG00000027001,0.5792022914107284,0.6095253046926901
ENSG00000102781,0.031714712345253464,0.023853758408616043
ENSG00000133101,0.9143606578831374,0.6950002499664485
ENSG00000132952,0.3433925746571509,0.21269660586008363
ENSG00000189403,0.6616065296091362,0.679049594995658
ENSG00000102753,0.3357894257731361,0.36683062366364316
ENSG00000165475,0.7794631979068352,0.7785168054143522
ENSG00000102547,0.1586938774242918,0.19544456789140982
ENSG00000120675,0.17938486860835617,0.24698927022174574
ENSG00000132970,0.11339591374690199,0.09506421433039257
ENSG00000133110,0.22213946800605616,0.31965862528097416
ENSG00000102531,0.0025611469216487034,0.003183937113723204
ENSG00000183722,0.08726132872668224,0.11965916880387208
ENSG00000023516,0.5581779235479706,0.532179023237707
ENSG00000204899,0.2750469220992043,0.24365841324419987
ENSG00000120685,0.8531640191080743,0.7749960590176646
ENSG00000083535,0.5713340370569999,0.7414203589414667
ENSG00000136122,0.41063481669500024,0.35217717935591764
ENSG00000122034,0.499329819791547,0.5994994597427914
ENSG00000120690,0.2702130578635658,0.15215977186289653
ENSG00000136155,0.21809704543722186,0.1562240724358414
ENSG00000102804,0.6456543933727601,0.6760768651399243
ENSG00000150893,0.33173479503269293,0.5590656422643732
ENSG00000136111,0.8056337979999517,0.9484984962627478
ENSG00000136158,0.7551090669589786,0.7191228662197207
ENSG00000120686,0.3347405146369017,0.32535318188062146
ENSG00000102554,0.2080155335942033,0.2534341607856036
ENSG00000174015,0.5841746377305413,0.5603849229357787
ENSG00000088451,0.6328649220093991,0.5946925307348745
ENSG00000134882,0.02234547663447534,0.030237432808608324
ENSG00000133119,0.6568306852614882,0.7110343571679366
ENSG00000182957,0.2085720161815506,0.12541377216959065
ENSG00000188811,0.37846219579635254,0.3500290873070325
ENSG00000102837,0.7366966556560572,0.8553801794862015
ENSG00000065150,0.02320463708027692,0.025878135913243387
ENSG00000139734,0.9141124381399468,0.950446813437898
ENSG00000118946,0.2566137988560374,0.17711338002507795
ENSG00000152484,0.5304013746960374,0.40580704283821856
ENSG00000120688,0.8914454727545051,0.9337242407074351
ENSG00000125285,0.22049183560639524,0.28937392024930375
ENSG00000139514,0.6530207180132727,0.5848027830940706
ENSG00000088386,0.6752200292930317,0.566084995073353
ENSG00000150907,0.2907232468046325,0.2610887445833177
ENSG00000136152,0.5564565852854801,0.48088606336344086
ENSG00000136141,0.08031800409064618,0.06109508045879501
ENSG00000152749,0.43759122531535866,0.587111521918479
ENSG00000102543,0.7886403427256452,0.732876282018313
ENSG00000125257,0.6908877054849765,0.7235356505233719
ENSG00000083520,0.5504772617648788,0.6897171102466284
ENSG00000133103,0.19618177268985215,0.25181089403508744
ENSG00000102802,0.03120535591501375,0.0359365773982491
ENSG00000134871,0.09144267858970298,0.09083389357223466
ENSG00000184564,0.03979439153913295,0.028912622829249324
ENSG00000102580,0.005280018177135733,0.012074805005477767
ENSG00000132950,0.9187332769857668,0.8038180350581691
ENSG00000187498,0.0979793599042502,0.127537744732718
ENSG00000185950,0.1877189627745252,0.12540012729805178
ENSG00000134873,0.5975353424061021,0.5801577536058085
ENSG00000088448,0.3115992207473682,0.2423734733834924
ENSG00000184497,0.012098035463004964,0.007432907554991146
ENSG00000175198,0.7051079192586962,0.7814246288138603
ENSG00000126216,0.6086978053478196,0.694369324353912
ENSG00000152193,0.763803037195524,0.636275805232089
ENSG00000122042,0.3239242830317423,0.2500895202726341
ENSG00000185989,0.0497246715902895,0.04569581871625528
ENSG00000183098,0.3940155793161264,0.4723989803396358
ENSG00000134884,0.23898251301976745,0.31812165406762527
ENSG00000152767,0.49388816720603723,0.37933723894684257
ENSG00000136156,0.9941729999770007,0.9866130773013746
ENSG00000204977,0.6101557164818856,0.40109983314565045
ENSG00000198553,0.8022388363190939,0.5191274940635309
ENSG00000136104,0.7977177900174957,0.6932044143753147
ENSG00000150510,0.3099377715841058,0.195719978661643
ENSG00000205863,0.16834584736050068,0.1819905497886311
ENSG00000139597,0.6931377267251713,0.5381445591898686
ENSG00000120693,0.9113764997188751,0.8555583932919069
ENSG00000133111,0.35463887412194783,0.43614176621623213
ENSG00000122035,0.27501632469560594,0.3809557623383302
ENSG00000136167,0.5032210518633633,0.5034173016251904
ENSG00000151287,0.3779446491932409,0.2821799189986778
ENSG00000134897,0.4126569871223268,0.46254127715817717
ENSG00000183087,0.019904916938209023,0.01289199393411641
ENSG00000136159,0.9441334077001595,0.9550272861401161
ENSG00000136146,0.788084273598489,0.7842109177264712
ENSG00000139687,0.6046910577872007,0.6938203107987082
ENSG00000102683,0.9045574189937776,0.7665094775011254
ENSG00000139746,0.9155141806760035,0.8499551179173943
ENSG00000125266,0.08927029947450357,0.07690736133506552
ENSG00000102780,0.8347473076474589,0.6161255184235586
ENSG00000134874,0.3712141380312898,0.41130977423740034
ENSG00000136143,0.8969638495504764,0.8234033595427938
ENSG00000118939,0.8953199468858936,0.9582950462409366
ENSG00000169508,0.7065590894298728,0.6765349816437146
ENSG00000139826,0.6210967392771247,0.7382678924545171
ENSG00000139684,0.6468877767134317,0.6099943233502154
ENSG00000083544,0.8140631414640818,0.6451465372256513
ENSG00000133104,0.6258440742090579,0.8359757180289199
ENSG00000102572,0.006550622600179631,0.006911792790703882
ENSG00000136161,0.8183469628163765,0.8171578343562038
ENSG00000132965,0.08546603352772669,0.0930585548407187
ENSG00000032742,0.2610004692511924,0.20520294973836242
ENSG00000102445,0.25346724900972156,0.26653726222587676
ENSG00000125247,0.7689336931099477,0.7872118181036535
ENSG00000133106,0.21867110245402305,0.23828410831782856
ENSG00000127863,0.7099798216939675,0.7637778190284024
ENSG00000139832,0.15817167711752778,0.1641637844915778
ENSG00000134905,0.28530100568976136,0.34843277979129195
ENSG00000153487,0.5511481233646427,0.6693757102426586
ENSG00000165572,0.021406575751003427,0.03043738809670524
ENSG00000120696,0.05556391372243122,0.08453672548192694
ENSG00000120662,0.5455998983704695,0.4897975332810005
ENSG00000172766,0.8808002228392077,0.9333322561184736
ENSG00000102760,0.034222914799649604,0.017024369958141626
ENSG00000102763,0.4722421440459802,0.40901127062051745
ENSG00000125249,0.01103430532936575,0.011229484864886523
ENSG00000139679,0.6959378789018571,0.797564755796326
ENSG00000213995,0.8412706905118168,0.7798797153346491
ENSG00000121743,0.5988289869048797,0.7142610929212357
ENSG00000165474,0.5378570268318055,0.5548854033247356
ENSG00000121742,0.4739381019583354,0.648346456443224
ENSG00000121741,0.24147878150710264,0.17508969613951114
ENSG00000150456,0.984899116800752,0.945812939524814
ENSG00000150457,0.019678878917078722,0.024018941978169665
ENSG00000151849,0.23644309001146116,0.24422748877337147
ENSG00000180730,0.46408466184446084,0.37928565386982105
ENSG00000073910,0.3622625498687043,0.22957428751991196
ENSG00000083642,0.6875349414765428,0.8792688767742302
ENSG00000123178,0.4111677540881984,0.2912010126649578
ENSG00000136098,0.17136996565664597,0.11168280873390923
ENSG00000102786,0.9242207465975666,0.8661637909104594
ENSG00000122033,0.9463969411285361,0.8978977447779687
ENSG00000102524,0.38835909682357206,0.3675505825458881
ENSG00000127870,0.840411123184987,0.9031180629670319
ENSG00000151835,0.8043104785555562,0.8655271080870666
ENSG00000178695,0.46132729595203925,0.38800527798836104
ENSG00000102805,0.20467154621853306,0.16285323671057234
ENSG00000005812,0.45134801698560034,0.32625996233027227
ENSG00000122026,0.8450915422788984,0.6941464908714821
ENSG00000134899,0.2935594504585992,0.2321290609034531
ENSG00000172458,0.5620039954013725,0.6483379211243705
ENSG00000134864,0.9479742946750301,0.861677838885948
ENSG00000068650,0.029134900937676025,0.03417940138481884
ENSG00000152207,0.9687200457492351,0.9362939066009407
ENSG00000165621,0.7066188049970537,0.899390009656071
ENSG00000188243,0.7530882477251825,0.8008211882661304
ENSG00000136114,0.13793972537094903,0.0764799805715505
ENSG00000136100,0.5324002744147471,0.4565585324672089
ENSG00000136108,0.8032124845245847,0.8617340408961061
ENSG00000165416,0.3121219026541503,0.31312689066130783
ENSG00000139675,0.4338109540184678,0.5971258406591065
ENSG00000043355,0.10673205782566818,0.19158230264623227
ENSG00000139800,0.4229344083665627,0.4895287694369894
ENSG00000139517,0.21032010479331345,0.15538908024686088
ENSG00000186184,0.7127187621918767,0.7797230894585488
ENSG00000174405,0.25716004372821044,0.21772249407587563
ENSG00000125246,0.3802459902584858,0.31187259101041465
ENSG00000198542,0.1863036710530052,0.28466471651318
ENSG00000102710,0.9719059619123546,0.8454209418934278
ENSG00000102595,0.050609475070278354,0.05520205621045727
ENSG00000172915,0.756707706277956,0.999491748841455
ENSG00000136169,0.28145442597030007,0.25499323786617517
ENSG00000136147,0.1578365672500413,0.15610086564956185
ENSG00000136144,0.43327903038299465,0.45846377447009223
ENSG00000165480,0.6543052946028092,0.799540760346612
ENSG00000173141,0.5013740374186958,0.5324587801945075
ENSG00000165487,0.9668177230895196,0.969048316597976
ENSG00000120697,0.5182484799715976,0.48006854693872403
ENSG00000120699,0.4308337030072231,0.46033156399699515
ENSG00000120658,0.9344948832233718,0.9357899570380996
ENSG00000151773,0.7404801158565321,0.5350872324892461
ENSG00000179630,0.32399388000249196,0.2873000432259467
ENSG00000185896,0.3108137357889654,0.3081215554825625
ENSG00000139835,0.47554676585559474,0.37096937589485746
ENSG00000150401,0.3510919462428147,0.2322934977986398
ENSG00000150403,0.14627471051671603,0.12031275525373103
ENSG00000198176,0.9805393386336896,0.982079480607099
ENSG00000153531,0.6502697915926001,0.523092193350149
ENSG00000123200,0.7079896039994669,0.5702172892743573
ENSG00000197168,0.0879070936123175,0.09285221106896205
ENSG00000132953,0.6864081120702544,0.5897639116150601
ENSG00000005810,0.7893075319363314,0.9017010622640137
ENSG00000196199,0.5076382202588243,0.42090336039909104
ENSG00000121390,0.07387223142604595,0.10607000166241932
ENSG00000139668,0.9688073359120195,0.7351415587078248
ENSG00000102796,0.08410691373152464,0.07066022546714833
ENSG00000136153,0.10062145757211559,0.11548193565234967
ENSG00000139508,0.023140443420370638,0.016210867845391476
ENSG00000132963,0.5188710078362667,0.48795778181936644
ENSG00000120659,0.7817604949280992,0.9585588199232508
ENSG00000134900,0.2368633813435342,0.20990184944043422
ENSG00000123191,0.4592526787191935,0.4313394729296183
ENSG00000253710,0.3781619298326053,0.25359724164707254
ENSG00000139496,0.24715338863169384,0.22122161467110837
ENSG00000244754,0.9457461451428746,0.6266954853464433
ENSG00000150459,0.7964552696671153,0.7619037898531076
ENSG00000075673,0.3370717079336954,0.631561224391904
ENSG00000102606,0.41870970049364,0.3816760613454907
ENSG00000132964,0.16216948375768597,0.15702623429622975
ENSG00000130177,0.2335204816740367,0.24948883792079216
ENSG00000169062,0.38210013920304664,0.391897417309929
ENSG00000198824,0.3987709440339826,0.2739399051495505
ENSG00000102471,0.32169985258709266,0.3937526265885659
ENSG00000088387,0.06740473302193666,0.0831919634872324
ENSG00000120694,0.9144896085946377,0.8456220650650406
ENSG00000187676,0.638007610332628,0.6011470479778844
ENSG00000180776,0.39463175346218504,0.3973537687901678
ENSG00000118922,0.5986696242337424,0.8528108280520144
ENSG00000139793,0.0008372178605571529,0.0005393528381823757
ENSG00000126218,0.022510319558375725,0.0164664214477644
ENSG00000126226,0.8675123232319124,0.9263135322000893
ENSG00000139842,0.489225135117085,0.513253827398744
ENSG00000186009,0.6621601134718041,0.7713357546513189
ENSG00000126217,0.4133818649958302,0.4873363781313955
ENSG00000136160,0.013848833067468931,0.009543189406396086
ENSG00000139737,0.4229688538593652,0.3618537921547762
ENSG00000133121,0.3072254438952462,0.3309015128483287
ENSG00000123179,0.8828826813317043,0.9238497267111576
ENSG00000136110,0.12874466634958168,0.21304424620800136
ENSG00000276644,0.6555836149815649,0.9499852648697416
ENSG00000152213,0.29586358901080684,0.2192801190144164
ENSG00000134901,0.20662792567517616,0.34357055541444614
ENSG00000152520,0.5015765327964982,0.3706671921537432
ENSG00000102755,0.03819927164472621,0.040341171575126906
ENSG00000083635,0.6139347143705856,0.7022718862275479
ENSG00000133114,0.39341732467970647,0.33537298417533934
ENSG00000188342,0.3895897106914161,0.44700214324776655
ENSG00000133112,0.8594639941420626,0.9536882266106913
ENSG00000174032,0.4741421157294051,0.469254704993854
ENSG00000139505,0.5712913020151495,0.5211968318795309
ENSG00000125304,0.03484521669560818,0.03921675454971606
ENSG00000120669,0.42293846545296754,0.48161747530968546
ENSG00000133083,0.47593067538454903,0.8558264222192264
ENSG00000102738,0.8152342090632856,0.6354583325501277
ENSG00000102743,0.7957823994399099,0.9168056430906646
ENSG00000099917,0.9490308318521541,0.9338631585190738
ENSG00000211667,0.5768375039568097,0.556207249750422
ENSG00000211668,0.4386552063038671,0.47950408820985235
ENSG00000184792,0.35370555672632054,0.30749284097302726
ENSG00000185666,0.2125014579520059,0.26862581472369323
ENSG00000099985,0.18763228573714244,0.24322009279242904
ENSG00000185721,0.07545880246292738,0.07465641521694186
ENSG00000100225,0.6301272858076966,0.7859027997154118
ENSG00000100365,0.49999212571201335,0.4186872795890071
ENSG00000198089,0.9559298756434811,0.8665711310575759
ENSG00000100354,0.48979798881795444,0.5633422713206607
ENSG00000100294,0.7441948879238405,0.8923923022873057
ENSG00000100170,0.042610261246606156,0.042620090103325
ENSG00000128342,0.07219101913213197,0.09483596303598199
ENSG00000100307,0.7973443182499582,0.5933701872692463
ENSG00000100344,0.5794242550123139,0.5556563911158934
ENSG00000054611,0.57633820431286,0.42297832443162764
ENSG00000100426,0.80829347153176,0.6411606351225253
ENSG00000100316,0.38290064312835914,0.46932657425613533
ENSG00000075218,0.5415650079749097,0.5730538556966095
ENSG00000184708,0.327569060725025,0.441083512689772
ENSG00000248405,0.7588925196395496,0.9615136150818162
ENSG00000188064,0.3355251777121389,0.3586001080870016
ENSG00000100347,0.44517709527977056,0.5397423126618992
ENSG00000075234,0.8710044730204441,0.9825219645580288
ENSG00000100372,0.01303401201779421,0.017096195383944565
ENSG00000100106,0.21096414419663903,0.14630114974915845
ENSG00000100304,0.43912725833512345,0.5638304326060384
ENSG00000186654,0.8380961984667471,0.9792007561066052
ENSG00000100150,0.3899601301012784,0.5259203698144275
ENSG00000198355,0.7908076711085237,0.6047049597561436
ENSG00000093000,0.5578177805971231,0.8426428947370871
ENSG00000205593,0.30872068456123236,0.2833329050188444
ENSG00000130638,0.1626693908617586,0.24542239155877563
ENSG00000100422,0.9721734518603314,0.7645481415334477
ENSG00000100239,0.9173025809788844,0.8534264055581662
ENSG00000183530,0.40568126400778204,0.545646967215602
ENSG00000188636,0.26766064894997693,0.20677152481255207
ENSG00000133477,0.7858076611182012,0.8347570971676366
ENSG00000100362,0.8402199828269956,0.8760316113057165
ENSG00000182858,0.16207430188380972,0.21081672773820417
ENSG00000100321,0.7159475484802087,0.8029371046308333
ENSG00000100360,0.4420737508726309,0.49828472633473986
ENSG00000100311,0.017999187325103118,0.014109459345747123
ENSG00000186732,0.06468081126461295,0.09604426589252069
ENSG00000138964,0.5778866823229151,0.47480187987998856
ENSG00000100290,0.6187654304618996,0.7354838594026734
ENSG00000100271,0.8773963058633197,0.749050590186539
ENSG00000100124,0.37242271954962913,0.4089137680087467
ENSG00000100300,0.8642399496627513,0.875593992043523
ENSG00000100105,0.22788399880795612,0.2884190529013335
ENSG00000196236,0.9237248664014364,0.8449311926311917
ENSG00000183579,0.8505964587517731,0.8485649545464158
ENSG00000100266,0.3039361474894027,0.24952775084824896
ENSG00000100220,0.04226325427288438,0.03541891345483227
ENSG00000128245,0.5040898160293187,0.5027738773045793
ENSG00000128203,0.93646552855036,0.9649852503340619
ENSG00000100104,0.5599932522865146,0.5804725747707948
ENSG00000100109,0.34454216336116106,0.4278371451616738
ENSG00000133466,0.41497936525585133,0.561708303320773
ENSG00000100014,0.5281612446801852,0.5166657471810512
ENSG00000128271,0.05626348326008175,0.03588326824082088
ENSG00000100028,0.5202897883418642,0.5164462557477874
ENSG00000178026,0.9269398023186296,0.9103551493683444
ENSG00000100031,0.05355473939911152,0.05628674600408467
ENSG00000219438,0.06882879606713867,0.1410581637361924
ENSG00000100030,0.7048473157794828,0.7715827983633234
ENSG00000100330,0.8400576821312362,0.9988387327597604
ENSG00000100359,0.7218652791491134,0.8610652361030765
ENSG00000133422,0.16066686420547313,0.19972265633684236
ENSG00000183628,0.8946695152654098,0.9563503176422607
ENSG00000283809,0.0958673412951181,0.1082717679772974
ENSG00000184983,0.0037303454669286094,0.002771017915699949
ENSG00000189306,0.9732221639846047,0.9753829185779271
ENSG00000100246,0.5258606675581049,0.6309241998862538
ENSG00000221890,0.857749193193739,0.9729546204747291
ENSG00000183741,0.2511815885997659,0.3352540354717351
ENSG00000128383,0.5780073879213204,0.2977422221355292
ENSG00000179750,0.10481607466828585,0.16364008070825123
ENSG00000244509,0.15299366240129175,0.18086235732311473
ENSG00000128394,0.3803344176381269,0.4840364656650219
ENSG00000239713,0.6712601812762067,0.7479267094011688
ENSG00000100324,0.6496385344696356,0.7735558902597234
ENSG00000128268,0.5162963233580531,0.3013521761075848
ENSG00000100335,0.45373954882605727,0.6318629017991984
ENSG00000187051,0.2791491083543659,0.24424734726165434
ENSG00000131100,0.11526972385272448,0.15763386741675917
ENSG00000099968,0.13341204829384098,0.16850241159816257
ENSG00000243156,0.8926967297799422,0.9735791579845466
ENSG00000100416,0.047858774236867,0.09359355176355355
ENSG00000075240,0.44364114690018364,0.27414053272151284
ENSG00000075275,0.8332879286319053,0.727456571576325
ENSG00000015475,0.43531841711587316,0.585729232084261
ENSG00000100234,0.050627955177498275,0.05376217029587604
ENSG00000184164,0.5296158786940897,0.5590505437102535
ENSG00000188677,0.6702719863771364,0.6394817108665934
ENSG00000100403,0.8787456327598366,0.7483186658770433
ENSG00000167074,0.6992694016653855,0.9073641530163772
ENSG00000183864,0.6208960772554271,0.7171794118898971
ENSG00000100410,0.013465422628441213,0.014815392059232196
ENSG00000100413,0.5828232840526482,0.8433875708067293
ENSG00000100417,0.9093862745343968,0.9221182890915389
ENSG00000100418,0.9444815072360728,0.7710305959602983
ENSG00000196419,0.35789200050402414,0.4817618347382917
ENSG00000100138,0.15268941610429468,0.16839279030249296
ENSG00000100209,0.0041173495330368475,0.004618185350165808
ENSG00000183765,0.0003728319095327093,0.0003390646102530494
ENSG00000093010,0.701206066521351,0.6685265230379496
ENSG00000099889,0.534746941229109,0.35346799551552777
ENSG00000183597,0.977212836197478,0.8991319172722656
ENSG00000099901,0.10620958386841281,0.13650592572797637
ENSG00000099904,0.9839951417657327,0.9228976721709437
ENSG00000100084,0.5402393597379956,0.6961756917737862
ENSG00000070010,0.05400784871201628,0.045895746487838146
ENSG00000093009,0.08607865893249397,0.08580204633982605
ENSG00000184702,0.9694130658176925,0.7429625392152026
ENSG00000185838,0.5445107395481059,0.5055361893892955
ENSG00000215012,0.6299952320207219,0.7145999342359799
ENSG00000040608,0.747280615015171,0.6710273621783527
ENSG00000128185,0.23086294015101083,0.28236872041424216
ENSG00000184470,0.8102290220007873,0.9361207855582719
ENSG00000073150,0.979925501388792,0.8233650181521838
ENSG00000170638,0.5315701064146141,0.6415012234514572
ENSG00000128159,0.6520387591157981,0.5624704215744796
ENSG00000100429,0.13176135081753243,0.12189965603251297
ENSG00000188130,0.8188453361169861,0.823841838524828
ENSG00000185386,0.7776915130596289,0.745914941066407
ENSG00000242259,0.05848884062879373,0.1061683870064229
ENSG00000167077,0.9791744181897045,0.8001647519021089
ENSG00000198911,0.7231857694586604,0.989445143561697
ENSG00000159958,0.1790397451532837,0.2268227960844688
ENSG00000100162,0.03328690645548094,0.052072408387257525
ENSG00000198951,0.8600395833795234,0.9495072098692429
ENSG00000177096,0.4616976968262805,0.45201506923337886
ENSG00000100147,0.19307072627993488,0.2224237168338353
ENSG00000100281,0.5401493599512368,0.8443861235656225
ENSG00000100297,0.24902628557942186,0.286770336002266
ENSG00000100292,0.682431638717884,0.7120596571719822
ENSG00000138867,0.7042905336706347,0.5999398034787651
ENSG00000133424,0.7380996403544544,0.895378220502935
ENSG00000241484,0.457092371897019,0.5096604619023191
ENSG00000100298,0.5606708168901444,0.6678615759337923
ENSG00000128309,0.6335718283645062,0.7200687905116601
ENSG00000128346,0.5861083228110602,0.35590728948573414
ENSG00000100142,0.27062479940726203,0.2991599659734651
ENSG00000100151,0.8634050417105174,0.8568447370380041
ENSG00000128298,0.23959585339931197,0.22165791092824605
ENSG00000161179,0.3198452380988412,0.28854069197644144
ENSG00000128228,0.8796340727377744,0.9720107142352179
ENSG00000100023,0.8830328978486165,0.876140295341311
ENSG00000100027,0.2381743854005197,0.15714098628917528
ENSG00000185252,0.573725981298127,0.4841136211826631
ENSG00000099910,0.4480795422658911,0.4872585968593589
ENSG00000133433,0.36886749386410156,0.2790532881052094
ENSG00000099974,0.41965119023461905,0.49980181801609613
ENSG00000099991,0.840411425299098,0.628786693676072
ENSG00000183762,0.3799028795136229,0.3802208801636502
ENSG00000186998,0.5786911252373383,0.4704696150994744
ENSG00000100263,0.09737016324008725,0.1516850974257868
ENSG00000100285,0.2935139919408562,0.2614467362295926
ENSG00000100296,0.598881573690113,0.6504870067500819
ENSG00000184117,0.2478769787531632,0.18056006989183424
ENSG00000186575,0.8934764116370628,0.9270328334278141
ENSG00000100319,0.16573425016639784,0.141436997277641
ENSG00000184076,0.027825340602944174,0.015479580165719629
ENSG00000239282,0.6018306031121317,0.6341648772834325
ENSG00000099992,0.8117477338096083,0.7383311291784891
ENSG00000099995,0.9560263076504656,0.9577888248058903
ENSG00000099999,0.8304627188715851,0.7000333435949672
ENSG00000100003,0.2618889556592638,0.25648532311937017
ENSG00000242114,0.4195798989352776,0.35084407705937337
ENSG00000133488,0.4220295472474097,0.2763796475655583
ENSG00000128242,0.6409628028160986,0.5734179344495625
ENSG00000100029,0.0811512901725613,0.0951627553884249
ENSG00000099958,0.9565947598648967,0.8522615367283011
ENSG00000240972,0.8850529183667857,0.8247436312121419
ENSG00000099994,0.02733353313282672,0.012209577709923867
ENSG00000100284,0.2820802537126898,0.2959164500501234
ENSG00000100216,0.11226700585414323,0.11784794264280889
ENSG00000196576,0.15025061951243,0.11371821315109366
ENSG00000100056,0.4742255880224572,0.6159147499855784
ENSG00000100075,0.38769271988252507,0.4105894639816514
ENSG00000183785,0.02026397074683838,0.01914465959316875
ENSG00000239900,0.3852693528974087,0.41640097995237435
ENSG00000100218,0.8191051001332033,0.923907584651963
ENSG00000128266,0.7527711168947164,0.568673685956851
ENSG00000186716,0.6299376627579533,0.6278809742034196
ENSG00000100116,0.058209538105987654,0.07484939823475809
ENSG00000100129,0.34602448111802375,0.47101843083760686
ENSG00000100139,0.8064655387131694,0.6456805208203058
ENSG00000100412,0.5022994706230677,0.6943953601858223
ENSG00000100280,0.9413659007758605,0.9024913925316967
ENSG00000185608,0.008323091707484475,0.007776579801493742
ENSG00000100033,0.8417436910826004,0.8137145728460464
ENSG00000243811,0.6797156404519651,0.6949070690941028
ENSG00000215193,0.7470237333123132,0.7355786476920803
ENSG00000099937,0.005499698900675165,0.0015389031806140267
ENSG00000099940,0.11581192549087838,0.11334819484505045
ENSG00000099942,0.6811896744932344,0.8085506173568232
ENSG00000184436,0.17780855296784795,0.1969735150870409
ENSG00000100207,0.8166147280149415,0.7288914142880583
ENSG00000100336,0.7264542066980471,0.8235641082522279
ENSG00000099954,0.6828470629365189,0.92299254942276
ENSG00000183773,0.35761669240377536,0.39560154012635074
ENSG00000100258,0.3665936131947013,0.4059737851174299
ENSG00000025770,0.267564099006912,0.3370157443932913
ENSG00000284194,0.4374901703705506,0.6118100420503085
ENSG00000025708,0.26485194323596534,0.1983656694063681
ENSG00000130487,0.403505211124351,0.46638054313037614
ENSG00000217442,0.7628859497049798,0.7684731121968841
ENSG00000205560,0.6559108883103197,0.7342594846021497
ENSG00000100288,0.1267119532836512,0.150800054311668
ENSG00000008735,0.5110411780559727,0.4505881991745513
ENSG00000100299,0.38035227590807164,0.2813173235953275
ENSG00000100228,0.12190559727018456,0.07225535657315037
ENSG00000189060,0.3010396010434075,0.28021346337354924
ENSG00000184113,0.003522787806022405,0.0021409272564510114
ENSG00000100034,0.9531424073595548,0.892586562322915
ENSG00000100038,0.11170213845419764,0.15460583554215493
ENSG00000211637,0.6079640387443053,0.573790235510127
ENSG00000211642,0.8256709576869717,0.7922285398734208
ENSG00000211638,0.89920315758402,0.8856882725164257
ENSG00000211639,0.21507766517136784,0.21100291039623176
ENSG00000211640,0.876569749982143,0.9047164232444602
ENSG00000211643,0.5745533023144129,0.8021275922801374
ENSG00000211644,0.9212104878393087,0.9130902871420079
ENSG00000211645,0.21852084636474867,0.22627339847212172
ENSG00000223350,0.6182488533461792,0.6354439885132741
ENSG00000211647,0.12443838545847098,0.11570712981678796
ENSG00000211648,0.5131490873881208,0.6243969381290599
ENSG00000211649,0.7906042503884116,0.7299830494095678
ENSG00000211650,0.2552541090614916,0.2387121494683879
ENSG00000211651,0.5854560941150265,0.5306654214177606
ENSG00000211652,0.933247812091978,0.9644718931202816
ENSG00000211653,0.26186676646239015,0.2341899215065721
ENSG00000211654,0.5481036819150686,0.4740765633927142
ENSG00000211655,0.631718160255951,0.56557232517533
ENSG00000187860,0.49105064539209864,0.4033868551559011
ENSG00000177989,0.16900462561980076,0.12154277205988405
ENSG00000100221,0.5808947584518731,0.6198409218371663
ENSG00000100345,0.45914056935103653,0.4104398865008211
ENSG00000100302,0.5858608684756764,0.4213773799000843
ENSG00000198125,0.17642041558855007,0.14598836357654477
ENSG00000221963,0.34422844084812476,0.2031275732349267
ENSG00000128335,0.5441823973801823,0.7961043982260242
ENSG00000214491,0.09085809259241419,0.027861088274593517
ENSG00000197077,0.22706922747430866,0.35322850175327514
ENSG00000100053,0.1245957778985038,0.17048596259881454
ENSG00000128272,0.3180042624540322,0.3847114453136704
ENSG00000100368,0.36095245117909314,0.2894053261382879
ENSG00000100077,0.6930579465893567,0.695487825005266
ENSG00000100206,0.8194483183141302,0.6765817669607573
ENSG00000100380,0.9789368074050898,0.8859597817273679
ENSG00000073169,0.5469202274078115,0.6253666113327037
ENSG00000244486,0.2713869536052062,0.258608307110602
ENSG00000133460,0.5204207552307892,0.5401867417522342
ENSG00000100154,0.19543340658229788,0.20172136496961265
ENSG00000100167,0.8582335884238244,0.8231963396616583
ENSG00000100379,0.9317797291461589,0.9661617842824304
ENSG00000128165,0.6095753551431371,0.7065121029871295
ENSG00000100241,0.34131698535779686,0.19718447378249515
ENSG00000079974,0.5889480145324075,0.41400209557268564
ENSG00000186951,0.7317382195305271,0.5304898806417957
ENSG00000205643,0.08280620405090085,0.1711426387452353
ENSG00000183569,0.3890936122700349,0.3659198392333949
ENSG00000183172,0.38706838629247686,0.4397674834785811
ENSG00000128274,0.10232149053926816,0.1315860849929399
ENSG00000242247,0.48239957981116854,0.4991728085555053
ENSG00000100243,0.4621479694069319,0.4000332226946737
ENSG00000100348,0.024255097632238168,0.03052641355674687
ENSG00000100350,0.12396479021131468,0.1405505720885678
ENSG00000100353,0.05124608626798096,0.07846160967171743
ENSG00000100242,0.6343212858437057,0.46785677668409165
ENSG00000100425,0.8236484449235958,0.597952989654955
ENSG00000241878,0.7346266674788584,0.7518236054805512
ENSG00000177663,0.6892992906336136,0.9146712646251844
ENSG00000069998,0.08480644201348808,0.15082215066739826
ENSG00000100211,0.3221363823471463,0.3050116347280371
ENSG00000128284,0.8876984259858488,0.6786575588850758
ENSG00000251322,0.21946348235238192,0.13180252225733377
ENSG00000100320,0.7319261612265797,0.8163591170330287
ENSG00000099998,0.20983639191150338,0.26806876790847833
ENSG00000188263,0.37343064261972125,0.3801373397965474
ENSG00000185651,0.6377125988795596,0.7254905052201746
ENSG00000093072,0.22568892785851719,0.1733364169451748
ENSG00000100227,0.4018921761862365,0.532525097475492
ENSG00000241973,0.25983220335609963,0.2759299381878469
ENSG00000169635,0.8708676863956519,0.7653310811695604
ENSG00000100351,0.6468639414820255,0.6341591628569844
ENSG00000235568,0.8220968552743986,0.7260728905294094
ENSG00000275004,0.1367748354915042,0.17376356238925578
ENSG00000185686,0.43655317507216684,0.4785384885468237
ENSG00000211656,0.4417271049740036,0.5631815292184551
ENSG00000211657,0.07289063322440432,0.05024226868227634
ENSG00000211658,0.573913004470479,0.7392930194084273
ENSG00000211659,0.4542798717837705,0.4291291861182903
ENSG00000211660,0.285744361854168,0.26412900215749396
ENSG00000211661,0.5178466484320184,0.46751586276257806
ENSG00000211662,0.5570856751631255,0.5398027019907006
ENSG00000211663,0.455493000136151,0.45274075354878485
ENSG00000211664,0.782460815755473,0.751236276732167
ENSG00000211665,0.31340670252584996,0.2079596378409552
ENSG00000211666,0.6452298776024271,0.6669753346225424
ENSG00000070413,0.5247685470753138,0.6166955145148756
ENSG00000100226,0.9711886028426088,0.7925800789116613
ENSG00000250479,0.831976500219457,0.7679582130537701
ENSG00000099953,0.4672974628608795,0.4406725047509813
ENSG00000100325,0.3738968339138731,0.30410116588822345
ENSG00000100395,0.29248535872843806,0.4464703961501725
ENSG00000100399,0.2586801390366866,0.36563332635741286
ENSG00000100146,0.6141119038944733,0.5898831960640367
ENSG00000185022,0.19223838710590674,0.14310163594117264
ENSG00000198792,0.8801019556378645,0.8134193136397043
ENSG00000213923,0.966418100889792,0.7844877001516615
ENSG00000100036,0.7656165789349035,0.825008408442014
ENSG00000167065,0.14948774933444653,0.12381064043273032
ENSG00000185339,0.6127588266111949,0.7242265262775973
ENSG00000253352,0.3290398410603094,0.43264095768471844
ENSG00000100385,0.71667419861038,0.7676398395048978
ENSG00000184979,0.9984982735320856,0.9984901782231622
ENSG00000100099,0.7854431167695151,0.8583160238907843
ENSG00000100083,0.7990168813303608,0.935790420060901
ENSG00000100092,0.5789454345932513,0.8049154157695794
ENSG00000285304,0.5238850554506959,0.5121033084466078
ENSG00000100097,0.12308558830673062,0.21568775976125962
ENSG00000273899,0.15470146821517156,0.1707121724868595
ENSG00000184381,0.9134096730758883,0.8728567971767957
ENSG00000100196,0.8666749229577659,0.5860887862583608
ENSG00000100201,0.28206695723670056,0.4718362016567982
ENSG00000128311,0.6154952756555914,0.755479120412643
ENSG00000100055,0.07964252784947354,0.05139692984651912
ENSG00000100060,0.20902311647562094,0.16774526026889214
ENSG00000100065,0.13003301427922337,0.07341965757533708
ENSG00000128283,0.48833410134657795,0.4861144071845538
ENSG00000100079,0.825831990735957,0.8930233471556054
ENSG00000128340,0.11440921991483,0.12823874148127917
ENSG00000100342,0.9655051969202317,0.8683725464127472
ENSG00000185340,0.8147256246179496,0.7894236369655137
ENSG00000196588,0.6067208003810587,0.5390823955089226
ENSG00000184058,0.5803119632253454,0.6476181542898165
ENSG00000099949,0.9463178510004813,0.8635321672245914
ENSG00000180957,0.7311786929871433,0.8288628992195929
ENSG00000169184,0.7240318454583986,0.5987817727339972
ENSG00000100387,0.04779229122226577,0.052202563403363135
ENSG00000100393,0.6780449735087738,0.8929526585963145
ENSG00000099956,0.18064622280939932,0.21461918580317324
ENSG00000211669,0.8131754689824564,0.8069793545215088
ENSG00000211670,0.5700544661911952,0.5537563720893672
ENSG00000278196,0.6802234578719555,0.6048808972944102
ENSG00000211672,0.12346597237171462,0.1210657471216637
ENSG00000211673,0.9037993409348257,0.9110444751193576
ENSG00000254709,0.6534132844950862,0.630938553268997
ENSG00000211674,0.7727360578970162,0.7657727562668133
ENSG00000211675,0.6998872184806484,0.683377036523934
ENSG00000211676,0.8581920809207393,0.8647892744726506
ENSG00000211677,0.575441397080878,0.5885387486197413
ENSG00000211678,0.38593931109410295,0.372880029810707
ENSG00000211679,0.9185741858828124,0.8337104025823723
ENSG00000211684,0.37199597266885764,0.4452735397103652
ENSG00000211685,0.28328004834009046,0.3227652360155068
ENSG00000099977,0.3721648286910353,0.3836950720500314
ENSG00000099899,0.12866373939703424,0.1380011779563967
ENSG00000100401,0.5268726921093707,0.5398665048531422
ENSG00000128294,0.6224531666929811,0.6586913005474031
ENSG00000099960,0.08519809637516661,0.060169149831257054
ENSG00000159496,0.7328466549200541,0.6982434042356225
ENSG00000187792,0.945355157700983,0.952187894060351
ENSG00000128218,0.8718687791562438,0.9823078416228305
ENSG00000182944,0.24031298432324588,0.3447825457341479
ENSG00000100364,0.4362328125988685,0.5785340715658593
ENSG00000100376,0.7251689854933525,0.9240808427691014
ENSG00000128408,0.583442160558383,0.5120999929870025
ENSG00000077942,0.5092201795641829,0.4812966818596641
ENSG00000172346,0.47975298688375656,0.30612658186442004
ENSG00000241360,0.02399786357405243,0.02249981800666562
ENSG00000159873,0.0724219241432658,0.06983947884888564
ENSG00000100219,0.5385478139294964,0.5554864425452299
ENSG00000070371,0.3917049881269128,0.42882279978905924
ENSG00000128191,0.10177087224977255,0.08244005227519373
ENSG00000183963,0.6482810868610884,0.6977099080079698
ENSG00000198832,0.7902425430098794,0.8863473740141314
ENSG00000185133,0.6234318153567725,0.8165728852935743
ENSG00000100078,0.871152590727145,0.9885932948546354
ENSG00000138942,0.5554046495986102,0.6101855380710257
ENSG00000182541,0.2854839787533468,0.35619577814953185
ENSG00000100100,0.3934241160205241,0.5154782746241375
ENSG00000151240,0.4968834248903413,0.6125324455982459
ENSG00000196139,0.5871554339058919,0.6534188034924011
ENSG00000134463,0.047258888317455006,0.049934335734570026
ENSG00000151465,0.24738530016154012,0.12961789276640956
ENSG00000178473,0.348277145659022,0.2363253297268197
ENSG00000067082,0.03053393430488461,0.03566548699035692
ENSG00000165629,0.22735317983967432,0.1073096670818458
ENSG00000065665,0.9648830815893,0.9108708201974517
ENSG00000165609,0.2856822599508785,0.11331551858963065
ENSG00000151468,0.5601604856049207,0.5178709415440887
ENSG00000151657,0.7688810387824097,0.5532395399546917
ENSG00000151461,0.8655593799685415,0.7592838142801944
ENSG00000176244,0.12398340928501757,0.0955086682098438
ENSG00000152464,0.09561128140159478,0.061661546249277416
ENSG00000123243,0.13210610238840637,0.08363767922365371
ENSG00000260314,0.016890272065599465,0.007500169352253453
ENSG00000148481,0.6448404089315076,0.7531037708474723
ENSG00000150867,0.9484495376736489,0.9713055354924691
ENSG00000198610,0.5050703553141238,0.4303913346955469
ENSG00000077943,0.1104215063479886,0.08423773511747476
ENSG00000172671,0.37365302825880864,0.3991661301360844
ENSG00000148450,0.3760232985464502,0.6622958238225432
ENSG00000099256,0.7268066224331249,0.4425217451237994
ENSG00000148426,0.3231464972857787,0.3387384270885224
ENSG00000151023,0.44918678356561226,0.25692037543295276
ENSG00000136770,0.3584644237075919,0.4977954968390046
ENSG00000122912,0.35547562848960623,0.41289589715388064
ENSG00000138303,0.25137575642528315,0.3839740574609908
ENSG00000165322,0.317423200281601,0.43859999814832396
ENSG00000072401,0.7829215701198855,0.8632410755735329
ENSG00000196693,0.4491577131255886,0.39913063499591306
ENSG00000099250,0.21680046020322277,0.21218056384864256
ENSG00000120594,0.5475888726225719,0.5034631927400544
ENSG00000148484,0.3106065983849259,0.4556905441147624
ENSG00000227877,0.1647172159326744,0.1498142379731378
ENSG00000165757,0.3692506552691207,0.519114790062605
ENSG00000165655,0.15913643851807902,0.125833033883093
ENSG00000077327,0.949245699535332,0.5953540285151333
ENSG00000165406,0.12226078259359932,0.09837849823695087
ENSG00000107984,0.761058756585385,0.7033017277320432
ENSG00000170759,0.9363002695116608,0.7755424547342711
ENSG00000152465,0.5646479308996607,0.5694500282107333
ENSG00000204161,0.07352850796135738,0.054455561331516585
ENSG00000060339,0.536957726294566,0.46694401861692936
ENSG00000122952,0.29621989598719456,0.16735603126556772
ENSG00000148655,0.41550452524071924,0.515632436780835
ENSG00000165512,0.5019389877575511,0.5468003319395729
ENSG00000122359,0.03500032002077433,0.049332880506435355
ENSG00000122378,0.8796385190471159,0.9947874413386112
ENSG00000107789,0.7889819704610923,0.8727938237471468
ENSG00000108064,0.9797075778751717,0.8089614190478507
ENSG00000138119,0.4587647696218097,0.5686828289856407
ENSG00000165733,0.6586947160410404,0.5350085853633821
ENSG00000152804,0.3313030981177012,0.37184815734329435
ENSG00000107771,0.05107007008644074,0.06871392631695965
ENSG00000165476,0.24826255643728398,0.32305228496366034
ENSG00000184719,0.33974930162101896,0.43560452973361097
ENSG00000148572,0.22463440262950285,0.2995302250226046
ENSG00000095713,0.006359677248938668,0.0014643854712489347
ENSG00000181192,0.6608999527156085,0.7169118900423262
ENSG00000107551,0.22581172278345987,0.17910300691219908
ENSG00000155629,0.9068978655292538,0.8033852997297377
ENSG00000165887,0.3651505368951736,0.37590297006226525
ENSG00000077420,0.13412145167260472,0.10605477726422743
ENSG00000174721,0.3999189618153607,0.3350618506010312
ENSG00000156650,0.7841696566546389,0.7154208875701245
ENSG00000175395,0.9284518215145421,0.793917343664039
ENSG00000133665,0.9118472119852824,0.5091190136722483
ENSG00000198060,0.5376174834108334,0.47324603324278436
ENSG00000213341,0.7056639757679181,0.5035498825346147
ENSG00000151224,0.9613301513178006,0.8570693838197965
ENSG00000120057,0.6246753925132207,0.35439011389965736
ENSG00000138190,0.8984271338206649,0.880111771329996
ENSG00000122870,0.6548971592932356,0.77941144253124
ENSG00000122863,0.8837100083669188,0.8780088323844762
ENSG00000155254,0.06079549702362105,0.09488325577739196
ENSG00000099194,0.6466778271093945,0.7776539778801845
ENSG00000241935,0.11427500597909365,0.13524154967426494
ENSG00000166167,0.5888442839613142,0.6563336042538535
ENSG00000148468,0.5837652296763312,0.6086165846945306
ENSG00000189180,0.6064374661400571,0.6273066491479797
ENSG00000165507,0.4567356119810929,0.46803608336290436
ENSG00000171160,0.13973603752534797,0.17416914989776014
ENSG00000148834,0.20087044625875825,0.1670011660720883
ENSG00000165879,0.7798817658796766,0.9226225438428065
ENSG00000196072,0.18580659327389532,0.10885147153828896
ENSG00000165886,0.30153901844813785,0.39813723297162407
ENSG00000119986,0.7785972967839881,0.8480628267239829
ENSG00000052749,0.9324929054082931,0.9148614993254056
ENSG00000177613,0.9587261300334233,0.8175184011158575
ENSG00000213390,0.8754626186680527,0.7343146246513939
ENSG00000166171,0.810349617712517,0.6273744937932488
ENSG00000166169,0.9372691572289935,0.9169654278346858
ENSG00000165669,0.9074569156962324,0.90382588391572
ENSG00000107829,0.7595443629225765,0.735845789926736
ENSG00000155265,0.450612199564976,0.5358395425627789
ENSG00000148843,0.21373973918549616,0.1841762296295462
ENSG00000107581,0.866838752227176,0.7934218423555426
ENSG00000185875,0.25902881931668575,0.1593499947606555
ENSG00000072422,0.4562041767005621,0.3895118252621258
ENSG00000120029,0.3892592554525047,0.5037508613861511
ENSG00000204172,0.7950611190547624,0.8795980907812698
ENSG00000171314,0.7002637823115954,0.47611674717099817
ENSG00000095596,0.26473532772115577,0.3331070049212592
ENSG00000148541,0.8280506101586776,0.7453435548983365
ENSG00000148841,0.27140417860150395,0.3540570877391007
ENSG00000138346,0.40823696153672806,0.3647181688795741
ENSG00000107593,0.8069656940398678,0.6275543539935164
ENSG00000108100,0.6212663255342512,0.4411895527235552
ENSG00000119979,0.2155595275900237,0.14252979568752086
ENSG00000151893,0.42905469082610403,0.5153390705360544
ENSG00000181274,0.04266301614549482,0.06869632689281474
ENSG00000107560,0.9076154377721266,0.8402402887679619
ENSG00000189319,0.45976598553907033,0.5694879510553208
ENSG00000213185,0.9452465484896335,0.8505298261490936
ENSG00000065154,0.1629704473919697,0.11363112151791495
ENSG00000170430,0.7909890353406926,0.8862666940414223
ENSG00000156398,0.8143257326135092,0.7576767618724024
ENSG00000148824,0.11352734412049471,0.08473716924070043
ENSG00000095574,0.5745907378677346,0.5849039850851285
ENSG00000166272,0.2881653135371287,0.3832667481978398
ENSG00000107949,0.16625216396394854,0.10317219760094719
ENSG00000068383,0.2906547997829229,0.31739284734367273
ENSG00000182022,0.11575652507795718,0.10581958382446205
ENSG00000138162,0.27672677056634865,0.311734561315584
ENSG00000148702,0.10856231773736921,0.09207036591228035
ENSG00000229544,0.5196441231254318,0.7074166182122372
ENSG00000107902,0.8511570782125207,0.9221424639698562
ENSG00000089876,0.6713202830586891,0.7222036542770321
ENSG00000166033,0.8543491271077667,0.6856685636285033
ENSG00000148773,0.39207506373461,0.30473823495783653
ENSG00000165650,0.9071312398287947,0.8832080577937556
ENSG00000203791,0.009954843992669892,0.008357447876581568
ENSG00000077147,0.3429380722361599,0.4645156527478689
ENSG00000171307,0.6263291894768279,0.9768225213657225
ENSG00000183605,0.8307660739393196,0.6149135253955638
ENSG00000120008,0.5142058845022857,0.43287820387356557
ENSG00000165672,0.3503823047390243,0.24545331897185593
ENSG00000171311,0.030742179126407313,0.010853820452247157
ENSG00000188613,0.4591910087593848,0.33915920418018497
ENSG00000203780,0.6515443341605995,0.4614518949057088
ENSG00000196177,0.8182543235002505,0.9229742882953996
ENSG00000108039,0.44074816545954765,0.28567729810404857
ENSG00000165660,0.3947388985360283,0.33803979697251557
ENSG00000187164,0.3441951076706662,0.34517139666636265
ENSG00000107518,0.55289601074815,0.6048743839015742
ENSG00000165752,0.5060631851949536,0.4120034902049887
ENSG00000188690,0.5033099065752651,0.38865533400611574
ENSG00000154473,0.3587799916475296,0.28107668638996686
ENSG00000119965,0.3219228492872295,0.19268114668589448
ENSG00000107938,0.7066481106215703,0.7378474606379717
ENSG00000198873,0.195818775666959,0.19674429817526706
ENSG00000265763,0.7446875397014416,0.6151462594545232
ENSG00000148908,0.21926114031681992,0.15013497240032866
ENSG00000095485,0.19060896109586592,0.1446192195872416
ENSG00000148700,0.06396999762397493,0.08687366047304657
ENSG00000121898,0.2316551361808359,0.21450833612935222
ENSG00000107554,0.35625353670753424,0.39964780241010556
ENSG00000155229,0.7572096750400067,0.5093925018617564
ENSG00000138175,0.6615966530613722,0.665910623466405
ENSG00000196865,0.8748055778166366,0.8876238812055683
ENSG00000182010,0.9218680744636059,0.6844830279990113
ENSG00000107566,0.4984577282239193,0.6529423715892911
ENSG00000065621,0.524129387783078,0.3725695977518074
ENSG00000148814,0.41061877332888397,0.46279437552966063
ENSG00000171813,0.3103758102358718,0.3652795987597006
ENSG00000059915,0.7746409755849433,0.8386685551016645
ENSG00000107874,0.7684938150435553,0.6707721039902641
ENSG00000120055,0.7884777514856014,0.8226344774380572
ENSG00000138111,0.8388460302742353,0.8108185144183762
ENSG00000138107,0.42312131839661726,0.6371678225835826
ENSG00000122861,0.05230528187084095,0.07067536386208463
ENSG00000148677,0.006791089716596296,0.0041108400782210175
ENSG00000099290,0.8091382575895281,0.7426580801685978
ENSG00000138311,0.5744660956753461,0.6646413321509729
ENSG00000181915,0.33827965644888247,0.3744497689211248
ENSG00000151929,0.734096970790371,0.6532637225285116
ENSG00000185532,0.938564271246871,0.9413728929356637
ENSG00000035403,0.6121529980156645,0.7118314893185946
ENSG00000107882,0.8044032367427875,0.8892390354583489
ENSG00000120539,0.4160303087353706,0.29726933393563065
ENSG00000107890,0.40650910223100645,0.4068028291658651
ENSG00000173848,0.2415645320289783,0.3168333670011403
ENSG00000178372,0.6593403291891162,0.6607085652147414
ENSG00000178363,0.2900881158767838,0.3441886628140901
ENSG00000196372,0.15291651849987442,0.2516957661119715
ENSG00000057608,0.9086560319054444,0.731841709900784
ENSG00000138180,0.2823200899350251,0.13892631543632294
ENSG00000148690,0.17088422312842802,0.12112247957542017
ENSG00000187522,0.25191236649521637,0.132016464198262
ENSG00000148842,0.5009821411931401,0.45783535088674066
ENSG00000148798,0.19798447751909234,0.17635818175585927
ENSG00000156374,0.17448847158151334,0.18037832850484364
ENSG00000173915,0.16183658949371563,0.09380285097117863
ENSG00000176273,0.010952310061675439,0.01727644625296686
ENSG00000173145,0.17899339370710002,0.08181133423078066
ENSG00000108239,0.9860134152033612,0.7251227358168336
ENSG00000023839,0.7593416100170555,0.7857294682250354
ENSG00000107968,0.35189352413975916,0.3471046976558654
ENSG00000119953,0.5946650695026816,0.37243025900468996
ENSG00000138166,0.07744560962732579,0.08989304952838825
ENSG00000107951,0.2726200929654632,0.16790119017344365
ENSG00000122862,0.5112691259176207,0.4710376237109398
ENSG00000265190,0.8710755079329672,0.9039725817357351
ENSG00000204130,0.23114689172346797,0.25170797076884577
ENSG00000196233,0.3811015997574274,0.31442980085659494
ENSG00000198954,0.6995029563036431,0.5289778578862905
ENSG00000148688,0.396975136384238,0.2625309169103916
ENSG00000078114,0.1574089660414612,0.09403729605881161
ENSG00000150760,0.2799547083712263,0.31177881217729025
ENSG00000188649,0.4996527855413472,0.452135642901469
ENSG00000197748,0.6806358687259499,0.41260446417239893
ENSG00000171206,0.048358658710395984,0.0590232218558181
ENSG00000187908,0.11607639241769821,0.05718246748167828
ENSG00000165868,0.24036447979903253,0.19977480183677995
ENSG00000177791,0.697933858991284,0.9304354030011842
ENSG00000176986,0.31887254779539087,0.4544900381426632
ENSG00000196968,0.2422386437357891,0.27939919880377473
ENSG00000172586,0.38357221927488405,0.175857502817827
ENSG00000214655,0.7251517794659155,0.7842866958557919
ENSG00000166507,0.3065802749792467,0.33648636940744076
ENSG00000265354,0.4241420565858537,0.22846860442841763
ENSG00000263639,0.0838009463724752,0.02520585871240596
ENSG00000122958,0.9741582760322052,0.9143641406850147
ENSG00000156502,0.9876860695114047,0.9037720192343899
ENSG00000156510,0.001779740584694658,0.0009866891029169697
ENSG00000099282,0.17531479395767033,0.34483118401860313
ENSG00000171224,0.9511961208595877,0.7721050380749834
ENSG00000107897,0.926715287844765,0.7472932691539023
ENSG00000138160,0.21115001736725605,0.12958978518081973
ENSG00000042286,0.41693452667198494,0.4529932336891882
ENSG00000079332,0.3382620274089553,0.5795540133443817
ENSG00000180817,0.6583378228719428,0.9880795446350656
ENSG00000156521,0.8342542052565549,0.9258164935930828
ENSG00000107672,0.222137527951496,0.21200898450121977
ENSG00000166189,0.8975329303220159,0.7278351815133002
ENSG00000198728,0.3332382092159334,0.34082286843149356
ENSG00000148840,0.594040264397978,0.5375015095873467
ENSG00000166197,0.9268403094635759,0.6859376781046529
ENSG00000119915,0.17062308101682935,0.15140513510837825
ENSG00000107959,0.3716997277478469,0.5056618003428797
ENSG00000133661,0.04903412580360017,0.01781139444915771
ENSG00000133678,0.9869906114796076,0.8465267781494638
ENSG00000099284,0.6638193678106259,0.6686416825151849
ENSG00000078403,0.2664538414845713,0.10447763872713738
ENSG00000120616,0.8342817942849988,0.8618908318486785
ENSG00000138182,0.7551033972153538,0.9552487694942937
ENSG00000204152,0.8449298890401147,0.9750782461115531
ENSG00000166024,0.31548458599737844,0.40792958173532223
ENSG00000179988,0.3160346771177086,0.2968788851979922
ENSG00000284024,0.33705357627643023,0.21795803183349383
ENSG00000214562,0.4536669860398238,0.32686456095298594
ENSG00000132334,0.07145137120205876,0.09201736984058996
ENSG00000185009,0.3653697947597273,0.4899816421710186
ENSG00000148634,0.1421504777589536,0.1573939939283067
ENSG00000119950,0.6549276540739175,0.806436233137548
ENSG00000165338,0.5880197423426183,0.4200564126353269
ENSG00000156110,0.5496046412022273,0.6909273178330919
ENSG00000185745,0.96243053462381,0.7684455216923315
ENSG00000166295,0.7545462361818368,0.7966067058954277
ENSG00000168209,0.4548507304353854,0.7000035869318388
ENSG00000165996,0.2142352247407384,0.2942273391395104
ENSG00000136738,0.7997138126457544,0.9013287317176196
ENSG00000107937,0.8183657379060976,0.5080763143793785
ENSG00000264230,0.36489494130759104,0.4127303991867065
ENSG00000165730,0.2511352774956548,0.23037988480041952
ENSG00000107625,0.5439895741757219,0.3519089079440245
ENSG00000107738,0.08332222187663989,0.06571916727222181
ENSG00000107736,0.41882713728477095,0.296898729205772
ENSG00000108179,0.9279790163742675,0.9809745360951655
ENSG00000165424,0.15944703873759503,0.15022174768307345
ENSG00000185303,0.06783806832551342,0.025605981447962327
ENSG00000122852,0.05400718737549416,0.01987518203811181
ENSG00000062650,0.5664562139493258,0.5691064881514356
ENSG00000059573,0.22577985067156867,0.12321686702652329
ENSG00000138185,0.27361133733471227,0.39411782435679854
ENSG00000138131,0.8333744554112102,0.6849977490144565
ENSG00000197771,0.1807346876539604,0.11779844845442322
ENSG00000138135,0.10779889747042182,0.21898445372462189
ENSG00000107798,0.4803090258003717,0.5260849405801272
ENSG00000119977,0.9809971350031921,0.7862819178082081
ENSG00000119917,0.5351579984834347,0.3554372538060784
ENSG00000197444,0.8446189737655692,0.8001803706652465
ENSG00000198964,0.7966793982887852,0.6378118272003206
ENSG00000198682,0.306045497573209,0.36168924315091877
ENSG00000138138,0.3597116554184049,0.5033094884729326
ENSG00000150347,0.9204034223691855,0.976893779481639
ENSG00000107758,0.6125456899777879,0.7038890557841847
ENSG00000166136,0.6151735694847864,0.31464891635397674
ENSG00000166135,0.7645830729054093,0.6066046682154791
ENSG00000119906,0.8172098411453398,0.7892130012547324
ENSG00000107815,0.39241639167526565,0.4234312788374456
ENSG00000186862,0.8663919544446981,0.8882860437742104
ENSG00000107821,0.7092437429011436,0.5483932653990591
ENSG00000119922,0.7866293444714363,0.6349683070880903
ENSG00000095739,0.7006299608970528,0.7001556738294552
ENSG00000151651,0.07061273232337614,0.09461021187287477
ENSG00000198546,0.3840191978589188,0.2008320114459944
ENSG00000165828,0.15392796790756985,0.12798056887207207
ENSG00000148803,0.9324373982361654,0.8202553888368511
ENSG00000127884,0.7052807708582501,0.45143928896503294
ENSG00000148832,0.35216799664222265,0.3225819252282087
ENSG00000225830,0.5514620168636303,0.6849382842284788
ENSG00000187714,0.5417843928177919,0.45578759653066925
ENSG00000178645,0.14445054682605257,0.18920984605716654
ENSG00000198105,0.7664964100585657,0.6327576321273807
ENSG00000266412,0.9176405844221739,0.8128370304918183
ENSG00000165983,0.5740909098770528,0.6468705703389079
ENSG00000253626,0.6542396734348005,0.5839720685603953
ENSG00000227345,0.5010132059092769,0.4026483229217783
ENSG00000177283,0.3022526910327524,0.293596166702352
ENSG00000151923,0.6596024497404087,0.6871549609293064
ENSG00000165449,0.015132347064026939,0.01900858703302974
ENSG00000065809,0.051366048336902385,0.0524182069350153
ENSG00000156384,0.16646411090250682,0.1784946859131449
ENSG00000198408,0.529405723124895,0.7602715797259816
ENSG00000120049,0.3358930039016192,0.3118209617051719
ENSG00000173269,0.29151368017705226,0.28993420201038866
ENSG00000173267,0.6101515473979569,0.6251397798008813
ENSG00000148671,0.6358052206775906,0.6545943920875366
ENSG00000188100,0.540149814230497,0.36398295595255226
ENSG00000122376,0.9837969302557734,0.7999841232261194
ENSG00000099246,0.7910802901690585,0.7114018347241136
ENSG00000119927,0.8245695846295553,0.7445026490753316
ENSG00000148516,0.6986322218131655,0.676790106845403
ENSG00000130640,0.6943693663133756,0.7841001611307921
ENSG00000023041,0.5385267953620816,0.3988783291154089
ENSG00000148730,0.3623715348086203,0.4740015047981553
ENSG00000237489,0.2865944767327194,0.25410518821516326
ENSG00000108010,0.08148792564785369,0.0425884062355593
ENSG00000197142,0.06161109711500785,0.08007682209603542
ENSG00000165731,0.8612721760543744,0.9170508523032259
ENSG00000169826,0.3458565838023121,0.35565144580068453
ENSG00000198915,0.17920507661550308,0.1403368781770953
ENSG00000148672,0.7982075763737294,0.9754951647531308
ENSG00000108176,0.7781294547178829,0.640156259323147
ENSG00000096717,0.8877417439459308,0.9423026761126923
ENSG00000148719,0.03853439738130015,0.04808667783873104
ENSG00000107872,0.4846717196294913,0.5207815170799168
ENSG00000277758,0.16595963009896944,0.0701210069366667
ENSG00000172650,0.40110079331718085,0.35326624802179696
ENSG00000148848,0.5918418555252164,0.5867857834300869
ENSG00000155256,0.9063396088516367,0.9445024900195051
ENSG00000150054,0.19714435951531645,0.15690550599781591
ENSG00000095637,0.07107930590664968,0.04656406320716863
ENSG00000198879,0.8597934855325533,0.823145774828643
ENSG00000169813,0.46722136229226474,0.31104576470655393
ENSG00000196793,0.20648340774600588,0.25515671499261366
ENSG00000198298,0.8353231719009454,0.9989746827868684
ENSG00000169740,0.19086085415431203,0.13814260119295482
ENSG00000243660,0.1954293532946793,0.1697402716164013
ENSG00000107443,0.48820504694964095,0.4829158485765169
ENSG00000180644,0.9517403545622766,0.796242792356041
ENSG00000138316,0.7168525728502153,0.7741945811012363
ENSG00000166228,0.5660931143582453,0.8450530432544263
ENSG00000107807,0.9842642136190438,0.9390136653821355
ENSG00000138172,0.15972414884355945,0.15808939721826332
ENSG00000204179,0.6848722434913843,0.564535914292343
ENSG00000107779,0.7634597006974817,0.7725252831856184
ENSG00000176171,0.5835057406255922,0.5162351264627745
ENSG00000107562,0.34962104955671913,0.3348201129289833
ENSG00000130649,0.5547797526258373,0.5958272088393908
ENSG00000171772,0.07176654447445187,0.1320141360138104
ENSG00000108187,0.1874039607246226,0.1880222481456575
ENSG00000096746,0.9521413620703876,0.992727980038842
ENSG00000075407,0.513190581259547,0.492270137350298
ENSG00000108175,0.2561140604830664,0.15356616513600943
ENSG00000197746,0.023260295284030463,0.03168238916452085
ENSG00000172661,0.5089395738094229,0.5885660003962208
ENSG00000183049,0.7081855310622776,0.9017619016929891
ENSG00000107745,0.14911852264674733,0.2336028064055117
ENSG00000138207,0.6461274265544372,0.6010417649860111
ENSG00000107863,0.23456759988724674,0.3428349392422547
ENSG00000171988,0.05738683262154426,0.04881892795492299
ENSG00000012779,0.0690964318458231,0.03521294252266357
ENSG00000065675,0.8409092311122723,0.6676621383829836
ENSG00000136758,0.7975290307129358,0.9219453719666577
ENSG00000107742,0.26631195271930114,0.17508096695203923
ENSG00000108055,0.7653174917058129,0.7255789342448277
ENSG00000151640,0.5378150608786026,0.6232227976225129
ENSG00000188385,0.9626243644984436,0.9161665446292119
ENSG00000188234,0.9609893363896295,0.8493918601558335
ENSG00000107862,0.10640494323310502,0.08435021207394812
ENSG00000151632,0.8454393820201193,0.7531663546714562
ENSG00000095564,0.8998513933283904,0.8283205551128581
ENSG00000107954,0.42567786343061265,0.2954458828818938
ENSG00000148429,0.9289956187667573,0.9535928028132483
ENSG00000197321,0.9981159391781309,0.9808566415552988
ENSG00000156026,0.16632421756391014,0.24576753366097645
ENSG00000138193,0.9949362664761073,0.951053872596737
ENSG00000165632,0.9038575487871249,0.999657374225082
ENSG00000150593,0.5380127052706225,0.6489183464113998
ENSG00000214413,0.6945831317241861,0.8170067525290974
ENSG00000108061,0.9412913637672071,0.828593852122743
ENSG00000150594,0.7291346050746146,0.8202154562514125
ENSG00000122877,0.18063031454172782,0.10392339297502451
ENSG00000148835,0.09544460142774176,0.07753978649419194
ENSG00000166348,0.37432622254034864,0.3135788796135318
ENSG00000107643,0.13426790386276868,0.19488413035018975
ENSG00000128805,0.4337052365269356,0.4875501030194521
ENSG00000165732,0.8572187806497132,0.9770810447459468
ENSG00000152782,0.9918558449585471,0.898625602619598
ENSG00000152766,0.8336735357629447,0.8544878469099377
ENSG00000138134,0.18632958291144275,0.29713835868474175
ENSG00000107796,0.03610666883422024,0.07029562955339336
ENSG00000166321,0.6649318630430583,0.558922205843017
ENSG00000122882,0.8334325873372821,0.9801779462138939
ENSG00000138286,0.32843965164341127,0.5987937796537957
ENSG00000213551,0.7178073367188806,0.6414472350498459
ENSG00000182180,0.8631149056164562,0.9869247650094413
ENSG00000138279,0.8557561066677628,0.9798800681510179
ENSG00000048740,0.2930805154151333,0.21954963716305345
ENSG00000156042,0.9592923910239526,0.8455638534586621
ENSG00000107669,0.4551223684918989,0.3849551915868622
ENSG00000165678,0.7148911750284679,0.8247306165771191
ENSG00000188373,0.36171297147070336,0.4503383051368156
ENSG00000148600,0.98193686881171,0.9283733745349712
ENSG00000026025,0.23866298276130912,0.270420367200194
ENSG00000172731,0.11030162696769306,0.22888818468175723
ENSG00000148444,0.06985898060115622,0.02430940879162003
ENSG00000168283,0.3964707646575253,0.30777303047983895
ENSG00000043591,0.04152611522538754,0.024587898117893737
ENSG00000165813,0.19458621266176782,0.23578590889499343
ENSG00000165816,0.08342140846858251,0.11343258572649137
ENSG00000204176,0.11443556264719029,0.06845401142473252
ENSG00000204175,0.6093384222458803,0.4227554422262926
ENSG00000107679,0.06440441430520935,0.08340932991365341
ENSG00000107957,0.31559255489460697,0.34970981300002424
ENSG00000128815,0.9266713426702909,0.8536836044300816
ENSG00000055950,0.7562350370117394,0.8760150600230077
ENSG00000107929,0.9232993193233294,0.7145434750593936
ENSG00000165806,0.4507491300459834,0.3469952878893774
ENSG00000198924,0.7580829032904911,0.6459118953407249
ENSG00000148735,0.9055575772201216,0.9776298743507209
ENSG00000107816,0.8126862650603326,0.8548279413212037
ENSG00000165568,0.1491541749559046,0.1865118126624455
ENSG00000187134,0.5481823583340177,0.717856804982612
ENSG00000134461,0.6065325137884592,0.5693373129348686
ENSG00000134452,0.8469979218942678,0.9810857349149573
ENSG00000134470,0.11287719029173682,0.14927332770791993
ENSG00000067064,0.7425771996362307,0.9620216807807551
ENSG00000177853,0.6798692784888534,0.6955837550122623
ENSG00000095585,0.6108914305200805,0.5281629749663929
ENSG00000165312,0.9380079282454296,0.9413136692688321
ENSG00000120549,0.7279688099411485,0.6091845600779041
ENSG00000148498,0.5396141088770335,0.37206971358488883
ENSG00000119946,0.38917613427398257,0.38538433723809995
ENSG00000120053,0.8053312991291068,0.5922548595333647
ENSG00000169129,0.3370295433809731,0.45994906115675627
ENSG00000123240,0.28275052015204943,0.4010650511602729
ENSG00000065328,0.4501950563939161,0.3176693889341205
ENSG00000107537,0.9987631167893944,0.7979502084276401
ENSG00000183621,0.45492959092418617,0.32844509714365305
ENSG00000152455,0.13877354387209961,0.07363248532322632
ENSG00000026103,0.37583067221081434,0.4977700536594766
ENSG00000134460,0.23049404966125847,0.17270487326562764
ENSG00000134453,0.8012633032710914,0.5426088469465549
ENSG00000170525,0.755554612348791,0.644723279029204
ENSG00000107719,0.28443098734571504,0.26605492691924043
ENSG00000095539,0.39950121648690695,0.5011831478613233
ENSG00000166275,0.7289749280760147,0.6744692904431755
ENSG00000214435,0.35775522286642925,0.4502764020791473
ENSG00000076685,0.7769651128330384,0.70650414691306
ENSG00000107731,0.2073040175177686,0.24908092804551385
ENSG00000198246,0.07391104592425486,0.06458978026505902
ENSG00000077150,0.7571260857648219,0.9565017911405591
ENSG00000166224,0.3651543544224407,0.6117978333125247
ENSG00000065613,0.8820894419523246,0.8515137195790434
ENSG00000065618,0.6502666190902369,0.5527276465843178
ENSG00000107960,0.9171548070839921,0.8380168832423718
ENSG00000107438,0.7187402902179502,0.6671020161287955
ENSG00000165633,0.24978247076206986,0.33407880342493507
ENSG00000108242,0.008929275178450734,0.00930000832147454
ENSG00000151208,0.22730161828901918,0.18411026930930538
ENSG00000148606,0.8803976476322395,0.9764468478656564
ENSG00000138326,0.15193588445937534,0.13828990148268608
ENSG00000119969,0.038939014855259475,0.024941796452553046
ENSG00000108021,0.7785566515196478,0.9064727066976226
ENSG00000119943,0.2079900076182217,0.2218266857509005
ENSG00000107521,0.2911996626610753,0.3080068187976018
ENSG00000067057,0.5872667774084062,0.7128307030051446
ENSG00000165630,0.5143856199356543,0.3702306844940174
ENSG00000108219,0.37541753368113384,0.38139174844057455
ENSG00000107819,0.10022834489780723,0.1282419870662824
ENSG00000155252,0.09040209805956761,0.14934046339563917
ENSG00000107833,0.059578736367096014,0.020272751725578044
ENSG00000198018,0.9800517773521102,0.9932907453423349
ENSG00000119929,0.6108961054631933,0.6731168393353775
ENSG00000014919,0.29476560099720545,0.20257826037864804
ENSG00000108091,0.7712318836879031,0.9001591445534137
ENSG00000170312,0.20720300143825957,0.11249559827073928
ENSG00000155287,0.08162594207787327,0.13336610403398813
ENSG00000151474,0.24841678018651822,0.22414561579823114
ENSG00000151151,0.10085428422128698,0.15983820755810643
ENSG00000122873,0.23520982322827932,0.14180519152573398
ENSG00000107485,0.7468519426135667,0.8305365111860019
ENSG00000156515,0.5955447481522687,0.6025037129453239
ENSG00000015171,0.8364599862194324,0.5425972733236463
ENSG00000148737,0.377642265820922,0.37576416861592665
ENSG00000047056,0.8212830851382514,0.8832912479563625
ENSG00000107854,0.6216140332286355,0.6116521233137979
ENSG00000241058,0.1439488686255765,0.11737030020291482
ENSG00000165997,0.47762533823670394,0.35209971879580426
ENSG00000198825,0.719700808444808,0.5703568255253018
ENSG00000107651,0.5937032497935399,0.323733644002845
ENSG00000151150,0.3086411637564597,0.2398074307614647
ENSG00000151532,0.6033549009254211,0.8156015537596576
ENSG00000095794,0.5448362478562794,0.6907814064691062
ENSG00000197467,0.3410170226933592,0.36417137671006106
ENSG00000019995,0.7265049576863206,0.7092167565513454
ENSG00000175029,0.5131500388798048,0.5902496046896588
ENSG00000066468,0.06452732828821157,0.10618466347783428
ENSG00000095787,0.10110971965184586,0.16049232053238852
ENSG00000189129,0.3094528329285034,0.33147832003898997
ENSG00000119938,0.27812652419461464,0.3746997259047993
ENSG00000152457,0.8697252722335715,0.8496272567136922
ENSG00000119912,0.483968270303638,0.3731690848077449
ENSG00000152778,0.7625645120817449,0.6631785560308376
ENSG00000150093,0.046983073793999484,0.09273520697941787
ENSG00000180628,0.6682371409847486,0.5884720743865356
ENSG00000171862,0.769547315209535,0.9338585862043014
ENSG00000122884,0.19523951448259363,0.30502327110733285
ENSG00000148680,0.4885235209362432,0.590226999433634
ENSG00000204147,0.3327432529752953,0.4360421049005566
ENSG00000148459,0.7475861481626291,0.6011104272971808
ENSG00000136754,0.6782001709311158,0.48711657016443466
ENSG00000099204,0.8966236755836537,0.7727726489784487
ENSG00000151553,0.9745470766834157,0.9284003785493411
ENSG00000165832,0.06255372577297949,0.03345639996202123
ENSG00000156671,0.8858794933332274,0.9184601368383948
ENSG00000165637,0.8142228630353294,0.7998803156356069
ENSG00000165644,0.5131741778748814,0.569977156274424
ENSG00000148660,0.08154881080058513,0.11321255663067012
ENSG00000108094,0.8680259276990077,0.5626575278703783
ENSG00000086475,0.914435411575483,0.6784431157864104
ENSG00000165626,0.30380116449807315,0.18783628385426243
ENSG00000156113,0.8225193193400225,0.9329979996213574
ENSG00000112699,0.8929454509611006,0.9907192482406879
ENSG00000112685,0.38078530690138457,0.39823117198309044
ENSG00000145945,0.41888176157468604,0.5812925948322176
ENSG00000124802,0.4502462761868755,0.39206516805399194
ENSG00000188428,0.8652755592823101,0.9066208068718251
ENSG00000205269,0.5192998677536546,0.43048198603667265
ENSG00000165097,0.5813361824968128,0.5962071917120496
ENSG00000146109,0.14120038108262356,0.13521692127658097
ENSG00000153162,0.14996082261540677,0.09588702209419996
ENSG00000239264,0.14597159491974873,0.16042995184737832
ENSG00000181315,0.15274467654724805,0.14576247813674273
ENSG00000164379,0.6200126667051242,0.7701818527775038
ENSG00000180537,0.3710687166056089,0.20684254791831858
ENSG00000124787,0.23001233422788905,0.20880015074394942
ENSG00000124795,0.5908512409366957,0.5889983195891055
ENSG00000112763,0.988506298262427,0.9484784280891431
ENSG00000095951,0.5777440050009928,0.5704249921844151
ENSG00000145990,0.6915569405643792,0.8005033678066171
ENSG00000152954,0.4186513910415065,0.5662753093749316
ENSG00000008083,0.7710698417830246,0.5272442863413022
ENSG00000204713,0.5455903111940398,0.5374074067917947
ENSG00000232040,0.6923781956446636,0.8970844439384096
ENSG00000078401,0.11640691034133792,0.08247456769296263
ENSG00000124783,0.4605057572625455,0.6592381716868752
ENSG00000137273,0.9414501980824372,0.824576159800109
ENSG00000124766,0.8671477596771721,0.9804163150621319
ENSG00000145996,0.8393100801183001,0.9775695909421986
ENSG00000172201,0.7397643226158377,0.794819129711224
ENSG00000137177,0.8957672608982508,0.9601225466662253
ENSG00000137364,0.07484019902420183,0.05789850082112804
ENSG00000054598,0.19914091527946626,0.14600051002506298
ENSG00000187566,0.6387896779497702,0.7069078551692864
ENSG00000153046,0.15551917396281228,0.1198147373655001
ENSG00000124615,0.02969339088384013,0.024213913414002634
ENSG00000124602,0.4248641237013294,0.4598262349699648
ENSG00000172197,0.3331523514715293,0.5067588938328413
ENSG00000007944,0.053606360641444466,0.09526552733507151
ENSG00000234127,0.18863109968286448,0.23925716717448886
ENSG00000156639,0.5741842319048581,0.5587035231665589
ENSG00000124784,0.32192266027096805,0.265913523630123
ENSG00000096433,0.717655521858195,0.5346878667487813
ENSG00000111859,0.5620959158609022,0.39009812994455917
ENSG00000124574,0.11487546290902928,0.10467920544775662
ENSG00000112078,0.7969600268773324,0.8139933831880475
ENSG00000171467,0.21111432647745645,0.2755161583649683
ENSG00000137288,0.27708402147292616,0.18986148658449054
ENSG00000146122,0.4465431468888207,0.4517879008725264
ENSG00000196284,0.9979163596703375,0.74101077566936
ENSG00000146085,0.930512963562812,0.8257190540436464
ENSG00000065308,0.6945591711244741,0.6869558222368621
ENSG00000112079,0.29895323497176524,0.3647939650861385
ENSG00000183826,0.09648942356373685,0.04193266527019784
ENSG00000112149,0.33109473024798136,0.26563539866208313
ENSG00000065491,0.8168235696705064,0.8084571106542671
ENSG00000012660,0.5783867144814583,0.40271498117290117
ENSG00000112130,0.19794809418630327,0.307266268317456
ENSG00000031691,0.04865951976404653,0.041760730669489966
ENSG00000124813,0.7295347346133088,0.732946766870683
ENSG00000161896,0.98147585380195,0.8854819003932242
ENSG00000171462,0.16162016314913663,0.18817901443686222
ENSG00000096401,0.5826586048022747,0.6236510478673287
ENSG00000112759,0.9290397612263392,0.8782691632725631
ENSG00000154079,0.16291747215122981,0.18710737947579786
ENSG00000146147,0.018514923962884452,0.018662314309729137
ENSG00000157593,0.6339322076852303,0.5488872740332544
ENSG00000065615,0.07656987735417638,0.026240998330424314
ENSG00000065833,0.913161412374637,0.9571333954873008
ENSG00000146143,0.15860487567360287,0.17417465099149365
ENSG00000135324,0.02752950213287556,0.053283332656626096
ENSG00000057657,0.6058687887586963,0.5118549450859278
ENSG00000170915,0.7881522087415613,0.6107301731565594
ENSG00000203972,0.664023561868682,0.6770927732330945
ENSG00000156535,0.5735205651570142,0.5744359757374097
ENSG00000135315,0.4467509256553138,0.3725739942758488
ENSG00000112081,0.10431747975618819,0.07761974648993573
ENSG00000118407,0.008360959103249493,0.01800213898257044
ENSG00000124731,0.004218610298574121,0.00514112768336447
ENSG00000146233,0.0791651627684426,0.038739069442869284
ENSG00000005700,0.01259075154638235,0.016827599318825288
ENSG00000124608,0.6270623938091884,0.6459249856324341
ENSG00000272398,0.937904903055025,0.9588542074992653
ENSG00000111860,0.5083811618199192,0.5682752649900613
ENSG00000112796,0.0316086166017585,0.03157692060823985
ENSG00000135338,0.8263705450136054,0.9560287813773305
ENSG00000096384,0.5685198829958953,0.5208999752131549
ENSG00000173214,0.17373577356285733,0.22305677831921908
ENSG00000187189,0.4782861345449425,0.42556623869595867
ENSG00000137269,0.04066258359250505,0.03530554222177109
ENSG00000008196,0.8698344544135768,0.933147186527173
ENSG00000111912,0.27208833710299674,0.20459716368982486
ENSG00000130349,0.41320024986071646,0.6644379894681754
ENSG00000146232,0.922667025248034,0.8398007412147579
ENSG00000112305,0.6520573917544625,0.7448525271294284
ENSG00000118402,0.47191023166973445,0.5705500370776282
ENSG00000009413,0.6272696872032242,0.5345802490285498
ENSG00000152661,0.8613809826075327,0.9919843157085138
ENSG00000079950,0.003917921480510109,0.004524964792514571
ENSG00000146410,0.16831237584001135,0.18033692423790956
ENSG00000001561,0.016027894728999292,0.017649086593527968
ENSG00000153989,0.2997784073479228,0.3704682129586341
ENSG00000112701,0.11657443473067587,0.08891444315551653
ENSG00000198087,0.8026310304646009,0.8647793693575715
ENSG00000112234,0.7401098591870929,0.6202087928035478
ENSG00000198833,0.031234335969159567,0.03141343828406745
ENSG00000118690,0.6812732744890702,0.5984274905235272
ENSG00000085382,0.42277137090036254,0.2601239572806681
ENSG00000112773,0.07065736743628337,0.06979767140863027
ENSG00000112276,0.13470182834645897,0.09165601453267809
ENSG00000203778,0.28336981471448697,0.26898681185704987
ENSG00000111879,0.789472905021275,0.8316850506084069
ENSG00000009844,0.8604439190143438,0.9129534702521023
ENSG00000178425,0.8524150707640865,0.9441573082510003
ENSG00000111907,0.8354670074331437,0.9378476257008044
ENSG00000153292,0.09387165897124015,0.06126693081554258
ENSG00000066651,0.9581736913979182,0.9884768964999013
ENSG00000124780,0.16286307245925252,0.0850023813544303
ENSG00000124749,0.31529198920336826,0.42067497144411403
ENSG00000112339,0.6586630253185177,0.5790436602177327
ENSG00000164434,0.8541302417374304,0.7496602944180217
ENSG00000111911,0.6078650236145178,0.5276156132659693
ENSG00000025039,0.7499643306827004,0.6012627449130176
ENSG00000034693,0.3884036406072384,0.39535447481310504
ENSG00000025156,0.9841096561967793,0.791580570187307
ENSG00000112837,0.47127754137102973,0.4589063623801114
ENSG00000146386,0.586769222770233,0.7282219816547778
ENSG00000095970,0.3749166550085291,0.38378196336147996
ENSG00000196591,0.5220191769965019,0.5804365710614161
ENSG00000029363,0.771800279981331,0.7889641910452411
ENSG00000112414,0.2424542187293885,0.2319949125758484
ENSG00000111906,0.40327492217827154,0.3661917377150775
ENSG00000188580,0.30761894127290734,0.4628719956571109
ENSG00000188820,0.3844049275842254,0.32669291207841106
ENSG00000112175,0.21152338904139953,0.12313422653525652
ENSG00000168143,0.4851788102744783,0.6953965036037418
ENSG00000123500,0.6044366364328353,0.8201805420043797
ENSG00000079931,0.22452676629893975,0.20731253550102155
ENSG00000112249,0.7587241652924188,0.7491168175160116
ENSG00000198729,0.8967603294498838,0.8910792978213589
ENSG00000096093,0.22915410549463314,0.1196598869242869
ENSG00000112282,0.2507605199732505,0.20452545097028338
ENSG00000146350,0.11972534085322385,0.11536339873509156
ENSG00000198523,0.08805819661973835,0.10203702152521597
ENSG00000111885,0.4992782271004863,0.5184826940031495
ENSG00000047932,0.7516257813348237,0.8384248212394341
ENSG00000155111,0.8436628396957319,0.9249563588871459
ENSG00000168216,0.7043773534005942,0.5668681594696139
ENSG00000277443,0.901825224741134,0.9198290015388585
ENSG00000172594,0.290728251040976,0.1803654215823445
ENSG00000112406,0.5166609265222817,0.3115832189816884
ENSG00000146409,0.23250332120532893,0.26412553097113195
ENSG00000146281,0.23070083468452815,0.28810329240672167
ENSG00000146072,0.882354493410582,0.7917558236564725
ENSG00000118514,0.5383471054791412,0.4525195018925854
ENSG00000111880,0.3524558740160958,0.3346109074677162
ENSG00000119900,0.25584125430025856,0.34783710080431596
ENSG00000071242,0.13285036743187847,0.07768545614210627
ENSG00000135547,0.28891684247113153,0.28334239770971253
ENSG00000124596,0.3213264230799212,0.3249081539940578
ENSG00000285976,0.11519538792658827,0.09506138432199045
ENSG00000123545,0.6626286173378049,0.8719854875347215
ENSG00000189007,0.5162757675305882,0.5563110913394197
ENSG00000132429,0.01910158584103228,0.013568218044013407
ENSG00000111817,0.26211965377847124,0.30611721449175106
ENSG00000135299,0.7924896415174899,0.8410483216020337
ENSG00000164494,0.7416727677715369,0.7517412203329614
ENSG00000215712,0.6888914405312443,0.6445978727275951
ENSG00000057663,0.3560821247210467,0.3667970305403905
ENSG00000112378,0.36203305113622286,0.43636023702168103
ENSG00000111962,0.7183399420286396,0.9765328770038505
ENSG00000146276,0.0087955137149407,0.004013647362442979
ENSG00000131019,0.5942931595984409,0.6869378934635532
ENSG00000051620,0.5620336850732163,0.4430522052399196
ENSG00000131016,0.0032873675271140397,0.0048032953037356356
ENSG00000155918,0.38394987831109717,0.5588560078384885
ENSG00000112742,0.25707336661174895,0.24383993781398738
ENSG00000112306,0.5774792799980083,0.5215921996376096
ENSG00000164411,0.24382439812501577,0.26302501094597736
ENSG00000153721,0.6910484316990535,0.9064978693160421
ENSG00000118689,0.7502393837813022,0.5958682091848935
ENSG00000168438,0.9011114404682551,0.9705693372253178
ENSG00000146425,0.29005928122353725,0.23391059884395562
ENSG00000112769,0.18965948907045568,0.25315329114426827
ENSG00000111816,0.9231517989178963,0.6758173679746411
ENSG00000198719,0.4959752786875089,0.2909211113651505
ENSG00000085511,0.4988130482295703,0.4147483127893399
ENSG00000083123,0.8360781054873958,0.7336962644426679
ENSG00000112531,0.09904338812833038,0.10746717531271904
ENSG00000112031,0.8448488950160851,0.7272433727025854
ENSG00000146278,0.2266964705883426,0.23261195373784957
ENSG00000146374,0.15328704647119304,0.20980502224450792
ENSG00000198478,0.5231505104183961,0.4035945359736137
ENSG00000112379,0.7297263290891776,0.6012764046840172
ENSG00000001036,0.6439045851744964,0.8599358318278029
ENSG00000119899,0.9013875710264162,0.9389678939738616
ENSG00000146477,0.0036900375311918906,0.0020551922502444436
ENSG00000112290,0.07616764826547137,0.12384831629638217
ENSG00000112029,0.7233596329370405,0.8128981094087251
ENSG00000131013,0.7865552194773596,0.9573547230833072
ENSG00000130023,0.37009333329677985,0.529610300986975
ENSG00000055211,0.36972785762702365,0.4366903755177586
ENSG00000203727,0.7560483378658784,0.5039325426248286
ENSG00000008018,0.30133623587441954,0.26679560034492733
ENSG00000146411,0.3699858449917873,0.6165319273809129
ENSG00000111981,0.13116750667660185,0.2098468559241242
ENSG00000112320,0.9529427928854342,0.9658765395729272
ENSG00000026652,0.22378127344534726,0.16873562947760098
ENSG00000184465,0.6975471827435462,0.7214378264793779
ENSG00000175048,0.6174039228922634,0.7719671556772896
ENSG00000154548,0.5485043756610706,0.6761677281717027
ENSG00000130338,0.8934198434619173,0.7711756317248051
ENSG00000130024,0.49253275194369583,0.5058314824560877
ENSG00000146416,0.38151980802877394,0.42872487564169826
ENSG00000186625,0.8566085305336177,0.8592981430269435
ENSG00000074935,0.3064649232569629,0.3325648840253873
ENSG00000135521,0.6570762394156825,0.7020457605547867
ENSG00000164694,0.7635154885853518,0.6103580594763681
ENSG00000135537,0.5874251914701554,0.7062358085632077
ENSG00000118420,0.9003485751820972,0.9267348354282153
ENSG00000071994,0.4118214754967563,0.4756919808669714
ENSG00000112208,0.9019129989563744,0.8378271597921684
ENSG00000198945,0.622130505978062,0.5956142111529232
ENSG00000124767,0.1865511664206786,0.20106724656575165
ENSG00000112210,0.723198306645604,0.9639530998208827
ENSG00000131023,0.4543145963751547,0.3835258136168732
ENSG00000164488,0.5199853168669446,0.6908942720069118
ENSG00000164442,0.022834617114266705,0.01308881003167587
ENSG00000118496,0.7901052485579146,0.6084544139945387
ENSG00000028839,0.6715862395599645,0.810523237300304
ENSG00000118526,0.0024409142594470556,0.0014836837865373818
ENSG00000170899,0.027509826091479266,0.04696848417335755
ENSG00000219607,0.608371295710407,0.7001294216997676
ENSG00000111913,0.44646791292015475,0.33882675933014134
ENSG00000164465,0.004229245445316927,0.009189172509656339
ENSG00000118482,0.6877963039756851,0.5096795092006283
ENSG00000146242,0.7159328709210949,0.821910772409397
ENSG00000189241,0.29417985525262214,0.17249077755400924
ENSG00000124789,0.792721447915833,0.6855918700009767
ENSG00000145982,0.6636885880153742,0.5371392521635747
ENSG00000047579,0.34314591219934165,0.3837014716594236
ENSG00000137393,0.9014915270879467,0.984592185816542
ENSG00000168994,0.29875940039594984,0.24886069841491326
ENSG00000203797,0.09599164089424335,0.04982808439550826
ENSG00000124535,0.11105135340255397,0.12088410205875519
ENSG00000021355,0.17861510623203547,0.2033022686591627
ENSG00000170542,0.07217280341450802,0.07325469846597094
ENSG00000124570,0.18034413563980528,0.14397960817513344
ENSG00000137274,0.5000865026282121,0.40987101009793525
ENSG00000112293,0.05504629872571598,0.07445467933472655
ENSG00000112294,0.8987139332804273,0.8353452929026367
ENSG00000111802,0.6708498913023379,0.7480410980412344
ENSG00000112304,0.47303826625373724,0.5989421478216794
ENSG00000145979,0.37357324631919475,0.3571182417846255
ENSG00000112425,0.7152452157605458,0.5390639581417078
ENSG00000112367,0.2882331068339904,0.1925748155154205
ENSG00000137198,0.5799724209567491,0.9498921549129035
ENSG00000213886,0.023223115923299783,0.03734283330479315
ENSG00000204642,0.1076299405812262,0.14299313188529034
ENSG00000111845,0.050681357463333784,0.03975013535366278
ENSG00000111843,0.9528003833020605,0.8039665284917373
ENSG00000137210,0.486301506302696,0.35254241543492326
ENSG00000146457,0.7488332925538029,0.7551372662728135
ENSG00000120437,0.8526127067447541,0.9351599057951758
ENSG00000120438,0.6968671268788309,0.699905122924873
ENSG00000112110,0.15839417164958336,0.11638131684586579
ENSG00000146453,0.6055547080099362,0.47615439554521233
ENSG00000146223,0.43645910790658105,0.47795186534627376
ENSG00000221821,0.45558966937128786,0.6436103934951027
ENSG00000124587,0.9642372560375002,0.868222127559477
ENSG00000112640,0.6586775682462553,0.6335719068509194
ENSG00000124733,0.10366108499033502,0.10661883729762535
ENSG00000124541,0.3366718142805462,0.24557484380209604
ENSG00000137171,0.9044592144575163,0.770856618673432
ENSG00000112651,0.11759037733835012,0.10354873422987057
ENSG00000112655,0.8974071058014498,0.8165402623344715
ENSG00000112658,0.531822665922901,0.6109157853011533
ENSG00000112659,0.7980270508315499,0.6948243854572037
ENSG00000112667,0.07514169929618253,0.04395206253357497
ENSG00000256980,0.766479114126098,0.7171185698444518
ENSG00000080007,0.44789931133972305,0.4639450850290421
ENSG00000048544,0.6001272620809478,0.6770649752538751
ENSG00000112297,0.3021383802379384,0.2632554625599615
ENSG00000130347,0.8868056163057412,0.9837631816818116
ENSG00000130348,0.5129663146925905,0.6048815423751889
ENSG00000123505,0.10824472267787365,0.09683082676429605
ENSG00000155115,0.31866170740305044,0.18140032004835663
ENSG00000197498,0.06929586003245086,0.05985141829592867
ENSG00000029639,0.729859388269523,0.72854623392746
ENSG00000171217,0.0612106992783765,0.0957517030328038
ENSG00000213780,0.27921491135269066,0.13414017531018907
ENSG00000196260,0.24301078314199281,0.23520584468839578
ENSG00000204542,0.5300726288688266,0.6316608399631284
ENSG00000137411,0.5128470830804777,0.45472239868584463
ENSG00000198818,0.29254519262813394,0.21961112805457328
ENSG00000060762,0.6375855536525856,0.5605698449583999
ENSG00000124532,0.7735675063927803,0.9159244505854008
ENSG00000178409,0.7729257803702285,0.6450119729256085
ENSG00000085377,0.8250032289970215,0.7824702690664168
ENSG00000213079,0.7680724686494728,0.6293750539423613
ENSG00000112144,0.05002029054306948,0.07865008958470125
ENSG00000203760,0.2503293109674939,0.19300187424627377
ENSG00000164484,0.5957538624302243,0.8466165433461428
ENSG00000135597,0.6830240325310026,0.8912694400119021
ENSG00000112584,0.15847376693040324,0.30919092604030685
ENSG00000096060,0.18039931206309726,0.12153854323741543
ENSG00000111863,0.6540657248388567,0.5687873410363344
ENSG00000214113,0.3380075455825629,0.32545210091291027
ENSG00000124785,0.2602589570344206,0.28638624239641575
ENSG00000124491,0.006327909012551324,0.007685952822584188
ENSG00000024862,0.9880164631109221,0.6926557086247465
ENSG00000243955,0.12470740618109688,0.2098386681465737
ENSG00000112343,0.9337650918722258,0.7611767382844152
ENSG00000286522,0.7303922304041006,0.7857002489123288
ENSG00000187837,0.74681820007011,0.6664125892725199
ENSG00000168298,0.5503948115074516,0.7912122923269151
ENSG00000274290,0.4389874110350426,0.31607013303656023
ENSG00000198563,0.8123441103272703,0.884857929761204
ENSG00000227507,0.8298495670519264,0.7126135145564183
ENSG00000204482,0.32747007913722564,0.3031787122930813
ENSG00000204472,0.28081842077016983,0.2790246799568041
ENSG00000204439,0.7244801322785945,0.9767950648704543
ENSG00000204438,0.8266454772305007,0.7390855822997473
ENSG00000204427,0.3224289112804041,0.27875629121367546
ENSG00000204421,0.6205635449249887,0.6794295302493496
ENSG00000213722,0.40608889506531265,0.4609405486457371
ENSG00000024048,0.8582085025201591,0.688921170378407
ENSG00000124659,0.1829019680205503,0.3281757173976754
ENSG00000112357,0.7708040978319404,0.7128810431146038
ENSG00000242574,0.40484452723750664,0.2132176509449756
ENSG00000204257,0.6718709741968003,0.48788897318223334
ENSG00000180992,0.2861079628023116,0.2729257378148804
ENSG00000137216,0.32800899751096135,0.27511945400740623
ENSG00000171453,0.10547282634682013,0.10781166461088448
ENSG00000137207,0.5713676043659647,0.3965629318657372
ENSG00000124571,0.5829825053451044,0.585944787002062
ENSG00000170734,0.8516942426727617,0.7328258318184719
ENSG00000172432,0.9748361083777197,0.8216503304866868
ENSG00000124688,0.1301155204508191,0.177851595101271
ENSG00000096088,0.0350182169300136,0.013389729300775968
ENSG00000137218,0.9671786079276266,0.8501212434155943
ENSG00000156508,0.8802592867486633,0.9695492710487621
ENSG00000204394,0.17663339539344522,0.1808525841318781
ENSG00000204392,0.15591265447994537,0.10729050318914866
ENSG00000204389,0.9272044767935718,0.8621707911707875
ENSG00000204388,0.5099789388301206,0.5689713428888805
ENSG00000204435,0.5854604005461119,0.47878286225290756
ENSG00000197081,0.8009067692715337,0.843966175826282
ENSG00000112561,0.6326180348346244,0.6231989401470367
ENSG00000135316,0.7479717587987572,0.7463453674525571
ENSG00000204592,0.37949519352175176,0.37567807085844185
ENSG00000204569,0.33326824425576707,0.22130644085162077
ENSG00000204568,0.7180892440838166,0.8638093532678559
ENSG00000204564,0.6393373068481556,0.7432376118759805
ENSG00000204560,0.24519347303682362,0.2559899988630604
ENSG00000204574,0.8594939338076355,0.8918805628909208
ENSG00000082269,0.6827568749015156,0.6688617220724014
ENSG00000183137,0.9452319563785389,0.8920982413627513
ENSG00000124786,0.06505033008151574,0.07149642251056056
ENSG00000047936,0.016667192946527992,0.0043146351574381
ENSG00000214736,0.03337060495999934,0.026208267526914276
ENSG00000152894,0.13800547195663848,0.12062972608767114
ENSG00000096006,0.34227707732166024,0.266290391235309
ENSG00000120254,0.2683015775377116,0.35964313870967246
ENSG00000096080,0.17112617677959913,0.16920354566987234
ENSG00000112146,0.27048837160093525,0.30332073007377547
ENSG00000137203,0.6600059417583688,0.5391020220751321
ENSG00000112782,0.0066840792476652935,0.0015889358599782577
ENSG00000137275,0.09173776683250026,0.0628821018567805
ENSG00000225921,0.8557985130791835,0.9242827770924359
ENSG00000010017,0.7555803777280778,0.8726500563856799
ENSG00000130340,0.02719807370597761,0.029074566320797707
ENSG00000078269,0.30708202970220977,0.42702771080859114
ENSG00000156711,0.21671139997110303,0.14927984914589154
ENSG00000096070,0.629486467421597,0.6360985940902262
ENSG00000010030,0.85065477034498,0.9408030606380625
ENSG00000137200,0.7794984352275525,0.8184132721507255
ENSG00000198937,0.739883259569245,0.6390031546342746
ENSG00000112139,0.6078964497415348,0.8684434502134982
ENSG00000124523,0.5664838019609837,0.718334307690034
ENSG00000241106,0.3897205981614925,0.135259000441725
ENSG00000250264,0.19435060487501074,0.2524699210145039
ENSG00000240065,0.8629210041061253,0.8785558591338055
ENSG00000164430,0.18213598828379557,0.20335427544769796
ENSG00000010704,0.7047095451627616,0.9354509417483563
ENSG00000135541,0.48610733003980333,0.4059988828032257
ENSG00000135334,0.4651828788494953,0.31622426736877635
ENSG00000135336,0.900661725309459,0.9721936831726705
ENSG00000137261,0.8912744989756181,0.704091813552743
ENSG00000112308,0.12192497640724528,0.11179510911992277
ENSG00000112312,0.22809665822522926,0.1871811897733997
ENSG00000182952,0.9126472012793458,0.9186257117072286
ENSG00000278677,0.41501384258306273,0.2944592201970719
ENSG00000274641,0.6576470924411078,0.6114680697995037
ENSG00000066379,0.29690803692076384,0.3479670037904542
ENSG00000204619,0.6619818887949125,0.7434745055607672
ENSG00000204385,0.42471926201575294,0.42326301310430525
ENSG00000213676,0.3247118466471341,0.36279214050357933
ENSG00000204315,0.10034311328551507,0.07909555414523638
ENSG00000221988,0.6329833262549491,0.7009977615403635
ENSG00000204310,0.7853992712618422,0.9734382798751601
ENSG00000204308,0.9388692935437671,0.9097487613175855
ENSG00000204304,0.2107690046687712,0.18496235585625342
ENSG00000213654,0.21516593358722869,0.19871108039784963
ENSG00000204287,0.0742393101754607,0.041954246768128624
ENSG00000146112,0.6285024488342327,0.7682392983519373
ENSG00000196230,0.7015146614608329,0.7279763580317986
ENSG00000137312,0.002741532560370068,0.005033945810410815
ENSG00000137331,0.2446658710165275,0.2031295453742442
ENSG00000137285,0.6980071163193392,0.9687294442380135
ENSG00000180822,0.10985338938704506,0.13565192143349697
ENSG00000137266,0.6477632689231149,0.5703290931452513
ENSG00000137267,0.8337507702702454,0.6656142510981091
ENSG00000111799,0.7767546752890809,0.8875436739775913
ENSG00000112697,0.5291611629730781,0.6588038739592603
ENSG00000146197,0.11166999681006536,0.14235505690191114
ENSG00000065029,0.8909650367321018,0.8850680840997898
ENSG00000112033,0.21840470500889966,0.16803467838203734
ENSG00000198755,0.29933644698671436,0.3231683859925649
ENSG00000007866,0.5945121449992201,0.5770233211274116
ENSG00000130363,0.7909693098731123,0.7448119057830203
ENSG00000164691,0.37880598916994357,0.311444307446134
ENSG00000146267,0.05558515608542193,0.1371263333568852
ENSG00000132423,0.07699300035554096,0.1309623670755078
ENSG00000132424,0.7857492428841424,0.93441225786449
ENSG00000123552,0.4167336853797652,0.44539294365572935
ENSG00000279170,0.16093881341453758,0.19221255219296518
ENSG00000112237,0.8776414180777594,0.7781994173597173
ENSG00000153291,0.3405725087658289,0.17914341951159343
ENSG00000146070,0.9667664011947197,0.9678468826039115
ENSG00000069122,0.017987602921390497,0.013995651128130658
ENSG00000204356,0.8512393749602455,0.6652880554705559
ENSG00000204348,0.4921978295597369,0.3608666965842543
ENSG00000224389,0.8976310633733874,0.5272264000363422
ENSG00000180573,0.6022396944006109,0.5442246158776948
ENSG00000282988,0.925463114922558,0.914491113528888
ENSG00000197409,0.9992707215512753,0.9511133318725633
ENSG00000186470,0.38690871205929067,0.26832497836528385
ENSG00000124508,0.83348958287923,0.6581697852357931
ENSG00000026950,0.3191719773436121,0.30871254182797575
ENSG00000111801,0.6962456319579043,0.7131130166189288
ENSG00000111875,0.5200771284683329,0.6249748281293738
ENSG00000111877,0.702711020291214,0.5516412419512602
ENSG00000135333,0.10823083012683495,0.0960428508499137
ENSG00000135297,0.9252464377630513,0.9397611714827715
ENSG00000124588,0.5538945597964511,0.5310810946579716
ENSG00000151917,0.6642828136097989,0.7012570436759712
ENSG00000168116,0.7815743932308041,0.6778290429427525
ENSG00000197062,0.7454142307566504,0.9585300814683321
ENSG00000164674,0.17699179803309584,0.160696178805819
ENSG00000186340,0.23349852687235745,0.31298526737868104
ENSG00000203907,0.4628894010079354,0.46784850501260167
ENSG00000204520,0.38717895645011213,0.3354830592551252
ENSG00000112739,0.6670019430313332,0.75336187034949
ENSG00000198721,0.4418439027104929,0.5675288228236444
ENSG00000026297,0.7330301265743313,0.7862440528272051
ENSG00000181472,0.7539243669041771,0.702668621371761
ENSG00000155906,0.3033278132423829,0.2936883272880409
ENSG00000146476,0.8332480757137671,0.7490328698511184
ENSG00000183807,0.12660632663158375,0.0915955651575285
ENSG00000118523,0.04827012715454778,0.0631434975850808
ENSG00000118518,0.09675585815015886,0.0908729021457884
ENSG00000198315,0.9426031150993778,0.7472596576863961
ENSG00000118432,0.7678446444501386,0.46076804661351867
ENSG00000204252,0.6310485462013202,0.45123268954842977
ENSG00000223865,0.054352802174406877,0.024872302219301114
ENSG00000204231,0.1744683364017585,0.19314339999555696
ENSG00000204228,0.1783323973324275,0.20673583737263412
ENSG00000204227,0.13620311744035993,0.06574975649129493
ENSG00000223501,0.03256269234125022,0.04877313472992363
ENSG00000231500,0.05009789450091893,0.04259069575701017
ENSG00000227057,0.9304499838196434,0.9556917720777548
ENSG00000204220,0.22272416814111254,0.20801157533292497
ENSG00000237441,0.005321795022522746,0.005751520359899343
ENSG00000236104,0.6945939570870187,0.7271481664402172
ENSG00000146215,0.04311150328933457,0.03937728571754464
ENSG00000237649,0.26881148305441493,0.22839998036942716
ENSG00000112511,0.13786072497904822,0.23435307268229194
ENSG00000112514,0.12769158287109802,0.09314076968081572
ENSG00000197283,0.9632634617607464,0.8888077575047764
ENSG00000213588,0.21499959108048491,0.2203737811582035
ENSG00000120253,0.7803683871999266,0.6706547943483152
ENSG00000120256,0.5496915071602744,0.552861035316838
ENSG00000203722,0.9869697406244726,0.7684702920087553
ENSG00000131015,0.9885825823129643,0.928798116022631
ENSG00000135317,0.3894550775595067,0.38432369867417304
ENSG00000164418,0.4273078576380436,0.46240293530875987
ENSG00000124788,0.5286719430075983,0.4877032032660995
ENSG00000096696,0.3482287582160385,0.3907209852410991
ENSG00000168566,0.5157741496246853,0.46880910892785155
ENSG00000112578,0.4069457361455485,0.43989988493808296
ENSG00000112576,0.4246458708072144,0.40717039279469414
ENSG00000001167,0.9693855339504855,0.8826639766808236
ENSG00000146373,0.4778822071860128,0.4197408606181614
ENSG00000204580,0.38024924800227866,0.35627337469384823
ENSG00000235109,0.49177843349526107,0.5676337668484039
ENSG00000053328,0.3508591048784734,0.30207272464132834
ENSG00000135525,0.8436881215816887,0.862206249235726
ENSG00000016402,0.6846736534449531,0.635404475635736
ENSG00000118515,0.08928824697761746,0.13431658104065516
ENSG00000204590,0.5369342055552306,0.6605775978733144
ENSG00000172469,0.8527964767034174,0.7891548463247625
ENSG00000135318,0.1630838816508624,0.1734372670415889
ENSG00000137338,0.7836368358350005,0.9528226192522442
ENSG00000137404,0.9760346411008888,0.7290738667021401
ENSG00000155085,0.43185700799682336,0.33492125422507846
ENSG00000274750,0.3835936478217168,0.2843552659124388
ENSG00000137434,0.06322995207063631,0.03807938401515773
ENSG00000112245,0.5068443849409817,0.5042764295540405
ENSG00000158691,0.9648152773705246,0.8617002022056885
ENSG00000146433,0.8511569793533992,0.8454637519141427
ENSG00000014123,0.5365623232620724,0.4577496957402837
ENSG00000122335,0.8096514578631058,0.8608416473429911
ENSG00000272047,0.22916944679874526,0.1340764698815022
ENSG00000185760,0.08139229025971989,0.10725719965378122
ENSG00000241370,0.8942926775331256,0.6936431965752244
ENSG00000197238,0.46062785251660854,0.5320705116052921
ENSG00000273542,0.22980284116331479,0.22209278505510283
ENSG00000112799,0.4618337507410162,0.4211138266955705
ENSG00000278828,0.21466112488743858,0.17349129953374282
ENSG00000204525,0.3620160999847557,0.2992805959536891
ENSG00000146376,0.06066182613259279,0.037966850603525726
ENSG00000231389,0.03857395160091962,0.035437275720284385
ENSG00000198502,0.46130052443684877,0.325453612602494
ENSG00000196735,0.826326361761475,0.8660523206416354
ENSG00000179344,0.927558134153808,0.855720865303758
ENSG00000196569,0.1858770205945176,0.19503803861503666
ENSG00000196586,0.20164412041140692,0.13521014127399647
ENSG00000137337,0.7276109235619157,0.8005174240216225
ENSG00000112592,0.2661720076741224,0.2988677146430323
ENSG00000204305,0.12764557428648526,0.048150880677420384
ENSG00000111961,0.7375551598497809,0.666465595322406
ENSG00000112242,0.753627422733347,0.6398877021478655
ENSG00000030110,0.45752729118383506,0.5104814407094604
ENSG00000172348,0.04575751964448981,0.03673178527340121
ENSG00000124782,0.30444532295808957,0.26313685040405
ENSG00000112761,0.7859060279306299,0.7135257554290917
ENSG00000204531,0.8053742231473765,0.788771029654266
ENSG00000112562,0.8566130083000045,0.9680129948052327
ENSG00000112394,0.3599589227614969,0.515561503131499
ENSG00000137161,0.7366078547112984,0.7231003588417684
ENSG00000124702,0.30480927252932344,0.3209229571449719
ENSG00000118513,0.9008636273370594,0.6035480819071501
ENSG00000092820,0.9640682828876002,0.9474519642078677
ENSG00000111846,0.9282882508751354,0.8712599846141513
ENSG00000118495,0.7347641765323871,0.49983931398996073
ENSG00000124641,0.4015743070740364,0.398578084303857
ENSG00000112530,0.7017973553933989,0.9020810587208845
ENSG00000135540,0.5392717302540078,0.3023154300528724
ENSG00000197261,0.6393520837588249,0.662364763179504
ENSG00000112624,0.4008653018752798,0.29585717977001214
ENSG00000196747,0.6652994938437391,0.5348163554980159
ENSG00000273802,0.9889511501225355,0.8948692327533707
ENSG00000277224,0.9713866813363705,0.8321381598574598
ENSG00000275713,0.013957573623406428,0.01638107038987238
ENSG00000180596,0.9250068362126412,0.7488533405841078
ENSG00000276966,0.4524030523244411,0.3414972235539619
ENSG00000158373,0.4254806434706222,0.33638952340422773
ENSG00000120279,0.011838824099282453,0.007424098547467996
ENSG00000164663,0.5925737186676951,0.7630269199456914
ENSG00000197279,0.2769400780569151,0.3578798858103043
ENSG00000044090,0.9544289435015014,0.9021319478660801
ENSG00000153294,0.9404149769219403,0.8205298034712072
ENSG00000196812,0.4756005662021153,0.6596639286600577
ENSG00000137185,0.9065198196600472,0.9685938624230065
ENSG00000187626,0.317983067525914,0.39298868069856585
ENSG00000124635,0.7721487673120592,0.5886071723063233
ENSG00000196787,0.3326751704628118,0.2701345719513845
ENSG00000276180,0.08251934539258804,0.047659022296743514
ENSG00000197903,0.28854432906752364,0.20433775223453363
ENSG00000112812,0.28485664675006617,0.16557029859474992
ENSG00000124613,0.843976304618736,0.6882409656065331
ENSG00000096654,0.39072819078656984,0.4640086848568149
ENSG00000137413,0.8466459737810423,0.7860191788515326
ENSG00000064995,0.05821813534362942,0.07838174897986501
ENSG00000111850,0.43662614480396866,0.46509302068126535
ENSG00000164414,0.05915858627604402,0.07734928899367473
ENSG00000146282,0.4853375181811277,0.4243484474721121
ENSG00000146414,0.7239274878143832,0.5561143081374273
ENSG00000164520,0.4088594017908139,0.38993302695369547
ENSG00000112186,0.5796751615321365,0.5824586795770298
ENSG00000137414,0.41857667735544213,0.350197893288528
ENSG00000112137,0.028801040479066176,0.009661152002862912
ENSG00000112559,0.13739072402262922,0.14585937701334156
ENSG00000203877,0.2682151301334008,0.2425859388066771
ENSG00000172673,0.6714195943629816,0.938078526320093
ENSG00000050393,0.6326615632582078,0.6788202970214836
ENSG00000112419,0.18427842390627908,0.22111887735601313
ENSG00000204536,0.8735057844229523,0.8974496413421584
ENSG00000074706,0.7307025823063036,0.524701579663187
ENSG00000204463,0.3575777836343551,0.32462444607592505
ENSG00000080546,0.9558031233535759,0.7971140824230418
ENSG00000112486,0.27494956812020094,0.17108786575587856
ENSG00000124762,0.013254982944807677,0.015216460863857577
ENSG00000137168,0.5709136052964786,0.4475634398920548
ENSG00000198663,0.4606522012260803,0.5375008248082305
ENSG00000137409,0.9025343933475014,0.9552654163470455
ENSG00000137193,0.2257253031247223,0.14839060978074953
ENSG00000112182,0.5746083820859635,0.881074580724257
ENSG00000124496,0.8013141974886485,0.7962603230044616
ENSG00000112299,0.9777497733059243,0.9534961711204019
ENSG00000112303,0.8812009067412451,0.7638473106645625
ENSG00000188112,0.7540301665602198,0.8651362606376288
ENSG00000213719,0.6356312958545334,0.7281002071181106
ENSG00000120278,0.87911480792957,0.759330521493295
ENSG00000234745,0.3718095919775778,0.2914284186784985
ENSG00000111897,0.05920388300838311,0.045070575524411426
ENSG00000135549,0.6513277919906375,0.8583667314800801
ENSG00000204140,0.9273833019275722,0.8356246337663817
ENSG00000197753,0.923153136553428,0.9052777135858033
ENSG00000096063,0.3595130450661924,0.3683840633015054
ENSG00000189298,0.754664032094309,0.7025089194694007
ENSG00000112679,0.014289662085745973,0.015204275865891955
ENSG00000137265,0.20459278086363297,0.12213326914896348
ENSG00000027697,0.24796854238683932,0.324058145996012
ENSG00000001084,0.6473539118434735,0.7828640107492939
ENSG00000204264,0.9839729571847009,0.983817948986865
ENSG00000178033,0.8706374427142018,0.735255518272377
ENSG00000111832,0.5742167626396535,0.5183693728996623
ENSG00000153975,0.7964424247670033,0.5655040059861718
ENSG00000196911,0.7291902947324518,0.5977211279953225
ENSG00000204351,0.8402100547463738,0.8957713996647534
ENSG00000025796,0.14445707823140258,0.12108006203840302
ENSG00000146263,0.8122050033852736,0.8489052199101829
ENSG00000204498,0.6081509064194095,0.6446555762501026
ENSG00000146192,0.27394280742193666,0.18688609784464827
ENSG00000118503,0.5856947743379839,0.6569206591138763
ENSG00000169976,0.46625525634653486,0.46890641571596003
ENSG00000135604,0.2974850996771752,0.12773885581624891
ENSG00000083097,0.19932018792293327,0.1937483765410634
ENSG00000013392,0.5734874114775705,0.4958740329871748
ENSG00000168394,0.7917342554850223,0.7609912200795133
ENSG00000135535,0.8089782398554702,0.7250235023323282
ENSG00000185250,0.9396500073788464,0.8330346672051163
ENSG00000135587,0.717359533529365,0.6292874159627855
ENSG00000135596,0.19927899841323823,0.15677892181774655
ENSG00000112365,0.9281552525254104,0.9656850563430431
ENSG00000013375,0.13948040773884698,0.20505628474402668
ENSG00000243649,0.8005715766889272,0.6262482020315683
ENSG00000112473,0.6714091939741353,0.5072659386319771
ENSG00000112695,0.8695757007992979,0.8097660543070191
ENSG00000124562,0.029801390832363307,0.015921617059899612
ENSG00000065060,0.3299560026525962,0.2926990759808342
ENSG00000064999,0.8197068649186113,0.9148447890895199
ENSG00000096092,0.018480546197639232,0.016900817921872636
ENSG00000244067,0.7254493834571853,0.869790299566208
ENSG00000197442,0.5285342734361901,0.5133011232921157
ENSG00000023892,0.3702747911477722,0.3907287471974694
ENSG00000112039,0.05559805862352655,0.10085203232595831
ENSG00000112335,0.6994070146260414,0.824459735198346
ENSG00000081087,0.06033618360930162,0.06705789274785301
ENSG00000244731,0.2830181113083356,0.17132299000645984
ENSG00000231925,0.19726113560503042,0.10317468922749867
ENSG00000056972,0.8127256418620248,0.9719570453695316
ENSG00000135346,0.17398057680905027,0.12887425453639512
ENSG00000112118,0.3715110043683184,0.40148285695208663
ENSG00000135314,0.42885864294152665,0.5352966303923116
ENSG00000137221,0.46073559551346066,0.6022909176777593
ENSG00000196126,0.6433564780174765,0.6943311213251713
ENSG00000185127,0.8048898753062416,0.8623412317381991
ENSG00000204599,0.49911807422113097,0.5366228642707391
ENSG00000240053,0.7240719488533615,0.7643038343701625
ENSG00000204371,0.7420836496256779,0.741768009635932
ENSG00000277075,0.3372212945072624,0.23364422936273566
ENSG00000188994,0.9174786296737959,0.7858694524411401
ENSG00000146243,0.9565848069688937,0.945014875339409
ENSG00000130396,0.4406167938552997,0.29243556854085073
ENSG00000146247,0.7605652646916701,0.900061559245377
ENSG00000083099,0.9587916581172417,0.829122085233965
ENSG00000079691,0.9265169899610407,0.920467525662618
ENSG00000112159,0.9506822432809704,0.9918758908786606
ENSG00000135341,0.6317909610592134,0.6069749820885314
ENSG00000124772,0.5826087837422181,0.5188502980107192
ENSG00000055208,0.04131021450638838,0.03630940017771911
ENSG00000093144,0.10197120556363347,0.05486978952203159
ENSG00000048545,0.46593605051741216,0.39053221364154644
ENSG00000153157,0.8461109352780947,0.7724438664403976
ENSG00000197977,0.1805379813440552,0.22226212399014383
ENSG00000224531,0.34550613633256233,0.3442215948890468
ENSG00000079689,0.9608173087238424,0.9244411358838248
ENSG00000112167,0.41169196974300826,0.48208978440718
ENSG00000164626,0.1100265601830297,0.10520439387604927
ENSG00000161904,0.842094376340621,0.7383291632351608
ENSG00000184530,0.31668922940366034,0.22156115374338328
ENSG00000186577,0.9621728261448956,0.9229193827672609
ENSG00000272325,0.9745098927082874,0.869369760519755
ENSG00000137309,0.49790861051282553,0.48290749974313696
ENSG00000049618,0.7670530963416516,0.826322273444793
ENSG00000010818,0.7631135126792047,0.6845928735933118
ENSG00000131018,0.3583908663405272,0.282937091593694
ENSG00000270800,0.18523279995780506,0.08577215140925784
ENSG00000124614,0.15434441071561905,0.14820015129405506
ENSG00000124664,0.06334120723138333,0.058864494488570104
ENSG00000196821,0.8272959593399789,0.8105693958868136
ENSG00000137166,0.5244773925293735,0.5475904639170319
ENSG00000204267,0.49790789735880314,0.3194309059409814
ENSG00000166278,0.03217799939125432,0.015807466274175386
ENSG00000213066,0.9439527239365633,0.9422522937168244
ENSG00000152818,0.1335054289811833,0.09158401469764008
ENSG00000204209,0.8466158318011852,0.6382490563183777
ENSG00000151914,0.8468967498490393,0.9235514772916676
ENSG00000112200,0.7947360791895718,0.6167353784296623
ENSG00000112062,0.6045763633948593,0.609116589149509
ENSG00000112319,0.4030680142064297,0.3151106073921229
ENSG00000079819,0.7778803067427633,0.8013799577292533
ENSG00000010810,0.40235264399364545,0.3930482979208215
ENSG00000204681,0.4969879235174741,0.5168505738500974
ENSG00000204469,0.7353376374635836,0.808709341361268
ENSG00000118508,0.2022838809182998,0.1755783706628762
ENSG00000118418,0.10391469317099879,0.13856822293888993
ENSG00000164506,0.6264764825255003,0.5894681143663536
ENSG00000206503,0.0988136550120005,0.11464432062104843
ENSG00000204256,0.31600580049985766,0.3387882738495671
ENSG00000118507,0.5183397030098856,0.44258119398930573
ENSG00000137310,0.6126257895560858,0.58059895924861
ENSG00000120265,0.3034381496043451,0.33669724553464153
ENSG00000112715,0.5726317096894871,0.6290289862137786
ENSG00000141934,0.9750453844274443,0.8277007317676176
ENSG00000099812,0.03308866837818545,0.03213564036480146
ENSG00000064687,0.6827438684124354,0.7244725725311765
ENSG00000116017,0.7611286742166142,0.7189798902472251
ENSG00000064932,0.03802303514964772,0.01771186181119929
ENSG00000064666,0.5877815115512337,0.4810907456805448
ENSG00000104953,0.9144763450426495,0.5955390021877238
ENSG00000099864,0.531555921124178,0.4348849773015364
ENSG00000125910,0.1883332245276607,0.12027637522923082
ENSG00000125912,0.7795618692122528,0.8611245487811161
ENSG00000011132,0.8938101613874146,0.770503477546503
ENSG00000105289,0.013379736358551886,0.009983991253568855
ENSG00000095932,0.2637986199802359,0.3106065196423318
ENSG00000167476,0.9707718239403127,0.902178468816674
ENSG00000141905,0.7794040394172553,0.7733006420952004
ENSG00000031823,0.45042731553221194,0.6653751327252144
ENSG00000176533,0.6071791215372473,0.4713877691585491
ENSG00000105248,0.19516819332083588,0.30436201967812027
ENSG00000060558,0.1996831675609885,0.19366871871369556
ENSG00000160633,0.47128965427841296,0.5220127246585515
ENSG00000105519,0.9461868969200211,0.7416791112493822
ENSG00000171105,0.5242745797290036,0.3955557268965689
ENSG00000127663,0.8433008012622849,0.6259846586935057
ENSG00000141968,0.28540053929925896,0.23550360268090492
ENSG00000174837,0.07533684240745982,0.0617745862352633
ENSG00000175691,0.10480768409876261,0.16003530470605448
ENSG00000088256,0.7593694511743302,0.7673499016167886
ENSG00000133243,0.43452781389899486,0.42817558040977655
ENSG00000007264,0.4163330129009494,0.36988325543111555
ENSG00000142347,0.2555844799377526,0.2066869255468828
ENSG00000182087,0.8372305156261404,0.8420498140987762
ENSG00000065717,0.5959925246116095,0.6422232141311028
ENSG00000183617,0.15912978149613374,0.15795280840628798
ENSG00000129932,0.303692846827823,0.32367617617126787
ENSG00000167785,0.45412060430598733,0.7185414017187355
ENSG00000142303,0.6955024314812975,0.6317742190859064
ENSG00000074842,0.711280007402479,0.8362957414947436
ENSG00000181143,0.31484723645654844,0.28393034267982126
ENSG00000065989,0.06622570592546265,0.08418763101264472
ENSG00000105401,0.4824275631058118,0.5107757655758057
ENSG00000197933,0.7924616231642335,0.7041918810141368
ENSG00000171295,0.7479803169343895,0.5997653605939133
ENSG00000197044,0.8032682950447353,0.6414008624911582
ENSG00000123136,0.130226312224661,0.0960394521119093
ENSG00000123146,0.07683924666058849,0.07458556800335926
ENSG00000105137,0.3340561787167644,0.46624987375163573
ENSG00000127507,0.17160994473745406,0.19133072858214975
ENSG00000123159,0.8347397570315208,0.7730166135405225
ENSG00000186204,0.3526359954279217,0.5519176706047726
ENSG00000105135,0.4335150854571348,0.41044869095827163
ENSG00000198551,0.4685473610299207,0.6059695564431213
ENSG00000160961,0.34248149018158086,0.4947215283277301
ENSG00000099330,0.11920537786882661,0.22104743754129225
ENSG00000127220,0.8452269127426897,0.8758876323366717
ENSG00000127527,0.5335686788033591,0.5644458567159985
ENSG00000130300,0.47350051453255115,0.6814749502617506
ENSG00000105141,0.25611132264720515,0.32443138573520813
ENSG00000160117,0.0519748972929926,0.03929791791164387
ENSG00000064490,0.9020972611057098,0.7768673466229954
ENSG00000130299,0.31743627366217564,0.3154940395314006
ENSG00000074855,0.3703020012865641,0.38945296511912453
ENSG00000258674,0.7742584896482645,0.824349746980707
ENSG00000105058,0.169553111626659,0.20325698724901203
ENSG00000105393,0.22575103065404764,0.11154986419086114
ENSG00000186010,0.6766405303583469,0.7985881530836192
ENSG00000105705,0.7637834085697083,0.8551466586699059
ENSG00000105122,0.7862010383578828,0.930223086766585
ENSG00000105750,0.1992261123515919,0.1533932841522048
ENSG00000160229,0.9453458685069652,0.887278073659219
ENSG00000105072,0.8369549674788761,0.6847128369711826
ENSG00000171954,0.6531487105575453,0.4983555948357148
ENSG00000130307,0.2314895796645522,0.21789666735445776
ENSG00000256229,0.35042267498934976,0.28019666384521347
ENSG00000197124,0.5287701507743651,0.33860821763132004
ENSG00000085872,0.6384828737657611,0.7967119925656967
ENSG00000160352,0.5002496128027851,0.37612534081538684
ENSG00000160161,0.12156001201110074,0.13509809444767426
ENSG00000105662,0.10700642635312539,0.09625399650463273
ENSG00000167487,0.9445396306420405,0.9334962386241036
ENSG00000127526,0.8998340215833046,0.8683975496276335
ENSG00000064545,0.5497120427751072,0.533984282408529
ENSG00000105676,0.5244131699143577,0.5237041711435301
ENSG00000118620,0.21017496626240223,0.12224419226789143
ENSG00000167232,0.1524443457180791,0.1008545079586888
ENSG00000186529,0.5692446863173892,0.828679630841461
ENSG00000197372,0.20083606649711416,0.16080160204944136
ENSG00000130311,0.7453305727559526,0.7163462477415277
ENSG00000064607,0.8710703497148333,0.9889572365367878
ENSG00000213999,0.349492303380167,0.23653732428743066
ENSG00000196705,0.3114269899680501,0.20220395806091698
ENSG00000182141,0.12072904973159272,0.08478539223444698
ENSG00000183850,0.11689184478413334,0.07189256745472727
ENSG00000283201,0.2730298905576987,0.20620031360528165
ENSG00000121297,0.6877658652426636,0.7585768783155792
ENSG00000130304,0.1319339532033137,0.0961530168743043
ENSG00000126249,0.7968927899916772,0.5946196065025149
ENSG00000161249,0.8896112485946932,0.9500098009609891
ENSG00000142279,0.18401607764304945,0.20085231669212375
ENSG00000196357,0.3128002069414548,0.3983381561589685
ENSG00000161558,0.5265276416067141,0.5775397396008408
ENSG00000237440,0.3709035022297148,0.24100876603604426
ENSG00000267041,0.9219202068892273,0.8533346295909215
ENSG00000204920,0.7204444763938418,0.6078089119121757
ENSG00000167637,0.5836364050333973,0.46823659747650026
ENSG00000176222,0.6811154151977465,0.8023671101059794
ENSG00000105176,0.7126666459786108,0.7486092322505117
ENSG00000159882,0.7864969899969032,0.9195951755089473
ENSG00000124459,0.6417744294223492,0.8117435224402046
ENSG00000131116,0.653392135023819,0.7595060801916095
ENSG00000159885,0.8262195000964483,0.7154477100114753
ENSG00000131941,0.2512294160279151,0.35538851625220547
ENSG00000269858,0.7501211826790313,0.9009798518813059
ENSG00000105767,0.2632859753775627,0.33072369517737266
ENSG00000105738,0.9841277525392969,0.9013911671569669
ENSG00000168813,0.6238978999579343,0.6135716775131027
ENSG00000011422,0.09965864722878456,0.0870680097321795
ENSG00000178904,0.281493694860484,0.4890862892852754
ENSG00000105771,0.6198449302290463,0.5873612493110304
ENSG00000255974,0.855319019179694,0.72334283197375
ENSG00000099326,0.979489181380124,0.8719093607246153
ENSG00000268533,0.8703494493522075,0.611076821333695
ENSG00000189114,0.10512849743643964,0.20879869209166285
ENSG00000186230,0.21794558635513028,0.1897250653800877
ENSG00000161281,0.10903320051383869,0.18309606301892212
ENSG00000134830,0.03450739972285139,0.045355603211039215
ENSG00000105220,0.31095021480269636,0.3088414496274835
ENSG00000126261,0.23329984113989016,0.17219460021419652
ENSG00000197050,0.7423427885749903,0.7947569520352513
ENSG00000196263,0.27735213669565884,0.2722017479640161
ENSG00000197446,0.8554701399860081,0.8027841159061149
ENSG00000159871,0.5779888628949782,0.33823079557823554
ENSG00000196867,0.12145494851656502,0.18420358278582416
ENSG00000188508,0.4520540478923982,0.6427801129076536
ENSG00000197016,0.2821788931291666,0.3284895398694626
ENSG00000083828,0.9923913725295479,0.7227544472340091
ENSG00000159917,0.5859110373162972,0.45966833928561546
ENSG00000171606,0.5795592729050697,0.5672899652598571
ENSG00000105173,0.26403915150924623,0.35659325943223097
ENSG00000243137,0.24880386069737903,0.2560194855340641
ENSG00000083844,0.2165306097276198,0.2437798358756069
ENSG00000161243,0.5392200161601695,0.6002003216872192
ENSG00000121289,0.202280287059544,0.20447846702940783
ENSG00000204524,0.7335171650354673,0.8102592620630028
ENSG00000204936,0.08735680226378931,0.10488336131307352
ENSG00000167578,0.8311771166225842,0.6862649423698788
ENSG00000105063,0.40475983540647753,0.3723859121026307
ENSG00000197714,0.986726126779929,0.9648889363644007
ENSG00000133265,0.6651836427272688,0.6147374105412391
ENSG00000178229,0.720864129240016,0.488523043803629
ENSG00000169021,0.31491840337060284,0.2142038724576677
ENSG00000063127,0.8054382630915089,0.6201902796468004
ENSG00000160469,0.6689317780533468,0.8100691622708105
ENSG00000256060,0.9246244017842508,0.8982682357419003
ENSG00000197405,0.06829410312903716,0.045445700178337836
ENSG00000125503,0.7996454401185804,0.6937907416159146
ENSG00000104894,0.3223205179875374,0.27066110914324293
ENSG00000254901,0.7761824995815254,0.8948853889096833
ENSG00000188785,0.9733247721964359,0.8290685709624486
ENSG00000012124,0.736053250565089,0.6619293858625606
ENSG00000104901,0.6485675794298751,0.7083601419969002
ENSG00000129990,0.7275315578036532,0.9011550449590174
ENSG00000104866,0.9238091792731276,0.9753435840621568
ENSG00000080031,0.7037738464844643,0.7838422340901166
ENSG00000105171,0.4575569934959568,0.5515012941252353
ENSG00000181035,0.9687834533884542,0.8830142290308495
ENSG00000180089,0.9427819679045454,0.9449319119434093
ENSG00000183760,0.6406846448469838,0.8040272907802769
ENSG00000188505,0.6271707024836405,0.39255552642400826
ENSG00000130755,0.45898663336177703,0.4397319907111673
ENSG00000006712,0.9751958344945516,0.9171083780145696
ENSG00000063322,0.5672063162842116,0.5674806027493859
ENSG00000128016,0.08773872430482496,0.06973056039043253
ENSG00000090924,0.4524682063207258,0.44311348442609544
ENSG00000105193,0.46800904502305185,0.424804893341297
ENSG00000196235,0.979572031386565,0.8854035969428591
ENSG00000105197,0.5948131969072101,0.6649236771034521
ENSG00000090932,0.9924275270505546,0.666021849453902
ENSG00000176401,0.622568604903843,0.514159494972446
ENSG00000176396,0.7296899164338853,0.6729406418976642
ENSG00000182013,0.7264071648429737,0.8737035325328837
ENSG00000204851,0.00814797850078101,0.006552729734912968
ENSG00000160014,0.6378291492925987,0.7164697396880362
ENSG00000160013,0.04506188826880417,0.03882743519229111
ENSG00000197380,0.15276005702891327,0.23529330298626544
ENSG00000128011,0.8655563053814629,0.8770795400590662
ENSG00000130545,0.6386443413313346,0.6344862995276014
ENSG00000205744,0.44323745732101694,0.37019699764438385
ENSG00000104833,0.4277289364278196,0.5813565177718185
ENSG00000125657,0.39365989448135486,0.28011858995534944
ENSG00000125726,0.16187619062475003,0.14464598093767272
ENSG00000125733,0.6207502436737489,0.6676460909933908
ENSG00000125731,0.3177045237293983,0.38852977142501877
ENSG00000125735,0.21254805575427987,0.13743543564482727
ENSG00000125755,0.5401502138024794,0.5088835136565437
ENSG00000170608,0.8200564121977407,0.6117079357948237
ENSG00000170604,0.6829933439786084,0.8135317568982949
ENSG00000176182,0.497653636923597,0.3950279464195575
ENSG00000104983,0.6900471761935411,0.7993687017314977
ENSG00000188624,0.9529324558440563,0.799920317290993
ENSG00000185800,0.395792859424414,0.39424192707142125
ENSG00000130818,0.8866628495323877,0.8688006186598888
ENSG00000171469,0.7552070078603746,0.8810573990136631
ENSG00000171466,0.6249414383158597,0.7914393305418914
ENSG00000127452,0.5296951546615378,0.7709898676907756
ENSG00000024422,0.3646558420607684,0.487559298068307
ENSG00000105373,0.253991386811322,0.35598504896538374
ENSG00000178935,0.7823191657198347,0.8916062391627134
ENSG00000268750,0.3723926700690837,0.33819350956236655
ENSG00000269343,0.6783101461870806,0.7001412257338807
ENSG00000198466,0.48916857111724343,0.3423183036395336
ENSG00000173480,0.788190116942985,0.5651755566578773
ENSG00000152454,0.9736033419044237,0.9525861578596172
ENSG00000104951,0.21698328148662602,0.1777608432713749
ENSG00000105053,0.6465899401817841,0.6736262827295922
ENSG00000142528,0.8766186874696541,0.7944359551812071
ENSG00000131409,0.22733046072400742,0.2422820767891912
ENSG00000167748,0.5871512101486114,0.4345096591729136
ENSG00000142065,0.7755088198224284,0.7473787039753643
ENSG00000181007,0.5706801578984244,0.6296143581369896
ENSG00000254004,0.5883454340775254,0.6083670747525198
ENSG00000186020,0.6742622901397576,0.7175901530868195
ENSG00000130164,0.3055733584651826,0.2688001031529289
ENSG00000197019,0.0320656774476885,0.03677503254369721
ENSG00000167565,0.12892914482333673,0.20035375333927033
ENSG00000074219,0.9092658896853156,0.9025908436242532
ENSG00000167646,0.3866827148765192,0.2995606306617254
ENSG00000161677,0.42762178547487395,0.620754743794794
ENSG00000196081,0.3110179066068312,0.21816810999444794
ENSG00000012061,0.620867244651141,0.6684415666597834
ENSG00000123143,0.6350366204291393,0.7047885285819293
ENSG00000198521,0.232588355619372,0.1498487277014865
ENSG00000105085,0.7690842943531088,0.8246366304296063
ENSG00000127445,0.6336814471081063,0.8434223285382755
ENSG00000073050,0.11875374554246176,0.15384680904111112
ENSG00000127528,0.056532014981397004,0.04126361968405748
ENSG00000065268,0.47470992332470474,0.49554505660244264
ENSG00000152433,0.5090867972477345,0.30302633939006196
ENSG00000184162,0.09340236528488854,0.08531865237455165
ENSG00000142453,0.8722731964737551,0.8105818166273316
ENSG00000105227,0.017657713351197035,0.009952301232254901
ENSG00000105552,0.8252904580124732,0.597438212625631
ENSG00000087076,0.772180838567267,0.5065472943606959
ENSG00000104808,0.5628547593661607,0.6821795671686224
ENSG00000087086,0.6812637746201063,0.7410938830560865
ENSG00000196967,0.7371828655769909,0.8774941515969307
ENSG00000245680,0.261579543181879,0.36436215381007564
ENSG00000180884,0.6961589475821961,0.5598142725953885
ENSG00000285526,0.12232984617693973,0.09105246997146998
ENSG00000089327,0.061869856714089747,0.07840727042676214
ENSG00000179115,0.022160274781936964,0.024369498150652917
ENSG00000179262,0.18231249570233088,0.21455754808706526
ENSG00000179271,0.034118225271924776,0.033097224401849604
ENSG00000180061,0.3299962748428768,0.21218736725403656
ENSG00000133247,0.4217629323216949,0.5420608197458778
ENSG00000160471,0.6588029164694292,0.7795169301631711
ENSG00000095752,0.13441498679028366,0.14203136966990268
ENSG00000160472,0.7939018910399298,0.4937692019070793
ENSG00000233493,0.6931688861909211,0.5940448207576994
ENSG00000108107,0.2945176382508702,0.3234330327519074
ENSG00000108106,0.15272272010935667,0.130377040290793
ENSG00000063241,0.33789290275005274,0.2732006206208769
ENSG00000197483,0.2506758130587458,0.1427735159521797
ENSG00000090971,0.8159614133720117,0.6310314670935837
ENSG00000179954,0.14043249594241033,0.16513589174233995
ENSG00000218891,0.9029181290892582,0.9364125158291352
ENSG00000179943,0.911216991445404,0.9423491886283935
ENSG00000171443,0.945601305240397,0.8078934902968955
ENSG00000179922,0.7678455713005515,0.9819778940381827
ENSG00000213015,0.20852803350083704,0.24986482643039615
ENSG00000171425,0.15959159676414608,0.17803745764514414
ENSG00000173581,0.23975467058136476,0.20934163160052904
ENSG00000063245,0.5855983916810897,0.5677964566788838
ENSG00000130005,0.049534456203249,0.030531518115989163
ENSG00000071626,0.7978987114835481,0.8311479569522546
ENSG00000119559,0.17367843077369363,0.23305529503359898
ENSG00000071655,0.35974379299779313,0.4290618286311437
ENSG00000013275,0.958116848653882,0.7792535663311462
ENSG00000128000,0.1403734629474764,0.12442070172133306
ENSG00000196110,0.32959434400887094,0.20299351956461026
ENSG00000198440,0.07602456047663053,0.10718007361241226
ENSG00000080573,0.33138654864651934,0.399253855805038
ENSG00000130813,0.8885588295692295,0.716690132552798
ENSG00000243207,0.4000389273884797,0.3585712679745391
ENSG00000130810,0.1566983954275833,0.22789152726199502
ENSG00000244165,0.5142974803464522,0.5687051288691423
ENSG00000130811,0.2681148933925289,0.3232077820597399
ENSG00000267534,0.3009593166668475,0.29430480184307417
ENSG00000105364,0.15760889934654657,0.18123979099528661
ENSG00000090339,0.07865103065320551,0.07787953569931826
ENSG00000105371,0.682512178679229,0.5589617477543001
ENSG00000198482,0.0456996111547107,0.04289676311588302
ENSG00000213020,0.07017711406996498,0.06121838745220952
ENSG00000198538,0.005315041765125816,0.007354545190082447
ENSG00000152439,0.5268283747368174,0.38911912976935004
ENSG00000121406,0.2717756031973518,0.20887928520692656
ENSG00000083817,0.7699410785792435,0.9819712228563356
ENSG00000171649,0.6145876033752407,0.5199254506670931
ENSG00000213762,0.8738569785507898,0.8232256300126628
ENSG00000121417,0.6780953357355253,0.6597668501847096
ENSG00000189164,0.591180407559813,0.689454965392736
ENSG00000196437,0.265725508201418,0.3400802465912104
ENSG00000180479,0.7332014191740719,0.8653879708876988
ENSG00000198182,0.22287325770888958,0.23603551009116402
ENSG00000167600,0.019484667560005477,0.019018313046292395
ENSG00000167601,0.22191963241052573,0.2579899732129051
ENSG00000142039,0.30869033172793225,0.4761730038920309
ENSG00000142046,0.7817229614719615,0.5147086158365746
ENSG00000123810,0.6847841683962654,0.5392341698765926
ENSG00000248098,0.961601971391013,0.7868842949181439
ENSG00000105366,0.9804167571235405,0.916425585798833
ENSG00000254521,0.167923369383966,0.13537317045237918
ENSG00000105497,0.06271937512768558,0.049395143214589696
ENSG00000105509,0.12919392169724436,0.1513739304219342
ENSG00000171049,0.06593797181370227,0.0591124328089422
ENSG00000187474,0.29199129005960617,0.2805624711796358
ENSG00000096996,0.8636907507370774,0.8083137724332066
ENSG00000105647,0.9064990724444291,0.9067521999333664
ENSG00000216490,0.4356816499956687,0.41826794316698734
ENSG00000254858,0.2532737142898063,0.20524719051637805
ENSG00000105649,0.3021384013341012,0.2938280261028653
ENSG00000130522,0.0471004450608521,0.029967250519398962
ENSG00000130520,0.38927500861216346,0.323461874010307
ENSG00000130517,0.38411076332302685,0.33306642439553946
ENSG00000175489,0.2043005400184843,0.1969758083441213
ENSG00000130511,0.8644059050807982,0.8444733166042596
ENSG00000105655,0.8498920977980087,0.9702003488804911
ENSG00000010361,0.6147618927753054,0.660418824598464
ENSG00000039650,0.9021198847177093,0.8879450466578146
ENSG00000104973,0.2427081081759828,0.22602483194164494
ENSG00000178078,0.41888999449723663,0.4424745396410752
ENSG00000204673,0.768931667326083,0.665409785397701
ENSG00000130733,0.6829329849589292,0.5637971277179836
ENSG00000105341,0.3604785350204648,0.41076892267636267
ENSG00000266964,0.10222429408669365,0.08139458760722644
ENSG00000198258,0.11937993135239636,0.1096003906728085
ENSG00000072958,0.6568911550670369,0.7273587062140253
ENSG00000115268,0.10112655326100553,0.12373820305785317
ENSG00000007255,0.12512145916256787,0.11638636392873762
ENSG00000168661,0.44138845000913984,0.530262859370684
ENSG00000166398,0.08123438998840554,0.07037552688660498
ENSG00000131845,0.9126606336153231,0.7387032015860778
ENSG00000213096,0.24294361946890347,0.16385411363944713
ENSG00000196724,0.31118226323267734,0.4066505230256947
ENSG00000197951,0.04254713349356323,0.05391139725409558
ENSG00000171827,0.1483136316192466,0.1682561503048879
ENSG00000126246,0.9822412174621241,0.7509111767668857
ENSG00000161265,0.71976312235078,0.7410413608396255
ENSG00000205155,0.9961691799919188,0.7767200719033273
ENSG00000267796,0.7155553158817355,0.6712310513810611
ENSG00000004776,0.3115572252012451,0.3347720336853658
ENSG00000104903,0.3837216257212971,0.33065444224345913
ENSG00000090661,0.6444564073368411,0.7223717817489049
ENSG00000167775,0.653004237723287,0.5455744438484547
ENSG00000267855,0.3083653123063204,0.39563118052714286
ENSG00000233927,0.9788184286928019,0.7683876541916044
ENSG00000167772,0.16827583981711547,0.21476418426038915
ENSG00000185236,0.2643224402472376,0.18909989501186641
ENSG00000099783,0.5820210966927494,0.6822566538987628
ENSG00000133246,0.2534321705555672,0.1991515229724713
ENSG00000133250,0.362742250352166,0.19423155693344582
ENSG00000105438,0.7900846515875295,0.7954342006920485
ENSG00000105447,0.7762049111445862,0.7077033989387145
ENSG00000182324,0.9286477387939313,0.9063920299455582
ENSG00000088002,0.5807703627970566,0.6080488914636659
ENSG00000063177,0.212716450961392,0.20956580820818588
ENSG00000063176,0.8577457538246179,0.8298233532727886
ENSG00000105516,0.11647914010222947,0.1298574286069265
ENSG00000063180,0.045670489815361634,0.05981528210535589
ENSG00000176920,0.6832265292104229,0.878186780391415
ENSG00000176909,0.10500082824483471,0.12625587225819684
ENSG00000105518,0.891296821725348,0.9240506545285138
ENSG00000183401,0.30090992478231626,0.23913944009678584
ENSG00000173928,0.8136383911812105,0.5882203655393945
ENSG00000187266,0.028694235921820067,0.0581599586390072
ENSG00000205517,0.0493511482828492,0.06377310558689864
ENSG00000161914,0.5371757813983751,0.5946273651060171
ENSG00000130176,0.08748760680988245,0.12626589611933572
ENSG00000104888,0.5086721132371651,0.5803620492440766
ENSG00000104872,0.6049091678889965,0.5268032523749135
ENSG00000161618,0.5114270612625524,0.5240719319818724
ENSG00000090554,0.7097716760174388,0.7354807000777389
ENSG00000142534,0.10402153073790707,0.1185831330546447
ENSG00000104870,0.25115267993048357,0.25431034768073973
ENSG00000142552,0.5449765574361862,0.7422206654260936
ENSG00000142546,0.6114594742065619,0.5207893618740296
ENSG00000126460,0.5465727900596268,0.6437236339128732
ENSG00000126458,0.09116196890055824,0.1478675361335064
ENSG00000126461,0.34954222565801374,0.3121991596784515
ENSG00000126456,0.9368329505969127,0.9964452044016254
ENSG00000169169,0.5285396147094301,0.6957958090840796
ENSG00000167625,0.9100421620674655,0.8294785457084398
ENSG00000105722,0.9769955883892615,0.9004859924772377
ENSG00000167619,0.2059989024514308,0.29437446359067476
ENSG00000008382,0.3073256171478788,0.4527337163211541
ENSG00000141985,0.8940813284037767,0.8759490662213787
ENSG00000167670,0.1584904922187041,0.2175297902175953
ENSG00000167671,0.8552819987941634,0.7863005738202413
ENSG00000167674,0.6933251903251185,0.7898277550231896
ENSG00000214456,0.09169507551317577,0.05866114178427541
ENSG00000171236,0.39416418508578643,0.39336999837819253
ENSG00000185361,0.7584246528372994,0.8359502612434065
ENSG00000183207,0.8436703343452587,0.7755158521038492
ENSG00000189052,0.386111107142847,0.26120992881318644
ENSG00000104852,0.6444995068800553,0.528872738392861
ENSG00000104863,0.3331642713471247,0.34223861053256954
ENSG00000221916,0.48334584239550527,0.6375785564775063
ENSG00000213799,0.2078861438805086,0.1713803747806775
ENSG00000203326,0.08606219166454072,0.09750674827321634
ENSG00000196417,0.06646563062070492,0.0534635649305314
ENSG00000198346,0.015555038597319605,0.0208466416138701
ENSG00000079313,0.4990652097290902,0.5575026905248985
ENSG00000129911,0.990883512070921,0.9230144316376314
ENSG00000129968,0.910929866701135,0.9439796553064292
ENSG00000213638,0.704475936001105,0.726470720185389
ENSG00000133275,0.8540967779719806,0.9348475643465021
ENSG00000130332,0.02525390709346597,0.0306614680644598
ENSG00000099800,0.09668549641790515,0.12123096388430363
ENSG00000176619,0.30537048319763826,0.30975294316480423
ENSG00000099860,0.062386274192682584,0.06463782765117496
ENSG00000142409,0.6453833442815887,0.5518137579155176
ENSG00000167685,0.3855015426658056,0.3672451496449527
ENSG00000099797,0.5246060181661623,0.47193462037918976
ENSG00000099795,0.20581404215988672,0.25774669586838467
ENSG00000105429,0.8785515447820181,0.7535444333691357
ENSG00000105427,0.21545821697910653,0.3652663092853865
ENSG00000079435,0.905063679892947,0.6764074636950227
ENSG00000189377,0.7701161968849383,0.9192529425845914
ENSG00000079385,0.41833495516095864,0.41269361228870327
ENSG00000132002,0.8949557918455544,0.979149512022416
ENSG00000076826,0.8469084129622446,0.7357699991342106
ENSG00000076924,0.5052069537178878,0.6284637557354853
ENSG00000174788,0.7787435430144267,0.817016818605262
ENSG00000104918,0.0008207403586159501,0.0007380143289263351
ENSG00000269711,0.2994391560851274,0.2110424728534986
ENSG00000181029,0.14972123800111828,0.15659089778091181
ENSG00000104921,0.7597997476261821,0.7714824067737734
ENSG00000183248,0.5550520485921886,0.6107722442995551
ENSG00000171017,0.2346724385244863,0.3639297039000017
ENSG00000076984,0.8628557181757592,0.9295244962077874
ENSG00000178531,0.3183335000299225,0.27127429573193135
ENSG00000104980,0.09545559011709705,0.11145508429068221
ENSG00000005206,0.3749366832537766,0.3982916738927489
ENSG00000196268,0.2543711323819932,0.16955412435288603
ENSG00000090659,0.03173957029884265,0.028871473457884475
ENSG00000104883,0.5060431959896373,0.6908792542095703
ENSG00000267952,0.6016319685333638,0.7209447911212239
ENSG00000198816,0.5709660232355127,0.5407993044231019
ENSG00000090674,0.5663567440843641,0.4829187318339022
ENSG00000032444,0.10808465145227837,0.06054732460506107
ENSG00000011304,0.9072512643745634,0.971993755639573
ENSG00000142541,0.07539448068292454,0.10260318165098686
ENSG00000249709,0.39671703009431036,0.6571940463126633
ENSG00000188033,0.4333244432084483,0.684035389122797
ENSG00000173875,0.28166990673892117,0.5047414499567553
ENSG00000104774,0.7813259896879414,0.7756216518733442
ENSG00000123154,0.8522071101054385,0.8275616541524489
ENSG00000105583,0.01209491951484916,0.008985146151475583
ENSG00000132004,0.3600416884580677,0.4767066166818542
ENSG00000123144,0.013185988095710045,0.016911559591079883
ENSG00000198356,0.021176561598449422,0.01592540307477035
ENSG00000171223,0.20525512151398212,0.16274241093012085
ENSG00000167815,0.02757935754253694,0.040462823834054265
ENSG00000104889,0.025324497308493503,0.021597118743675054
ENSG00000095066,0.4099690488567166,0.4346008280889295
ENSG00000074181,0.9637891368256379,0.9897509907015807
ENSG00000105131,0.7731433101859804,0.7733725087623193
ENSG00000160410,0.3502671221155703,0.3539864367482469
ENSG00000090006,0.845920666825132,0.7615189387357746
ENSG00000105245,0.9244322602601187,0.8434840821937029
ENSG00000123815,0.8241956673722155,0.8088752551830006
ENSG00000130313,0.8081410921729539,0.6941817693772295
ENSG00000142444,0.4561271762737741,0.5896776732636198
ENSG00000104964,0.5342855128221173,0.5049213674283002
ENSG00000105290,0.7158351284064093,0.8508530171044777
ENSG00000126264,0.6067358347381592,0.5184092278267425
ENSG00000011600,0.2476773634698901,0.2382492895168509
ENSG00000132005,0.12690189036324548,0.1167292826370178
ENSG00000104998,0.7602717400239529,0.9964340487844543
ENSG00000105011,0.06429785635503983,0.044195351921521436
ENSG00000105669,0.9087177762618812,0.8805097310444048
ENSG00000105671,0.16665280627197082,0.21493786476680482
ENSG00000051128,0.46222272181891044,0.4365151682181988
ENSG00000105329,0.25684074831605014,0.29627891854891353
ENSG00000130175,0.6852479131352174,0.7266529809639322
ENSG00000141933,0.2283367312116579,0.25370966760565045
ENSG00000099804,0.5542354787709038,0.39898200457404764
ENSG00000197540,0.6766765880040946,0.6921954732083084
ENSG00000176490,0.6010977826222061,0.5556912787041844
ENSG00000267001,0.6214304207488055,0.7562173705943822
ENSG00000141873,0.06282351909337934,0.043647380937293374
ENSG00000104969,0.3295524687538477,0.33455716088698934
ENSG00000172009,0.310188953903268,0.3370806557394448
ENSG00000172006,0.9531634593120466,0.804525874911142
ENSG00000186300,0.8502131939830746,0.9073955117166492
ENSG00000172000,0.20106723828932804,0.22178660593135804
ENSG00000079999,0.16689049717925475,0.27253407507787547
ENSG00000130734,0.49517368967392517,0.6642023329962707
ENSG00000129347,0.12038867391677507,0.15176937080850814
ENSG00000129355,0.6707286102633397,0.7878016799081307
ENSG00000129354,0.8964284180246274,0.9935076837528122
ENSG00000129353,0.8911353463520044,0.8239261973656692
ENSG00000213339,0.2764810562603064,0.3869429117698092
ENSG00000099203,0.7401004831765146,0.7702002921804769
ENSG00000214212,0.5752923074660277,0.4949183167035016
ENSG00000130844,0.01620785414170913,0.016646510249585498
ENSG00000105723,0.6499501912871406,0.675945121343272
ENSG00000105732,0.6886644905371898,0.9770520069099504
ENSG00000160570,0.1257028662659101,0.09066370516849291
ENSG00000010310,0.8062524501124413,0.678349808834761
ENSG00000011478,0.7870896032855255,0.8307958026765712
ENSG00000177051,0.8666308897272738,0.8780599378973922
ENSG00000167680,0.07525196817914077,0.08766214901816707
ENSG00000197961,0.23943940662935323,0.4331989520943865
ENSG00000197256,0.08881438448479176,0.1063482747651944
ENSG00000261221,0.9451286784185556,0.8484421052558793
ENSG00000186272,0.9733158524039328,0.9366941313626015
ENSG00000126262,0.9673373762157218,0.9538613071793696
ENSG00000196684,0.3967524862061299,0.3159165225630402
ENSG00000283632,0.26375379511759733,0.30275411792124857
ENSG00000126457,0.7418259370606589,0.6306050213486707
ENSG00000079462,0.19384009873140143,0.21443019636159114
ENSG00000167635,0.3809889227520745,0.3640149547349393
ENSG00000105287,0.2465008713585647,0.20032047273075396
ENSG00000130312,0.11342405394179181,0.07038207300482092
ENSG00000104814,0.9743583738436928,0.9138706159524634
ENSG00000178982,0.30231312675583377,0.2858231697132825
ENSG00000182472,0.8011348842708629,0.7342964286183673
ENSG00000178934,0.7919703223625518,0.9969319914469974
ENSG00000125746,0.7485133739220817,0.6792808606313274
ENSG00000011451,0.9608457635921867,0.8597648650415478
ENSG00000160953,0.8901508497852932,0.8277545623415292
ENSG00000115255,0.40740206975394877,0.33132169529185873
ENSG00000141867,0.9543960099804287,0.8036754327335802
ENSG00000104915,0.028185094595802058,0.03231825129376696
ENSG00000160888,0.4125408496289912,0.2689443671056617
ENSG00000179218,0.9036260933901028,0.6451973383059514
ENSG00000130303,0.9163321386964715,0.9711116790234935
ENSG00000141971,0.7420518544118679,0.9280229696551491
ENSG00000105538,0.3831013811274082,0.29592714935295594
ENSG00000156413,0.27593360619468343,0.30214917136311903
ENSG00000172270,0.7501826824329633,0.824134195832327
ENSG00000105464,0.7462437386952314,0.55987571012656
ENSG00000105523,0.6436853298985985,0.6858939594457893
ENSG00000006638,0.1859850797498193,0.18676890694130283
ENSG00000105298,0.2034679324135709,0.21972893853956507
ENSG00000186111,0.22134384033160912,0.206035282222528
ENSG00000105127,0.9467750956211257,0.7868461249680174
ENSG00000089351,0.07774169601683603,0.08144247176470562
ENSG00000087903,0.7559063068170846,0.7029457249398265
ENSG00000130382,0.5704887503654772,0.7351831539869743
ENSG00000125656,0.01737168078706491,0.01225625865709965
ENSG00000125652,0.2874774400992891,0.3312616342005144
ENSG00000125651,0.24937442907240476,0.2910179172346832
ENSG00000125648,0.1969093371579999,0.19086944800610303
ENSG00000011243,0.2807831867331275,0.28471269761343476
ENSG00000104957,0.30194445465813696,0.4054214278687087
ENSG00000037757,0.33854771869563866,0.4709798762709724
ENSG00000104979,0.018074320146213626,0.011679650082612162
ENSG00000132024,0.7013460668732918,0.7080448104589834
ENSG00000167642,0.859942156660706,0.6544554001145735
ENSG00000167641,0.10333530030866848,0.16151318526150923
ENSG00000267748,0.7980196252173222,0.7148154528819595
ENSG00000167645,0.39100170552691393,0.6170215797947687
ENSG00000167644,0.30126144377908765,0.32123277731674316
ENSG00000174951,0.7805072110237286,0.8766326269243957
ENSG00000104907,0.07052024974321269,0.0867343293330958
ENSG00000105270,0.1215836094246821,0.16689605929936127
ENSG00000161277,0.46811660152280943,0.41174211956214246
ENSG00000105258,0.307097241219874,0.19258769171089715
ENSG00000105254,0.8862516911509598,0.9665768472856228
ENSG00000126247,0.6425761084724764,0.9092702213286179
ENSG00000204604,0.0231565615545791,0.03152457212180577
ENSG00000075702,0.21927474961015692,0.16119843554759838
ENSG00000170906,0.3722697574900711,0.6209365386306513
ENSG00000105618,0.9327322279425593,0.9875982654826505
ENSG00000167608,0.7364421471569997,0.607674605402861
ENSG00000125505,0.6820268154954239,0.6262253521824832
ENSG00000170892,0.025782894768174056,0.008969609285280995
ENSG00000170889,0.9399996162708596,0.9847099753033769
ENSG00000104880,0.18085431406635852,0.15318383671083172
ENSG00000099785,0.6903573910425178,0.7501399925891528
ENSG00000257103,0.22614133968369504,0.177754773907476
ENSG00000099875,0.26703759271856947,0.26476555250406864
ENSG00000105707,0.12043175247693035,0.1099852351140324
ENSG00000188368,0.42873171005865174,0.5429240171633541
ENSG00000188321,0.3407531527584596,0.5250230316289104
ENSG00000125743,0.12516820233213505,0.10716789204986699
ENSG00000180448,0.1672569543999532,0.1139377114441518
ENSG00000160113,0.9646468949892827,0.9072441598087144
ENSG00000105619,0.8551268651563027,0.8336284774515491
ENSG00000130202,0.8406188063704744,0.8797495198482735
ENSG00000130204,0.2590629789590731,0.2581223871601127
ENSG00000130203,0.4277031452722806,0.4026380571871312
ENSG00000130208,0.7438537468691273,0.6688249730688843
ENSG00000234906,0.5611687761754576,0.5563043640473535
ENSG00000104853,0.8447241313498652,0.8020469715246198
ENSG00000188868,0.832834484030156,0.8302902024337102
ENSG00000196466,0.6859553353891472,0.8117962131604284
ENSG00000180855,0.4234706189517473,0.5566234339603121
ENSG00000105607,0.24226630287313475,0.2658014323912856
ENSG00000161860,0.21199131515370834,0.13645246319305862
ENSG00000179820,0.0005317324682204573,0.001132959939750767
ENSG00000105643,0.979254981840815,0.9444628923152549
ENSG00000105325,0.8280289376817203,0.9866986113481113
ENSG00000161091,0.6964024285998885,0.593028833567994
ENSG00000064961,0.36800654896510077,0.4441739475863844
ENSG00000179855,0.37748946254793003,0.3689940189931652
ENSG00000007080,0.28968981545149647,0.23112728632703805
ENSG00000183397,0.900043995997821,0.8486453269690908
ENSG00000105701,0.3307207389671143,0.2602935784958943
ENSG00000105700,0.5560522682318733,0.4986975427281719
ENSG00000221983,0.1674169645028759,0.1850260702657379
ENSG00000006016,0.2552748594326346,0.2091587867892542
ENSG00000006015,0.357214103267558,0.2890565177582003
ENSG00000105696,0.33314258442555605,0.34879854610490113
ENSG00000198429,0.24574422764849319,0.21470731942114551
ENSG00000196757,0.3758895944615944,0.57005220008522
ENSG00000197054,0.3222390777083404,0.2515240310271356
ENSG00000132010,0.7869915489384162,0.9541852488485699
ENSG00000257591,0.47362731754352216,0.5040368009929184
ENSG00000104892,0.6766095883413563,0.7475578393382412
ENSG00000104881,0.983328557432933,0.9396275404696115
ENSG00000117877,0.6700157085151381,0.7282362146814965
ENSG00000104884,0.6096450097370238,0.5637027693210419
ENSG00000198093,0.9907649610000258,0.9639560344029355
ENSG00000176024,0.07991309843118412,0.08841490817554576
ENSG00000256683,0.12317478161581127,0.13702213156896664
ENSG00000079805,0.5831544795846484,0.5106143008376878
ENSG00000130803,0.03651583875478273,0.07304484078994357
ENSG00000079432,0.663483511576823,0.5498473132593493
ENSG00000166289,0.11040588624039643,0.11565842128648048
ENSG00000104936,0.33393749397990813,0.2821411098654706
ENSG00000127511,0.44829662281387883,0.4134492886390504
ENSG00000127533,0.07288804330198394,0.053883429319216546
ENSG00000160111,0.02109271857854563,0.015063632903745863
ENSG00000131351,0.2637013411402056,0.20533376847224682
ENSG00000099624,0.5143687839744979,0.5763500940784756
ENSG00000105711,0.8143807849048321,0.6212025345804786
ENSG00000089356,0.7121036970597647,0.7131401132765907
ENSG00000132000,0.5172636969059959,0.6078175818269755
ENSG00000129946,0.2101214544041804,0.251729420839323
ENSG00000181588,0.732539713412296,0.8181563546131341
ENSG00000223802,0.4655727238664221,0.3686589674177576
ENSG00000205076,0.2688524896943336,0.4624617035477997
ENSG00000170954,0.023016832512522813,0.041728117441920586
ENSG00000171903,0.7957824927974423,0.9338842725675641
ENSG00000142235,0.8142362139980214,0.9906257823607258
ENSG00000104827,0.35325665447227084,0.2851728439359253
ENSG00000105556,0.9987345597694413,0.9219648662015554
ENSG00000174652,0.682410504279315,0.4843602809515982
ENSG00000172687,0.40020092045167777,0.3079380377684257
ENSG00000105143,0.8217869306028923,0.9130721812712623
ENSG00000099331,0.6733159729955667,0.6183097962817283
ENSG00000131848,0.6275861713959663,0.7670493382708593
ENSG00000153885,0.9713412329396539,0.9431448921593849
ENSG00000171291,0.24289207462586146,0.1928539486468377
ENSG00000105576,0.14079530820536568,0.17785756358706384
ENSG00000167491,0.27917669380099325,0.21472760893948545
ENSG00000160336,0.07702008944288218,0.10495056183316359
ENSG00000188283,0.6677472281268142,0.6817611021656448
ENSG00000204519,0.5671988267674839,0.4671664774949549
ENSG00000083814,0.4165412364595268,0.33732355736907316
ENSG00000152443,0.5822025801306769,0.8318311424795269
ENSG00000197782,0.19056691206586096,0.2017593554234818
ENSG00000180257,0.09409256539650297,0.13476269658652296
ENSG00000197937,0.1568189807727165,0.1804778266904182
ENSG00000197928,0.4896677542802461,0.4362996201376823
ENSG00000170949,0.0051905270242237535,0.003942244640720859
ENSG00000178386,0.8164434697420733,0.8277105126075242
ENSG00000186026,0.9449712725188428,0.8708603186844375
ENSG00000267680,0.7060310324976887,0.9701184124956619
ENSG00000256294,0.606835882087047,0.7838215167008817
ENSG00000263002,0.37643150335825704,0.2593382912295492
ENSG00000167380,0.840277624969683,0.7808538622687996
ENSG00000131115,0.7495527287946971,0.8167541788404257
ENSG00000159915,0.6405974420437397,0.646788016315807
ENSG00000213022,0.13155700361294645,0.048048263136733146
ENSG00000129451,0.20873605557387037,0.10642432786773544
ENSG00000167757,0.16904111184998133,0.08098412575528842
ENSG00000186474,0.23212243426670068,0.11993055560563869
ENSG00000167759,0.21891807845951733,0.09264055933141946
ENSG00000129437,0.9459999294521957,0.777419051941217
ENSG00000142544,0.9993826322335421,0.9611251245269851
ENSG00000129450,0.062148780822312795,0.05406007416224989
ENSG00000168995,0.13053578745363975,0.14688373571960442
ENSG00000105383,0.29597604974163166,0.2459517314282274
ENSG00000142549,0.8461567744109663,0.6774682486247372
ENSG00000186806,0.45041774861039363,0.3309321956514988
ENSG00000105379,0.4970121918945486,0.4883130389949051
ENSG00000160318,0.9360860283460732,0.8217658276808497
ENSG00000105374,0.9253452299526069,0.9999085278056166
ENSG00000142512,0.4956307105911507,0.4320435439302789
ENSG00000204577,0.011336088797793568,0.008770370915046082
ENSG00000187116,0.19467047489054828,0.1746969885504686
ENSG00000167615,0.8074428384828338,0.8999434072572257
ENSG00000275183,0.50863000764036,0.4311587200089423
ENSG00000167617,0.8208304740053339,0.9369643559775844
ENSG00000278129,0.5281390662054961,0.3576712103093773
ENSG00000198131,0.9007813596694207,0.9531859964633453
ENSG00000131398,0.929448980127834,0.9212935892964746
ENSG00000131408,0.18901465725861405,0.1890119800054159
ENSG00000269404,0.7997322611258287,0.8970049242000631
ENSG00000142530,0.4645789913180842,0.4358621098310219
ENSG00000161671,0.037834341820270526,0.04977460622559034
ENSG00000176293,0.05126680868692937,0.062193754531861
ENSG00000121413,0.20318394087226438,0.25980932610461105
ENSG00000181894,0.40508707604081406,0.4555981298734654
ENSG00000177191,0.44322918557142676,0.39696596003707885
ENSG00000130255,0.01995410944090108,0.029605324264897124
ENSG00000174917,0.17992500607139444,0.16455261428816176
ENSG00000167733,0.925588218916427,0.9129566114169939
ENSG00000196365,0.16219177871557897,0.22990032435758223
ENSG00000212123,0.12551600598223817,0.13543845154807138
ENSG00000141994,0.3869981095461956,0.44319518032375604
ENSG00000171119,0.01703387040784775,0.016597468627434223
ENSG00000267740,0.0377293701606486,0.0845949509990389
ENSG00000174886,0.25766143033296246,0.2726737300038177
ENSG00000187650,0.27637168286344777,0.49759381222036914
ENSG00000167657,0.5328037769604614,0.5362958204323619
ENSG00000167658,0.7851309107125952,0.8334566564302522
ENSG00000105229,0.6444440015892041,0.7822447346808148
ENSG00000178951,0.2705861455955359,0.20477038140808
ENSG00000126934,0.43746125598007946,0.529317223764253
ENSG00000077463,0.48671622730637243,0.5155385044893859
ENSG00000167470,0.21972115546905183,0.15446132235529106
ENSG00000099622,0.46947590213311086,0.5096417444291456
ENSG00000228300,0.23296757643165733,0.24247641078165028
ENSG00000008441,0.5507989004799128,0.6564301446660608
ENSG00000196172,0.05263007481375045,0.0643749990198788
ENSG00000198300,0.43085362484729295,0.5932366451530928
ENSG00000189042,0.16890225653703272,0.13435470228030458
ENSG00000272333,0.7602059154460292,0.735676434403419
ENSG00000196646,0.9640178118732202,0.7749962812081019
ENSG00000004777,0.7482722653828313,0.7893861257834809
ENSG00000167378,0.922867958466311,0.8455270558656756
ENSG00000124444,0.0175871386993133,0.01891027741130974
ENSG00000226763,0.11005708906851171,0.16198195902529786
ENSG00000062822,0.831349313071049,0.830844473306763
ENSG00000169136,0.7405693132965142,0.7797383117056055
ENSG00000095059,0.465005140849474,0.5301222838675832
ENSG00000104885,0.9133325583884049,0.8729176026795129
ENSG00000104886,0.10125427956528196,0.1104973745210152
ENSG00000104897,0.16229792739162682,0.23674967024309618
ENSG00000105202,0.472555554557859,0.415545107276287
ENSG00000223547,0.21992032746439139,0.15732744958511333
ENSG00000129933,0.8002047061883797,0.9528493211199758
ENSG00000130544,0.2914256537398756,0.5898135912646396
ENSG00000167414,0.22240993508782855,0.29042384229848933
ENSG00000197013,0.06682064199607594,0.05395139133699217
ENSG00000160321,0.896215158697919,0.761616811216411
ENSG00000053501,0.4274065086152269,0.5277723199145095
ENSG00000118046,0.548202726822834,0.46939135199346915
ENSG00000180739,0.15207043919471872,0.2217808933169405
ENSG00000178980,0.7070180383375335,0.827688790737425
ENSG00000188227,0.6033605319339795,0.7565256851367732
ENSG00000105323,0.7097400850477157,0.7881936511723103
ENSG00000167562,0.010662975241537012,0.011999082759936549
ENSG00000198046,0.7575542263752416,0.7220045678806299
ENSG00000105146,0.974851653095687,0.913395321553116
ENSG00000126464,0.4088209246063328,0.3260004296874378
ENSG00000197128,0.8617025823026181,0.825104179026499
ENSG00000171970,0.046230038597082634,0.07602450601025758
ENSG00000177045,0.9709760246850985,0.9949870087222965
ENSG00000197020,0.10325352000330182,0.05275564515265038
ENSG00000007047,0.6803583328518168,0.6185425061300701
ENSG00000105048,0.8231980990492721,0.6513478667141462
ENSG00000186994,0.07465146177684645,0.04306113674691688
ENSG00000204514,0.4268609636439685,0.42626951977185656
ENSG00000105472,0.03186557393310973,0.06018086083797973
ENSG00000105136,0.9527625754566337,0.9721580476390655
ENSG00000104783,0.10594176599588588,0.08453152406424827
ENSG00000213967,0.6498949384813474,0.7015911914115478
ENSG00000188171,0.39449398549444603,0.3817524874662652
ENSG00000130518,0.6240028468459233,0.4727309512560547
ENSG00000197808,0.5095614838247665,0.6463935342907172
ENSG00000115286,0.9512628496519028,0.9266235648613057
ENSG00000087088,0.914967406818027,0.7645633091695774
ENSG00000204869,0.513362377673626,0.43258160602557516
ENSG00000188293,0.9090184562770274,0.8429672316807264
ENSG00000196218,0.7672158287344552,0.6953307941829514
ENSG00000224420,0.9531083813037767,0.9929622652823166
ENSG00000275395,0.9786566526844666,0.9928619994516483
ENSG00000204866,0.7759843226287005,0.9665658618897116
ENSG00000105737,0.23268682289967643,0.3154526167649883
ENSG00000072071,0.513881400860703,0.456898586096658
ENSG00000132017,0.8885920528775539,0.9402859048637683
ENSG00000011332,0.615802954255592,0.6468493614797
ENSG00000099337,0.8509141660008708,0.7927758007624174
ENSG00000132016,0.7874776712608608,0.8562347980281434
ENSG00000130270,0.11770093525723073,0.12399231803512462
ENSG00000131943,0.14359071702303153,0.23109297380664845
ENSG00000214046,0.1996166506016307,0.18257285263848663
ENSG00000072954,0.6392865400794191,0.6658080450189446
ENSG00000099821,0.03238959382769998,0.03683852136938915
ENSG00000070423,0.6245694387044654,0.7301966844433397
ENSG00000070404,0.004388504300066948,0.005581485870760453
ENSG00000105514,0.7357715650722748,0.788665776463294
ENSG00000105246,0.21852327295938487,0.21913460865513898
ENSG00000132003,0.09284585527907582,0.06609413263742635
ENSG00000130309,0.8043130711123354,0.8842337613858263
ENSG00000125650,0.5554020386951928,0.49394766698865733
ENSG00000088247,0.47362058677017094,0.5009461846882202
ENSG00000105520,0.22347526251502917,0.32752540811782055
ENSG00000130726,0.6164555677819101,0.6828388371519244
ENSG00000130725,0.9839908494596157,0.9956344168107043
ENSG00000130724,0.8676269264258936,0.9097461761693552
ENSG00000063169,0.2505619995081368,0.20857333592699637
ENSG00000126243,0.4855436586764784,0.6478629114067136
ENSG00000205138,0.13430808818125314,0.11729270260829032
ENSG00000181392,0.6504271465508383,0.7993264428979467
ENSG00000028277,0.134792604846652,0.10249205023958155
ENSG00000239382,0.6536097460974035,0.5604291035732452
ENSG00000130159,0.28616593349418334,0.2941968807517061
ENSG00000077348,0.1177991823386264,0.15571828354288714
ENSG00000183019,0.002500740976266074,0.0007520625926097203
ENSG00000142459,0.5724860576227575,0.537959134521273
ENSG00000066044,0.9059458374007212,0.9062213692182717
ENSG00000130479,0.45749155140630937,0.4256187625194323
ENSG00000179913,0.045916650463774855,0.05508397222403945
ENSG00000130513,0.9411810523044569,0.9246514985233527
ENSG00000105656,0.1644592304859371,0.14346299607750665
ENSG00000181666,0.5797151372191396,0.6160778812344319
ENSG00000183647,0.5049483491476601,0.6479772956239919
ENSG00000166704,0.9744066522768936,0.9066792375505994
ENSG00000186017,0.43793237726259926,0.6164980719549753
ENSG00000197647,0.7934689911753725,0.8534942817678447
ENSG00000131126,0.40533121089324975,0.5569405030164594
ENSG00000124466,0.6457932589489297,0.8852598172658035
ENSG00000176531,0.45672405867453447,0.5806040471118002
ENSG00000105755,0.5577685349414381,0.6332456012764731
ENSG00000176472,0.7631931051102261,0.9844438586678598
ENSG00000134815,0.6636031704526578,0.660149310974296
ENSG00000105419,0.43461438188754487,0.4937900855153661
ENSG00000118162,0.8337958904931296,0.713475555666464
ENSG00000105402,0.5020774119844282,0.553275848057163
ENSG00000188766,0.15746606134667487,0.26687262288957914
ENSG00000189190,0.04507352061937071,0.054560492051699425
ENSG00000182986,0.23421726862030862,0.24655791379582445
ENSG00000167754,0.23108101413746518,0.10567524221317101
ENSG00000167755,0.013585481300972492,0.003964590217085241
ENSG00000169035,0.016092318769870925,0.0037471666508996347
ENSG00000179134,0.3725027312831586,0.38294036377936136
ENSG00000125734,0.5702754725913668,0.6556855975192909
ENSG00000254415,0.3022247415568341,0.27791548369355656
ENSG00000105261,0.835938294355562,0.7823335547805963
ENSG00000213793,0.36252710802762556,0.41133140811804336
ENSG00000170909,0.10889255662796017,0.07280477014360046
ENSG00000130244,0.47064410575536453,0.4402559653431405
ENSG00000161888,0.24724106785254485,0.308043296143877
ENSG00000167749,0.12866945738470528,0.10115100409395573
ENSG00000130669,0.22162136494107817,0.2786725601465479
ENSG00000186818,0.17595833662054056,0.11351797036355236
ENSG00000105185,0.07811075776038108,0.043467238728709785
ENSG00000105186,0.43347987883174566,0.5648643212031612
ENSG00000213965,0.2714541254452095,0.2837157112287055
ENSG00000173809,0.8871176277455781,0.9387201569789029
ENSG00000125730,0.12019661367405592,0.09871636331036442
ENSG00000249115,0.018090058372921245,0.023080067275735527
ENSG00000126254,0.46169879737816977,0.3762219845937873
ENSG00000105672,0.9578956205670074,0.9742809242434796
ENSG00000126267,0.09045781133384756,0.06687512382275679
ENSG00000105668,0.6999477668126475,0.6334273660307015
ENSG00000102575,0.6177478147288056,0.6358984662695197
ENSG00000129455,0.04071577016309941,0.01805008102668148
ENSG00000175221,0.6880332235007827,0.8153375299194813
ENSG00000167595,0.08965043153410056,0.09388678314494177
ENSG00000225950,0.6802989895481968,0.7078546259190752
ENSG00000105255,0.3097397369435702,0.38608612240238416
ENSG00000198858,0.9018513035685252,0.9866046524173034
ENSG00000089639,0.1085955065751256,0.06494342538219851
ENSG00000105726,0.5661556962491696,0.49407697793608196
ENSG00000181896,0.574836747123467,0.39391361494618826
ENSG00000105708,0.32204749394454985,0.24511250026780254
ENSG00000064547,0.46604292180695117,0.35114268973149654
ENSG00000125744,0.5636008419369731,0.5621433294147371
ENSG00000213889,0.05608345003632991,0.08429147265945133
ENSG00000125741,0.568701832621263,0.48217272065529937
ENSG00000177464,0.08564639632131886,0.11000167220017708
ENSG00000018869,0.1000268257127148,0.06222502633646844
ENSG00000196605,0.9750138560778308,0.757641975657217
ENSG00000197766,0.12177990273379917,0.0787923037347281
ENSG00000105639,0.5461960825249609,0.5320021242888879
ENSG00000105640,0.3582711198160461,0.3700347807913671
ENSG00000197857,0.40094849012145517,0.5048377254648637
ENSG00000022556,0.4679742161968371,0.4310593838505279
ENSG00000160439,0.6244307239740239,0.8179020762850763
ENSG00000124440,0.31556828666505865,0.26923562491386843
ENSG00000011485,0.6167234822943589,0.6501806100730768
ENSG00000169515,0.1878200387874753,0.17404874215356336
ENSG00000141965,0.2880121245270303,0.4122974045154417
ENSG00000127666,0.6672599145109126,0.424299609256641
ENSG00000105355,0.42960354345486873,0.47349274728578383
ENSG00000276043,0.19608100779059556,0.19562698327823203
ENSG00000127540,0.14493599967378049,0.16054935752480332
ENSG00000171124,0.8815011147744399,0.9814481341224058
ENSG00000130881,0.9146948737347808,0.9611950758667068
ENSG00000153879,0.7027320735323601,0.7700122045956304
ENSG00000104904,0.5200524072099044,0.7105625836798608
ENSG00000229833,0.05143126642479076,0.06507566228658845
ENSG00000076944,0.9128277594840307,0.8935304483721884
ENSG00000124299,0.8131755092464914,0.6094785380269497
ENSG00000105698,0.8821566498105311,0.9585342970548351
ENSG00000105697,0.2429830110602824,0.18708672184751443
ENSG00000105699,0.462873685458162,0.6027758688885818
ENSG00000007306,0.4252951354604294,0.305463906613662
ENSG00000105388,0.8729658465710306,0.9619385893957396
ENSG00000086548,0.13224070926476367,0.07778393126698063
ENSG00000105372,0.10983689867240405,0.15950480931695493
ENSG00000105404,0.45870813736956906,0.5199631195383587
ENSG00000105369,0.9535700247959056,0.892684803915179
ENSG00000126453,0.4031858535758701,0.26941081031177283
ENSG00000105612,0.10132521346983563,0.11017806941254965
ENSG00000130165,0.035922080426725796,0.03820184023509759
ENSG00000130475,0.4089839741706477,0.44672099150578104
ENSG00000072062,0.1714153358574414,0.1986528158538228
ENSG00000171051,0.10112585237123618,0.1274832845814976
ENSG00000105397,0.19663410022788383,0.21368035179710393
ENSG00000251369,0.8106428059340238,0.8745930127720158
ENSG00000188493,0.9649003806862746,0.9739604692663195
ENSG00000077312,0.22617194516355735,0.2186094082119243
ENSG00000261857,0.8531624520979346,0.7930323936774855
ENSG00000086544,0.4731995564293954,0.43205755044812244
ENSG00000105613,0.7802576649956876,0.6340629146370527
ENSG00000105499,0.770009160104406,0.8244083701403148
ENSG00000185453,0.9467151186295809,0.9549183003183875
ENSG00000105483,0.5860514677522535,0.7497951226747572
ENSG00000178150,0.3470225648241072,0.3670231791015687
ENSG00000142227,0.20198861788652248,0.2889494805450995
ENSG00000105486,0.7997775180164792,0.7713272520904394
ENSG00000172081,0.7934423003200035,0.6287174738703207
ENSG00000099840,0.32025068092410447,0.35285107353721257
ENSG00000131944,0.702346240270255,0.6069516849960754
ENSG00000142396,0.41453453548024133,0.4299162931477636
ENSG00000234465,0.13447510418407296,0.1274243347500732
ENSG00000160007,0.7844398299869788,0.8372207447700422
ENSG00000130751,0.37943456829120825,0.45387892067294633
ENSG00000130748,0.8591916469507901,0.9050026772917447
ENSG00000130749,0.6646511496373764,0.930532106468848
ENSG00000142230,0.1868774668317354,0.13076258021770856
ENSG00000105327,0.4617646200085541,0.4036297342054329
ENSG00000105321,0.9061570071244258,0.7883092686224638
ENSG00000257704,0.851184041933008,0.7435571133635807
ENSG00000160877,0.7969886213255422,0.8363701575674867
ENSG00000099341,0.7639369714170947,0.9166127654894383
ENSG00000065000,0.5897313263190918,0.626560228147833
ENSG00000104856,0.7596428062762282,0.7258916185910629
ENSG00000104859,0.8101929618302671,0.6015865946117576
ENSG00000170684,0.11968634557263595,0.3165420238491071
ENSG00000142252,0.061539034392963744,0.08315572179675625
ENSG00000104946,0.4971516277440403,0.4420291180231801
ENSG00000213024,0.7551871871995515,0.7957211318156993
ENSG00000063244,0.2787881912288954,0.278987477730764
ENSG00000130758,0.12911316400865278,0.15987743609677993
ENSG00000105219,0.10710578169996234,0.21585449946898747
ENSG00000105221,0.06823287350229425,0.10668437113181937
ENSG00000160392,0.6496617057978402,0.7542854385081034
ENSG00000090013,0.36870634419105563,0.4618551712755926
ENSG00000088038,0.3784705967120745,0.39387192914679825
ENSG00000130816,0.5877536265332598,0.5727870801181822
ENSG00000130158,0.08082597464016034,0.07330354843630289
ENSG00000185761,0.7570026967666665,0.9308863651857515
ENSG00000142556,0.9379134324928216,0.7199116414206095
ENSG00000256087,0.40873823836625467,0.3424773658608408
ENSG00000197608,0.06673447751879287,0.07173105713788412
ENSG00000204611,0.5022059587691419,0.6420336752545324
ENSG00000196267,0.09073116627996516,0.08162633193861628
ENSG00000196214,0.7052950721331342,0.5431129876828207
ENSG00000198464,0.7929623020555364,0.6044427238865926
ENSG00000167554,0.05731710663903513,0.04405082275996247
ENSG00000221923,0.22758175647244647,0.22934498253517327
ENSG00000167555,0.22979622717351922,0.20587184737740566
ENSG00000105568,0.5305565578941829,0.6803177041153066
ENSG00000089335,0.5716184042064257,0.8280666740584757
ENSG00000197841,0.8746165295175221,0.9479528339681994
ENSG00000153896,0.4415802688221584,0.3338791227442747
ENSG00000081665,0.785319822408228,0.506370497040274
ENSG00000256771,0.2975655650254652,0.2093719378230485
ENSG00000184635,0.7477877743967835,0.6538978681207002
ENSG00000120784,0.169326933946185,0.1643742160277235
ENSG00000161551,0.9214432117697507,0.9649102116574131
ENSG00000182318,0.7244846355457617,0.5904803921532884
ENSG00000174586,0.9867545766021725,0.8908873906726062
ENSG00000152475,0.9399108627794711,0.9064177006971633
ENSG00000083845,0.34056237298506525,0.34486349894941415
ENSG00000171574,0.4689276415721385,0.5098198813791365
ENSG00000131849,0.4337615014268884,0.3237311988746362
ENSG00000249471,0.7998828285900128,0.9328056967838187
ENSG00000083812,0.550002218962432,0.3685931625926173
ENSG00000083838,0.6917538733330928,0.4811060323234292
ENSG00000083807,0.04187945608694223,0.045116933621201366
ENSG00000119574,0.6675047231689782,0.5167088182054147
ENSG00000142002,0.8068838695159433,0.908646605723334
ENSG00000087074,0.19554395076235545,0.1968042930820698
ENSG00000104976,0.8361692039837666,0.7938610481451369
ENSG00000127616,0.7253285583958315,0.8542005607185582
ENSG00000099308,0.572158781311709,0.4847252198302092
ENSG00000105357,0.6903821371681638,0.5946742582810276
ENSG00000105664,0.17452789317634157,0.23796858126933
ENSG00000005007,0.9189927159347959,0.8178426820753655
ENSG00000105088,0.9810568707165087,0.9949315533780534
ENSG00000105443,0.323018432609193,0.3724029306914918
ENSG00000071564,0.2438334196960274,0.32906755172802
ENSG00000130402,0.24293825053101792,0.24427562564699515
ENSG00000196961,0.22931646504900952,0.2994422178898124
ENSG00000167460,0.14082536592226816,0.14981066485329111
ENSG00000167461,0.8827592077700739,0.9113228247266013
ENSG00000105205,0.2352527754471509,0.2765646172293481
ENSG00000125740,0.034260100439156414,0.014655381006995476
ENSG00000125753,0.02362556007761122,0.022085306229134606
ENSG00000227500,0.6535766288798972,0.6764821552132354
ENSG00000076650,0.6138607103215188,0.5793632306359928
ENSG00000245848,0.4149814389067147,0.5083571176329034
ENSG00000197619,0.857245662882781,0.6276731351867288
ENSG00000197863,0.8005642385580772,0.8724750263309978
ENSG00000185869,0.5528764558484269,0.612258939669811
ENSG00000251247,0.8440186495570882,0.8294077556605607
ENSG00000198453,0.48508504775204764,0.6244581903126907
ENSG00000167766,0.07398302744417946,0.06488297836013858
ENSG00000104812,0.7116863683641139,0.8364185954030555
ENSG00000196337,0.5783873853047012,0.5566491410461198
ENSG00000177380,0.5950772333475594,0.5519512156757533
ENSG00000130529,0.7984928119697815,0.8605105775591391
ENSG00000189001,0.8841418782822785,0.9212454610177794
ENSG00000105679,0.48949030514256553,0.493423177542498
ENSG00000105677,0.20852657546601228,0.07308621999829125
ENSG00000188629,0.16665429813895422,0.28805410996778447
ENSG00000062370,0.6726752412007645,0.8202429196560133
ENSG00000167384,0.031001058314499785,0.0626325602079997
ENSG00000073008,0.16336146598593573,0.14867582312428437
ENSG00000186567,0.31164519989605666,0.28558834992199406
ENSG00000069399,0.7756745338680415,0.7842772810713556
ENSG00000142273,0.4163535569511526,0.4072898882221865
ENSG00000187244,0.2778437364258704,0.2505504255308809
ENSG00000105223,0.4092494457616608,0.3501131080439531
ENSG00000267673,0.27411952541610257,0.21183917929271814
ENSG00000105376,0.4376450524925728,0.3390710007275428
ENSG00000161847,0.6475709509348003,0.5644299286342089
ENSG00000076662,0.49071474495166434,0.49190122511203926
ENSG00000099817,0.6761034665384398,0.5983405462367886
ENSG00000167468,0.4468633361707509,0.5730215181238121
ENSG00000105559,0.6609331000971672,0.4797274580200136
ENSG00000105426,0.7494918428115607,0.6414462890617446
ENSG00000104960,0.6912336211442157,0.6639739161276019
ENSG00000131400,0.046608695660605375,0.02162060720394193
ENSG00000131037,0.13157244499032084,0.07868458697449063
ENSG00000104823,0.9960661892108449,0.8628730939122669
ENSG00000268083,0.011868303033401532,0.010408179969757436
ENSG00000187994,0.39961084159694127,0.31084310920161773
ENSG00000068903,0.36611075053737974,0.266785205757102
ENSG00000104825,0.6036952214630246,0.7127029183805899
ENSG00000104835,0.603320577282355,0.6847089804794964
ENSG00000128626,0.5477640053864946,0.4308225847911141
ENSG00000269190,0.2864290357172019,0.3462798288548872
ENSG00000104824,0.8011401619614178,0.725618753260918
ENSG00000129351,0.5871442418272423,0.6555581164177111
ENSG00000141858,0.8425771099844306,0.8096376404580339
ENSG00000167604,0.1665892204026206,0.1858055706401774
ENSG00000076928,0.4385208459315264,0.28224919105837204
ENSG00000105204,0.38219712480967827,0.32933705232344845
ENSG00000090372,0.41842779307665934,0.3476376401203758
ENSG00000181027,0.7245760342967802,0.6800875327690099
ENSG00000105281,0.7343956227996422,0.6972070165379718
ENSG00000042753,0.1933166483911455,0.130663607464619
ENSG00000104805,0.22653526007285696,0.2456730507463587
ENSG00000130254,0.6831324666147679,0.7445219491038078
ENSG00000223573,0.2878769537866303,0.37948733552072733
ENSG00000211825,0.7356795293978897,0.6528137585845344
ENSG00000139910,0.323634247753925,0.35104553709060293
ENSG00000211829,0.24477576507702675,0.2799836432924841
ENSG00000151413,0.9876999623341469,0.9624678675328809
ENSG00000129515,0.18923874452626382,0.08737728052837694
ENSG00000087301,0.12992669291746448,0.18155169108802352
ENSG00000073712,0.6802856706147484,0.8608535138172727
ENSG00000129480,0.156374596879235,0.10476454384132837
ENSG00000100519,0.11094279122885763,0.041897088906972045
ENSG00000126773,0.5639501806384358,0.7198829866332196
ENSG00000126778,0.048237299911551484,0.057624695112281556
ENSG00000154001,0.7119885452244701,0.580707674923892
ENSG00000198252,0.1611271708723661,0.09267786013776562
ENSG00000126790,0.18259340798049828,0.1553669779493199
ENSG00000100625,0.16642734568272008,0.17973609528007317
ENSG00000100614,0.9498863762562231,0.9522157706493128
ENSG00000100612,0.9466249173393979,0.8123781126394497
ENSG00000100731,0.9616017199017886,0.9644101467561474
ENSG00000020426,0.1114491472884967,0.07161287639335737
ENSG00000179476,0.3968002061915391,0.6180039020803657
ENSG00000119599,0.5067209928470706,0.5122878363432861
ENSG00000050130,0.8452659426320546,0.7175288513752897
ENSG00000126785,0.09960176220223538,0.10133430740381474
ENSG00000180008,0.3871839588661494,0.34274111588636713
ENSG00000100647,0.31916932623571265,0.33296741960531484
ENSG00000258989,0.3717018546434835,0.5910190377456617
ENSG00000129521,0.5210007574376136,0.5235912716691258
ENSG00000165389,0.2480965465411964,0.22622689588325773
ENSG00000170345,0.22367798453879517,0.16621557037717744
ENSG00000119681,0.04937568207284131,0.07679211377803673
ENSG00000165898,0.05103159517476099,0.022429629043373405
ENSG00000140044,0.6872361582853651,0.8606488373060329
ENSG00000042317,0.28387010300289656,0.38298699348318277
ENSG00000198718,0.257249483634156,0.20435530940321783
ENSG00000053770,0.3241121812750798,0.23370762981411122
ENSG00000165548,0.7009955391071219,0.6335371536511362
ENSG00000125378,0.7806065266326667,0.7851617201047976
ENSG00000100650,0.916589086987057,0.7957394501702322
ENSG00000033170,0.9028340321435846,0.968454114225825
ENSG00000197930,0.9737831902754481,0.7994133504951964
ENSG00000139977,0.3456947145518775,0.25278027122752816
ENSG00000176435,0.02805625235941983,0.021320971168206054
ENSG00000182732,0.24518955151450245,0.3262918278937831
ENSG00000070778,0.007395615109793874,0.007833611929047421
ENSG00000100523,0.2560889438922198,0.26198566269588
ENSG00000139921,0.020596515239251965,0.007523409570979902
ENSG00000198894,0.5167776881219104,0.577717330850914
ENSG00000087302,0.053369869099823164,0.01901085786758308
ENSG00000151320,0.27893071767794925,0.4275658618451813
ENSG00000100629,0.5006571610576896,0.7753633620940565
ENSG00000139971,0.38873671643085006,0.31751596343583616
ENSG00000070367,0.5750587209110469,0.7678369571323844
ENSG00000119720,0.8203703295305397,0.8129618493392978
ENSG00000205476,0.9549380718205709,0.9728998520652415
ENSG00000080823,0.039144884443873595,0.016101845420776167
ENSG00000196663,0.9597360389437426,0.8635587244618637
ENSG00000100764,0.06824564523591065,0.02935945011583572
ENSG00000125384,0.2714643169932955,0.2886588650089906
ENSG00000066739,0.8735145094285091,0.9430375051882838
ENSG00000211949,0.3954138245086455,0.4100233775182526
ENSG00000100784,0.2251034647721472,0.30853808800547294
ENSG00000211956,0.22662135253340052,0.26377456336139193
ENSG00000182512,0.20342856323627992,0.09028176138170822
ENSG00000140057,0.8498070816203378,0.6837693517770564
ENSG00000088808,0.697138152487879,0.5167440466107682
ENSG00000066455,0.3278925819152845,0.16277225331658376
ENSG00000070269,0.2601614955401091,0.24936189616698037
ENSG00000054983,0.062295958499169767,0.11906288996601196
ENSG00000100739,0.34020935586569223,0.46336472731260747
ENSG00000211958,0.48920131285389523,0.524352933443785
ENSG00000170779,0.18680567233607673,0.15372148057807244
ENSG00000211952,0.09128380518161604,0.10118226010045556
ENSG00000211947,0.5772210439240398,0.4114271583203194
ENSG00000282639,0.7947511056686767,0.7177324439290084
ENSG00000211957,0.9021860485340373,0.8404013586544907
ENSG00000211943,0.46702432304217256,0.5816089595462092
ENSG00000100600,0.2502078104275041,0.2876346740142629
ENSG00000090061,0.4932701392518144,0.343336866306317
ENSG00000140104,0.5025691989586025,0.5810715975558733
ENSG00000183576,0.5024655831478306,0.34186438083253934
ENSG00000211946,0.13978925539567563,0.13021757965127856
ENSG00000185567,0.6721489706539782,0.6868657791731301
ENSG00000100865,0.4502625669695369,0.26571613426410173
ENSG00000211950,0.17673145113422017,0.1851684959120889
ENSG00000211955,0.2307868616325347,0.21768583167676395
ENSG00000165914,0.7160616397927887,0.845446626365406
ENSG00000270550,0.8192927543852356,0.8512012443135245
ENSG00000119714,0.23340860782120282,0.1932018979289862
ENSG00000211895,0.49649656928901764,0.45324523354159585
ENSG00000282651,0.28897558900462444,0.3430652202687664
ENSG00000152315,0.4175773303087871,0.4044708816771311
ENSG00000211951,0.4152646282416099,0.46730179137589045
ENSG00000042088,0.14120412175959712,0.06759279600830866
ENSG00000211945,0.07981813432638737,0.0386189858921609
ENSG00000231475,0.9864880814337148,0.864682186180403
ENSG00000131966,0.025530862260392365,0.016668067344799985
ENSG00000100744,0.9352542014582226,0.7388118092536803
ENSG00000211942,0.37617576646603657,0.42532411275227133
ENSG00000126777,0.31477636185977287,0.2605724544192605
ENSG00000140025,0.16750735832432945,0.10791731196137416
ENSG00000100599,0.14302527817471825,0.14714829648663996
ENSG00000211941,0.31452974864952654,0.39482820703640165
ENSG00000100522,0.6981682330941921,0.4033204478690777
ENSG00000277734,0.39748308778433306,0.4592548974439661
ENSG00000129562,0.6071352231064999,0.30126620187481373
ENSG00000155463,0.35121588726928665,0.2730449578952012
ENSG00000197324,0.01972199272052962,0.024176190419753135
ENSG00000100461,0.6723142290368757,0.7517515216925728
ENSG00000100462,0.18109656204845517,0.08831027845414999
ENSG00000259132,0.013255606922516913,0.016726959979349504
ENSG00000129474,0.2864589821332201,0.2642798412467057
ENSG00000100802,0.31163099517183035,0.35419915263497637
ENSG00000100804,0.17046354861655721,0.07503013673724292
ENSG00000179933,0.14177864258280423,0.08988840949837512
ENSG00000235194,0.02584866209112461,0.01893876399637065
ENSG00000100842,0.2817010704073987,0.301643830664365
ENSG00000259431,0.3511768182201642,0.24612414507354693
ENSG00000213983,0.6230888951450365,0.7051801036131627
ENSG00000157326,0.10902500822853527,0.09916978002711367
ENSG00000100721,0.6805423969339457,0.8004420493531511
ENSG00000100604,0.8018313171579793,0.9115670009995138
ENSG00000100605,0.8058683043726056,0.8974127228658911
ENSG00000165943,0.28258469944647774,0.3182757722352164
ENSG00000153485,0.03842457478015647,0.024938533125603828
ENSG00000170270,0.5774150910188559,0.3738053551149033
ENSG00000012963,0.294737775231457,0.23644977136388853
ENSG00000100601,0.15565281632559247,0.08035578173291014
ENSG00000119705,0.036671526078955664,0.013621555854377536
ENSG00000063761,0.05831561448057108,0.022756578514082713
ENSG00000151748,0.25551807066530047,0.19659623334168957
ENSG00000100504,0.81449875675298,0.929904356931969
ENSG00000119689,0.6947336899223154,0.46118565849482995
ENSG00000198208,0.553993653889075,0.5278494391919359
ENSG00000119630,0.1669112858863735,0.14318401538826536
ENSG00000119718,0.18582428580051571,0.06726590597802691
ENSG00000119684,0.11757091784559094,0.10920566351848636
ENSG00000119640,0.16633851344447562,0.14493067851006095
ENSG00000119703,0.19379450422894332,0.23562457116790048
ENSG00000170348,0.6752970527400655,0.976454602733467
ENSG00000196136,0.11969220600236817,0.09138443749090822
ENSG00000100528,0.20799998954662727,0.08066453938779067
ENSG00000197045,0.8002117343896481,0.5722966992734975
ENSG00000020577,0.7897687104338863,0.860019361555638
ENSG00000198554,0.2880395385400025,0.21308706641805297
ENSG00000187105,0.9422144618257798,0.97968586729704
ENSG00000139926,0.3230064241473363,0.28820617996736514
ENSG00000156411,0.042485405580519366,0.014869686568906209
ENSG00000100867,0.3668382585233215,0.2995019613648746
ENSG00000119655,0.32412502532215853,0.3814628731865106
ENSG00000100603,0.0956535680849968,0.03795066004165709
ENSG00000179454,0.6957034937046265,0.6098457193327189
ENSG00000166428,0.5867540310054133,0.43589084128208766
ENSG00000136319,0.6186979808755555,0.4247166141775105
ENSG00000100814,0.2595395126249037,0.2580877619877126
ENSG00000129566,0.18254994775213176,0.21609164428967176
ENSG00000092094,0.31538034887079835,0.421918426200779
ENSG00000100823,0.12890288870782673,0.06741814131277576
ENSG00000258818,0.10280858389683392,0.11460492639484961
ENSG00000259171,0.1462732686792554,0.15147809392889094
ENSG00000169413,0.2038100673938895,0.17431730735038964
ENSG00000129538,0.174999405500075,0.08805140147103413
ENSG00000169385,0.14512506178847162,0.2193429137282617
ENSG00000165794,0.984556812101874,0.8794948363443627
ENSG00000165799,0.340544978445698,0.23956392430708037
ENSG00000165801,0.33932650617127424,0.30614928403149144
ENSG00000165804,0.7584583186533816,0.8538231160337224
ENSG00000092201,0.46763100349444364,0.366576387028658
ENSG00000214274,0.14550215158754298,0.13628825660496305
ENSG00000166166,0.8802400030748854,0.769812612681096
ENSG00000256500,0.8562599035373611,0.9418481186498506
ENSG00000126215,0.36147870852698183,0.2795520153333926
ENSG00000119699,0.6863140381045177,0.5048697975084886
ENSG00000185215,0.2874340290420408,0.3098869217509909
ENSG00000165959,0.09454601790314618,0.0954643810696569
ENSG00000258986,0.9282057821428044,0.9348066919171645
ENSG00000184990,0.28068332578373806,0.19523018508990947
ENSG00000179627,0.6886981521317396,0.7355018311743475
ENSG00000100722,0.8477466173608367,0.94885843206414
ENSG00000165533,0.7476474421154256,0.4469276844314255
ENSG00000203485,0.1637713003045716,0.27761896877904035
ENSG00000131979,0.9686293810283861,0.9931493294903495
ENSG00000185559,0.47078203931025087,0.44033191548378015
ENSG00000100889,0.39040244883668895,0.4353294516835706
ENSG00000100897,0.7792371937989556,0.6975939623645813
ENSG00000092010,0.9835019719448074,0.7517810276093388
ENSG00000100908,0.0745399203892288,0.03974240142031479
ENSG00000100911,0.46081324531784384,0.32524978972548824
ENSG00000196497,0.9126822425121167,0.8483438214695154
ENSG00000100926,0.767417259613353,0.7685341940182093
ENSG00000254505,0.23730546331944374,0.11478591091736844
ENSG00000213920,0.5057873166594873,0.4771760501294612
ENSG00000129559,0.08636678738607628,0.02916525290012975
ENSG00000092295,0.6554077385599191,0.7491432305981462
ENSG00000157379,0.5253325051143294,0.44035182408171536
ENSG00000196943,0.9813409000318327,0.9111735436085888
ENSG00000213906,0.6090525018769934,0.6355949020785643
ENSG00000213903,0.4230527987324061,0.4221762117128578
ENSG00000129465,0.1730132704288564,0.13326623411641708
ENSG00000100968,0.5081808664818848,0.6394845649314882
ENSG00000100888,0.6615768663626651,0.6588171412731466
ENSG00000129472,0.8513890217431908,0.9639504556606711
ENSG00000100567,0.17884903634070473,0.08245966265924115
ENSG00000032219,0.44893390860561244,0.39121356529174245
ENSG00000100575,0.06657942402726236,0.025081925439372262
ENSG00000100578,0.4416652858068214,0.3865332352316888
ENSG00000100711,0.9638879701892737,0.9096911397425855
ENSG00000165782,0.7403960933736699,0.5115620360656679
ENSG00000140153,0.5160155364729047,0.44381784200280816
ENSG00000100592,0.8649180269850785,0.8433835761119257
ENSG00000171723,0.4259922058853325,0.33011657721265325
ENSG00000185100,0.4850080513534816,0.5132963107745809
ENSG00000165792,0.5540238099647312,0.3704596685638444
ENSG00000256553,0.2039738435129927,0.2834785265281937
ENSG00000211776,0.9824363201938349,0.8485427378237655
ENSG00000211778,0.577321840272487,0.5217868012618204
ENSG00000129473,0.5609486749438874,0.5801768669504217
ENSG00000165417,0.24257751838682987,0.16240738908758978
ENSG00000134001,0.704337339156806,0.4905947815881959
ENSG00000100558,0.35462211494483153,0.4791503749254157
ENSG00000156127,0.6540029927286887,0.6467292642280809
ENSG00000119686,0.12596603082851274,0.10610736522039069
ENSG00000119685,0.7052617553326366,0.5374769870084881
ENSG00000133935,0.4261240098395711,0.2121477919186878
ENSG00000089916,0.7767001243586266,0.57256543996739
ENSG00000119650,0.14128749797051895,0.04921208125000423
ENSG00000054690,0.5856454709854245,0.7830808704311479
ENSG00000100564,0.05804062924763979,0.02587811857987453
ENSG00000081181,0.22200474358509148,0.18031041200847472
ENSG00000100568,0.21343183485489536,0.13674942879212845
ENSG00000072042,0.44941265608543524,0.230285047072664
ENSG00000139988,0.8342817447476915,0.6572013800093697
ENSG00000136327,0.7517250850126169,0.654291253902676
ENSG00000198807,0.057279776522909824,0.041043104953704876
ENSG00000072415,0.33281995389654645,0.4647932636240555
ENSG00000100554,0.7662221918977302,0.550907191051735
ENSG00000100883,0.4344981433987948,0.26992790036687536
ENSG00000211959,0.4972656438307248,0.4945651514691184
ENSG00000232216,0.44234579296035437,0.5987536059375422
ENSG00000211961,0.3722651445800542,0.257998435497807
ENSG00000211962,0.721720468038807,0.542615680886962
ENSG00000211964,0.6827939060856375,0.6090553116721784
ENSG00000211965,0.6737684116276172,0.617162120542273
ENSG00000211966,0.022672079468869483,0.02802791866667913
ENSG00000211967,0.3891459193599154,0.3939127253024731
ENSG00000211968,0.4478110068901462,0.46086208526918593
ENSG00000224373,0.31658058244958953,0.299477931189234
ENSG00000119638,0.7581740008921107,0.5878889863141321
ENSG00000075413,0.7885460630416682,0.9083079538441821
ENSG00000205978,0.9606210488260281,0.976954083437852
ENSG00000139899,0.5613153397739582,0.5926611950916931
ENSG00000100441,0.4212223642818752,0.5867046016258457
ENSG00000100450,0.610573683091053,0.6788172338067748
ENSG00000100448,0.2781858386208714,0.2705078909021245
ENSG00000021645,0.18421823370421866,0.20393195612787926
ENSG00000139990,0.6892619530866142,0.7921083821664534
ENSG00000092140,0.8241124553083826,0.744647123414633
ENSG00000092108,0.5827433314323497,0.4295285222686449
ENSG00000197249,0.012025213418689683,0.00520730181737565
ENSG00000129484,0.18105078033261096,0.09938869545553868
ENSG00000133943,0.0726278047963036,0.06221801752999595
ENSG00000227051,0.4941096586297119,0.3685922215725569
ENSG00000168398,0.30692045822151187,0.3904010642483624
ENSG00000053254,0.4775373948629551,0.4479876206939074
ENSG00000157227,0.6542387131996915,0.7892298713065244
ENSG00000165929,0.8003314428618025,0.8927738114983164
ENSG00000100815,0.29014153195604725,0.20254623177241776
ENSG00000183648,0.006093068200930769,0.0013204111862990969
ENSG00000165934,0.21437079876658144,0.08784983652774103
ENSG00000092203,0.41198849643166247,0.3143910090235898
ENSG00000165819,0.16038745656626865,0.08792138524669392
ENSG00000165821,0.2996416817565336,0.3112220369688875
ENSG00000100483,0.01446739718128497,0.01780586096616435
ENSG00000100485,0.6013724344514242,0.8292037251673194
ENSG00000087299,0.13793827323914792,0.08331518656856593
ENSG00000100490,0.18963292143083807,0.19549023704149493
ENSG00000133983,0.004969101336037236,0.0021074658515790245
ENSG00000258644,0.7007331010523137,0.5072283472177563
ENSG00000213463,0.23751574976360315,0.2610684053094322
ENSG00000133997,0.04702694176791918,0.022192972896859824
ENSG00000133985,0.5110644181500081,0.5035853767380373
ENSG00000006432,0.45550860462851317,0.6421964435968195
ENSG00000100934,0.9772485654147597,0.7423234757459546
ENSG00000182400,0.16043862536516726,0.1076423358248036
ENSG00000100941,0.1364567385501117,0.1194925543445453
ENSG00000119682,0.7005076313413336,0.9375247614534671
ENSG00000119616,0.5269659456078755,0.421351964031108
ENSG00000119596,0.2472373150633989,0.19378404217254225
ENSG00000168175,0.49706961778044767,0.5024546636976835
ENSG00000131981,0.16044842250625008,0.10309068167097782
ENSG00000126787,0.06857593062606328,0.034101976521702944
ENSG00000178974,0.14674831184975431,0.12402024969695007
ENSG00000126775,0.3959639864300629,0.23172757319308773
ENSG00000072121,0.9408025226206063,0.9854417332897852
ENSG00000100916,0.624145130260531,0.4669925396287167
ENSG00000022976,0.5068703081755721,0.4472424530286967
ENSG00000100949,0.5257960369400376,0.5964312656608457
ENSG00000100796,0.049615941265328485,0.031108381442020095
ENSG00000092036,0.10410652657676703,0.05867938726239587
ENSG00000174373,0.8147887527058132,0.7576614929020744
ENSG00000012983,0.09330485721529065,0.07853625040060266
ENSG00000197102,0.8866236549448396,0.9875050516161397
ENSG00000100813,0.18244262714344503,0.16643183070215808
ENSG00000139998,0.8934413667405224,0.7158965171330003
ENSG00000257365,0.16731115460163554,0.07438788869899225
ENSG00000125952,0.029982250524115666,0.016947845870184605
ENSG00000172590,0.16200624957280188,0.06883434027633914
ENSG00000100577,0.3858921445487189,0.23245473378251413
ENSG00000100580,0.603198738008776,0.46285060357169305
ENSG00000183828,0.6294813233375914,0.4567469323913992
ENSG00000126822,0.7416049689398192,0.7300044017096459
ENSG00000070182,0.7826000764860827,0.7733334290177805
ENSG00000009830,0.3180939851134692,0.14266709998091068
ENSG00000142208,0.9923520429308387,0.8615651228219727
ENSG00000184887,0.6306315797531092,0.43868209531970426
ENSG00000198513,0.6269209448753504,0.4988273157111647
ENSG00000100473,0.10507563955595964,0.16090152124976673
ENSG00000196792,0.72960871190082,0.762168966036868
ENSG00000072110,0.2101828373480127,0.27280176811877727
ENSG00000100478,0.36427734110834264,0.2824360276651517
ENSG00000185070,0.362678671418191,0.42109833391038487
ENSG00000090060,0.41557379099491965,0.2214369179036215
ENSG00000258289,0.11126896907257545,0.056056478878400755
ENSG00000092208,0.04718184252786035,0.019999714471007287
ENSG00000100836,0.0765374921750167,0.046762358647188564
ENSG00000100445,0.06347197339610862,0.0641730358894799
ENSG00000211785,0.8511109133682571,0.9328066242396638
ENSG00000211787,0.6419641592110044,0.5616279411629264
ENSG00000211788,0.6819567851577159,0.849266781863503
ENSG00000211789,0.7427070452556244,0.8053791238914704
ENSG00000211790,0.905059657781776,0.8962346428057175
ENSG00000211793,0.5820306829754073,0.5580814411740718
ENSG00000211794,0.5413038382281977,0.6047737375329088
ENSG00000211796,0.7497117805687181,0.7653214442698522
ENSG00000211797,0.3502602867167113,0.32926602210783645
ENSG00000211799,0.9870396237173331,0.9557157968283552
ENSG00000211801,0.5266518443078461,0.388953207528822
ENSG00000211804,0.04054664912447205,0.05777990023374192
ENSG00000211817,0.721542290627459,0.747211085699745
ENSG00000211818,0.00728004283630968,0.007259108257278952
ENSG00000211820,0.2726227656793416,0.3228384891903771
ENSG00000211896,0.651885317154661,0.6310222371665171
ENSG00000211897,0.8194072936923524,0.8294852724549983
ENSG00000211898,0.4487521422412234,0.43436304708463247
ENSG00000211899,0.2307516288092713,0.20955295576169003
ENSG00000211900,0.03886343496701043,0.03667522099732322
ENSG00000242472,0.20524687681834827,0.12433429617387126
ENSG00000240041,0.6012468215793219,0.5953260511060667
ENSG00000242887,0.8529635427474433,0.9755379952853979
ENSG00000211904,0.9584149771135666,0.8915038629975593
ENSG00000211905,0.49483127985347786,0.4502498684961518
ENSG00000211933,0.7102008902831416,0.7152454803429754
ENSG00000211934,0.7675124828453675,0.7503450906273516
ENSG00000211935,0.9760495009644767,0.9405102683897664
ENSG00000276775,0.96412386413807,0.9843088011811559
ENSG00000282122,0.3083793449016771,0.3709163194307107
ENSG00000211937,0.34430042472069533,0.29208432078136404
ENSG00000211938,0.571421410095708,0.5138759372414454
ENSG00000211970,0.6050348815805549,0.7254905317337759
ENSG00000223648,0.9108398868081088,0.7348690404170418
ENSG00000211972,0.2919722060831217,0.4475062124100846
ENSG00000211973,0.4209186620743324,0.25115279810481217
ENSG00000211974,0.8434779970092523,0.7824277487539248
ENSG00000281990,0.37838416095109406,0.4316964169689137
ENSG00000280411,0.7370009172716531,0.7028592276166161
ENSG00000274576,0.9348550740550053,0.8673389264006751
ENSG00000225698,0.6557107478152122,0.4679258033680539
ENSG00000211976,0.7042132414199191,0.6815296796845598
ENSG00000224650,0.6781663218519316,0.5887399718233519
ENSG00000211979,0.18730283382765636,0.18480949132080815
ENSG00000176438,0.11655757955150768,0.1058361217754683
ENSG00000197555,0.7489408248272187,0.6113940204901971
ENSG00000126804,0.6112308458637976,0.737316341967202
ENSG00000100505,0.43876511759243864,0.469433598599857
ENSG00000100644,0.18831990063281753,0.15972794129435583
ENSG00000023608,0.01672098301922394,0.013579123892546115
ENSG00000100918,0.7977233880062675,0.6055906823521524
ENSG00000176473,0.531944753954612,0.4140112422185305
ENSG00000100628,0.964303753745081,0.8197777024522188
ENSG00000089723,0.6047800832258136,0.7313839359203891
ENSG00000165948,0.9876629066207855,0.7603203889511894
ENSG00000119632,0.7083522491621739,0.5524920213204911
ENSG00000119698,0.702685539495755,0.6643944564479562
ENSG00000126803,0.3045533277863535,0.42698444157733706
ENSG00000136352,0.05820257611842514,0.035317870500816625
ENSG00000165588,0.006895054828037142,0.012228317270517253
ENSG00000183484,0.0665123508930321,0.03310498017111558
ENSG00000184916,0.7946487224775922,0.9694676027340886
ENSG00000179364,0.3628305447321546,0.5288738108004244
ENSG00000182979,0.22841184045659216,0.15360008643919654
ENSG00000182809,0.05412000564307163,0.051498978545082896
ENSG00000213145,0.26943159661761007,0.3019433842760252
ENSG00000185347,0.8556865562731382,0.7046484307089312
ENSG00000184986,0.86144152425351,0.9039499258188916
ENSG00000211890,0.17647927567313887,0.14008766433059094
ENSG00000211892,0.9741682635844444,0.8514255166036039
ENSG00000211893,0.47470089459386644,0.5180257197509356
ENSG00000183092,0.47732186515407204,0.5623673527669464
ENSG00000071246,0.44982207698572885,0.4514489348866264
ENSG00000013523,0.44283749789338855,0.2906725025056324
ENSG00000119669,0.841694426648713,0.8454700384640847
ENSG00000166165,0.7980102868062325,0.8333164846964471
ENSG00000256053,0.6521378547540775,0.2762001205192698
ENSG00000184304,0.6177573609145144,0.6008970511527851
ENSG00000125375,0.43023371292551893,0.4086060403346419
ENSG00000211448,0.3199450515655694,0.2814592617132327
ENSG00000139970,0.39706013575942833,0.3158315021926218
ENSG00000100526,0.02496570902044853,0.005966791209497862
ENSG00000100852,0.5966752837256284,0.5566513267578685
ENSG00000165795,0.7659021824676719,0.9703494557647777
ENSG00000100453,0.5693711731817837,0.7774982396261011
ENSG00000054654,0.06979984144038548,0.06608413965750708
ENSG00000099814,0.46053122838824956,0.4844517463223649
ENSG00000187630,0.005644193528406263,0.006191213121445132
ENSG00000185024,0.5869617293457805,0.5360781968639685
ENSG00000087303,0.4608672541883454,0.6220881571184521
ENSG00000015133,0.17057067772046686,0.14041716819155564
ENSG00000100938,0.04535221435114832,0.030471846815938005
ENSG00000139880,0.08411145802852055,0.04936192427217535
ENSG00000151332,0.6100325229726353,0.58406666563779
ENSG00000066427,0.888147890257427,0.861419562295974
ENSG00000089737,0.0023153265340852577,0.001695417316810172
ENSG00000027075,0.5926577040656531,0.5309155198589792
ENSG00000092068,0.26627933603319554,0.35636572954352186
ENSG00000176153,0.5183187496951176,0.6036714495436466
ENSG00000198668,0.9487712892555956,0.6995619276410384
ENSG00000129518,0.07343255513869454,0.06572177767845022
ENSG00000092199,0.12100119746697621,0.06726900046612665
ENSG00000150527,0.3459341830449978,0.3004252244739709
ENSG00000136305,0.2210331535010802,0.17518188300407883
ENSG00000100439,0.4505314833658799,0.4015212558786192
ENSG00000186469,0.4432307900388571,0.4660635532636791
ENSG00000156050,0.7213941351813435,0.6702406576479724
ENSG00000119723,0.6391178215308363,0.3669585496503296
ENSG00000187097,0.06646665577767713,0.04904021108286662
ENSG00000119636,0.07844251911579088,0.10672834961167257
ENSG00000119711,0.9392945546339162,0.7638070847391585
ENSG00000119688,0.6325697150661104,0.5996134926771283
ENSG00000205659,0.1869858668319503,0.10804666468702029
ENSG00000165525,0.9184254078564347,0.9548080554656362
ENSG00000165527,0.32125433013182325,0.22540646860689154
ENSG00000165410,0.28065247198487964,0.2796851974448545
ENSG00000198604,0.5055359074369485,0.4580117882457563
ENSG00000092020,0.550605675807635,0.3675732276049284
ENSG00000100890,0.3012774702398314,0.14683499363562474
ENSG00000100902,0.36101508368794855,0.2287901138097571
ENSG00000151445,0.37462106874567214,0.14538768792281265
ENSG00000100591,0.1505000962305499,0.049045250492473394
ENSG00000100593,0.08839769150857552,0.06837109809100532
ENSG00000100596,0.15017766986313077,0.16344150989486775
ENSG00000100632,0.0029039858311210496,0.0009179111147255822
ENSG00000029364,0.16885861148189377,0.09020115741502366
ENSG00000081177,0.2797801575658213,0.1521154405632045
ENSG00000140006,0.17656125321011906,0.13055840275288597
ENSG00000198133,0.719511462573521,0.6771029235594017
ENSG00000071537,0.506202738384286,0.646216889265284
ENSG00000140022,0.16123151075147263,0.20578367514484755
ENSG00000165949,0.18887608219203228,0.15562740480683981
ENSG00000129493,0.4490781807725195,0.2757139703344332
ENSG00000184227,0.8090957577723796,0.6080026367403399
ENSG00000119673,0.7286919386634192,0.5618950546737396
ENSG00000177465,0.45193558422256097,0.39630052120039727
ENSG00000119661,0.9067308414326898,0.9317912702295809
ENSG00000176903,0.90262897093291,0.8399116362403861
ENSG00000140043,0.0364940476698339,0.03403920231365734
ENSG00000119725,0.17236793865811798,0.06885722015995216
ENSG00000100583,0.3035078881986449,0.21582568029572968
ENSG00000168952,0.08980059844604055,0.06981140173594737
ENSG00000182185,0.6921262596536699,0.4619207974184093
ENSG00000165355,0.2021521243594824,0.13877389906545634
ENSG00000092148,0.6462171128863605,0.6739767346389738
ENSG00000166170,0.8751715810668326,0.7907811250039363
ENSG00000126214,0.9337606834413403,0.8338214467047852
ENSG00000080824,0.9127742211679478,0.7452505097812205
ENSG00000078304,0.8408265452962398,0.7771305621175468
ENSG00000129514,0.4401920258455335,0.41961694875570443
ENSG00000011114,0.4013494535099731,0.5714815840816994
ENSG00000187581,0.39178963320966664,0.3914937818367751
ENSG00000175785,0.12014665215692814,0.14769133476291355
ENSG00000182521,0.2311809036465884,0.2334737884108379
ENSG00000183032,0.25349183239224027,0.17426233691156762
ENSG00000156030,0.2953034006304594,0.2662943395826413
ENSG00000092096,0.24598262379535987,0.36114082724026964
ENSG00000139865,0.2458008708093029,0.19293160203635848
ENSG00000185246,0.8351247806643362,0.8223184422735016
ENSG00000100442,0.08516404007079403,0.036891455530069256
ENSG00000129534,0.6207981142576062,0.4987789537498257
ENSG00000187790,0.31464956406133215,0.20191527424097164
ENSG00000182545,0.1463170657333468,0.166723066047588
ENSG00000100532,0.6888172320785626,0.5421607223198555
ENSG00000182218,0.409448959015986,0.46633192451282546
ENSG00000066629,0.45653255612878363,0.484272539379046
ENSG00000166183,0.3399596462562753,0.3856664646200313
ENSG00000066735,0.3772987380115471,0.37166842113846743
ENSG00000089775,0.49376048178956744,0.30405625981152895
ENSG00000100714,0.4225712077221955,0.24326414142236488
ENSG00000100697,0.6692504352240873,0.5833516614829755
ENSG00000198805,0.6373427834265033,0.7341804376903845
ENSG00000165861,0.7964345388577094,0.8711307645615568
ENSG00000119707,0.9206105490797732,0.7331188971076528
ENSG00000100767,0.14700463969268746,0.14101579035055506
ENSG00000133961,0.3891799007100669,0.5251735653879988
ENSG00000170468,0.4198151074156462,0.39681143520565576
ENSG00000100906,0.9821249282935197,0.8365579222485848
ENSG00000151338,0.364669872309377,0.306323731963496
ENSG00000155465,0.14700118165598847,0.17470400279715173
ENSG00000213928,0.6693428078326535,0.6358096313660633
ENSG00000127152,0.2091405782783513,0.311721605450389
ENSG00000092330,0.542798027963439,0.4981308316794798
ENSG00000092098,0.8319269075704988,0.9025355560703627
ENSG00000156381,0.4683220961240083,0.44114984497505016
ENSG00000089902,0.5368500872558324,0.5613879070160751
ENSG00000166126,0.6152991172294722,0.6239203656729235
ENSG00000131323,0.7682021912884471,0.8848010337343659
ENSG00000213741,0.019064908275258516,0.005617084617322738
ENSG00000165501,0.047280516908678384,0.026011066246924203
ENSG00000165502,0.06354824705797966,0.041627625767339034
ENSG00000168282,0.37820814405067604,0.24888846845799406
ENSG00000165506,0.08568196995963491,0.04957278773336118
ENSG00000100479,0.07402593194231069,0.026506840845003276
ENSG00000165516,0.8647366678537431,0.9817440678618032
ENSG00000080815,0.8270533977919522,0.6508574535886371
ENSG00000258643,0.6160241485246387,0.4287893615439178
ENSG00000198752,0.09137497253744378,0.12858470613306544
ENSG00000126814,0.18665017937263373,0.1268610116430299
ENSG00000139974,0.0596401839210804,0.04051101936767059
ENSG00000182107,0.7160295698157582,0.5641975177086943
ENSG00000151327,0.7442352977607424,0.4395479677542683
ENSG00000129460,0.04061719879998231,0.029106737299617016
ENSG00000140030,0.5512162203532396,0.4672909607517567
ENSG00000197119,0.2652590781705853,0.29130782465530797
ENSG00000140105,0.9400846753469873,0.7891965561700408
ENSG00000100811,0.1605253096478526,0.08762332105839678
ENSG00000139946,0.1107529419093148,0.1998688924985764
ENSG00000198732,0.188896592613478,0.14757111251071228
ENSG00000185650,0.6983470068297519,0.8942586566845163
ENSG00000196405,0.2997411055344741,0.3571644004441893
ENSG00000126821,0.2757202555276076,0.39214875536857086
ENSG00000140092,0.388871773416935,0.3538207613104878
ENSG00000100503,0.7317343847053862,0.6776784784681236
ENSG00000168350,0.22125708673304914,0.15948999968875244
ENSG00000100664,0.9493218556314854,0.9664397206659783
ENSG00000165617,0.1268835266500706,0.21656293136053514
ENSG00000100749,0.024990772685505248,0.006750798711124028
ENSG00000158270,0.05737228252481957,0.04571701952903116
ENSG00000141401,0.7475805045282198,0.8721184605974048
ENSG00000168461,0.5393128478141134,0.6759192157232512
ENSG00000176105,0.4957447101456066,0.46524358996170867
ENSG00000166974,0.05726651162113501,0.04715662295109125
ENSG00000178127,0.7091931062890507,0.8368852172997961
ENSG00000154889,0.6979704501817119,0.6218380564068843
ENSG00000017797,0.9890624495990169,0.8898952208247066
ENSG00000141380,0.9369958066276836,0.8156323125226554
ENSG00000101745,0.6550274422579108,0.46964480902601424
ENSG00000152242,0.21508610934006797,0.18137020367823886
ENSG00000154839,0.5025500881972744,0.3926657195140312
ENSG00000141425,0.5949911464047696,0.3717231741644481
ENSG00000101773,0.5533152851166525,0.7515960270819646
ENSG00000168234,0.11007401410936273,0.21169565801820553
ENSG00000187323,0.29948107575401295,0.48502023934533545
ENSG00000141639,0.03180309192331904,0.013605702384745157
ENSG00000141622,0.48525990675747543,0.5788009341567167
ENSG00000067900,0.126846711540857,0.0990085567091589
ENSG00000176641,0.7783735407385008,0.8078420824063299
ENSG00000166510,0.003003749142939588,0.0011977934531720265
ENSG00000175387,0.18552952800426692,0.1723776330010497
ENSG00000041353,0.030243682460889116,0.02573125751280166
ENSG00000091164,0.4195082041086424,0.4809819289679078
ENSG00000134030,0.007279841910719216,0.005878426565261534
ENSG00000082212,0.8673315945127332,0.9418366717719497
ENSG00000141441,0.916221748075948,0.7281922775630453
ENSG00000184828,0.1174058768927278,0.21521632159833123
ENSG00000101782,0.5260384697349263,0.385757756172907
ENSG00000141458,0.39150864144442055,0.3009748685309371
ENSG00000172466,0.3060840512072248,0.19693495506524608
ENSG00000166562,0.1980959575187285,0.22410284977208955
ENSG00000134779,0.9742893125226704,0.881344102348591
ENSG00000166479,0.9422990163436531,0.948731761089549
ENSG00000141452,0.47021504679143444,0.3175322931164875
ENSG00000175354,0.24020943931946198,0.288787816664447
ENSG00000186496,0.4440868986196175,0.3500373953022612
ENSG00000081913,0.27422330146877333,0.3943137878455234
ENSG00000141428,0.0905938128427573,0.13081883988352702
ENSG00000134504,0.06786545556137501,0.19733502033459785
ENSG00000141424,0.9796690026461048,0.9736686998199986
ENSG00000198081,0.9517995347036088,0.894047045942669
ENSG00000198795,0.44105098351106486,0.5002816338651166
ENSG00000154059,0.8349434677099746,0.9639575519991235
ENSG00000141668,0.8474162795600987,0.8509996142413839
ENSG00000197971,0.13867805701362518,0.07704248941043772
ENSG00000101493,0.4717036002113466,0.3066110937429175
ENSG00000154080,0.13714805363147525,0.3393286951292412
ENSG00000186812,0.6952875572488396,0.4837691844020756
ENSG00000134490,0.05285399062517423,0.04165970214581803
ENSG00000134759,0.9490373663766711,0.7852948376662675
ENSG00000150637,0.2789547771750705,0.18633852826702813
ENSG00000101695,0.5930728772375187,0.49649042701239887
ENSG00000197563,0.6995606893055696,0.7410554624143855
ENSG00000075643,0.05717415218973855,0.0406547643762213
ENSG00000133313,0.09060423886659875,0.06571490624389555
ENSG00000267140,0.6202393429780202,0.7149256805541315
ENSG00000186814,0.2411112046631118,0.2207490866559485
ENSG00000128791,0.22820655922952174,0.1592576426138376
ENSG00000206052,0.9296306418203432,0.7737662581627018
ENSG00000150477,0.8831154631144329,0.9714719101843461
ENSG00000154065,0.3332361993286194,0.4093963556044584
ENSG00000078043,0.9871726944159623,0.8684083407460773
ENSG00000167220,0.70572131041269,0.5992231408623883
ENSG00000134049,0.9245932302258433,0.9522421756103526
ENSG00000177426,0.5862166486532638,0.7164591087372741
ENSG00000141384,0.6547016573281448,0.42673666332518934
ENSG00000141682,0.3950447579818944,0.531167162490831
ENSG00000134757,0.3898645920329681,0.486595494609272
ENSG00000170558,0.10615811346547653,0.08818512676299264
ENSG00000215472,0.37871882236855936,0.3419643016286661
ENSG00000101670,0.03364124844964332,0.03095391727138819
ENSG00000141627,0.9468825081350438,0.8100747726790645
ENSG00000176624,0.5414948235963377,0.5737811098300185
ENSG00000196628,0.7698839045180419,0.6589846201251593
ENSG00000171885,0.03724061023800858,0.010071029235661224
ENSG00000134440,0.5856515880167008,0.5758900453658352
ENSG00000081923,0.9498939401491812,0.9660066160185432
ENSG00000153391,0.9325302799674114,0.9453567342389593
ENSG00000173482,0.012739246680437601,0.015411659611236653
ENSG00000154655,0.6591799669461125,0.4557387232747445
ENSG00000141448,0.04038037646702946,0.03007717201978834
ENSG00000088756,0.252476692908116,0.34012740294471333
ENSG00000134444,0.36763634578671434,0.4409311877299499
ENSG00000074657,0.37285841841551204,0.3088337138172379
ENSG00000177576,0.4491673525709525,0.3321334868330895
ENSG00000154856,0.8579281514425795,0.7828461680255219
ENSG00000134265,0.9008668336436794,0.9027439400532429
ENSG00000170677,0.3355659557493326,0.2826150456131271
ENSG00000141446,0.2544639123832777,0.438696609596963
ENSG00000167088,0.43375699014041436,0.48504813654811885
ENSG00000158201,0.8503516150555912,0.9805983601561712
ENSG00000119537,0.4580499926428414,0.3664173000452259
ENSG00000119541,0.6769430196497425,0.6141232017826785
ENSG00000206075,0.9890176908665806,0.815794295050898
ENSG00000171791,0.41687921154435215,0.6623640220317707
ENSG00000176014,0.7076911944908875,0.6230572172746853
ENSG00000177150,0.2562062706506968,0.35674449948173126
ENSG00000101654,0.40595405622448144,0.621269341271111
ENSG00000132205,0.30713206521755665,0.3006569673026199
ENSG00000101608,0.4974870979735523,0.5800839187585538
ENSG00000118680,0.821961543231539,0.7294721522417306
ENSG00000134762,0.1674672182092464,0.27590912898894593
ENSG00000134760,0.8757949876030985,0.8906309308978311
ENSG00000154845,0.6649124124745305,0.6434082748491785
ENSG00000131196,0.41086204926485004,0.3320262373119724
ENSG00000153339,0.6373262948317283,0.7745028805208053
ENSG00000150636,0.06749761250501092,0.0841863120490983
ENSG00000154040,0.8329222349482757,0.9019374169144408
ENSG00000053747,0.6338924967507938,0.4339692449126913
ENSG00000141404,0.6013489397492828,0.7994238990264353
ENSG00000134758,0.934377257666307,0.9727746959791489
ENSG00000176225,0.7327598094943171,0.769354246167475
ENSG00000197641,0.01079013113904109,0.02532953261791854
ENSG00000206073,0.24693575841512735,0.35596794606245263
ENSG00000206072,0.466619857970894,0.5727425439130299
ENSG00000057149,0.3546485472244765,0.500714508240505
ENSG00000082397,0.7430449344890484,0.6664164848803603
ENSG00000187773,0.01916784542383875,0.029076044829529638
ENSG00000075336,0.028983694645448897,0.025327724191786936
ENSG00000166347,0.5811421114575728,0.5790372015719776
ENSG00000134769,0.8041879584356713,0.7552007974176878
ENSG00000166634,0.5741199524325605,0.6399425385502108
ENSG00000171451,0.5253240349191568,0.41137802344356955
ENSG00000141391,0.7603913558583336,0.9269295444357757
ENSG00000122490,0.49348773819683656,0.39092026544614467
ENSG00000134755,0.9103860811399332,0.7860335550880075
ENSG00000206418,0.5553386700205575,0.802461289184521
ENSG00000066926,0.2559755491429135,0.17423630921535874
ENSG00000046604,0.63180938501007,0.65656340435323
ENSG00000134508,0.7855419425053243,0.651625026865162
ENSG00000118276,0.6066181049738213,0.4746007943155629
ENSG00000265681,0.1985644078161591,0.2637278216363814
ENSG00000101665,0.004016277801339609,0.00385086105843459
ENSG00000141429,0.7487779601731687,0.7225888291745103
ENSG00000215421,0.5751255453379018,0.4351294318508224
ENSG00000226742,0.8490206616005131,0.8629620290101517
ENSG00000141759,0.07807198911277212,0.0634958591131434
ENSG00000101546,0.6656121683149633,0.672108565389844
ENSG00000101544,0.9551111258478077,0.8397666510134751
ENSG00000178184,0.43774521617883,0.5957843012942012
ENSG00000101557,0.7051386913334764,0.6492765104418025
ENSG00000141642,0.23546514665829216,0.2516339414948325
ENSG00000141646,0.8416550920038388,0.8112030258376497
ENSG00000101574,0.2083757372585894,0.3269149594967926
ENSG00000080986,0.13098750701301787,0.16396224963368852
ENSG00000101596,0.4139185926279493,0.5503553756294108
ENSG00000166377,0.7836280764476324,0.8987790984010067
ENSG00000078142,0.4904696919481003,0.3173374210309621
ENSG00000079134,0.16729423760880577,0.144096606693974
ENSG00000141447,0.11532934081913047,0.09191280247281707
ENSG00000091157,0.7052027809646884,0.7405119951014233
ENSG00000101680,0.8983138989346755,0.9431781022963908
ENSG00000176890,0.8776925184943719,0.8668464684045353
ENSG00000132199,0.5524444889850195,0.5011403681013606
ENSG00000134775,0.8468105636195421,0.6574129413199025
ENSG00000141385,0.4761351861525078,0.45167151197394395
ENSG00000060069,0.7936423944758777,0.6186158838957441
ENSG00000152217,0.6234540634601733,0.6228894312969873
ENSG00000049759,0.8970043115530799,0.724779362820555
ENSG00000101558,0.9022169622375757,0.8097919425494315
ENSG00000154864,0.24749277377506698,0.17942020982298643
ENSG00000167216,0.4891347947497653,0.6231133080073594
ENSG00000134046,0.2098389177903104,0.24369517225157294
ENSG00000101751,0.6191136746930095,0.6311794302081829
ENSG00000166845,0.5181053910907718,0.5582215295895747
ENSG00000134278,0.524198502113594,0.66303959836503
ENSG00000101752,0.7891072559567545,0.5912138690819854
ENSG00000168502,0.626586873199291,0.9642387643924569
ENSG00000206432,0.756463577655734,0.9162347886909468
ENSG00000134443,0.6547160671520709,0.6587796432030921
ENSG00000074695,0.24313946326339428,0.2975717594490608
ENSG00000183287,0.29020827429121027,0.22068463264639449
ENSG00000141469,0.12319990517735924,0.12682407389469225
ENSG00000152229,0.7015182589422548,0.6826578152328009
ENSG00000152234,0.3873042920434062,0.48435789868925905
ENSG00000152240,0.6649008618248375,0.5774879780928774
ENSG00000152223,0.13998073662929944,0.11409660989123065
ENSG00000101577,0.2552907895883001,0.1925346413346945
ENSG00000172175,0.4500697538628935,0.3722658703650007
ENSG00000166396,0.953719713900904,0.9787918221842434
ENSG00000197632,0.545280787300606,0.7721428585086065
ENSG00000221887,0.3434249139450949,0.46579819352459295
ENSG00000166401,0.9748134506870493,0.9187720503160356
ENSG00000167315,0.24132160229189434,0.2546030336131874
ENSG00000172361,0.5134026812744468,0.7913905183383111
ENSG00000154832,0.8158339017977215,0.7616339979211989
ENSG00000167306,0.8088620746247075,0.9097522726378197
ENSG00000101624,0.10841828988761833,0.13163490825597735
ENSG00000128789,0.19361874529666903,0.20823603760989487
ENSG00000085415,0.3321074855047489,0.30209839358259616
ENSG00000101639,0.7195218742825136,0.8174501731980389
ENSG00000168675,0.07201753968173293,0.03194739632539199
ENSG00000079101,0.142201407512683,0.11540996488453954
ENSG00000141655,0.9744110062063869,0.875073108700634
ENSG00000141664,0.9113947766608561,0.875538450170676
ENSG00000255112,0.8956868612422445,0.990188991191563
ENSG00000179981,0.7727354052782536,0.6672727204607919
ENSG00000141644,0.4929276442835795,0.4226851547941879
ENSG00000130856,0.7356530284733507,0.6464846299840596
ENSG00000180011,0.9609789255328564,0.8980030082215538
ENSG00000170579,0.9006810708591598,0.8654684883835174
ENSG00000171853,0.5044698411110642,0.437365513051477
ENSG00000182551,0.09389864160449575,0.03632156728006766
ENSG00000171865,0.7033799320590135,0.5968576357972286
ENSG00000151353,0.7502767347080587,0.6216091233386964
ENSG00000171863,0.02247288580364802,0.009706911253651506
ENSG00000163029,0.0230147601742623,0.011510619414735506
ENSG00000162981,0.10507887182554831,0.10916662391445912
ENSG00000151693,0.3123052088993946,0.30072567178166204
ENSG00000084754,0.2040825429781083,0.14064343330665116
ENSG00000143867,0.28625551294654555,0.3530017079382365
ENSG00000183891,0.08633103778097916,0.09242576359724163
ENSG00000196208,0.6566905402814955,0.7903043511214255
ENSG00000178295,0.2584109021934674,0.24247243186543171
ENSG00000163032,0.6194528420168298,0.6520709338585329
ENSG00000138061,0.11154168295289063,0.15523464581149343
ENSG00000118961,0.09650524540740256,0.05747573064445471
ENSG00000132031,0.5420357647859029,0.3057139974685266
ENSG00000118960,0.6593941839940928,0.3551220542300816
ENSG00000119778,0.39616016724746406,0.32549886578728265
ENSG00000068784,0.293017136625711,0.28086933516773815
ENSG00000162949,0.3218840362058578,0.28051443689664246
ENSG00000049323,0.8865567559672292,0.9479724717045773
ENSG00000214711,0.6708062247912551,0.6972525582377149
ENSG00000158125,0.16893897130487165,0.22729905463092845
ENSG00000171132,0.8984891974426497,0.7294734694813706
ENSG00000115808,0.6382950311713652,0.6896365272715816
ENSG00000115163,0.2247885852369068,0.1195440974538886
ENSG00000115380,0.9183144061355784,0.8213743810108264
ENSG00000013016,0.25218210989372325,0.2277694907843647
ENSG00000115421,0.4599061990676674,0.4519755219795276
ENSG00000138029,0.3753464481601215,0.18062906388427213
ENSG00000171055,0.6675519483360444,0.6438521249862559
ENSG00000196975,0.8919075167416256,0.7781872846954947
ENSG00000143951,0.12307691451444924,0.16225695260257328
ENSG00000115944,0.15673166333531244,0.057549601629577285
ENSG00000144040,0.35070987761759786,0.3599731453943963
ENSG00000075292,0.30083212618180005,0.39921591788299526
ENSG00000119787,0.6416991445972481,0.5369588962530076
ENSG00000275052,0.5337323996455243,0.4094228143715478
ENSG00000115464,0.44301378534755276,0.4254475045431103
ENSG00000143971,0.15942841205853814,0.21407884949554337
ENSG00000213626,0.3937531941989665,0.4194375080468711
ENSG00000243667,0.08061747977808892,0.0896503224565677
ENSG00000186854,0.24506569406284515,0.31136410859179026
ENSG00000115363,0.046682214789237265,0.05390597648805065
ENSG00000143889,0.8263861408733654,0.9187576200374801
ENSG00000115946,0.11997601525921825,0.08610055088912372
ENSG00000138035,0.5567122979742333,0.6657292197339176
ENSG00000170577,0.3007974065833218,0.32785983475412056
ENSG00000138083,0.24537839865907962,0.3199742942990502
ENSG00000213699,0.08064289646758048,0.18527292965814215
ENSG00000115350,0.7729489293857805,0.5833704521489764
ENSG00000152147,0.012576344272151336,0.0031016107185319244
ENSG00000115239,0.26806794933767786,0.2680983155039219
ENSG00000116016,0.15622300248695833,0.19192455170566686
ENSG00000143919,0.03257172966947168,0.017007980937663723
ENSG00000135631,0.20577360608323642,0.19903502463772618
ENSG00000075340,0.685138724455693,0.9484241200263206
ENSG00000176407,0.6686582845448622,0.927572061298881
ENSG00000119866,0.4971866713274673,0.5686233501735695
ENSG00000034510,0.7745239214409594,0.8806201317199991
ENSG00000115364,0.24801083165280435,0.12711838300558598
ENSG00000124374,0.6311755092071073,0.5156406723302442
ENSG00000121152,0.35098392650076005,0.2618140622843486
ENSG00000162878,0.3129047201157557,0.4364496892644858
ENSG00000152284,0.6184497492301978,0.5413429121501283
ENSG00000159399,0.21742892823737234,0.2325392899695839
ENSG00000158089,0.10274351102954658,0.11619431010386734
ENSG00000158435,0.4274365081496959,0.3923088344724317
ENSG00000138032,0.2780946550894133,0.26946232021838945
ENSG00000135972,0.34474484778675407,0.3455378249497829
ENSG00000119801,0.9603151127711131,0.8626757313263903
ENSG00000115616,0.41873625148682203,0.40114495338204736
ENSG00000071082,0.05090166586962759,0.053280073906372016
ENSG00000075568,0.9025272065904196,0.7719879013845816
ENSG00000135974,0.41008713332137026,0.31819533521920434
ENSG00000163162,0.8412296795755883,0.8023992750054821
ENSG00000005436,0.026891937608483463,0.02371136503593446
ENSG00000068697,0.14993260712324558,0.06250438656670493
ENSG00000143995,0.739065850271504,0.8753824051225867
ENSG00000172086,0.032220496329445465,0.02438879430933922
ENSG00000184731,0.4338273184029341,0.41943754249994014
ENSG00000115507,0.016650823963932946,0.02073032830808804
ENSG00000173960,0.8110224630534473,0.8152905686088885
ENSG00000163235,0.13939190267330226,0.16388498526311301
ENSG00000115875,0.6283977714673349,0.4776225857393409
ENSG00000163121,0.8538713157872296,0.6894357302966067
ENSG00000173557,0.2697202750732128,0.26553970399405996
ENSG00000135638,0.12837651928857496,0.09312223814024409
ENSG00000162869,0.8251423088175427,0.8213079366104218
ENSG00000135953,0.8272829173205476,0.938895357229813
ENSG00000115665,0.7600757434034809,0.6556253552683364
ENSG00000125538,0.0525297827997362,0.06080608560408177
ENSG00000150938,0.21645504557750153,0.18664991994620989
ENSG00000163541,0.0986016948039556,0.036797708425119105
ENSG00000243466,0.6261882929892681,0.6490188987943979
ENSG00000143924,0.32241394571071974,0.4234096101176522
ENSG00000172985,0.3860508331634429,0.42115792961467635
ENSG00000144021,0.6447599942635199,0.5686195334348907
ENSG00000170417,0.6511573279494653,0.676605429566088
ENSG00000143891,0.9322138781749727,0.7990124026446195
ENSG00000150551,0.5430610453324425,0.5276949814398734
ENSG00000211599,0.08171987159817311,0.12700625520289077
ENSG00000158050,0.8744772814543175,0.5997110925229134
ENSG00000115091,0.9224495927190266,0.983880465508358
ENSG00000088205,0.16191714406599933,0.14181947559860883
ENSG00000240857,0.7259062145798936,0.6132098580286873
ENSG00000163064,0.5841941162308861,0.5144932572496203
ENSG00000186132,0.051247229669387745,0.06971990415424602
ENSG00000116096,0.19253690554550373,0.07418950335377839
ENSG00000091436,0.21244818327829854,0.16266044693070608
ENSG00000136720,0.23154501941239317,0.4496464113709705
ENSG00000226479,0.502556128281159,0.5183500917586165
ENSG00000198142,0.7824227140063226,0.5468328044131422
ENSG00000071051,0.1565361300917037,0.12527653709654005
ENSG00000071073,0.07048778348564458,0.06731872402312969
ENSG00000170485,0.7173581129076232,0.7536127576244923
ENSG00000115641,0.20549899788351444,0.2621488165764796
ENSG00000088179,0.5862085101773236,0.683409693896687
ENSG00000144028,0.5950423994677209,0.5642584760498247
ENSG00000136718,0.6456866011316612,0.5703885411960685
ENSG00000144120,0.1873206501623033,0.23297958510392067
ENSG00000144278,0.5337312644368629,0.6823436056905798
ENSG00000128708,0.3943296357788967,0.4922426960038394
ENSG00000072135,0.9184788129308181,0.8953356306043496
ENSG00000135966,0.39919857756063737,0.3731320753821047
ENSG00000081320,0.3933742522313288,0.5511878727703512
ENSG00000152127,0.848871315324008,0.9883214259406926
ENSG00000116120,0.14383266136650164,0.1716187215443024
ENSG00000150540,0.12096568952452413,0.14677632621952422
ENSG00000187957,0.8451561285175716,0.8374335850523911
ENSG00000076003,0.149796602502889,0.15513500065034344
ENSG00000198612,0.8415084075262597,0.8988367247239158
ENSG00000163075,0.05956855028464121,0.014452381540174072
ENSG00000091428,0.2404251914990869,0.12491125291011375
ENSG00000186522,0.7664919806099524,0.7245712147029354
ENSG00000172878,0.9042528258618094,0.9293256042380039
ENSG00000114948,0.16737919775530574,0.27124310821382425
ENSG00000144228,0.5721589480674014,0.5772542089898124
ENSG00000136542,0.4390476990234746,0.42181687095223264
ENSG00000152128,0.8145198838030615,0.867984595206284
ENSG00000163510,0.7508626353533646,0.7555593317364264
ENSG00000138411,0.6718159941937185,0.7427202530821339
ENSG00000198369,0.551977230340648,0.7571388364247744
ENSG00000162944,0.1818463409725837,0.09103443108490647
ENSG00000163083,0.4079545329310601,0.5693830806681996
ENSG00000144320,0.7144037708188018,0.8083013261559718
ENSG00000144355,0.14700096961218057,0.20861696772116065
ENSG00000144331,0.03761864296081081,0.011730483587537992
ENSG00000144118,0.5968006847026628,0.6309255596273313
ENSG00000188042,0.5719206361249494,0.6212417318518989
ENSG00000135632,0.7567400429060505,0.6001713270770286
ENSG00000135960,0.9755438773221686,0.9261073836181268
ENSG00000163600,0.7165611455383858,0.6247268237385439
ENSG00000138376,0.3614190983139214,0.45379287439262883
ENSG00000115844,0.983069767586269,0.8052888092638324
ENSG00000170035,0.7037213349391617,0.7743091195203705
ENSG00000054219,0.3925509897822187,0.2630662889861401
ENSG00000115425,0.9164764310291708,0.7075491021418129
ENSG00000138434,0.915732130191516,0.908744042147617
ENSG00000115020,0.5495632782614795,0.45999291929484254
ENSG00000115109,0.7940394891321976,0.7729686564385752
ENSG00000136732,0.11561253547877481,0.11146848567266783
ENSG00000115221,0.02122736915572701,0.02409184183645287
ENSG00000153107,0.6716261235385965,0.7437461190799897
ENSG00000115539,0.4906537513472047,0.5982230597707704
ENSG00000163082,0.5761479374728321,0.46970608801882807
ENSG00000233608,0.9021849780697047,0.9137557071246304
ENSG00000196872,0.29366210906182694,0.20009589289670918
ENSG00000115183,0.30384101378895423,0.20308660938266412
ENSG00000115107,0.18458245523955066,0.11245643304315153
ENSG00000153246,0.3205229209364793,0.33901444430375466
ENSG00000144452,0.9539226657045285,0.6724769422569565
ENSG00000114933,0.07886865382155131,0.04372990953366051
ENSG00000118246,0.8323254711260315,0.8507283513530713
ENSG00000079246,0.8229371207851279,0.6494174082774549
ENSG00000115165,0.6414553770429918,0.5724350574974412
ENSG00000136560,0.19796060223131878,0.13333574177901103
ENSG00000169629,0.3696888232677047,0.3217538065952201
ENSG00000064989,0.28891947325127426,0.2856232198989227
ENSG00000065413,0.961876755805943,0.9972622198388632
ENSG00000233999,0.3608599058316023,0.30370997312882697
ENSG00000187699,0.36879716486282144,0.35029126660790666
ENSG00000115233,0.9370422417883733,0.9989211572065393
ENSG00000130147,0.4302781637297187,0.3161020443250881
ENSG00000135916,0.06670233952632616,0.07536767180171519
ENSG00000198586,0.09083002562932327,0.06204320019483801
ENSG00000122085,0.29027657398535234,0.34914527566519604
ENSG00000196950,0.44565393507918327,0.49449090588601896
ENSG00000003436,0.4081546860238142,0.45064678636833333
ENSG00000183840,0.024236855802236147,0.020186855737957823
ENSG00000176720,0.7917071388412218,0.6605305092558857
ENSG00000136710,0.46133658827952073,0.5474022859305624
ENSG00000115840,0.44611215737140997,0.5701226689396232
ENSG00000079156,0.7088457514400216,0.5859091495943846
ENSG00000136731,0.8009686556897336,0.7918755277318534
ENSG00000135617,0.33960359175478017,0.15005941543775678
ENSG00000144476,0.5393511910213831,0.44849750016145606
ENSG00000168393,0.14897046974680014,0.10305461557004265
ENSG00000241399,0.36364513609086435,0.238040223385819
ENSG00000144445,0.09665064812085043,0.08153597628531899
ENSG00000221823,0.7674813717237641,0.7592324516662393
ENSG00000184898,0.6794646344368962,0.45649957233116645
ENSG00000067066,0.13263391620579942,0.09525649263837173
ENSG00000118242,0.5579070927517207,0.4996081086887809
ENSG00000186889,0.43570666791942125,0.5649775039271252
ENSG00000196141,0.5728322313599844,0.7323742737017456
ENSG00000178385,0.24640175469888323,0.1954567142349032
ENSG00000132321,0.9649195462891755,0.836169052679818
ENSG00000177519,0.08591919598898919,0.12001662266966559
ENSG00000168918,0.2942499197685875,0.25913541067443663
ENSG00000115084,0.6702975362391638,0.7563470083743108
ENSG00000170340,0.3947388386267222,0.4783313595974623
ENSG00000115685,0.7772067954669091,0.7691850025080671
ENSG00000125633,0.6157400268418614,0.45625145258786604
ENSG00000128654,0.06379842211256101,0.09613041128964664
ENSG00000115368,0.1590425945772902,0.13375354238389572
ENSG00000006607,0.9116938214150534,0.8190186921075809
ENSG00000170745,0.15879121095166765,0.22962017708012342
ENSG00000168754,0.01887562786554544,0.02636814084290329
ENSG00000162804,0.08465159497196137,0.07678646439975644
ENSG00000180902,0.6530958853299291,0.69994078779124
ENSG00000171227,0.9683727915792795,0.9295736505092922
ENSG00000136536,0.9617185330382818,0.7688855701395636
ENSG00000204262,0.24662853579433372,0.3390450893937997
ENSG00000115694,0.59323295752554,0.5794206278483688
ENSG00000168397,0.45752944642651594,0.647378115283503
ENSG00000128641,0.25916952553343625,0.20148802255446469
ENSG00000168385,0.7073931083244861,0.7188611289435062
ENSG00000162976,0.4452779410718636,0.2679609866711051
ENSG00000169016,0.8369188058139106,0.7834358988886946
ENSG00000115159,0.0557577730653289,0.0824911044827347
ENSG00000138386,0.949061714009744,0.9066811377444534
ENSG00000138378,0.7380960613643985,0.7046253997559715
ENSG00000250565,0.5551168745653501,0.5210382462115271
ENSG00000119729,0.43965626842613614,0.4076099732535099
ENSG00000151665,0.23023554376841426,0.15533375848011666
ENSG00000119878,0.4087595118381717,0.5676826100616792
ENSG00000167165,0.08899121675829409,0.14590928594053945
ENSG00000241635,0.1052225328264488,0.18850920827695494
ENSG00000123485,0.2822980866644069,0.28080952794623854
ENSG00000152102,0.5831586029649884,0.7978988618002616
ENSG00000008869,0.831217240272956,0.8078597794615127
ENSG00000218739,0.01946653172070479,0.012848120491829266
ENSG00000115816,0.299374699382374,0.2684709408595382
ENSG00000003509,0.15956347310498456,0.12855602827132634
ENSG00000115825,0.4554589082877494,0.40430722075854897
ENSG00000115828,0.25714485910160845,0.2960749721430689
ENSG00000163171,0.4983555680110885,0.5977196978609374
ENSG00000173166,0.1743677039919297,0.20065127974567631
ENSG00000005448,0.9231383590823219,0.9639653165370867
ENSG00000115274,0.3347469827247431,0.21921461006726956
ENSG00000239779,0.6055726934152521,0.5009685415092382
ENSG00000204822,0.5047081597195189,0.3692370710534433
ENSG00000135637,0.6330498162001339,0.6851388611201797
ENSG00000115282,0.6522316861170544,0.8649668453941526
ENSG00000115289,0.05125691261640972,0.03649453589781922
ENSG00000144045,0.4256509794247222,0.25139925341249697
ENSG00000115307,0.33522294238787315,0.1666783404307053
ENSG00000138363,0.8515324845989716,0.9373397580793235
ENSG00000152253,0.35242364996291453,0.1937246111721639
ENSG00000254126,0.6042404752417291,0.7555875951539481
ENSG00000168542,0.21367064560576646,0.3298205599455279
ENSG00000132300,0.05528945870397814,0.041453655080235
ENSG00000132313,0.24592388987560762,0.16890470878066838
ENSG00000115548,0.35669264274382095,0.45338357304304844
ENSG00000132330,0.18082044156705496,0.21788743729190108
ENSG00000178752,0.0368027330633023,0.04408843612260873
ENSG00000132323,0.5149170979625988,0.6409455082025188
ENSG00000144485,0.1922046707542406,0.22479671480477675
ENSG00000204104,0.747772882759802,0.9612319767143009
ENSG00000156973,0.6088427838916228,0.5139181400818151
ENSG00000163273,0.08815293070182544,0.05506688191390101
ENSG00000144535,0.933025646334866,0.8867271345193704
ENSG00000163283,0.07088677568740899,0.08446621071079398
ENSG00000171551,0.4478036359463534,0.5745340388353652
ENSG00000143952,0.8324952999684629,0.6128282904550335
ENSG00000197329,0.08791861768555828,0.13516308483477216
ENSG00000173272,0.24255299015753753,0.3743447002390832
ENSG00000136002,0.10259201648628458,0.14707453863790845
ENSG00000163331,0.18359215845335264,0.27623030333501125
ENSG00000115841,0.36288805612211406,0.32534362872807204
ENSG00000138078,0.5102677005707696,0.45676397476980457
ENSG00000144199,0.9296562997174764,0.8718499071024439
ENSG00000152256,0.8480687773302183,0.8746720922933312
ENSG00000080293,0.09582572795237383,0.026779184806432973
ENSG00000138449,0.5948509585338271,0.5587294285216715
ENSG00000115687,0.8751527600645971,0.8066871735323876
ENSG00000144036,0.7163383611082048,0.728318739870512
ENSG00000135956,0.25885869620307345,0.2985167364109379
ENSG00000168395,0.43142878856055433,0.542390488342571
ENSG00000156966,0.050595904504336896,0.03368465679732395
ENSG00000142327,0.6765845708793801,0.6778454147682387
ENSG00000142330,0.3505139489752874,0.4618684045713458
ENSG00000172478,0.2385499456154306,0.19472724118570012
ENSG00000135925,0.08798079684377319,0.05713404068893187
ENSG00000115649,0.28777556111659836,0.21314085350249445
ENSG00000144567,0.6985928243680464,0.6314589380331597
ENSG00000158552,0.22346263087764645,0.17014699191456822
ENSG00000115657,0.9980376223153908,0.9170502376803051
ENSG00000198925,0.6191046636045451,0.5017690519580094
ENSG00000163516,0.2665479222002384,0.480216910203793
ENSG00000163521,0.38448210709639175,0.34271398938287834
ENSG00000115661,0.6130640892900068,0.6440653693890153
ENSG00000054356,0.09348247374544366,0.13038542325574196
ENSG00000119147,0.8194576079824792,0.6985536635487646
ENSG00000115652,0.1966273535315881,0.22136187530061818
ENSG00000152076,0.9860239069640538,0.7833550795433861
ENSG00000152082,0.38514744626234076,0.4791036222567957
ENSG00000188542,0.8239338821137507,0.6109333924170203
ENSG00000162961,0.2283787533551871,0.0970690581678647
ENSG00000152683,0.32918185131852384,0.17762620183622624
ENSG00000153832,0.48281053372668803,0.3965016626780896
ENSG00000163053,0.4696634961151973,0.5358382259285894
ENSG00000135917,0.17105689872657015,0.10507136358019861
ENSG00000115009,0.7574717422290048,0.8396462705133163
ENSG00000074047,0.47533591462897895,0.7657080141655201
ENSG00000079263,0.6402092674134832,0.5588917254587317
ENSG00000134324,0.7115679774775128,0.5380001003295428
ENSG00000162994,0.3695486657454434,0.43547081564108436
ENSG00000085760,0.11016168822158884,0.07028465232667373
ENSG00000014641,0.013296207899744492,0.004418430901074837
ENSG00000144034,0.09662165602867581,0.08121614027842397
ENSG00000115234,0.9001527706600932,0.5241293361856125
ENSG00000163795,0.45224341836876814,0.4187684047583007
ENSG00000115241,0.08084969406952575,0.024086738977851983
ENSG00000115216,0.6942107467282485,0.3715389677687976
ENSG00000157992,0.6288309214413386,0.9483035402150047
ENSG00000115226,0.3613778881335772,0.31565217879535556
ENSG00000138002,0.8192939675582099,0.7838817727816524
ENSG00000155438,0.2066510822322789,0.2863413276259544
ENSG00000211460,0.4731037273344838,0.5702927340487192
ENSG00000121989,0.5720706092290899,0.7999765025642408
ENSG00000115947,0.7662625737506246,0.8912557030263877
ENSG00000204406,0.06247276840730316,0.04344918015511241
ENSG00000015568,0.11356486898331569,0.08976657948574174
ENSG00000144063,0.372647710125281,0.36178645695888345
ENSG00000144061,0.21956850530940542,0.1595061014699638
ENSG00000172954,0.1061328318174681,0.06864794350854697
ENSG00000163072,0.018252627188173248,0.008576813995345161
ENSG00000196151,0.6829014909214017,0.7233547361283628
ENSG00000115504,0.8993861853147425,0.9568536337605539
ENSG00000028116,0.7396111505826615,0.5819095163196926
ENSG00000243244,0.5794373692349953,0.35217865703724616
ENSG00000136541,0.5394707727547369,0.5564803406495133
ENSG00000172292,0.38512889976639975,0.5116378009553673
ENSG00000184182,0.9436175340709501,0.9919526728404053
ENSG00000077380,0.5171589644309798,0.42946282856899765
ENSG00000057935,0.531557055220486,0.7355807606801505
ENSG00000138413,0.9634751661500613,0.9643793616712054
ENSG00000032389,0.15269174970829785,0.06020800417387684
ENSG00000221944,0.9936364403204151,0.827104537760835
ENSG00000163001,0.6867096515739034,0.693840127356087
ENSG00000119041,0.3903554747727753,0.36885699970473307
ENSG00000197121,0.0590177107611867,0.06544726824094552
ENSG00000115594,0.8577196532182148,0.8259775526503854
ENSG00000115598,0.11991519155016075,0.09922173438646877
ENSG00000115602,0.2525569177449582,0.2891842749181334
ENSG00000180251,0.13473832177839698,0.16954343597522523
ENSG00000144182,0.030489848116651275,0.057116389675134244
ENSG00000158411,0.20221580305303474,0.19900743679126545
ENSG00000185414,0.45142965914702016,0.6091459831085657
ENSG00000144214,0.6689728812873317,0.7038713926726892
ENSG00000115514,0.6425496641161259,0.7196249957939636
ENSG00000178074,0.05755538630440639,0.03615320124372765
ENSG00000162971,0.518463425933219,0.5631897225654245
ENSG00000115112,0.03713365156265663,0.02351425207623213
ENSG00000115524,0.5086614560906113,0.41999730696943804
ENSG00000115541,0.33786899011176835,0.22316321380845464
ENSG00000270757,0.9284899009151302,0.9545840468079583
ENSG00000115540,0.10915405540022181,0.07455943854322382
ENSG00000144362,0.45070167526216853,0.5312771585122803
ENSG00000213160,0.25367077076280187,0.36480778920019896
ENSG00000138385,0.34630824612197686,0.4539368466717312
ENSG00000138382,0.5392854746523612,0.7226221393641331
ENSG00000144381,0.31293037655356676,0.22245625672689143
ENSG00000144357,0.6440212142537423,0.604610801978569
ENSG00000196659,0.3407029838335293,0.5490673871172213
ENSG00000197557,0.8514122586411722,0.8728980680542493
ENSG00000197635,0.04694722543870304,0.0393147307083431
ENSG00000079785,0.10235264141631321,0.03269817674703457
ENSG00000115053,0.32322390373623683,0.3668758269301511
ENSG00000172428,0.06862969488487271,0.048312765704506516
ENSG00000130414,0.1358020687757352,0.11044950359872534
ENSG00000180228,0.6510894329016059,0.5587995188721193
ENSG00000204311,0.24835900688068163,0.37149609018784424
ENSG00000116095,0.7361140149915508,0.7159083468343428
ENSG00000143977,0.035127651830646006,0.015021934689041245
ENSG00000173692,0.7314380897283184,0.7295497985329578
ENSG00000163093,0.8398275164936508,0.6399435759138473
ENSG00000138399,0.8151110611879753,0.919428605607209
ENSG00000138398,0.046219517075320814,0.06374805988960426
ENSG00000115750,0.390927408180624,0.3673923192323595
ENSG00000134317,0.23370539087822764,0.2665665359665857
ENSG00000172059,0.9511459439914942,0.8624080091959937
ENSG00000171848,0.015707633612265393,0.00906372524822047
ENSG00000115756,0.10279505302189797,0.07691780268341043
ENSG00000072195,0.9818404331388396,0.9323705642539142
ENSG00000124006,0.9272630223610883,0.7595255662490351
ENSG00000123999,0.4684634713163096,0.34758482785170786
ENSG00000144589,0.5711971797712431,0.3274322596928027
ENSG00000114923,0.2201957954481174,0.14106738837453553
ENSG00000115884,0.6634242292653887,0.5920708353266568
ENSG00000143878,0.9922247446348881,0.9506210452588923
ENSG00000138430,0.5996255763606286,0.6345986334282276
ENSG00000138433,0.2974343672359104,0.5579518740468699
ENSG00000144306,0.6642940082603336,0.4715181230864153
ENSG00000204120,0.5900737029131299,0.45750004191447846
ENSG00000066248,0.8855308353563678,0.640209882087051
ENSG00000138435,0.13394403918290468,0.15033542091994834
ENSG00000162980,0.6108294988506697,0.6889632663935432
ENSG00000163214,0.23015418821244385,0.1789616845482978
ENSG00000163170,0.20531007325141812,0.0945821397778545
ENSG00000114978,0.40058471374176496,0.3946902924921327
ENSG00000065911,0.12351861722261445,0.08932870311903932
ENSG00000135913,0.7687845303155731,0.8919935766865441
ENSG00000144580,0.6654299676518548,0.9109612137547327
ENSG00000074582,0.38565048746507535,0.45507546544037025
ENSG00000163481,0.9231882720873003,0.6682335082942671
ENSG00000163482,0.3771838317371833,0.30563397086265154
ENSG00000135912,0.28787226525867265,0.25881439653781935
ENSG00000135929,0.14072659711282184,0.09477196999819572
ENSG00000169599,0.19896822993015165,0.10892736318229394
ENSG00000115568,0.6169168140911674,0.3865984761979422
ENSG00000188760,0.6629758335129063,0.5199987823338257
ENSG00000198885,0.4384063894341129,0.3504161871296516
ENSG00000163040,0.1223401684290454,0.10235734983137332
ENSG00000204634,0.7211285221230987,0.6881513439571153
ENSG00000163013,0.6034140958359493,0.8692306725794401
ENSG00000154518,0.26214284517837194,0.25463172394837724
ENSG00000187514,0.6301982209206127,0.5030042444560289
ENSG00000118257,0.9994998921800373,0.9520184420985479
ENSG00000123992,0.4429197043961466,0.27635777825669045
ENSG00000185404,0.8458918475884909,0.8018584032359943
ENSG00000273045,0.7543946092291083,0.6540084644732638
ENSG00000163328,0.9936764379000663,0.9871454905665413
ENSG00000197223,0.0671423518548347,0.04167752245136646
ENSG00000115414,0.05201855257861762,0.07429002098776503
ENSG00000169679,0.6918224385108735,0.5793978190305541
ENSG00000153094,0.5818248952621475,0.8295576240124896
ENSG00000118965,0.9548490499991625,0.9446535047144707
ENSG00000183607,0.014805986002789914,0.0034235571726261922
ENSG00000169604,0.2929647224302767,0.3653238073356584
ENSG00000115271,0.37430855985568967,0.31295660827381117
ENSG00000055332,0.7788287549642138,0.7488655754335926
ENSG00000077232,0.12816221655372403,0.17703232941049835
ENSG00000134321,0.8364351487327828,0.9944173193427401
ENSG00000151692,0.6957133181466809,0.534585909892811
ENSG00000162929,0.793751091815015,0.660970098475343
ENSG00000123609,0.9868243656527235,0.9603274174952517
ENSG00000123610,0.47419835114554076,0.7061958053333235
ENSG00000080345,0.9436806389164021,0.9226520629270978
ENSG00000197872,0.2809766853518171,0.303046499418175
ENSG00000196843,0.18311436431004136,0.19062820990569565
ENSG00000114982,0.6177123042485574,0.49687312160172914
ENSG00000114988,0.6949012281038708,0.5896127610024813
ENSG00000158158,0.11333977425134248,0.10831743503837311
ENSG00000168763,0.5245277767709836,0.4896531012688967
ENSG00000213337,0.638414947380287,0.689992656546381
ENSG00000168758,0.06282072050431153,0.08240783324507324
ENSG00000132329,0.5786731755301269,0.7301964452351589
ENSG00000123983,0.347856421523576,0.3526878364278224
ENSG00000115318,0.22716170156136065,0.30536129330375517
ENSG00000204843,0.7420473062667701,0.615000543866223
ENSG00000082898,0.9924184766218281,0.920449240293695
ENSG00000115339,0.5089614764278031,0.4442522549791035
ENSG00000123607,0.9335237321935268,0.9491715168008309
ENSG00000155749,0.5616591854162343,0.4018274448567347
ENSG00000115993,0.21905314506763596,0.37172271430199333
ENSG00000082146,0.5015698632587691,0.3852811780755395
ENSG00000003393,0.660352755506022,0.8144845569262067
ENSG00000018510,0.501914705185734,0.4870512116096841
ENSG00000138092,0.4252082829029403,0.32044441949577934
ENSG00000115137,0.9987009671803738,0.9852772777567728
ENSG00000138031,0.11124563107665322,0.09273753878501578
ENSG00000136709,0.2659008554368755,0.27001934680402884
ENSG00000144231,0.6367215416625771,0.7437588186017057
ENSG00000136715,0.5602314996141047,0.5851848082077613
ENSG00000125637,0.8980840300784415,0.7752640274955811
ENSG00000231292,0.3264452248175559,0.2707877041792497
ENSG00000143947,0.032986527376490646,0.024042942790308573
ENSG00000198203,0.28820443837456444,0.15763818942960167
ENSG00000198075,0.7425403073612484,0.5248316467476394
ENSG00000135945,0.3270285766261486,0.45114322768668014
ENSG00000173559,0.6066454937714416,0.676372199211584
ENSG00000168497,0.31529998138701587,0.24263647405049735
ENSG00000163017,0.10017575620636021,0.08895046080014596
ENSG00000114956,0.03287095557836301,0.019245738417273537
ENSG00000187605,0.4330536131057413,0.5530420175815942
ENSG00000198380,0.2490494968441633,0.36841709082144203
ENSG00000135999,0.8593453256009678,0.8870280261284785
ENSG00000150556,0.08433145300132448,0.09950483245292666
ENSG00000187123,0.23708051524950124,0.3192038933190348
ENSG00000168288,0.8573845811094947,0.9977974259656666
ENSG00000175701,0.7554038793605489,0.721908968723708
ENSG00000144115,0.280932859205397,0.4183621679685209
ENSG00000176204,0.9594129684056834,0.814540799038941
ENSG00000115963,0.8567156730685117,0.9079263418639227
ENSG00000155760,0.9001666128624599,0.8747685824498688
ENSG00000115970,0.20432699329828766,0.137482369972535
ENSG00000115604,0.28229102956714985,0.357529994759911
ENSG00000019169,0.03403338415812769,0.014362484669070535
ENSG00000184924,0.49166493830706703,0.3085432055782477
ENSG00000162959,0.13157624974940144,0.03427755882541301
ENSG00000084090,0.8221219830615045,0.843096059698127
ENSG00000003137,0.6760131834068503,0.6740562691292121
ENSG00000134326,0.38058925293484624,0.21321069187226474
ENSG00000115942,0.16324730829702608,0.17222318448750285
ENSG00000119013,0.11531451151428067,0.04127633322349309
ENSG00000152527,0.6633021833853616,0.7144959971463072
ENSG00000138036,0.7404950125402853,0.85364918028709
ENSG00000223658,0.5051457550226008,0.37228804077987543
ENSG00000138380,0.676604416559148,0.5627829909633204
ENSG00000138095,0.04847024372080755,0.02518066745470867
ENSG00000068654,0.981671656716341,0.8093379507253852
ENSG00000115232,0.3712640878504224,0.3445817374299467
ENSG00000214336,0.7504508558605254,0.9357344749632899
ENSG00000153574,0.03947109388806676,0.03419104960160523
ENSG00000211592,0.9570825173631214,0.9122312310196092
ENSG00000211593,0.9087045071708129,0.8745742186631316
ENSG00000211594,0.9844487865698341,0.9778116175680289
ENSG00000211595,0.7628078324985001,0.7341682053438282
ENSG00000211596,0.9347679580797719,0.8879565510647948
ENSG00000211597,0.9683125252754177,0.9666835469490151
ENSG00000211598,0.7638030566266654,0.8237143665847293
ENSG00000087338,0.030111963778136706,0.0300531351870276
ENSG00000124380,0.4475641612443514,0.39210593998573007
ENSG00000059728,0.24705946030878387,0.2750842215671674
ENSG00000169564,0.4436529921600617,0.2678951094884514
ENSG00000115998,0.10237660675705752,0.0731157515252139
ENSG00000115827,0.4892556871938062,0.6956600006650183
ENSG00000071967,0.9607074322575091,0.9115382096465956
ENSG00000237651,0.8696542470374689,0.5731881288683072
ENSG00000124356,0.40032987989031377,0.25214663640081747
ENSG00000123612,0.24972320931596723,0.21684734618724272
ENSG00000115170,0.8569432898314031,0.9821035321892674
ENSG00000128714,0.7370734654348583,0.8734815589301683
ENSG00000128713,0.47231125582218525,0.556357496911785
ENSG00000128710,0.8717916280535247,0.9673058582083377
ENSG00000128709,0.8574696080744403,0.8922421346635072
ENSG00000175879,0.7095885273608236,0.5683711250019677
ENSG00000170166,0.26140982446496436,0.16533441794113912
ENSG00000128645,0.542917177857802,0.319645587793409
ENSG00000158417,0.1584862512111391,0.1598931743422488
ENSG00000115526,0.8966291275574297,0.9467959464854412
ENSG00000127824,0.9472607260870461,0.7870366785041538
ENSG00000135924,0.6701036355039458,0.5606343357989012
ENSG00000138381,0.780273069232037,0.7160991734012365
ENSG00000286053,0.8888014166458706,0.9576568055627944
ENSG00000128694,0.09457447861197663,0.11475286819152115
ENSG00000128699,0.8774754548827176,0.8699219817379982
ENSG00000144224,0.9360317977924841,0.9612510884670978
ENSG00000048991,0.3308835115599368,0.2785420361088038
ENSG00000169047,0.15975427862981043,0.12926221483682798
ENSG00000144468,0.16870843466960914,0.11220528015020538
ENSG00000173744,0.310088449803964,0.30483170182556824
ENSG00000143970,0.6740827196292168,0.7283876465814896
ENSG00000084731,0.7061744662981557,0.7304442427552059
ENSG00000084733,0.8065696411740373,0.5956343617853314
ENSG00000157833,0.6859023168112381,0.6851705422749126
ENSG00000135931,0.027357645041873015,0.049230616518260946
ENSG00000115138,0.407192173554226,0.48869550926872984
ENSG00000081052,0.29080160517630294,0.2531120337133203
ENSG00000188389,0.7594995161687769,0.7689806569808971
ENSG00000163359,0.18333431538557549,0.2533756174161829
ENSG00000175084,0.03283307994354785,0.014145239785272299
ENSG00000138081,0.45702952106349903,0.5235433692120779
ENSG00000172071,0.45938530059811544,0.38410247686682186
ENSG00000144591,0.7155700137671944,0.9301601894214161
ENSG00000172845,0.3688493354264727,0.45125741571511035
ENSG00000115677,0.22620098464522262,0.29867027057445106
ENSG00000030419,0.8674145458044061,0.9167957100715244
ENSG00000144407,0.646329010703188,0.7085214038180241
ENSG00000071575,0.21014438027757934,0.24339066821855354
ENSG00000242366,0.7689597278266802,0.8432526898175119
ENSG00000244122,0.03950238209007229,0.07797238626875845
ENSG00000239855,0.6858955016967339,0.5914593962742751
ENSG00000243063,0.6800900234759282,0.6099354825390887
ENSG00000240671,0.6116181328556938,0.6995133393014172
ENSG00000241755,0.6440775356197925,0.6136174753750014
ENSG00000241351,0.5895718970496224,0.5233715441335238
ENSG00000243290,0.7492677573530648,0.819876390533314
ENSG00000244437,0.7375805240205953,0.7154255411346986
ENSG00000240864,0.7128223214050684,0.7412005561586181
ENSG00000240382,0.5047712398580624,0.5440125207787234
ENSG00000239951,0.7325203262116076,0.7184683179862363
ENSG00000211611,0.9288410092089612,0.6262533764045374
ENSG00000241294,0.3907511893658333,0.47739740096526784
ENSG00000244575,0.7876435137276097,0.7196383908622566
ENSG00000244116,0.7749817341074685,0.7962457113963561
ENSG00000243238,0.969582935179165,0.8871138314826477
ENSG00000242076,0.8127077050963317,0.7484148508060078
ENSG00000239862,0.6605850753598008,0.652147295901021
ENSG00000242371,0.15839403138283473,0.15644594698743838
ENSG00000273962,0.06549874215996301,0.03465931708115462
ENSG00000251039,0.84516885364882,0.9937534847521831
ENSG00000251546,0.38105291451058676,0.3887441165669304
ENSG00000250036,0.5318464844766031,0.40431161254426495
ENSG00000239975,0.5940378498925205,0.6146815188264703
ENSG00000239571,0.4094832775458369,0.3553624299343191
ENSG00000243264,0.5418167846818407,0.4265749514014133
ENSG00000242534,0.8848624136034878,0.8097556102881344
ENSG00000211623,0.8151871157799764,0.7911311660249797
ENSG00000241566,0.12901902849296595,0.09935948447572043
ENSG00000225523,0.513821620821663,0.4574787577113164
ENSG00000211625,0.7454856817272086,0.7119658533743098
ENSG00000242766,0.15940903832780587,0.08347864592714951
ENSG00000241244,0.42478822543908434,0.47989917290458917
ENSG00000224041,0.5667685048515541,0.5232267811092466
ENSG00000276566,0.7379389261081615,0.6269867419744135
ENSG00000278857,0.4496814923036663,0.5286351940903903
ENSG00000211632,0.7908752105443396,0.8794154372055518
ENSG00000211633,0.6822376318498904,0.8165790051903277
ENSG00000242580,0.6731152052708036,0.5419873563053228
ENSG00000239819,0.8589502621701584,0.9050311385494773
ENSG00000228325,0.10154537423749087,0.08500712837790816
ENSG00000144426,0.19883857394914986,0.23296812398767014
ENSG00000123600,0.20522888205490544,0.26104740998456344
ENSG00000244617,0.3089631429601392,0.47947531021790646
ENSG00000169967,0.5908552196761145,0.5046307938519371
ENSG00000144134,0.6751707789674166,0.7609442628400969
ENSG00000084676,0.4836777077856259,0.5029056701387813
ENSG00000284308,0.902029687204509,0.9967485216357613
ENSG00000155744,0.7512773481071705,0.6268411250047217
ENSG00000115718,0.45510592546061956,0.20846181400921587
ENSG00000072163,0.2492377752237045,0.24429145438096328
ENSG00000116127,0.2967838576918044,0.35302007917364386
ENSG00000068024,0.41272856199730656,0.28853418397449854
ENSG00000115738,0.594133188043505,0.6488898626895225
ENSG00000143797,0.1430921831947845,0.1309008465653136
ENSG00000152049,0.09669683059809789,0.1280238187806628
ENSG00000134313,0.5545443745740375,0.5878305041117695
ENSG00000119820,0.301953309916153,0.2662033644279368
ENSG00000018699,0.970613588326237,0.8839400101395154
ENSG00000085978,0.6338279202935009,0.5338738444748278
ENSG00000183091,0.023981978765694696,0.02404757470230889
ENSG00000115275,0.34988861474903366,0.20156950632272697
ENSG00000115590,0.3921418196220706,0.42004857391810757
ENSG00000138442,0.9370869546359006,0.767165681751679
ENSG00000116030,0.721117567424967,0.6163743641424809
ENSG00000055044,0.2719155122273228,0.22404703859118777
ENSG00000204217,0.2783739879397365,0.32069813912930856
ENSG00000138439,0.20798697097619614,0.30790700587716996
ENSG00000243943,0.2359207366348778,0.21438609120692467
ENSG00000176714,0.3755278629306139,0.28375779020769465
ENSG00000198522,0.2847470480908455,0.13224070970955829
ENSG00000119760,0.5472261270453878,0.4179975359038426
ENSG00000274286,0.03883846991329121,0.06291238093366427
ENSG00000011566,0.613095853545413,0.5373868976449869
ENSG00000132305,0.9710728753306297,0.8674943288557827
ENSG00000013441,0.847109227422373,0.7171535029305016
ENSG00000135932,0.11236134389544378,0.09874549224231097
ENSG00000115966,0.8297243306207172,0.8368136374019596
ENSG00000196290,0.1658069050439624,0.09641524763624608
ENSG00000119004,0.42947924069741694,0.45140041421039045
ENSG00000176771,0.7084562255413032,0.6875892265062735
ENSG00000176946,0.33227995136167954,0.40987859979196606
ENSG00000064933,0.6308738365433186,0.6231998030664891
ENSG00000135976,0.7140857181319024,0.7199410077299075
ENSG00000003402,0.04137096549708878,0.058994781674352174
ENSG00000153250,0.8069380367357147,0.9494470178041536
ENSG00000123636,0.535558470518366,0.37601487700820646
ENSG00000125629,0.6084842902639838,0.6810401783620521
ENSG00000138018,0.48872671990004,0.5189498512368875
ENSG00000136682,0.5655962087487554,0.7513560625967073
ENSG00000155368,0.06823196759221736,0.07852382419216243
ENSG00000144451,0.7709624444193791,0.9668243443997844
ENSG00000135624,0.2017760493503563,0.12277339365202931
ENSG00000115468,0.15057424991028504,0.16145196997534625
ENSG00000170802,0.6528061502741143,0.7003109586627545
ENSG00000171303,0.02188672994142641,0.01116071039951962
ENSG00000179915,0.8745644385534592,0.8222595687729177
ENSG00000115355,0.1648771218204774,0.17225282639994907
ENSG00000078098,0.13271812923206466,0.2150553009964529
ENSG00000036257,0.8764878348518984,0.6858648570721146
ENSG00000115904,0.4814710089719849,0.5013540208513537
ENSG00000185304,0.2553732216525251,0.17239870097075538
ENSG00000188010,0.39674216230596726,0.2822824758274924
ENSG00000242515,0.5415407558638472,0.3700165723845571
ENSG00000115520,0.7616596410108061,0.5817623311444402
ENSG00000205221,0.9444125843840686,0.8911422932974276
ENSG00000119772,0.9226484312388042,0.9886267923617311
ENSG00000115648,0.03591023056467615,0.027041296844618524
ENSG00000124839,0.08724268119585248,0.06098435439549503
ENSG00000084764,0.8046848175402093,0.7658586236061499
ENSG00000119777,0.410119195278008,0.895380139456768
ENSG00000084693,0.7632697687978226,0.8818920038771033
ENSG00000228474,0.4431940498986976,0.09668408442730551
ENSG00000138080,0.2410607296776199,0.2999244276432196
ENSG00000138028,0.4496882955487421,0.32247949836248724
ENSG00000138073,0.5678670648227002,0.1748385257998389
ENSG00000138074,0.9022676663159043,0.5121917320525675
ENSG00000084774,0.2770689168314313,0.212962028497462
ENSG00000115194,0.1317475477851419,0.10582668794881378
ENSG00000163794,0.6161887902958462,0.6355781146409805
ENSG00000115204,0.7173604666019746,0.40858695721641825
ENSG00000169432,0.5428153402497308,0.787482710829909
ENSG00000138085,0.45867456681825935,0.15033220841973843
ENSG00000155755,0.8859468319968119,0.7505202924590408
ENSG00000177917,0.9131898332481996,0.9873247791267042
ENSG00000135940,0.890363044351581,0.8783812473820483
ENSG00000115073,0.6096877198541535,0.5296879103351121
ENSG00000196912,0.953074730447547,0.8573824102605727
ENSG00000169554,0.09169184549305656,0.08371634991551975
ENSG00000174501,0.9949685248696057,0.9513702823683146
ENSG00000115839,0.9199490839486931,0.9965667812546233
ENSG00000144152,0.2831031291747097,0.20684287865790657
ENSG00000144161,0.3059138078052668,0.301924223708623
ENSG00000188177,0.6352190658010246,0.8446541165808172
ENSG00000136546,0.11463527474274833,0.045632677559039596
ENSG00000116117,0.32465136591203453,0.37273370194424926
ENSG00000023228,0.22340277926901245,0.2872385165648718
ENSG00000114942,0.5110288287154796,0.45381318688255257
ENSG00000138356,0.49741774382623016,0.45655903890264216
ENSG00000082153,0.5171769367778167,0.6913333488295984
ENSG00000115295,0.32803253675125926,0.3901859588611978
ENSG00000163466,0.721676565205867,0.5934779911487379
ENSG00000127837,0.8402441412975054,0.974950472109401
ENSG00000135926,0.22826128882828806,0.21498917564108724
ENSG00000018280,0.08980017921841149,0.04570050841988284
ENSG00000144579,0.6190093997581846,0.5302601024790794
ENSG00000127831,0.22801212786009145,0.2854610772219554
ENSG00000127838,0.5448433755045583,0.5113915432497693
ENSG00000152291,0.18001823437909428,0.18014093588593935
ENSG00000042445,0.9832781677178535,0.7393927831057265
ENSG00000115459,0.7049004475545021,0.4955967414654572
ENSG00000042493,0.5091314775440247,0.5316800441573433
ENSG00000168906,0.5787697646296295,0.8591653824182931
ENSG00000118640,0.547379602783103,0.3873854330354851
ENSG00000168899,0.9880177220668593,0.8236063271007832
ENSG00000168894,0.07294229671949648,0.023335156311406383
ENSG00000168890,0.2495204239961568,0.47096514562510405
ENSG00000168883,0.1673120415921894,0.10156712159174625
ENSG00000168887,0.4885175719633721,0.6003007111999339
ENSG00000168878,0.04078582801784096,0.016640653048887042
ENSG00000115523,0.40636582350933115,0.5257118185908529
ENSG00000169507,0.30886177482801513,0.2854994830602139
ENSG00000135930,0.9547795755575401,0.9428092476843214
ENSG00000143942,0.03950468193158711,0.017508776292746237
ENSG00000119737,0.6303718019472455,0.8195496656560035
ENSG00000068878,0.40915418583963414,0.43319433285887066
ENSG00000068912,0.31644465818104595,0.4921213436297861
ENSG00000152689,0.1245980555629945,0.10133019579930987
ENSG00000119812,0.3131634028140004,0.14596409414812667
ENSG00000115486,0.6175557710159019,0.9177796435281946
ENSG00000119771,0.6666750416148153,0.509012917189759
ENSG00000073737,0.8156687978091471,0.936576601580028
ENSG00000082438,0.6734349568290379,0.7635295817526074
ENSG00000079150,0.3286867410807271,0.45262770085187254
ENSG00000091409,0.37163142780766656,0.24217745810957528
ENSG00000115762,0.619134666311679,0.6508516084887256
ENSG00000123989,0.6055128142955475,0.6345036838815942
ENSG00000205795,0.503490176079965,0.416680508282237
ENSG00000144057,0.9491958697815737,0.8661393132974965
ENSG00000162972,0.1806574324483533,0.09122091867617975
ENSG00000138101,0.22908774299770845,0.2109018259005538
ENSG00000155636,0.05957686765842849,0.05629362484649518
ENSG00000116035,0.8271987928007732,0.8124181355469002
ENSG00000116039,0.08318254238707717,0.08013373848183833
ENSG00000124357,0.41947188795537893,0.2104177799809713
ENSG00000124370,0.265444545981395,0.20917682750060113
ENSG00000136699,0.7264406181021184,0.788564165369091
ENSG00000162882,0.9742948898111691,0.6601360381495076
ENSG00000162881,0.34530694099660186,0.31603149745086706
ENSG00000172005,0.7929238827701923,0.6740605866371926
ENSG00000275111,0.7938944917648659,0.8734861072955905
ENSG00000155066,0.2056231808908038,0.1540455361720791
ENSG00000115042,0.7065481459704629,0.6058166748070839
ENSG00000115207,0.3994353716218445,0.24254490388567623
ENSG00000143882,0.6726881295552761,0.7001385083107512
ENSG00000143870,0.8941854215500518,0.6671803544927934
ENSG00000115761,0.07388311012991453,0.02725851778905706
ENSG00000135968,0.46764353649793167,0.3867947286862713
ENSG00000163006,0.13652307694477706,0.20655244435625741
ENSG00000169756,0.6970954630033407,0.6512656481843297
ENSG00000118260,0.732731194379578,0.7557482229078305
ENSG00000144401,0.049913843522426775,0.04329771363658983
ENSG00000163249,0.26777438820724847,0.2958189253806996
ENSG00000163251,0.5043350494668699,0.6937044098217662
ENSG00000182600,0.7243849397864186,0.9713630509222037
ENSG00000119862,0.6404285030184713,0.6055267545299785
ENSG00000179833,0.9173767098088541,0.9342943615895648
ENSG00000115252,0.044136630234466526,0.06059766432037066
ENSG00000188687,0.8628167602343565,0.9027896332236289
ENSG00000152133,0.32563765263604716,0.29832440874634836
ENSG00000197756,0.10315877415979956,0.1606573501733809
ENSG00000115457,0.15678393762259726,0.28612433883080024
ENSG00000115461,0.4266579698665396,0.44224871927481235
ENSG00000119844,0.28043750908843407,0.25021682942484386
ENSG00000178562,0.5187684247606201,0.5574840893290729
ENSG00000144048,0.07266825551860058,0.03705778958478115
ENSG00000064012,0.9661318342817502,0.8641859966356045
ENSG00000247626,0.1597477279194355,0.1461266256498068
ENSG00000003400,0.5907514891717457,0.4957550367145357
ENSG00000121966,0.3794120852507332,0.35302208868056806
ENSG00000183054,0.47563549270633165,0.4464349217645539
ENSG00000115392,0.34280967670198165,0.32511341156844076
ENSG00000163599,0.7026580633934789,0.668143842611058
ENSG00000115317,0.43953618788947135,0.3125679208917375
ENSG00000115325,0.6405254014105626,0.6138271128647321
ENSG00000170264,0.7476580844766983,0.6165402498758675
ENSG00000115484,0.5772608600601938,0.3681910764730191
ENSG00000136688,0.8351493563479195,0.729436392155578
ENSG00000136694,0.31098554016846236,0.2276041781521124
ENSG00000136689,0.9298010546697179,0.7962650701175411
ENSG00000144354,0.215976681232699,0.21791592322125347
ENSG00000136695,0.8689431576374219,0.933303829349093
ENSG00000144369,0.5832453471133294,0.7605032061411351
ENSG00000138448,0.9337190778148704,0.7791087435547496
ENSG00000114993,0.7352208514661429,0.6262718559511109
ENSG00000198648,0.8978813965564001,0.972087401543972
ENSG00000115267,0.34806235844487143,0.2537264787820569
ENSG00000180871,0.13549651824317233,0.10574166211048745
ENSG00000204335,0.7196451256726197,0.6408017820577943
ENSG00000128683,0.3702270221050532,0.3784987720507419
ENSG00000115806,0.8644543475806452,0.7347759713634534
ENSG00000091106,0.0960468555108458,0.07221263815843075
ENSG00000204334,0.5542394692363866,0.31591667183886724
ENSG00000153201,0.7521537880691178,0.6851642881381963
ENSG00000134318,0.5179424977144829,0.5122783181866057
ENSG00000163219,0.8943631326721961,0.8679661317792173
ENSG00000144524,0.7400874950447567,0.6493873457375241
ENSG00000115866,0.8630714050969029,0.8011885479880451
ENSG00000135622,0.4375844208780695,0.3300973167197962
ENSG00000116106,0.2790837711560053,0.39942314010735636
ENSG00000151689,0.6097466071017283,0.5918245894800664
ENSG00000198130,0.4747345033862679,0.44882947669807016
ENSG00000187231,0.18725791764899205,0.11674437299276301
ENSG00000121964,0.9763646696988497,0.5799095931235575
ENSG00000114999,0.6619733332660704,0.6593942382949651
ENSG00000125630,0.2937356856614095,0.260553144039195
ENSG00000125611,0.5543344114416154,0.5326675568236953
ENSG00000169607,0.4507300118265355,0.4273153655332532
ENSG00000115008,0.21559944190696265,0.24397618208076902
ENSG00000115211,0.16595765345096253,0.06151663915513722
ENSG00000115919,0.6574955036593788,0.5959131747455704
ENSG00000075884,0.49066000628367024,0.412177412356742
ENSG00000163596,0.517412449656182,0.5247810177242027
ENSG00000173163,0.5074903344088468,0.5738217904892081
ENSG00000153208,0.2289428200729255,0.28069169739165634
ENSG00000144136,0.6664007446111672,0.6251457745972171
ENSG00000116001,0.20743176837466523,0.19825865585308666
ENSG00000116005,0.9490544685511753,0.7686056981416522
ENSG00000152154,0.3752211455151022,0.4084603913577938
ENSG00000138050,0.04834689949994718,0.06624037899583715
ENSG00000115525,0.08717581633171963,0.0706105571609446
ENSG00000243147,0.08941757371397652,0.025675942257334924
ENSG00000171174,0.843848728739506,0.7236809692430687
ENSG00000075426,0.8940926579698152,0.9997867018080727
ENSG00000163803,0.6063890775755281,0.7231668720202697
ENSG00000171103,0.015137462785099655,0.010378638636321717
ENSG00000163811,0.3029441854303841,0.2062766574493064
ENSG00000138375,0.6974474204418583,0.5499126299120917
ENSG00000171150,0.9060316030087915,0.8298569969714507
ENSG00000180398,0.2761254397604578,0.34801182101088435
ENSG00000143933,0.2629803290899892,0.20941599082284046
ENSG00000119888,0.24593068763126477,0.18842744985717041
ENSG00000135636,0.0892391058411384,0.117858291786719
ENSG00000115041,0.8326957825157077,0.9109908166798127
ENSG00000135905,0.9292630725108713,0.8080228336899475
ENSG00000124831,0.2335403036436518,0.11613529992952179
ENSG00000135899,0.7765685295337537,0.5358675554636905
ENSG00000115415,0.3360061083874687,0.31259792874011283
ENSG00000187736,0.30386086550351016,0.3374818007633337
ENSG00000124383,0.05760642910230916,0.05452795738129076
ENSG00000068724,0.1480906451102608,0.19312217712674856
ENSG00000115085,0.6916931658533734,0.8781617906209702
ENSG00000115935,0.5374809073184634,0.523918834452451
ENSG00000144029,0.7630594946039108,0.6288820555636979
ENSG00000144026,0.4061392658692765,0.511577079402552
ENSG00000196504,0.778793623005853,0.6896068097723729
ENSG00000163026,0.23817157651695514,0.24237954916577495
ENSG00000119782,0.7169116520176468,0.7296103739180669
ENSG00000115128,0.061303951717282895,0.01886728479768522
ENSG00000219626,0.3532333321610077,0.32584462819311905
ENSG00000115129,0.7296235787711083,0.9379158371053238
ENSG00000176732,0.5996413358104017,0.6123645723075166
ENSG00000198399,0.9245304041650833,0.8502095878769872
ENSG00000163798,0.2133153395523902,0.11299123468783295
ENSG00000115306,0.17953254236675012,0.1933851783789743
ENSG00000115310,0.6066229289158387,0.6065218377654851
ENSG00000169764,0.3477053273230526,0.28899577890184125
ENSG00000068615,0.5230162761105465,0.45235114043691205
ENSG00000115561,0.9801796630460206,0.7596563524868769
ENSG00000239305,0.7168791817162297,0.8329310159874397
ENSG00000144233,0.574234713687622,0.4655078692915201
ENSG00000063660,0.9825569987984684,0.8206505971139014
ENSG00000178623,0.030047546173854415,0.02947512724641024
ENSG00000162927,0.9778467286411193,0.9198927293009402
ENSG00000162928,0.7737357887738533,0.9872648972774815
ENSG00000162924,0.6892558920616537,0.6404172000301176
ENSG00000144504,0.714148088783626,0.5519670062255558
ENSG00000119185,0.6486767421419197,0.2886624063653907
ENSG00000119203,0.2189607827147184,0.09487066327862652
ENSG00000134330,0.2920730442695443,0.12998454760693975
ENSG00000134308,0.9593275296564022,0.8060066882808407
ENSG00000151694,0.8534496239082039,0.8796116705580816
ENSG00000157985,0.7415147533336763,0.758739735755471
ENSG00000171951,0.9279223558733664,0.7849928887974504
ENSG00000085449,0.8267615842094884,0.8785499306288561
ENSG00000135900,0.5894740904400074,0.8052265210335977
ENSG00000135919,0.5937478827314575,0.46248985042960533
ENSG00000152056,0.6744294238397521,0.5535672002530765
ENSG00000153561,0.14816834790862793,0.2056836124850253
ENSG00000172116,0.7883104574809645,0.8654041538539397
ENSG00000153563,0.6168732349887085,0.6911145395629927
ENSG00000116044,0.2180950498819339,0.2960737278101305
ENSG00000115758,0.11476915517491836,0.14565823910270895
ENSG00000185013,0.3794526649048878,0.33344999983912593
ENSG00000170144,0.5186605445835235,0.4773543008071711
ENSG00000071054,0.13978940310130084,0.12439464306213571
ENSG00000288658,0.17789395976999817,0.2501813837003997
ENSG00000144366,0.8399286359100904,0.8439991099048503
ENSG00000116062,0.23017261853767815,0.2604758534865742
ENSG00000151779,0.1174151982919495,0.05632742193325084
ENSG00000119042,0.7403672073284933,0.5751300740998766
ENSG00000153234,0.25565319934169684,0.3109702388044269
ENSG00000189362,0.5066743697329895,0.32140364317666126
ENSG00000115760,0.7022121852617857,0.793757356109462
ENSG00000074054,0.7616060287068012,0.9652207386906387
ENSG00000151690,0.9453205464639525,0.9568287150172056
ENSG00000134323,0.5987386573073041,0.6901091370215979
ENSG00000065548,0.5041339034808874,0.4015516755628561
ENSG00000213639,0.18403288387111594,0.1270308081963154
ENSG00000186281,0.06898120183151413,0.07244630225061702
ENSG00000157827,0.5910731411429433,0.4684386309424359
ENSG00000226124,0.6160127364949985,0.41010291088175477
ENSG00000118263,0.04430021391873154,0.0412514463269021
ENSG00000116031,0.4506078320629766,0.4674820475309991
ENSG00000144043,0.665080316045046,0.45106554539929555
ENSG00000162999,0.2527324113458781,0.26705784178307507
ENSG00000163002,0.05372517726155569,0.03629047717557584
ENSG00000061676,0.5941858435496279,0.7011386061460039
ENSG00000130294,0.04700992937883758,0.05927775949767841
ENSG00000163166,0.12403147929959651,0.1830457840363888
ENSG00000115902,0.7768300819342748,0.7137474983090001
ENSG00000138069,0.4982386840722458,0.32901196660738957
ENSG00000138071,0.7683555117664576,0.5695580735390109
ENSG00000085982,0.9406646488253688,0.7185786892298496
ENSG00000115365,0.884968941484585,0.7421453041617176
ENSG00000021826,0.11536560198674845,0.17698798243732702
ENSG00000021574,0.030268641399384833,0.030367076426421863
ENSG00000197713,0.7496266898135187,0.9840536780726213
ENSG00000078018,0.9704887909725921,0.654405422401932
ENSG00000153827,0.6895630265249444,0.6148626604357642
ENSG00000153214,0.8650820122244216,0.9322855733374358
ENSG00000055917,0.32457751145955804,0.31940270028248224
ENSG00000130508,0.19087091594760025,0.2246223152081083
ENSG00000035115,0.7089855147165103,0.5038421338695556
ENSG00000143727,0.09804777653218064,0.058174882469920954
ENSG00000189292,0.7433479082997072,0.5899285243289183
ENSG00000152518,0.057122360420768084,0.08620888949078584
ENSG00000170634,0.18744986252291845,0.21593310236918004
ENSG00000079308,0.028310998582888224,0.015352966133156495
ENSG00000183281,0.8088770051078018,0.6777850536254255
ENSG00000136717,0.7565621665943807,0.7033017643979003
ENSG00000186684,0.23355799214001607,0.14596506695619532
ENSG00000163161,0.23499352435212428,0.2757867938380235
ENSG00000183023,0.056176496704475797,0.05762314949854232
ENSG00000153823,0.4689337268875272,0.4653171052341858
ENSG00000119865,0.06424463733808965,0.08081673304176343
ENSG00000115956,0.6357227985896485,0.5502390164336881
ENSG00000204923,0.8452648576208569,0.9319216670268892
ENSG00000115145,0.8947163791300157,0.8364864876468867
ENSG00000082258,0.33516452187282664,0.4858219540036668
ENSG00000128656,0.8872409020087421,0.9660492633440005
ENSG00000155729,0.4649389398966527,0.4325714395609138
ENSG00000163535,0.11624517745705172,0.07835847901159124
ENSG00000011523,0.3073323562958216,0.3504423039819775
ENSG00000162998,0.633861704978704,0.5761965691766674
ENSG00000115419,0.7101659996183942,0.7329937276070009
ENSG00000240344,0.28605887553162573,0.1892194943800188
ENSG00000179528,0.6579426222159136,0.6872017433497268
ENSG00000115596,0.6921324401749283,0.5402628147277015
ENSG00000125618,0.14613954957611167,0.11282114674687292
ENSG00000095002,0.11359776687982326,0.09912669253648508
ENSG00000040933,0.7798855582041261,0.6386257092577203
ENSG00000183513,0.07885189365760814,0.11770831267593265
ENSG00000115446,0.6106536314634401,0.6154639981557222
ENSG00000158019,0.8616213002401283,0.9555804185987392
ENSG00000118004,0.15465162530343576,0.15606800593949652
ENSG00000138030,0.1884608315401612,0.08681357202293291
ENSG00000144283,0.8623496871843421,0.9181466197775343
ENSG00000168958,0.6812598061080963,0.7378332384865081
ENSG00000035141,0.15065609179602504,0.08511027229677956
ENSG00000115977,0.9892176659293653,0.9080433455078234
ENSG00000138443,0.34901477590304053,0.38541512803244504
ENSG00000153093,0.24660478142608758,0.11451431019937543
ENSG00000132326,0.4924941989942392,0.7071250583402071
ENSG00000065802,0.6647529627492343,0.5464646726497536
ENSG00000174227,0.3185920504908804,0.4125206577223368
ENSG00000109667,0.5275626958532145,0.44886160779558815
ENSG00000109606,0.47573518815153204,0.45161488818908524
ENSG00000272602,0.378995718086918,0.2148085411940147
ENSG00000109625,0.3933331863866527,0.457976139980399
ENSG00000152953,0.4427470149344187,0.37632391364386786
ENSG00000163132,0.868384426684084,0.8923970454189707
ENSG00000170891,0.6312517680003848,0.46559353456077857
ENSG00000155275,0.7950640812524062,0.7425098122723709
ENSG00000169744,0.036943084127592236,0.035840766921855144
ENSG00000152990,0.49845957845176214,0.43621225167507294
ENSG00000154274,0.27736409895643616,0.21472880978328154
ENSG00000109680,0.0802076574607087,0.08189374697348216
ENSG00000109819,0.4371239273709775,0.20852347339251273
ENSG00000145147,0.07171577609451259,0.0812674851743135
ENSG00000171476,0.03249867587878386,0.029325718597699897
ENSG00000091490,0.33068467897956594,0.19893959067398123
ENSG00000182903,0.3912214684597223,0.42635627043303514
ENSG00000169019,0.6920081432196414,0.44770946763282127
ENSG00000109171,0.6467710566946763,0.45756740467916435
ENSG00000131127,0.6452565383465287,0.5293022333920396
ENSG00000145247,0.9368567454987771,0.6677645159173431
ENSG00000163694,0.5680780579178482,0.46645636246856637
ENSG00000181826,0.7764545209641353,0.5450258054647155
ENSG00000157796,0.05733694118805849,0.04043853876563515
ENSG00000002587,0.5205845970448979,0.7139045301927611
ENSG00000250312,0.027231064252568424,0.037027609455204336
ENSG00000134852,0.3070543567956705,0.4179477776704873
ENSG00000087008,0.17898786256532354,0.20009304537693523
ENSG00000145241,0.8611095066977307,0.8514415875091594
ENSG00000064042,0.1658725778096579,0.08933121586597488
ENSG00000157765,0.013197014731860867,0.006658947065449066
ENSG00000173597,0.5516773468498137,0.5019600016726925
ENSG00000198301,0.7619170866361197,0.685083878288081
ENSG00000170516,0.6519198600826488,0.611072005023884
ENSG00000138771,0.19404349289889822,0.15232221609387395
ENSG00000145284,0.08047162963986754,0.12454665521524162
ENSG00000109787,0.7878586574454072,0.8974638575080401
ENSG00000173040,0.3842137203555943,0.45729384570628184
ENSG00000189308,0.6679835096103928,0.5347724489214548
ENSG00000168152,0.5932381324474028,0.8100154875641832
ENSG00000170502,0.5024836587386404,0.6129460119444854
ENSG00000035720,0.32937087576533397,0.31576411668779497
ENSG00000145246,0.22625064993023078,0.262924649322342
ENSG00000153802,0.3468682175501211,0.42180920832608193
ENSG00000196616,0.014647040123793722,0.0051177710863305245
ENSG00000074211,0.085176300326494,0.058942884908811936
ENSG00000163138,0.20261927267967414,0.2152218820499351
ENSG00000171234,0.6964399684772632,0.6063609780544192
ENSG00000164038,0.14575183948040135,0.12842507820580318
ENSG00000169116,0.33921189604139157,0.28817925565200914
ENSG00000153064,0.8625579623187136,0.8352663297636211
ENSG00000138678,0.7451893389695163,0.8846543428187159
ENSG00000174796,0.6917406807256687,0.7707429166337335
ENSG00000145354,0.9809836443283576,0.8545092842905508
ENSG00000164032,0.07423505273078718,0.04078172384706288
ENSG00000169288,0.7261250238292412,0.728826656322684
ENSG00000145348,0.7135927855714344,0.8259980546515298
ENSG00000138801,0.5496640119765966,0.469315320388904
ENSG00000138663,0.8749794049831243,0.8965213590427951
ENSG00000155011,0.5466401010154462,0.5494580606673896
ENSG00000174808,0.38512923914850994,0.5144843283179354
ENSG00000164039,0.8557030483938142,0.800208714001047
ENSG00000174607,0.3364192110081016,0.47019049980324623
ENSG00000248144,0.07829673015570739,0.060749904459744625
ENSG00000138780,0.8320533689171152,0.9201873566301421
ENSG00000124875,0.37534253411285234,0.2748051358007937
ENSG00000174599,0.3822369304866924,0.31974392915611843
ENSG00000138777,0.6552350114217115,0.49988167814922446
ENSG00000033178,0.8065345733313538,0.9385200424699212
ENSG00000173376,0.04416846732938324,0.028912623371165503
ENSG00000050730,0.39788368074922764,0.4123516531856214
ENSG00000138802,0.31011520762856165,0.3348825679069747
ENSG00000138674,0.2316581340404281,0.29674245887213563
ENSG00000172403,0.48014491373454915,0.3934491841117279
ENSG00000164099,0.44465519678687804,0.5618352118280425
ENSG00000005059,0.19774177595475606,0.1515823388900419
ENSG00000198856,0.8902802041285135,0.7665831774014925
ENSG00000109182,0.1426351417983817,0.1383057887400017
ENSG00000150961,0.5468328786615124,0.7511355150730316
ENSG00000164109,0.8640096214277426,0.7356868660800647
ENSG00000186867,0.6583255954767776,0.7898931186364262
ENSG00000138814,0.7960642666749047,0.7817796261055084
ENSG00000109270,0.0676952990903889,0.03243691319218209
ENSG00000151012,0.7367632043090548,0.5686684323803548
ENSG00000249242,0.8016974993112072,0.6812662309744989
ENSG00000134853,0.04992495522688916,0.06401220190448333
ENSG00000164035,0.045478581700225854,0.02959860373890186
ENSG00000145283,0.6543047151085889,0.5570248709528989
ENSG00000164066,0.47487578180317247,0.44320619212715184
ENSG00000151470,0.11748967248888154,0.1145234391997946
ENSG00000163631,0.20475617836551868,0.2260777994305158
ENSG00000145358,0.5388122894268159,0.5458070663173007
ENSG00000151466,0.8233554851886553,0.6121860024442292
ENSG00000138639,0.27863087075662024,0.47334530416118703
ENSG00000138640,0.6711110371201885,0.5038403067433717
ENSG00000070190,0.8661303232985429,0.8586981948330737
ENSG00000170153,0.6452277058145566,0.7360674326556742
ENSG00000109445,0.9764403530865515,0.9653700093406709
ENSG00000138641,0.3328891587027272,0.27693266628348717
ENSG00000059691,0.7244773523559335,0.9793229017561628
ENSG00000151623,0.8476345111215153,0.6375597821161847
ENSG00000145425,0.22002682737449472,0.17001987465836246
ENSG00000164124,0.08296673524783788,0.1288119052988386
ENSG00000138764,0.3554761806965131,0.28970561971775494
ENSG00000145428,0.148916438167946,0.21431040712638738
ENSG00000164169,0.5459849840617862,0.4727537684577685
ENSG00000177432,0.9434980847861437,0.9266374797961906
ENSG00000151458,0.47400913132462985,0.5197401860349791
ENSG00000077684,0.6969953596283807,0.7418644573418884
ENSG00000163629,0.8077348807401972,0.9487067432734182
ENSG00000164117,0.9640342741714027,0.8682137447623789
ENSG00000154447,0.12770858593335904,0.12324981183919949
ENSG00000153147,0.8958957774907403,0.9352015158392478
ENSG00000121210,0.7749315119673054,0.5682795955133899
ENSG00000145423,0.12704018244908938,0.20327369197765235
ENSG00000168785,0.44059583403580327,0.3273488331780143
ENSG00000163644,0.2590851180171194,0.2326379951990422
ENSG00000052795,0.24118624759092977,0.25243209849499915
ENSG00000198498,0.9317393546277773,0.7743771196297708
ENSG00000163110,0.9623904797698248,0.7872160062242164
ENSG00000164118,0.46957919900747447,0.6071635305432209
ENSG00000168556,0.8266424108483944,0.8723692057360283
ENSG00000071205,0.42444673956236545,0.44121587495390446
ENSG00000182552,0.2795906495771903,0.28043142225969053
ENSG00000164168,0.48002605780082785,0.6058721549675308
ENSG00000164136,0.6910622277948352,0.5822646872051251
ENSG00000164114,0.2470513052171053,0.22666967122636877
ENSG00000109576,0.6054635674138743,0.6266898184342642
ENSG00000109674,0.979743542763825,0.840632380283701
ENSG00000150630,0.03158061227139722,0.04235002296989822
ENSG00000145414,0.8999309385004937,0.9261047597776397
ENSG00000164144,0.11860010867979819,0.13386338751555762
ENSG00000218336,0.5933646087874958,0.6429441567972751
ENSG00000173320,0.36112923133960106,0.4527416619541188
ENSG00000129128,0.08060275252486179,0.10315221440645247
ENSG00000151617,0.25260106220503004,0.3321826145444104
ENSG00000196104,0.7542848281599895,0.9824658876444915
ENSG00000198948,0.7048621985480008,0.6479274496357189
ENSG00000109466,0.03403282715947634,0.020549247409135985
ENSG00000151729,0.21556798114720202,0.33359856606337424
ENSG00000038002,0.5718875079331923,0.6376903807679961
ENSG00000164031,0.839265823493081,0.7731520648308985
ENSG00000145431,0.11417573617190335,0.16456804432043817
ENSG00000151612,0.37390499715388703,0.44929955023777635
ENSG00000164142,0.9707351801561039,0.8834576919308581
ENSG00000168564,0.2664762033793975,0.3687755175185081
ENSG00000179059,0.009853830347521509,0.02420424172762507
ENSG00000151718,0.1147978587760872,0.13589180867552136
ENSG00000164120,0.6598686410488089,0.5252839873011447
ENSG00000168538,0.3562982795530467,0.3713866391616659
ENSG00000164024,0.3552191080053687,0.256244346842163
ENSG00000109536,0.5465669089563219,0.556743152731869
ENSG00000170448,0.40692252748752855,0.2700271163579274
ENSG00000163293,0.3995548103611192,0.55568004686345
ENSG00000226887,0.6551544116057624,0.6797140559909625
ENSG00000128045,0.43149028467158,0.4017964494869418
ENSG00000248771,0.5959701798748087,0.8051488389361543
ENSG00000248329,0.4334803132541918,0.30770322727866256
ENSG00000183439,0.058768745918361155,0.07200370613637269
ENSG00000187689,0.6297133376907609,0.4733452020857034
ENSG00000132467,0.944087440140139,0.8290561092567844
ENSG00000018189,0.405523431010834,0.372579546586028
ENSG00000170917,0.7243406051399606,0.62011914637577
ENSG00000138698,0.5650205936516164,0.3152587731581821
ENSG00000196503,0.3982785225995745,0.5030266959617642
ENSG00000173542,0.6095766788726417,0.5585349136371982
ENSG00000174792,0.02699542582519402,0.020928635969429562
ENSG00000164104,0.08788209879428029,0.06778495160367308
ENSG00000164105,0.17429161369883805,0.17611321066344005
ENSG00000118579,0.5939182055958092,0.6660950422697063
ENSG00000163257,0.5978168495306764,0.9368309833939245
ENSG00000109805,0.6962764195608808,0.6676677093759913
ENSG00000151014,0.0756102731319891,0.11392066919128532
ENSG00000109390,0.6764800675182656,0.5494809224289137
ENSG00000163950,0.7395834651240677,0.6909990787923443
ENSG00000168936,0.5825597289066178,0.6219138362787733
ENSG00000168924,0.38951848574622716,0.3475515303781669
ENSG00000004468,0.9040926046561549,0.6090466021008774
ENSG00000137440,0.5581392427556031,0.7908911282653377
ENSG00000137441,0.0922264675670494,0.24802987122821762
ENSG00000007062,0.6676129601867204,0.5931649061516668
ENSG00000169762,0.4882090527704479,0.3515205280353587
ENSG00000145375,0.9819201336747133,0.9388101087340456
ENSG00000164056,0.3180344549854848,0.40092321258889485
ENSG00000084092,0.7094865026316761,0.7028290050049715
ENSG00000047315,0.6823141942351612,0.694085119226812
ENSG00000163453,0.03086067788267842,0.0657423994838423
ENSG00000084093,0.8886876035909748,0.9194319102259949
ENSG00000164111,0.0835298982152099,0.14201272075819565
ENSG00000123737,0.1138116048719283,0.13916006324191932
ENSG00000145386,0.23828497588904649,0.14115891010623485
ENSG00000138686,0.7884800846515809,0.778326631877201
ENSG00000118564,0.9279369609024827,0.9927663416408191
ENSG00000237765,0.07221231143193625,0.07837787699514487
ENSG00000109743,0.254211816775498,0.2672347179046066
ENSG00000109193,0.9650078633815946,0.8778364320343652
ENSG00000126545,0.04375007844880535,0.033392051627150414
ENSG00000126549,0.5586199927982087,0.5355825639788847
ENSG00000132465,0.6022928745237519,0.5566676007271705
ENSG00000186212,0.49984433882295765,0.5006322934608718
ENSG00000118816,0.3340380914099445,0.3585323644414724
ENSG00000121897,0.25858102308204717,0.39289385679205513
ENSG00000109814,0.69205132520829,0.7772953163016494
ENSG00000163682,0.08679990134676556,0.12177644071127666
ENSG00000145331,0.15208128352200184,0.13312189989211326
ENSG00000109339,0.6315449801639916,0.7601877256756212
ENSG00000128050,0.7194110554619599,0.6552718011146497
ENSG00000137462,0.28658177428139814,0.22560138914445957
ENSG00000168743,0.09602349980726535,0.05902339042912208
ENSG00000053900,0.7701835895589926,0.7058132051057541
ENSG00000164116,0.8420691495914208,0.7308638974750334
ENSG00000061918,0.8507791512152868,0.6004069801028706
ENSG00000134851,0.8569977061262845,0.9504103604522522
ENSG00000109654,0.8701542701762776,0.8038278780963577
ENSG00000121211,0.28313929880920835,0.23448465410432068
ENSG00000285458,0.9582849531363122,0.8836683711563765
ENSG00000145332,0.9094409736359218,0.9427378536082022
ENSG00000170509,0.2262850489552368,0.22773989359614216
ENSG00000198189,0.3095622520291086,0.29135188875433427
ENSG00000198515,0.4431065599452525,0.5903084720778735
ENSG00000164306,0.9763927036332021,0.9752831468911124
ENSG00000151725,0.14923455565710342,0.129639443984815
ENSG00000168769,0.8667634627445364,0.9145493988496722
ENSG00000181004,0.16508556865837853,0.15947339473542313
ENSG00000185049,0.44639093991722656,0.42926408493441015
ENSG00000109685,0.41376800675293934,0.44037644794963393
ENSG00000138768,0.45713102361384417,0.538657849321333
ENSG00000138744,0.6836026763830683,0.580935413650894
ENSG00000090316,0.11982147379805119,0.10272257458850262
ENSG00000163945,0.5426794871222096,0.5020758631753968
ENSG00000170801,0.28701069961912595,0.3303035295339428
ENSG00000163995,0.1464128741665038,0.12692661984271236
ENSG00000138646,0.5279552463312336,0.3975239320165953
ENSG00000145337,0.31665400527141807,0.23702656044740375
ENSG00000255072,0.31665400527141807,0.23702656044740375
ENSG00000187054,0.06958154891891138,0.06787401379759123
ENSG00000164125,0.1694817479646372,0.34570321493020584
ENSG00000137449,0.3544823271299906,0.3604714106951681
ENSG00000152785,0.7162284920174973,0.9539964885673852
ENSG00000109686,0.13007281142765,0.17389753638827432
ENSG00000109180,0.24853000811870068,0.13557166523636827
ENSG00000138758,0.8580869469048484,0.7716775208259841
ENSG00000138738,0.38602995046144084,0.3408716500955973
ENSG00000189184,0.8445738534144072,0.8385110168436798
ENSG00000138757,0.6607586375079326,0.6274472827274256
ENSG00000138795,0.27940179029071316,0.31619921330180156
ENSG00000138696,0.9931300033719099,0.944740471874165
ENSG00000157869,0.7234871380338572,0.8119810955873943
ENSG00000151790,0.8732612681988383,0.9879081726100728
ENSG00000256043,0.6143158653464609,0.7483078787519832
ENSG00000170522,0.4424529557051651,0.423380807427682
ENSG00000138660,0.7601846475341606,0.691192314287348
ENSG00000109736,0.04985798158114704,0.04723818838865771
ENSG00000087269,0.5370256420432162,0.39006831879213877
ENSG00000125388,0.2579296000182247,0.19260488804698098
ENSG00000145287,0.14182774524904654,0.3037749035078336
ENSG00000173085,0.5280160853117316,0.47082257487820556
ENSG00000173083,0.0850019334362616,0.15181494924896538
ENSG00000163312,0.9125845702942141,0.9283908835692787
ENSG00000163319,0.8965976475349764,0.804940840778523
ENSG00000163322,0.8691499433412267,0.7467100781277954
ENSG00000109511,0.846103064329863,0.7712886246631487
ENSG00000137628,0.7333106843636421,0.6142691310336983
ENSG00000128052,0.20649190814071286,0.12975231578393293
ENSG00000163297,0.01826084762078528,0.022287022607082086
ENSG00000128039,0.6570894831720993,0.46610792970952564
ENSG00000153012,0.2018716298735474,0.2056915620873729
ENSG00000038210,0.47316755862166504,0.5273174223899204
ENSG00000109618,0.5764917443581332,0.4115497802446648
ENSG00000048342,0.7046312860251285,0.6414536194595468
ENSG00000153132,0.6260617011110655,0.533153996773099
ENSG00000179387,0.9365712542916116,0.9263070143768973
ENSG00000121895,0.826800105316637,0.8071198961384508
ENSG00000138794,0.9495592739437924,0.9111262593927634
ENSG00000123739,0.7820654329097309,0.9101723089818694
ENSG00000285330,0.26970796753228693,0.5357268641420745
ENSG00000109534,0.49897848840880543,0.3469157227549504
ENSG00000170365,0.9622502630822768,0.9719078325345835
ENSG00000151611,0.6415895570459591,0.6673543584637097
ENSG00000137460,0.4283429713652651,0.23767404267436407
ENSG00000129187,0.3318983494730688,0.5201786407813518
ENSG00000109475,0.2342207350639629,0.20586483046116635
ENSG00000138756,0.650857728518117,0.5876037339320432
ENSG00000153130,0.6103422661767894,0.41870940981297855
ENSG00000151247,0.3600354337745554,0.4781823744710654
ENSG00000152583,0.12161326696104076,0.09351229672384342
ENSG00000205208,0.189022454950841,0.17396518853745335
ENSG00000171503,0.926494928665818,0.8873021109651535
ENSG00000171497,0.5378210834379539,0.4143468514209412
ENSG00000029559,0.3492018763955106,0.3989562232208994
ENSG00000118762,0.5130335576547143,0.568642504561877
ENSG00000118777,0.8953659367769196,0.8824746436269131
ENSG00000196526,0.12137385266454132,0.17254378791357475
ENSG00000138772,0.7451795191985933,0.6571894809811761
ENSG00000138759,0.11632830260946889,0.133180424687727
ENSG00000155016,0.5397484397448764,0.6820607260503213
ENSG00000138821,0.03800558929643684,0.023817965751202
ENSG00000109332,0.4385860767770374,0.5862506730530519
ENSG00000170185,0.08196094237002406,0.08926969152550393
ENSG00000145391,0.8827774009197078,0.8810120983873357
ENSG00000085871,0.12161870302222369,0.0880111609757873
ENSG00000184985,0.7205453181278798,0.8082605249662307
ENSG00000164022,0.4130830928865886,0.28522073146843907
ENSG00000157426,0.9328017783368555,0.9905788749898939
ENSG00000128059,0.5950663397743909,0.5118405925746302
ENSG00000081041,0.029399193135606943,0.015503443928870875
ENSG00000182585,0.8962900208085313,0.8118226360790082
ENSG00000138796,0.74502294077058,0.6900963013070007
ENSG00000138755,0.18540933270720947,0.19735833193252286
ENSG00000169245,0.5784191410431994,0.6411619907381609
ENSG00000169248,0.6005192232969674,0.7619942209840612
ENSG00000189157,0.23413854087177594,0.1389734299281869
ENSG00000118804,0.16915955935622717,0.134898877787647
ENSG00000151806,0.7259113883603916,0.6398996666117265
ENSG00000163281,0.5106358211168451,0.5853662241061891
ENSG00000180801,0.4178884582847944,0.5307576973696373
ENSG00000125089,0.04171467709248712,0.026475449967174342
ENSG00000118785,0.08616693619101691,0.06772730703928598
ENSG00000109501,0.005331855894005588,0.005367737874631719
ENSG00000172493,0.03286017249857114,0.027136943070893323
ENSG00000196344,0.05533566135317609,0.09119634771869675
ENSG00000197386,0.14481927808489112,0.13344264302514422
ENSG00000109790,0.7340578100599657,0.6524548668476312
ENSG00000197894,0.2244898696758297,0.13610246119179556
ENSG00000163743,0.8723008137053753,0.8189635745309796
ENSG00000197888,0.9331588532766258,0.9329494568404185
ENSG00000013810,0.632117258380718,0.5476457196523918
ENSG00000156234,0.15759227299207337,0.18594335077112903
ENSG00000138669,0.39967831921598884,0.44657392721278055
ENSG00000150471,0.20648867308458357,0.1697428607206802
ENSG00000164023,0.010635156943054483,0.016413895464613516
ENSG00000138688,0.24222987866902224,0.2179019630147064
ENSG00000132406,0.46342173898439776,0.4412206052519404
ENSG00000168826,0.46389631810801746,0.42805908263499837
ENSG00000168818,0.3284650082610309,0.3250788228550146
ENSG00000168824,0.7495853663801618,0.9379815902931201
ENSG00000157404,0.20942902722298698,0.10484227174313038
ENSG00000013288,0.08895941534878414,0.08243278998067201
ENSG00000163993,0.41090662590371474,0.3579806215956527
ENSG00000178988,0.9194287013299356,0.8296668449825065
ENSG00000186222,0.5029513626848683,0.5156835992240898
ENSG00000170871,0.16767216063060814,0.08284001757436642
ENSG00000243449,0.0972063142063127,0.10063684304792514
ENSG00000137601,0.5338441689436815,0.4690288826457001
ENSG00000056050,0.5259600995323128,0.45304032262411564
ENSG00000181381,0.3109604305612841,0.28627505235156026
ENSG00000180346,0.5551322856392464,0.5711064779564294
ENSG00000168214,0.18625659311702514,0.2113730912493348
ENSG00000164096,0.5052912462391979,0.4471815470654137
ENSG00000145390,0.879133940378822,0.9209839922382751
ENSG00000035928,0.6389586279284685,0.5373129551775956
ENSG00000138670,0.44980911951655256,0.22696814160731218
ENSG00000047365,0.16949786405880743,0.19626823573456456
ENSG00000132463,0.5380384622661902,0.48555858078946557
ENSG00000132466,0.6037185409494984,0.5384502476687274
ENSG00000196782,0.9863828949598076,0.95687533525905
ENSG00000168228,0.7320251500480786,0.726268282555325
ENSG00000138785,0.6857959937913018,0.6277003808359203
ENSG00000138642,0.8510054570803127,0.6379331038960883
ENSG00000145293,0.5750624332787071,0.4200385831344776
ENSG00000128040,0.4443692784741877,0.32878186182672925
ENSG00000179010,0.5046858514960215,0.47839073941773447
ENSG00000138778,0.6816503817401489,0.6482149165705569
ENSG00000145220,0.723903993614536,0.6741870037368014
ENSG00000173610,0.3135063068859153,0.3546367433720453
ENSG00000150625,0.3990547035457558,0.27834359398035335
ENSG00000164093,0.7794067445108508,0.737554870155601
ENSG00000164167,0.5773100198365269,0.36361540884890764
ENSG00000120519,0.3721672745229472,0.55283845771954
ENSG00000109272,0.04185493837286438,0.02804516993262959
ENSG00000163739,0.7750757095152561,0.5889817882273485
ENSG00000163735,0.12038038774806302,0.13178802646314222
ENSG00000163734,0.3573527449920273,0.36797638760203444
ENSG00000138767,0.6216804727166538,0.5632583108344082
ENSG00000175920,0.02374596929468433,0.023868946235211796
ENSG00000163956,0.07537484876532471,0.05445862899280222
ENSG00000159788,0.3160753237475593,0.24112936879066743
ENSG00000109381,0.9975577455759447,0.9026711459751475
ENSG00000109205,0.2668093727191502,0.2940061000473904
ENSG00000181617,0.533630771147813,0.43094203163243483
ENSG00000164323,0.832185883801176,0.9762955839834587
ENSG00000109762,0.3709046889736016,0.37868181100947085
ENSG00000145476,0.08570555119071649,0.10231307916655304
ENSG00000250317,0.5047971807850209,0.46057666403452235
ENSG00000174137,0.5051702277749568,0.4027953797170779
ENSG00000145416,0.44918497517736666,0.37754046841428757
ENSG00000138658,0.6107016811956019,0.5379284703376278
ENSG00000174720,0.9956020641463428,0.9940899146010685
ENSG00000178177,0.3785952871602303,0.2629383095433049
ENSG00000109610,0.016417352207234108,0.014691017553560996
ENSG00000181982,0.08726530779190461,0.11143800438916063
ENSG00000138760,0.03081061863001824,0.0484030834620173
ENSG00000205403,0.34002630804331513,0.3110506312038811
ENSG00000133256,0.6981265652728899,0.8967410698279544
ENSG00000169020,0.5193687117503087,0.4217240299106375
ENSG00000169026,0.19423320100609073,0.2561962638592761
ENSG00000168993,0.5369065786210024,0.6586228281546581
ENSG00000215375,0.5949738057354965,0.6042973154977043
ENSG00000169435,0.5732202942079836,0.47107917678374644
ENSG00000169429,0.2782089106421782,0.38986530745402515
ENSG00000072840,0.1025948194360001,0.12811385664260372
ENSG00000174123,0.9078138767441885,0.7973340880506491
ENSG00000174125,0.7485010881473104,0.6153536036045459
ENSG00000174130,0.8495522278645058,0.69508043256546
ENSG00000197712,0.1702029751687479,0.20431164315466455
ENSG00000168310,0.832186499442205,0.854360972341121
ENSG00000198589,0.22741339233508487,0.253408412252357
ENSG00000145335,0.29203184271413707,0.17434617717472348
ENSG00000138722,0.006042975646517169,0.0023461844931523053
ENSG00000163738,0.926303455737301,0.9276711141038686
ENSG00000124882,0.013768357665777626,0.01258420301460001
ENSG00000109321,0.04145831724148561,0.044017640650433856
ENSG00000052802,0.3322966044569727,0.36084682730749684
ENSG00000109472,0.7846872883706677,0.8168675812937386
ENSG00000073331,0.3755606043748573,0.2727522764366425
ENSG00000109189,0.6218442325540903,0.6437599409136869
ENSG00000170088,0.0768470632633099,0.09090417275900392
ENSG00000083857,0.105752724982349,0.10210389322453366
ENSG00000002549,0.436099314323694,0.36062917867192024
ENSG00000123933,0.12610969523988214,0.10677429287813973
ENSG00000159733,0.12344979843978446,0.12742210027652776
ENSG00000163104,0.8153525602992018,0.979190160948532
ENSG00000163106,0.39962994411472397,0.29182934506602864
ENSG00000109133,0.652156516442777,0.7329021456049167
ENSG00000014824,0.6000298081621473,0.6504260567430065
ENSG00000178343,0.9992659603643774,0.9827397981825514
ENSG00000185477,0.04192379125619962,0.026126863992051826
ENSG00000138798,0.5530080421305769,0.5205360561765391
ENSG00000138792,0.9921301356350989,0.7418817554273287
ENSG00000178950,0.1754464632589729,0.15876254542770665
ENSG00000127419,0.33262739314041906,0.35702514156220644
ENSG00000145214,0.2881720793776902,0.2674784730623658
ENSG00000145217,0.8081128685470869,0.8635292556787896
ENSG00000127415,0.021805354288993377,0.029422515096766945
ENSG00000127418,0.07674309130743112,0.10456051378775985
ENSG00000125386,0.5463385249796764,0.40972911015496083
ENSG00000168884,0.10041157629349362,0.14377205435133833
ENSG00000087266,0.17011661911879056,0.10838769281960382
ENSG00000087274,0.02740100470993481,0.023759082845612237
ENSG00000184160,0.35616981032622674,0.47490549042033137
ENSG00000109320,0.05494526789916198,0.07534746801214248
ENSG00000178222,0.283042836106884,0.2494152185180368
ENSG00000156136,0.14534117626112816,0.14522358299288737
ENSG00000186352,0.9920894804521373,0.9037326734964123
ENSG00000109775,0.9160921003274598,0.8761973166496235
ENSG00000205129,0.9473124591036292,0.9439344728348105
ENSG00000169851,0.27742729554431855,0.3238867606712783
ENSG00000164342,0.04280531215102848,0.03584835577287538
ENSG00000169299,0.5289833295345414,0.512643716961596
ENSG00000109689,0.36851535459644413,0.49305075503424733
ENSG00000065882,0.010279343301239785,0.006900485023937815
ENSG00000138750,0.915881059282672,0.8546129638507908
ENSG00000109184,0.7549608496599822,0.7579705438682736
ENSG00000163069,0.41019778069738677,0.4200854480470124
ENSG00000163071,0.18989482283021927,0.1749159335683184
ENSG00000179299,0.546533978166664,0.41278336007169836
ENSG00000163697,0.02067079138300316,0.018585083697058056
ENSG00000154277,0.5020863523860375,0.38840122603564464
ENSG00000071127,0.33517766088212336,0.3434596294559973
ENSG00000170846,0.14325797510118177,0.1888019043969309
ENSG00000185619,0.5559121700484899,0.47388089734296235
ENSG00000171209,0.9798761115861462,0.8394443020972556
ENSG00000168421,0.7225969080484426,0.6556213217746716
ENSG00000164305,0.18348624516678214,0.24306095986495974
ENSG00000164134,0.8407422591337367,0.7733201974350946
ENSG00000164161,0.1421019687569588,0.10783636298211226
ENSG00000164162,0.6609888375599606,0.6095229797949158
ENSG00000164163,0.7035407096422904,0.5420037657485915
ENSG00000164164,0.5790132024408441,0.5592142289784132
ENSG00000156219,0.11657139890870445,0.06466315809842237
ENSG00000124406,0.10543626008749322,0.07213927371070539
ENSG00000038219,0.695054369534805,0.6162950664540743
ENSG00000159692,0.17711606728705187,0.1778309290805433
ENSG00000109436,0.8929158432398876,0.9417916128215932
ENSG00000063978,0.27446584921596123,0.25690804830108105
ENSG00000184178,0.6305444213643121,0.5798335052430961
ENSG00000072201,0.21687833099560383,0.3697458586558079
ENSG00000109220,0.8653274149185465,0.9998784476210327
ENSG00000145216,0.5399662892526536,0.6012408026146722
ENSG00000109670,0.6042143055293219,0.44239681113296503
ENSG00000075539,0.3829984335775636,0.45311876233822923
ENSG00000109586,0.947578918374274,0.7922203133781477
ENSG00000145388,0.7617871247245946,0.6769080169593332
ENSG00000109738,0.4580110054195474,0.44729933820765744
ENSG00000138735,0.7224987534899596,0.6410620739323536
ENSG00000214367,0.3756822645761625,0.3206884504754581
ENSG00000178163,0.5642719653389225,0.4695130857658786
ENSG00000109265,0.6684335466434821,0.7064780717487157
ENSG00000174780,0.387570059133469,0.4677097939846181
ENSG00000138668,0.6124883830278454,0.5611811893893109
ENSG00000152795,0.35202529499439406,0.22848974972426625
ENSG00000164070,0.4895010294123653,0.4120557744778601
ENSG00000142731,0.7860755027662483,0.8955353000625657
ENSG00000164073,0.41088344761382034,0.7082860505883479
ENSG00000164074,0.23751916930470615,0.2764059330038334
ENSG00000164040,0.9818694222335923,0.8808896535899364
ENSG00000138709,0.8345252510722136,0.6423009423546411
ENSG00000145439,0.47647396385466223,0.7175452959045736
ENSG00000129116,0.6372892354612528,0.5673791081268151
ENSG00000154553,0.07093033162622159,0.11527845187075939
ENSG00000080493,0.07374196484357927,0.03589382058753061
ENSG00000109756,0.021689495222634678,0.020370160603188043
ENSG00000170006,0.7635056111973791,0.6970089071950063
ENSG00000145362,0.01125450367578019,0.009682824302554025
ENSG00000174749,0.808515589523741,0.9189390105647656
ENSG00000163624,0.22078848504335655,0.17932816653506234
ENSG00000163625,0.5112151110886904,0.4790399492037649
ENSG00000145349,0.2869271751303219,0.3856343352861491
ENSG00000109572,0.5202624238645076,0.5918167319979438
ENSG00000072832,0.9039865365576658,0.9499839275160263
ENSG00000198092,0.40132777538528075,0.516088503168036
ENSG00000083896,0.31062125061996465,0.44311773863152226
ENSG00000087128,0.9231576653788545,0.8230119645868873
ENSG00000151726,0.9865411493278872,0.7871010191940242
ENSG00000171566,0.9116829915116986,0.8243097735898766
ENSG00000171564,0.2994341776710612,0.5974508047541319
ENSG00000171560,0.0008886458636732985,0.002082651479355063
ENSG00000171557,0.0008558260591996515,0.0006928834324507295
ENSG00000138685,0.0967429908870754,0.14557722029289308
ENSG00000068078,0.4348008078225061,0.5014219809799038
ENSG00000159674,0.5657983338175627,0.6575148669223188
ENSG00000109458,0.7863579242754466,0.9231341915685202
ENSG00000151552,0.20204690628567115,0.2655080720252524
ENSG00000163683,0.3815909760988313,0.30157680192307296
ENSG00000078140,0.21722903993643652,0.2051897274694064
ENSG00000121892,0.47308689945160887,0.507333924834715
ENSG00000078177,0.3603600941566293,0.34518093315749576
ENSG00000132405,0.471721123016306,0.3424200796176996
ENSG00000173013,0.15980547555678634,0.07716912973536681
ENSG00000173011,0.11510579169987545,0.11368580675332461
ENSG00000109519,0.7873699504128298,0.6712624417436969
ENSG00000172007,0.7650676683522333,0.6190257041126187
ENSG00000145365,0.9144449466084056,0.8917278004317181
ENSG00000109255,0.662237478034052,0.6867336608420148
ENSG00000090989,0.7549683522898105,0.7623354142430375
ENSG00000174799,0.9855971304239663,0.9960819763561748
ENSG00000154556,0.10723687613192086,0.10809609490730539
ENSG00000109452,0.021898695551775267,0.03428559435482685
ENSG00000109794,0.09623013747040465,0.05261831651581877
ENSG00000152784,0.7677960883615503,0.7858412460174009
ENSG00000154639,0.6063909158702001,0.5533816354290959
ENSG00000277282,0.5384824897600633,0.5024059006101311
ENSG00000156253,0.31615250016713187,0.26884991309394146
ENSG00000156265,0.7100912448280039,0.7028440801379344
ENSG00000142207,0.6621738131054935,0.8066565180051185
ENSG00000154721,0.09567938413061926,0.11444899346107164
ENSG00000156256,0.7381943085075671,0.9139945059443341
ENSG00000166265,0.11724631968533687,0.08809543368233756
ENSG00000243927,0.8173716881961045,0.8738642865712374
ENSG00000198743,0.8973517995055359,0.8441943951064961
ENSG00000159259,0.1937596296408971,0.20000762809270925
ENSG00000156304,0.6221003017894285,0.6863033125104161
ENSG00000156261,0.385814648506265,0.34959176553059645
ENSG00000154654,0.04286608545726907,0.03266412147064093
ENSG00000198862,0.7457627219546517,0.68363551951989
ENSG00000156284,0.9191732204071427,0.9579763192661271
ENSG00000142149,0.8156010444695376,0.799771754704458
ENSG00000154642,0.06917966216760915,0.12251106493835527
ENSG00000159256,0.7709468259958999,0.7381809284281202
ENSG00000159086,0.3621964840947105,0.4660480494257375
ENSG00000205726,0.24253555996577383,0.267709692012156
ENSG00000241837,0.21503680425774596,0.2135164925491079
ENSG00000154645,0.07311220960510573,0.13131986525409267
ENSG00000160307,0.9813860134675927,0.9497827050642145
ENSG00000156273,0.4389000570360192,0.300808670595072
ENSG00000157557,0.9190732526416288,0.9093888738674708
ENSG00000157551,0.680577268569895,0.5259097189695788
ENSG00000205758,0.8634868676497548,0.9190979811661159
ENSG00000156239,0.5102961730743374,0.5024663638216857
ENSG00000249209,0.19146511277393302,0.1875842327996778
ENSG00000157617,0.41682188878574145,0.5364070401029433
ENSG00000173276,0.9615310097701576,0.9844907615646112
ENSG00000159228,0.13472513369249617,0.20869992425417946
ENSG00000159231,0.2591151296297634,0.41172384320325384
ENSG00000159216,0.6795269988159134,0.5789269021916659
ENSG00000166979,0.043559953249730374,0.07668026391938615
ENSG00000159079,0.23303234913151707,0.27369376323311945
ENSG00000265590,0.14807913131784028,0.15892942480777578
ENSG00000154640,0.11992331426683124,0.10553753520976379
ENSG00000184900,0.5372056693632092,0.5098598119098798
ENSG00000154719,0.17339210449777331,0.16430776161461957
ENSG00000155307,0.8910824755690588,0.9076676381003326
ENSG00000205670,0.03148582186257352,0.023128262595669
ENSG00000159263,0.8221332895587383,0.8596080477206265
ENSG00000183145,0.5398531625412811,0.4250020271823777
ENSG00000160208,0.389159108869333,0.35305330576431526
ENSG00000160209,0.7459035013243289,0.6867552971528221
ENSG00000160213,0.3378546557803325,0.3390913766001324
ENSG00000160214,0.13764212524238062,0.16897627850852864
ENSG00000160216,0.1870477161853627,0.1913823966352554
ENSG00000160218,0.191079862820934,0.16983512973063078
ENSG00000241945,0.9349591858524516,0.9175043257702519
ENSG00000157540,0.6820774603810382,0.7534104143297871
ENSG00000141956,0.9353125812430152,0.878091589025251
ENSG00000160199,0.16674788570899257,0.23224852925168715
ENSG00000160200,0.8808369801004485,0.8468799406874592
ENSG00000160201,0.23491399926036766,0.29831472449386376
ENSG00000185917,0.07866682041180956,0.09723801163986737
ENSG00000173638,0.5263504078473228,0.5692176147831676
ENSG00000182871,0.24885007463950815,0.2640546706837951
ENSG00000183844,0.8551755034221944,0.9555506097623322
ENSG00000154734,0.7507349819508272,0.6936181075360408
ENSG00000159055,0.10954013232105826,0.10258638503795059
ENSG00000160193,0.32060702315736117,0.2623357734698567
ENSG00000160194,0.17210096584437348,0.17587467131495318
ENSG00000154727,0.7589778883870616,0.8311163626904967
ENSG00000159212,0.4023047440749652,0.46427597011076427
ENSG00000185808,0.14913804776010078,0.12225645146262136
ENSG00000159082,0.43008988682301386,0.4526995482035667
ENSG00000155304,0.853827283290186,0.6800085483360436
ENSG00000183527,0.22481240554757267,0.199457755743992
ENSG00000185658,0.48579213033766266,0.6183588243625358
ENSG00000205581,0.15690107010223525,0.15287460004694595
ENSG00000182093,0.13483376282434736,0.12018682155976067
ENSG00000183036,0.5719507651779097,0.37560323508469207
ENSG00000182240,0.1969787231351827,0.3064688706108036
ENSG00000183421,0.9358218809027516,0.9557344110376802
ENSG00000160179,0.46612598489292645,0.4630869717488951
ENSG00000160181,0.6823415480524169,0.8387180129317037
ENSG00000160182,0.8289102835579639,0.6928506371754494
ENSG00000160183,0.12744012558710893,0.032813144108016445
ENSG00000160188,0.4925803478988573,0.260892494174711
ENSG00000160190,0.4370936642640567,0.4342862483148314
ENSG00000160191,0.9976501393423737,0.9778905515215145
ENSG00000142178,0.1008471122639001,0.10172584974020354
ENSG00000160207,0.645121432133059,0.5254609894046228
ENSG00000141959,0.5872912395518441,0.6140992569138215
ENSG00000160226,0.6065934318783944,0.41308128513462883
ENSG00000160233,0.9431985885166084,0.9388408419023022
ENSG00000184787,0.12591864834219743,0.16018666522365843
ENSG00000183255,0.09864835417548963,0.14292761711707508
ENSG00000160256,0.4979113526166872,0.46094795183536574
ENSG00000186866,0.9334824223714911,0.8609364877273128
ENSG00000183570,0.5892365348668098,0.44702840827388124
ENSG00000184012,0.4987430910521119,0.3482661930294211
ENSG00000157601,0.9708352488386368,0.7127144487933268
ENSG00000183486,0.8723528640551927,0.6439555533103816
ENSG00000154723,0.27577855718744393,0.282221701557635
ENSG00000160284,0.9593450888319321,0.8163204745727464
ENSG00000160285,0.559505303901304,0.5020895928621387
ENSG00000160282,0.570811496322357,0.5010347389552718
ENSG00000159267,0.9339396658079585,0.9051926788413709
ENSG00000142156,0.41575729757689006,0.5721405338383129
ENSG00000160180,0.797379764757108,0.7049121049686299
ENSG00000155313,0.6145210918569846,0.6198266848118272
ENSG00000142168,0.11805376775900554,0.12198819619707309
ENSG00000142197,0.45874330412391884,0.48149721234622866
ENSG00000160310,0.5132334443323123,0.45158982947706083
ENSG00000157554,0.32430887918755613,0.20288048081695773
ENSG00000142185,0.8641750169720853,0.7250653943520428
ENSG00000160294,0.49218295000596823,0.45963024628867655
ENSG00000182362,0.32667554950178657,0.3552528192493263
ENSG00000160298,0.45500117028475706,0.5935197114176067
ENSG00000160305,0.7747977107855912,0.7763201419503568
ENSG00000159131,0.9328247384723556,0.901662770709022
ENSG00000159147,0.16040812568130608,0.165973064197629
ENSG00000142188,0.9687234766454634,0.8415398420841136
ENSG00000243646,0.9688083498068017,0.9735287427596397
ENSG00000159128,0.04275541111619395,0.07247261354185283
ENSG00000157538,0.6451591616878543,0.6423383740003035
ENSG00000182670,0.18629404370901678,0.19392439473425235
ENSG00000160255,0.4015616510161393,0.3501198257428433
ENSG00000184351,0.15668674820380918,0.19562455363562442
ENSG00000156299,0.995444936597413,0.8463590433587258
ENSG00000185437,0.3709242889896599,0.44544750747786266
ENSG00000160221,0.8773521806459721,0.9220491408823998
ENSG00000160223,0.8189789478019723,0.9475550359637437
ENSG00000159110,0.36902772646218807,0.3527814272189823
ENSG00000160299,0.39303356726837635,0.46031827389574254
ENSG00000142166,0.12572974366454634,0.13342050304217476
ENSG00000159140,0.8596599213150444,0.9423285867318618
ENSG00000197381,0.30409203220874603,0.26320622282047096
ENSG00000142173,0.29303477748031054,0.3859480260463759
ENSG00000180530,0.4931366493227064,0.45859611374136655
ENSG00000159200,0.7681665991317164,0.7515870299136486
ENSG00000142192,0.36482928805548853,0.38549119990241953
ENSG00000147853,0.612312978083351,0.4628735664287005
ENSG00000120158,0.44801256703367354,0.5429714596052867
ENSG00000106993,0.6877557291133369,0.5254243802543517
ENSG00000183354,0.9164299355062383,0.7547775308226885
ENSG00000106688,0.6158095802133281,0.6484979693913331
ENSG00000205808,0.7902206412035699,0.9720770309610254
ENSG00000044459,0.09494284782396231,0.08991941164137442
ENSG00000137040,0.7053479765487504,0.5226924021283724
ENSG00000147874,0.36203413653991035,0.46885398024459257
ENSG00000122692,0.4529633169920524,0.21815699581531678
ENSG00000164985,0.28719144552362275,0.4149268964048245
ENSG00000137074,0.04094371759927137,0.009047607000942972
ENSG00000147854,0.8970663708711237,0.9240840946794698
ENSG00000153714,0.23668065660937632,0.18909134591440366
ENSG00000086102,0.6347856530445398,0.458578335759815
ENSG00000137106,0.8823608630854323,0.5110769400250811
ENSG00000156052,0.3746315104289807,0.30164000322983686
ENSG00000165092,0.21544260023467932,0.30375191769605
ENSG00000155621,0.4225513551511232,0.5348972544366248
ENSG00000197506,0.3192721773909756,0.27107537813303384
ENSG00000154330,0.3340714676291654,0.2664313451983389
ENSG00000135069,0.3496634869273383,0.4358446477650717
ENSG00000148057,0.5623921315338831,0.5405072242258139
ENSG00000165105,0.7458710584025343,0.738168271285918
ENSG00000106733,0.3579691829002577,0.4866967374113085
ENSG00000137054,0.5604678857915502,0.32895049059027115
ENSG00000135052,0.3976982309704077,0.4792835814089459
ENSG00000083223,0.5196292404849027,0.469070856302399
ENSG00000107165,0.9638353243971316,0.9386938354991649
ENSG00000156049,0.08231332863716408,0.05204916776317363
ENSG00000107372,0.6923095902842022,0.46127748171629535
ENSG00000156017,0.6315466154708715,0.6308907961525381
ENSG00000168795,0.8238017233171353,0.6951352762363586
ENSG00000135040,0.47016244845298416,0.39228173784320397
ENSG00000165233,0.33349335499237165,0.2695187974713848
ENSG00000134996,0.6043901122150804,0.7018112642825847
ENSG00000135048,0.14088644278914822,0.14325686409027572
ENSG00000130222,0.03574006522165075,0.013181546498897925
ENSG00000135045,0.21351729901953032,0.18714262989108507
ENSG00000136842,0.058917878299501576,0.028485754285273942
ENSG00000135018,0.5549613674033305,0.5741861176695853
ENSG00000136891,0.9286256230236608,0.9813276479568976
ENSG00000165030,0.28963709857845593,0.19585482351557196
ENSG00000204291,0.3829972361265751,0.6467704163326876
ENSG00000095209,0.6047790371885502,0.7702022995631653
ENSG00000283378,0.4080420822244474,0.5976326295270462
ENSG00000131668,0.2625547021416023,0.15775001969793342
ENSG00000136810,0.8617529954298796,0.9833488593733858
ENSG00000165138,0.47541209416456154,0.48448227772274133
ENSG00000131669,0.7233720764532909,0.5740774681937852
ENSG00000197969,0.7160175557636677,0.9333748045075304
ENSG00000165072,0.068833841934477,0.04988150630097053
ENSG00000119318,0.5347864950767633,0.5583649592838256
ENSG00000196730,0.15443599634856744,0.12262032590303709
ENSG00000136925,0.3291331378062686,0.2789058326206273
ENSG00000078725,0.7296156254066822,0.9663482883218601
ENSG00000148123,0.26074215810093687,0.38604388776753196
ENSG00000136937,0.5257021250609548,0.5529036441184499
ENSG00000135046,0.8465226938041082,0.7459412537272588
ENSG00000187210,0.6473082637184574,0.47864265607830625
ENSG00000086061,0.9542532896064168,0.5000537789274662
ENSG00000196781,0.3482877702767291,0.3613418034112642
ENSG00000148331,0.4597474492019107,0.5997772217533504
ENSG00000180447,0.23118398852174085,0.24386778292944722
ENSG00000127084,0.877601099560066,0.724039776324815
ENSG00000137038,0.4331880634242875,0.5234917410958179
ENSG00000119509,0.3953780655665362,0.4654826751341681
ENSG00000136824,0.6568497756283912,0.6853509335455401
ENSG00000251349,0.9497527690207824,0.9945426138455594
ENSG00000157303,0.17658087711055934,0.27536811014032747
ENSG00000148200,0.32340574463644584,0.2723869782660284
ENSG00000148175,0.19493619795827094,0.21615494218964648
ENSG00000165025,0.20005050666276755,0.11480996576480049
ENSG00000106723,0.3677459248039343,0.32021800968454045
ENSG00000187742,0.41456317730719017,0.32110116524682963
ENSG00000197859,0.11401530627697133,0.10256183608126855
ENSG00000196739,0.8528563987755473,0.9476948104380842
ENSG00000136942,0.5960902218530104,0.5675850888511891
ENSG00000169925,0.6297972430466396,0.5217651512400312
ENSG00000106771,0.4158996967144809,0.388474820105403
ENSG00000136826,0.8247118091587669,0.984099571288847
ENSG00000167157,0.9092668453278585,0.9741458977863755
ENSG00000135070,0.7092081552866922,0.7916285440200093
ENSG00000178919,0.023494376673271547,0.02316992551401104
ENSG00000160563,0.9427231096886326,0.9580305701690619
ENSG00000136950,0.48032817040826437,0.5102139056280434
ENSG00000147872,0.02054234070135077,0.039187788992600905
ENSG00000186350,0.14775074316869954,0.10277824196283866
ENSG00000167081,0.10386256632791278,0.09529996208091561
ENSG00000119487,0.44071832280305034,0.47947481447233664
ENSG00000136940,0.4275127706256677,0.3668261793187152
ENSG00000119471,0.5496775215654924,0.4241750816692563
ENSG00000169071,0.7099788522932772,0.7845073613901512
ENSG00000165113,0.9019958234226465,0.8143374747798195
ENSG00000136935,0.25003373694190006,0.252379864724867
ENSG00000130559,0.7496836709409989,0.6206817360700569
ENSG00000070159,0.46046807328379824,0.40320479364954676
ENSG00000165304,0.539839873376019,0.2681695712095461
ENSG00000181090,0.3121829658586371,0.23492237632162213
ENSG00000160293,0.016152377896496557,0.017044009253133038
ENSG00000107290,0.2845864373299807,0.22690815387293878
ENSG00000148344,0.1398312742352285,0.24572277431821296
ENSG00000125482,0.3954933309137135,0.2672080763556481
ENSG00000235106,0.056741157583620125,0.041863759455464104
ENSG00000136828,0.7662145450269462,0.5850286964206979
ENSG00000196814,0.5198197785738081,0.37801722579710995
ENSG00000182752,0.04477273544107975,0.046367554723290044
ENSG00000119514,0.279206473782273,0.19871260034506263
ENSG00000185585,0.6675394836925771,0.5974999960658998
ENSG00000136856,0.5542994187499222,0.5137185828135764
ENSG00000196152,0.7850809513108357,0.9836631104946882
ENSG00000197958,0.4178335820570648,0.32772154856219843
ENSG00000136830,0.12352558298173628,0.1154941239252627
ENSG00000187024,0.16212731004830885,0.17434961789329417
ENSG00000160401,0.3368263508357202,0.19907665185856263
ENSG00000160404,0.8148565336924275,0.968007138731166
ENSG00000095370,0.04796024725639929,0.02592881193808731
ENSG00000136807,0.1710804681374048,0.1124642344094034
ENSG00000136877,0.17158052533562854,0.15961941473107005
ENSG00000122694,0.2802020119929574,0.2616549308333852
ENSG00000171169,0.4063289137906516,0.3351937623282374
ENSG00000148346,0.9062998827061749,0.9338823638404545
ENSG00000171159,0.3575176205738998,0.4149853699107875
ENSG00000167112,0.9976836027919543,0.9158021513843454
ENSG00000167113,0.17569038535572742,0.18391499784068738
ENSG00000167114,0.3829581408015742,0.480239107026195
ENSG00000167118,0.9300459904250948,0.9587217981953837
ENSG00000198000,0.3121516046544097,0.26057425415250307
ENSG00000188312,0.15426559604311627,0.1395121034020274
ENSG00000106809,0.3281478869586305,0.37339805924182046
ENSG00000106819,0.9885104080590678,0.8547109573506165
ENSG00000127080,0.9049324283526899,0.8244241821287361
ENSG00000165115,0.7869232690030602,0.9751317910821473
ENSG00000165118,0.9858951711546673,0.8801488514591318
ENSG00000107140,0.03080835239766874,0.08044078005489297
ENSG00000159884,0.10368089615474257,0.31498157525743486
ENSG00000137135,0.6696029724854002,0.9359526669100993
ENSG00000198467,0.09210443487116188,0.15553138296575286
ENSG00000107175,0.4440375463714783,0.8773843935545925
ENSG00000070610,0.5013979958791309,0.6672071581262986
ENSG00000107185,0.21133904990977434,0.3651987916266751
ENSG00000137133,0.8390169565253224,0.8276235730293189
ENSG00000137103,0.0626684558747359,0.09070077108736212
ENSG00000196196,0.21266307743542484,0.14443709202205665
ENSG00000171843,0.6206274239523463,0.8455360042104342
ENSG00000187609,0.8002618550191332,0.822721237596177
ENSG00000130653,0.3360530335431915,0.24291939355831474
ENSG00000182154,0.6268369194970504,0.6008943492577556
ENSG00000148399,0.7721704342267248,0.7765760443683056
ENSG00000165724,0.8020115089359962,0.8759789927941523
ENSG00000197070,0.12735387805530834,0.14139493877931783
ENSG00000064218,0.32661088339285843,0.4699038392376028
ENSG00000188938,0.6805402782568921,0.7781338671099568
ENSG00000056558,0.569377055935623,0.559800604804204
ENSG00000136897,0.25573359624625636,0.28985742678644416
ENSG00000165152,0.6277888750133391,0.781319118996451
ENSG00000155827,0.8469144545742957,0.9811862416281154
ENSG00000120159,0.5639503867424058,0.37427290996958806
ENSG00000137055,0.9431349926905148,0.8476963076110215
ENSG00000178445,0.2262598118766954,0.22339215055196082
ENSG00000136936,0.3826034305066661,0.5210194749154433
ENSG00000165802,0.47107900553771354,0.49462525828179804
ENSG00000173611,0.5398568640194369,0.5958428682576725
ENSG00000154529,0.6542433055838112,0.742836898085774
ENSG00000148019,0.3669482986657516,0.36817138819037576
ENSG00000148090,0.0345019568264281,0.013604008427726395
ENSG00000119125,0.0664612897430877,0.068911011857039
ENSG00000096968,0.8134005282440968,0.6519489352569925
ENSG00000106868,0.0239101310677042,0.02851417825375775
ENSG00000136895,0.9574384836754315,0.9345937627181211
ENSG00000159069,0.14904899780188993,0.21173337339989434
ENSG00000107317,0.08892830987959625,0.055050604037101894
ENSG00000148362,0.44635141945727186,0.4952742853642562
ENSG00000169583,0.0029932692617419794,0.0010953439942060761
ENSG00000107281,0.450333921417873,0.5089406700352059
ENSG00000054179,0.5858190929428382,0.7465056881427878
ENSG00000186193,0.6071994254231476,0.4448286162318257
ENSG00000197355,0.7782181768574309,0.7624223065285608
ENSG00000176248,0.7416265554818615,0.6566712103063332
ENSG00000176101,0.9116626698735268,0.9866685089221178
ENSG00000176058,0.9682640170527752,0.984339014632772
ENSG00000187713,0.7408983095111997,0.7979488629304204
ENSG00000188229,0.5340592875527204,0.3570569411714959
ENSG00000188986,0.29989299287604315,0.24385466100425765
ENSG00000198113,0.10150100647558194,0.06804636209779176
ENSG00000198435,0.8379399314463927,0.8285645682476819
ENSG00000120156,0.12754573941806666,0.11862023738488305
ENSG00000148143,0.667995886598286,0.7074604696482532
ENSG00000070061,0.8080185719154322,0.6639845228338757
ENSG00000119328,0.6859802055360413,0.6129648482141002
ENSG00000119326,0.9344510089262358,0.7249550073200053
ENSG00000130720,0.7468896958541557,0.8274562380710256
ENSG00000188483,0.005003011527505247,0.007984728217833968
ENSG00000283886,0.245421128339498,0.3502288533021173
ENSG00000136867,0.2969986532671666,0.28586173378869817
ENSG00000056586,0.3587189815007862,0.3347631502405347
ENSG00000186130,0.9733722936666847,0.8009266172764775
ENSG00000171448,0.9020433382853941,0.9255858053545769
ENSG00000011454,0.5375526711191483,0.4145254447101615
ENSG00000165209,0.7184520692648368,0.7494852202760636
ENSG00000165060,0.6699269549018918,0.6158206108539825
ENSG00000119139,0.576726523485346,0.4887214638567927
ENSG00000172889,0.2907468798702496,0.3132731668338946
ENSG00000169692,0.12233915490762402,0.09776859033154567
ENSG00000165716,0.7517167973846601,0.8405762423014184
ENSG00000244187,0.47205246667973655,0.6481313487852653
ENSG00000196642,0.3690370110671112,0.25685973639760457
ENSG00000054148,0.029418371507341765,0.030490247179769864
ENSG00000177943,0.3916287952683478,0.4224672472188994
ENSG00000107223,0.41440357285048446,0.4226260073281224
ENSG00000165689,0.9015009100733796,0.8423508148710471
ENSG00000148384,0.2604063820291402,0.18383823871308927
ENSG00000106701,0.37982282441007587,0.2727993116524
ENSG00000156345,0.09290735922001002,0.09224050462736585
ENSG00000135049,0.33755293236183054,0.2667303418842498
ENSG00000165185,0.7916223028880778,0.7647104390036239
ENSG00000136866,0.2742386133202797,0.29875269656517806
ENSG00000148335,0.9164656122567375,0.7558804342734079
ENSG00000066697,0.08090515599154588,0.12844102325182297
ENSG00000130558,0.942146769570117,0.685933539889336
ENSG00000147905,0.19988082826769357,0.10286647990579743
ENSG00000107362,0.5889052901264651,0.8184378917146464
ENSG00000107077,0.7105016527998476,0.8781363134263593
ENSG00000196873,0.5877189866405862,0.7292275504916836
ENSG00000119314,0.1532842135113016,0.1767398894590026
ENSG00000106692,0.9381855847134564,0.9246580195056721
ENSG00000147912,0.6942273999929512,0.797912358896576
ENSG00000175768,0.08090590739312313,0.019859857421140572
ENSG00000070601,0.5678950527645156,0.5105819179256694
ENSG00000165275,0.7936570111958148,0.8856109280078339
ENSG00000107371,0.18753697861703586,0.1752234710783672
ENSG00000122741,0.5235430897382798,0.4860111063740896
ENSG00000122696,0.42617262096974395,0.527432388208513
ENSG00000107338,0.8240764748407021,0.981324385448151
ENSG00000126878,0.941553864533545,0.9747164188413716
ENSG00000050555,0.03472833879514562,0.02712938374207641
ENSG00000130717,0.27739495728737273,0.2705178157285385
ENSG00000106991,0.053023707041978355,0.07237686176423345
ENSG00000106992,0.060308152865146694,0.06740773879270691
ENSG00000136840,0.03992959925537177,0.035997775222326396
ENSG00000167103,0.14903591625497067,0.10903960327290435
ENSG00000136908,0.9022918209539469,0.7176282086956999
ENSG00000167106,0.9286397515405932,0.9953982685758527
ENSG00000158122,0.2953361697899166,0.278561433113805
ENSG00000196597,0.39456316537853653,0.3134152404034445
ENSG00000119421,0.8003592827831689,0.7784027185010883
ENSG00000185681,0.7037044398497967,0.5058783980958166
ENSG00000119446,0.3320990023247869,0.3065069795974774
ENSG00000148187,0.47598092470591136,0.5210376078212
ENSG00000107186,0.16046200511996084,0.10079502255926111
ENSG00000157693,0.5497251442293285,0.5779063654449996
ENSG00000181634,0.826845794947122,0.9399014455257776
ENSG00000136888,0.983901652950695,0.8890685107539219
ENSG00000095261,0.717355103595787,0.832567437412502
ENSG00000119403,0.9642895058689699,0.6268001594031967
ENSG00000119401,0.12772837149423655,0.11970723923325968
ENSG00000107341,0.41005701637723935,0.6170489997852968
ENSG00000198876,0.9632215317855007,0.8306245937592509
ENSG00000135047,0.007255595883365774,0.00733884093337476
ENSG00000148334,0.8056311022859346,0.8111927557398548
ENSG00000198887,0.8669992993639719,0.9757119403054609
ENSG00000136783,0.9548640160155228,0.9904852619352696
ENSG00000165029,0.3975421370443216,0.312746155048754
ENSG00000136918,0.758752722925828,0.4960498456357624
ENSG00000148358,0.20463621633292067,0.2231211948255023
ENSG00000096872,0.9966126483816996,0.8513320472209485
ENSG00000175893,0.8523647756647684,0.5698633873841206
ENSG00000165283,0.5737294424866359,0.2937427650793222
ENSG00000005238,0.07984474828287506,0.12442637449166519
ENSG00000155876,0.5010417954121811,0.5486099792346412
ENSG00000178031,0.48129722419197785,0.48881027878208727
ENSG00000168913,0.4477824745871388,0.4067675052803159
ENSG00000122756,0.9780528279838104,0.8650418309488181
ENSG00000164967,0.5942687202215264,0.27349061670866853
ENSG00000137100,0.6523121312552755,0.9749870449042054
ENSG00000213930,0.22194360986928435,0.3654309978537844
ENSG00000187186,0.252063839318261,0.29612829038191235
ENSG00000172724,0.5067783378836298,0.5144790584036583
ENSG00000137077,0.01950228876003832,0.007089644986103658
ENSG00000147955,0.8208897133473595,0.7061595911964578
ENSG00000148308,0.9163021623925793,0.8276370749343216
ENSG00000170835,0.9898294159727491,0.8746581280784691
ENSG00000160271,0.35573862014234925,0.19331684760917414
ENSG00000148288,0.40302373937791836,0.3483536615758587
ENSG00000175164,0.47416108582276595,0.3393352134649341
ENSG00000148296,0.5249102692123395,0.6411776182499905
ENSG00000148297,0.506701948987293,0.4458993335834226
ENSG00000148303,0.7281364707232021,0.7650833727764602
ENSG00000148290,0.4946045015703613,0.5082021714841576
ENSG00000148291,0.5347052046058756,0.49106292300811527
ENSG00000148248,0.29357442093095676,0.4605485349685954
ENSG00000148300,0.9119754012729264,0.9886021512116644
ENSG00000160325,0.284643977862164,0.2687589639929508
ENSG00000160326,0.15505268483368226,0.1573904441404294
ENSG00000136943,0.19809007395074446,0.23779171934914556
ENSG00000122707,0.05287524597812642,0.05838044756768821
ENSG00000159921,0.3324774607666182,0.4747059364433306
ENSG00000119414,0.6356059021102031,0.6098694561976893
ENSG00000136933,0.8118649385981832,0.788499575025314
ENSG00000044574,0.1629144761782276,0.3176932874452538
ENSG00000122729,0.9588536699337916,0.5897941466615335
ENSG00000165264,0.24466084389637852,0.0866978999895005
ENSG00000107201,0.6520303985134164,0.6593011799914223
ENSG00000197579,0.4125903621572682,0.31115925145093226
ENSG00000148400,0.15955509407768673,0.10147386785890927
ENSG00000125484,0.5193732751761306,0.40970006812452753
ENSG00000165695,0.39538666514437815,0.24479088948039732
ENSG00000165698,0.0821003003302146,0.05299449096557189
ENSG00000165699,0.6970342033446872,0.761297365608602
ENSG00000148356,0.09471594706805872,0.10939744346158255
ENSG00000165280,0.5256583999499913,0.8692383895482751
ENSG00000147852,0.4336971037302173,0.33739040394588093
ENSG00000148341,0.13960109412835792,0.14104026698459937
ENSG00000167130,0.7816644433968092,0.8635116062184671
ENSG00000160447,0.8424759721583377,0.8072503373518232
ENSG00000160446,0.20404541319448455,0.1957074424542336
ENSG00000160445,0.39899430637394073,0.29043315801021874
ENSG00000107021,0.6486319717577436,0.5012600105460276
ENSG00000167136,0.31469303783755403,0.30366753261257806
ENSG00000198917,0.49282917030367646,0.5714898569668492
ENSG00000171097,0.31063214477193474,0.2797439356055159
ENSG00000136802,0.4314022156687062,0.35937333727343834
ENSG00000175287,0.3589909914623467,0.4122825689567715
ENSG00000175283,0.8936208607366439,0.969757009865192
ENSG00000095319,0.9520277996989043,0.9998416020619764
ENSG00000095321,0.8056061687865426,0.6650249007016479
ENSG00000119333,0.555033694044454,0.5090478813131339
ENSG00000187764,0.3659948025188351,0.24638511252092238
ENSG00000081386,0.8361877831319631,0.7472103728475248
ENSG00000148219,0.9646089889549522,0.7950140980457074
ENSG00000196363,0.8400049900437105,0.7680011777400826
ENSG00000204136,0.2369874665243721,0.21159875616492285
ENSG00000188959,0.17328592133309886,0.12475618044666704
ENSG00000095203,0.345673412336328,0.49301926616407665
ENSG00000127083,0.7745112312764592,0.5662814025526113
ENSG00000160360,0.09371859078880626,0.08838388662586416
ENSG00000130714,0.14509779718867588,0.14324581954969312
ENSG00000165643,0.651676815685982,0.6563151950618135
ENSG00000188747,0.9619633310555001,0.9142298642463436
ENSG00000137073,0.7445451966022,0.5372831065184794
ENSG00000010438,0.5234905064663142,0.4516968327217077
ENSG00000148339,0.7427152255759615,0.6427265875011903
ENSG00000137094,0.3860069001193973,0.709803884801455
ENSG00000177239,0.3078147201850214,0.368138680973754
ENSG00000107249,0.277453689441919,0.3194105278262994
ENSG00000175787,0.6753313080672348,0.8723197400325771
ENSG00000130957,0.8177775341746765,0.6253049213845491
ENSG00000165140,0.09140043881076107,0.039582523056357156
ENSG00000106780,0.8111148901011798,0.5581462560393537
ENSG00000119402,0.23505083803711102,0.25071590468701277
ENSG00000119392,0.8818544606644316,0.7848545004204706
ENSG00000165006,0.3411901649340115,0.5099993557887392
ENSG00000164978,0.4967065386680882,0.3253741078725446
ENSG00000164976,0.6912830273915471,0.8956828422047438
ENSG00000186638,0.7710113752416936,0.8725326870165034
ENSG00000173258,0.8097574204111555,0.9727651043328426
ENSG00000106853,0.46795001426893634,0.6407910110277544
ENSG00000059769,0.2836830671531946,0.2780444228831426
ENSG00000244115,0.6925374140705391,0.652113980839933
ENSG00000242616,0.6942951663470527,0.6310033492912492
ENSG00000148154,0.7815119171065193,0.6517380951124772
ENSG00000107130,0.17394663459127088,0.15765978023907876
ENSG00000130707,0.9558577761557379,0.851348257099811
ENSG00000148120,0.9284848444166797,0.9547595101551876
ENSG00000136870,0.3945874753898704,0.5148496866035707
ENSG00000160408,0.027045080046892368,0.019471168707568237
ENSG00000274349,0.991483653280491,0.8009328433921465
ENSG00000135063,0.14000594352831586,0.1190388386577107
ENSG00000198680,0.03360036138443699,0.030441351550094798
ENSG00000215126,0.7872787829266021,0.7948103963555347
ENSG00000119138,0.25890403466548756,0.20421608185067547
ENSG00000080608,0.9186409813806642,0.9815244728104204
ENSG00000137033,0.7306062624565846,0.8276377078352224
ENSG00000136813,0.5889043425846172,0.5147758363557947
ENSG00000188566,0.5801687148459611,0.496314019260474
ENSG00000173253,0.13389561879594808,0.24692530187729161
ENSG00000148343,0.6560259653725853,0.5578124315157761
ENSG00000196305,0.17675084041996958,0.214286974546148
ENSG00000136868,0.6787700194026928,0.7013827147083807
ENSG00000176386,0.3601858365797618,0.3055468951900584
ENSG00000136875,0.565683547159099,0.5982140135047835
ENSG00000165188,0.7299763187937731,0.9418023915279841
ENSG00000148225,0.25195427135553333,0.1897280201435633
ENSG00000119411,0.05040875826311498,0.06236606197118216
ENSG00000119431,0.9985279240899966,0.8610740594588961
ENSG00000148218,0.27085667252653994,0.24556727190766736
ENSG00000148229,0.4301269923567378,0.35687374526251703
ENSG00000188352,0.9841393595988375,0.8888889917319186
ENSG00000188921,0.6838816991961943,0.46478697746774966
ENSG00000235453,0.09787563689195417,0.06294456990845076
ENSG00000148396,0.1316326419589095,0.12621853238302513
ENSG00000080298,0.647921016945725,0.45946240811588324
ENSG00000107104,0.35304070762395634,0.20314818898950462
ENSG00000095303,0.15333337152443965,0.100062935970625
ENSG00000175764,0.5548226242045708,0.49631588132939053
ENSG00000106927,0.3257273367427979,0.3699055418451387
ENSG00000136883,0.3203107383709784,0.22501442155711868
ENSG00000159899,0.5048415735002958,0.597680150288543
ENSG00000185920,0.8025238884849135,0.9530695248821816
ENSG00000164972,0.5888907898329788,0.34549150930935457
ENSG00000164970,0.194968302505615,0.26662633022744947
ENSG00000165238,0.0407899500454671,0.06632845004934759
ENSG00000125485,0.36282966174532516,0.3740759279320447
ENSG00000136932,0.6747607868292571,0.7838075897465256
ENSG00000107159,0.8987273605717297,0.9405246252952961
ENSG00000123453,0.24767889472002194,0.21376047271851253
ENSG00000148337,0.5612591315364062,0.5117757140338707
ENSG00000165219,0.2813728464929628,0.19896253065041555
ENSG00000147862,0.9929140633318331,0.8450784257764326
ENSG00000198121,0.8778432713888155,0.9977775514729804
ENSG00000165124,0.49496629316223606,0.3960851123546586
ENSG00000167123,0.13998274109372102,0.25209640221383
ENSG00000106772,0.9268140849802369,0.7056955113506194
ENSG00000148408,0.6309440813947131,0.6434553824305826
ENSG00000148110,0.4872611962238351,0.5285785636781016
ENSG00000137078,0.65603258504604,0.7362092460051931
ENSG00000137101,0.5047587849467925,0.3977052812742148
ENSG00000148053,0.06321158572093971,0.10387288361746547
ENSG00000165272,0.46970877863621807,0.5489131008609718
ENSG00000122133,0.03047315365756705,0.029437191897934634
ENSG00000127191,0.5605486912703661,0.5952329254834645
ENSG00000232434,0.5720311323609475,0.566329985131944
ENSG00000119335,0.8949746485293493,0.9335019881206412
ENSG00000157657,0.7589217360704559,0.8437975197800557
ENSG00000106714,0.9228921682572055,0.9590233479006514
ENSG00000106689,0.10304577253240217,0.13208026257463673
ENSG00000107099,0.23888653087717504,0.1632863714332074
ENSG00000090054,0.8330591188820653,0.8814530591442226
ENSG00000119397,0.8929852611150724,0.984203446893931
ENSG00000107331,0.155961028369593,0.12211190608743627
ENSG00000137124,0.6018983211297971,0.7420180564486448
ENSG00000137142,0.48932711392538186,0.603196808654521
ENSG00000214654,0.23930879911265346,0.18633008616339153
ENSG00000137145,0.26466176633327326,0.17261601779201133
ENSG00000137154,0.22724400040959203,0.2551198565614809
ENSG00000177076,0.45697663463205407,0.46367520883173796
ENSG00000107036,0.9765581634190819,0.8318636707144932
ENSG00000099219,0.3690582568622027,0.2684423481244722
ENSG00000137070,0.3507033709538412,0.37585194138449385
ENSG00000119321,0.4783919050902099,0.41479861353827385
ENSG00000178966,0.41123108837352484,0.48503198213981524
ENSG00000165271,0.679208098244705,0.4636363200518322
ENSG00000130713,0.8126475208483521,0.8519849656921168
ENSG00000212864,0.6682249809394799,0.6928789246776803
ENSG00000165684,0.4535303509412578,0.3293841224557744
ENSG00000119508,0.011097759572090695,0.01686429998503206
ENSG00000136874,0.13848445625184205,0.12100343032624797
ENSG00000136861,0.6033831613517692,0.781473158923646
ENSG00000164975,0.5316848956564877,0.5270072266178687
ENSG00000198722,0.38082822988850196,0.5300089836193266
ENSG00000106823,0.3512191690019645,0.462120657452752
ENSG00000106852,0.15744265052579323,0.16902494192800205
ENSG00000023318,0.05625149269705525,0.08248507221976101
ENSG00000196422,0.2521462540520017,0.19204900142001852
ENSG00000160345,0.44155760845369574,0.3802150474111283
ENSG00000126883,0.6544663716991672,0.5832451328918777
ENSG00000169155,0.5135932046024743,0.40247416776409817
ENSG00000136859,0.20825760972594737,0.2121341341916748
ENSG00000172785,0.43107919714148313,0.19648122290647765
ENSG00000147996,0.4387642702365959,0.3380809044829331
ENSG00000181404,0.722006805213754,0.5441241162675121
ENSG00000158169,0.8753467805510954,0.8627040789677405
ENSG00000119408,0.012235077888245282,0.013875851329487
ENSG00000136930,0.500258299533026,0.47545345769548963
ENSG00000175854,0.3293742436283336,0.2766164786523256
ENSG00000182150,0.9876587999110261,0.7584212051838821
ENSG00000221829,0.8436363311602197,0.8426294904190181
ENSG00000198642,0.9006791384587549,0.8134639421159872
ENSG00000099810,0.5935346423653571,0.37885423670703744
ENSG00000147889,0.8939613350560838,0.7194167408495639
ENSG00000147883,0.8334906278678725,0.7217385961798117
ENSG00000198853,0.07025200886707005,0.10288676878805322
ENSG00000122140,0.9770731860134368,0.9757831598213403
ENSG00000107014,0.7315399163922536,0.8426606395835311
ENSG00000107020,0.47989955428549447,0.5207590467394657
ENSG00000120217,0.9343209110098255,0.7076595117031782
ENSG00000197646,0.9142644485808156,0.8138074828622641
ENSG00000120162,0.7342399056146314,0.4678335832873367
ENSG00000147894,0.9469104322944131,0.852529410493879
ENSG00000177125,0.789801216105948,0.5977115680863363
ENSG00000213694,0.2790957341031066,0.26303551896373983
ENSG00000123975,0.7170827000996036,0.5974674145496066
ENSG00000119523,0.5746010483139878,0.5440471943355014
ENSG00000106803,0.5945935183444393,0.6631254974196183
ENSG00000106799,0.14324714998317548,0.12557738147157954
ENSG00000197724,0.8519471886321542,0.7452393253672974
ENSG00000048828,0.33149847863106824,0.3808156797542902
ENSG00000188647,0.9534163606926834,0.8121405445979821
ENSG00000070214,0.93591510162864,0.8832927398740104
ENSG00000119383,0.4027383090810961,0.43289628056726925
ENSG00000229314,0.04174450800754612,0.019926940632707307
ENSG00000228278,0.0552270502306799,0.03308583731480129
ENSG00000106948,0.32162094081840187,0.19632913137825797
ENSG00000095397,0.13385108285959046,0.1438910101480417
ENSG00000119522,0.18561903636997876,0.1599450270322244
ENSG00000136816,0.31330082671556403,0.368065111241786
ENSG00000136827,0.21041384622741194,0.21438812829160603
ENSG00000136819,0.835423990245,0.8259423856975461
ENSG00000136878,0.20762749173498135,0.16603834276422322
ENSG00000148180,0.9944109777460484,0.8448704172792435
ENSG00000106804,0.08381199710644187,0.1164969183128354
ENSG00000107164,0.42912169808346445,0.3598386713339602
ENSG00000158079,0.7239601256756942,0.7528769172178893
ENSG00000136848,0.03693411715114385,0.019261648385587686
ENSG00000122733,0.5507355946738434,0.6207371339421313
ENSG00000157654,0.07753380005353343,0.06266511587447937
ENSG00000284976,0.6201697504186527,0.5488919798274087
ENSG00000167110,0.45597411085727835,0.45255237257451797
ENSG00000136869,0.04230677817207006,0.03466907707774267
ENSG00000165282,0.39572228085508376,0.7031985274620434
ENSG00000160323,0.8818553714437464,0.9458565875160749
ENSG00000173068,0.7219317407163969,0.6935086687751846
ENSG00000230453,0.3309617443856005,0.22737097075456938
ENSG00000185963,0.31912382265545935,0.44435604082786584
ENSG00000127081,0.36933165923584177,0.4180267441855069
ENSG00000165023,0.5307314915496657,0.8416037159537513
ENSG00000196116,0.1531536851243387,0.09360956559484564
ENSG00000136938,0.41657046382242924,0.4302644966994986
ENSG00000095380,0.9379460332916435,0.753838320234602
ENSG00000106785,0.3915436826393953,0.3172124939667839
ENSG00000106789,0.8917021895050045,0.9611304864399516
ENSG00000095383,0.9841831359719033,0.9021428556178118
ENSG00000107242,0.4340007577062269,0.24465164536155823
ENSG00000187866,0.736537469703032,0.6091435833261793
ENSG00000187239,0.166402121073691,0.11654914884949834
ENSG00000155158,0.23829013254039552,0.3181534706044169
ENSG00000138835,0.014434690784252345,0.021627173353050456
ENSG00000119396,0.3937105103550722,0.3938195263998089
ENSG00000197694,0.2608806489491887,0.2996354110339113
ENSG00000080503,0.897584168847631,0.9067262340557175
ENSG00000165119,0.8825020263765893,0.8959114655622753
ENSG00000136854,0.004231633849283162,0.00438491138341332
ENSG00000126882,0.12620362898215212,0.11187238240719655
ENSG00000097007,0.10992357221357074,0.11344153232845178
ENSG00000106952,0.4361082070712715,0.32894352463730064
ENSG00000041982,0.8672232295802147,0.966332540637566
ENSG00000197191,0.6890429422280607,0.48045926661731375
ENSG00000106976,0.40293624954207385,0.4073417636771042
ENSG00000137075,0.5748636271096033,0.6888426839767029
ENSG00000122705,0.42386152340634853,0.7898182279113789
ENSG00000130635,0.04209406001186649,0.062114802405215
ENSG00000085265,0.07555061289601739,0.07240035319701155
ENSG00000106829,0.34309973197541677,0.21644843022455815
ENSG00000213221,0.5372397833046505,0.4844106218787446
ENSG00000130560,0.876387636608258,0.9195658200757811
ENSG00000148411,0.01253160921495352,0.009502856195855417
ENSG00000238227,0.4026684963927457,0.42141882038596445
ENSG00000165661,0.3564388919478573,0.3816193888497236
ENSG00000148153,0.3208288117908555,0.32466970736699347
ENSG00000148158,0.26379102461098847,0.21422627307640696
ENSG00000107263,0.09144118224298509,0.062015092358621265
ENSG00000176978,0.421535298903438,0.4013614142552555
ENSG00000130948,0.9343639129361576,0.9466067701938665
ENSG00000130958,0.23441033645169282,0.2424448509936736
ENSG00000165244,0.4476502599056795,0.4562948159646558
ENSG00000130956,0.14975023132078247,0.14381067914544127
ENSG00000086062,0.460050145762803,0.8294754519000445
ENSG00000107262,0.5976218157030704,0.39179814934549473
ENSG00000086065,0.429389026293971,0.19445990521526202
ENSG00000137076,0.06983080737837467,0.1273581743845282
ENSG00000136811,0.4541621891561357,0.46880897381630093
ENSG00000165688,0.5251447130760893,0.48085738726803784
ENSG00000099139,0.2423209371949078,0.1664104577346033
ENSG00000135002,0.3030083081852557,0.36035512145709125
ENSG00000078902,0.14919402328791478,0.15116680197053114
ENSG00000117983,0.3359892698249612,0.25385240294516104
ENSG00000053918,0.008483161842251171,0.005313281052462636
ENSG00000132109,0.7714575841872523,0.5561306829438633
ENSG00000149054,0.958456331345831,0.7105776712017677
ENSG00000110328,0.6339292436841074,0.8819070515176793
ENSG00000175868,0.10629615225544517,0.12810238545602026
ENSG00000177054,0.648790794688612,0.49206323633508253
ENSG00000183161,0.6623207993162382,0.644193825745081
ENSG00000167333,0.05878173513597845,0.043090298507318235
ENSG00000152219,0.32383551057701776,0.38325640434663055
ENSG00000129158,0.4431606071182781,0.30714769512128415
ENSG00000121691,0.4128592443073663,0.2517391324995942
ENSG00000149100,0.24157593663583604,0.2556643641811404
ENSG00000166478,0.2724776667208588,0.28844236817009866
ENSG00000129151,0.20918248851991428,0.25214194064868994
ENSG00000179431,0.9064530705433087,0.8766440399159582
ENSG00000133818,0.13317214477016065,0.09136815117586783
ENSG00000262655,0.03523206123168898,0.05582441934514619
ENSG00000086205,0.20489241949265308,0.25011618901494176
ENSG00000198168,0.2744814365787061,0.31561340756971007
ENSG00000170946,0.5447162262308604,0.5124228637709904
ENSG00000205213,0.5795269939028839,0.5586797849904781
ENSG00000166326,0.3697284676516607,0.3439456683625729
ENSG00000110048,0.3293827001507534,0.3400385494676234
ENSG00000167996,0.9998680310251459,0.9967573396336619
ENSG00000149503,0.5971313064187531,0.611577009441475
ENSG00000135362,0.4717246600780135,0.4178356352083725
ENSG00000110442,0.32819653006242194,0.4148897150263925
ENSG00000285283,0.7767011555496068,0.7688815044521111
ENSG00000186660,0.7367879944437806,0.701859764320586
ENSG00000185238,0.9988638171750438,0.9623207406736984
ENSG00000162174,0.8933183081870838,0.901895427618696
ENSG00000109911,0.11592254775841607,0.09896231816923122
ENSG00000166016,0.6031439008947865,0.6656379176110594
ENSG00000166889,0.827154215869419,0.8435374539081095
ENSG00000134827,0.9276543415704914,0.9743025797963197
ENSG00000152270,0.7005622146484838,0.8408158133932961
ENSG00000124942,0.3118627813148835,0.3256886573357143
ENSG00000167995,0.2586746195196086,0.22503674270714916
ENSG00000011347,0.12149583280333885,0.14183336992083112
ENSG00000149021,0.2314761926385204,0.09740952028737877
ENSG00000129173,0.5245576796506758,0.5921777846165057
ENSG00000157570,0.19281636420813783,0.267969803682154
ENSG00000254772,0.5650778236517118,0.5364226648674979
ENSG00000165973,0.6100467552668396,0.40634554050047234
ENSG00000148950,0.7529012670254316,0.6955117522409453
ENSG00000124939,0.10900746080373076,0.0755952820078476
ENSG00000176971,0.6349636124738876,0.7978631813552512
ENSG00000110107,0.25573697813953306,0.24111143578729563
ENSG00000169519,0.9814620760703696,0.9489223002981871
ENSG00000176697,0.43211307289159473,0.5981105507790916
ENSG00000179241,0.4266662924953337,0.435190930985879
ENSG00000166902,0.15225137679548423,0.1402949275039214
ENSG00000110104,0.44960881796318297,0.45663918708180096
ENSG00000148943,0.08929564338154358,0.12430171530754641
ENSG00000132749,0.8281210824341619,0.8937435508949018
ENSG00000173227,0.13431987180428812,0.1450556992465582
ENSG00000169550,0.8148232523554491,0.601677810890124
ENSG00000021300,0.027614988392839875,0.01999896220182271
ENSG00000077514,0.6971717865291482,0.8036730645219958
ENSG00000166012,0.5153736695175297,0.5374597121089294
ENSG00000137478,0.09779617696524164,0.10754899264344547
ENSG00000166025,0.42692771608910385,0.34238094841623795
ENSG00000166004,0.935835269490636,0.932458733078744
ENSG00000184384,0.33220343212178277,0.27107712090515107
ENSG00000178301,0.5683553561354483,0.6710009135888768
ENSG00000137691,0.4749726738715859,0.43906272701540894
ENSG00000165895,0.4760032665226648,0.40575247829880956
ENSG00000023445,0.3840302553432742,0.4432845225279809
ENSG00000149289,0.23729261058964904,0.17030319508439368
ENSG00000086991,0.8112169512752612,0.6775455843417933
ENSG00000173156,0.1096421787071422,0.14590522605086648
ENSG00000042429,0.4012474737518301,0.3184090670104778
ENSG00000181333,0.28461009930043374,0.18749251133942527
ENSG00000123892,0.9242957647569955,0.8741529063824629
ENSG00000069482,0.9652493822229976,0.9137803877433008
ENSG00000137673,0.4320511132542131,0.5417489057232848
ENSG00000110660,0.02762740156014344,0.05001225170280884
ENSG00000054967,0.07482726654245467,0.09207140867944102
ENSG00000255501,0.9293409568202264,0.7679447402545353
ENSG00000166575,0.40964475248136245,0.4905327966367161
ENSG00000137672,0.31197358494094185,0.37448757020166934
ENSG00000137693,0.49666849581075656,0.5233948298008503
ENSG00000173120,0.3611938935304311,0.3434088364638229
ENSG00000170962,0.21490000967104578,0.15957213064693526
ENSG00000166266,0.9857576259598712,0.8668125793715736
ENSG00000168010,0.9135946785096947,0.8275095775609281
ENSG00000137713,0.9887222049657464,0.8968695980504668
ENSG00000170209,0.7854517468019062,0.8821306133465547
ENSG00000110237,0.08542283968054902,0.08900938580504922
ENSG00000198382,0.7292769109385662,0.6958389071205817
ENSG00000166002,0.9141976344618645,0.9051561387217988
ENSG00000149380,0.16288620480202717,0.2553271701946579
ENSG00000152558,0.7450092453592059,0.7128973494859648
ENSG00000074201,0.9156079866987232,0.9897774607103453
ENSG00000166900,0.06547615366613754,0.08766170846597594
ENSG00000109944,0.003248959211995255,0.0015284903735297841
ENSG00000186642,0.008284766520357938,0.007771855505945279
ENSG00000137714,0.87822959016528,0.9073499609897986
ENSG00000137699,0.6331853188989404,0.7992116445713298
ENSG00000196914,0.7075633306874549,0.6484783664680822
ENSG00000154144,0.6245619037453547,0.563617277037461
ENSG00000137642,0.23661090421776718,0.27538113482045695
ENSG00000110013,0.2969622862403951,0.3815207495045858
ENSG00000109943,0.5604624930841335,0.6420274957597212
ENSG00000109971,0.8758494339516275,0.665048095463517
ENSG00000043039,0.20193829601767588,0.2136034594642876
ENSG00000166250,0.23977498494465596,0.28887285203784313
ENSG00000149557,0.9594224100646255,0.9905442512304814
ENSG00000121621,0.6852289832316831,0.5693106834851476
ENSG00000149256,0.007272350997028985,0.010886138032232137
ENSG00000154127,0.07206749249774048,0.08075584936837603
ENSG00000134910,0.5905579839558914,0.4552916761892035
ENSG00000109929,0.649038282748705,0.6266980281626391
ENSG00000149547,0.2744194960019246,0.22819904223664747
ENSG00000197798,0.4076770806690797,0.3030338540863667
ENSG00000149295,0.628271883370809,0.8431819168670532
ENSG00000110172,0.1366055505496872,0.07977586003218594
ENSG00000165495,0.006029290965957192,0.0016216735178731392
ENSG00000149328,0.45998226938333964,0.3539611970057752
ENSG00000085117,0.4957333019247725,0.5402470724284261
ENSG00000109881,0.06486802683965011,0.044902977478026324
ENSG00000110318,0.17537979629908146,0.11999283143409778
ENSG00000149534,0.7483231909190042,0.6241514916839497
ENSG00000149273,0.9114140194890585,0.9055148853340352
ENSG00000158555,0.07962486900642138,0.05936671132727086
ENSG00000149257,0.37808135272691945,0.5782933206490661
ENSG00000166927,0.20795385896449206,0.17308148636396337
ENSG00000184232,0.26587099340471676,0.27833642302654515
ENSG00000137709,0.40039632467146424,0.20032668977673412
ENSG00000173457,0.7723611368875405,0.6652847399612323
ENSG00000126432,0.8640237461698682,0.9674356546384563
ENSG00000168071,0.352485721346928,0.43124799405916514
ENSG00000162302,0.2107971113568329,0.25474477050467753
ENSG00000068831,0.32680060759177554,0.30424296114978056
ENSG00000168067,0.197816366304178,0.2066602804704171
ENSG00000110047,0.018998932900377668,0.025852281117061806
ENSG00000110046,0.527943479559421,0.42944151302882216
ENSG00000068971,0.6887821570394141,0.7141434775890252
ENSG00000168062,0.6357685578779285,0.5258541460741271
ENSG00000213465,0.9721125996436952,0.7734111830479897
ENSG00000171219,0.5809243416124291,0.4937772317244259
ENSG00000244734,0.6258670522512253,0.6781814115367952
ENSG00000213931,0.2671201886858475,0.31570881331491446
ENSG00000121236,0.10573147118726031,0.10024978284121878
ENSG00000005801,0.7905700047886851,0.9159144868772091
ENSG00000189057,0.7587559025282451,0.8357245198306901
ENSG00000110042,0.03992789731543676,0.03999262309206052
ENSG00000197629,0.5939062830449301,0.5446386932870737
ENSG00000110002,0.9281102444625404,0.6803482289774397
ENSG00000177156,0.6236491216213151,0.4622944641744131
ENSG00000177225,0.41539424168984274,0.2952640309624559
ENSG00000177542,0.3063108291975616,0.3228898708324355
ENSG00000177600,0.5055942453089642,0.5100135481875223
ENSG00000177666,0.012090225168121816,0.004988552191529108
ENSG00000177685,0.06513542442552807,0.04217729069414246
ENSG00000177697,0.007767298432828494,0.006496949115054494
ENSG00000177700,0.6320976633605131,0.5966567084513119
ENSG00000177830,0.10984298971000803,0.10599473263963925
ENSG00000120457,0.2519341938886405,0.16236823097736752
ENSG00000149308,0.22219559551565654,0.2994194788486332
ENSG00000109846,0.37856754761416433,0.4972632750127134
ENSG00000170276,0.6030441647230766,0.8540301848351856
ENSG00000149300,0.6866086609130534,0.730606281486397
ENSG00000150764,0.3736529479179935,0.32359752258126784
ENSG00000150776,0.7903032128947494,0.8875795079708921
ENSG00000150779,0.0074431971925594,0.009205527007652075
ENSG00000204370,0.10229945910846135,0.08967651481714257
ENSG00000150782,0.9425869447743638,0.9309222669004599
ENSG00000150787,0.019078160875224164,0.02245688093283617
ENSG00000198788,0.11951892796261174,0.11561183409148232
ENSG00000214026,0.38782239035274735,0.35958953653818493
ENSG00000134955,0.30731256561233594,0.3191973483343602
ENSG00000181264,0.5080735083019705,0.44350067280577743
ENSG00000170242,0.16994070494276894,0.14393937560790884
ENSG00000135374,0.642066446783524,0.6988150954572607
ENSG00000149269,0.17420425029799536,0.20199580175711987
ENSG00000049449,0.33368815056825996,0.36255769593728626
ENSG00000137710,0.7013994488389185,0.718292123722406
ENSG00000149179,0.6655305556435336,0.47242636889197653
ENSG00000167771,0.21427163824352144,0.2670138299204946
ENSG00000110583,0.3913016134283064,0.4440092656637149
ENSG00000176340,0.21583981966097424,0.17020943702477612
ENSG00000133315,0.37938753245059065,0.4177399035931577
ENSG00000168439,0.4638681645429179,0.5482343912825224
ENSG00000130592,0.2778026333048795,0.2064947771326986
ENSG00000137522,0.9659109640166662,0.7427146213778167
ENSG00000149357,0.9563246816839561,0.8437597386281284
ENSG00000110628,0.2156206607627076,0.15975029350042183
ENSG00000181649,0.1801383843500305,0.1969290467551693
ENSG00000133789,0.5126821326431262,0.30875959404275694
ENSG00000148926,0.8118365420127095,0.8671208806283861
ENSG00000110315,0.5777495466278204,0.6096197142757094
ENSG00000121671,0.6937370261000064,0.5682182708526409
ENSG00000121653,0.9321301116248636,0.8167528267000941
ENSG00000121680,0.49849081075784063,0.6186775725057692
ENSG00000165905,0.6284237876737606,0.6880680348637027
ENSG00000157613,0.0712929171346375,0.09689903569723018
ENSG00000077458,0.997824669187318,0.8351558703198556
ENSG00000166037,0.1413028937240396,0.20171455281592457
ENSG00000172638,0.021707672774819237,0.0327947661849763
ENSG00000172500,0.6044979146121487,0.5840258797319444
ENSG00000175602,0.8346782620975474,0.8446374731656705
ENSG00000175592,0.4714987063388272,0.47273451137298106
ENSG00000175573,0.8452331526372369,0.9859969012101905
ENSG00000175550,0.7918156400936286,0.8840188311309295
ENSG00000175467,0.985210933943938,0.905462140540826
ENSG00000175376,0.40432408339140036,0.3775573349254564
ENSG00000175334,0.23128862342537476,0.11856386594996357
ENSG00000175315,0.1683989034872079,0.12213935780297659
ENSG00000087365,0.23835392959813492,0.16834626632978997
ENSG00000174903,0.1758973470277481,0.26765426595262104
ENSG00000174871,0.9783261778818296,0.9138734190982719
ENSG00000174851,0.5584630394763956,0.25770375278095276
ENSG00000174807,0.452067322863146,0.6459122952343076
ENSG00000174791,0.43226638999617994,0.35915788998355924
ENSG00000174744,0.15156268516689006,0.09419962231010777
ENSG00000174684,0.5449217091852765,0.6888943745748746
ENSG00000174669,0.38550255608221196,0.5605716293493453
ENSG00000175115,0.39448791411109907,0.4798304250323029
ENSG00000134780,0.21728685076327736,0.24572390245982428
ENSG00000134825,0.6704571793169083,0.7486690394483853
ENSG00000168496,0.25757834676172336,0.2503844066674675
ENSG00000149485,0.13432962281046204,0.15973314245690656
ENSG00000221968,0.274041485751218,0.3347620677331578
ENSG00000167994,0.3818390822488952,0.4689858230349808
ENSG00000124920,0.003540726595520652,0.0033755198585560353
ENSG00000075239,0.7899875335364588,0.7288141510357098
ENSG00000076043,0.3993355071189937,0.4315220650579289
ENSG00000137648,0.12239501394290679,0.11968904846138352
ENSG00000160593,0.326729499245803,0.23027942722207373
ENSG00000149573,0.6077566641027393,0.5128881279421058
ENSG00000110195,0.15142073308804238,0.07961793996948016
ENSG00000087053,0.922579307766976,0.8376522518284242
ENSG00000168092,0.8763040277417167,0.8763039332331312
ENSG00000149577,0.637950972417058,0.661139355106104
ENSG00000149591,0.1523512157080272,0.2187295168768768
ENSG00000167257,0.9098658168790841,0.9738162208325404
ENSG00000110274,0.6758148941324176,0.8309493709135213
ENSG00000183908,0.49379974890980327,0.45545931223933245
ENSG00000149115,0.4445789741409524,0.428985381970019
ENSG00000149136,0.44112818589974623,0.4189233930241849
ENSG00000149761,0.6018191169510361,0.646716249775325
ENSG00000173486,0.11931041831920848,0.13655503552687437
ENSG00000021762,0.0241909068331827,0.02456652389909677
ENSG00000110619,0.6380718778836492,0.6136375315515215
ENSG00000110090,0.36177934941813883,0.34110133322646474
ENSG00000197345,0.8944345005423558,0.7455076991636189
ENSG00000172935,0.24282872138805522,0.2913158870658043
ENSG00000162341,0.1287072647581202,0.1319963644032374
ENSG00000110344,0.8154769150647947,0.8014898729389912
ENSG00000132740,0.08204378989065984,0.08660213343459909
ENSG00000149292,0.8160478452668306,0.985314170143785
ENSG00000258659,0.07833706033779632,0.06063228644176885
ENSG00000175582,0.3433557043158516,0.4363675831709847
ENSG00000134802,0.2298317638955365,0.23679735186094053
ENSG00000129084,0.08754113605774211,0.08744642404821185
ENSG00000182919,0.1433320353577498,0.0949296670702634
ENSG00000174996,0.639128039681253,0.7200581269911468
ENSG00000175274,0.24312953120689793,0.1738903175895799
ENSG00000064199,0.5328578632702529,0.4796458681906426
ENSG00000135373,0.7144118187267143,0.7294643018268699
ENSG00000286264,0.7576257313976451,0.7544915752396881
ENSG00000110031,0.760931778340461,0.8406515598044285
ENSG00000177098,0.6537873902494254,0.5146982402440353
ENSG00000166741,0.07939382751477156,0.10582551922205315
ENSG00000129083,0.09126849699100469,0.11156441185333235
ENSG00000149782,0.5879078993471802,0.5458128277147852
ENSG00000086848,0.26755755807714304,0.27340339467372315
ENSG00000255561,0.35722196751041657,0.5920708193447668
ENSG00000137720,0.21912587464018768,0.26553507564496576
ENSG00000133321,0.6517443530710476,0.7388565718844209
ENSG00000133328,0.6060107202001737,0.8113544693021061
ENSG00000184743,0.25197399539347903,0.3836191107986213
ENSG00000133318,0.4342295697547329,0.37084443931781663
ENSG00000188070,0.44174344123471687,0.6609092639307156
ENSG00000168005,0.7538570118715064,0.8723522772645421
ENSG00000166788,0.5292334484863742,0.6244987691669313
ENSG00000148965,0.9245862842916119,0.733135680553922
ENSG00000255071,0.6451119583752725,0.4825537907543317
ENSG00000134339,0.3865482192903571,0.2794269234946314
ENSG00000185522,0.9253338659271455,0.9285779321121297
ENSG00000099849,0.4223785803476843,0.35021350774437743
ENSG00000070047,0.12256001324536683,0.11766422364487936
ENSG00000070031,0.29010428723665294,0.34658264189862953
ENSG00000197702,0.1162378865346605,0.1324911207788762
ENSG00000162222,0.5456752952527693,0.58702486954865
ENSG00000185670,0.2672266803421291,0.13856920576984114
ENSG00000168002,0.25963042647232676,0.183086134611418
ENSG00000162227,0.9637777362570474,0.8696298164227712
ENSG00000168569,0.17854162599216317,0.10939033510554423
ENSG00000185475,0.44209111076444596,0.3099402846387069
ENSG00000162231,0.16212429395486477,0.20739522946448993
ENSG00000156599,0.9003597051379246,0.9013726326177282
ENSG00000175581,0.8179255446139216,0.7504713107178256
ENSG00000181924,0.6042489910043244,0.5340196641890113
ENSG00000175575,0.8663101823240389,0.953524164972637
ENSG00000187726,0.17876428171151704,0.20469222526661035
ENSG00000214517,0.844310064690389,0.8634385601075775
ENSG00000175482,0.08137036937419068,0.09553518975496754
ENSG00000256514,0.98396852351389,0.8117861096932124
ENSG00000175505,0.08859084110558242,0.11949509802614816
ENSG00000172531,0.5570670292053008,0.851046927829405
ENSG00000175463,0.8602461557319856,0.9022459984233895
ENSG00000175634,0.7520874169648375,0.556158122441637
ENSG00000213402,0.9803625496227271,0.8645595671338625
ENSG00000172725,0.20279852407676197,0.25881135371816566
ENSG00000172663,0.469220058516326,0.4144061240346054
ENSG00000162236,0.5902704405580581,0.6996873835562322
ENSG00000166402,0.6565930957293467,0.477902379628805
ENSG00000182934,0.6863790177714235,0.5493821782811266
ENSG00000110063,0.1622818577256674,0.2049360670180134
ENSG00000110080,0.16208929656254592,0.20613862545359743
ENSG00000133800,0.017075542882817273,0.011436033119189302
ENSG00000198730,0.9717075366237748,0.8642805131264484
ENSG00000236287,0.9506483474261425,0.7826418516037292
ENSG00000175390,0.20228755553601227,0.19055897988032158
ENSG00000149743,0.80363111935426,0.8122652066310918
ENSG00000002330,0.9235885537746921,0.9520859927553671
ENSG00000173153,0.8726887421653344,0.8323007912365227
ENSG00000109861,0.8375027380028482,0.9942403856235067
ENSG00000250644,0.028013096737301367,0.022038805857365687
ENSG00000117984,0.006039316366315726,0.0031615707423912525
ENSG00000174547,0.137697729871757,0.062451894266071804
ENSG00000174516,0.5957110338448534,0.5741506446711591
ENSG00000174483,0.180134895234363,0.17256754008486863
ENSG00000174165,0.7079292967291013,0.6927948785172553
ENSG00000066336,0.2303179700067332,0.18034350881766986
ENSG00000165915,0.23306603276350468,0.25583485336349493
ENSG00000213619,0.21301786708403975,0.19582762391633
ENSG00000110536,0.8671167960979425,0.8544831804561795
ENSG00000123444,0.8340790784233696,0.6225157412075298
ENSG00000109919,0.33979590598314957,0.27996005579627387
ENSG00000109920,0.38519994455282447,0.5195755613900135
ENSG00000165434,0.5708209723920123,0.7122049085685869
ENSG00000175536,0.1690756483992869,0.23872439500268197
ENSG00000175538,0.2448853510452756,0.3657362935214409
ENSG00000174080,0.9017975744477127,0.9551446530634083
ENSG00000186907,0.8394173776344178,0.9248223215182699
ENSG00000149150,0.7018252388511181,0.6056154678621322
ENSG00000134809,0.04106025431381961,0.031659181490363134
ENSG00000156587,0.6692458861769678,0.6767352782762435
ENSG00000213593,0.49269592418994523,0.35189199392813986
ENSG00000149131,0.11826868389476178,0.12803514743074604
ENSG00000109854,0.6251496105443022,0.5405466448179342
ENSG00000110075,0.35983253871208365,0.40282799802643476
ENSG00000180425,0.11083666718357918,0.15184172939011914
ENSG00000076053,0.8891559851576847,0.8994067946184622
ENSG00000133794,0.5924514456128138,0.5477208093816139
ENSG00000182985,0.4917625683705533,0.4057311438410032
ENSG00000175567,0.7530025308557288,0.8054227144066345
ENSG00000131626,0.4089425081084245,0.48322476916209234
ENSG00000120451,0.2888840679500931,0.280389041481587
ENSG00000054965,0.32255417928636343,0.4654191808385759
ENSG00000149294,0.5682775636508695,0.7817144387363906
ENSG00000173511,0.14111160236739353,0.1387194913260212
ENSG00000110079,0.10321466841262343,0.08533137630640007
ENSG00000166670,0.4432342297363553,0.40509936587496065
ENSG00000172977,0.857046842505234,0.9153286470225169
ENSG00000172922,0.701488937911543,0.6510188420870161
ENSG00000254470,0.9844897577067698,0.9952789483456436
ENSG00000172818,0.8373599521958879,0.9471809792989827
ENSG00000172757,0.6604462637006361,0.8930646503018962
ENSG00000172732,0.8144970071851246,0.717800818777004
ENSG00000172543,0.94456835466593,0.9060708140859735
ENSG00000180773,0.11558659785112553,0.10883956237233691
ENSG00000196611,0.5251297473940552,0.6572574587928055
ENSG00000066382,0.31114546686516376,0.3675811756222225
ENSG00000198331,0.2366216321995123,0.3006694466747747
ENSG00000110060,0.17691325232816213,0.23686605259303997
ENSG00000165526,0.21186545002037468,0.20550205350170853
ENSG00000166483,0.4170245644332068,0.331234828250533
ENSG00000110108,0.9776419593095685,0.8177638186544998
ENSG00000006118,0.9646026304181698,0.985983924993997
ENSG00000013725,0.9820229634046306,0.9084326444143553
ENSG00000110446,0.4377797772926153,0.38401885260502
ENSG00000167311,0.7314204452198823,0.8717179014907239
ENSG00000148985,0.5521005784313369,0.6068291651662698
ENSG00000177105,0.2162748919262993,0.20741290276179125
ENSG00000167325,0.8571763769909524,0.8011439004234014
ENSG00000187079,0.3880208346718136,0.3655934816870676
ENSG00000085733,0.13684511940314675,0.15286051617660457
ENSG00000182103,0.270525261574977,0.4505079998081615
ENSG00000137509,0.1718152333781839,0.15810133534987722
ENSG00000165490,0.24626244769671488,0.24095997144531014
ENSG00000137502,0.8915162206934991,0.7154142971441321
ENSG00000142082,0.714661824686734,0.8741306447003584
ENSG00000142102,0.8055977676641308,0.7197084129177127
ENSG00000182272,0.878472248740215,0.8736012855799395
ENSG00000184363,0.1393137250371118,0.12198445668634114
ENSG00000185187,0.33680846268385006,0.3904187110467844
ENSG00000185101,0.5328640375173403,0.46663561226322336
ENSG00000175591,0.08866871722273213,0.12003000057907275
ENSG00000171631,0.21501016990875813,0.24889141801580084
ENSG00000185885,0.9814074492629129,0.9231713972266845
ENSG00000166261,0.6831404140016557,0.8874382797937536
ENSG00000171204,0.724122597334631,0.68463672012541
ENSG00000171202,0.621699379376042,0.6388539469058594
ENSG00000142089,0.28547833896643565,0.357936499744289
ENSG00000151364,0.17057485582944165,0.11886971135150406
ENSG00000259112,0.27125968005571605,0.31917277128018323
ENSG00000151366,0.7771138099230863,0.7381539867712662
ENSG00000132275,0.8558426833837114,0.791353522481995
ENSG00000166333,0.05363554941144138,0.1145039311442068
ENSG00000158042,0.5217391223852632,0.5469933679189813
ENSG00000166341,0.07810738990817465,0.07372712675897024
ENSG00000159063,0.48153141137856215,0.3351533379190141
ENSG00000137507,0.01478384559859422,0.017898649551115177
ENSG00000182704,0.6797934921166822,0.626872578999185
ENSG00000078124,0.28599962057553885,0.33024422105003653
ENSG00000149260,0.04781977568837368,0.046634652327345254
ENSG00000168014,0.09282424155721064,0.08850989051718235
ENSG00000149231,0.9130413815470045,0.9157009298429051
ENSG00000183340,0.7963995860857915,0.8762745428363667
ENSG00000151715,0.5068060216621448,0.4698472204304205
ENSG00000170325,0.9190830355473092,0.9093687242019641
ENSG00000149418,0.9208101799357461,0.9181727449284874
ENSG00000172409,0.13470906595191479,0.22886502348169
ENSG00000166452,0.9019981179588588,0.8127242184384964
ENSG00000175348,0.43723181751575446,0.41789963206613834
ENSG00000175356,0.9827478054519921,0.9472333372338271
ENSG00000184014,0.6115907407794061,0.5947709357441947
ENSG00000166471,0.4422126973411623,0.3895457134977921
ENSG00000205339,0.28503589217519454,0.31038975814646724
ENSG00000110448,0.8992033444120915,0.8548055346783056
ENSG00000167987,0.33984169701410916,0.38806928156794773
ENSG00000167986,0.4168424013135965,0.46835874011839107
ENSG00000149476,0.38633749756341695,0.36146321536059234
ENSG00000162144,0.7522681955368159,0.5680600194671832
ENSG00000149532,0.6818213328437144,0.6022459010336946
ENSG00000256591,0.2136123269102623,0.12611012140014313
ENSG00000167985,0.5145041834695885,0.5455620966037256
ENSG00000162148,0.29736290557414125,0.11816011395523378
ENSG00000204950,0.1373815500659862,0.05658735225700023
ENSG00000149016,0.7214838445563865,0.6326738745599793
ENSG00000149480,0.5521030997934826,0.5034720381080413
ENSG00000149499,0.6509749529800082,0.6510829401522551
ENSG00000149489,0.1262198869792273,0.11417339040964015
ENSG00000149541,0.8054455253169003,0.7138633210916763
ENSG00000089597,0.44773546337236914,0.533275265350343
ENSG00000185085,0.7478529457341073,0.7550966351456972
ENSG00000278615,0.17501924508847014,0.11414955686845456
ENSG00000204922,0.30827946884287694,0.2800863832572318
ENSG00000162191,0.6267507538153334,0.6427326193350978
ENSG00000214753,0.6914710546724385,0.7137887194259349
ENSG00000150768,0.7599641112622014,0.7891765485798636
ENSG00000166352,0.5330744895261199,0.5206445675462228
ENSG00000150773,0.7428598622023528,0.49313150267440076
ENSG00000186635,0.3878511202464866,0.3219904499489783
ENSG00000176485,0.8569090774819749,0.8049238873429756
ENSG00000120471,0.8023976645289292,0.9297287497005305
ENSG00000133316,0.2506511300011599,0.23917153499563373
ENSG00000072518,0.17361135597490673,0.15534794636913862
ENSG00000179826,0.749776977806455,0.8001791521443484
ENSG00000165916,0.45227072670050084,0.4086675361817753
ENSG00000171533,0.24244935937183051,0.11884855497817384
ENSG00000214530,0.32171433919440556,0.5173399053294765
ENSG00000196954,0.056985556036153955,0.041589962673037204
ENSG00000186166,0.21731405465412446,0.2760803171945598
ENSG00000118181,0.08643585984338506,0.075736953745463
ENSG00000196655,0.1112624376492856,0.08489160384106897
ENSG00000172375,0.8890965265864129,0.8363096274928612
ENSG00000172273,0.8907428775825539,0.9852859934761424
ENSG00000076706,0.6895848062070868,0.7287088059584532
ENSG00000173020,0.21744894354814548,0.21997608799856042
ENSG00000172932,0.9872170968324668,0.9753610971519171
ENSG00000172830,0.10313087376575603,0.08445969554523995
ENSG00000172613,0.9361651761124744,0.9099460708124304
ENSG00000110697,0.09257323743007266,0.11467785759100368
ENSG00000167797,0.21941003685304225,0.40424695122617116
ENSG00000084207,0.6734545469634268,0.7103192334827372
ENSG00000167792,0.948644345289263,0.9331740957559262
ENSG00000167799,0.21939939301992906,0.14521477416050074
ENSG00000132744,0.6588132896976435,0.6507161451738086
ENSG00000132256,0.03526601959274145,0.0143893587208073
ENSG00000132254,0.4339012382032118,0.5223775087666527
ENSG00000132286,0.5985547404906775,0.5237702779285167
ENSG00000166340,0.040072592910647666,0.046092868891323115
ENSG00000134824,0.04092597887347472,0.05875862825056114
ENSG00000173113,0.5193902837427642,0.3703556122310272
ENSG00000137504,0.8510182839190448,0.7802921890465659
ENSG00000109906,0.05109664153443347,0.02622615283099746
ENSG00000006611,0.5616762012906393,0.6881890902301271
ENSG00000183801,0.2593781177547408,0.3665675481804169
ENSG00000166387,0.450602456489964,0.5635439379714187
ENSG00000166394,0.2263415740835402,0.35200465265896774
ENSG00000137656,0.4341189062185087,0.5002240217511772
ENSG00000109917,0.18102923514424565,0.11725024808216981
ENSG00000110245,0.17630542832152046,0.19488185767810307
ENSG00000118137,0.12063784080090413,0.09022819065865824
ENSG00000160584,0.8635504088021851,0.8806354002890786
ENSG00000168000,0.2976166700570609,0.3526972572420469
ENSG00000173992,0.9993622073740116,0.9294534367895234
ENSG00000239306,0.5401112508985817,0.5436422135084944
ENSG00000248643,0.7251653832036584,0.7238134931169199
ENSG00000173933,0.048384643551884154,0.04871951167005968
ENSG00000173914,0.5025552233640111,0.5439289594542731
ENSG00000134909,0.7072993383123068,0.7283904470735384
ENSG00000187486,0.6171711579848613,0.7003486576804457
ENSG00000110711,0.49782377248682297,0.7083601594775044
ENSG00000172890,0.30260411183491176,0.27155808472267723
ENSG00000137492,0.49372267298437633,0.5295213982530358
ENSG00000179240,0.5335989672690589,0.4406280798865754
ENSG00000198561,0.916484500525593,0.9270355081740954
ENSG00000074319,0.5230965602435176,0.43454557575327535
ENSG00000151116,0.1027203869465807,0.0927754284036605
ENSG00000179119,0.1984758309725077,0.18605149578515146
ENSG00000129757,0.12694801507866324,0.0919945925714995
ENSG00000166199,0.24778036819709784,0.3700581540238894
ENSG00000110455,0.7417429952215057,0.8005575419414954
ENSG00000151348,0.8863321178736238,0.9554104534341187
ENSG00000166801,0.6750076703156468,0.5734476063815355
ENSG00000173898,0.5659813592783949,0.7213115851789704
ENSG00000166441,0.4191807943574075,0.45125682421657454
ENSG00000149968,0.6021085035990028,0.5874559149487233
ENSG00000262406,0.1706011312111061,0.11338794817365234
ENSG00000137692,0.029311274642620136,0.03555586117510158
ENSG00000187240,0.8175871838222003,0.8890256182505197
ENSG00000174915,0.08889414263675068,0.11367928401421062
ENSG00000149089,0.3824631652170217,0.3957969710746423
ENSG00000110435,0.17527701190805184,0.1742224709198117
ENSG00000019505,0.6143956943384243,0.4765047413040119
ENSG00000177595,0.5823355357299027,0.6304699023910881
ENSG00000186318,0.8561565692057629,0.9697974744083553
ENSG00000048649,0.43222082927740835,0.4741876043501173
ENSG00000110077,0.31240979356651183,0.2750450447376926
ENSG00000166106,0.12721996054628865,0.09769615308729297
ENSG00000177042,0.9299292944132096,0.9241242425047437
ENSG00000166736,0.2320437361840673,0.11609675712392754
ENSG00000149554,0.2389758158652049,0.19774597859554952
ENSG00000072952,0.099023571657049,0.11113167157425333
ENSG00000177963,0.11512822758955149,0.11017806566404945
ENSG00000172269,0.5224473813578561,0.7995276363279072
ENSG00000182667,0.3116846577021341,0.38631275935224796
ENSG00000170322,0.5828178517139544,0.6788372858375329
ENSG00000110497,0.6817760394162231,0.4858990267652592
ENSG00000154114,0.5906736854469015,0.4731544190278121
ENSG00000050165,0.9842717346108729,0.9292914991965001
ENSG00000129167,0.944826727273183,0.7755239525454477
ENSG00000150433,0.9370718340237568,0.962756362766009
ENSG00000110693,0.1338786045161364,0.2338967622937775
ENSG00000137491,0.01787055403002663,0.011531278536247485
ENSG00000137486,0.03679159414748914,0.03300719073400475
ENSG00000149243,0.37424512890004824,0.4525185733992404
ENSG00000064309,0.9808828287714579,0.7339210837824613
ENSG00000110700,0.4324982819480274,0.5108440019245103
ENSG00000011405,0.42300203082894805,0.3515976805953419
ENSG00000110011,0.45988167942949043,0.39345415215642476
ENSG00000156603,0.3189285971496527,0.24159299916323018
ENSG00000149582,0.9194342243299901,0.9012379599335573
ENSG00000118096,0.16870168046581144,0.160579309174845
ENSG00000198851,0.740775822717077,0.8040630124065408
ENSG00000118058,0.7153497320172284,0.7576664671018871
ENSG00000135365,0.9415850364967001,0.8302341214018774
ENSG00000133895,0.5498614929759241,0.5126320300335447
ENSG00000156689,0.015844447539820544,0.030777951365729327
ENSG00000173465,0.926602704625012,0.860824598694704
ENSG00000176973,0.9757774169627357,0.9600791812963907
ENSG00000173442,0.2343924801864446,0.19624613012250794
ENSG00000173338,0.24099122098503878,0.303330413776323
ENSG00000173327,0.5994477182032495,0.5051623431171838
ENSG00000197136,0.3143874148320061,0.31020335401359755
ENSG00000213445,0.162206751370888,0.17181254506781696
ENSG00000214787,0.14714767153068592,0.14979677463137767
ENSG00000168056,0.4241111050224836,0.3807664237489854
ENSG00000168040,0.32680052237876994,0.3965336298906923
ENSG00000131620,0.10546913325475654,0.1272492121147316
ENSG00000110203,0.8112539699601238,0.6009254737362046
ENSG00000160613,0.9077241358791346,0.9673825712626705
ENSG00000110367,0.7850135746309992,0.6049907930341565
ENSG00000095139,0.3632327878233178,0.2601608203123966
ENSG00000149196,0.42263352205949767,0.42890083144667623
ENSG00000137497,0.6462905731589205,0.5657884464701908
ENSG00000110330,0.7820521054817681,0.6985948500627704
ENSG00000023171,0.11779419814843088,0.09656911527074107
ENSG00000137745,0.7535111288213943,0.6485371270133151
ENSG00000177106,0.031293758534447505,0.01590670066041681
ENSG00000185627,0.6301294281986798,0.7453779340638513
ENSG00000110171,0.02270171767020543,0.02307754892663303
ENSG00000211450,0.08441378846116845,0.0686850334368953
ENSG00000110492,0.7206264789118553,0.8833881278003005
ENSG00000130598,0.20204471418936926,0.2019757971332263
ENSG00000142186,0.5184531473567666,0.5262752509511642
ENSG00000019144,0.11775065559068676,0.11494396861779767
ENSG00000085741,0.6188562777007908,0.9803396766292575
ENSG00000165457,0.0077286454736335925,0.005875921982362281
ENSG00000165458,0.42247970045088035,0.39169951706666106
ENSG00000026508,0.4857926421432933,0.6175363951726596
ENSG00000137474,0.7903144561059635,0.8491864003688333
ENSG00000166833,0.11437010035706388,0.06539852122328907
ENSG00000070081,0.4019387003055177,0.39502100430135756
ENSG00000110218,0.18461354671529243,0.21722252606332104
ENSG00000254986,0.3197397629670863,0.359891790720671
ENSG00000110429,0.36301045458333914,0.3434473196551947
ENSG00000133805,0.2669724720069568,0.19579088256389698
ENSG00000177951,0.19813808389025092,0.24923494623485154
ENSG00000148935,0.9702467720246344,0.9925645206392634
ENSG00000188486,0.20416633780916235,0.20930702637180695
ENSG00000134817,0.852278084238766,0.5952291863524786
ENSG00000185201,0.01763385265935525,0.02670433880070832
ENSG00000110200,0.39951617162090003,0.3545643732169951
ENSG00000184154,0.5532475270003785,0.5342051628743527
ENSG00000110756,0.6298302303757402,0.5267057428434362
ENSG00000110768,0.8039280708493388,0.9237466670239971
ENSG00000173432,0.6447438428919262,0.5284959001439218
ENSG00000110777,0.4052096270093972,0.6484355414364732
ENSG00000204381,0.5405727477844673,0.6204462934284245
ENSG00000170145,0.9896483367425463,0.8935535653243493
ENSG00000183644,0.38307524073959165,0.5213815836697524
ENSG00000151117,0.145917631144134,0.12914583503295607
ENSG00000166086,0.12191537298266976,0.13727690705577467
ENSG00000151502,0.9176195491987197,0.9990444637946476
ENSG00000151500,0.03868306533193048,0.038701815572778096
ENSG00000151498,0.6693772006947835,0.7417927995046756
ENSG00000149311,0.8364153356435737,0.7340368848008894
ENSG00000177030,0.3205965004585295,0.3121434248151024
ENSG00000162105,0.10986687083028998,0.12061282908295574
ENSG00000151503,0.9957405842952798,0.9302568513006311
ENSG00000183020,0.9955887007255414,0.9536917957257924
ENSG00000172893,0.9818984959081869,0.7966487673789331
ENSG00000110074,0.2037739298247448,0.18195079435179964
ENSG00000214063,0.06847914045844346,0.08298791398811728
ENSG00000166337,0.5494213396255963,0.5673640043008321
ENSG00000187049,0.025138680447205738,0.015464707846013306
ENSG00000166444,0.22526042159994908,0.24626117294490485
ENSG00000133812,0.3278308308462743,0.2737013843411908
ENSG00000160695,0.5889205400894184,0.6053065854861028
ENSG00000150750,0.6765121816732367,0.8069320991478648
ENSG00000214290,0.2807792417249137,0.49560465396361353
ENSG00000178105,0.44243002308489554,0.45842436216594895
ENSG00000173456,0.5729395632226983,0.49214811092431276
ENSG00000223953,0.17521623176827464,0.2763721107937941
ENSG00000036672,0.14421861383779405,0.1693326796797455
ENSG00000154096,0.19754121939574276,0.2919083120643978
ENSG00000248712,0.7119276769146008,0.9028486648202836
ENSG00000172927,0.02692577402169085,0.04946896048254553
ENSG00000110092,0.2224402955753127,0.34669609147960556
ENSG00000149716,0.8919680864358264,0.8064358511901598
ENSG00000162344,0.7372652193389366,0.7343059516106809
ENSG00000160683,0.5128949116579118,0.5366986137310066
ENSG00000186174,0.10659376777618426,0.14397504392306354
ENSG00000110375,0.38578894334610014,0.47647086584981124
ENSG00000256269,0.1238626798883552,0.08225855198654075
ENSG00000149187,0.9877381454111271,0.9418728468608977
ENSG00000156738,0.9686121181946701,0.9810206485066005
ENSG00000149483,0.16707626420246455,0.10231810854968364
ENSG00000166407,0.9868125658845578,0.8199633996887661
ENSG00000130413,0.13060113806148718,0.09049229067692512
ENSG00000137494,0.19635758742537252,0.10313057500921434
ENSG00000165494,0.9296440182154289,0.7659418004926349
ENSG00000247595,0.5818448649354157,0.49993116272874116
ENSG00000149043,0.0647616053882214,0.048071328065963266
ENSG00000162194,0.7419643254352486,0.9639667618456172
ENSG00000152404,0.8050970307594687,0.7565955802161689
ENSG00000007372,0.4533265488868268,0.621112780928196
ENSG00000137501,0.3145273588013642,0.2925670607530113
ENSG00000030066,0.6323334189347685,0.7569553657373065
ENSG00000149428,0.5984475884719551,0.7608646266418418
ENSG00000188997,0.36003208919693075,0.326392943770522
ENSG00000118369,0.7129835192107722,0.7069124293891178
ENSG00000033327,0.0062436603955979995,0.0038942824938615708
ENSG00000167283,0.33581420912891774,0.2623902120479474
ENSG00000137513,0.7510279171783023,0.7008319820817341
ENSG00000158636,0.7502456633844482,0.6881752806861243
ENSG00000183734,0.37362275173121196,0.35463890596960024
ENSG00000149091,0.36627472364225044,0.2895168922430823
ENSG00000167286,0.7527979230594459,0.8039229727256697
ENSG00000160654,0.9565641453036715,0.9732673815878722
ENSG00000285827,0.9222350186738556,0.9968376070786628
ENSG00000137752,0.9592307884363724,0.7306840572702151
ENSG00000162129,0.39439385696633655,0.5833540782954953
ENSG00000110025,0.06240027796497105,0.11539071362152131
ENSG00000168061,0.10806882273411618,0.09470135125720401
ENSG00000168060,0.3939490180522045,0.4855071043971997
ENSG00000146670,0.5068076237730423,0.4154722090930216
ENSG00000162300,0.8056564542671728,0.9112135955095124
ENSG00000149823,0.12659985242894833,0.12087420438578898
ENSG00000149809,0.6985455103110609,0.719999998675775
ENSG00000174276,0.920056918506122,0.9728806214119718
ENSG00000149806,0.2959346955504712,0.2400947720160403
ENSG00000162298,0.1714222033031976,0.1711021229721247
ENSG00000149792,0.8091685449512256,0.6117870001682579
ENSG00000014216,0.4797801564229459,0.6174213043718043
ENSG00000184281,0.7246200225878154,0.5730124299961772
ENSG00000137731,0.5119404624507791,0.5056411682038441
ENSG00000137726,0.839323393284634,0.9702915822302387
ENSG00000110324,0.3576192841791421,0.2564904204887885
ENSG00000170955,0.01857644259552222,0.019950870912007784
ENSG00000166311,0.05491018003497524,0.07121563113362656
ENSG00000179532,0.4049814117222317,0.3114123508363059
ENSG00000175352,0.9763455593324953,0.8361078454003602
ENSG00000110696,0.2454177829979427,0.19375687335909123
ENSG00000134627,0.34014664643818215,0.3751229536782362
ENSG00000196371,0.39380303855381704,0.4443160829055247
ENSG00000204710,0.19633601585958727,0.1523968445045255
ENSG00000149262,0.3589220102962045,0.3699522907257038
ENSG00000086827,0.2869067381131106,0.3156684408071906
ENSG00000110400,0.3857645650480619,0.4811417151049998
ENSG00000151702,0.11000172964993704,0.09325015495883118
ENSG00000048028,0.8770775081430221,0.8511318744459936
ENSG00000182208,0.34901003041017553,0.26412682241988567
ENSG00000150316,0.7647094438351412,0.8807888009864789
ENSG00000263465,0.8183968292878797,0.8805101007103959
ENSG00000149218,0.8227195371422639,0.8077287005868279
ENSG00000149212,0.15593353069732832,0.17149695285419606
ENSG00000175104,0.7337341468841947,0.5422434565155869
ENSG00000166349,0.3566805357461251,0.2558610166688945
ENSG00000175264,0.7960944049081591,0.6536108357974887
ENSG00000181830,0.0573341199589224,0.04877123157554044
ENSG00000173715,0.7520563691230582,0.7957452071925816
ENSG00000173653,0.9302963955312246,0.8712581362982867
ENSG00000173599,0.92350800240866,0.9528507541880755
ENSG00000173621,0.9786619263274311,0.8062110861502939
ENSG00000137700,0.9019383511590093,0.9984423350829799
ENSG00000149798,0.871272144050068,0.7037081109019405
ENSG00000162241,0.7096957630839854,0.7078785700258905
ENSG00000126391,0.6787051655682036,0.6489677375640762
ENSG00000173039,0.2517038793303026,0.24209452237129866
ENSG00000023191,0.3989021822315486,0.4248129359112399
ENSG00000006534,0.0016862637904178108,0.0017457783006329655
ENSG00000110717,0.5501581862678346,0.739136626254
ENSG00000110721,0.9870079730873893,0.921853682321473
ENSG00000171067,0.21910407824828684,0.410924784899237
ENSG00000162337,0.3470666099092289,0.440720453734355
ENSG00000084234,0.5600713708788221,0.5944394287923663
ENSG00000196323,0.6796262987151669,0.7644050250001835
ENSG00000020922,0.8298321705713206,0.7686384586635471
ENSG00000168876,0.6643322103691665,0.8743939780105215
ENSG00000185507,0.13404801919795062,0.0971015553588947
ENSG00000173264,0.8567855206991843,0.9514439637410707
ENSG00000137760,0.9474069967113323,0.9686129507094743
ENSG00000110719,0.09166068445040534,0.08747129315578205
ENSG00000019485,0.6821095279936522,0.7986482861543954
ENSG00000137500,0.9630311798557702,0.915908046549398
ENSG00000166689,0.6624325512164337,0.7112056080220029
ENSG00000149177,0.18084565955026005,0.13535532834149688
ENSG00000149781,0.43468451418905807,0.3543029199145148
ENSG00000167323,0.8010778542935232,0.7629150141164509
ENSG00000132274,0.056013837407897976,0.03413541837575909
ENSG00000087884,0.8019325264431855,0.7783525716504263
ENSG00000110651,0.0240808977863498,0.014165457159513173
ENSG00000166405,0.2223111778791704,0.1434421999183792
ENSG00000110057,0.009389476899005817,0.008677300086491133
ENSG00000254469,0.24283472588187308,0.2713140195619729
ENSG00000137496,0.9885516853321271,0.8765613580996906
ENSG00000132746,0.8297882830982808,0.7893734057687777
ENSG00000189431,0.7790619042090589,0.8498135837392738
ENSG00000165912,0.6658259465696681,0.6871663061056871
ENSG00000134574,0.31895106434787474,0.33243321816944854
ENSG00000134575,0.5910072961993511,0.5524065723191528
ENSG00000025434,0.7422988156038686,0.6855590012310016
ENSG00000149182,0.946362191977624,0.949997214055003
ENSG00000110395,0.9335664790231172,0.9557938586238802
ENSG00000168003,0.9539374470127708,0.9019994933185498
ENSG00000150455,0.5133588891368797,0.45008587475999073
ENSG00000110066,0.2459723000671124,0.2623741353568603
ENSG00000149084,0.7572367082123547,0.8784781382418724
ENSG00000187479,0.0019519457370138279,0.0026211212458460077
ENSG00000148925,0.554139688246833,0.601419290486702
ENSG00000197601,0.501475271451995,0.5383600567986946
ENSG00000137747,0.21867492180972933,0.23746200330715939
ENSG00000133884,0.13153393477351755,0.10040045878941244
ENSG00000166439,0.49777993096888407,0.4545765430323734
ENSG00000118363,0.20875376515260508,0.247809340223127
ENSG00000162139,0.4684196039235904,0.4139914814041308
ENSG00000170903,0.31444640357067816,0.48420057372530456
ENSG00000182359,0.07093920054736072,0.07477026293898514
ENSG00000149313,0.6310175651451444,0.6738669293316848
ENSG00000205531,0.8217476674628147,0.7429021680464806
ENSG00000154146,0.1667380344625481,0.0762866112053791
ENSG00000019102,0.21053966114501801,0.08097205209100547
ENSG00000149564,0.03001961462528364,0.03423485368182995
ENSG00000120458,0.9790888599026398,0.9389753879905913
ENSG00000154133,0.01690121056840104,0.011506084369594405
ENSG00000149548,0.5471603375885192,0.52514208246406
ENSG00000166181,0.6634009437425888,0.6998840651534401
ENSG00000052841,0.4575943877526544,0.33389306811107805
ENSG00000176148,0.7819943505720681,0.8742315280771366
ENSG00000176102,0.18470937141892668,0.23971443198072723
ENSG00000110422,0.8878665958194196,0.9838809148145503
ENSG00000110427,0.5231856608265306,0.540354859081219
ENSG00000135363,0.7768170005421499,0.8853883057243724
ENSG00000135387,0.5571477097668038,0.5324291484362214
ENSG00000135372,0.15150625985043825,0.14348893071602437
ENSG00000110076,0.5441646759881159,0.6134750165952533
ENSG00000284969,0.3508434761772985,0.38419664735727654
ENSG00000051009,0.14715949948301088,0.14383443731064322
ENSG00000166313,0.1150076297307125,0.10529377743666804
ENSG00000054938,0.032775145072924894,0.02528732009085649
ENSG00000166435,0.4574697511926964,0.6709558515743064
ENSG00000062282,0.21409599748178504,0.3125007988243944
ENSG00000166436,0.870436733609447,0.7281613454607545
ENSG00000186104,0.10844266780612564,0.08311941315679619
ENSG00000110680,0.8213490099087707,0.8803166565242379
ENSG00000110321,0.3691799048989821,0.37280368347119
ENSG00000134954,0.12701826704153454,0.12574418879981836
ENSG00000085063,0.0616188546220619,0.07028565455300115
ENSG00000167244,0.4860654010940463,0.3674085772957092
ENSG00000150672,0.10418304317943997,0.10392179488762975
ENSG00000110723,0.40422292938488824,0.5793319907691692
ENSG00000178202,0.45009995904185474,0.41234102429250075
ENSG00000014138,0.3246820182999955,0.39681018876373453
ENSG00000160588,0.4386788373139415,0.4035283909367884
ENSG00000134333,0.26654097574751445,0.2785698271085119
ENSG00000130595,0.701180968024325,0.5966224969137945
ENSG00000168066,0.4898832645753902,0.41032599485832744
ENSG00000151376,0.09031677630892086,0.10912242272966313
ENSG00000160703,0.6624367503409133,0.6999173564853285
ENSG00000166959,0.49900181794791154,0.24232352086366118
ENSG00000166961,0.32900319794168775,0.18897532915836981
ENSG00000149090,0.7144224998255827,0.5908342538130865
ENSG00000110514,0.7226963940619073,0.5484690624249043
ENSG00000110713,0.48527553275250157,0.46202629656372785
ENSG00000133816,0.02576703567209475,0.0302092017417218
ENSG00000180423,0.8293196592275773,0.8859555545144214
ENSG00000175224,0.9945797737325474,0.8795757154399425
ENSG00000175220,0.3085749347795609,0.35552903445588213
ENSG00000175213,0.5219159639331276,0.6924610402761944
ENSG00000175216,0.8080333738187174,0.7695702620879202
ENSG00000134569,0.8940263578072045,0.874935809870685
ENSG00000073921,0.17579922859685237,0.15077019720717977
ENSG00000074266,0.8071448704371473,0.8595646382765829
ENSG00000150687,0.15292855965474247,0.23721638158551808
ENSG00000174804,0.01412866554879857,0.012595475068499076
ENSG00000135378,0.42592813663983853,0.5279699828803825
ENSG00000060749,0.8854308298546789,0.9910203236213511
ENSG00000121690,0.39610410873421054,0.3116035112483704
ENSG00000167770,0.7259545577208755,0.7743907684748815
ENSG00000174775,0.8759281364767009,0.8905457737873363
ENSG00000141258,0.6612856502299824,0.6806092333438416
ENSG00000185722,0.46910498428038605,0.4364826407647123
ENSG00000074755,0.4547145297135263,0.4282326228487734
ENSG00000167193,0.5256602284915272,0.5336433490870645
ENSG00000167858,0.7781085271324525,0.41744744556436875
ENSG00000129195,0.28077636602462586,0.24557256133292094
ENSG00000004660,0.8990666817018167,0.7371896867999268
ENSG00000108405,0.1597279660511105,0.09678725976843075
ENSG00000187624,0.6213434001282572,0.6668138885915578
ENSG00000091622,0.4792086489863986,0.5256048518029246
ENSG00000256806,0.5021904868893328,0.6074794179576515
ENSG00000141040,0.1486777443780782,0.19043868030792407
ENSG00000074370,0.1600339316905542,0.09211377592761089
ENSG00000141485,0.11527656589988847,0.18627868655921162
ENSG00000171953,0.7565389423777633,0.6559220461201903
ENSG00000129235,0.301773199057935,0.20340299723022037
ENSG00000198920,0.9213682558890409,0.9131895955547068
ENSG00000181350,0.10449945627365671,0.10053042640507669
ENSG00000074356,0.9143636162450085,0.9715928525348474
ENSG00000189152,0.05082122337912331,0.03830418055198163
ENSG00000142494,0.951126264259075,0.6626609023495001
ENSG00000109046,0.5538318234086638,0.4325860019927007
ENSG00000133027,0.1703075555741481,0.21756716457198932
ENSG00000108590,0.22576526582281947,0.20550168342922914
ENSG00000124422,0.18041197661297773,0.16232376318524827
ENSG00000171962,0.3644493676021102,0.19677534943283853
ENSG00000091542,0.2557045328228616,0.25421734066056934
ENSG00000108591,0.30998435033312605,0.42529601367902947
ENSG00000274180,0.16340922314760148,0.11436945855444629
ENSG00000108582,0.5701794716974176,0.6001046647292857
ENSG00000108578,0.8100059886153534,0.9368209207488537
ENSG00000198783,0.6812575125168188,0.9004066431617075
ENSG00000126653,0.5367700538095952,0.8841748928381102
ENSG00000167693,0.26373578407386766,0.42759748215432003
ENSG00000141034,0.5130182858979061,0.44909265711119906
ENSG00000006125,0.14928261013046365,0.12000135493040981
ENSG00000132141,0.7452537696651917,0.8598392485688082
ENSG00000141314,0.7479643845285752,0.9195718071124891
ENSG00000141127,0.34928961099474487,0.3615204917706114
ENSG00000276023,0.0034033651830373403,0.009053069293198981
ENSG00000005156,0.9095887092199707,0.8180245041700399
ENSG00000141738,0.28424901245620504,0.26107044709892463
ENSG00000278540,0.9138242126848929,0.7897271564528503
ENSG00000094804,0.5211129435245427,0.46072504751228993
ENSG00000108344,0.9071727372671404,0.8799360035940726
ENSG00000161405,0.9910730646281269,0.8166185326733564
ENSG00000161395,0.7349398727339507,0.6121691042992262
ENSG00000171475,0.5200969948893932,0.3957119350623287
ENSG00000108599,0.20846856767513328,0.14743915373786637
ENSG00000276234,0.5504050846146342,0.2541721691364586
ENSG00000125691,0.20727340777405054,0.28857686535102944
ENSG00000131771,0.9518285159481011,0.8231260074151839
ENSG00000183153,0.5545885407959428,0.5952706829215797
ENSG00000108306,0.8237077362497738,0.9246545143147564
ENSG00000141741,0.9570208055573541,0.9740628015876978
ENSG00000188895,0.7870296213965903,0.7140246925885592
ENSG00000131759,0.1162126368775513,0.08504870286025533
ENSG00000126353,0.8805749044701239,0.7380029870148407
ENSG00000002834,0.08890461179240251,0.08723324334592879
ENSG00000167914,0.06325453402362462,0.04682622741973472
ENSG00000172057,0.621310231939433,0.5719687768120123
ENSG00000131746,0.5002537157685074,0.3662580545941221
ENSG00000172301,0.8372706233192787,0.8998519132184769
ENSG00000186566,0.9856570941861462,0.8656742085985061
ENSG00000131471,0.004263934769677809,0.0030794784735499532
ENSG00000188522,0.6274019502501222,0.5488704802096798
ENSG00000131748,0.42077470705227427,0.4822108765415406
ENSG00000125686,0.7292805995204723,0.9034964845855928
ENSG00000141753,0.1611180955248241,0.22705533382195517
ENSG00000126581,0.796609676470208,0.9915529074193903
ENSG00000197566,0.15761710066443044,0.14615113935212867
ENSG00000183688,0.3056569775661373,0.28324940364165824
ENSG00000229637,0.9855877407443905,0.871349342050311
ENSG00000108848,0.23626254148573098,0.3087822487362796
ENSG00000132530,0.6221737717472665,0.5364418106456983
ENSG00000159182,0.9254850357553083,0.9274121780387445
ENSG00000108349,0.9487992849253685,0.7697745991015996
ENSG00000167183,0.2676381792237837,0.18963292934677586
ENSG00000126368,0.3591402592789902,0.3900690674688615
ENSG00000108651,0.3515331802652417,0.37475351355282005
ENSG00000154945,0.2765583617726589,0.22346220360850136
ENSG00000108465,0.9400519875495442,0.9960771523445743
ENSG00000108798,0.5285859202812874,0.49144365954979363
ENSG00000159202,0.4875864594334779,0.42219123231275657
ENSG00000189120,0.008072147740865695,0.007248631359414328
ENSG00000183978,0.24953705925581882,0.2528752578509636
ENSG00000167083,0.9123039003116442,0.7958219273866595
ENSG00000005243,0.34283060462320886,0.3524395090465485
ENSG00000108846,0.21405618688579003,0.1243091630768779
ENSG00000005884,0.005847063338671147,0.007808085359223273
ENSG00000073584,0.9770427217612525,0.934186936876042
ENSG00000011260,0.4347456283244199,0.36675723201747723
ENSG00000108423,0.02020786119936035,0.027346305379069406
ENSG00000108443,0.9528737022664097,0.9253157715397078
ENSG00000011052,0.14750755103440708,0.1492972466094049
ENSG00000189050,0.16922864468675047,0.11768729269915622
ENSG00000121068,0.16209660552991553,0.14233034796492422
ENSG00000108984,0.070266592966398,0.0638331385528504
ENSG00000154229,0.21157890061500378,0.17370313215530256
ENSG00000141198,0.7035261721628494,0.7378931264998042
ENSG00000064300,0.3646841691408186,0.23645172435643566
ENSG00000141232,0.38457017375596836,0.2395702898304682
ENSG00000108370,0.7324719877438186,0.5366626786926728
ENSG00000075461,0.9365915131837285,0.7745549773259284
ENSG00000159210,0.547549948607952,0.42002717946061585
ENSG00000069188,0.6071935038520655,0.5244020802604914
ENSG00000198265,0.9665346163596079,0.9657391047535054
ENSG00000166260,0.7040871315319721,0.6992245799992758
ENSG00000108468,0.38364421565940043,0.4489396630737922
ENSG00000108510,0.5466271372050664,0.5744958335731377
ENSG00000082641,0.36723860631602523,0.326720707354343
ENSG00000108671,0.9845894906965046,0.9659016795895524
ENSG00000034152,0.0849724424867674,0.11276957312187022
ENSG00000141293,0.7558556683530859,0.7869508394886018
ENSG00000131747,0.111611587066646,0.11633197246080779
ENSG00000167434,0.03525253446500933,0.010070574784286183
ENSG00000159199,0.16961772337572883,0.1271444456734775
ENSG00000121075,0.2563296301826373,0.1949754523551682
ENSG00000120063,0.70660541254164,0.6542702849076494
ENSG00000169696,0.7925182203528827,0.6864442661434939
ENSG00000141570,0.9620303367305586,0.8744350423763051
ENSG00000159217,0.3304690798373114,0.36021219569807317
ENSG00000062716,0.7735812269871094,0.576919182885981
ENSG00000011258,0.5654297705670555,0.8564292351340335
ENSG00000170832,0.5093044521549966,0.5798499550450298
ENSG00000267318,0.4374747242529745,0.3844457606317043
ENSG00000141568,0.9495850163354959,0.8814256440615923
ENSG00000154265,0.37354531378104894,0.47358941273544475
ENSG00000166263,0.8059555477079142,0.7554379788812902
ENSG00000141179,0.1273113181897555,0.08254213020837098
ENSG00000141298,0.34981429233302097,0.48339807639471166
ENSG00000166292,0.21392928391380775,0.16404899600739697
ENSG00000180340,0.6749922770196886,0.706311673729616
ENSG00000266967,0.769079161295418,0.6933245103079559
ENSG00000130935,0.7211618857871315,0.8020958794808303
ENSG00000070540,0.5272728545433017,0.6502039774343121
ENSG00000072210,0.5513437658934228,0.658291789373183
ENSG00000108602,0.37439519218440975,0.5569713802818352
ENSG00000083290,0.15297912305071,0.11556600795057352
ENSG00000181610,0.5261826195519317,0.3289112674644813
ENSG00000214860,0.2213214541032909,0.2797290822766532
ENSG00000171928,0.32653991995406983,0.4116616201305937
ENSG00000161956,0.6349991142091014,0.5410901020484356
ENSG00000129226,0.1012717233985216,0.11931060312402304
ENSG00000129255,0.9411597155659404,0.8617599109661918
ENSG00000129194,0.15733689393046116,0.13471584876209902
ENSG00000141504,0.9688142710229775,0.8868648909802711
ENSG00000108947,0.6209719890193788,0.5640052827431428
ENSG00000109084,0.682520691331557,0.7579825966864654
ENSG00000109079,0.7492150987171005,0.7373781048332355
ENSG00000004142,0.40914158599153727,0.37766923531423
ENSG00000244045,0.07082718804788878,0.07396958459927802
ENSG00000109072,0.16403539849818558,0.13553799714685125
ENSG00000197879,0.012036471652423289,0.019788935003598414
ENSG00000132376,0.551121003564992,0.45187325347277496
ENSG00000167705,0.3934178456964791,0.2652452943601966
ENSG00000185561,0.8699760091522676,0.8955308596818201
ENSG00000167711,0.14788780656999997,0.1388846002678704
ENSG00000132386,0.8976917035422644,0.978350001450237
ENSG00000186532,0.7823776451671697,0.5884472892564101
ENSG00000132383,0.9036406677685266,0.7724223229256086
ENSG00000125398,0.17812168037224582,0.13709596130378168
ENSG00000121067,0.6619508666387992,0.7799976002620657
ENSG00000121073,0.8032772362403358,0.52869701171112
ENSG00000121104,0.7126877847060183,0.39175117569667783
ENSG00000064195,0.08804580483712077,0.10342835525637122
ENSG00000141577,0.7005937643233036,0.7290617841112926
ENSG00000224877,0.20751217354732407,0.1683918487936864
ENSG00000157637,0.22436913512438209,0.3253340296542797
ENSG00000185504,0.5709879053500974,0.48986392706340276
ENSG00000240505,0.8178720260548995,0.7776692974123159
ENSG00000179598,0.35929174945907494,0.3697019619851657
ENSG00000154803,0.13980819205882292,0.13828740272389511
ENSG00000141030,0.9554583153917969,0.7339476751910964
ENSG00000205309,0.8070554627247124,0.8779419453390566
ENSG00000141026,0.790781751182053,0.8316028632156129
ENSG00000108551,0.6166756231812242,0.5422085026188015
ENSG00000131469,0.1436916651322964,0.14670636360564895
ENSG00000167080,0.9233444887499361,0.8436635668910442
ENSG00000068079,0.37732882433846204,0.29011728709080764
ENSG00000178307,0.9838005696835754,0.9352291513800963
ENSG00000108774,0.1978957217963984,0.16277216387089763
ENSG00000159184,0.34911056033129473,0.33388604060515037
ENSG00000241322,0.3675217278242058,0.18224166828422686
ENSG00000167258,0.3252378797291692,0.23209771484154476
ENSG00000108439,0.5008651395522888,0.6973751971508175
ENSG00000167740,0.8757467723263703,0.9577075708504232
ENSG00000167703,0.032034801728805254,0.016793455381965874
ENSG00000108342,0.17521501742361054,0.1357082428481159
ENSG00000126351,0.9578226053214465,0.8081660610915438
ENSG00000133030,0.13674584233177728,0.16691638650867424
ENSG00000187838,0.16734751954085383,0.22025860672050024
ENSG00000205544,0.5246747965673608,0.45229596525601024
ENSG00000169992,0.8998233639051618,0.9550051578890817
ENSG00000181284,0.8036588985269216,0.7084722448640031
ENSG00000161958,0.16475978050565762,0.10811607130889998
ENSG00000170175,0.603766073093944,0.45275409117653165
ENSG00000167874,0.06410090894618603,0.04541414116693635
ENSG00000182224,0.2211804293356188,0.27143035175124564
ENSG00000170043,0.3882921225091789,0.558520973010422
ENSG00000170037,0.7370381576890095,0.751686938443864
ENSG00000179593,0.12812918954993138,0.07280797604263349
ENSG00000179477,0.8687012848981944,0.9814205598773809
ENSG00000179094,0.14328054676545968,0.15001696659825975
ENSG00000263620,0.024323376865512475,0.028270358787559634
ENSG00000220205,0.27426722989577734,0.1926175921264991
ENSG00000179029,0.6507102160443807,0.6561754345716755
ENSG00000196544,0.5961647797835219,0.7168847862079439
ENSG00000178999,0.15341154051806713,0.10018540172773738
ENSG00000178921,0.966674438052516,0.9322508133758275
ENSG00000125434,0.669659786873518,0.6694388497073978
ENSG00000108961,0.7887047143530862,0.8702952922281263
ENSG00000198844,0.03506150654030152,0.019869251311487514
ENSG00000161970,0.25835042982211426,0.26866124020538507
ENSG00000185156,0.9691383916112603,0.8946508653257688
ENSG00000065320,0.6094319948451086,0.5383995810336305
ENSG00000170310,0.44980351385364614,0.46938344439336066
ENSG00000166596,0.8961623241531437,0.7188635985295971
ENSG00000154914,0.03354803981486777,0.03304105685950664
ENSG00000133028,0.8880552666554852,0.8651840424504317
ENSG00000170222,0.5360869402026394,0.6439314100693462
ENSG00000187824,0.24114430681014226,0.21239900794493982
ENSG00000154957,0.6392196467332403,0.8414065049800592
ENSG00000065559,0.38182223244401625,0.24517737401213932
ENSG00000006744,0.9061589166691494,0.9297852988124115
ENSG00000153976,0.10965577010629336,0.1194113963141732
ENSG00000006695,0.816940078563556,0.8629774273806575
ENSG00000125430,0.6406671008294825,0.6090976548799321
ENSG00000161542,0.2841213721251967,0.2098386424085776
ENSG00000176170,0.2175502921691463,0.1303634549580878
ENSG00000175931,0.7895051260343178,0.7870618308547457
ENSG00000161544,0.7245714951239919,0.6955021607389484
ENSG00000284526,0.1050842213622599,0.11527100471615023
ENSG00000070731,0.2519644241773192,0.28611734277521167
ENSG00000070526,0.31720525546354744,0.2955793884648019
ENSG00000161547,0.8264935050582503,0.8535583322647909
ENSG00000129667,0.2728533494695333,0.38574049291727663
ENSG00000129657,0.15701400998367626,0.1308406375118611
ENSG00000180329,0.5281988705205644,0.5893950060951939
ENSG00000161692,0.5214121055884883,0.44250174490535554
ENSG00000182963,0.5639816169560149,0.6820653798385474
ENSG00000131097,0.008620488993578854,0.004750441503630824
ENSG00000108883,0.5934259140374475,0.5589483508943398
ENSG00000167131,0.49969565172563324,0.3643403587957039
ENSG00000186185,0.35461591828197847,0.36775720899625153
ENSG00000131094,0.1272241477911987,0.16878601735126514
ENSG00000173762,0.8592448567027666,0.9472020138559103
ENSG00000141574,0.9176201078747093,0.8435881617357428
ENSG00000181396,0.11052308687507352,0.09765345320448558
ENSG00000109099,0.13352267195296816,0.14583444709865823
ENSG00000132507,0.5550937548826291,0.3044632946961325
ENSG00000132522,0.42629421804542467,0.3713924036974139
ENSG00000215041,0.5519978295689744,0.5897245013418382
ENSG00000072818,0.9667704478831415,0.9333212333804318
ENSG00000174282,0.23235407194850372,0.2885927359395533
ENSG00000166484,0.19133698903365634,0.15301094708802884
ENSG00000166482,0.10141837775878607,0.09547568575056499
ENSG00000185527,0.9781880131151154,0.8126713638597561
ENSG00000204237,0.5002229866010788,0.4357519118432842
ENSG00000185298,0.7066085225454918,0.5812229292999653
ENSG00000262814,0.6454415880358864,0.44092990563708323
ENSG00000183048,0.8941082155137065,0.9732984754936678
ENSG00000108469,0.49638622311245983,0.4731196230822965
ENSG00000161526,0.7276755994595032,0.47565432321967793
ENSG00000132475,0.2929026362008943,0.30777349948617816
ENSG00000132478,0.6834363980165592,0.513299769546623
ENSG00000132471,0.10282370490710836,0.1656495236542077
ENSG00000132481,0.7136315747443402,0.43395584344295746
ENSG00000141569,0.6352321454660048,0.3071005769745897
ENSG00000204316,0.605849197104054,0.3422809066268567
ENSG00000257949,0.2690860962090599,0.31914358914478286
ENSG00000167880,0.8645394864578468,0.7948381331954214
ENSG00000167881,0.9105556421567437,0.8213125135890702
ENSG00000070444,0.37779035414707685,0.2671077693220729
ENSG00000127804,0.13900842630066357,0.11052421641767468
ENSG00000007168,0.4459789098297863,0.310236764490244
ENSG00000121058,0.6430175570867545,0.6393844320601864
ENSG00000121064,0.5233515611602604,0.49221654503254164
ENSG00000121057,0.6184430982965246,0.681073781917681
ENSG00000153944,0.4779602904140149,0.6428695565744081
ENSG00000180891,0.698556447449047,0.8262797195649431
ENSG00000136451,0.819924997883049,0.7490333420310404
ENSG00000136450,0.39853839027806015,0.35824926345970487
ENSG00000264364,0.7259346734958919,0.721051047039853
ENSG00000167117,0.902305496667548,0.8367933072021881
ENSG00000243678,0.44304497372972707,0.3439301373675896
ENSG00000002919,0.9482124387732414,0.8540218193892992
ENSG00000108352,0.17196487537841856,0.24783727750280007
ENSG00000166579,0.24448325166262888,0.25047558041533646
ENSG00000198740,0.8175056227638053,0.8748165773964997
ENSG00000167716,0.7741943295611767,0.9371908101686042
ENSG00000136436,0.30371865580717944,0.3308217688643439
ENSG00000070495,0.9054630087103263,0.6771754625987031
ENSG00000173868,0.7122353389376161,0.6011142370937023
ENSG00000108587,0.8995595408354989,0.9838712648619564
ENSG00000175662,0.47285110878742664,0.36780298396959166
ENSG00000169660,0.45384162065228206,0.4605067409275383
ENSG00000109083,0.2502908700999874,0.21674819622272237
ENSG00000239672,0.7121341884169754,0.47174265116532144
ENSG00000154016,0.15319514694491296,0.10925485374031846
ENSG00000181038,0.15526854853818617,0.09566356986716
ENSG00000011143,0.8943167346829026,0.907643711702137
ENSG00000004139,0.9684887789187653,0.981838304883122
ENSG00000076351,0.7836917343675073,0.7176353093481316
ENSG00000109103,0.1994557851775358,0.2235794094382118
ENSG00000109107,0.133241988151765,0.16883251055983864
ENSG00000076382,0.2933144254764275,0.3075189569492045
ENSG00000007202,0.29474650987993306,0.27740801978918256
ENSG00000132581,0.030611645529747374,0.02099452912545541
ENSG00000109111,0.8486808745432355,0.7791983350226099
ENSG00000109113,0.5565593408663686,0.6049691423279797
ENSG00000198242,0.10637834064580892,0.13909011191170217
ENSG00000160606,0.1575707587320297,0.11042172110890375
ENSG00000160602,0.6076284378020869,0.7305132986362242
ENSG00000123700,0.88226856636112,0.750876561644903
ENSG00000182473,0.24671272953394413,0.36195919646286967
ENSG00000129654,0.8659919753266996,0.8584648479498314
ENSG00000182628,0.5173687469387134,0.4223895842164105
ENSG00000068489,0.5034736529227896,0.6216182966410198
ENSG00000265303,0.042032784868330716,0.04332042786441499
ENSG00000185924,0.6506956779298513,0.6456820895270494
ENSG00000108963,0.5954029549519326,0.6278981160395236
ENSG00000262664,0.6402467243232486,0.5198130346983729
ENSG00000177374,0.1391283795777253,0.18570695608259857
ENSG00000070366,0.3645288133032474,0.35368919850925995
ENSG00000167720,0.4836125541724352,0.4746688622920543
ENSG00000167721,0.682104608167557,0.6463434050739763
ENSG00000008283,0.1232399405953027,0.2825762720486251
ENSG00000159640,0.028175258904671752,0.017612349485916126
ENSG00000198909,0.11771722740888929,0.11826393783144391
ENSG00000136490,0.8328424996351658,0.6861518827700412
ENSG00000108424,0.3893704057018459,0.3596253010802405
ENSG00000006025,0.6385101503854471,0.4807024385868143
ENSG00000159111,0.9462177734564629,0.9468690985903958
ENSG00000141294,0.7071590573967861,0.403611592997161
ENSG00000141295,0.9399036928385253,0.796510048711238
ENSG00000182481,0.5938579682116288,0.39169905002374084
ENSG00000261371,0.01085443903402539,0.007332109528225414
ENSG00000271605,0.087580227864848,0.08433621235581681
ENSG00000256525,0.5339934134164065,0.4893039629543925
ENSG00000108854,0.09940506146519872,0.12621761398234752
ENSG00000108654,0.3117028011648058,0.29439638848593985
ENSG00000185359,0.4363543188260083,0.37514505694417866
ENSG00000161714,0.13227984466896373,0.12467424729424319
ENSG00000181513,0.563729815275932,0.5948069975626569
ENSG00000186834,0.838784309820033,0.7584150551755541
ENSG00000136448,0.5735771091510613,0.45919739955898764
ENSG00000161381,0.5943154097870764,0.5800539610073514
ENSG00000141750,0.7057553290896704,0.8406020497458221
ENSG00000170190,0.21474980573898755,0.18615220770294852
ENSG00000125449,0.7369838168783149,0.6612103735419634
ENSG00000125458,0.7560419257564361,0.6523357025188556
ENSG00000189159,0.8050954862480986,0.5196623952800247
ENSG00000188612,0.270754240631175,0.22428012422265858
ENSG00000125450,0.10510179659785539,0.05295278919277155
ENSG00000125447,0.11178366563165662,0.08517458628465759
ENSG00000125445,0.41260131071148587,0.26696525437335733
ENSG00000125454,0.29026715652891816,0.22129240729215713
ENSG00000177885,0.6645682912913622,0.7529818891541533
ENSG00000108666,0.43360487523634295,0.53165334229364
ENSG00000108298,0.2525413333161564,0.32583878593645194
ENSG00000183018,0.07233919276171753,0.059901448199434174
ENSG00000132382,0.7846269341798202,0.7750344658886833
ENSG00000167741,0.7547594393189991,0.6114359470809148
ENSG00000161905,0.5760081107248508,0.7088582935806488
ENSG00000141456,0.508538547976987,0.469101208990932
ENSG00000141480,0.538416708528523,0.6295913864859222
ENSG00000161920,0.6579893070557298,0.6223220382950474
ENSG00000141497,0.6626168964478303,0.540634037757729
ENSG00000182853,0.9963913458931982,0.9711209718838426
ENSG00000142507,0.9944989945552384,0.8514251946558715
ENSG00000129219,0.4583799282867863,0.5095275437676017
ENSG00000141503,0.047128454969856716,0.06965452894155777
ENSG00000205710,0.6136828323606747,0.6564229827474841
ENSG00000108784,0.6213456782370278,0.6363851392776927
ENSG00000108786,0.717180002817915,0.6986374936312025
ENSG00000068120,0.6015798470802128,0.5680080143837478
ENSG00000131470,0.490417923398629,0.5594416887413549
ENSG00000141699,0.9233186876029149,0.8386196050174306
ENSG00000037042,0.984104158463909,0.9978950466081731
ENSG00000068137,0.3639044969146864,0.37172722865261865
ENSG00000167900,0.26658542307554617,0.17814106445441286
ENSG00000089685,0.3282140320609745,0.17688428828042896
ENSG00000184619,0.3293263175421254,0.38204297974046797
ENSG00000177469,0.5101584665029355,0.48196640356183684
ENSG00000168610,0.47297960987201537,0.4118858341186047
ENSG00000167925,0.15517307100224442,0.09331459653321511
ENSG00000010244,0.789988975733407,0.8723827958556597
ENSG00000180638,0.5165590973087568,0.2890319903460398
ENSG00000132361,0.4375136611728627,0.44331714142469747
ENSG00000240445,0.11396900062113205,0.13287931942962397
ENSG00000125457,0.5812830410940062,0.3526727856795919
ENSG00000186665,0.3131068429282823,0.2160100086036208
ENSG00000141736,0.5581042977993678,0.6191499885323609
ENSG00000108639,0.7101721461612014,0.8196118963423182
ENSG00000141376,0.8140475492092444,0.764140698993263
ENSG00000108788,0.3393347967003366,0.3709092345508387
ENSG00000007237,0.19486787729940286,0.19969854371698226
ENSG00000006062,0.48130537321978817,0.4498144866657604
ENSG00000167916,0.7715611593410692,0.9038402137723869
ENSG00000186395,0.8503008525770779,0.6943277956557767
ENSG00000108244,0.9802842573659034,0.9253002064449779
ENSG00000108622,0.19516082289086709,0.21118699540627714
ENSG00000178607,0.16554383611765716,0.16507065497549897
ENSG00000141526,0.04167052676845348,0.04538717029412127
ENSG00000161653,0.02731003257474893,0.024500632832192455
ENSG00000091947,0.3219136496051143,0.3397687171176198
ENSG00000161654,0.43988156337481943,0.5061608956469179
ENSG00000125319,0.3218009315765158,0.33399302385820434
ENSG00000161664,0.7642686396235133,0.9902099938404421
ENSG00000168591,0.8993032094573741,0.8761240706542134
ENSG00000275700,0.725567620348718,0.8294860368446487
ENSG00000225663,0.18090146469587443,0.26460327311055226
ENSG00000141522,0.1037371708617798,0.1344061530626915
ENSG00000183684,0.4520259722032969,0.29377956111834885
ENSG00000141552,0.695681976231558,0.541133798837846
ENSG00000183979,0.224945183665939,0.28908737229063836
ENSG00000185813,0.7102490717081146,0.5500228722288876
ENSG00000187531,0.7402744996718187,0.8884893563030849
ENSG00000197063,0.4785878882091025,0.38949538337218215
ENSG00000183010,0.39115023246394387,0.17646182301181504
ENSG00000185269,0.6680173385085882,0.6037977034926038
ENSG00000184009,0.09618669032491005,0.07417447012324871
ENSG00000185624,0.29126981290602516,0.5260163776904956
ENSG00000131462,0.41983574407445357,0.3721976373947945
ENSG00000108797,0.6822989667152499,0.7394219957599955
ENSG00000108799,0.8312715074430898,0.6408774930008416
ENSG00000131477,0.3996396418245033,0.41276640709630774
ENSG00000131475,0.18270836889669073,0.1746400026684625
ENSG00000167695,0.5970173475145848,0.6671595099052287
ENSG00000179409,0.9188559479128315,0.7606082360104303
ENSG00000171861,0.5457618116114878,0.6511449328090497
ENSG00000092871,0.23985379059366718,0.1887477813489898
ENSG00000073536,0.8828163412859682,0.8147341321124526
ENSG00000166750,0.820266649957132,0.6003061446693907
ENSG00000185379,0.6005852497660809,0.5344781005433883
ENSG00000120071,0.11793830410774597,0.1501168344951099
ENSG00000141252,0.3607199059326609,0.3484358766208536
ENSG00000214087,0.7486536550919727,0.6007366879808649
ENSG00000141576,0.42635955874993026,0.32690141942649054
ENSG00000185262,0.5345968808316139,0.6977193884796888
ENSG00000132510,0.5335985888655901,0.4262992192907825
ENSG00000094796,0.707450655620145,0.9299659907105633
ENSG00000108950,0.1049319853547577,0.07470955802326554
ENSG00000141337,0.47065644209982993,0.5362201238973516
ENSG00000196704,0.79325866103117,0.622671033279286
ENSG00000177303,0.4200088278844264,0.3491716976502325
ENSG00000182173,0.4784268232726656,0.3273374289686932
ENSG00000073350,0.07857353916423568,0.12810676822829087
ENSG00000126858,0.6337707592893809,0.5975944408400345
ENSG00000126561,0.308722875380973,0.22579665110055458
ENSG00000213859,0.17718651597299626,0.21599815406097192
ENSG00000167447,0.7675335323308132,0.8870870691009671
ENSG00000204323,0.2796310413720587,0.24855306586352482
ENSG00000179859,0.23130954223431632,0.23846269487846505
ENSG00000184640,0.05110529892710015,0.08159995854342478
ENSG00000176108,0.2500089340143355,0.347380135960767
ENSG00000181409,0.031994905240371595,0.038813490500318876
ENSG00000167302,0.5955118465007846,0.5780366714130039
ENSG00000108479,0.5385050584728046,0.6548857070932643
ENSG00000177370,0.19792478191831625,0.17536569427615673
ENSG00000108953,0.5995392495158611,0.6042774971208212
ENSG00000159842,0.01385102557975561,0.01134979124587235
ENSG00000214226,0.9380011214732595,0.882501966418276
ENSG00000153933,0.6844180139029865,0.6458323574546254
ENSG00000121060,0.6377383242715753,0.44591100400654093
ENSG00000141580,0.7435419737033848,0.7779764805953978
ENSG00000141542,0.29465018365451295,0.42461444057060826
ENSG00000141560,0.6205859235125264,0.580375238915054
ENSG00000167363,0.5867228124386095,0.599340637974233
ENSG00000141556,0.23511106536078916,0.2792250751201005
ENSG00000141579,0.657162638412814,0.7282593332479665
ENSG00000176845,0.6996709180008696,0.5176097962280946
ENSG00000267060,0.6106964602970436,0.6338163297201094
ENSG00000005882,0.942111849932624,0.9960207225016252
ENSG00000108819,0.4232417028981419,0.510996416864687
ENSG00000108821,0.38314217103797343,0.4963896605764142
ENSG00000167105,0.00038594145096936677,0.0005707758013007246
ENSG00000015532,0.9591702973074454,0.8673430158117581
ENSG00000108826,0.2368687256559512,0.12252105019058473
ENSG00000154920,0.20308345889805676,0.16257048608739474
ENSG00000108829,0.4543446283919502,0.7418782922890939
ENSG00000108823,0.004126777540238073,0.001799792489007
ENSG00000087995,0.6202998649839392,0.8587594811869005
ENSG00000011028,0.12572987393094043,0.12278785273199865
ENSG00000146872,0.34538963195621886,0.2684427864332519
ENSG00000108309,0.08851551041449116,0.10853465934382524
ENSG00000013306,0.9940053265368048,0.9304614252290134
ENSG00000030582,0.054004294328538344,0.0338363850504148
ENSG00000161682,0.7621652967875272,0.64904771153692
ENSG00000275066,0.268210434474925,0.19919766485848622
ENSG00000278053,0.7941335167235167,0.909588412046121
ENSG00000132591,0.12646288830973848,0.11283531426446808
ENSG00000167536,0.30466550342378224,0.28635165717779903
ENSG00000109118,0.8205423873036132,0.7163724948121358
ENSG00000161513,0.5195778365988486,0.4412449824789284
ENSG00000172782,0.5659723994988923,0.7839626380505591
ENSG00000182040,0.22741262559421854,0.3213698247669013
ENSG00000182938,0.25920017438628257,0.310617065579002
ENSG00000167861,0.027981425707370396,0.03459537500657037
ENSG00000109089,0.38616955195426295,0.40758813266572724
ENSG00000167862,0.29527471708858355,0.16667708762710412
ENSG00000167863,0.229102940962782,0.12634738728178688
ENSG00000108506,0.655862956546564,0.5130077208810941
ENSG00000108389,0.5738356129053048,0.4664049545216098
ENSG00000136492,0.3854532730942358,0.47839367614697414
ENSG00000108839,0.2716896117528707,0.22400687753586424
ENSG00000219200,0.4270442533117007,0.6145396890637409
ENSG00000258315,0.45918896196169945,0.3500257649582683
ENSG00000161940,0.10671105701164103,0.09377657359764775
ENSG00000174327,0.8721016900126912,0.8829915323982683
ENSG00000132514,0.49191711454555287,0.5903405574848772
ENSG00000141505,0.16778951494533592,0.11698673676474473
ENSG00000132535,0.49785337806368857,0.5723781159435444
ENSG00000072778,0.4984180127726646,0.6262448456808067
ENSG00000004975,0.770427397332589,0.7419372999421124
ENSG00000040633,0.9569545099329748,0.9296168058750199
ENSG00000170296,0.9226017507544986,0.9284812371997625
ENSG00000175826,0.764052890758804,0.999242102976207
ENSG00000181885,0.6380401390206927,0.7574509697506038
ENSG00000006047,0.830452943425205,0.7967492915187664
ENSG00000129646,0.47338041583339674,0.5146915342281673
ENSG00000270885,0.40373508480995424,0.3427885457213187
ENSG00000271447,0.012379502539178296,0.007759680565178861
ENSG00000271503,0.5103713602828241,0.6444164602133038
ENSG00000131095,0.8838300793640437,0.9149032960594699
ENSG00000168792,0.8258658000453503,0.8955777579693405
ENSG00000167543,0.31079078201549903,0.28084641844936903
ENSG00000108262,0.7727914799554304,0.68699398307292
ENSG00000198720,0.8347181103975533,0.92015783176266
ENSG00000173065,0.09173186197672252,0.07508733533575546
ENSG00000179761,0.8752292831309536,0.7520054382756088
ENSG00000108387,0.3706773939406093,0.46129593647415845
ENSG00000182534,0.6394184647975378,0.6174417465991695
ENSG00000175866,0.6910027223583068,0.7987977756093398
ENSG00000153822,0.7201490633377663,0.6389597648182721
ENSG00000132388,0.738630852570203,0.7973879520561371
ENSG00000183011,0.16266418740991628,0.15124356558076218
ENSG00000108395,0.5171705894963144,0.5664650085215915
ENSG00000153982,0.26089322705659584,0.3126429532335996
ENSG00000175155,0.17550852006452175,0.11875151154925678
ENSG00000161955,0.3322851873222416,0.2942959349504092
ENSG00000170412,0.045158513759903825,0.03363485323195542
ENSG00000167851,0.1487673677448026,0.17344156901658903
ENSG00000167850,0.15072242528781582,0.11197525742248567
ENSG00000169733,0.17319729181705676,0.22633986945837994
ENSG00000169718,0.9370825791679294,0.8621543406070782
ENSG00000169710,0.05320379016186961,0.05843601927476575
ENSG00000212901,0.8730961768634421,0.9144478975546944
ENSG00000141506,0.3037702513014824,0.21674957588739277
ENSG00000108840,0.6926919406523295,0.533235545375367
ENSG00000072310,0.6317479737002132,0.6353176241141237
ENSG00000176809,0.7510373816623213,0.9202879350274078
ENSG00000073605,0.7177246467454761,0.8848314741506997
ENSG00000167549,0.909008921280881,0.9631148527521176
ENSG00000221926,0.9050263412463015,0.8532266144951094
ENSG00000187607,0.7910989567506056,0.7755226064708907
ENSG00000184060,0.07744550315671293,0.07246569813026489
ENSG00000181481,0.7372853023508661,0.8938945665752116
ENSG00000154258,0.6228086424364082,0.49476178776496693
ENSG00000174292,0.46752704421375846,0.49541783183790067
ENSG00000172123,0.15345126509770063,0.14109331833628083
ENSG00000154760,0.007279771962185233,0.005683241330896902
ENSG00000172716,0.08619120847877924,0.0699371946751255
ENSG00000126337,0.9684758120516881,0.9345078783713135
ENSG00000171401,0.37657899894489055,0.3204419712695077
ENSG00000171346,0.44413494133102893,0.5476131231898506
ENSG00000171345,0.9705290386636728,0.9579698661656353
ENSG00000186847,0.801772198115274,0.9058306562977041
ENSG00000186832,0.899965040019908,0.8195663884933297
ENSG00000173812,0.816760423888573,0.6565967371202913
ENSG00000172809,0.20640673540399995,0.1217189267706253
ENSG00000141540,0.9252260893898046,0.7477417904299962
ENSG00000108679,0.6147868686573839,0.7042110493611798
ENSG00000171302,0.07272174389246637,0.12354656857553988
ENSG00000173918,0.10856566363656725,0.11300431977780753
ENSG00000167280,0.6758500298525676,0.7697995845040315
ENSG00000173894,0.6803259896318297,0.8457869745232904
ENSG00000133026,0.07856169024821545,0.04769712581364544
ENSG00000185862,0.34041625609422616,0.294177415434961
ENSG00000126860,0.4625819856250336,0.5275497699173923
ENSG00000131242,0.5856048672924619,0.3267604706955834
ENSG00000274512,0.22843433060709728,0.3821842059407393
ENSG00000092931,0.898603487723495,0.6989989254747568
ENSG00000062725,0.760442764767581,0.7701626626159024
ENSG00000108474,0.7596970948701416,0.8572975066334635
ENSG00000166582,0.57832791891457,0.8654331652417615
ENSG00000170315,0.0025191872351540707,0.002689963308904948
ENSG00000187688,0.19720748846154373,0.1883560969674529
ENSG00000108946,0.2441630603391223,0.3107994202755068
ENSG00000178502,0.3113710064885199,0.5397348899929747
ENSG00000131473,0.5185047630566766,0.5176673186603638
ENSG00000173786,0.5822377764967712,0.6820252124564825
ENSG00000168259,0.512392366576429,0.6106653857010994
ENSG00000168256,0.9139156091976204,0.9256633826300533
ENSG00000267221,0.7445725344347154,0.569347257369241
ENSG00000108771,0.6718934617351227,0.4645888763636885
ENSG00000108773,0.7769207779489754,0.6459204201488087
ENSG00000170836,0.8452909181390706,0.9479594831915042
ENSG00000108557,0.3787449129385304,0.2601806207576902
ENSG00000136478,0.7294403816181717,0.730310643743733
ENSG00000128422,0.6572925201713156,0.9287702384040604
ENSG00000076604,0.8911275221049068,0.8842009536705452
ENSG00000131899,0.22272493517519007,0.19387724148230143
ENSG00000108932,0.911678752078607,0.8539891418920342
ENSG00000006740,0.02291636013382106,0.013302711399184635
ENSG00000174238,0.09279920036988844,0.08501015424847062
ENSG00000258890,0.8412127097189498,0.8946959074080908
ENSG00000068097,0.6744387250026764,0.5879791760034436
ENSG00000008294,0.4191862609321999,0.4277518352480323
ENSG00000167182,0.4312233520804476,0.2947082813885631
ENSG00000108852,0.3935217512124308,0.30155954883849134
ENSG00000131467,0.6702968192898895,0.6205605571883057
ENSG00000141562,0.8999482885636136,0.8527631239329289
ENSG00000074660,0.17490696781180629,0.12051792944297819
ENSG00000008838,0.7842159386157191,0.6569602661273408
ENSG00000108641,0.9923434628926014,0.8935348080539655
ENSG00000175711,0.8140549853968149,0.9205813192954007
ENSG00000180616,0.35771696507185935,0.4108619741141092
ENSG00000166685,0.6018262632946503,0.5231580217414712
ENSG00000141219,0.5058203139616375,0.5273740415692786
ENSG00000179604,0.6829428525043195,0.596898285643895
ENSG00000133193,0.982617716975559,0.9107933934551774
ENSG00000183077,0.10202194487638166,0.09547477160045766
ENSG00000187997,0.48242971851263605,0.36358510273888667
ENSG00000109016,0.5476182065633803,0.3849487072676854
ENSG00000167699,0.8785548335171419,0.9372952992939307
ENSG00000183914,0.7351072266355471,0.6175751947860396
ENSG00000133195,0.8493708162551983,0.8986159766756474
ENSG00000170291,0.9153134457829163,0.968802192044965
ENSG00000055483,0.8694662304903003,0.8962301309656056
ENSG00000270647,0.6365391296247267,0.7007237390386547
ENSG00000161944,0.9597114917338655,0.8289261069752698
ENSG00000273604,0.3608963955235607,0.3119073840350257
ENSG00000277972,0.23576963248918875,0.27182371932387805
ENSG00000277258,0.8071409213659188,0.9419888594071609
ENSG00000277791,0.8527377910491123,0.8191372643824992
ENSG00000276293,0.49368704378036377,0.39653313492525655
ENSG00000273559,0.5417963213206938,0.7924143522848465
ENSG00000136485,0.7571630148760096,0.7851891164487108
ENSG00000136463,0.697775617964201,0.49933262198176764
ENSG00000198933,0.72470998852861,0.6567578990683085
ENSG00000087152,0.2536720938514076,0.19695099709929223
ENSG00000168517,0.18554888598318617,0.181015208914472
ENSG00000174326,0.7911043883665329,0.9531932962131016
ENSG00000172992,0.30856090323656377,0.33812446032449905
ENSG00000188878,0.5608658231844956,0.49507756537937697
ENSG00000128487,0.10997414069239533,0.12367341157476999
ENSG00000250506,0.5903333764694351,0.5921746697120212
ENSG00000141068,0.9518069654113904,0.985226363242711
ENSG00000072134,0.5736470280844006,0.49416977949675567
ENSG00000198863,0.6632269545005929,0.4529898342544171
ENSG00000170921,0.14329014359734277,0.12285824546186677
ENSG00000176155,0.4325721263415663,0.3216927209686397
ENSG00000108528,0.8634845936369737,0.6970918627187634
ENSG00000108523,0.05305582858458404,0.04456112621134662
ENSG00000108518,0.720420284077449,0.973991448097643
ENSG00000108515,0.48179297393888953,0.5018210451189205
ENSG00000091640,0.4815956220315458,0.45375499257927543
ENSG00000108509,0.10344186051129062,0.11552008094332201
ENSG00000129250,0.054278913146317116,0.04849196645427363
ENSG00000132517,0.25063214480867374,0.16001387231943262
ENSG00000180787,0.6710026592384253,0.524928503986412
ENSG00000196388,0.7456662820732876,0.6181754901216372
ENSG00000173818,0.264364217147334,0.2102046696628974
ENSG00000171246,0.38161128909741926,0.5022785873329358
ENSG00000141519,0.05755181344242568,0.0677161730003216
ENSG00000171298,0.4542544435124215,0.46032795543123106
ENSG00000141543,0.3552841717564488,0.22572359032682446
ENSG00000108688,0.9066451671312996,0.8430071452525882
ENSG00000172156,0.5741326009620706,0.4701907115868579
ENSG00000108700,0.3528947524561017,0.22230503659459358
ENSG00000181374,0.2258046861454295,0.13089669344978505
ENSG00000108691,0.046662985824950584,0.035878762812480404
ENSG00000182612,0.31529202248755794,0.3137619083301648
ENSG00000167085,0.7182812321729908,0.8744230370605041
ENSG00000141349,0.4576789445646825,0.3651896254251936
ENSG00000180626,0.7017051060322741,0.7152705168340132
ENSG00000161929,0.2827899141623831,0.17989125476839748
ENSG00000078687,0.8252022257315585,0.8305831416830988
ENSG00000167840,0.14212771252798978,0.15589054425304585
ENSG00000108256,0.766860669445155,0.6308594626299013
ENSG00000259207,0.17762451435438073,0.16620731370189962
ENSG00000178852,0.5272380994787698,0.49249532382693906
ENSG00000168961,0.9786790479732854,0.8910620815475755
ENSG00000232859,0.260297582475372,0.3592943406627209
ENSG00000007171,0.05985564365211354,0.08453947980151502
ENSG00000178691,0.96535510422989,0.9374502431733872
ENSG00000272636,0.5503801138088176,0.5160702435250188
ENSG00000181031,0.018392282128302545,0.01735674006434695
ENSG00000185158,0.44346472244038615,0.3890258304702091
ENSG00000132359,0.12686608400522378,0.08336115563385939
ENSG00000196689,0.30277600039723573,0.29150493596013305
ENSG00000040531,0.0913917096061685,0.1172711622654817
ENSG00000197417,0.09749571031829664,0.10071044599859888
ENSG00000213977,0.11014065963898058,0.14601797587145363
ENSG00000127774,0.8598709273527436,0.8885003494477477
ENSG00000083454,0.5265884928936888,0.6225056224147462
ENSG00000083457,0.5814130567444571,0.6178880772808868
ENSG00000177602,0.9759241298890772,0.8894830546009301
ENSG00000184557,0.10902274716325391,0.06974113477396388
ENSG00000087157,0.9286987841227923,0.8680222200191394
ENSG00000108433,0.9980994939218911,0.7423049484688422
ENSG00000004897,0.49261768515116944,0.4647687297453308
ENSG00000198443,0.2269936676902711,0.2664471689496382
ENSG00000108384,0.16128391541409642,0.11690704107932473
ENSG00000266173,0.8682981088889059,0.9246170531592329
ENSG00000108588,0.8417673686174065,0.8400862947647274
ENSG00000198231,0.9861702376329164,0.968440767553362
ENSG00000108592,0.23647755162164197,0.15536388193212186
ENSG00000187595,0.5300666549691448,0.5886008856532057
ENSG00000108604,0.9489744973557364,0.7678344900975379
ENSG00000273611,0.14414109438821124,0.20810676846519843
ENSG00000278259,0.5840579392575562,0.6639488845261061
ENSG00000277161,0.6304218306520221,0.7794878265836865
ENSG00000278311,0.9631002263233,0.7756992691811011
ENSG00000278535,0.24666067667955205,0.255779063643753
ENSG00000278619,0.7806997485548347,0.7674498247619436
ENSG00000141510,0.6152109376386452,0.6717143038872979
ENSG00000167895,0.5021073576206119,0.39054019827196695
ENSG00000007312,0.6527737028330315,0.605620389586246
ENSG00000109101,0.1515006452195856,0.172256317855248
ENSG00000141499,0.7450273922812711,0.7675250302130262
ENSG00000266074,0.22088888571897553,0.2736847567678882
ENSG00000141524,0.41037883577064393,0.44526048901705084
ENSG00000173757,0.3449959468228455,0.24974878742504636
ENSG00000178927,0.514148165259386,0.4696874167599574
ENSG00000141564,0.07737043614225143,0.12133218278878066
ENSG00000005379,0.662716183871475,0.8646188978609266
ENSG00000213246,0.5997036195461822,0.42181433391818746
ENSG00000108375,0.25450442152191255,0.20284136354453267
ENSG00000092929,0.009903010739072078,0.027156996402946467
ENSG00000286190,0.9619809895899245,0.8896977605032423
ENSG00000178971,0.5741607050142802,0.5431752257852227
ENSG00000091592,0.5918089149810795,0.5589504586115223
ENSG00000239697,0.06983116990647673,0.05688302938705505
ENSG00000248871,0.9353531761243911,0.994795162936397
ENSG00000108828,0.059932728461991706,0.06771309141894853
ENSG00000108830,0.35408612433335696,0.399626433001005
ENSG00000188554,0.3534558328284696,0.20913251856779713
ENSG00000184988,0.03230231292120429,0.033666835780239456
ENSG00000236383,0.5834018609285151,0.5217567180624025
ENSG00000225190,0.9406234220747024,0.9377726296024066
ENSG00000012048,0.5304754409537423,0.605735588696668
ENSG00000167107,0.25800550907023256,0.2516903409539984
ENSG00000136444,0.43211952161345557,0.43289527905536185
ENSG00000049283,0.4752761599885793,0.46471726275961645
ENSG00000006282,0.3879639971068205,0.44735376646407565
ENSG00000141279,0.35958244824356644,0.2378456073067157
ENSG00000029725,0.6262423659674171,0.6807129649634859
ENSG00000129197,0.36254570930405394,0.4372280990466044
ENSG00000108561,0.4481895333557864,0.36903025229436326
ENSG00000005100,0.7939403246281249,0.8667849514747159
ENSG00000072849,0.36186209224070076,0.5732186829187539
ENSG00000167842,0.3263636234043134,0.31960463290658103
ENSG00000108559,0.9324139496203877,0.9723316198675767
ENSG00000108406,0.7412791220238327,0.7275587444514711
ENSG00000141378,0.026290306506394866,0.029229510897386457
ENSG00000141367,0.5916642296835433,0.7251573973430042
ENSG00000167941,0.7520458865092484,0.8850303376088297
ENSG00000108861,0.23235702260909294,0.26790848487554586
ENSG00000239704,0.8221975501723651,0.6690451373661308
ENSG00000259024,0.34571279646264386,0.2531619665677021
ENSG00000175106,0.5785440554659236,0.39975983829178185
ENSG00000278023,0.4864158392297694,0.40959842875505736
ENSG00000276409,0.0699865494409492,0.045380597481399464
ENSG00000274736,0.11204207095975861,0.051961022119974144
ENSG00000275385,0.4463844589929087,0.29867389065629246
ENSG00000277632,0.19033186408167854,0.1560757663657214
ENSG00000275302,0.792935218285777,0.655282467365214
ENSG00000274808,0.5829441051587612,0.7473674641676871
ENSG00000276070,0.20448299777804382,0.24595799856594486
ENSG00000170004,0.6149012553343427,0.5565487729970378
ENSG00000184922,0.1496600141620546,0.14049449719787302
ENSG00000174231,0.6133444854210806,0.6699926935056494
ENSG00000181523,0.7698277654691854,0.4995998666845659
ENSG00000181045,0.41340455293473266,0.32900143803502535
ENSG00000087095,0.6006691161854896,0.7832134295271762
ENSG00000087191,0.8850090829947992,0.9427330977485312
ENSG00000170298,0.6215028909359688,0.6256844500730809
ENSG00000177731,0.03139381742453237,0.03945277958793682
ENSG00000177427,0.10672367675029142,0.06404032240972414
ENSG00000177302,0.5376160935259141,0.4222703400951733
ENSG00000176994,0.08761486663918262,0.07449022891436567
ENSG00000176974,0.09116371066478343,0.09290373294712961
ENSG00000159314,0.44214017388294735,0.5910933784311874
ENSG00000278845,0.4976230438626209,0.4514308002032612
ENSG00000274211,0.6207005244532429,0.6574853550826543
ENSG00000277363,0.19461331541442023,0.1029970964127197
ENSG00000033627,0.10714260717443212,0.09268828736005003
ENSG00000006042,0.8297083827141624,0.722016667217296
ENSG00000176749,0.4906909497183345,0.6662227617903229
ENSG00000176658,0.12686051586996708,0.12643561408163956
ENSG00000266714,0.46188312998653114,0.4540351272349076
ENSG00000196535,0.07596704710578141,0.06379116310659223
ENSG00000173917,0.0734119360176687,0.13162926736309832
ENSG00000120093,0.42478931736494285,0.3854446315468816
ENSG00000182742,0.0819102300053172,0.10144619265406944
ENSG00000120075,0.024407321557458946,0.037605330016602156
ENSG00000108511,0.19041549441068076,0.22651555045094474
ENSG00000260027,0.894338164808182,0.9606092505645576
ENSG00000120068,0.25931062816035055,0.2866146475767582
ENSG00000170689,0.17753306301237187,0.16429166931923075
ENSG00000170425,0.8383308094496364,0.7028348977921246
ENSG00000214941,0.19625999746639355,0.18676761954724297
ENSG00000011295,0.3636905047136486,0.25514107476329223
ENSG00000141027,0.1139175151533825,0.1119187073508667
ENSG00000108312,0.5121234968755919,0.5161351460855308
ENSG00000160551,0.437980391094442,0.31548760366074663
ENSG00000129245,0.350770395035671,0.35426456186924193
ENSG00000161533,0.8550721772480285,0.9587098139816279
ENSG00000186407,0.22200676817827217,0.1956968353953615
ENSG00000172794,0.5377892530053731,0.3684888798325976
ENSG00000186074,0.4289194951645213,0.30292511239634684
ENSG00000109062,0.14061285558121175,0.19559428657732547
ENSG00000109065,0.19569363486796787,0.08968360358810377
ENSG00000109066,0.8510089964006704,0.7654451125455992
ENSG00000177728,0.6143855054854515,0.670283270221311
ENSG00000182446,0.1833579403479128,0.20230675010979224
ENSG00000108669,0.46301503043854786,0.3809689653500592
ENSG00000197170,0.4801596834915537,0.40413251468866684
ENSG00000154217,0.5528963222305896,0.8612076489794813
ENSG00000067191,0.9750013447292891,0.7623281024276574
ENSG00000087111,0.6509672133038622,0.5824920687105493
ENSG00000141551,0.21224398105386458,0.2171944408194422
ENSG00000141582,0.8139004022086374,0.6232320851380456
ENSG00000167291,0.6326602553131105,0.6290439583642181
ENSG00000173821,0.5756236566608868,0.6534503904517532
ENSG00000175906,0.2363656700987867,0.2558319339277157
ENSG00000067596,0.5658343741238796,0.6937476830330922
ENSG00000175832,0.6757334616705117,0.6585165555369588
ENSG00000005102,0.3679637027848529,0.3709716303293048
ENSG00000185829,0.7468523116781735,0.8026592885480357
ENSG00000228696,0.13180541872153814,0.15437615224547074
ENSG00000073969,0.6605661447404835,0.7455217739646965
ENSG00000171634,0.9415988950121502,0.9986793334207708
ENSG00000108379,0.3778352138118449,0.520659945696722
ENSG00000132589,0.33103518997158743,0.4469543195521257
ENSG00000161921,0.5214315785876776,0.5553787106452135
ENSG00000108813,0.3732149739430711,0.4372029838588364
ENSG00000136504,0.37403207000805705,0.41966288810622787
ENSG00000275832,0.7936538311274558,0.9244952271988647
ENSG00000169689,0.40662890001600915,0.25889397013264476
ENSG00000169683,0.8517331784791023,0.9762184517643453
ENSG00000169750,0.8336550258036661,0.8802684981808512
ENSG00000169738,0.7586776549201649,0.5635856533345236
ENSG00000169727,0.3915357571938006,0.507671900249573
ENSG00000184502,0.6650435827594794,0.6846355980543857
ENSG00000173805,0.10835142131530774,0.11695388418986744
ENSG00000173801,0.6371655408523029,0.5132895122612715
ENSG00000141696,0.21633595226155525,0.14371224343772998
ENSG00000141756,0.34242879064218945,0.24116090068866622
ENSG00000141698,0.6968434662248049,0.8377991462774776
ENSG00000141527,0.33188349655435634,0.2737766003043361
ENSG00000108733,0.2562823920826132,0.32729413042115957
ENSG00000168646,0.10446747628149519,0.08402560477016531
ENSG00000154240,0.022970765962108893,0.01588144018153072
ENSG00000108924,0.050429726578352145,0.0699584725738733
ENSG00000108960,0.5602886096842221,0.7069591426335369
ENSG00000035862,0.11332947581619666,0.182925258435568
ENSG00000214447,0.04330972580725071,0.02876962357889959
ENSG00000132470,0.8468774502045696,0.960914126416635
ENSG00000161960,0.6991282965430259,0.5797623703368454
ENSG00000176390,0.6301971949106955,0.47619954413000554
ENSG00000176208,0.7679664814289267,0.961571378963345
ENSG00000172171,0.13622829586832783,0.1921549088661962
ENSG00000196712,0.5255871031520565,0.4261122405886232
ENSG00000253958,0.0774156310307253,0.03416259384662789
ENSG00000173281,0.932577950899834,0.989268674867263
ENSG00000173273,0.7036702796417983,0.7064741035483159
ENSG00000154359,0.9631074675808299,0.7831544203050397
ENSG00000175806,0.030479512427789027,0.006866192578028122
ENSG00000134020,0.10591424117079111,0.04803440637992792
ENSG00000275342,0.23218327727559535,0.10636335874461617
ENSG00000164741,0.007967437360029857,0.007772249121615999
ENSG00000147324,0.23247134042894993,0.2492714393177914
ENSG00000254093,0.1861940875822812,0.10329886931528359
ENSG00000198791,0.5408498981959875,0.5860681492350106
ENSG00000179388,0.3087380346712711,0.27577483050035173
ENSG00000104714,0.9289659230734771,0.8779788492168574
ENSG00000155975,0.5815263138912905,0.542555021264462
ENSG00000159167,0.15815522518891326,0.17632089870298367
ENSG00000104228,0.3105746487120805,0.42191651210744796
ENSG00000198042,0.27871605980467995,0.3620623996591338
ENSG00000175445,0.008060608143225295,0.002855611080087909
ENSG00000147421,0.9818184320505644,0.9673009241237609
ENSG00000171056,0.5274652782226037,0.48767664877643513
ENSG00000172728,0.0971810668597333,0.08037440126378978
ENSG00000038945,0.06844639241013727,0.05771103882165167
ENSG00000092964,0.027476324829975828,0.019586096194995684
ENSG00000164825,0.35877840572146513,0.3455190482065531
ENSG00000147454,0.3510029921046135,0.29557116772199526
ENSG00000104626,0.8050549408794436,0.7085976679696779
ENSG00000147459,0.14476683876734586,0.2158247268483708
ENSG00000104660,0.7917052531225063,0.9476360277466839
ENSG00000167034,0.6157600628381468,0.5476033093896351
ENSG00000147416,0.508209481978079,0.5327848830585101
ENSG00000104756,0.9923144414748878,0.9340578148760759
ENSG00000134013,0.25714317949439697,0.2866418806605251
ENSG00000061337,0.11110268294257185,0.0671997313407858
ENSG00000184661,0.594327677889462,0.49819823096143856
ENSG00000104219,0.6664301213635102,0.6448618132593888
ENSG00000168300,0.42659287821879865,0.28526500009968125
ENSG00000104765,0.7151240993630479,0.7683455407684732
ENSG00000197892,0.04224357024387392,0.021150767283702007
ENSG00000104613,0.6372984238579545,0.5595432019390649
ENSG00000104671,0.7821365491441674,0.8298679457772691
ENSG00000221914,0.688889831707566,0.7366815658893384
ENSG00000197217,0.8836652424875961,0.872711896774956
ENSG00000164808,0.84542906026007,0.9837294283183814
ENSG00000147437,0.25035112807059284,0.33756500633454356
ENSG00000168575,0.7080009701049639,0.8678237816259389
ENSG00000104611,0.8303584425539821,0.809195410663705
ENSG00000240694,0.08339471760031747,0.08634484890870767
ENSG00000254087,0.48783267293402854,0.36110964383611865
ENSG00000133872,0.4588279696182751,0.48267828973437643
ENSG00000172817,0.1343876986045997,0.16558716784490127
ENSG00000178538,0.2501987820417589,0.20564153165959387
ENSG00000133874,0.8880837618857254,0.649064394456461
ENSG00000121005,0.7945924090284475,0.6783404838253644
ENSG00000104679,0.6138918521586211,0.6894619117526823
ENSG00000104722,0.9389273688259459,0.8409666529885812
ENSG00000164751,0.9052485869672248,0.8987046527778583
ENSG00000104442,0.8939786771364819,0.9974710600336916
ENSG00000221947,0.2843218122054966,0.3462392928039565
ENSG00000076641,0.11868593522294264,0.0907870568393941
ENSG00000137573,0.5160844743135888,0.7240649799583091
ENSG00000164879,0.7690834209290973,0.7870142301782922
ENSG00000164749,0.419762183868146,0.4579017882879939
ENSG00000104331,0.5977329384944456,0.43065374017890246
ENSG00000176731,0.1956988913445783,0.12431532502299898
ENSG00000040341,0.8470408318517473,0.9132844660372936
ENSG00000104327,0.011701433867952705,0.0265573419597957
ENSG00000164949,0.31860761339655136,0.43261772865439085
ENSG00000205189,0.0745745512362361,0.0681739745245849
ENSG00000164687,0.9483821379169132,0.7910064284755737
ENSG00000164951,0.6383512929431305,0.7657407560270156
ENSG00000104321,0.2922961273407074,0.24390704508838296
ENSG00000035681,0.49075393053017713,0.4355987747793575
ENSG00000147649,0.10407561855598184,0.1362290126285201
ENSG00000104356,0.7103864880051038,0.7573949224275882
ENSG00000177459,0.5314298620425438,0.6644223391012238
ENSG00000147586,0.9946507120499234,0.6907022684081301
ENSG00000137574,0.7772157122753974,0.5864568429369781
ENSG00000120963,0.7455053911390357,0.8349946158874049
ENSG00000164924,0.22638252842476964,0.20465876549028691
ENSG00000165392,0.9013896061952111,0.9529291884850003
ENSG00000156482,0.9299256225111494,0.7394862238772748
ENSG00000185015,0.20810670442244908,0.2868642871794452
ENSG00000265817,0.19891469658365532,0.20028563248333978
ENSG00000180694,0.1410664899759912,0.11922345689205537
ENSG00000104361,0.3407400865793771,0.4593779322174666
ENSG00000104267,0.9288765421468291,0.7470521700941204
ENSG00000132541,0.885395916231895,0.8829051495155318
ENSG00000147669,0.3536874126396524,0.18573150110983805
ENSG00000123124,0.21578220238598764,0.2774612048022012
ENSG00000205133,0.07552936419588377,0.1278820335640003
ENSG00000133740,0.8998147970998964,0.9801320080786186
ENSG00000156467,0.8293391142088093,0.9977384966241306
ENSG00000104341,0.890565258561888,0.7146862467462363
ENSG00000034239,0.32211277614831263,0.14124249863109295
ENSG00000180543,0.6123465461564966,0.47304088183140525
ENSG00000133739,0.1997832171081151,0.24072885528786742
ENSG00000197275,0.5223146038913238,0.3983289655504856
ENSG00000104517,0.5034261491020702,0.5105797038088584
ENSG00000104313,0.6320362594205735,0.9158276353702193
ENSG00000147570,0.321003293156821,0.2475217138819204
ENSG00000156471,0.21460231977738436,0.22287787183138585
ENSG00000164761,0.3552008914411843,0.39118208241609076
ENSG00000019549,0.6834044835442161,0.8167806463510876
ENSG00000172167,0.2998169469565912,0.2658000115731812
ENSG00000156469,0.6091955797860471,0.5443685219307324
ENSG00000136982,0.4167266850059801,0.307457374244632
ENSG00000172172,0.37803432866812436,0.2603790961625599
ENSG00000136999,0.88267523914156,0.7716685490264358
ENSG00000156804,0.3470238091033099,0.2785052387070043
ENSG00000137547,0.6419843934768359,0.7365845064658834
ENSG00000120992,0.5394138197307565,0.5705385654528645
ENSG00000132561,0.1373203104592999,0.22469824137915526
ENSG00000137575,0.038995886863199915,0.03014216240775348
ENSG00000155792,0.320842275853785,0.20198829931078677
ENSG00000215114,0.2809916186954922,0.2336304372253329
ENSG00000120899,0.8979196822504507,0.7466377678933932
ENSG00000155097,0.18449336917582213,0.27575756911446453
ENSG00000104490,0.7047795003954316,0.7138788066010497
ENSG00000104537,0.40014776706870026,0.35009083892130743
ENSG00000023287,0.37738842067633105,0.195696904349663
ENSG00000165078,0.8926259831922145,0.9964047294125028
ENSG00000164758,0.7278388785057189,0.7700822065935363
ENSG00000121039,0.1388932918958805,0.14127185063074005
ENSG00000164961,0.38194009045083455,0.4882485466522435
ENSG00000147509,0.8603925617521662,0.9247292033196555
ENSG00000034677,0.13455011008764653,0.15745262115717626
ENSG00000104388,0.06440506667510981,0.06475322193583967
ENSG00000104375,0.15564100052395302,0.20548236378960077
ENSG00000147614,0.42156761090305905,0.29712401523090176
ENSG00000198846,0.3158239115603299,0.5653227017027258
ENSG00000153317,0.3043400763999226,0.2487125281736556
ENSG00000147676,0.8280212385488976,0.7292774301790852
ENSG00000176853,0.1806092886844391,0.12371706410978159
ENSG00000155926,0.482985362072304,0.3915283209818655
ENSG00000156787,0.8735519213532044,0.8602910444856814
ENSG00000169439,0.26946076291569193,0.232735888111924
ENSG00000083307,0.6652698943391959,0.8080392201116438
ENSG00000158106,0.00474279980304436,0.0074995246337421296
ENSG00000147592,0.9592569867454979,0.7020877748201085
ENSG00000067167,0.2250339464106864,0.34601831007374584
ENSG00000167656,0.19817555615525143,0.23995554918359852
ENSG00000140396,0.5276308185942532,0.4593306336166827
ENSG00000042832,0.9567842282796288,0.9866543046625996
ENSG00000164930,0.6088548496610395,0.6052416788498578
ENSG00000164764,0.2068494224278426,0.4269217015296043
ENSG00000184428,0.33923840612074324,0.453439500149423
ENSG00000234616,0.5929819408930235,0.6272428174115685
ENSG00000197353,0.20908164483178418,0.18057322654712488
ENSG00000283992,0.20984672184168124,0.12876030284728993
ENSG00000171045,0.6531504613005426,0.6126013219079645
ENSG00000126233,0.7242604603288514,0.48534955651396094
ENSG00000008513,0.5705822118336165,0.4259564123431284
ENSG00000155897,0.7499232481536822,0.8314369821088576
ENSG00000180155,0.27105298359934765,0.2075728795633926
ENSG00000178764,0.3928764796673285,0.4914159241175814
ENSG00000147604,0.199496340979945,0.17778114743266465
ENSG00000104324,0.04416674127733392,0.04010788380402216
ENSG00000136986,0.1846891917463402,0.29014811622065045
ENSG00000066855,0.7217529833450116,0.8925799494876707
ENSG00000160886,0.437854068943036,0.6936540437509962
ENSG00000130193,0.9983139249561943,0.7826370210024407
ENSG00000164929,0.8422269287692871,0.7561471021543378
ENSG00000167653,0.11425673321018254,0.11409517213714393
ENSG00000172164,0.30579050258623613,0.422118279933278
ENSG00000047249,0.3592680001326999,0.25768603364919457
ENSG00000156831,0.4476921942926081,0.29770270664875226
ENSG00000181195,0.24468014749835001,0.3042087759099343
ENSG00000182307,0.8913128343518391,0.9996441267839902
ENSG00000066827,0.4993185171744926,0.5988326968259952
ENSG00000156795,0.206017538778375,0.15556663886527258
ENSG00000104332,0.20295947884524815,0.16405308098357935
ENSG00000173334,0.005325766145705589,0.0036176660361694796
ENSG00000170961,0.0537675355207282,0.05868233632768729
ENSG00000156802,0.5006563710447154,0.4146694851185012
ENSG00000288611,0.7403176921751584,0.6618326405562065
ENSG00000147535,0.13401774516957168,0.08950252769890067
ENSG00000147548,0.057952077273511725,0.052578978540322126
ENSG00000079459,0.6549774329343951,0.7058413514080604
ENSG00000104415,0.5601603324596998,0.6827716862574624
ENSG00000129696,0.22662171699204858,0.25600272245847444
ENSG00000205268,0.3387280478392752,0.2275462639487513
ENSG00000104450,0.722467746713725,0.991261307399483
ENSG00000104435,0.9824844206525353,0.7998109066750606
ENSG00000154328,0.4009027334363807,0.3460631276911612
ENSG00000104369,0.004712034135525396,0.004500924070115244
ENSG00000104760,0.07646415815380522,0.14787650751121398
ENSG00000104763,0.46421765285829797,0.4493152080512717
ENSG00000185728,0.70026622683126,0.5658800757552342
ENSG00000137558,0.4257962459896263,0.4792423837459713
ENSG00000104381,0.1413451639464586,0.129256185934879
ENSG00000277586,0.9518313100177883,0.697194298785732
ENSG00000147697,0.7587467179198886,0.9785218960950407
ENSG00000260428,0.9391234531334662,0.9555478880606363
ENSG00000185122,0.20237838544883183,0.30764519627093523
ENSG00000185000,0.3141555965061727,0.3523763753825151
ENSG00000182325,0.33439320213518137,0.36607001288095864
ENSG00000173137,0.8507249407192712,0.9496079656979942
ENSG00000071894,0.8629329475783654,0.9948505957008721
ENSG00000147804,0.27851275592510927,0.3635725145589944
ENSG00000261236,0.8448982122951314,0.9996654817386984
ENSG00000185803,0.6871705578819988,0.9784426642158436
ENSG00000171428,0.9330085967909901,0.9447904254097507
ENSG00000022567,0.12151146050317116,0.11800296614278853
ENSG00000181690,0.8297279402171676,0.5938596565387324
ENSG00000170791,0.30077097788074775,0.4917655594920891
ENSG00000104419,0.34745491041461996,0.3840893354394399
ENSG00000176209,0.22805827252770153,0.18521082387408425
ENSG00000104447,0.6114498167632687,0.6237089495388821
ENSG00000120910,0.4094473834951805,0.2722238171831646
ENSG00000168522,0.2940082582297194,0.2590291445679792
ENSG00000165102,0.32072326089759556,0.4152398529583309
ENSG00000185900,0.18993725165387354,0.18623570030093928
ENSG00000129292,0.6068140446396583,0.7484549987700595
ENSG00000136960,0.006159042088115543,0.007055736748006083
ENSG00000165046,0.5287206076731917,0.4679986972128458
ENSG00000121022,0.7011435765817309,0.5447138546705771
ENSG00000066777,0.3206363530856579,0.3414658905592297
ENSG00000181135,0.1249013222213153,0.10676972923569043
ENSG00000181085,0.48382763236457416,0.3405547739699955
ENSG00000180921,0.19020080735328862,0.17319794445603748
ENSG00000180900,0.2231981853569904,0.21391661021216196
ENSG00000185189,0.40903252524431366,0.4889371879078783
ENSG00000261150,0.24732583161218472,0.11962937744090738
ENSG00000178685,0.6865467360338491,0.6987684118741017
ENSG00000178719,0.18744816918199908,0.29176266427753356
ENSG00000178814,0.3298440274418194,0.3630332401969195
ENSG00000179091,0.7774093782775132,0.5026246148824318
ENSG00000179526,0.4311527162229484,0.6025033752383102
ENSG00000179632,0.31220370620173027,0.5621768850263151
ENSG00000235173,0.45223217017422956,0.6360642308222826
ENSG00000164941,0.4341844215283921,0.26937621354639174
ENSG00000164938,0.828453473908444,0.5561798187003393
ENSG00000175073,0.7476393890367944,0.5484817906421993
ENSG00000288602,0.674940864055102,0.5367162107754372
ENSG00000104205,0.30802992937087925,0.44944786164658723
ENSG00000178460,0.20417480246663816,0.17352413856498014
ENSG00000147364,0.8769937492814035,0.8780580022827644
ENSG00000120533,0.2743979108120797,0.16562970760491091
ENSG00000120526,0.42050603649926,0.25959159094335976
ENSG00000186106,0.8454956514060696,0.6085841949149575
ENSG00000174226,0.19349983571272614,0.16679464304790728
ENSG00000070756,0.5219270707673733,0.6303025856120996
ENSG00000104412,0.4724060078164424,0.515882096512837
ENSG00000104472,0.5946935520613168,0.4333494231733429
ENSG00000104408,0.051960717803421576,0.039080458507271196
ENSG00000008988,0.5582864318732474,0.6393243275893467
ENSG00000164733,0.632674890354906,0.6109837186391823
ENSG00000169499,0.6735190183350203,0.6780299136967863
ENSG00000169495,0.9905702795650703,0.7982310556567378
ENSG00000169490,0.9676128054344163,0.8795263057649614
ENSG00000147601,0.8505789331932941,0.823973908903117
ENSG00000137563,0.7657661808827618,0.8363819767400668
ENSG00000104218,0.632276535834412,0.5777076016287805
ENSG00000083168,0.5442845862209038,0.5083154840023363
ENSG00000070718,0.7226094111450823,0.733927629808033
ENSG00000104368,0.7094166874723247,0.769727778453923
ENSG00000070501,0.2546731734481735,0.260621242222672
ENSG00000104371,0.981990805706469,0.7681981120725516
ENSG00000078668,0.7691398243184842,0.7747721625307303
ENSG00000183665,0.7514166134842335,0.6373989668899778
ENSG00000170881,0.8244246649313073,0.936355518722465
ENSG00000147687,0.900899165567308,0.7362909380941816
ENSG00000147684,0.2826410386601085,0.19407531892191338
ENSG00000170873,0.6158103036705557,0.7680782131703537
ENSG00000104687,0.3495412411440292,0.5065957463206062
ENSG00000104691,0.4068645802327472,0.5191715006731296
ENSG00000104695,0.5393872601642687,0.5499829387186765
ENSG00000165071,0.6349347094173378,0.5984970537919326
ENSG00000168615,0.4668344557263444,0.5977163447575065
ENSG00000105339,0.05004731023230397,0.025130911490221557
ENSG00000203499,0.44398544156246444,0.32445482347126403
ENSG00000177570,0.7489049327909829,0.8814754937890052
ENSG00000104635,0.6945795429546162,0.6318679744212223
ENSG00000158806,0.16925756723056573,0.15822742635490278
ENSG00000158863,0.5531654176139165,0.5482577771963023
ENSG00000275074,0.4828383751610673,0.4713720783501547
ENSG00000168453,0.22307223972019752,0.3208053915007665
ENSG00000168476,0.38605921102666874,0.370203617979754
ENSG00000168481,0.7885429238160453,0.9321002090064292
ENSG00000168487,0.4212498090337966,0.5313231036766546
ENSG00000168495,0.5922200562977212,0.4991757888595004
ENSG00000164919,0.01921110580407556,0.018917776327269712
ENSG00000176623,0.8432299336354548,0.5331187430279526
ENSG00000085719,0.40072228069002513,0.5412989594666108
ENSG00000168484,0.10048213125412779,0.04576821322822082
ENSG00000104290,0.9943765723548356,0.9654435688161076
ENSG00000104299,0.03218498262682745,0.03678076980455608
ENSG00000104365,0.8207017041020477,0.7205777164366851
ENSG00000164830,0.567810628102827,0.5458424251937596
ENSG00000184489,0.1435813977964757,0.1153911106159215
ENSG00000170786,0.22672024317597475,0.18685376698711006
ENSG00000175305,0.6985879111382544,0.7839179080362146
ENSG00000180190,0.9724679111595341,0.9272923927314147
ENSG00000147650,0.992644574806095,0.8653552046602693
ENSG00000014164,0.2816322005176121,0.31362750044001075
ENSG00000104518,0.15527758617815138,0.20553775022015114
ENSG00000204839,0.48932909159331817,0.5384684008809812
ENSG00000147813,0.596938784607387,0.5058705955579026
ENSG00000179886,0.6634096803816886,0.6020142937153738
ENSG00000104524,0.6179084582641635,0.4199329068581159
ENSG00000104522,0.367037553341065,0.5769582691781381
ENSG00000183309,0.9439368880403505,0.9281902304175563
ENSG00000164953,0.42385467000410626,0.4302952255228495
ENSG00000155090,0.013579639436461698,0.008128406450190216
ENSG00000132549,0.5958179887133028,0.6770290677572429
ENSG00000196378,0.8088292951932177,0.8386600870488092
ENSG00000161016,0.5132651029905684,0.6126859520007676
ENSG00000170619,0.47671656090430603,0.6458973767942436
ENSG00000196150,0.4388569094499547,0.4503401435803611
ENSG00000170631,0.8120103333536547,0.8342832376438092
ENSG00000179832,0.06882712435642988,0.0967589124174567
ENSG00000182197,0.3602257496420521,0.3648501211429739
ENSG00000104643,0.824598107731814,0.6780814038408554
ENSG00000154319,0.974725055583583,0.7497408215702555
ENSG00000182372,0.09762315233452591,0.07808044392451662
ENSG00000104728,0.11696939332243315,0.08494027431974843
ENSG00000076554,0.5950770494695846,0.5214020384481165
ENSG00000185697,0.9522205900678715,0.8856660407770612
ENSG00000120896,0.5251339653623949,0.5452478452786652
ENSG00000172748,0.36042603445528476,0.34467670108964643
ENSG00000091879,0.0733495972878411,0.09888414470736634
ENSG00000155189,0.20118647671907022,0.16483614518058198
ENSG00000147316,0.4705124966764779,0.43106595325557484
ENSG00000169122,0.5950616612076014,0.7273695116028174
ENSG00000131203,0.3795660925826476,0.47432689002433115
ENSG00000132294,0.8592371777700801,0.9639225720115201
ENSG00000147679,0.9303359340898393,0.9917368898068388
ENSG00000205002,0.1785478604540911,0.11281617039434455
ENSG00000008853,0.006070681842352052,0.005411858778726808
ENSG00000120889,0.0923465963747112,0.1594268117505029
ENSG00000284956,0.6446593447400834,0.4479903666771473
ENSG00000173535,0.045963619849407236,0.037289500601243517
ENSG00000173530,0.16088514411408725,0.21061609910905096
ENSG00000104689,0.24987097146987497,0.4174188665790006
ENSG00000147457,0.6085538490293609,0.6348668157334758
ENSG00000167702,0.8154208156675187,0.7411116856457559
ENSG00000160973,0.23377881614051366,0.18336084973600786
ENSG00000160972,0.13321777531185128,0.14130967033097067
ENSG00000167701,0.643772136425716,0.7686244556443251
ENSG00000167700,0.30093429782896397,0.32772925455423857
ENSG00000160957,0.6005537818812217,0.5708083827976977
ENSG00000160959,0.3700598612461333,0.4207831209221685
ENSG00000213563,0.7547164563122601,0.9646647261388119
ENSG00000198169,0.935297231130673,0.8783236471807516
ENSG00000197363,0.515442477683917,0.42803489782698656
ENSG00000147677,0.8499153109515903,0.7031762562300292
ENSG00000187955,0.3478252445105384,0.2819894832981747
ENSG00000187735,0.8263888585771619,0.8307245046404258
ENSG00000129295,0.14104745872761368,0.05873685914914511
ENSG00000104497,0.824951600397608,0.8608551039171596
ENSG00000147439,0.15961306358828126,0.1378083848797487
ENSG00000160949,0.5264816090907491,0.5793597680584632
ENSG00000241852,0.9522156502283557,0.9703876023071845
ENSG00000156011,0.2949901565240695,0.4519536311347917
ENSG00000188343,0.7234882755063621,0.838615388560495
ENSG00000167904,0.9816036533654345,0.9894017667653199
ENSG00000048392,0.13533653133047427,0.15761955232781963
ENSG00000164754,0.23995075085218168,0.2975977545471624
ENSG00000181790,0.8127925834326801,0.9130298089218489
ENSG00000178209,0.12242940619613774,0.14048965508051847
ENSG00000064313,0.8600279485809704,0.963640343595765
ENSG00000104343,0.9914193603445361,0.7125747445197833
ENSG00000154582,0.5007785100565385,0.29176527836456984
ENSG00000175606,0.055032614122858536,0.05133863561477419
ENSG00000154589,0.4205153583386929,0.5065240803251311
ENSG00000183808,0.8535938017704375,0.818367161692537
ENSG00000147789,0.9018760950526598,0.905586795841815
ENSG00000196711,0.9026430257964538,0.5930334136026962
ENSG00000147443,0.352268456783443,0.31103683616672656
ENSG00000130227,0.9943204949386106,0.9708430773734206
ENSG00000189376,0.44428520895837775,0.35150620141239397
ENSG00000259305,0.09449484763114403,0.0640247127359834
ENSG00000165156,0.8559009021981759,0.9936845404989101
ENSG00000147689,0.031419832914926095,0.026228971848762
ENSG00000129422,0.21532492453868327,0.2740592837479067
ENSG00000104529,0.695072145126411,0.5768444875009712
ENSG00000164920,0.030953525910301337,0.03523554479514329
ENSG00000158941,0.9096862122047771,0.9348758834114577
ENSG00000170323,0.0776433854194546,0.05900189774681188
ENSG00000133731,0.39872817201410826,0.39702744015970504
ENSG00000104231,0.39249904481655395,0.5285412418402518
ENSG00000164695,0.1066787619203792,0.15477659563550028
ENSG00000147536,0.5366695587837702,0.5080768749147877
ENSG00000158669,0.6156851296786052,0.5740613406432353
ENSG00000147533,0.5408125353113844,0.4618004608270262
ENSG00000147799,0.068849932408783,0.10564277961411625
ENSG00000158856,0.8363679428438292,0.759938711919452
ENSG00000176907,0.06835371985116238,0.05756078284224304
ENSG00000012232,0.9569956502812368,0.8682069989317893
ENSG00000169139,0.4563436597121443,0.4429460302469349
ENSG00000168672,0.37850634835515884,0.4638300264901868
ENSG00000212993,0.3081095144662308,0.38529309793176214
ENSG00000123908,0.781153227866697,0.8571481357698416
ENSG00000155970,0.28894887453126705,0.31837598523261845
ENSG00000164932,0.6318939059914936,0.8958048263041809
ENSG00000285982,0.49743976739387763,0.5045356685860214
ENSG00000164934,0.8760177470968185,0.8307515326571245
ENSG00000169398,0.22267684204860488,0.28585484091453567
ENSG00000253250,0.9251866372473436,0.9167529747904515
ENSG00000155099,0.7388389805890033,0.8153425871979534
ENSG00000155100,0.40680285286471707,0.38115818561760284
ENSG00000214954,0.7060473743311695,0.5075160803325269
ENSG00000104738,0.24877995153505203,0.29410998260459786
ENSG00000104312,0.14645943544939882,0.26040013296062026
ENSG00000164823,0.03671998909363547,0.06383855395378982
ENSG00000104325,0.8200850504554991,0.74196363833156
ENSG00000104320,0.3631794876984751,0.5631338516635875
ENSG00000221869,0.6687590560006551,0.594642788205155
ENSG00000253729,0.2611946104421559,0.290594893687153
ENSG00000169436,0.026361983939619384,0.023800760287824855
ENSG00000104723,0.32160268503525,0.28627648193102934
ENSG00000183779,0.026200717974423023,0.030794054721984907
ENSG00000147475,0.13446489486153146,0.10362843010796757
ENSG00000147471,0.0699267924293604,0.048545226805685786
ENSG00000020181,0.37422607704978184,0.4309648641016497
ENSG00000104221,0.03943449509393046,0.029435269832073528
ENSG00000156675,0.46426959818545543,0.6924882010737523
ENSG00000187840,0.10562868469507104,0.06498202580753377
ENSG00000147465,0.15088304920234355,0.16349526640858156
ENSG00000175324,0.01633213199917844,0.011427144587241148
ENSG00000156735,0.014503117303434131,0.011494922408356912
ENSG00000085788,0.1316793953846294,0.12143628654800905
ENSG00000157110,0.12215804671520454,0.1129917721127906
ENSG00000197265,0.45555862234597355,0.46116314318129603
ENSG00000120915,0.4436129413819595,0.33045752620323615
ENSG00000120885,0.4583533091221027,0.30546870297696377
ENSG00000168077,0.6831634100927556,0.8340917367077774
ENSG00000147419,0.10924417535089762,0.07993682540802867
ENSG00000171320,0.06616143002955227,0.0581066182608456
ENSG00000168078,0.21246121239396404,0.16112874527265164
ENSG00000189233,0.5988819194096966,0.424201103703293
ENSG00000134014,0.26638326106081794,0.22772298496476961
ENSG00000168081,0.2711950158373337,0.19987630765736686
ENSG00000186918,0.8210364830272717,0.9908069413183159
ENSG00000214050,0.662997874943908,0.7597322954988229
ENSG00000167632,0.231911365978545,0.3407056178471544
ENSG00000042980,0.5264232333450729,0.5000918382878501
ENSG00000134028,0.7474976456218227,0.7837098845152506
ENSG00000179041,0.7065049008028631,0.7309489750506236
ENSG00000164684,0.06795263308647029,0.07073059769877038
ENSG00000155096,0.3909103466067211,0.5560925653827044
ENSG00000177257,0.12764923530794262,0.0783887780246242
ENSG00000176797,0.045491619816424037,0.038953305830801366
ENSG00000171711,0.6826503411984521,0.5187284586899765
ENSG00000147654,0.9110684352364019,0.8811890263620262
ENSG00000147642,0.33134560803159796,0.496777012158544
ENSG00000129691,0.01081397944574835,0.009591497928215106
ENSG00000164944,0.36665851594653653,0.4735783574858923
ENSG00000104413,0.7747449682804602,0.8555152974153593
ENSG00000156162,0.9381468668352285,0.7536811852187113
ENSG00000156170,0.9567720843057989,0.9649076246505444
ENSG00000156172,0.8556845567789089,0.9524442533879087
ENSG00000147408,0.8083504055059374,0.793047950876927
ENSG00000120913,0.31296454261371626,0.4005995331179065
ENSG00000171316,0.38183253430008,0.32284932296468627
ENSG00000175895,0.6087489091594191,0.5887886115644723
ENSG00000153310,0.6166086009924416,0.5300523070190826
ENSG00000077782,0.5360675528738187,0.4357015166014333
ENSG00000180938,0.343827759968945,0.3131474792263977
ENSG00000104549,0.4184113934495973,0.5599102406689571
ENSG00000178896,0.3886405730059669,0.3431915504877936
ENSG00000147434,0.7869729592153178,0.8271983962249604
ENSG00000131931,0.8160122829704507,0.9047858040967296
ENSG00000120925,0.8448928207153327,0.9415156759088854
ENSG00000168172,0.36085046772687823,0.34424005098722743
ENSG00000179950,0.06740153859743599,0.08583826972096838
ENSG00000131773,0.2376972477843166,0.24317383136980328
ENSG00000164983,0.47847589009124414,0.38066232913706877
ENSG00000197858,0.3314566079582457,0.32304225215047694
ENSG00000078674,0.91196699793886,0.9684663750126262
ENSG00000029534,0.8252612769551155,0.8276572257236532
ENSG00000003989,0.7269146122535846,0.77992821844705
ENSG00000104213,0.49927903419673525,0.30051967556734255
ENSG00000198363,0.269163675056324,0.19223014897576113
ENSG00000176406,0.7184637475584978,0.6916451632145477
ENSG00000171033,0.19655253815945187,0.2796743014076611
ENSG00000104432,0.596589736160019,0.6455473910009736
ENSG00000104427,0.9278623526277833,0.8892787652003309
ENSG00000160932,0.573931242553731,0.5527090901761866
ENSG00000176956,0.8929633438928976,0.7854718910769056
ENSG00000277494,0.009274795498469391,0.0035436507357224107
ENSG00000181638,0.36553888386629096,0.34835612198906174
ENSG00000250571,0.9866126355899778,0.9211302750123571
ENSG00000185730,0.9731075105869442,0.981511601015352
ENSG00000147526,0.6079630260278384,0.6285656314004364
ENSG00000154188,0.1641379387689459,0.12189644453762781
ENSG00000120875,0.09242906586066091,0.11567652330424998
ENSG00000178860,0.24931268136171428,0.1941436400620809
ENSG00000164683,0.3805865060211233,0.3503624239142158
ENSG00000164816,0.13059214349105097,0.2917510695138582
ENSG00000157168,0.4818219701301387,0.5753696217019559
ENSG00000187954,0.36892258393642297,0.3060723930642651
ENSG00000136997,0.888801423289986,0.7519318112530655
ENSG00000164933,0.5405911554739335,0.6313739305175521
ENSG00000239857,0.8829257870539103,0.9018131655899355
ENSG00000164880,0.33140791643177714,0.2303484996752103
ENSG00000086232,0.380146086423262,0.33862528899202055
ENSG00000178381,0.5599830118742688,0.841757431732427
ENSG00000164654,0.5641712080066108,0.5746868706155219
ENSG00000106511,0.13626651758247135,0.16598316412033703
ENSG00000177706,0.14829613820264878,0.13626248529788182
ENSG00000164916,0.6709469702799464,0.487100552566581
ENSG00000146540,0.6305761099845718,0.5768576956788878
ENSG00000164828,0.29662168915118753,0.4238368717731088
ENSG00000003147,0.06337449462410179,0.07847962288033382
ENSG00000106537,0.5329483595711393,0.36746124443189343
ENSG00000106399,0.2964945271192273,0.2494061393209276
ENSG00000106392,0.5246231265794046,0.601580961813815
ENSG00000157954,0.6715857241174834,0.6192349259404941
ENSG00000242802,0.4958530995523248,0.6809881994047151
ENSG00000189043,0.40600343748421996,0.3042084836236089
ENSG00000006747,0.2389777273009966,0.36175905668875685
ENSG00000164877,0.2799114557933538,0.2942609674544117
ENSG00000240230,0.6885259612634391,0.7747813502992074
ENSG00000122585,0.02960438150028075,0.046215208401194356
ENSG00000122644,0.5819744502549675,0.5847222964570531
ENSG00000283321,0.34076569659642975,0.3465100781636915
ENSG00000164849,0.05229625226034038,0.01518886081299091
ENSG00000106066,0.9629139979358197,0.8684424780274563
ENSG00000105963,0.23632640189337176,0.3713494826600302
ENSG00000105928,0.25779043421675124,0.22759321713240485
ENSG00000070882,0.47626458021698814,0.49314015041342674
ENSG00000071189,0.4780517845013942,0.5558895915660647
ENSG00000122550,0.1754629507230502,0.11830211493986992
ENSG00000106546,0.907854519395506,0.9967241724398427
ENSG00000122691,0.5759339873668272,0.46855811922950075
ENSG00000156928,0.0437364207995751,0.05065691254064616
ENSG00000153790,0.5710584287057818,0.6898497399381502
ENSG00000106541,0.4494088518360626,0.43688140488073945
ENSG00000106100,0.04002308159134554,0.02848519462330471
ENSG00000008256,0.5041382397616208,0.5517991022222513
ENSG00000105866,0.4685866796395667,0.36403950421788633
ENSG00000105855,0.49354555642392683,0.6873337009541274
ENSG00000173467,0.044526082356683094,0.016861918898978433
ENSG00000136231,0.183566307414705,0.2382381606939614
ENSG00000122679,0.6179328966643378,0.605889579954339
ENSG00000106415,0.6076848336524519,0.330450520461042
ENSG00000164649,0.538850043042016,0.34489361018104736
ENSG00000179869,0.09501187351581443,0.1324621739240092
ENSG00000146592,0.3203644983870254,0.5316955633459515
ENSG00000002746,0.8348973764590807,0.7039361431551087
ENSG00000011426,0.7937653815222651,0.7745946686200398
ENSG00000180354,0.9755132985008526,0.7236008815609646
ENSG00000187258,0.19295229413252366,0.20013266578328048
ENSG00000241644,0.03377808870682027,0.013013217878067477
ENSG00000164742,0.7937166259398895,0.888184208297074
ENSG00000073067,0.5777362394186658,0.6555853065987283
ENSG00000106483,0.6563105794550332,0.8278879615526168
ENSG00000136270,0.21333252552329066,0.24768947751666837
ENSG00000078053,0.133359467845336,0.09318090834784577
ENSG00000126522,0.06493500135209895,0.08019546719287071
ENSG00000106524,0.1263779975098012,0.1975481003455429
ENSG00000146731,0.5251288184066427,0.39542537305931635
ENSG00000255690,0.8616035451533348,0.9518838194258662
ENSG00000136274,0.19008351470927887,0.2171676055870582
ENSG00000146729,0.6271302941540606,0.5996422174658271
ENSG00000146733,0.2774971747546685,0.2168740597996335
ENSG00000178665,0.5628060751795734,0.4126985661312682
ENSG00000136250,0.12750453430931594,0.2316757119417515
ENSG00000106070,0.8840279155683878,0.8468276416660778
ENSG00000005020,0.44350485041426235,0.3824218432722476
ENSG00000164543,0.7717147215803675,0.9457554061254803
ENSG00000187546,0.3604344953575198,0.49804106594005415
ENSG00000075213,0.36638473464593835,0.41963826909041757
ENSG00000196715,0.5948282388448112,0.5164796775782978
ENSG00000106605,0.2806407800031687,0.277263131165649
ENSG00000185290,0.40653642923534106,0.3597520639185723
ENSG00000157259,0.748684506293604,0.6168725799956858
ENSG00000154978,0.4415578498150077,0.40374228201173346
ENSG00000105829,0.11064324585614194,0.07692251702859305
ENSG00000196636,0.0007083141118404652,0.00021896154860036134
ENSG00000164715,0.8631308105171978,0.7528520714650248
ENSG00000122547,0.26787185419862686,0.27182151787106457
ENSG00000186472,0.6435396537955334,0.610170412205361
ENSG00000122507,0.5232356630441439,0.6065115080750859
ENSG00000127993,0.5887719707926822,0.6398341518974753
ENSG00000127989,0.045086268828427895,0.07516465634264424
ENSG00000106236,0.49097956937004206,0.4544614355054959
ENSG00000106261,0.3975190568132724,0.4713260789233401
ENSG00000006128,0.5360485910413407,0.3882990490390177
ENSG00000132432,0.7714860550752196,0.5904793206714012
ENSG00000128581,0.6171073091953121,0.5791025463208821
ENSG00000239789,0.305128892491318,0.2919771927227029
ENSG00000172115,0.37167935464521573,0.34186026543251324
ENSG00000169919,0.5708159303426004,0.7386328093764953
ENSG00000127980,0.1353270022775585,0.1387972444918364
ENSG00000004766,0.7693565256235884,0.7583388184124753
ENSG00000006715,0.26379443976042427,0.22844746594033685
ENSG00000001629,0.8041169959771569,0.7750685147347661
ENSG00000105825,0.043496262810021315,0.07357400901128923
ENSG00000164659,0.2540362006648803,0.2327034959901763
ENSG00000158528,0.5141467382162767,0.4108595888660419
ENSG00000105852,0.5376531709984276,0.6288189766357621
ENSG00000106366,0.0024830570079227812,0.0034936895182662298
ENSG00000019991,0.02160058749394026,0.028550922845452263
ENSG00000180233,0.7080577052158272,0.7354020129149224
ENSG00000234545,0.20814191246616712,0.19699064301358582
ENSG00000169902,0.7443557419330702,0.8524561378713136
ENSG00000070669,0.11110146082900024,0.12398140411538078
ENSG00000242265,0.4575577414770575,0.5541861138587582
ENSG00000135249,0.6765897141772601,0.611447892379239
ENSG00000205356,0.4661567505208407,0.40231384905349155
ENSG00000177683,0.4741593448466356,0.5200442016875284
ENSG00000135185,0.2250698794152929,0.2266529940162886
ENSG00000106355,0.10191279412819688,0.07774758392390327
ENSG00000106367,0.6253929079232106,0.5380575198629941
ENSG00000106397,0.41863314354265047,0.4787789772116585
ENSG00000135218,0.03819631940126075,0.03319281525686522
ENSG00000160862,0.0522611734154826,0.034479573083686516
ENSG00000127920,0.15268346031992314,0.2134402248053388
ENSG00000075223,0.11611149558250239,0.14591084198378865
ENSG00000146802,0.21305935188172292,0.2010017389042521
ENSG00000135269,0.9258769823364255,0.9849264616465191
ENSG00000135241,0.8162102367296584,0.6394241884316555
ENSG00000105854,0.2934216276155093,0.33604906963198206
ENSG00000127990,0.6229942678165786,0.6504097570359899
ENSG00000105971,0.9932845373705865,0.9456889105803791
ENSG00000128590,0.49500350870451415,0.6266024703027233
ENSG00000179562,0.965776074255823,0.9044017887586788
ENSG00000198839,0.3443779078087459,0.5479227791021106
ENSG00000185274,0.857329014287692,0.7827379855127705
ENSG00000184408,0.25358754300333913,0.25861036047001473
ENSG00000184903,0.6667903191684041,0.7407398689662348
ENSG00000146955,0.8179128145926973,0.889356589354344
ENSG00000198420,0.3030496432931688,0.2529677735488584
ENSG00000197157,0.8324137425152303,0.6423904746223503
ENSG00000105880,0.019541674990022535,0.04791053260254019
ENSG00000004059,0.18658993580739933,0.1481718742267106
ENSG00000196937,0.3226161647632595,0.22212254299287293
ENSG00000214194,0.09995195536096113,0.04657305666889495
ENSG00000128536,0.7169223605075197,0.47667763915012307
ENSG00000006453,0.8031705586078285,0.7872651591673875
ENSG00000106086,0.5206422222380886,0.5806512315397495
ENSG00000269955,0.6896075461899874,0.8305986802050632
ENSG00000105967,0.35486674927326367,0.3062632843460573
ENSG00000106049,0.5951716821775788,0.45604103044559474
ENSG00000170632,0.20604355208843467,0.11595612083913806
ENSG00000243317,0.021492890439304312,0.022619306744976503
ENSG00000059378,0.423002481221316,0.47916550683346804
ENSG00000128567,0.2250366572214819,0.29816614000039177
ENSG00000126870,0.9364999728063068,0.8754655661895124
ENSG00000133606,0.3520340839423708,0.4100169718058174
ENSG00000188883,0.017622891454433517,0.024454341966428036
ENSG00000127955,0.9281853236122479,0.9636963373083428
ENSG00000133574,0.465153481379353,0.454169257029438
ENSG00000128607,0.9281289426250819,0.8225088423283393
ENSG00000128578,0.43992205945985696,0.44042921556487424
ENSG00000006377,0.03207335281689182,0.06035930135266311
ENSG00000127928,0.8339453032937372,0.8372968683287356
ENSG00000128513,0.8240307485619087,0.8406029588101969
ENSG00000105887,0.8302586744812158,0.8120835049658965
ENSG00000164603,0.12076795458808387,0.12313118074270303
ENSG00000282939,0.927889718648055,0.8414442036631676
ENSG00000160963,0.4649997763658039,0.48806854949746514
ENSG00000170260,0.4072273619264447,0.43562681762300637
ENSG00000106153,0.42943608744745576,0.36175175281715777
ENSG00000146842,0.09938894320211916,0.07285954866554649
ENSG00000105993,0.8147921759225445,0.7177594636780162
ENSG00000105929,0.14440588015202574,0.2977055860260819
ENSG00000128594,0.06656064369665697,0.11776083681106238
ENSG00000146918,0.5411032087090789,0.46076683429001963
ENSG00000204946,0.8866035379129005,0.9939251056778554
ENSG00000185055,0.4191524328668901,0.5586690109913095
ENSG00000236279,0.9491097831417077,0.7955784614670275
ENSG00000211710,0.8419865319269986,0.8912579613748158
ENSG00000133561,0.24489250378034527,0.19825744145374546
ENSG00000106028,0.07997016170039276,0.04461153899220777
ENSG00000155093,0.4298111260556653,0.2644068597022353
ENSG00000009335,0.9147612924115739,0.8149886407846164
ENSG00000064393,0.0903954770247104,0.05590982857853857
ENSG00000214253,0.6124291964880981,0.38319813276180925
ENSG00000106025,0.8405688779053536,0.79714336571308
ENSG00000181444,0.4394759671305801,0.4579975990826439
ENSG00000106278,0.10563909716610909,0.09842521314172051
ENSG00000164713,0.599161747592674,0.7270736793588468
ENSG00000227471,0.9271889338985271,0.8012022233876962
ENSG00000179144,0.6194312541634464,0.4613073846398985
ENSG00000157800,0.7880858864158526,0.5335278489458916
ENSG00000241258,0.7114050905066134,0.7300484965595833
ENSG00000106034,0.9848990937050618,0.9527412375881146
ENSG00000146963,0.12208600498069146,0.11284659011716307
ENSG00000106615,0.16717749669576623,0.11491868218180554
ENSG00000136286,0.03140859420568105,0.015099429256011458
ENSG00000071243,0.988087697336417,0.8457188985767629
ENSG00000240204,0.23969534319736607,0.2240832807421937
ENSG00000106617,0.7445638773799107,0.905634516211341
ENSG00000226660,0.8623402847851447,0.9495285114380372
ENSG00000002745,0.9021436465122313,0.7674161695467248
ENSG00000106479,0.6230350821657564,0.6484283973313882
ENSG00000172331,0.9000618319843834,0.8673857524004227
ENSG00000006530,0.3910075498953114,0.3333593139044706
ENSG00000186480,0.869324312292216,0.8179059851115932
ENSG00000133627,0.4957586587847327,0.42677983194002633
ENSG00000085662,0.4368762582709145,0.27900850092946244
ENSG00000214128,0.8145778061281614,0.8817611524761397
ENSG00000122779,0.7778039438801321,0.7147157907092162
ENSG00000006459,0.7975067586153406,0.7717844778759311
ENSG00000183742,0.9215604437147448,0.866127229534484
ENSG00000198074,0.6261320991433821,0.8269769588152467
ENSG00000091732,0.3860624304094534,0.33340758024048023
ENSG00000164898,0.060536635956968544,0.04686262204121051
ENSG00000106554,0.7389206389831819,0.5888512916499106
ENSG00000106400,0.5724747457624084,0.4205729810174088
ENSG00000170265,0.9411567765701314,0.913239284938625
ENSG00000146966,0.1870191143860011,0.12971113097758713
ENSG00000197024,0.5273374271963871,0.5721226162888853
ENSG00000157703,0.6595204839183602,0.8064874551255538
ENSG00000128585,0.6829194945235356,0.729072129010423
ENSG00000158623,0.6861515624111987,0.7350452515583645
ENSG00000215018,0.04877696429361086,0.1020944668298054
ENSG00000168303,0.17101003098415993,0.2102380625122024
ENSG00000105856,0.8259938976680987,0.9969756196067058
ENSG00000164778,0.07185323481269157,0.06252561355409246
ENSG00000175600,0.37881608076299533,0.48360594646102883
ENSG00000258227,0.35635018100722526,0.3594356381966428
ENSG00000170775,0.2554658996062291,0.22689058024493144
ENSG00000272968,0.9872328663070858,0.8696922253724104
ENSG00000168090,0.09295984246737723,0.06848661458228153
ENSG00000166508,0.07656212816963379,0.07153633260635933
ENSG00000221838,0.5142169401990063,0.5708727979887398
ENSG00000166997,0.7224631296045527,0.58117625599345
ENSG00000214309,0.1284754878591003,0.13234735712925966
ENSG00000146826,0.9603307272278332,0.9884497356912769
ENSG00000197093,0.9894760971882371,0.9852432422319541
ENSG00000213420,0.7754020534450474,0.6316355456753258
ENSG00000160813,0.611076196353287,0.5591123779648541
ENSG00000166526,0.05337562342732865,0.09255577200057027
ENSG00000105810,0.9595541437477612,0.8218328971258534
ENSG00000122778,0.7287336516861023,0.6108686771681379
ENSG00000136235,0.4262326227752642,0.34431359760570623
ENSG00000004864,0.6355003889975178,0.5649756560321033
ENSG00000136280,0.8025016019896924,0.8014910535464431
ENSG00000146757,0.7485946576464659,0.8615674218128205
ENSG00000187260,0.9960790596997058,0.8382861044247323
ENSG00000006652,0.6457674431784242,0.5609532265898272
ENSG00000164867,0.17979621312216124,0.20443743351926066
ENSG00000213199,0.3402252033139091,0.23428136689646664
ENSG00000164885,0.1105527065218398,0.04246050158505723
ENSG00000164897,0.6997773035025778,0.4488675019534666
ENSG00000133612,0.9044064145092645,0.9672868164027665
ENSG00000033050,0.12701003775617029,0.07643282763935191
ENSG00000122557,0.5348414498484774,0.43264264630061955
ENSG00000187257,0.2811766078675608,0.3450062617483005
ENSG00000135211,0.156452392160642,0.13368352067062272
ENSG00000187391,0.5317468124320344,0.8049045663741257
ENSG00000006625,0.01829499812245136,0.01434159802158977
ENSG00000281039,0.9758905322984825,0.6271398348239674
ENSG00000106105,0.3633280275456131,0.40051136723657876
ENSG00000241127,0.04446097658398829,0.06505155164752234
ENSG00000006451,0.7552231288133815,0.5409501109609418
ENSG00000106560,0.4203485385337129,0.3630366377616693
ENSG00000213203,0.24334325549686975,0.14739934928524517
ENSG00000106565,0.26281145237568754,0.29159112797048964
ENSG00000002933,0.13050980326029146,0.1597363004691732
ENSG00000133597,0.507525305479694,0.46043576148039933
ENSG00000090266,0.10857187838140922,0.056823418330816916
ENSG00000090263,0.01866910690251525,0.00792123544174336
ENSG00000105865,0.06766519201345689,0.08605794767238614
ENSG00000128510,0.40548798445582246,0.5113261822408458
ENSG00000106484,0.5999062647794217,0.38352810843428375
ENSG00000178234,0.9324749670031505,0.7925124441894638
ENSG00000160917,0.026222038542386007,0.01303505387513684
ENSG00000241468,0.026499679687854005,0.011221013303049709
ENSG00000198556,0.03938157097378669,0.07496160828989507
ENSG00000160908,0.01847684096564865,0.052155933268006424
ENSG00000221909,0.017830038673778064,0.0347264434501087
ENSG00000197343,0.2530008013472099,0.15174060831257108
ENSG00000244219,0.028669162223886373,0.036070883424642784
ENSG00000197037,0.055669127051657365,0.11015119564517858
ENSG00000106258,0.4040593597951144,0.4625888385990722
ENSG00000174469,0.8709267343749916,0.9212667819666303
ENSG00000170027,0.953813755057766,0.9670140053930043
ENSG00000188372,0.0557399205440226,0.02750632244607759
ENSG00000106211,0.70411450711926,0.7074763925701109
ENSG00000214960,0.3006585219524525,0.28530743755819765
ENSG00000171243,0.14805623048728592,0.3291491825270174
ENSG00000075624,0.6244794973937241,0.6464568442454088
ENSG00000075618,0.17874673521986942,0.1893879038921444
ENSG00000082014,0.7088528908212266,0.7268046089470099
ENSG00000135164,0.2138623142969267,0.22189946342163078
ENSG00000106404,0.37665390442813307,0.3165820002929319
ENSG00000196652,0.2518674295825831,0.26501632536517244
ENSG00000166448,0.3079006947908303,0.35342433903113535
ENSG00000002726,0.006969219073873704,0.005392328509687234
ENSG00000129103,0.8704185583529753,0.9531689591277495
ENSG00000011275,0.9935063419182677,0.8352858950410166
ENSG00000164542,0.9257013705527556,0.7814370014943836
ENSG00000106443,0.5586279232475743,0.6333975210337299
ENSG00000106477,0.9427720464777892,0.7162230265544078
ENSG00000091136,0.9525999763210591,0.908046185057927
ENSG00000127399,0.18888724348245112,0.14605215505020155
ENSG00000106538,0.05942510898900606,0.05555471251355815
ENSG00000155561,0.927245346452561,0.9678502633175773
ENSG00000136193,0.4606167035722085,0.5011422077462524
ENSG00000106080,0.9259726768171403,0.9758906224191789
ENSG00000106624,0.1992730575743176,0.26441218251246656
ENSG00000176428,0.6566304473029353,0.7048345091893244
ENSG00000176410,0.1460151958309658,0.12881757680190514
ENSG00000106089,0.022158500346006728,0.029059253932053084
ENSG00000165215,0.3145638562161389,0.3094592824756653
ENSG00000165171,0.9757416017360705,0.9435525437409228
ENSG00000106344,0.5967518254232074,0.47000570638431116
ENSG00000106348,0.4380950706545743,0.35221026456631754
ENSG00000135245,0.617867083231648,0.4302810429927969
ENSG00000165055,0.3481841340551137,0.3406941076598782
ENSG00000160993,0.03472703541602919,0.020535133793812454
ENSG00000161036,0.7915682843959307,0.7144776599992337
ENSG00000267368,0.785913263605307,0.7970181072287346
ENSG00000105792,0.20451863866165101,0.12015275165199388
ENSG00000105793,0.8768601537605044,0.8360461922419203
ENSG00000157224,0.7074615879971613,0.685116783090459
ENSG00000058091,0.5224420836890546,0.5081837114202223
ENSG00000157240,0.34609957510369793,0.34778301699840675
ENSG00000105974,0.14398931080207528,0.16486491345555498
ENSG00000211721,0.9405555890389338,0.9651407866931453
ENSG00000278030,0.4294489255328552,0.3903586362740268
ENSG00000275791,0.9231776702600295,0.9834482755161925
ENSG00000274752,0.8759538099478179,0.771592332185851
ENSG00000276953,0.564339048758609,0.6293373634498769
ENSG00000105976,0.9447246634546751,0.8782698796399167
ENSG00000050344,0.8015328849087167,0.9239291322972737
ENSG00000122565,0.5081361389289358,0.5812692588654407
ENSG00000106588,0.063299000873928,0.06991167876303035
ENSG00000106591,0.20885250641873107,0.24847085791230572
ENSG00000105821,0.03330349336144885,0.03184455737933826
ENSG00000106683,0.6117603744401694,0.7488120896806738
ENSG00000161057,0.4019299351247304,0.3004891481981113
ENSG00000005469,0.20652448231894613,0.22339602830432895
ENSG00000196262,0.9479817027668982,0.8449812273117379
ENSG00000105968,0.19053697762775287,0.1690981035444016
ENSG00000146676,0.8529694928958647,0.9314527634892825
ENSG00000136279,0.4335132732012523,0.5164237245546452
ENSG00000164708,0.3049733315362053,0.16995036964811192
ENSG00000122678,0.5987236869650018,0.5469953584369319
ENSG00000106636,0.7976743315526378,0.7819063204125805
ENSG00000127951,0.699547992830168,0.7261578586998424
ENSG00000146535,0.13095971939932283,0.14954399039936192
ENSG00000086730,0.31205172608102183,0.3471944284628685
ENSG00000049541,0.13215345242358661,0.05758089054630763
ENSG00000106665,0.25786177024482837,0.2344028796736729
ENSG00000122641,0.03290393980458299,0.03971778205527969
ENSG00000282320,0.5423961351715944,0.650607461798662
ENSG00000281958,0.3881449344080431,0.3334743259942738
ENSG00000282173,0.4953114861007698,0.5075085406861564
ENSG00000282780,0.7044745716087024,0.6313075445491215
ENSG00000211751,0.08202884509816204,0.08490381811242433
ENSG00000211764,0.903083995837186,0.993168712100281
ENSG00000211765,0.329141896840367,0.32584139431731746
ENSG00000211766,0.7594403450559892,0.8736102706315239
ENSG00000211767,0.7707021821216762,0.8514615197290909
ENSG00000211771,0.2912149067213904,0.4687766317264156
ENSG00000106123,0.4924737335741627,0.6819763236930843
ENSG00000197993,0.2538023989901114,0.27731270367404026
ENSG00000159763,0.7374811807280484,0.7648364123807448
ENSG00000128609,0.14402636898605423,0.09280968213194411
ENSG00000106299,0.8471859911245383,0.8494126549738069
ENSG00000106333,0.7418335258508075,0.863743197634228
ENSG00000106330,0.9450048008750979,0.9449415167981187
ENSG00000172354,0.7368410135343912,0.6699230451539946
ENSG00000172336,0.015016261898003475,0.010763776323626186
ENSG00000196411,0.40555132447215936,0.3364013908608557
ENSG00000146828,0.7379907205647056,0.5133065537713142
ENSG00000087077,0.16530650096962549,0.13946729733954005
ENSG00000087087,0.14909738424272317,0.12143966390246357
ENSG00000146830,0.8438104717717365,0.9421413279787686
ENSG00000178397,0.11719300876663935,0.08175627214806797
ENSG00000164535,0.7797210509337262,0.8209532301382771
ENSG00000136240,0.8383201098213862,0.5387181140259936
ENSG00000164889,0.3022195783947847,0.4286998172398053
ENSG00000128596,0.012479334879392734,0.03237827777179952
ENSG00000128524,0.03836567935508681,0.01664113894663233
ENSG00000158457,0.8400686782375034,0.8367438229323603
ENSG00000128602,0.939316103528721,0.9125645609755689
ENSG00000106571,0.3620177986597326,0.3131678904434711
ENSG00000105926,0.9258880857019419,0.8378943515216546
ENSG00000004866,0.9173626367803082,0.8754685688084669
ENSG00000128591,0.010857120326470298,0.017560894710072508
ENSG00000164597,0.06574293074077472,0.01857933905255156
ENSG00000197150,0.8875878414522943,0.9459786645684845
ENSG00000154710,0.913010916447173,0.9908570357502735
ENSG00000146833,0.2687863356846761,0.34488980621917364
ENSG00000243335,0.8211763674548975,0.8488671259886698
ENSG00000180535,0.24162423097988683,0.22335784938477382
ENSG00000146574,0.34922557918464336,0.34399876096435344
ENSG00000136237,0.600109076180366,0.32608785772433524
ENSG00000087085,0.9560661238203594,0.6805501283492101
ENSG00000257923,0.2555598380718353,0.18257228668434078
ENSG00000105889,0.8606401149011697,0.856998389590536
ENSG00000105835,0.7767676375366399,0.7044725998229898
ENSG00000146858,0.8614176254524385,0.787068992971348
ENSG00000105939,0.822450541384391,0.685024072040044
ENSG00000105948,0.5909291040876787,0.535200658082182
ENSG00000157741,0.9513677901736322,0.9822006536980564
ENSG00000128610,0.011981377171621503,0.01760628203294595
ENSG00000008311,0.5168774648528562,0.6791197157987636
ENSG00000128563,0.33030806696268267,0.3848140813291232
ENSG00000164815,0.015875437873719034,0.013098084004930847
ENSG00000122687,0.03705488765348289,0.0674374845899304
ENSG00000106266,0.6660158631298636,0.5385453588656142
ENSG00000136213,0.041465286689010006,0.043169243611497425
ENSG00000002822,0.15658832377724788,0.13366977196412302
ENSG00000122674,0.9584909530190326,0.8913742092465433
ENSG00000106125,0.6130160736605994,0.7091147643693338
ENSG00000240583,0.019739233948968746,0.009760202282121594
ENSG00000013374,0.9110288120865834,0.993082460052841
ENSG00000197448,0.8028538665425626,0.619491942318988
ENSG00000178826,0.491886794664704,0.40683661448090613
ENSG00000106144,0.5203751595332964,0.5878820781669925
ENSG00000159840,0.08312399308934346,0.09358324611801705
ENSG00000146904,0.87545151093074,0.760473530314669
ENSG00000127914,0.38728632697379795,0.4528419503433576
ENSG00000122591,0.9321518582309697,0.595532005571666
ENSG00000164604,0.8870738888901367,0.659057035521424
ENSG00000106268,0.26154307080301575,0.23807061133066132
ENSG00000106682,0.7827859263242252,0.6270322699586862
ENSG00000164638,0.9926263148824154,0.8582835165486031
ENSG00000155849,0.8067572419623212,0.6796078665187187
ENSG00000189143,0.26365379214362306,0.2989656940662291
ENSG00000146776,0.4315954485098099,0.336554827573541
ENSG00000161048,0.9794298693146357,0.7086666529474027
ENSG00000132434,0.7894997440604629,0.7515439521803575
ENSG00000055609,0.5571243821683425,0.4947855513533833
ENSG00000146674,0.7927464893699255,0.7611735025155384
ENSG00000122642,0.9787032713451542,0.9018096110294934
ENSG00000122643,0.9558097644558433,0.6899272954627199
ENSG00000164610,0.20099689284152183,0.2482223130910884
ENSG00000197008,0.6886829307340581,0.8417071352946427
ENSG00000075303,0.193775729287321,0.22733648932484465
ENSG00000075142,0.040276727075798054,0.02393930326414527
ENSG00000127954,0.2811010467498097,0.15274373729671353
ENSG00000008277,0.9675392826473768,0.852629280856027
ENSG00000186088,0.7330976831223277,0.5910318077350928
ENSG00000127947,0.29078456612357867,0.27862588423491574
ENSG00000122783,0.9372694120776469,0.9750565058193389
ENSG00000146859,0.40492092194648566,0.3647669465504686
ENSG00000105875,0.6966181529783915,0.60870516626535
ENSG00000243896,0.8807948077924272,0.7767436825512224
ENSG00000050327,0.809044151525018,0.9621639646794525
ENSG00000184863,0.7409109918878778,0.8169157126201173
ENSG00000164690,0.7898534152051837,0.6770035093416438
ENSG00000105982,0.2690264872147347,0.17901592747345296
ENSG00000105983,0.40745920401606006,0.26688081991520773
ENSG00000146909,0.3306330374279528,0.37284052061936745
ENSG00000130675,0.8702458287485639,0.9016014642414987
ENSG00000106462,0.13957006129294497,0.1501898211393437
ENSG00000055118,0.27500795073172635,0.19060480612269562
ENSG00000135205,0.7774815780617632,0.9099115179460358
ENSG00000236609,0.6877686603769307,0.5597951079454278
ENSG00000205903,0.7412806238478964,0.6983899534904827
ENSG00000164631,0.3997037953909769,0.5583677298479476
ENSG00000106077,0.43698105819312894,0.3682670612119704
ENSG00000169871,0.9328432180196375,0.7984114919470269
ENSG00000105991,0.30755513630885406,0.34877377972722257
ENSG00000197576,0.9846053620722989,0.908800520398086
ENSG00000106004,0.23601262022649286,0.21162923733485778
ENSG00000122592,0.8308173634243667,0.9165504303927774
ENSG00000005073,0.2726709147908366,0.21199707220554667
ENSG00000130305,0.7776546049772453,0.8954182433692416
ENSG00000153993,0.08907875871126776,0.07699712663137062
ENSG00000274070,0.43775425416345926,0.39094617160067024
ENSG00000274523,0.5028927566418127,0.3926262478221625
ENSG00000188763,0.2999068691670587,0.27034582002207624
ENSG00000146587,0.5119667088703392,0.731818371303137
ENSG00000171130,0.7952028703394434,0.6792824243836784
ENSG00000106052,0.5493073230436811,0.5120608874887026
ENSG00000091073,0.6922023455908239,0.8260242654650556
ENSG00000064419,0.4610909166286197,0.36599009532221627
ENSG00000182095,0.5009085294735666,0.44527048682969705
ENSG00000078487,0.11705851768012103,0.12861823059871302
ENSG00000170379,0.17075990616757236,0.19036024997478904
ENSG00000219545,0.45382325440698423,0.5858505758379287
ENSG00000105997,0.21239060798934864,0.20135303446381284
ENSG00000234444,0.5087713856492126,0.4053915036125837
ENSG00000173041,0.31168551723316035,0.3342822747720995
ENSG00000214022,0.7586490710700945,0.7729848675678965
ENSG00000196456,0.7486848026663477,0.7592665614772003
ENSG00000171115,0.13908844826896594,0.08998774012013028
ENSG00000106526,0.7069292448600533,0.4206416833354236
ENSG00000213462,0.7744347469150005,0.7793093034965195
ENSG00000164548,0.1395552402945817,0.16146071194531364
ENSG00000169193,0.8527078099096035,0.852599814983845
ENSG00000188732,0.34168097032936245,0.25172659866680147
ENSG00000105808,0.029909028711961924,0.047673117158704065
ENSG00000001630,0.9989155536457421,0.9308069302377082
ENSG00000213214,0.7349503090146674,0.7607623097266774
ENSG00000001631,0.5916200500370926,0.6200975685863752
ENSG00000196313,0.8580055971710505,0.8193623064824112
ENSG00000009954,0.597597773009262,0.5459639814808397
ENSG00000106635,0.31231067576791244,0.44465563290613175
ENSG00000006704,0.8696028895973904,0.9160087677270702
ENSG00000272391,0.5541296507365074,0.49776652112730235
ENSG00000127946,0.8475644420663477,0.8065338591556184
ENSG00000006606,0.6968100489576704,0.7149309154857567
ENSG00000106178,0.43873863468073426,0.2933248383752294
ENSG00000005486,0.8379359678968367,0.795243793663978
ENSG00000189077,0.2951280351375561,0.4988501079098747
ENSG00000127952,0.4061714672219099,0.2561013698202797
ENSG00000146701,0.6414483182585284,0.466763466190644
ENSG00000062582,0.1904837458261418,0.17144130721144799
ENSG00000106608,0.7650825473188232,0.6267047398752199
ENSG00000078967,0.2502737007334281,0.3187032294326718
ENSG00000243566,0.4596975892148363,0.5597652498960775
ENSG00000146707,0.8794445670010277,0.8630216208463461
ENSG00000196247,0.7030570440600458,0.7883368218940247
ENSG00000136273,0.9645938132479591,0.8217950673075621
ENSG00000158517,0.9645850649157695,0.8635672187834142
ENSG00000285292,0.9088359277019572,0.7074032036716018
ENSG00000106263,0.5084229947137887,0.5040585876251561
ENSG00000106009,0.5988007257858059,0.6231819186676781
ENSG00000128564,0.13017625117910225,0.23438316641333698
ENSG00000048405,0.9356758183579758,0.9009723458109624
ENSG00000128512,0.981851463951392,0.7891265580241391
ENSG00000166529,0.0398087571174939,0.05082571368368211
ENSG00000164896,0.21251749631413308,0.11185473579535071
ENSG00000198874,0.5086598830643918,0.4568714130885039
ENSG00000155034,0.6544203377512557,0.5783907246614425
ENSG00000055130,0.4748376469841561,0.4656280623959298
ENSG00000198898,0.42202956695934213,0.3785149951950192
ENSG00000196511,0.0953056004197139,0.0756978961255634
ENSG00000146555,0.9096839336456083,0.9392836251839092
ENSG00000136261,0.12118999108878488,0.1116115481834352
ENSG00000136243,0.5204052948212177,0.47460923190920035
ENSG00000105778,0.6617887934240723,0.6552602124343656
ENSG00000106003,0.616103293188017,0.4463177788788937
ENSG00000106638,0.905047203671884,0.602848171579223
ENSG00000152926,0.7502037564680226,0.7501362369758012
ENSG00000091140,0.5094205989844689,0.39782947390492884
ENSG00000253276,0.4702907130270849,0.47059778900500326
ENSG00000174428,0.9538610398572973,0.7936944119114259
ENSG00000170852,0.1376925154495557,0.10048774573797148
ENSG00000146530,0.7073567861163677,0.7466218742301198
ENSG00000091129,0.18842224053358805,0.1980297176691266
ENSG00000196683,0.1466501281260295,0.11125712244830761
ENSG00000117868,0.38978954186128223,0.523415065338527
ENSG00000164850,0.6602042033802249,0.636445312728966
ENSG00000253293,0.1933878449927447,0.2332128932025892
ENSG00000261115,0.8688907159995441,0.738743910785882
ENSG00000275896,0.49711738602579314,0.31514780076948623
ENSG00000081803,0.1927719809609344,0.2779216643809034
ENSG00000122574,0.8184966955920682,0.9770364634293142
ENSG00000136197,0.7382908009769211,0.5517940421421621
ENSG00000133619,0.6952698821806265,0.5445193566567988
ENSG00000158467,0.11966661012488577,0.08604695012760614
ENSG00000106346,0.8124392341252777,0.6228945202161653
ENSG00000121716,0.3810565979743703,0.5552209703598631
ENSG00000049540,0.06251263584969285,0.0693576211870461
ENSG00000173678,0.8380642802940861,0.6996705825730656
ENSG00000170092,0.6669870265955928,0.7229690173379173
ENSG00000136206,0.8996418855218052,0.9376977401910418
ENSG00000106290,0.6442201520999615,0.5484588650581274
ENSG00000176532,0.9280300618460695,0.7491301162900816
ENSG00000263001,0.6867279853882351,0.5669215649314492
ENSG00000196275,0.09048443510565955,0.04739347692503679
ENSG00000127922,0.033493360191546306,0.027380709734919826
ENSG00000173852,0.51939965886814,0.5937329204549571
ENSG00000105989,0.48506261819140906,0.48932655833788474
ENSG00000077063,0.002299320467074547,0.0047120798422098115
ENSG00000033100,0.5075283346124818,0.647676108186447
ENSG00000160991,0.31148919036775286,0.30856601088597657
ENSG00000164647,0.06121873016490537,0.02290206961535987
ENSG00000157214,0.5579664481849747,0.40732473285467086
ENSG00000196453,0.9831413846282052,0.994591517425509
ENSG00000181220,0.9945792076200956,0.9038275524237207
ENSG00000004799,0.024993456589639456,0.012209089344785904
ENSG00000158560,0.49088123338664524,0.555341983633115
ENSG00000188186,0.018378733215734654,0.023252870963287823
ENSG00000135272,0.530982338486921,0.5163518769420581
ENSG00000005075,0.11462963847513984,0.05739597005711261
ENSG00000198517,0.07166913094540509,0.05991872725609475
ENSG00000164855,0.3262385220963626,0.3514877636788436
ENSG00000157778,0.0926720842929536,0.06511099513040111
ENSG00000225968,0.8735175589831097,0.782140147436982
ENSG00000128606,0.763674404225386,0.9845848869835863
ENSG00000106351,0.6274151685543735,0.665107659787784
ENSG00000205307,0.523015893307832,0.5575214205190918
ENSG00000284292,0.9569983060395114,0.9189058620726942
ENSG00000241685,0.17576136123413347,0.16359336303475328
ENSG00000130429,0.3647994912909883,0.3999862163786301
ENSG00000106244,0.020513488627973538,0.014896047720371744
ENSG00000106245,0.0404222556843918,0.026751732948369997
ENSG00000146834,0.1228636056074819,0.15146133758475702
ENSG00000166925,0.7577912779067767,0.824664884020584
ENSG00000178809,0.16399894626482392,0.23263569083629093
ENSG00000136247,0.8114018732441195,0.9159757231988829
ENSG00000146576,0.853687096169516,0.8918727837747509
ENSG00000136244,0.07335095625168893,0.0897864626605934
ENSG00000176125,0.3506275201176733,0.4437540951203335
ENSG00000106603,0.3986188038385875,0.3135692912847529
ENSG00000183696,0.05493717866813176,0.09989988954544123
ENSG00000284691,0.1413780736653924,0.06521563843707141
ENSG00000164692,0.40671814889136615,0.5262578859661776
ENSG00000127995,0.9612189255282911,0.9375850297985011
ENSG00000106609,0.3221725050229992,0.2565980296271885
ENSG00000153814,0.5508266323774911,0.5306306536749364
ENSG00000126524,0.8456233843513606,0.7081874212852048
ENSG00000205238,0.8501419547405067,0.7670248151957064
ENSG00000086300,0.463563792378879,0.46895035646075744
ENSG00000010270,0.05789270468322558,0.06976292034443314
ENSG00000227191,0.8254037118741326,0.5997664375507503
ENSG00000211688,0.13345325902873834,0.07509334828055618
ENSG00000211694,0.9200200959412433,0.8728270003096148
ENSG00000196584,0.4720909287894577,0.5822154199980178
ENSG00000132436,0.2765909275079593,0.2627670851556897
ENSG00000132437,0.9269945890063878,0.8399909216073119
ENSG00000185811,0.601340663892024,0.5528224632706112
ENSG00000211746,0.2499543734133973,0.30569667680642254
ENSG00000211747,0.645311585520898,0.6674618143498694
ENSG00000211752,0.989011701408185,0.9466429280206738
ENSG00000211753,0.5071744458239744,0.6000240973713232
ENSG00000232869,0.8804483007095052,0.9832400178115385
ENSG00000204983,0.3688393712169985,0.1943191615399777
ENSG00000198286,0.5358522689320796,0.39627319355462653
ENSG00000277149,0.8493800532571867,0.6982985561417199
ENSG00000105879,0.30459398034804663,0.26485366559850504
ENSG00000160999,0.4574976811596242,0.46661626439997805
ENSG00000106628,0.7450476945318146,0.8130304858811912
ENSG00000205060,0.4518137744318108,0.5032853148247778
ENSG00000122566,0.2987350794435659,0.4625994250827774
ENSG00000197362,0.36128328241714625,0.44866585106550216
ENSG00000204947,0.5235396318255334,0.4502900527654571
ENSG00000155660,0.5939877116246383,0.9393069530208819
ENSG00000105894,0.1281684445728483,0.1310641462255681
ENSG00000105851,0.24162211050434365,0.1352885098833235
ENSG00000106305,0.47646277934637093,0.33942081317983985
ENSG00000001626,0.5574127883861991,0.38138871266502783
ENSG00000205413,0.44032481950374625,0.16152670784446355
ENSG00000188175,0.6584021869752568,0.399636861548742
ENSG00000177409,0.19186601015255336,0.10598594240409866
ENSG00000122512,0.3999251907942678,0.488529873072457
ENSG00000197461,0.014205165548188726,0.013761416728803608
ENSG00000158321,0.8465980342812461,0.9099179124318912
ENSG00000146648,0.8630925352887442,0.9255505105818794
ENSG00000128604,0.8667921556094921,0.8533965698514455
ENSG00000015676,0.07476072994347746,0.048363326743330964
ENSG00000058404,0.8302224732589224,0.9859580179806005
ENSG00000065883,0.7967813473761438,0.6356971792905743
ENSG00000005483,0.6990141163283621,0.7888228561342161
ENSG00000106078,0.10803049032980233,0.07394467340274055
ENSG00000288558,0.8188624780641824,0.948465480824104
ENSG00000075790,0.6531947966145804,0.4006713259208491
ENSG00000187037,0.8026640087425164,0.5558756733089474
ENSG00000086289,0.009892086190578213,0.0051006381462047135
ENSG00000131558,0.6795078601625804,0.7823182872542391
ENSG00000085514,0.43458036870102723,0.38545590496367976
ENSG00000106246,0.10718536389119251,0.12977005868182911
ENSG00000248919,0.027294838179247577,0.023827728092632127
ENSG00000164818,0.5923551323490632,0.637303245919479
ENSG00000188191,0.7008951337967718,0.8240391085738819
ENSG00000128573,0.07918863981483583,0.08275165947465206
ENSG00000196329,0.49804026898676457,0.4038408104459277
ENSG00000128534,0.328330365144775,0.281583312061564
ENSG00000106012,0.5589921065646225,0.5242840764096393
ENSG00000136295,0.3235617502080267,0.27137701895950095
ENSG00000213413,0.5858144095836626,0.6141650461835491
ENSG00000136238,0.5934987305456725,0.684456645526964
ENSG00000009950,0.8326666583643878,0.8359506859816528
ENSG00000106460,0.959010993084076,0.9830084526022217
ENSG00000106459,0.9102183886023961,0.9599399059055586
ENSG00000186591,0.7993872785267448,0.8952521340188425
ENSG00000196367,0.9382934063914501,0.9053474896708488
ENSG00000168255,0.2318561596308491,0.28834941134318204
ENSG00000284981,0.10284884316002936,0.0683558656119934
ENSG00000285437,0.011675990011856659,0.008882648255560913
ENSG00000228049,0.8851055921989219,0.9824632819454701
ENSG00000136205,0.227473527669311,0.2541972386382995
ENSG00000122545,0.6864978374346837,0.6422599930903663
ENSG00000091127,0.1829157994246056,0.18705636792645738
ENSG00000157764,0.6353797430737773,0.533369639854191
ENSG00000153956,0.6890410944600682,0.7088832727678476
ENSG00000122786,0.3235111596732033,0.45388069607773474
ENSG00000128595,0.8521166047743947,0.9129161136639493
ENSG00000157212,0.1043610639394073,0.10078958413253579
ENSG00000077454,0.8502880915839229,0.8693919903406255
ENSG00000135250,0.9973277175733366,0.9486639363531599
ENSG00000008282,0.07703342370064384,0.045837496499099725
ENSG00000006468,0.9333474907708297,0.8749731491531553
ENSG00000105819,0.28079953049331635,0.26432821339033435
ENSG00000127948,0.576198577300246,0.6917686932655385
ENSG00000005249,0.958370298423292,0.8103061385960731
ENSG00000006576,0.2922481852742396,0.21530147359888058
ENSG00000106069,0.3793289191299525,0.3026667700539621
ENSG00000182158,0.3615809924042275,0.45978224817733715
ENSG00000105849,0.44485192630243375,0.5014277193670469
ENSG00000071462,0.44983432381796806,0.2379644368901954
ENSG00000080802,0.5905019348769973,0.7755815473047669
ENSG00000136271,0.8457772098707003,0.9857525863098788
ENSG00000158604,0.9246919966082784,0.888883065712081
ENSG00000105953,0.521021161313138,0.4604262994921041
ENSG00000122515,0.6976741262511643,0.7955195310117368
ENSG00000048052,0.5185500608111195,0.5060757433648142
ENSG00000059377,0.10019796396730031,0.06797137667439702
ENSG00000170667,0.5422312078658073,0.522748484464348
ENSG00000270505,0.7118843814826767,0.527924519460556
ENSG00000281179,0.7118843814826767,0.527924519460556
ENSG00000278263,0.0885354848098113,0.11905964080886737
ENSG00000188403,0.8426933515607451,0.7272585253226154
ENSG00000166140,0.4889548465431006,0.47317812356738265
ENSG00000104081,0.6267621485889772,0.3925382321504941
ENSG00000198146,0.09685395478923862,0.12880569242277207
ENSG00000137801,0.030828381016653077,0.03683215132836042
ENSG00000021776,0.3733406143679221,0.48380522086358013
ENSG00000104044,0.6056976118796633,0.6718717497627682
ENSG00000128829,0.20529325347511787,0.2800074726894458
ENSG00000134146,0.4797946552937372,0.37964662289523643
ENSG00000188277,0.5186184530669777,0.7331703474378264
ENSG00000166068,0.7506834869616588,0.7524388186511353
ENSG00000248905,0.03589839019663453,0.023899778071604566
ENSG00000182256,0.26254075617026196,0.21418980224853126
ENSG00000051180,0.14015632048391644,0.10279644628312021
ENSG00000166734,0.40296216120435413,0.5369016767504831
ENSG00000138613,0.14964178442943998,0.15229067951274242
ENSG00000137770,0.9694254584806938,0.9408993246190049
ENSG00000157456,0.272181465459542,0.1936099692727993
ENSG00000166200,0.36574061671292235,0.30124775456607145
ENSG00000137834,0.03640906722123062,0.021019888889586415
ENSG00000137776,0.8303089239096431,0.6254476123253795
ENSG00000138593,0.027600893058366143,0.019834102193959403
ENSG00000103657,0.4431835098154622,0.3689790983305995
ENSG00000129028,0.2887428834563387,0.33553630051728933
ENSG00000137880,0.9160672859361465,0.9965908575783511
ENSG00000074410,0.8427479302927992,0.8313511161962918
ENSG00000157483,0.19513722610819953,0.15213420529668012
ENSG00000166128,0.14042821841476283,0.180983210169483
ENSG00000166233,0.5778561262446498,0.4505074614838477
ENSG00000137841,0.5661479494267911,0.4436453966487882
ENSG00000137809,0.639713173900718,0.828583443445466
ENSG00000074696,0.5116013156610597,0.5191180134997355
ENSG00000156642,0.8902846427221616,0.9230061259838687
ENSG00000178802,0.24039496127295873,0.2038575922098521
ENSG00000169018,0.8517103369205508,0.6677377684791876
ENSG00000140464,0.5462344831216378,0.41124366188374917
ENSG00000103599,0.6770829644889464,0.5018703328133445
ENSG00000178741,0.106130912511385,0.11750257680373465
ENSG00000128918,0.1423188621283367,0.13279747766181568
ENSG00000067141,0.715185662800943,0.6669151996060527
ENSG00000140382,0.9518916681668994,0.9630377117377557
ENSG00000140284,0.3689895691344086,0.45398804283478433
ENSG00000136381,0.679969859326973,0.8338691599923342
ENSG00000189227,0.028987679747810257,0.062367906182301806
ENSG00000138621,0.18890137607111532,0.1795750028193758
ENSG00000179151,0.7436252370571972,0.6440476595402908
ENSG00000137764,0.8104998723651832,0.9717690076885708
ENSG00000136378,0.2469423843940132,0.22395666957073246
ENSG00000041357,0.050785086551463965,0.0436493550456243
ENSG00000140474,0.8191920136466331,0.8194232111439106
ENSG00000173546,0.30219382294309144,0.21102420042216274
ENSG00000067221,0.9894392005831016,0.9151471455169434
ENSG00000081014,0.521370103223866,0.5105086341721947
ENSG00000129038,0.26288674385849675,0.3461096359170207
ENSG00000285253,0.6703012430604337,0.6271759680734814
ENSG00000138587,0.2909497994527695,0.23345839239608518
ENSG00000156958,0.6963524057311169,0.5671100136964914
ENSG00000066933,0.6307525839279678,0.5984896430354587
ENSG00000092529,0.9924850671585881,0.6751611988352761
ENSG00000256061,0.4611896934804395,0.25776569538740246
ENSG00000178761,0.7613977010599431,0.8129543691209622
ENSG00000137824,0.9710679026874309,0.9914694379739907
ENSG00000198794,0.3227409638398371,0.2296522430325651
ENSG00000169684,0.9740695166267069,0.989840021701547
ENSG00000166426,0.4457887266669557,0.29771097042557376
ENSG00000137831,0.3413624034767838,0.2994976122570926
ENSG00000140497,0.7861697916312111,0.851146956754613
ENSG00000169371,0.48693472431876483,0.5090274328332296
ENSG00000166415,0.0913132469763582,0.11893480272505519
ENSG00000140386,0.3605325443034686,0.3711167769254482
ENSG00000188266,0.11797789024276638,0.13868323998595367
ENSG00000104129,0.5647963707570938,0.7720574461350735
ENSG00000140455,0.14682951093209884,0.07912607762909164
ENSG00000136379,0.12453248112250569,0.0941683237825181
ENSG00000166557,0.11806866740563535,0.040079445609972945
ENSG00000103888,0.67696831785241,0.5641973737993882
ENSG00000166073,0.46619823173912545,0.5482724050096954
ENSG00000117971,0.9130568491364601,0.7005976670515781
ENSG00000103569,0.1508982898604859,0.12856459175618817
ENSG00000169609,0.05132756823261557,0.0297386310613481
ENSG00000196547,0.7415421516129972,0.8278226236086786
ENSG00000103942,0.5150973664014502,0.4531214605805147
ENSG00000073417,0.6902538314805506,0.6074536002830058
ENSG00000181991,0.06095340137363278,0.04273117912971871
ENSG00000166831,0.12072747007493453,0.15237387994068516
ENSG00000166173,0.7789857402302738,0.8607119920857056
ENSG00000069667,0.4645725349469316,0.6501484335585779
ENSG00000140319,0.026765782311815475,0.02092015064689151
ENSG00000074603,0.9006936338162425,0.9844431042755499
ENSG00000255302,0.9765386148606271,0.9584630954479059
ENSG00000156218,0.318140577032508,0.2844613081483625
ENSG00000140450,0.40290835992922114,0.24185267165724034
ENSG00000169612,0.005524917245095663,0.00382441947104721
ENSG00000183655,0.969267038929829,0.9642601042460397
ENSG00000176463,0.7172337863010452,0.9712914038978087
ENSG00000181026,0.7451272655766155,0.9250542542116423
ENSG00000185787,0.6794432193480575,0.7161208820556249
ENSG00000137845,0.0557469538755474,0.051515292267631664
ENSG00000140600,0.6910782559502431,0.8243871894159069
ENSG00000259494,0.09521512455712994,0.06955391810648485
ENSG00000154237,0.895757988836846,0.879805237840273
ENSG00000168904,0.4243256794393271,0.251048627329098
ENSG00000140443,0.7302239482813161,0.611621034144953
ENSG00000128923,0.516323424288887,0.508513243194463
ENSG00000185551,0.7469992596196003,0.9278124844787204
ENSG00000103995,0.23985436443768934,0.28046037517544836
ENSG00000157470,0.6226039692018333,0.7541328997444006
ENSG00000064726,0.1651350771453839,0.1259353213782912
ENSG00000184254,0.2770116347667089,0.23857714324677065
ENSG00000166716,0.8208663663378606,0.9347759663102135
ENSG00000166477,0.6126453122565907,0.5878208924311855
ENSG00000138594,0.2942838444530498,0.3191882570249048
ENSG00000237289,0.030060837197783484,0.08121183970783907
ENSG00000223572,0.10021792979355662,0.18941845935069523
ENSG00000128886,0.16300895465363407,0.11877504850942784
ENSG00000140259,0.28277990971452965,0.2960060384662578
ENSG00000074621,0.5061434093837571,0.4596673409774793
ENSG00000174485,0.5913337128486076,0.8458764102615032
ENSG00000103769,0.7741899168202109,0.7711362538320004
ENSG00000206127,0.3620856830569088,0.21628437997002548
ENSG00000136425,0.7856681378511268,0.860827254842967
ENSG00000166411,0.9790797730038832,0.874893489191522
ENSG00000092470,0.4189446564315128,0.531700383474039
ENSG00000156970,0.18336255710656835,0.18470037067264197
ENSG00000137872,0.3266470952988196,0.3914630430311141
ENSG00000170776,0.27521953189328685,0.22898697436005963
ENSG00000166143,0.7564035099069228,0.7563882587625251
ENSG00000178718,0.8210223128424416,0.9887200183774772
ENSG00000173548,0.4300970211745272,0.43960074798833415
ENSG00000166762,0.8383045644683661,0.9063639207452734
ENSG00000140262,0.9059247622466132,0.9490414231907018
ENSG00000175344,0.8161103808413246,0.8990943470598975
ENSG00000134153,0.4650020891730683,0.33505873772688816
ENSG00000182405,0.9416535384992875,0.9932484593740886
ENSG00000134152,0.506413647945857,0.4411310984290019
ENSG00000128463,0.179174562330656,0.16429002460199646
ENSG00000140526,0.5643143323248541,0.5571457965750848
ENSG00000140199,0.28041580854732745,0.4099836014514202
ENSG00000171766,0.7867680804702343,0.49937846276828934
ENSG00000171763,0.15560358225553605,0.11798425734263092
ENSG00000104154,0.7526256700638345,0.6287422291081873
ENSG00000104164,0.6185199411785872,0.6605538225146559
ENSG00000137767,0.37951187997478597,0.47881322583839914
ENSG00000138592,0.4738618650120544,0.45491992750015353
ENSG00000092439,0.3868132303889945,0.526853946933797
ENSG00000117899,0.9846240810522573,0.7796231528626547
ENSG00000114062,0.7042071478343535,0.7900510126013247
ENSG00000136383,0.06758167318602126,0.07567092563623819
ENSG00000169857,0.4922589080267975,0.31560065017044087
ENSG00000166262,0.4390657578338977,0.517562799025147
ENSG00000104047,0.4489904544669021,0.5955502062100991
ENSG00000166797,0.3473722853645882,0.3042881227187377
ENSG00000028528,0.8878897692851194,0.8483950714411242
ENSG00000157734,0.5720153263571761,0.3793779324900348
ENSG00000169118,0.9581332877164965,0.8812650449005901
ENSG00000166803,0.08109378097334416,0.04041926559124484
ENSG00000103671,0.7780084380058194,0.8469672961604792
ENSG00000159459,0.38180540893077475,0.34499528409756197
ENSG00000137842,0.45382390988399923,0.636795494902709
ENSG00000168806,0.323777785652254,0.5208812982437188
ENSG00000186417,0.043821898671904974,0.009428973710368336
ENSG00000104093,0.20659062074129114,0.24684969341779445
ENSG00000104112,0.8618344055656648,0.8516377024618691
ENSG00000140280,0.867047995946271,0.8418082662499213
ENSG00000168803,0.28002170643451696,0.40034248450239673
ENSG00000197361,0.9579389781669098,0.9644709755104208
ENSG00000033800,0.33280173130363927,0.2703347980633855
ENSG00000138617,0.9818463253029349,0.9967118277185281
ENSG00000140543,0.8764544938976652,0.9633503436378663
ENSG00000128739,0.6511572084111831,0.6142748128958208
ENSG00000242028,0.20845240200389428,0.16305726803507728
ENSG00000157450,0.3153650185131877,0.2838224405892989
ENSG00000137821,0.40315525215454595,0.2773572806638656
ENSG00000166821,0.20791687952520146,0.24318006242525633
ENSG00000243789,0.3966116008036573,0.39381059591174006
ENSG00000104131,0.8879956889916131,0.7838628493429927
ENSG00000103855,0.18836928748058718,0.16852599644361968
ENSG00000128915,0.8684450253236435,0.8145497719837166
ENSG00000188095,0.8298730380988815,0.9446014387902173
ENSG00000166825,0.19703060461018282,0.26849373626807294
ENSG00000157823,0.8283446616626703,0.6669957039031849
ENSG00000250021,0.2098631720882564,0.09986191741568229
ENSG00000242498,0.6659606144794818,0.7155891423194218
ENSG00000182718,0.33054140359697365,0.3608980589741445
ENSG00000136371,0.23888752843471836,0.15892522032954795
ENSG00000259332,0.5244848102973574,0.43964986587934096
ENSG00000086666,0.8762953336496376,0.8622157233777454
ENSG00000140379,0.5486525228126187,0.4870130545433595
ENSG00000090487,0.5673653193352511,0.6427714166560561
ENSG00000103707,0.5136613906748975,0.6531628379511136
ENSG00000103710,0.09683324152005986,0.07655753167108204
ENSG00000090470,0.8347950070988444,0.8525872488742932
ENSG00000166855,0.767692604680162,0.952859907457975
ENSG00000138615,0.7452799178963501,0.9529639624677823
ENSG00000182636,0.15968390942172098,0.10654247780145683
ENSG00000137819,0.06525003985679592,0.05727543024919569
ENSG00000137818,0.07872139158560129,0.07442415913388527
ENSG00000137807,0.19131290696578482,0.15579866499987746
ENSG00000128833,0.5916811903665706,0.46072173205809286
ENSG00000128989,0.8370710274593107,0.8831372764456941
ENSG00000131871,0.7828620089699436,0.9526213664337596
ENSG00000131873,0.4650466848358098,0.5498795948953114
ENSG00000184277,0.0883674680829603,0.07767152532007592
ENSG00000185418,0.4298819879153758,0.4300446109624645
ENSG00000140479,0.969023233278434,0.7973495437164343
ENSG00000225973,0.754138507721033,0.8524938981983585
ENSG00000069943,0.9632167843441423,0.9021023318992756
ENSG00000137876,0.3478289040086121,0.3910145183066035
ENSG00000187446,0.8811600679105466,0.8385609088075872
ENSG00000285920,0.47349108062207124,0.4953533979868473
ENSG00000104147,0.042055288853459605,0.028906895117649437
ENSG00000137804,0.1110959872330081,0.08367989355463383
ENSG00000137806,0.5624616348968989,0.6895317873299891
ENSG00000137825,0.2601481273319511,0.23923053894919485
ENSG00000062524,0.8008320377592999,0.7708878787940578
ENSG00000103932,0.9837184251790233,0.9699824639763774
ENSG00000092445,0.4376864266919559,0.38494005271408105
ENSG00000169926,0.03620976325755003,0.035780145483291725
ENSG00000103811,0.8688605690338573,0.8907142378093625
ENSG00000179455,0.5949677438604188,0.6479987722486857
ENSG00000140285,0.0544674335740006,0.058133912902205764
ENSG00000140264,0.2147807319641986,0.0945521635529695
ENSG00000103994,0.22070030339455893,0.17741200452287353
ENSG00000171016,0.6558057661587418,0.42201887579798913
ENSG00000069966,0.7489022156040314,0.6611409854047414
ENSG00000104064,0.6861591215849991,0.5545952304569232
ENSG00000169783,0.7977946413272243,0.6973245811477944
ENSG00000166920,0.758133211750432,0.6544849124783183
ENSG00000140511,0.4819504603104422,0.3767378091943506
ENSG00000157766,0.7157658006325722,0.5400523415005519
ENSG00000166949,0.844535761012858,0.7344048388495108
ENSG00000103591,0.8657014020780575,0.9398217158062725
ENSG00000104067,0.5021435878816937,0.46960840918132596
ENSG00000140470,0.010947215073471761,0.020230269263625106
ENSG00000140471,0.3027651221313223,0.2966868422206767
ENSG00000183475,0.2891683078949204,0.3659664987028465
ENSG00000154227,0.4773075692850678,0.5455016870131049
ENSG00000182511,0.07944878778157623,0.06722308304567905
ENSG00000197299,0.4911622829318688,0.5624111142495503
ENSG00000140564,0.14288040943469987,0.15618884787444579
ENSG00000172183,0.5684032067594733,0.46600013751577407
ENSG00000166794,0.1687621132774553,0.3092804274070036
ENSG00000103723,0.14406609132206155,0.11056745424280862
ENSG00000156232,0.26604443484890183,0.34677282487279504
ENSG00000166192,0.4769378954602028,0.7463218081527575
ENSG00000175318,0.24744162456816596,0.2210271741796953
ENSG00000137817,0.9551768101865963,0.9610840359196168
ENSG00000179361,0.908907598587542,0.9121642294817188
ENSG00000128872,0.050093743480700524,0.026504732010945373
ENSG00000128973,0.8311700415203533,0.8240794799255728
ENSG00000205363,0.5452165966543308,0.7216702728741369
ENSG00000243708,0.0826391819040427,0.1354635807350647
ENSG00000137871,0.5561413202213424,0.5495748574887402
ENSG00000137875,0.8374895193453742,0.6995939465462042
ENSG00000069869,0.6102596695383746,0.5890887162029849
ENSG00000034053,0.4513555076247662,0.3977880233339768
ENSG00000140263,0.0014210657976047373,0.0012198418334401617
ENSG00000140279,0.21744956902976403,0.3143046506630708
ENSG00000140274,0.4471680756272346,0.46255105873316393
ENSG00000137857,0.7893056676391962,0.9637033005306584
ENSG00000186073,0.10258190826463685,0.0654793328282218
ENSG00000140463,0.7257270421650623,0.7823924170359721
ENSG00000159322,0.9517346153411076,0.9363246504573924
ENSG00000136404,0.18393722104507276,0.13312510856632995
ENSG00000166503,0.5507485165105094,0.5159023303300774
ENSG00000169594,0.5694892676710176,0.640715819144879
ENSG00000137802,0.7488336292284679,0.8295808291885646
ENSG00000104133,0.2942353138467487,0.4075942123999613
ENSG00000172345,0.36500651454211874,0.4077208175776378
ENSG00000182768,0.5462034992263523,0.3922021935756572
ENSG00000103876,0.753994165188995,0.558073684295419
ENSG00000128951,0.2511199510421759,0.27587692372437916
ENSG00000166147,0.3774126908498029,0.4949955398103597
ENSG00000181827,0.8048887156901057,0.9245913625506861
ENSG00000198690,0.08101988906531087,0.05316407202867763
ENSG00000166912,0.40049620507609396,0.2915659303104627
ENSG00000213614,0.9806013163470848,0.7998010843309945
ENSG00000140548,0.21546925567102718,0.22177751289109593
ENSG00000182054,0.3876697756778762,0.3071912387116673
ENSG00000196391,0.28082439454162944,0.16077067688882773
ENSG00000140575,0.531730019430523,0.6679002928058806
ENSG00000166145,0.9613354962687239,0.9845286973106055
ENSG00000179335,0.3248272523058273,0.41086084918743204
ENSG00000129007,0.3790417666404633,0.5903743955285303
ENSG00000167202,0.11939331903593224,0.1294026627679398
ENSG00000103653,0.9270762518901368,0.9814294948085803
ENSG00000183208,0.8370967065555147,0.725426384408707
ENSG00000173517,0.18380417925682183,0.15898464433699994
ENSG00000047346,0.54676725022346,0.3039788249908837
ENSG00000140254,0.8871195698268566,0.6769616473837623
ENSG00000177971,0.08215778930622882,0.08360868961880673
ENSG00000214575,0.39617651058003844,0.41831095100472004
ENSG00000229474,0.5593633420291975,0.4671347629701976
ENSG00000215252,0.9660848388143233,0.8740280430093221
ENSG00000184206,0.4399189836331968,0.6514817541048856
ENSG00000166938,0.7926423269458092,0.8242680819909369
ENSG00000075131,0.042752252621758045,0.035193029758546206
ENSG00000169032,0.8927228467064932,0.8120900927382994
ENSG00000174446,0.09738845607953762,0.1271700631353311
ENSG00000174444,0.44820348655947295,0.440881506241779
ENSG00000174442,0.22707772285366898,0.2078304499294858
ENSG00000198826,0.9146732653296465,0.9168643663114237
ENSG00000166923,0.15699414103548792,0.24132800566895654
ENSG00000128731,0.9398233651846423,0.9150826093672279
ENSG00000140406,0.0908096669188692,0.07634252398560074
ENSG00000259330,0.1930821611760903,0.16178864294357936
ENSG00000140320,0.7123533091493575,0.572643429844691
ENSG00000169105,0.8684217519246926,0.9423392014060583
ENSG00000128928,0.9815864088438266,0.7368635544016535
ENSG00000197535,0.5314858083783924,0.47798315997634544
ENSG00000104177,0.49456206049926454,0.48628088386646995
ENSG00000140332,0.9813958956252133,0.9208571616030627
ENSG00000176454,0.3376163298344662,0.300800360736488
ENSG00000172379,0.8148493346149848,0.88131345900392
ENSG00000131876,0.34137348570301407,0.2099550801493608
ENSG00000140465,0.7042716168452271,0.5730103448989816
ENSG00000104055,0.400320486064644,0.37817138126746375
ENSG00000206190,0.023396122324430384,0.025761767891093353
ENSG00000128944,0.16013225300914039,0.13966499264947382
ENSG00000183060,0.5445860608531459,0.7439436767549432
ENSG00000140563,0.7271816911787458,0.7890869423072422
ENSG00000069956,0.7563790778884141,0.7180379213949271
ENSG00000138606,0.9134197352075591,0.8796511645259387
ENSG00000261649,0.913870864486664,0.890783182488696
ENSG00000140577,0.9603050153449979,0.9010417035951319
ENSG00000167004,0.6569138029770207,0.7575294321432471
ENSG00000180357,0.5076414557970265,0.46910601552153297
ENSG00000180304,0.9429632722109706,0.8815388649772982
ENSG00000187720,0.653482662578817,0.6327730064294584
ENSG00000171914,0.4465482858679556,0.49116863057440696
ENSG00000166922,0.9862300681176542,0.9286214975817413
ENSG00000138614,0.4214551610341992,0.4611125276402315
ENSG00000137815,0.9849015280894313,0.8321040676047833
ENSG00000214013,0.41234776283441277,0.33199451698033694
ENSG00000185033,0.520699198760445,0.6589502380037584
ENSG00000188549,0.3263668765023004,0.3011124866979816
ENSG00000140545,0.2548735261537432,0.3381774061057809
ENSG00000185043,0.9591579013527701,0.7032806349374922
ENSG00000151575,0.21903518515188583,0.12353098338337007
ENSG00000103966,0.07819539242938195,0.07427528905157137
ENSG00000103642,0.7945393698366305,0.9827784808343246
ENSG00000185088,0.44651396277492417,0.5385216099435834
ENSG00000183496,0.8872775556948773,0.7947197527768189
ENSG00000188659,0.999787953140011,0.7852073301718807
ENSG00000182774,0.008316136093262183,0.006433132656265985
ENSG00000140598,0.7302158728250141,0.688540716122766
ENSG00000140534,0.46475179405407285,0.4381051300177552
ENSG00000166813,0.718234989663721,0.6276369294782556
ENSG00000140525,0.39272465648920807,0.3686276050941618
ENSG00000104140,0.6411947056885365,0.6631797314170542
ENSG00000104142,0.6113163817206784,0.47351365816344926
ENSG00000128917,0.03980935094710436,0.04283593074567405
ENSG00000128965,0.5842101094886205,0.823252891185613
ENSG00000128908,0.5341228802180882,0.4199850628968499
ENSG00000117906,0.06068234880931269,0.06823184653463446
ENSG00000140391,0.7472428121347032,0.7437562670923163
ENSG00000140368,0.3182173089293852,0.25765418003205304
ENSG00000260916,0.04924351402801798,0.041231468551200016
ENSG00000069974,0.4051033524676939,0.3860227127063939
ENSG00000171262,0.26846784261752843,0.3559211584726334
ENSG00000172575,0.9034225241421162,0.90998656300746
ENSG00000138600,0.39940260120712656,0.4699407966192757
ENSG00000140297,0.25154191514943286,0.252925962908026
ENSG00000140307,0.5637539723706109,0.4965401319644144
ENSG00000128891,0.7522596198376278,0.8094923848911693
ENSG00000166133,0.329025778991277,0.444359494531542
ENSG00000137812,0.9344252912866875,0.9681440838745635
ENSG00000067225,0.7133386129583751,0.8650737518532737
ENSG00000182950,0.723193100757747,0.7107460237403462
ENSG00000140367,0.44755667624524353,0.37444023372410873
ENSG00000167196,0.5107986265085027,0.3410940154133367
ENSG00000140374,0.15769166675075277,0.10261822810060638
ENSG00000175265,0.2246764791993988,0.3830878078953368
ENSG00000182117,0.07913524254043837,0.03655589570754791
ENSG00000035664,0.6924287130806092,0.5368687641452217
ENSG00000273173,0.9955386526391633,0.9993043091656263
ENSG00000137843,0.8882632797038594,0.9862838837849698
ENSG00000198535,0.9019121760740229,0.9693564469330058
ENSG00000205502,0.17720279188102084,0.10045852559295915
ENSG00000140451,0.3528884309966799,0.36335465545535683
ENSG00000241839,0.08875469492122685,0.09686716018767698
ENSG00000166839,0.47930708105713926,0.359320087449415
ENSG00000182175,0.0051050772362570005,0.011742589809202253
ENSG00000140299,0.4944627535406787,0.4518748116004254
ENSG00000184508,0.6652019843683976,0.5940888076793825
ENSG00000140553,0.9045003818103766,0.8384739169301887
ENSG00000166965,0.3991724486044623,0.22466014797217818
ENSG00000198901,0.05411544998787482,0.04167563881038212
ENSG00000184056,0.5831374632495634,0.7008692276168571
ENSG00000176371,0.7699096281291136,0.9058438385275581
ENSG00000177082,0.5359372332501102,0.6563408823404434
ENSG00000197696,0.780297127816854,0.7754133775549911
ENSG00000170113,0.7914141913450056,0.8335443951131507
ENSG00000140157,0.9513017275567375,0.9977748000000115
ENSG00000275835,0.4934930927235095,0.570242868224845
ENSG00000273749,0.9754915986247127,0.9683817957341884
ENSG00000185442,0.16268377717365318,0.17498722902761307
ENSG00000258484,0.35254131306635106,0.36544470772804205
ENSG00000128849,0.2766266995143472,0.19018869586512913
ENSG00000263155,0.004542110184622873,0.0008736203669856464
ENSG00000255529,0.5337304792132337,0.43169881274050903
ENSG00000183578,0.06456824461769617,0.039310225670269636
ENSG00000092531,0.6369056210933721,0.7385650536781304
ENSG00000180979,0.9135088498700403,0.8041943254401023
ENSG00000137814,0.40906854223286837,0.40177135612635817
ENSG00000140326,0.8801593789207447,0.831260072180287
ENSG00000128881,0.984907671325995,0.7764418433065637
ENSG00000174197,0.5383400594178022,0.42341276960057084
ENSG00000167173,0.43251426222272193,0.22904915207861093
ENSG00000140365,0.2890362524511721,0.2284945748097423
ENSG00000140398,0.5575991087758916,0.7221053958233319
ENSG00000140400,0.5230050912416793,0.5097724182831396
ENSG00000169410,0.6832806022438362,0.6460604121886393
ENSG00000169375,0.8602943211646912,0.7886605275596541
ENSG00000168907,0.8540075469567482,0.6765492211934953
ENSG00000166887,0.8621336643136442,0.8066852950179567
ENSG00000103978,0.6992370140224684,0.7851742768319547
ENSG00000103647,0.3946664672907432,0.2555358549106203
ENSG00000140350,0.5746945618456047,0.5529820880198469
ENSG00000138604,0.7277475398327347,0.9293250015091442
ENSG00000140416,0.32054694859664806,0.4048203837102545
ENSG00000167178,0.6761290540116232,0.8270149538842257
ENSG00000129009,0.5339906742477875,0.6681298918486536
ENSG00000137868,0.12561176966931642,0.15946730428662081
ENSG00000140459,0.17218750861134063,0.22142321351094696
ENSG00000138623,0.023797269587660957,0.021722948567569275
ENSG00000138629,0.3055534902968362,0.309449681076393
ENSG00000068305,0.6190912962798358,0.478437935329308
ENSG00000182253,0.16249709522725453,0.2562075543332088
ENSG00000103852,0.34796979888350954,0.33599172463642074
ENSG00000134138,0.3205613219779738,0.3372748816253211
ENSG00000140612,0.15219841597280365,0.08306277129774525
ENSG00000140403,0.8178306477500071,0.9688355738828908
ENSG00000140395,0.0877629808419758,0.057436489454938275
ENSG00000173575,0.8849308136077916,0.9232258486591872
ENSG00000166206,0.8412002226724118,0.9048873924259977
ENSG00000186297,0.6354972864397523,0.6015764698389272
ENSG00000140519,0.9657501479729266,0.8420821337282934
ENSG00000140521,0.28865796564848434,0.2929095420661467
ENSG00000261652,0.03202408913255393,0.025474805466310962
ENSG00000172349,0.349525376814402,0.3091478571540283
ENSG00000129003,0.2981754973076254,0.2568237489275718
ENSG00000166710,0.8653312225767467,0.8536635190558254
ENSG00000140265,0.7372312627620983,0.6482165980096286
ENSG00000137822,0.6241971423324386,0.6258842566580909
ENSG00000067369,0.9530459115467372,0.8970465805424347
ENSG00000166963,0.2910215132725332,0.24416366959410976
ENSG00000168781,0.4521433531515273,0.36261325506601594
ENSG00000047621,0.5048175117115452,0.3990268493492185
ENSG00000059804,0.203878433294885,0.28821932277876616
ENSG00000197614,0.5265426635184234,0.39867549613946995
ENSG00000166523,0.5458418383837256,0.5787114066221382
ENSG00000166532,0.6979392715122793,0.7347016944748345
ENSG00000139083,0.928837096207121,0.907271478501423
ENSG00000150048,0.6272669771249737,0.9055067154858297
ENSG00000070018,0.7815755863174197,0.6912829665279545
ENSG00000139112,0.9687760252233218,0.830952760144481
ENSG00000134539,0.7506200619106602,0.795666768603652
ENSG00000111196,0.8236928086007929,0.6428794775358158
ENSG00000173391,0.19029896299543617,0.17971967914419223
ENSG00000060138,0.9581772195891215,0.9619561804792561
ENSG00000151490,0.20292038105348575,0.11613974099426765
ENSG00000172243,0.5948187870730515,0.5777199742665211
ENSG00000111261,0.7233829164205259,0.6599830654361047
ENSG00000166535,0.44967695054114565,0.4377663226676205
ENSG00000060140,0.7307724414021683,0.5740397884155259
ENSG00000060982,0.060644786780055276,0.059120915989335505
ENSG00000213809,0.31436994173831495,0.5065593634448253
ENSG00000211455,0.9093495823582572,0.9853700125194244
ENSG00000165714,0.5109738126774519,0.5496362298993593
ENSG00000230657,0.19828010905362842,0.1260551137504055
ENSG00000008394,0.40499782513070015,0.374670462569481
ENSG00000151491,0.848078520814277,0.6595007492049644
ENSG00000139174,0.6588865014484799,0.44552469270700135
ENSG00000111224,0.9200272647825871,0.8299936890063213
ENSG00000130038,0.4788905729472195,0.47857157093361247
ENSG00000023697,0.8050396617991212,0.6201849687353875
ENSG00000121380,0.72211088671835,0.9155323095769445
ENSG00000179715,0.5560282992290546,0.5860530103558973
ENSG00000139044,0.612420792322283,0.7191109744897037
ENSG00000139209,0.023353402015657044,0.007659929913120519
ENSG00000139160,0.8202622823928274,0.8084411893291015
ENSG00000151743,0.6923613105800408,0.808281698271688
ENSG00000023734,0.8532661611292948,0.6336234106067041
ENSG00000064102,0.29338440827207846,0.18093154479363333
ENSG00000167778,0.6155413624108457,0.7160961200291964
ENSG00000139173,0.25419502680920764,0.2640848749708665
ENSG00000151229,0.6199736066257653,0.6648244953683206
ENSG00000111371,0.5719437872652345,0.5522795626538564
ENSG00000175548,0.6897486437003786,0.5671015751241177
ENSG00000178449,0.07530725763401953,0.050678985781978755
ENSG00000129315,0.42557660980123335,0.48812704229771997
ENSG00000134294,0.7774120118974099,0.8294390635974184
ENSG00000185652,0.32510123512593364,0.36012987829605325
ENSG00000133704,0.37372803251162956,0.4017574352095651
ENSG00000167566,0.9884681816202975,0.8916166829183862
ENSG00000182199,0.6865757092102323,0.7318565047573222
ENSG00000135423,0.0853236437773713,0.0707961619923411
ENSG00000005175,0.31637300862626766,0.30911388880776064
ENSG00000139117,0.9133850973135336,0.8218041337629792
ENSG00000161798,0.7290447472907691,0.8869610432632982
ENSG00000152556,0.59977169902852,0.6275640932802519
ENSG00000170545,0.48143037251428733,0.35797140906040026
ENSG00000174718,0.72195976611725,0.6657824334481139
ENSG00000152944,0.5867990965367489,0.8150526387222155
ENSG00000139624,0.0019478905842450194,0.002312459955879904
ENSG00000173451,0.47200581171038747,0.3925563110657557
ENSG00000118596,0.4701551783269342,0.44967958719060785
ENSG00000076067,0.3056645127204503,0.2807782487908797
ENSG00000066117,0.4710837086067219,0.48762360008186145
ENSG00000175215,0.4729315108241814,0.5114262183087188
ENSG00000058272,0.9317985115847018,0.9476927178738079
ENSG00000139626,0.9049507856513063,0.7705489171302426
ENSG00000139291,0.2759455752860712,0.39706051627757255
ENSG00000161638,0.0513142724645991,0.05749324331166697
ENSG00000111058,0.020999829616046812,0.013665167655601076
ENSG00000161800,0.5316249925396881,0.44552307619195386
ENSG00000167779,0.21692370370618322,0.22588151755353886
ENSG00000177425,0.29797584594638704,0.2838628697973445
ENSG00000111110,0.9836309717896111,0.8127795109606687
ENSG00000135472,0.5823395427026536,0.30817836388197695
ENSG00000139644,0.396004170525902,0.5059710511025366
ENSG00000110934,0.21674419665720399,0.19034576286142393
ENSG00000139629,0.717826630888798,0.5168469775513056
ENSG00000133639,0.806676589648995,0.7961060834024196
ENSG00000111605,0.3717880564008347,0.3696877427528015
ENSG00000172819,0.9743703485232269,0.9866876933196864
ENSG00000090382,0.7215936833269797,0.7410776206011255
ENSG00000180318,0.9709525664173572,0.8824493862841336
ENSG00000167768,0.8790238703402892,0.9928725477008471
ENSG00000171310,0.11009269720323445,0.09652950819110508
ENSG00000066084,0.16701894114790072,0.3040382204010782
ENSG00000135655,0.9539271500350104,0.9639704305384603
ENSG00000186666,0.01742418708193588,0.017197969647918306
ENSG00000133773,0.9259111403812395,0.9088971164535485
ENSG00000111530,0.4237854765952114,0.5506756554806886
ENSG00000136010,0.6140742534221154,0.5058016426191516
ENSG00000079337,0.01914692157754816,0.013436727347563168
ENSG00000111581,0.3597515417844579,0.40974995130528014
ENSG00000139318,0.019108372218618237,0.023784159754746067
ENSG00000127720,0.2745653356710156,0.19298693306373524
ENSG00000111145,0.0366461432806222,0.03685169667557653
ENSG00000180263,0.19168838520285442,0.23350769709486013
ENSG00000196091,0.9181969380257902,0.9557189444929042
ENSG00000059758,0.2514428071547401,0.15184646061316087
ENSG00000111647,0.3508042065124308,0.3427673793120579
ENSG00000174600,0.6930479407303194,0.5963191540037558
ENSG00000120860,0.2668050185757576,0.28466983369840587
ENSG00000253719,0.928307927054696,0.93685720301343
ENSG00000111670,0.3121333810155733,0.3834718995431402
ENSG00000111275,0.07403264690696143,0.06865133506474715
ENSG00000189182,0.5732394508009948,0.6671316640674398
ENSG00000139354,0.39503245160531697,0.38215496696687934
ENSG00000064115,0.4624899024488498,0.7973990680519067
ENSG00000166226,0.8157644359324736,0.859854899917986
ENSG00000179104,0.18280646498603875,0.21756595002040227
ENSG00000136044,0.6930319915451353,0.8730954590700553
ENSG00000057704,0.47436124039747607,0.43384294361667985
ENSG00000258102,0.051746557814608685,0.06946332033584761
ENSG00000151233,0.16778556644181952,0.18228584837721173
ENSG00000012822,0.20846327461118816,0.12065517499607115
ENSG00000080371,0.7187082140840133,0.8449872756293186
ENSG00000182379,0.6273507917161305,0.7782503522332627
ENSG00000111252,0.10094175529046732,0.09641555617499709
ENSG00000139651,0.5368276245488643,0.6330290014012158
ENSG00000151135,0.418434599098337,0.6293742362700222
ENSG00000091039,0.8376612610208745,0.9067229570666415
ENSG00000177889,0.9263503399278448,0.7290636121473115
ENSG00000135426,0.5302853516369797,0.636980699930044
ENSG00000158104,0.11253660615204468,0.11304336382362179
ENSG00000139133,0.4328669273723833,0.2235954632893982
ENSG00000049130,0.809602275609397,0.684368143261078
ENSG00000139218,0.6119725663403761,0.6240593738175325
ENSG00000136040,0.22636763664812481,0.2712047697965837
ENSG00000120832,0.6462977789644669,0.7841381208335716
ENSG00000111142,0.750456218278919,0.627421338242909
ENSG00000170627,0.31876882563961156,0.31089418922560447
ENSG00000061987,0.985303170473803,0.9866447114864175
ENSG00000013503,0.8900862561116598,0.8828869032477547
ENSG00000183283,0.49521328079108273,0.4709631388664347
ENSG00000175183,0.4297267128004284,0.4643952748409358
ENSG00000174989,0.818865117972037,0.770467348322577
ENSG00000120833,0.8488487136703895,0.7686014942487468
ENSG00000136026,0.7926936304212667,0.9982250725350797
ENSG00000102189,0.4387864691612914,0.49961783851280916
ENSG00000111785,0.5662777342098892,0.5054272698114894
ENSG00000008405,0.511761695074438,0.5355815345119106
ENSG00000165891,0.803863466352205,0.8713903185582951
ENSG00000188026,0.6019840276506399,0.7125379581290133
ENSG00000139324,0.08259381667454599,0.08086461275219668
ENSG00000075035,0.8203926269718047,0.9799296315967468
ENSG00000111727,0.4870084685948536,0.5839351682659852
ENSG00000188596,0.7247155532342121,0.9296725614272152
ENSG00000139726,0.6397513431118838,0.47154968815431697
ENSG00000075188,0.17553498958290534,0.10466696229301081
ENSG00000089053,0.4510961302049258,0.3113587665170746
ENSG00000111144,0.5272027643136423,0.40362137007114374
ENSG00000074527,0.07376158537185523,0.09715178598454904
ENSG00000110801,0.31298365247946286,0.3962384884194282
ENSG00000211584,0.5776315287957985,0.5405182361251999
ENSG00000127314,0.6607316651687136,0.5101565635645491
ENSG00000088992,0.04864244230744674,0.07817404162372632
ENSG00000122965,0.5672551616617636,0.506502255089186
ENSG00000111726,0.5855319945825166,0.41140903463622747
ENSG00000110931,0.3965394376718362,0.49605253586230225
ENSG00000175727,0.20049540613011058,0.17898571281633696
ENSG00000139344,0.1960754834866946,0.17019011428173358
ENSG00000171759,0.15167736891602882,0.1601150907267854
ENSG00000151131,0.09173995607813056,0.062228377826509085
ENSG00000111707,0.7287208589337933,0.8601474120309992
ENSG00000179941,0.2692300388009355,0.3480651863438783
ENSG00000169372,0.4045251578098815,0.40078431912104706
ENSG00000183273,0.30206563929910685,0.19331347271233731
ENSG00000173598,0.2701477632494314,0.446853412055109
ENSG00000166046,0.2925259819857625,0.13516959987386032
ENSG00000136048,0.03451980972045733,0.03286211822634436
ENSG00000127324,0.5386739389479863,0.44486656211272935
ENSG00000123384,0.08420150230582749,0.08248577852254149
ENSG00000158023,0.21401265507513512,0.18390489047587338
ENSG00000123338,0.5346007729120488,0.47143452939139985
ENSG00000120800,0.644862498294926,0.6278108440305694
ENSG00000139292,0.376033968440891,0.4024910674849772
ENSG00000136021,0.5535632524259912,0.5764490470483195
ENSG00000111452,0.022961644189431356,0.014452958094521124
ENSG00000184209,0.8164737833766351,0.7508521683605146
ENSG00000256223,0.9916795210821495,0.7885170825167793
ENSG00000084112,0.08306630687569404,0.1445622718635048
ENSG00000089022,0.7836770711082091,0.9125530748603208
ENSG00000120805,0.8175702953005095,0.7696227235749402
ENSG00000111445,0.5962749785407889,0.466705682925897
ENSG00000123104,0.04349215736870256,0.0343582831033675
ENSG00000189046,0.06900322384049772,0.05588654746038386
ENSG00000135090,0.2170999275656341,0.24418198436168428
ENSG00000089220,0.35110388847282614,0.41797836847059233
ENSG00000139352,0.6999864938615659,0.6439064601091025
ENSG00000135093,0.5620408589129797,0.46658568203382955
ENSG00000135678,0.12998926333275704,0.08744979788771631
ENSG00000151136,0.5216016254502077,0.5755842601521086
ENSG00000139370,0.0956096620494587,0.13171810796152697
ENSG00000089041,0.4568267368940121,0.3338573402603843
ENSG00000198270,0.23720366599915435,0.3026813109504933
ENSG00000176422,0.01386804377958016,0.012098759054799383
ENSG00000151948,0.3105460770444965,0.16851836674069462
ENSG00000185482,0.5033733294972986,0.5621876271054156
ENSG00000089234,0.9247188608306675,0.8704332486287039
ENSG00000111666,0.6346257159753408,0.6092113904505179
ENSG00000135111,0.3690818782282924,0.2707594000486305
ENSG00000176834,0.2154623868660601,0.22978964824475687
ENSG00000111696,0.19589336899254584,0.24619324085156666
ENSG00000111790,0.8257973522540233,0.9559984329068091
ENSG00000127337,0.146083887532799,0.18569007911680505
ENSG00000006831,0.627786282250411,0.5525576170029629
ENSG00000151065,0.4034970135834385,0.3571864747661474
ENSG00000111752,0.10160517558822381,0.13697219457564253
ENSG00000003056,0.7101060467498885,0.413531977724206
ENSG00000139187,0.7137884940540288,0.6765551492072983
ENSG00000089225,0.2221882441701565,0.17892952867755432
ENSG00000111087,0.3093937059147989,0.3369809204748675
ENSG00000123329,0.6689051007109894,0.7531030708639236
ENSG00000166986,0.4885278658661224,0.36628273628827523
ENSG00000166987,0.6777014190009407,0.6691430226245559
ENSG00000166908,0.8324079797342281,0.9121440841633639
ENSG00000178498,0.36361954637227667,0.35132142953557133
ENSG00000240771,0.7109538770210917,0.5579561387173289
ENSG00000135454,0.903825211746999,0.8112848324743325
ENSG00000135452,0.8812746368466646,0.9959467498026143
ENSG00000135446,0.12843577733366218,0.1008241065754143
ENSG00000139266,0.07374827494655489,0.07164539746645077
ENSG00000037897,0.09679085721827294,0.049230482388811475
ENSG00000123427,0.8773317628186008,0.9365094851677982
ENSG00000123297,0.23625818780257418,0.21276290151340668
ENSG00000133641,0.13948967708539856,0.11054313517783439
ENSG00000158113,0.9089605702077952,0.6767652463615318
ENSG00000176383,0.09421413047560184,0.08776526668077574
ENSG00000139719,0.5310088098716339,0.7284858486404204
ENSG00000166130,0.44196794169912834,0.7339869258273335
ENSG00000120802,0.21300466489772782,0.17290044975541435
ENSG00000139194,0.7238418392508905,0.6509745212436646
ENSG00000139182,0.2436804516203393,0.3207524701127371
ENSG00000135643,0.8925329355539295,0.8524403161535585
ENSG00000175899,0.024662356219844053,0.022176738646041746
ENSG00000110987,0.5428655752442301,0.47350427158137376
ENSG00000174099,0.43056940230453555,0.4189819097956794
ENSG00000110881,0.34850284795909425,0.43344898511358043
ENSG00000235162,0.3389418433888925,0.5380474307537054
ENSG00000090612,0.5214641321854738,0.7160416588453776
ENSG00000127334,0.22526494868404717,0.1618385389126831
ENSG00000136051,0.4832168150140935,0.4781265495155794
ENSG00000139620,0.6332876287067046,0.6085553362883234
ENSG00000111700,0.148808135115155,0.17737169916850468
ENSG00000111271,0.7423338909335151,0.7063906415411538
ENSG00000133858,0.28018844473587096,0.22786950014179005
ENSG00000139350,0.5315091755561028,0.5428931475703789
ENSG00000111077,0.06280182328640342,0.05492896084191634
ENSG00000002016,0.8190352963371342,0.6614550236766014
ENSG00000111684,0.8366439671277719,0.5803025631008836
ENSG00000159403,0.5887632581059945,0.7033039490815027
ENSG00000139197,0.9968824303050102,0.9186539931743035
ENSG00000139438,0.354379933478174,0.4167964695724148
ENSG00000111199,0.25156206520265834,0.25595952307851216
ENSG00000139433,0.12066283592110276,0.12797767946429014
ENSG00000083782,0.6134473988724605,0.5059476428896929
ENSG00000139329,0.5956855643458201,0.7653294936213891
ENSG00000011465,0.6703620768529431,0.7928056704016154
ENSG00000111775,0.34171803322797967,0.17717587599015985
ENSG00000170855,0.28809358215769487,0.17083091404475512
ENSG00000257218,0.8446751051489455,0.6573964500377748
ENSG00000088986,0.2903637810833598,0.20522325388627335
ENSG00000110871,0.4723054803648764,0.28355882912068264
ENSG00000167272,0.8153505703602004,0.8513590630024012
ENSG00000139537,0.6631662021086776,0.36566685399284826
ENSG00000134285,0.31086308454954525,0.3408160019875992
ENSG00000169884,0.6181280900534791,0.6078007538364492
ENSG00000167550,0.7745048004052228,0.8016110828772254
ENSG00000123416,0.4030338664503331,0.29892799331818015
ENSG00000134287,0.41786354175484697,0.5964694336515943
ENSG00000111652,0.1008075911307626,0.04089494523209757
ENSG00000089692,0.6098333359339002,0.6941890558533281
ENSG00000010610,0.20081883932411684,0.19686942858735784
ENSG00000250510,0.7954811192907514,0.701519322340449
ENSG00000110811,0.8650367600214827,0.9389395029961373
ENSG00000111664,0.13538669600898853,0.17261461514062038
ENSG00000010626,0.6646125174229118,0.5914251414483291
ENSG00000111674,0.8429352502577635,0.7365732797010285
ENSG00000111676,0.7995030799708879,0.9463844418091141
ENSG00000111678,0.5677173498147063,0.36087584346034884
ENSG00000111679,0.39218819846425634,0.4773742609290783
ENSG00000111669,0.3629670128577708,0.2089226571626773
ENSG00000204842,0.6909285197272101,0.7942262437164709
ENSG00000139163,0.940609304531997,0.911688149657086
ENSG00000187109,0.7830509119671473,0.7134829438923279
ENSG00000078237,0.40833551124833956,0.3260674900295552
ENSG00000118972,0.7774714973325512,0.9705451973231805
ENSG00000118971,0.03909446470136542,0.04028705056661094
ENSG00000135414,0.4491237209888368,0.39105114664307283
ENSG00000205323,0.049533248016826625,0.031271516403362565
ENSG00000257390,0.23729407986056075,0.3936179284410569
ENSG00000123353,0.9155529834441987,0.9101255134802553
ENSG00000123342,0.13963569321743607,0.15228845140432595
ENSG00000065357,0.0400606374611453,0.04994701509581404
ENSG00000184574,0.8042025612568776,0.938493006009508
ENSG00000111644,0.5400622494237561,0.6373520981295566
ENSG00000111653,0.3791023597452021,0.38409530214358667
ENSG00000159335,0.4235917444034072,0.30792907153289834
ENSG00000170426,0.34271645161994657,0.2674056002430756
ENSG00000166860,0.8534912601362666,0.6799155787637114
ENSG00000166863,0.9644116543080736,0.6935471684320318
ENSG00000166881,0.8275788796829167,0.8288143027662875
ENSG00000166886,0.8755880204975833,0.804084563090002
ENSG00000166888,0.8193231098293301,0.9885923119401144
ENSG00000061273,0.0677892503580668,0.06969001198587262
ENSG00000111424,0.2671232890879298,0.3323490950848015
ENSG00000134291,0.5591244404558267,0.3659305223756246
ENSG00000139219,0.6876561894042308,0.8772384500536807
ENSG00000079387,0.7044902326340895,0.7281080261812295
ENSG00000086598,0.5888928462833334,0.9784327117852651
ENSG00000111364,0.24274572851715204,0.19775388204273486
ENSG00000111361,0.7736004027762471,0.6579851219030739
ENSG00000111358,0.526455380181077,0.4266193066895456
ENSG00000185344,0.7327201907365417,0.8446402215654581
ENSG00000152137,0.02657265986926406,0.01584637792628001
ENSG00000110841,0.0905863843934196,0.10662511524880937
ENSG00000174236,0.18970507681140814,0.2568368411615917
ENSG00000061794,0.3308168303150453,0.20476375838719177
ENSG00000087448,0.6476276696337442,0.771427336736527
ENSG00000087494,0.7604821997648887,0.6256075517760424
ENSG00000198707,0.7811114324980655,0.7383434451306167
ENSG00000110799,0.051553686558281915,0.03639024819123417
ENSG00000198855,0.02615330101788471,0.016550282536496055
ENSG00000075856,0.9110093670228919,0.8383736217049501
ENSG00000136003,0.9054242998361584,0.9721384864907054
ENSG00000183160,0.24706734544969078,0.36750299742049786
ENSG00000134531,0.6603394112301367,0.7343384274626055
ENSG00000063046,0.8430766717957492,0.882941994657038
ENSG00000139116,0.17152187549196926,0.22486843607419013
ENSG00000184613,0.23686800965090934,0.1861387923661231
ENSG00000111716,0.5864860015555926,0.8437079712950057
ENSG00000127328,0.975204649072051,0.9895274456223146
ENSG00000139263,0.11110776613682559,0.14035085368346487
ENSG00000161642,0.5390261810326724,0.5331344266427307
ENSG00000177675,0.07111967952013319,0.08397023338118444
ENSG00000186815,0.17234297209185265,0.22213867364696369
ENSG00000110876,0.16688295472845746,0.12331721774568324
ENSG00000123096,0.2138377970989468,0.30547486127634926
ENSG00000110880,0.868484544479156,0.9213639879355874
ENSG00000176871,0.04391705711695589,0.08842536744277615
ENSG00000123066,0.07576127498868615,0.084766067419334
ENSG00000134545,0.33765799876895014,0.3923804993907467
ENSG00000205707,0.8006568825596392,0.7085387598383606
ENSG00000110906,0.04485588970724379,0.04058775878898017
ENSG00000151148,0.1703434733115873,0.279261258979059
ENSG00000139428,0.44586524375336667,0.3966384279457428
ENSG00000033030,0.6537427110863512,0.6627160478773793
ENSG00000111011,0.53190059225662,0.4224204189321873
ENSG00000184445,0.16597491159005923,0.19201558327973403
ENSG00000182782,0.7201392074554556,0.5409540931130236
ENSG00000255398,0.9469883124773493,0.7297368751876426
ENSG00000196917,0.8924863505029907,0.8509974769124341
ENSG00000130787,0.5998450457469715,0.6550122188492824
ENSG00000139722,0.38634556302058887,0.26246650034635705
ENSG00000139567,0.012738027809768236,0.009840037118979022
ENSG00000135503,0.727169376516555,0.565988333020285
ENSG00000161835,0.12692230570623034,0.07287231899478194
ENSG00000123358,0.1282832662623433,0.16899224426097081
ENSG00000155980,0.6470153073978999,0.7709984648106565
ENSG00000258311,0.250758667636889,0.18133934434069196
ENSG00000135404,0.4000918265735318,0.5866930927061397
ENSG00000111412,0.17995625954098418,0.22651891261357904
ENSG00000111319,0.7327813929172214,0.7343675292751042
ENSG00000111321,0.45544413607653755,0.219707802604034
ENSG00000139192,0.7650282339055787,0.8778159224021355
ENSG00000010278,0.03086265018013349,0.025194022397585867
ENSG00000110955,0.578889077301433,0.5098590693669209
ENSG00000110958,0.9207426714106538,0.840493167477603
ENSG00000285625,0.8060686875472214,0.804936354614758
ENSG00000025423,0.166719542853631,0.15296166546825696
ENSG00000196531,0.2158064905725729,0.26534362237275133
ENSG00000182544,0.6940904052117923,0.5577140810859675
ENSG00000135476,0.7829267451759648,0.6385136878832234
ENSG00000123349,0.18464251370516543,0.13559226191517976
ENSG00000139637,0.3412070429603112,0.32004783940659465
ENSG00000094914,0.8511073506952744,0.8150376187498991
ENSG00000185591,0.49593275593639696,0.5858247994123473
ENSG00000205352,0.6256782494330422,0.4759579676986687
ENSG00000094916,0.8128545117159551,0.9070466483798315
ENSG00000123405,0.08995643692213745,0.09908759987561412
ENSG00000111481,0.43803157587316754,0.2556105612368321
ENSG00000139572,0.3726292053846896,0.4271063672536507
ENSG00000111639,0.016494340389227643,0.005827461078437399
ENSG00000010292,0.39647526723577897,0.29972206551680003
ENSG00000111640,0.3911746317238438,0.23679953612571664
ENSG00000111641,0.5773854756650474,0.4718419589160987
ENSG00000111642,0.6026351167566416,0.7254881044283077
ENSG00000015153,0.6994304794499224,0.5261590555528484
ENSG00000134283,0.8816131582454514,0.9362743406332695
ENSG00000139168,0.6036712906763866,0.46882297161781594
ENSG00000010295,0.13611515289797493,0.12664999077087988
ENSG00000111725,0.17225243517446095,0.2190481836131737
ENSG00000122966,0.6955763376162314,0.5296465187146077
ENSG00000089693,0.16536068823826644,0.0824217717715271
ENSG00000215021,0.09088185242535447,0.03623672641277963
ENSG00000120837,0.3914057040674055,0.3124330763674137
ENSG00000255150,0.698083558475417,0.6015536741193004
ENSG00000135119,0.17175039207806744,0.23357915024210285
ENSG00000149948,0.5528235499500767,0.6829465536544391
ENSG00000111596,0.5412718982388052,0.40777742558632446
ENSG00000139190,0.08674919167112488,0.08715195856687717
ENSG00000135486,0.5129840603913226,0.6126723894798604
ENSG00000174206,0.6412344475822009,0.6747202092741681
ENSG00000185306,0.027210953154832424,0.009287109084400383
ENSG00000184575,0.5042484326882254,0.556879397705716
ENSG00000175203,0.71302521670738,0.812516818597286
ENSG00000184047,0.3387714250667701,0.17610267463339216
ENSG00000111667,0.9459431811073709,0.8153669765700139
ENSG00000127329,0.024530764316899777,0.015590586385987095
ENSG00000139193,0.69695778667625,0.6326614392475214
ENSG00000139200,0.35296061288179037,0.30275404446754783
ENSG00000166225,0.6887169403197853,0.5579730170449841
ENSG00000111404,0.8033513438453901,0.9984256696504827
ENSG00000173262,0.1517649899484718,0.14696450713115988
ENSG00000076108,0.3398509744118914,0.35633283951234973
ENSG00000139211,0.19673960787420064,0.2269173207831758
ENSG00000198015,0.1647233813514644,0.1250103969574466
ENSG00000185480,0.207214411875792,0.1995833472625076
ENSG00000111665,0.07368676788483261,0.03466710419107619
ENSG00000111671,0.7776681457572355,0.4804535851676418
ENSG00000177575,0.05511139928760366,0.04813835277121175
ENSG00000183735,0.49891239824043043,0.43986811275689386
ENSG00000153179,0.36680822872188146,0.3191657040516125
ENSG00000135677,0.10259183546721817,0.097094290219056
ENSG00000156076,0.6329650464686465,0.9490912265279159
ENSG00000174106,0.7327207867510956,0.8717740046477701
ENSG00000073060,0.2361082807551073,0.30231288075501483
ENSG00000050426,0.27719659372174876,0.38225057418702557
ENSG00000110925,0.6952112514809534,0.6566668502293167
ENSG00000061936,0.7151404514804787,0.7171106239195281
ENSG00000177169,0.16166797032362276,0.08195791338376245
ENSG00000177192,0.6055150530049116,0.6215653026663333
ENSG00000198598,0.7818636914633533,0.8969502781000517
ENSG00000176894,0.5319047406492969,0.3253296940624887
ENSG00000112787,0.7303656600888453,0.7016793272782774
ENSG00000231738,0.8266437577297349,0.602103869039438
ENSG00000166598,0.36996975869619486,0.5396315117274466
ENSG00000204954,0.11511726604157246,0.10574002556383547
ENSG00000139372,0.36355502031308706,0.39496650863772065
ENSG00000188906,0.005694939012972703,0.0021157096830728772
ENSG00000072041,0.9527174837720591,0.9884603425581153
ENSG00000089127,0.5023435997890013,0.37320552307488286
ENSG00000111331,0.13375415456790282,0.12293094401637508
ENSG00000111335,0.9264613353795732,0.7900033177207428
ENSG00000157895,0.46881703270299113,0.5024193433566189
ENSG00000177119,0.10351522444606834,0.11060365840007634
ENSG00000168778,0.23579331285119232,0.19183682107363562
ENSG00000111229,0.5486152787487568,0.9264196847684428
ENSG00000111231,0.6116437232260001,0.8306302703730747
ENSG00000204856,0.37828692148334875,0.31175370995579993
ENSG00000111237,0.2581675296736903,0.18327074512253805
ENSG00000196850,0.9644620149206438,0.9335980849049956
ENSG00000122986,0.8383154615933819,0.9374397592835193
ENSG00000186298,0.23288407869722022,0.17710649744598728
ENSG00000204852,0.04261157956544429,0.05166482652022301
ENSG00000167552,0.1578193280090355,0.13905730690142984
ENSG00000135451,0.15437402358515645,0.08253161482541246
ENSG00000151176,0.8479248756852682,0.9781205822729865
ENSG00000135094,0.637508882748689,0.7548958707572291
ENSG00000139410,0.30863586455619424,0.3514595360266356
ENSG00000089116,0.47113109101878314,0.46606671822413515
ENSG00000089060,0.32620679930920354,0.3644560150401739
ENSG00000111540,0.458948866212183,0.4831469818424283
ENSG00000139531,0.9953851147388301,0.8506551600818407
ENSG00000123411,0.3255227234289413,0.23878549057916323
ENSG00000197728,0.09512163500995653,0.05097776103108939
ENSG00000170515,0.3760523782991151,0.26785466716837203
ENSG00000229117,0.06425050190896696,0.038526727670051136
ENSG00000139641,0.798379536714474,0.8434477587000688
ENSG00000135482,0.931131295572541,0.8557656941830286
ENSG00000092841,0.7363905496855265,0.5688539071102634
ENSG00000139613,0.8840715742145676,0.8702089433746519
ENSG00000181852,0.48828933351418335,0.5523483238418267
ENSG00000139579,0.2560894913038531,0.1667265626389495
ENSG00000139645,0.5955890706146794,0.5805256513327297
ENSG00000135469,0.5953246778608596,0.5928336976645135
ENSG00000062485,0.9247483338661996,0.8965508043548025
ENSG00000144785,0.231740707300913,0.31440922613568656
ENSG00000257727,0.38382522882108316,0.21716606537788194
ENSG00000110944,0.6722387712985358,0.5767737956395673
ENSG00000121350,0.33879478029597043,0.3452079819413385
ENSG00000004700,0.6517325884353193,0.7883946023447875
ENSG00000111711,0.6510704172311964,0.9316335332770898
ENSG00000139131,0.5949925401228797,0.4161915175433616
ENSG00000167535,0.9871004071013789,0.9656690863742645
ENSG00000172602,0.0125306033951229,0.006106499088689598
ENSG00000174233,0.3258835871656686,0.41823753876098546
ENSG00000051825,0.7315791672692646,0.722406816111719
ENSG00000111328,0.4240697123687459,0.3083173908550328
ENSG00000139697,0.7540725736536522,0.7339069342142954
ENSG00000130921,0.5334761779683904,0.512277443527598
ENSG00000150990,0.47652412303687053,0.5947505396095578
ENSG00000184992,0.9069972665265954,0.7982195574844562
ENSG00000081760,0.9536173247603993,0.98852344205826
ENSG00000139233,0.181972587150121,0.26944230905819777
ENSG00000090376,0.18419945222889808,0.10490240389979491
ENSG00000110911,0.48565111000003425,0.4085964432543473
ENSG00000139547,0.9071510183249282,0.8421411369563578
ENSG00000135392,0.9866164345207362,0.9343105827705194
ENSG00000075089,0.989537887270923,0.9414018096590451
ENSG00000130779,0.3594483866150162,0.3824437496722477
ENSG00000111728,0.9994540007185538,0.8162754120922069
ENSG00000196387,0.8188218037424628,0.6903276490756457
ENSG00000074590,0.373785838079688,0.26817200068578334
ENSG00000121749,0.7315058596016928,0.71204397879328
ENSG00000186908,0.7057512718212675,0.6182578476292468
ENSG00000120820,0.9440505586692309,0.8248491692400548
ENSG00000111052,0.534420365365256,0.684449363023043
ENSG00000214029,0.8692326500437066,0.6031717957105127
ENSG00000150977,0.30182048135399664,0.258526143448264
ENSG00000060237,0.8346140881132482,0.9747581717821081
ENSG00000111490,0.10655545025644256,0.11578854337619525
ENSG00000120798,0.7673968797139838,0.6380815021168049
ENSG00000184752,0.22015033686046365,0.14385625531334723
ENSG00000022840,0.7063876823868895,0.9272430935903256
ENSG00000075415,0.9204011295539901,0.821243567718656
ENSG00000120868,0.6843450192523209,0.5979193666138449
ENSG00000111269,0.20232641098675783,0.2699961013235428
ENSG00000183150,0.8656830779785948,0.748820706541923
ENSG00000178878,0.36821241608283695,0.3434508680821686
ENSG00000213782,0.24323397365631572,0.11996343233066101
ENSG00000174437,0.4222182815829294,0.4861993489070846
ENSG00000170473,0.1701633866733814,0.14509843305717426
ENSG00000185664,0.9125751230150358,0.8914576404543041
ENSG00000123374,0.45537602853663595,0.41704514310989604
ENSG00000180481,0.6413698609802924,0.9808513842542849
ENSG00000139278,0.9255515436611179,0.9858937872199401
ENSG00000111615,0.1544162043174865,0.09732922112725087
ENSG00000065361,0.8469538747151698,0.8212290939950854
ENSG00000177627,0.16049145178824095,0.08389603734338888
ENSG00000111266,0.29933668960380483,0.3401305702684798
ENSG00000013588,0.024632780384138724,0.026079184353627667
ENSG00000013583,0.24012198073349317,0.15303531291486255
ENSG00000181929,0.11518346015972698,0.07818753428081035
ENSG00000111276,0.6683484954126826,0.6440956068312436
ENSG00000089248,0.19947582111088294,0.12408655312118905
ENSG00000111300,0.690767836931039,0.7842155888875227
ENSG00000135148,0.6150901625751382,0.5561193761216497
ENSG00000173064,0.2726747507853557,0.28879893441223786
ENSG00000139178,0.6330984114917731,0.6366764111004933
ENSG00000111731,0.44106665475579443,0.4753688807152108
ENSG00000175197,0.927935260988435,0.7781097102046761
ENSG00000196510,0.8762120091822699,0.8001610789332978
ENSG00000123395,0.25379251029998984,0.14077463697443107
ENSG00000126746,0.5573288619926171,0.47125061239066046
ENSG00000198324,0.058841933829985246,0.07268730221615716
ENSG00000084453,0.3908402324195649,0.24562913340979567
ENSG00000187510,0.944530508494515,0.818323510863913
ENSG00000090975,0.06299656508177451,0.06250918103663283
ENSG00000165685,0.43231272241706065,0.8004194087653157
ENSG00000008323,0.7771421767850502,0.7388971779779578
ENSG00000136052,0.06324113810712395,0.09389700676277264
ENSG00000136045,0.6188987188718843,0.4941066918605883
ENSG00000110851,0.35753590788368483,0.287772072122438
ENSG00000197111,0.4495135010503173,0.2934735823067748
ENSG00000139625,0.6612676290064228,0.7648035499924146
ENSG00000139546,0.4793248672563245,0.3386744378947478
ENSG00000170653,0.8185409207736599,0.6813984508691522
ENSG00000135390,0.08349412733955164,0.07102134737751112
ENSG00000198774,0.13803883341962406,0.13590083713486856
ENSG00000133636,0.0613026736987668,0.04762620152633431
ENSG00000139132,0.06215381451052656,0.03883265205124585
ENSG00000118308,0.3749730038279576,0.2132004577614579
ENSG00000186710,0.23346253354486798,0.08704480624141567
ENSG00000123064,0.5139444815388765,0.5970281846605463
ENSG00000139405,0.7829932973831115,0.5852556764670551
ENSG00000166578,0.341853598381493,0.2800853898223404
ENSG00000135457,0.4685608463998435,0.48261099902839966
ENSG00000123106,0.27564159908425995,0.27293458458484315
ENSG00000170477,0.7944028815688918,0.6822774423637831
ENSG00000185640,0.7139131427655732,0.7250781771177844
ENSG00000170423,0.4905880511104337,0.5999868879243904
ENSG00000111057,0.4453167135200651,0.6586821257164537
ENSG00000170421,0.6785379521655686,0.5035418861088715
ENSG00000069431,0.5736290691016888,0.565715511932944
ENSG00000139437,0.5963291158725268,0.5901642701654513
ENSG00000076513,0.2350741616228382,0.2035311549064963
ENSG00000122970,0.9823632128978055,0.9612303778161426
ENSG00000246705,0.5971056725103525,0.48850195533655105
ENSG00000084463,0.5252387213411169,0.3923548066015048
ENSG00000182993,0.10896164556171829,0.1309128844775857
ENSG00000111341,0.7413588061794928,0.7701627056350948
ENSG00000139055,0.6836307437058876,0.5881490161476939
ENSG00000111348,0.7633330880323487,0.8314299204034249
ENSG00000171681,0.535752636265517,0.5467721355005521
ENSG00000121316,0.9806191383735835,0.9263459582080256
ENSG00000110917,0.818748231734032,0.8252247979590623
ENSG00000175970,0.8471053220104772,0.9112629299787651
ENSG00000122971,0.3890470872171574,0.45361360046476673
ENSG00000157837,0.35622969924231274,0.46679866317785323
ENSG00000167548,0.7194846233297794,0.6824410053736838
ENSG00000133703,0.712465570524585,0.8086591118642892
ENSG00000089009,0.5799658214514154,0.6120472151177694
ENSG00000179295,0.5129815786673484,0.5194157565739155
ENSG00000174456,0.723938729193852,0.7966205249881746
ENSG00000139718,0.8635973496156467,0.8036348756165967
ENSG00000183955,0.15534389542933447,0.16070963924752918
ENSG00000173588,0.5199499441819104,0.694349743559184
ENSG00000170439,0.02075880977016661,0.028138254941606926
ENSG00000135108,0.6797285243541566,0.7083557757219425
ENSG00000167553,0.6981719381490032,0.6263382811141825
ENSG00000089250,0.41975232768861903,0.4231918555343901
ENSG00000150991,0.6335326042869014,0.6706058276837568
ENSG00000089094,0.9195809917052781,0.9233673458529488
ENSG00000139436,0.8320737845550361,0.9598726858021982
ENSG00000150967,0.2792123700268103,0.25966012988097575
ENSG00000135124,0.1039870144522103,0.2284364257020637
ENSG00000139631,0.20318285263183802,0.3645824077459291
ENSG00000048540,0.13108504183432426,0.06657193493004976
ENSG00000155957,0.12538751797453615,0.06730268167266155
ENSG00000172551,0.8767596570261544,0.7256241101963607
ENSG00000161813,0.8698520236022278,0.8584643250002769
ENSG00000028203,0.8822192053867722,0.8759482273937822
ENSG00000135679,0.18802030884624632,0.07317382640522994
ENSG00000076555,0.22790940358958994,0.132080812578418
ENSG00000135441,0.6774473818209761,0.5492787326948034
ENSG00000197837,0.18663008422332925,0.12578004236361093
ENSG00000132341,0.7412991213055743,0.44158787834317614
ENSG00000118600,0.34946747916479537,0.538499476686587
ENSG00000139714,0.4655865259399399,0.5313835562481637
ENSG00000188735,0.36991174658165993,0.47691856836758684
ENSG00000139725,0.01584041677464504,0.024836441476688686
ENSG00000135439,0.315650729479294,0.2441453098186392
ENSG00000135127,0.6724763190941209,0.6232513464143316
ENSG00000111737,0.03769769077633435,0.0659526528396703
ENSG00000089154,0.6364270862362944,0.8368945704503263
ENSG00000089157,0.14511761766095863,0.07239830050228356
ENSG00000089159,0.04237948518465252,0.061463917007951216
ENSG00000111186,0.3312500107370947,0.34955199527280467
ENSG00000171823,0.29692124084776716,0.39399275296641567
ENSG00000082805,0.6576016522511323,0.7463808645985642
ENSG00000123095,0.07585676152724148,0.11312070635899332
ENSG00000123094,0.46959621645847593,0.4185933261315007
ENSG00000135407,0.2591973367292415,0.1854686543115734
ENSG00000069493,0.5374996371385374,0.782936774159233
ENSG00000110848,0.8881668732019081,0.9983552152973194
ENSG00000110852,0.6459606518230975,0.5847462476523946
ENSG00000172322,0.949769489293424,0.8357863297487054
ENSG00000072609,0.12491578827008537,0.22201560483087282
ENSG00000196458,0.5991600160200107,0.6102402993456795
ENSG00000198393,0.721484908394328,0.6383309639259633
ENSG00000198040,0.5797166676890738,0.6173823442920912
ENSG00000170456,0.5621545667267596,0.6041904999034189
ENSG00000090615,0.1227596201894828,0.12220881444588344
ENSG00000111344,0.27401933572859666,0.33782185692127115
ENSG00000179912,0.32086238415434726,0.25979265639469296
ENSG00000197870,0.3154596991719251,0.15628942787023908
ENSG00000185633,0.37187590157446926,0.43753838035995707
ENSG00000139343,0.31267563465628656,0.2609440949368731
ENSG00000135473,0.9101586171710625,0.9716170928668767
ENSG00000050405,0.5215094911928728,0.5401765935675324
ENSG00000170633,0.3705339932627125,0.2977566028207551
ENSG00000111291,0.11882527276983304,0.24064324681901147
ENSG00000110888,0.5928862606052903,0.4108596311980858
ENSG00000111247,0.0946605278103211,0.05168491442242573
ENSG00000010219,0.37273948591866746,0.4932524426975595
ENSG00000139180,0.1182693297377788,0.06919794514145174
ENSG00000255639,0.9060624904552463,0.81994807584126
ENSG00000130035,0.3970872057877476,0.34977158545182596
ENSG00000196935,0.8241982171917106,0.7049310655458243
ENSG00000185432,0.7989241815843882,0.6233870994266584
ENSG00000123268,0.8219324085971771,0.7416422507237377
ENSG00000171847,0.5414662425980804,0.5302459526481453
ENSG00000196465,0.2065150523057521,0.1467108543538855
ENSG00000065970,0.887843924038209,0.8361519083849962
ENSG00000171860,0.14336382118933855,0.11896290967269348
ENSG00000089818,0.339595566039293,0.5443801556749324
ENSG00000111729,0.1612540933783008,0.12748045022524265
ENSG00000129317,0.6299491289041288,0.49736980791151675
ENSG00000151239,0.19575602158534555,0.1237684814324932
ENSG00000198001,0.5911702090037467,0.6018071515366826
ENSG00000064763,0.7362083156460861,0.8245280972089262
ENSG00000087502,0.8138203018331536,0.9640207991769177
ENSG00000084444,0.19118902121852857,0.16126286988170546
ENSG00000167767,0.9902819485682415,0.9856513068734137
ENSG00000135480,0.17102727679536747,0.11268976490834978
ENSG00000170442,0.3656471562020125,0.4036396021702433
ENSG00000205426,0.4260109294177371,0.45701697668717933
ENSG00000170454,0.07399547040723527,0.12467897684112599
ENSG00000185479,0.36872451012208973,0.48739000232422447
ENSG00000170465,0.499339801603108,0.5496782562521894
ENSG00000205420,0.48283982797360425,0.5272538977257677
ENSG00000186081,0.3044933013294541,0.4208011938478373
ENSG00000155974,0.24292022369850794,0.12379935163618636
ENSG00000198431,0.6962481980462819,0.5568307686314127
ENSG00000110921,0.9554711070643084,0.8023533468571696
ENSG00000111215,0.33430942340374115,0.1602112324738216
ENSG00000111602,0.8462123719733731,0.7512282911070727
ENSG00000170581,0.3762718252958366,0.3682185994266962
ENSG00000067182,0.42160092599504784,0.598058978386112
ENSG00000029153,0.8933446699426931,0.66390797880435
ENSG00000119242,0.022345539714476684,0.02648487116404332
ENSG00000179195,0.8230878508735382,0.8368768657191115
ENSG00000196498,0.050326616198139315,0.04809938043802761
ENSG00000187778,0.5617739731486131,0.6145355148877195
ENSG00000110844,0.7688996483774037,0.7380651032116112
ENSG00000161791,0.48813514373156786,0.5484651120263262
ENSG00000182196,0.8296637009334012,0.5917115630520715
ENSG00000182326,0.2997838900773003,0.35288069250859677
ENSG00000123364,0.6424389283703977,0.6278265421503153
ENSG00000123388,0.2541064189107965,0.2740855638578906
ENSG00000180818,0.10287879380521367,0.1266798359763601
ENSG00000197757,0.33187682892783293,0.422782812209222
ENSG00000180806,0.46414221844261416,0.5133389818606957
ENSG00000037965,0.8190514211497552,0.765880853228133
ENSG00000276045,0.9550030586304151,0.8270614184433466
ENSG00000171840,0.11328295588349672,0.15667849946329995
ENSG00000004478,0.5560393647506334,0.32011166801643154
ENSG00000111203,0.7671563619702333,0.8632055200930653
ENSG00000053702,0.9390527472765475,0.8328642753191133
ENSG00000111206,0.7929065839591555,0.5491626857470031
ENSG00000171792,0.5287304818417586,0.32716809914201045
ENSG00000078246,0.9376889401917229,0.8807342253364432
ENSG00000197905,0.9195921851731987,0.6414146699514491
ENSG00000011105,0.6111899530430204,0.7532340868095755
ENSG00000076248,0.7426635924866262,0.6152539123174794
ENSG00000111325,0.49659792936852953,0.4130139157513639
ENSG00000135114,0.37959829687194124,0.22201038502932882
ENSG00000177084,0.7861788750997494,0.8799419792692013
ENSG00000189079,0.7804623576719996,0.8722516332529406
ENSG00000139636,0.46777605852022386,0.5306654905888859
ENSG00000057294,0.7537104980407354,0.6046582227426869
ENSG00000135506,0.9099793591299629,0.9309782592719061
ENSG00000174243,0.3535792935567804,0.30579456186326914
ENSG00000126749,0.11540978876694828,0.0621216019606237
ENSG00000185163,0.8829718664067666,0.829578980199249
ENSG00000184967,0.7065860330497438,0.7815917273577704
ENSG00000183495,0.9444019631360396,0.999940975794008
ENSG00000087470,0.9766059794130256,0.9132506777771697
ENSG00000111554,0.7291959177086131,0.9542086648434435
ENSG00000178882,0.13360544924775394,0.18435444576863116
ENSG00000198353,0.03944213445417389,0.041222382897212355
ENSG00000123415,0.2485876129894025,0.15574936982515375
ENSG00000256537,0.6707088788784934,0.7423355833783404
ENSG00000111012,0.9377789455423677,0.9481975222575547
ENSG00000073614,0.9079037731057036,0.9616791750255707
ENSG00000120647,0.6323019761226576,0.6509985984775585
ENSG00000134532,0.09235562653492378,0.182141641779383
ENSG00000017427,0.14961639187758285,0.14052797167234715
ENSG00000067715,0.9738809072239611,0.8874396764533673
ENSG00000176915,0.47559346181741824,0.4694353309102762
ENSG00000247077,0.8068869822382596,0.878436149482092
ENSG00000139323,0.6447587973961644,0.4928202033237479
ENSG00000257594,0.7974450218486405,0.6242086008112462
ENSG00000070961,0.3132693473682963,0.327274726013507
ENSG00000121361,0.04859514743096059,0.05901931556070831
ENSG00000151746,0.9548572467904287,0.8473693338463464
ENSG00000018236,0.5568998054146457,0.5600674939683484
ENSG00000110900,0.7692512194743766,0.6984200501879113
ENSG00000013573,0.552570189594203,0.6396841554628642
ENSG00000139146,0.8796653676501556,0.8569128111025932
ENSG00000111796,0.8971408362522576,0.9194968328577745
ENSG00000123352,0.90629670881067,0.9558233591692961
ENSG00000111450,0.025882764129184277,0.03339801994570486
ENSG00000089163,0.5169586226855826,0.775486182040112
ENSG00000170890,0.005953719345324504,0.0013351285336300456
ENSG00000135097,0.5174216382223551,0.71795333526096
ENSG00000111786,0.43680481930022297,0.2202897943467518
ENSG00000111432,0.47686256730452026,0.333578579844481
ENSG00000198056,0.5498255708573047,0.5019042156580972
ENSG00000139154,0.6198112791722712,0.5136604365006888
ENSG00000052126,0.045110249066460065,0.055793344066468124
ENSG00000134533,0.5253778569699922,0.5345860790850163
ENSG00000139289,0.8601208873608017,0.9905070729148915
ENSG00000177981,0.7937253821169514,0.8844076847940875
ENSG00000177875,0.8040941203728134,0.5631557051801512
ENSG00000167528,0.6575480237204072,0.4310763020945012
ENSG00000135424,0.027249888062853708,0.021856918638569853
ENSG00000133687,0.3724739445569093,0.6257752579772786
ENSG00000160072,0.7882913314728844,0.7214749596501742
ENSG00000157911,0.562654782167419,0.5711029871345636
ENSG00000142655,0.1217520635697762,0.06813317900741578
ENSG00000149527,0.5058958593915945,0.5221181900440377
ENSG00000171621,0.7333512260443911,0.6319007858025101
ENSG00000142583,0.19020204019019946,0.1814965775174868
ENSG00000116786,0.09827663046314682,0.09647035451044254
ENSG00000173614,0.9594530611528845,0.9287868051712554
ENSG00000142606,0.5438687810896922,0.5174409747672927
ENSG00000171729,0.21890846309290865,0.28224134807631207
ENSG00000037637,0.41290139088657773,0.38115031115431086
ENSG00000159423,0.47368124995651495,0.5043703258377217
ENSG00000011021,0.3245310738952228,0.29355344707038533
ENSG00000157916,0.43506873298523585,0.5630879544524363
ENSG00000157881,0.2240415563379621,0.2672767333866844
ENSG00000048707,0.7000981430139553,0.8445598351887416
ENSG00000162444,0.25430265404751223,0.33320979809316575
ENSG00000180758,0.04876365466525836,0.04693903814120278
ENSG00000184677,0.5013187297041055,0.42106949189103227
ENSG00000131697,0.06611768311157404,0.03565501840492381
ENSG00000055070,0.2620109244707651,0.27834361834919924
ENSG00000175087,0.5061060059361451,0.629599112115595
ENSG00000157191,0.19255255285763231,0.22391434969341598
ENSG00000162511,0.20989888112835897,0.2180448167434168
ENSG00000204138,0.782319029885343,0.6256234037544484
ENSG00000142675,0.25349184184636636,0.2846312218198056
ENSG00000130772,0.8714139853827573,0.8956737834930503
ENSG00000090020,0.26758578879222245,0.35144794805239066
ENSG00000157978,0.7311549258002488,0.6751953465649387
ENSG00000130770,0.9565163856958707,0.8976866970335973
ENSG00000162512,0.5858580180204485,0.4844641182704589
ENSG00000158006,0.3154221088476017,0.422312857083596
ENSG00000126698,0.8516572688452445,0.834009794762942
ENSG00000130766,0.22471439416717548,0.2689278383952264
ENSG00000168528,0.4790355897782119,0.5569187184957958
ENSG00000169403,0.2226513721770086,0.21649661864911432
ENSG00000084628,0.5043776435844829,0.6759468393373103
ENSG00000060688,0.18787060825640042,0.16722601985303925
ENSG00000171612,0.46334201267247177,0.5438523648967195
ENSG00000188910,0.9809714184263201,0.9555696871109534
ENSG00000116138,0.356374217111013,0.3604683783634123
ENSG00000158161,0.9372609998016492,0.8093691226033034
ENSG00000142684,0.48967741722218217,0.30461326592013604
ENSG00000121769,0.9687777840387917,0.7507509583345913
ENSG00000142627,0.07037045162025006,0.08619722509592552
ENSG00000142632,0.8106190159870011,0.9512755353756112
ENSG00000189337,0.6082565029710443,0.4461618999826087
ENSG00000028137,0.051539930449248914,0.049552905377752074
ENSG00000130939,0.3870782642851255,0.3081110984777495
ENSG00000060656,0.12697157558642705,0.13932440151606865
ENSG00000163867,0.3252773267070653,0.27254113313950157
ENSG00000189280,0.3964504382453935,0.44103477208647035
ENSG00000134698,0.8780842118895568,0.7430430113861313
ENSG00000134690,0.3841809482027291,0.3254328089952119
ENSG00000132881,0.050171683243749106,0.05975269966593479
ENSG00000130940,0.6750340987584165,0.539149043462289
ENSG00000116771,0.7798693882129331,0.5034891743858262
ENSG00000163879,0.3549948804652757,0.23606494548747248
ENSG00000116954,0.6154827242961682,0.4479054822494618
ENSG00000117215,0.7721090162065896,0.8803755951157496
ENSG00000196449,0.932581175500658,0.9732288333543482
ENSG00000179051,0.5569432532299057,0.721649029914698
ENSG00000126067,0.19202928004803443,0.2087112548953105
ENSG00000274944,0.3514703228001247,0.2907399013286077
ENSG00000132906,0.11675172918147937,0.12225081772774277
ENSG00000197312,0.7680571519177735,0.6289382292542118
ENSG00000173660,0.28686787319912394,0.23657939698026215
ENSG00000054118,0.8001870405282341,0.6863602340992583
ENSG00000197982,0.8668356326381543,0.8481476806759257
ENSG00000183386,0.16532740687805156,0.11381715665942654
ENSG00000158315,0.39340658888944824,0.42477137491542327
ENSG00000204084,0.37904562755046634,0.1988957387691434
ENSG00000186973,0.5925102965872489,0.32182934553638387
ENSG00000146463,0.38146085109786587,0.37885547076340753
ENSG00000183520,0.8989185881892154,0.9695086657552724
ENSG00000142686,0.3981124166387564,0.4238457430809873
ENSG00000117148,0.29860993562404203,0.37172492094819254
ENSG00000117000,0.614262538672232,0.8727778505416272
ENSG00000092853,0.9048113575850417,0.9033095377741225
ENSG00000134697,0.7107590335433929,0.8902913910852
ENSG00000187513,0.1457734049839218,0.2067732441372134
ENSG00000116151,0.9285015620200036,0.9451192902566954
ENSG00000006555,0.735082004274151,0.56164627937088
ENSG00000066056,0.021683511039611712,0.01915248835350203
ENSG00000214114,0.8598625186226365,0.9681864949619629
ENSG00000117016,0.3024637440182534,0.2141986604792359
ENSG00000121310,0.919420091577662,0.9642590639576922
ENSG00000169213,0.547131295064795,0.5491723621826905
ENSG00000163866,0.8331108464399806,0.6296241772992708
ENSG00000143001,0.11453698505854791,0.07385776217133638
ENSG00000117419,0.8580544833739632,0.919192785949347
ENSG00000162384,0.1842631106895095,0.2633902150281436
ENSG00000162391,0.4338760977497369,0.5526563982665167
ENSG00000174348,0.06704224464982972,0.06495922255399807
ENSG00000117859,0.22010972391914002,0.20361676973629186
ENSG00000253313,0.5029722131882954,0.5429321541860804
ENSG00000162396,0.7617856240516837,0.5168525076855313
ENSG00000203995,0.884224176147099,0.9207316385948244
ENSG00000162378,0.32529873543554466,0.26229297689646675
ENSG00000117862,0.4091798119224521,0.33130024703847755
ENSG00000183431,0.6928015778727489,0.7532685939919601
ENSG00000243725,0.6670181992994315,0.5411189965323742
ENSG00000162407,0.6935066068921656,0.685746636656682
ENSG00000163877,0.7523015329818543,0.45653745049338035
ENSG00000157184,0.3114621374387855,0.3000842169795189
ENSG00000198815,0.8710621277836887,0.9856956999803549
ENSG00000134744,0.46906280413588186,0.6616895383908155
ENSG00000162385,0.4497631191648014,0.35084010659425413
ENSG00000123080,0.027677344046808917,0.03194113264511637
ENSG00000162415,0.9947862083556845,0.965841200978956
ENSG00000162600,0.21434169016642227,0.18871549646071334
ENSG00000116704,0.8192146249972425,0.8965848129974004
ENSG00000157193,0.480302512318877,0.3231233613228315
ENSG00000116205,0.6545931236302507,0.785793612466048
ENSG00000198841,0.44712060175334667,0.5479842638696842
ENSG00000116212,0.9147415701268309,0.993695119514473
ENSG00000132854,0.28216927635575567,0.35937276051926414
ENSG00000162607,0.6896344947228934,0.7961781362128211
ENSG00000154027,0.13082693458075842,0.08770473459717514
ENSG00000116675,0.9205797126179909,0.9054143513754839
ENSG00000162433,0.5279900442871651,0.545555898030748
ENSG00000213625,0.39424590984891494,0.48031028589485314
ENSG00000158966,0.27384846392615664,0.41504871174758473
ENSG00000203965,0.9090680430814051,0.8800695769498161
ENSG00000153898,0.19446583469453022,0.35960702319056126
ENSG00000125703,0.9350403801170992,0.9959131046231764
ENSG00000162618,0.19394782214329492,0.3130075331908761
ENSG00000188786,0.5137487151163687,0.40262817282053975
ENSG00000066135,0.5421379328929918,0.6970328073667775
ENSG00000117174,0.26677421138610163,0.2887700034356614
ENSG00000143013,0.0019992617061188826,0.003459770857302087
ENSG00000134748,0.6430818959922832,0.6755538064651743
ENSG00000142892,0.914360262003091,0.712287789775601
ENSG00000116641,0.8424735828266214,0.829694503331283
ENSG00000117480,0.06668385067495548,0.08069370070986694
ENSG00000137944,0.21867656049938494,0.23476038327160745
ENSG00000067334,0.4172631195668858,0.5169753576943872
ENSG00000142949,0.9011169464250571,0.9950575197672099
ENSG00000116133,0.1990842526663589,0.15930813206136601
ENSG00000116157,0.6941441368652005,0.7080052826894058
ENSG00000143036,0.7419359613663594,0.6540802458074376
ENSG00000065243,0.9224704732396899,0.9158166939792736
ENSG00000117528,0.42478454369835983,0.6180164186047526
ENSG00000172339,0.11101241431157632,0.13225581947020798
ENSG00000036549,0.16717049324133088,0.15212314300417695
ENSG00000058799,0.4225305731128528,0.3672657759190515
ENSG00000203985,0.5856113495497122,0.4380349945721024
ENSG00000189433,0.8572619727378229,0.763165617832347
ENSG00000179178,0.017855391430712516,0.010411889490201843
ENSG00000142700,0.1392283020099171,0.11969123464293367
ENSG00000127124,0.689736969111025,0.6571945499471857
ENSG00000162604,0.27858549647780567,0.2862587117341861
ENSG00000116171,0.9943474499536771,0.883655945354248
ENSG00000137936,0.06888567449224248,0.06260751567283426
ENSG00000178028,0.9554005965676527,0.807939764857111
ENSG00000168710,0.42391586886132326,0.4792419922237434
ENSG00000117519,0.9867440888482273,0.8554072625714058
ENSG00000134215,0.6025414590713023,0.6079804491685538
ENSG00000188641,0.3392219314189355,0.3568011173226182
ENSG00000152078,0.94734876069739,0.6688384372531586
ENSG00000185668,0.7577417314289201,0.9327550848738282
ENSG00000171492,0.1537510575094581,0.2878573140291319
ENSG00000170989,0.10193298494339093,0.0834135652831436
ENSG00000116299,0.08333060429981216,0.0757961773682812
ENSG00000137962,0.5522027712435695,0.5070197798137306
ENSG00000079739,0.19302178914792675,0.23008070354693902
ENSG00000117154,0.02280486572902963,0.015357063729841426
ENSG00000162377,0.6391889226172423,0.6305727822505138
ENSG00000116774,0.6835315032432161,0.8374892367999649
ENSG00000023909,0.21267109596587283,0.23369880361516715
ENSG00000069702,0.9492880717326597,0.898193060513539
ENSG00000198198,0.6396685419490082,0.6306207583828711
ENSG00000116793,0.7675102075951137,0.6640081199046257
ENSG00000117525,0.7244143715975137,0.519805252298857
ENSG00000162692,0.7711520238174042,0.7744278464565502
ENSG00000122481,0.06639091617963946,0.08854146961975487
ENSG00000198162,0.6521049684335057,0.6208392740445976
ENSG00000171517,0.6177791445137455,0.69960233413641
ENSG00000143079,0.7989159918280997,0.909972940922878
ENSG00000143093,0.780899901779941,0.8485830244018123
ENSG00000085491,0.9272848070701551,0.8179503847627558
ENSG00000173947,0.17057337407442671,0.07983541920092202
ENSG00000134198,0.12442980747983426,0.10684245330260522
ENSG00000198799,0.35511917216094535,0.5713029940573301
ENSG00000117620,0.04993977495272475,0.0561234142297945
ENSG00000162688,0.05332291098159754,0.06228215213493294
ENSG00000185946,0.9876859021828059,0.7490062912712372
ENSG00000162627,0.467776017439968,0.5398422180377527
ENSG00000162695,0.22217590216448702,0.21175606567838154
ENSG00000265808,0.7433319885935086,0.9779915244993914
ENSG00000134247,0.6454723230397751,0.6823366564244586
ENSG00000116752,0.02275624729825199,0.026209041987470125
ENSG00000162664,0.5188200947051425,0.7030135349378868
ENSG00000134253,0.055098563063961443,0.08281474559121715
ENSG00000173218,0.908425746767485,0.9346113355057363
ENSG00000183508,0.12045229018487023,0.06665199981776533
ENSG00000143398,0.9304175467090741,0.960212078143486
ENSG00000196505,0.33991726160865937,0.29566853500777673
ENSG00000065183,0.4980454389987241,0.4894690761641811
ENSG00000163393,0.6728007647835457,0.8651033369197
ENSG00000163156,0.016218990727157725,0.009919354868219245
ENSG00000156150,0.9496929694325323,0.835674659205276
ENSG00000197323,0.6406346856411065,0.7844677494186613
ENSG00000079335,0.45935915606744393,0.5640047772702096
ENSG00000143119,0.3398205480670443,0.31666122758049753
ENSG00000171943,0.682547472018467,0.6639601389745856
ENSG00000155761,0.8274790857613906,0.9168896852641482
ENSG00000116830,0.05858672463321005,0.06105052529890052
ENSG00000081026,0.843213015187479,0.6970940218097647
ENSG00000143458,0.4472722751133229,0.5698149643409673
ENSG00000163155,0.012985709941352326,0.011972653791097347
ENSG00000175984,0.17542667981425314,0.32739748923388645
ENSG00000116824,0.6820835734285389,0.8024202271161837
ENSG00000024526,0.22195111134731715,0.17879962660229207
ENSG00000117262,0.5111676682769879,0.36333662018180257
ENSG00000137947,0.4289988272455332,0.5579390834810372
ENSG00000117586,0.7336338212675567,0.6140222487778044
ENSG00000184371,0.7144614969210493,0.8000778529708128
ENSG00000163154,0.7169186127145075,0.6604832124537097
ENSG00000162729,0.14080826217346984,0.18252018721742852
ENSG00000143158,0.9892767967974221,0.7079432514872355
ENSG00000271092,0.22416439285534567,0.16123941283361767
ENSG00000000460,0.5564516765802936,0.30822296374467767
ENSG00000135862,0.4142259696606868,0.5230934217347223
ENSG00000143198,0.03287898815047918,0.16092179777748683
ENSG00000143621,0.3434236950237435,0.19887882375102614
ENSG00000143155,0.7393522159518462,0.772213419799547
ENSG00000143156,0.38264675289394245,0.717259554409444
ENSG00000198771,0.5145044445895408,0.4403931972405337
ENSG00000213064,0.882387718751034,0.8561908633620798
ENSG00000143179,0.9237853029128349,0.6630857334178637
ENSG00000143315,0.9632749539295432,0.9036213920736235
ENSG00000143185,0.05864576083272534,0.06743054011028898
ENSG00000143190,0.8196038682679396,0.9369648356750522
ENSG00000075945,0.3279810178265342,0.502996740461545
ENSG00000092607,0.9495382996997819,0.8548333256528072
ENSG00000117091,0.7821781909964687,0.8453416284533227
ENSG00000047410,0.7266649886663092,0.6494482545957094
ENSG00000171806,0.888715390077902,0.6769168584534649
ENSG00000134216,0.01996022305848089,0.013821782634650196
ENSG00000162694,0.988207059101985,0.9042298307380232
ENSG00000118197,0.7387295630761721,0.9252973112386838
ENSG00000135842,0.4938623088264843,0.5869098993446255
ENSG00000058085,0.09748310393090358,0.10760757862648816
ENSG00000116815,0.6027259094534797,0.5734717104473733
ENSG00000143184,0.2925378207132651,0.177702022647923
ENSG00000143228,0.29438849699500064,0.10963298141539993
ENSG00000174514,0.42154183310791304,0.5748870240290429
ENSG00000143178,0.25325626352962305,0.2657846355281971
ENSG00000116833,0.13445722250588232,0.07731955394270278
ENSG00000000457,0.9748708555725885,0.7999987399607563
ENSG00000143507,0.41287352013282885,0.4044955448502163
ENSG00000059588,0.36437574306473,0.32882359177228776
ENSG00000122224,0.44704817717587986,0.357579826822769
ENSG00000162782,0.8620713805989563,0.8221105717618513
ENSG00000143653,0.33573419777892555,0.2378409066147387
ENSG00000158711,0.699023258607967,0.7861609792508282
ENSG00000162851,0.24488118749764132,0.2501352447261364
ENSG00000143353,0.5267695975187429,0.5199332079465913
ENSG00000197965,0.04051159485988587,0.16017934643249515
ENSG00000143493,0.8809123703754289,0.9630149722456374
ENSG00000117592,0.6198078099063125,0.6133855878760457
ENSG00000186197,0.16410316396618402,0.17882441783016553
ENSG00000007908,0.36747842980411694,0.33929739719020724
ENSG00000092978,0.8476435435901687,0.8194682489529013
ENSG00000143499,0.569344827954875,0.6823909126938538
ENSG00000188404,0.5476960516418592,0.5398600534161035
ENSG00000143196,0.31379579439628535,0.31726773143431675
ENSG00000203697,0.0057532394492450165,0.0028375055757529875
ENSG00000116574,0.23689612273934324,0.17373704556241854
ENSG00000121481,0.24113715362062313,0.3304181302746206
ENSG00000143248,0.08710146396863813,0.12975391706949563
ENSG00000116132,0.8933974629708437,0.6675513244925521
ENSG00000116679,0.8903026404009444,0.8961452658121003
ENSG00000143476,0.31207276349912766,0.32508235551236475
ENSG00000121486,0.9075684438555519,0.7373042146160487
ENSG00000057252,0.1247103374570866,0.09260620471759777
ENSG00000123685,0.7319717053900194,0.7408272658743384
ENSG00000162852,0.4545156646378179,0.5425747792459675
ENSG00000143842,0.8953874233366421,0.8924212854189526
ENSG00000116962,0.7861807162054231,0.8006299063488965
ENSG00000181450,0.9622553647223608,0.9904637234091587
ENSG00000120333,0.752215720020849,0.7729543176219491
ENSG00000143355,0.10933854059468145,0.1427617232103944
ENSG00000121644,0.6135797807429311,0.5017467451047571
ENSG00000174502,0.02913947043711284,0.01496058428120592
ENSG00000158715,0.14137027233996471,0.1754561379906001
ENSG00000162849,0.5578482489095409,0.5975200674433703
ENSG00000067533,0.6237963072104749,0.6669219741947043
ENSG00000116209,0.4474806906475034,0.43985483189023
ENSG00000116161,0.11795758983412101,0.0846960925266641
ENSG00000152104,0.7755215451432893,0.5966120184728428
ENSG00000117650,0.7012713715276218,0.5682999717389685
ENSG00000203724,0.5164767407708992,0.43512023493664975
ENSG00000158764,0.703428966189344,0.9240117532059547
ENSG00000168118,0.7941100493064475,0.6269692750222804
ENSG00000173726,0.4730548420123053,0.5846432169088476
ENSG00000152382,0.4312327299502946,0.24306544271137662
ENSG00000135829,0.9582867134411491,0.9318363774306992
ENSG00000134717,0.11522403195336914,0.08692521151632311
ENSG00000116668,0.9920620158141116,0.9541323659225108
ENSG00000143756,0.4872089546770938,0.4778066262333712
ENSG00000143207,0.3114567521408821,0.401671208814792
ENSG00000026751,0.9442555537474279,0.8644325558231505
ENSG00000150681,0.7770504562991308,0.7857239077325304
ENSG00000116906,0.9634296544873291,0.8003916072778141
ENSG00000092969,0.4030864775879699,0.2830899377230768
ENSG00000157181,0.8212094157284586,0.9620395927097517
ENSG00000076258,0.16827321502709777,0.17847909363216682
ENSG00000117697,0.9771903091950221,0.9889174731689416
ENSG00000143641,0.2452275161702705,0.24411749625929974
ENSG00000010932,0.10447049513427714,0.11291140989109849
ENSG00000010072,0.38470827073088876,0.3645941587124115
ENSG00000135766,0.8104437023992588,0.6096329467378091
ENSG00000168243,0.4018947960393996,0.3591436086105406
ENSG00000170382,0.8596426495185667,0.6851492863816633
ENSG00000066027,0.837805414169032,0.9819119446034569
ENSG00000094975,0.3943509715875959,0.5608399347442207
ENSG00000162772,0.14170050334434,0.06361435190229404
ENSG00000135828,0.5478655841936235,0.4175975517036309
ENSG00000076356,0.50434969695016,0.6643641431043279
ENSG00000116711,0.48604641183274877,0.5039379049588577
ENSG00000143845,0.8597325786211272,0.7939497070227789
ENSG00000123684,0.9773477173212634,0.8762902218046424
ENSG00000117707,0.2610931443807081,0.30805528660536335
ENSG00000123836,0.3477910170585351,0.34673663953969935
ENSG00000117691,0.8170411296534555,0.7589481516342386
ENSG00000287856,0.42925098543610574,0.25378531179151376
ENSG00000203705,0.7447797939057547,0.6237986052650462
ENSG00000174175,0.19115415709212694,0.12637955886359417
ENSG00000171161,0.2359818484656414,0.2142115741833176
ENSG00000196878,0.4953082289350379,0.44557263023556803
ENSG00000133059,0.5747364313186476,0.5563177665179315
ENSG00000074964,0.01792072262015119,0.012419342763230822
ENSG00000116918,0.5072173139575124,0.4725331265834213
ENSG00000176393,0.26874202321494955,0.2676354048853388
ENSG00000174606,0.5898315310246802,0.7323055573879098
ENSG00000235750,0.08113681467860658,0.040556038341934504
ENSG00000116903,0.7725781285301525,0.750365124961083
ENSG00000151414,0.35212200092836254,0.4720162232386669
ENSG00000177614,0.8728634067409878,0.8826557965864141
ENSG00000197472,0.6785343808776059,0.6066487427380807
ENSG00000136643,0.9052695686168746,0.9096423773125732
ENSG00000133069,0.3288678645504505,0.37872140024196654
ENSG00000069248,0.6598315509698094,0.6084099462979335
ENSG00000090104,0.6941582679943132,0.7360201517652674
ENSG00000185220,0.41491373402642795,0.34605106870865565
ENSG00000162769,0.5414135874503689,0.3531537285462576
ENSG00000133065,0.3158537183347708,0.2935096147897037
ENSG00000277462,0.2997641008210525,0.415119133661334
ENSG00000035687,0.13842664438149302,0.172397410693797
ENSG00000163431,0.08837100583150259,0.08522999321152545
ENSG00000230124,0.5316041033012526,0.5801245087991085
ENSG00000007341,0.15559041278485672,0.21596092857355595
ENSG00000117222,0.9876735881536793,0.9776134230537548
ENSG00000143324,0.2413814675834847,0.24862288850686962
ENSG00000118193,0.9334023121472327,0.8866838702840044
ENSG00000198756,0.30294533177348404,0.3660659973037612
ENSG00000135749,0.9340354915418485,0.9435852886062134
ENSG00000143786,0.18392203341410995,0.18831312427753488
ENSG00000054282,0.3289623340856132,0.2741908133961097
ENSG00000183780,0.6762960048571602,0.967287311791164
ENSG00000162702,0.20056277354589536,0.20593674068952791
ENSG00000143194,0.3952531197783071,0.4772408425528909
ENSG00000054267,0.6076030599354647,0.7511931169428591
ENSG00000175137,0.9784167592904414,0.9114498488148604
ENSG00000134245,0.041046029380461965,0.05091097680052585
ENSG00000069275,0.8322448863018109,0.870954549601703
ENSG00000143674,0.53084856938219,0.5778027489115818
ENSG00000134375,0.7877595748250198,0.752280802215605
ENSG00000097046,0.14994188723190643,0.13944245405160402
ENSG00000185420,0.9314431284106693,0.9957818574600262
ENSG00000076321,0.5842734365243917,0.6233883442595789
ENSG00000135778,0.45486754675117913,0.5394797676818527
ENSG00000117280,0.7584914212648088,0.8540079786491884
ENSG00000136636,0.7633900136999661,0.6141123206766046
ENSG00000163874,0.4479599043763025,0.3736627201092093
ENSG00000054392,0.7193001258375007,0.7310086894551779
ENSG00000188739,0.15206283844897261,0.13208117516115267
ENSG00000135750,0.43884561904206754,0.5369464135524071
ENSG00000143341,0.25769521841571824,0.2910347607293309
ENSG00000162545,0.004114791686366365,0.004404390806790426
ENSG00000090432,0.24329787064576192,0.24374024449093812
ENSG00000158825,0.19977672560243256,0.2563249829928689
ENSG00000158828,0.0023529604725163055,0.0024772693091826225
ENSG00000134371,0.23728407967396004,0.2538567262017408
ENSG00000066557,0.7813288364219533,0.6646754394630654
ENSG00000118454,0.8859502075935406,0.8263433962825921
ENSG00000116761,0.9850771648073875,0.9527663100847467
ENSG00000007968,0.2790432057950402,0.2425343075666072
ENSG00000117318,0.5096057356376194,0.7525331903397444
ENSG00000142676,0.21363716835324653,0.22112240662889263
ENSG00000057757,0.09216357082719015,0.07941722276789046
ENSG00000011009,0.6295403027993511,0.6760686536234621
ENSG00000117308,0.08338471051263492,0.1127843615406086
ENSG00000158716,0.9494105975731948,0.9545379524827929
ENSG00000158714,0.5577735304131732,0.5415864515104772
ENSG00000213085,0.38574421887611654,0.28249924592795583
ENSG00000162723,0.4155326692741066,0.5646172603488855
ENSG00000163399,0.6085312834904824,0.6015117690009011
ENSG00000177888,0.6346494491189523,0.609378697563111
ENSG00000243364,0.6781924508820578,0.6005408856429737
ENSG00000143590,0.5205830710054398,0.505704071064726
ENSG00000169242,0.07093347935900317,0.050604849037929694
ENSG00000169241,0.5013307670732972,0.2073575581363039
ENSG00000163463,0.5799367750680895,0.35875385856824893
ENSG00000169231,0.26730269831598696,0.4193856299048464
ENSG00000177628,0.48651022867676585,0.7895093800816324
ENSG00000116521,0.44309957201116135,0.4899363459824695
ENSG00000176444,0.7613641846294777,0.8372689409544642
ENSG00000174059,0.2131817438771406,0.2576289621574973
ENSG00000142657,0.890335058179144,0.9375030225169352
ENSG00000251503,0.9671817836909007,0.9586110471306598
ENSG00000175279,0.8417523781009415,0.8301000584306301
ENSG00000160049,0.45597475093103024,0.4210383242757566
ENSG00000122188,0.3082106156670211,0.2193393876554174
ENSG00000182004,0.06634385361562248,0.0909814975082571
ENSG00000130768,0.0655928884619066,0.03845643608570288
ENSG00000158156,0.496587363178542,0.5124558400638967
ENSG00000182118,0.6893112224564488,0.7479650614264441
ENSG00000143633,0.09498166381217707,0.12246371994574495
ENSG00000132773,0.9530391192410608,0.883923916601374
ENSG00000070759,0.20293109129971793,0.28773128418457417
ENSG00000132763,0.43552677070181145,0.33876793113188297
ENSG00000133019,0.4476925982042007,0.40530631167684195
ENSG00000162636,0.38185075518438705,0.475550834641453
ENSG00000162639,0.8470171301016721,0.9317384836037155
ENSG00000134186,0.12340220695622907,0.15320538810208184
ENSG00000116266,0.39538809158452004,0.4582215047185688
ENSG00000215717,0.669775692288885,0.6540432428562591
ENSG00000132676,0.17804125283183272,0.09312965031306583
ENSG00000132718,0.6099591600652371,0.5938191611178656
ENSG00000132680,0.3187614122137379,0.3418856955158427
ENSG00000163479,0.542062437293676,0.34130424338485565
ENSG00000160803,0.6609619745945166,0.5317785118320357
ENSG00000132698,0.4649321894149452,0.4017117580193378
ENSG00000260238,0.5593496297643243,0.622589245320639
ENSG00000198952,0.8421269066836748,0.948760507989819
ENSG00000163472,0.8646748746715408,0.9283945221790992
ENSG00000163468,0.7795562547947155,0.536094628924394
ENSG00000254726,0.9114000482001821,0.864039202979477
ENSG00000186377,0.46225894341792395,0.5544184410294997
ENSG00000162366,0.2738981937134796,0.27748915796911794
ENSG00000143061,0.5743939857613926,0.6859016266707443
ENSG00000135821,0.6125852819474883,0.7643206616936096
ENSG00000168275,0.15805923551192141,0.15804137328082396
ENSG00000153207,0.4405407563660041,0.46766480191815574
ENSG00000156869,0.5401278799127418,0.6107431180114025
ENSG00000116678,0.32458440457742305,0.34171403885918294
ENSG00000159352,0.2693970343089276,0.16156743978375018
ENSG00000158710,0.8606687554911003,0.7444193783112261
ENSG00000162734,0.3472633219363117,0.5950401841975042
ENSG00000049239,0.4283929181687499,0.43001903096814664
ENSG00000244038,0.49168169153565866,0.6258453046391359
ENSG00000126091,0.7852808474229648,0.6343209282913667
ENSG00000171163,0.10464115686626058,0.15895125492351295
ENSG00000172456,0.855349266804895,0.904964265441151
ENSG00000162946,0.797883714546564,0.8219394543839068
ENSG00000157870,0.19704228497233495,0.21590947620694328
ENSG00000179085,0.23524661093799157,0.15398305010866684
ENSG00000183347,0.03380539591211385,0.05445714401704304
ENSG00000116685,0.8192401185841579,0.8243155829643856
ENSG00000083444,0.44466040619205505,0.5536318295821638
ENSG00000116691,0.6307499597273805,0.5376761435794462
ENSG00000162521,0.9774810476150092,0.9469589081490978
ENSG00000162520,0.12718090685643352,0.11186389836859963
ENSG00000162522,0.5929807013356381,0.6240023134701738
ENSG00000116497,0.6006151701847551,0.44826868491262384
ENSG00000160097,0.46476712524188557,0.52129889587844
ENSG00000121900,0.5266783177370407,0.6230837121013546
ENSG00000143222,0.47467743823186703,0.9771977496018467
ENSG00000143224,0.9653892741437783,0.6476013263288026
ENSG00000158850,0.7893872354901947,0.5129047357529162
ENSG00000158859,0.09448854421348264,0.1296391423707668
ENSG00000158869,0.3879318939534314,0.3762284184385213
ENSG00000158874,0.4812357641050261,0.6101224379600112
ENSG00000158882,0.6129599866435733,0.139430791254761
ENSG00000248485,0.2869450655089237,0.2655240851443615
ENSG00000188931,0.2900010515636761,0.2974411270939158
ENSG00000265107,0.027765129261372968,0.014451120883311774
ENSG00000188092,0.4370504338607918,0.43326109135906843
ENSG00000116688,0.29970255140039465,0.35181681619851257
ENSG00000084073,0.4828530151473518,0.47060270249457414
ENSG00000049089,0.20614147067942143,0.31751602478738616
ENSG00000187801,0.83686199736171,0.9508591021232795
ENSG00000158887,0.43925948781565927,0.6464641843034862
ENSG00000117640,0.8684141272061282,0.8949644404461171
ENSG00000127423,0.5654491848828173,0.5000044779930007
ENSG00000182749,0.7018455925457946,0.6892798939900842
ENSG00000117632,0.0777550807219575,0.09842179126700253
ENSG00000187147,0.7654714689264992,0.731438724295193
ENSG00000126106,0.050230311220593876,0.04295282061373028
ENSG00000142945,0.6304573287531101,0.5193428065549548
ENSG00000142937,0.3023940633401129,0.3032587381976312
ENSG00000173846,0.004779604232424519,0.004500136366366097
ENSG00000117425,0.23041479579299895,0.3255582170955446
ENSG00000070785,0.8139482614027673,0.9241360568568696
ENSG00000126107,0.6994242636457215,0.8241990472723905
ENSG00000126088,0.8931176221703321,0.8884903655101111
ENSG00000162408,0.3282976702598636,0.21189827681680204
ENSG00000204859,0.6943744117392978,0.668441253228963
ENSG00000171488,0.44291471181877484,0.42284758579812975
ENSG00000119285,0.574252914934027,0.47535856735660065
ENSG00000117758,0.0916857277341656,0.07758535409591273
ENSG00000117751,0.8878146440040968,0.8335299946510586
ENSG00000130775,0.2283117616738435,0.15099563647659614
ENSG00000117748,0.7118961280780542,0.48945873592632005
ENSG00000117122,0.7595859963843812,0.8129989118793037
ENSG00000159363,0.14999429663048028,0.17638942869020682
ENSG00000117118,0.804767399378705,0.7594015653774824
ENSG00000117115,0.4866393551769743,0.36224198579380296
ENSG00000142623,0.8417175784729802,0.8223660853248456
ENSG00000142619,0.4141623134494353,0.41445213602980124
ENSG00000142871,0.0052670644539175035,0.006195174940586707
ENSG00000143512,0.08367755388666107,0.05889602715222634
ENSG00000143498,0.8403724057170492,0.8534699016552878
ENSG00000154305,0.8418689297779672,0.7197821633362933
ENSG00000186063,0.41276037326310633,0.5361003792498961
ENSG00000162819,0.6798813515061106,0.5578839054734993
ENSG00000187554,0.21673964021510778,0.21795979044872837
ENSG00000164010,0.14405616601409096,0.07543094625863538
ENSG00000164011,0.39183978248292994,0.5005826558315292
ENSG00000154309,0.21885140342577478,0.19636731270733138
ENSG00000203857,0.5721546216657145,0.7270998304369161
ENSG00000143067,0.6814483562993732,0.81263475381643
ENSG00000134240,0.9675583604702168,0.9952520008730253
ENSG00000092621,0.3374307329784727,0.392977070101465
ENSG00000130764,0.9080569554475479,0.8957964552966149
ENSG00000284770,0.8457077386200924,0.5215242779723499
ENSG00000198837,0.44638686387416215,0.43700411308445875
ENSG00000160741,0.5692891445567207,0.47354872761575517
ENSG00000143578,0.928505165834025,0.9167069948118904
ENSG00000143543,0.05049850735920918,0.021085483617213383
ENSG00000143545,0.24923967395286295,0.17207888263357654
ENSG00000177954,0.06568082383657584,0.04846536791527003
ENSG00000162642,0.2707701878283321,0.32760525755116005
ENSG00000116198,0.42692303591452974,0.49025667925700767
ENSG00000169598,0.430901642293415,0.5649397890994978
ENSG00000162836,0.9027157922850293,0.9880877171705671
ENSG00000116667,0.6675521372891642,0.34054281147657744
ENSG00000125945,0.85814216674108,0.8254306177642216
ENSG00000204219,0.790124896244416,0.8450162101772207
ENSG00000162885,0.7277299814802434,0.8059934221929919
ENSG00000173110,0.4301935953946582,0.7175254978592773
ENSG00000160752,0.42250840789605426,0.35470642069677194
ENSG00000121957,0.2886358461039831,0.2590302706847065
ENSG00000082482,0.07244898125097768,0.1670271885066824
ENSG00000116747,0.71072744272407,0.6449694443534559
ENSG00000163467,0.2927291586525474,0.18045799621461686
ENSG00000117395,0.8687973733718367,0.852369792231723
ENSG00000116874,0.27642688648128194,0.24867893752627143
ENSG00000065600,0.5086205365530949,0.5279468854328303
ENSG00000009780,0.6942948352616715,0.6689350082627918
ENSG00000023572,0.4692662581708047,0.34704759695072096
ENSG00000077254,0.9584888360127952,0.8396484832670124
ENSG00000134644,0.9276264219053826,0.8272965752611432
ENSG00000215788,0.8931982504163845,0.9412895125208663
ENSG00000117625,0.9727348663538188,0.999674822900159
ENSG00000179902,0.7651034894965831,0.9481626259804695
ENSG00000121766,0.28369718081206596,0.2588776341122802
ENSG00000143157,0.4908949945113168,0.7839979234228844
ENSG00000160781,0.3638888535971456,0.4272820672407682
ENSG00000143344,0.9613311289166657,0.9973690235958562
ENSG00000142856,0.1718103472916478,0.1888757608547721
ENSG00000116396,0.8666222733160261,0.8113678966092173
ENSG00000163875,0.09223080615166565,0.058396817095136305
ENSG00000131238,0.7681142724637902,0.8594293724310864
ENSG00000171680,0.5758131856465953,0.4387180485112949
ENSG00000116977,0.8038959687679316,0.7223176311630075
ENSG00000242485,0.7188946626700691,0.7085355861480683
ENSG00000179403,0.23357802945318443,0.23038093922192637
ENSG00000215915,0.3245303013851888,0.3484485723563022
ENSG00000135776,0.27557762418758297,0.2039761844729068
ENSG00000135763,0.7068041139057595,0.7101612909706493
ENSG00000169914,0.8092521767505777,0.6752373220708634
ENSG00000079277,0.9811215195038611,0.719585611311861
ENSG00000117407,0.667455021631459,0.8869511175389903
ENSG00000117408,0.8129296483120247,0.8485111578347093
ENSG00000117410,0.9565787610966165,0.9516680060109477
ENSG00000159214,0.3489897424306553,0.25823829249036323
ENSG00000196517,0.6891045824416158,0.944606872909921
ENSG00000185962,0.519181313397276,0.4908548090916409
ENSG00000172031,0.9074336485085288,0.6741746154062724
ENSG00000228594,0.8914280591927026,0.6199410234277796
ENSG00000189409,0.11351008671529178,0.05978515519137615
ENSG00000189339,0.3689046495225522,0.27676992374559484
ENSG00000008128,0.07488049110798736,0.08400293331667155
ENSG00000008130,0.5702770538379205,0.5527526826222438
ENSG00000178821,0.2628071512739233,0.23377686716348414
ENSG00000158477,0.6453453438267526,0.7321259556656864
ENSG00000158481,0.854451390396944,0.8656743227373209
ENSG00000158488,0.3864041546822893,0.4533086476416013
ENSG00000117505,0.5839945206407993,0.4223686868089326
ENSG00000162889,0.8697476783081536,0.9656418359444559
ENSG00000162892,0.8522307732892698,0.8602831702504361
ENSG00000162894,0.596159647647465,0.4861934233583115
ENSG00000162896,0.5442740897539811,0.3575591886685202
ENSG00000182795,0.0766269463119881,0.03906124855952222
ENSG00000198890,0.9079960669690712,0.756036777746642
ENSG00000142669,0.724462270990287,0.5845134712243107
ENSG00000169442,0.9908023889502782,0.8936787261495627
ENSG00000176083,0.1434117130305249,0.161896916299071
ENSG00000142910,0.007190835808799917,0.006018065959781412
ENSG00000162517,0.8701878603923083,0.6457939650500167
ENSG00000085840,0.35404584495620894,0.4009232578446962
ENSG00000143751,0.562373866705502,0.49006761305732627
ENSG00000163041,0.5046534122933934,0.3659010518526523
ENSG00000182827,0.9358412142206215,0.7277043333218418
ENSG00000185155,0.9397602747330788,0.6350390128576583
ENSG00000143753,0.2668002166696321,0.22408133453603254
ENSG00000143748,0.23269125556015904,0.16803206612994764
ENSG00000143771,0.3200494510806934,0.20111246362853963
ENSG00000183682,0.7557270118715275,0.8006577189136819
ENSG00000163909,0.05350471275739072,0.06586686958732083
ENSG00000090621,0.3549671591120729,0.24684128970166908
ENSG00000143369,0.19642628039592475,0.21897025822660504
ENSG00000143420,0.25105064483404627,0.23658350365932418
ENSG00000143457,0.8345514216216657,0.8608381557710495
ENSG00000143452,0.09123019255268508,0.1302267134682472
ENSG00000143384,0.33456619773663154,0.3627381942920236
ENSG00000154342,0.802344537204003,0.8227892935395467
ENSG00000143793,0.09538357504920143,0.06238095235952345
ENSG00000162910,0.28781927431122106,0.20048823624131912
ENSG00000181873,0.9710366074134191,0.9239740741048114
ENSG00000154370,0.8176627799911325,0.9003787295228927
ENSG00000162931,0.8466707304944564,0.97827416835783
ENSG00000171960,0.6598710490511437,0.5541943548701014
ENSG00000065978,0.9642305402498862,0.8820326984709659
ENSG00000164007,0.3510048765932141,0.32167887587342453
ENSG00000117385,0.4150542770081338,0.5039020587891097
ENSG00000001460,0.04959581925679086,0.07192785911282415
ENSG00000001461,0.9023576167769504,0.8626064637114473
ENSG00000117602,0.35720127069534213,0.2825092113457263
ENSG00000184454,0.16658338590429778,0.14222516130697727
ENSG00000177606,0.23642098187159497,0.16657628350846176
ENSG00000116539,0.6449855827902786,0.7216374405634863
ENSG00000084652,0.4257747204330101,0.4832585201853974
ENSG00000160051,0.6492845019373009,0.7811939373756355
ENSG00000183615,0.2773195867964301,0.29794220657433074
ENSG00000116478,0.8155865470460634,0.9638513303892964
ENSG00000175130,0.7548578547069384,0.9188774477521325
ENSG00000162526,0.6420648910880349,0.837934835227471
ENSG00000168679,0.014624975273532653,0.02298090672785674
ENSG00000134248,0.20690707888669668,0.14082378310869212
ENSG00000198492,0.7879214221160397,0.9793658827931782
ENSG00000253304,0.7784191494246349,0.5812729071298779
ENSG00000116353,0.6447422204829202,0.46090008549713546
ENSG00000136630,0.27301976589908744,0.25320814309334994
ENSG00000116141,0.29304362109608995,0.29108319885815076
ENSG00000162817,0.6491664774973447,0.6858246133125379
ENSG00000117593,0.6116844928472787,0.48651257947816706
ENSG00000135870,0.8118688847437321,0.9735669436788588
ENSG00000197852,0.8435770507300311,0.9263745455010037
ENSG00000276600,0.5991630388643127,0.7581173663156338
ENSG00000158769,0.887855903459642,0.4832409228301402
ENSG00000215845,0.37364331121857997,0.11831355257022506
ENSG00000158773,0.7941670553429323,0.2991074193915361
ENSG00000186517,0.7275830839834574,0.675739370605903
ENSG00000143217,0.4991399220558358,0.32119041841911355
ENSG00000143256,0.382663979227186,0.08127949691925779
ENSG00000158793,0.4991987050786951,0.16662870407210442
ENSG00000158796,0.7545629957007636,0.5382329982481283
ENSG00000196188,0.06534361807432539,0.029481487428530066
ENSG00000163050,0.5059295397351871,0.37680636359484276
ENSG00000174574,0.8087632340835511,0.7586743578007451
ENSG00000168653,0.46257781513693585,0.4660364016880949
ENSG00000121931,0.1330231167334623,0.19870518277478913
ENSG00000162777,0.16308787970670557,0.1500691414147174
ENSG00000064886,0.209352025804363,0.15462305914833402
ENSG00000156171,0.031100037676091676,0.04222271648256181
ENSG00000169291,0.24212500597312678,0.15023963947303992
ENSG00000143252,0.4269608326870492,0.06022855141690055
ENSG00000143437,0.9981804384702498,0.9122677995527221
ENSG00000143799,0.6048002936089785,0.5233027637028697
ENSG00000158864,0.9892352004832247,0.473561421718691
ENSG00000117450,0.7987272424159122,0.8902427811818754
ENSG00000132780,0.09796803228598626,0.10604220693055424
ENSG00000159592,0.46404884934953927,0.349356296006917
ENSG00000159596,0.11679940660114438,0.15750781439737735
ENSG00000143570,0.4614886555184592,0.8854985453462915
ENSG00000142864,0.5454068152596829,0.4550167288950139
ENSG00000198160,0.6371709985173822,0.6458659012217598
ENSG00000188295,0.8402504334566243,0.6011311582879761
ENSG00000116750,0.8011170989662946,0.9183670123502348
ENSG00000235169,0.03414861347726892,0.0415273141557135
ENSG00000116514,0.735570863802235,0.8795979770844875
ENSG00000162419,0.29797119798325794,0.21232052703684834
ENSG00000154222,0.3737076442501194,0.30393358337455845
ENSG00000197147,0.40287669858247066,0.45774492909188
ENSG00000058673,0.6332236411674604,0.5341485806406163
ENSG00000131236,0.2811526292234101,0.2680846668952747
ENSG00000081870,0.5066408115164031,0.5892036508660183
ENSG00000133216,0.10765345692308076,0.0944347128695858
ENSG00000143183,0.8603081088397526,0.2703533794679138
ENSG00000248333,0.904311974144695,0.8917134047904174
ENSG00000162390,0.0643002573049119,0.05253752983258193
ENSG00000117448,0.3825291086767627,0.4297489096691265
ENSG00000143387,0.7763496253749949,0.530423617639962
ENSG00000142920,0.8447721562387095,0.9232693488857548
ENSG00000116525,0.7966083929489061,0.6117705149386379
ENSG00000163131,0.04409327504308962,0.040063114191281037
ENSG00000183814,0.4107430629166593,0.3414169826057305
ENSG00000213516,0.6327095683684505,0.8436754997646735
ENSG00000117226,0.006733714800119276,0.006526739829905593
ENSG00000117228,0.845945151280364,0.996554163739296
ENSG00000162645,0.6323758577006431,0.5370940392689969
ENSG00000162654,0.8317813421668769,0.9707255812942942
ENSG00000126705,0.7508147798773781,0.5645898502197593
ENSG00000000938,0.25082301572822274,0.1762828970010711
ENSG00000126709,0.36109614480116714,0.2557970386867069
ENSG00000137959,0.33248127546505085,0.2143166812197115
ENSG00000174151,0.904614387025289,0.8663755226431445
ENSG00000181754,0.6839902921379075,0.4573758292577299
ENSG00000065135,0.5312178854077014,0.5456699538346174
ENSG00000073756,0.8512421607162247,0.6200385707694094
ENSG00000153904,0.306770816505767,0.3367082509381225
ENSG00000155380,0.5968507190907881,0.5817062341924555
ENSG00000134259,0.5306842268560832,0.6425929896584833
ENSG00000188976,0.7113723477010171,0.7625486597381591
ENSG00000187583,0.8106965250882117,0.6722689537005868
ENSG00000188290,0.21674714659516656,0.2285972386063339
ENSG00000187608,0.9764850007527972,0.8740410043513961
ENSG00000188157,0.27627931787657134,0.20577245846337433
ENSG00000116221,0.4294771082719506,0.42165502978207126
ENSG00000135775,0.8948032950468627,0.9795098002259354
ENSG00000119280,0.24035291408312962,0.35182201391599244
ENSG00000137965,0.5002512891139521,0.35453656666515787
ENSG00000160714,0.5280297462843893,0.4183616801401767
ENSG00000160710,0.54823500462744,0.4739287479478095
ENSG00000159658,0.12732850472812757,0.12680520718690114
ENSG00000143801,0.7414689224885911,0.841852480914337
ENSG00000132185,0.5421998503770209,0.4410198264731897
ENSG00000081721,0.6411411100373611,0.29468184605999803
ENSG00000082512,0.9037379024542878,0.8905244226533378
ENSG00000170385,0.333210294623016,0.3959864670380344
ENSG00000118217,0.45858727502626384,0.9810444520396833
ENSG00000137955,0.48724629802665187,0.6278278634525875
ENSG00000213047,0.934506404497354,0.9180783160974413
ENSG00000117399,0.7442696599564675,0.6190764188563747
ENSG00000066322,0.21985939448833425,0.33865080931390723
ENSG00000159479,0.8985630893510783,0.7468708026878244
ENSG00000116337,0.972466510841416,0.978834791782246
ENSG00000066279,0.6937538772740138,0.6960361066144453
ENSG00000117020,0.9484291361912061,0.9726539973545586
ENSG00000198912,0.9549658939951037,0.9476636045875189
ENSG00000183856,0.565561853213723,0.5129768817117253
ENSG00000163382,0.2921508792994389,0.19335725584802646
ENSG00000132692,0.5980916726644845,0.4826197792542869
ENSG00000132688,0.15897701491095156,0.15766578873697681
ENSG00000143320,0.6303717869538288,0.677547253290385
ENSG00000143319,0.30334246717794106,0.27991848399597613
ENSG00000143303,0.7289837457975279,0.706037460203254
ENSG00000143314,0.15127091175661853,0.0758695834703647
ENSG00000143321,0.38515513876068996,0.24273821981523513
ENSG00000143294,0.16927219086036369,0.16174944665548407
ENSG00000027869,0.7675361241820818,0.8605623755640449
ENSG00000123091,0.828937796041863,0.8577459998325202
ENSG00000237330,0.10662069082096777,0.08015565609731068
ENSG00000131591,0.45189749753834707,0.4717431704889343
ENSG00000085831,0.35828837738811814,0.44450735181164036
ENSG00000187634,0.015053887828113684,0.010980807625005532
ENSG00000156875,0.7768345787232996,0.8845863597895561
ENSG00000156876,0.052360856075995575,0.0643683822727474
ENSG00000137992,0.4095509986923229,0.48045091714958754
ENSG00000137996,0.5529832158621955,0.557331112292637
ENSG00000137948,0.29608168084858505,0.3647194277956146
ENSG00000121774,0.7280178355211537,0.8388868650985415
ENSG00000121775,0.38805918889408797,0.4410001558108919
ENSG00000025800,0.4722153741356119,0.47269776639950023
ENSG00000160050,0.9723256437625682,0.7599094973565236
ENSG00000064703,0.1870465033602556,0.19552251414706054
ENSG00000122406,0.1647038829007997,0.1845499369081347
ENSG00000154511,0.8220445415214419,0.8431542178428726
ENSG00000143033,0.36994222697020784,0.5787108651967765
ENSG00000189410,0.9881200172765539,0.9920589950006482
ENSG00000117298,0.6653152859455909,0.6534251519372745
ENSG00000143502,0.02495302689869415,0.01713973467431146
ENSG00000116791,0.03851590930245857,0.0763667038800414
ENSG00000162623,0.8610447024564608,0.9387815852756486
ENSG00000154358,0.7563440545271539,0.7580335761879666
ENSG00000183598,0.21471608495347072,0.1827456625913553
ENSG00000184260,0.6267910968408104,0.6582845751456142
ENSG00000178096,0.02171920684998716,0.02213161722143746
ENSG00000159164,0.7426936732483427,0.7154358965968105
ENSG00000143368,0.2796563872899497,0.26598003521628577
ENSG00000150337,0.34255539454441647,0.3528688741179228
ENSG00000116852,0.02638897914220806,0.013124286829725586
ENSG00000116857,0.5266420899819708,0.5804972309053087
ENSG00000203943,0.03907479628006055,0.057640891517388826
ENSG00000174529,0.7488905160867023,0.6758434114343201
ENSG00000116984,0.7916122981166875,0.7364048709421771
ENSG00000143742,0.12379395846030554,0.09253479104353353
ENSG00000196187,0.16289806316430672,0.18577813781848637
ENSG00000143819,0.5123946320142309,0.5126700171714139
ENSG00000116649,0.7929728855279319,0.741605065053834
ENSG00000171824,0.8698739407379524,0.9237813983261173
ENSG00000117614,0.4842425823465447,0.607650829946516
ENSG00000117616,0.5709861135800909,0.29830699231432417
ENSG00000183726,0.5077283586959254,0.5449492882049427
ENSG00000204178,0.9197784461476214,0.875087126960703
ENSG00000198860,0.3675496926949837,0.23739506326809678
ENSG00000143382,0.029736568198662487,0.014297364252331963
ENSG00000184007,0.21705617383952366,0.34754610771262295
ENSG00000137942,0.9850522012640059,0.9334933132044161
ENSG00000157077,0.8428207733658065,0.9832173460465417
ENSG00000162493,0.3435372470399286,0.34294307947784813
ENSG00000162542,0.40539204324945155,0.4169010620375522
ENSG00000178922,0.03989702108918738,0.05684486775918683
ENSG00000121753,0.05764357832880001,0.06142332683368693
ENSG00000163374,0.35467998995524175,0.3533256534828383
ENSG00000235098,0.048405483912177937,0.09753442477858984
ENSG00000143740,0.8170550556582821,0.7985300539954766
ENSG00000117411,0.5881967151437051,0.5043048291876753
ENSG00000162745,0.6828691868571837,0.8819891997298753
ENSG00000185090,0.8932168625264784,0.6983104501340321
ENSG00000157873,0.41303303614251274,0.5379501545768821
ENSG00000168264,0.8748691375054858,0.8664774400569641
ENSG00000162775,0.3324788499380624,0.5011457906780525
ENSG00000081692,0.8022548552625925,0.8996051200607584
ENSG00000173171,0.36074264125215705,0.2808679875722555
ENSG00000143862,0.3800963196735443,0.26587774282647014
ENSG00000143376,0.6937615108876348,0.5863458143059128
ENSG00000143436,0.2927850781176734,0.17970288420566663
ENSG00000143450,0.7481840828370382,0.8822020626353334
ENSG00000196407,0.6652972569504194,0.6293739480761663
ENSG00000159445,0.18961963158206363,0.1734785011945714
ENSG00000197747,0.7159267312630324,0.8019442509058737
ENSG00000123473,0.9436547141655856,0.8718938511155545
ENSG00000240386,0.3806553059057156,0.5087321605784496
ENSG00000020129,0.6283226242267694,0.5973122157275508
ENSG00000187733,0.033691260562054556,0.010031750006851449
ENSG00000186603,0.6290151192377579,0.576946877087524
ENSG00000117643,0.8640866046278085,0.9132405690343893
ENSG00000162430,0.5540641231650286,0.5211445603035569
ENSG00000173212,0.6163149160240156,0.7027690910932036
ENSG00000163531,0.409841452521167,0.29962202894069045
ENSG00000154429,0.5523266923290778,0.5203533894877532
ENSG00000187815,0.9986536118675605,0.7913824860646025
ENSG00000117010,0.2980054892784169,0.43140167938904395
ENSG00000180098,0.5528278740684185,0.4196980429724798
ENSG00000188060,0.37887458929716666,0.37683441849944666
ENSG00000240038,0.980433962689773,0.5634311597076156
ENSG00000117266,0.32927106935428446,0.4386340421756608
ENSG00000174567,0.03586532889892131,0.07267695464279145
ENSG00000143850,0.00016015729072383695,0.00017542121196572802
ENSG00000197056,0.8487332133653187,0.709849265178675
ENSG00000174842,0.043442750380472794,0.05828959903415582
ENSG00000122484,0.7743824474020267,0.8766606068393884
ENSG00000163563,0.3408149737051168,0.26951839406696865
ENSG00000121903,0.4626462800901433,0.43405837842019956
ENSG00000187730,0.873022598451138,0.806840253071625
ENSG00000116809,0.8677590172443607,0.9468264280562968
ENSG00000173641,0.0032801672052781812,0.0038276104206579602
ENSG00000185519,0.7106370956716921,0.783864097858151
ENSG00000142634,0.31897850374069237,0.4036977317481353
ENSG00000160062,0.921556293897385,0.9101220249814854
ENSG00000176261,0.4158512836886935,0.420828320720928
ENSG00000213281,0.37699969701223857,0.3349412884387413
ENSG00000052723,0.14982760167712755,0.2190174390461332
ENSG00000132485,0.8551993660552151,0.9878671578435481
ENSG00000143418,0.9323619294325464,0.7301371948543036
ENSG00000143412,0.17983566050975966,0.23952334009192427
ENSG00000143363,0.2942775922998467,0.2915112182773457
ENSG00000163141,0.5203068006691123,0.6351958812475165
ENSG00000143443,0.3217089554492433,0.31436293406369215
ENSG00000197622,0.7053329752538762,0.6902684682911495
ENSG00000213190,0.9890648561363102,0.9537378774609517
ENSG00000162783,0.016087790277842046,0.026294362484950894
ENSG00000160785,0.6086777389037448,0.5475819324268802
ENSG00000091483,0.6240823565737571,0.4931874247481448
ENSG00000117009,0.40547103150290886,0.2762989977260423
ENSG00000054277,0.4028693560384108,0.5577090573855212
ENSG00000203668,0.8728430699017284,0.8271617466398071
ENSG00000197785,0.5030410474366529,0.5898516402642234
ENSG00000205090,0.0078010465611774655,0.0119987051380487
ENSG00000160075,0.8390861039384883,0.8610580069177824
ENSG00000197530,0.13441917019258973,0.12968301286960868
ENSG00000116128,0.36130126008963825,0.37150341567873657
ENSG00000174371,0.17785335065939856,0.1093327135355036
ENSG00000152763,0.770012549525694,0.9292260195189516
ENSG00000118473,0.48190197635932686,0.575287263120495
ENSG00000143815,0.67536738614819,0.596381771103294
ENSG00000185842,0.1146881411059466,0.09233974303608117
ENSG00000143479,0.043089680839166186,0.029538497315796077
ENSG00000120337,0.2682375276616888,0.2704233640273333
ENSG00000212916,0.9130841960470526,0.7037559717488658
ENSG00000254685,0.8152370376003085,0.966067192946432
ENSG00000163125,0.690921119329839,0.7810634739013195
ENSG00000271383,0.19202863424542685,0.11791002779499105
ENSG00000117481,0.7846351924919217,0.9216341419433582
ENSG00000196418,0.49112185519929485,0.7052500464768716
ENSG00000263513,0.6476938745200549,0.5545334736639456
ENSG00000160789,0.1637605724673566,0.15601369590218117
ENSG00000142798,0.23046654343554293,0.24436808862840811
ENSG00000162552,0.870222541895106,0.8585675776352781
ENSG00000263961,0.6801874794370146,0.8276402608763445
ENSG00000196550,0.6409397330395152,0.5999242603167483
ENSG00000266028,0.849412367045383,0.7110627424596939
ENSG00000263528,0.19437163586029424,0.1896433897859241
ENSG00000266094,0.5089531411838542,0.43736392817238323
ENSG00000143486,0.08013249631254644,0.05451535067039252
ENSG00000058453,0.4148587752807045,0.6386696101107019
ENSG00000143494,0.9356791139326203,0.8435281395506948
ENSG00000215883,0.8823858948216242,0.8305231841178822
ENSG00000162650,0.9382337004990565,0.6884717802902989
ENSG00000120334,0.3229932434456821,0.24054229120352613
ENSG00000162714,0.8838074628863715,0.9944177105530019
ENSG00000152061,0.7549560183806778,0.8734884931175144
ENSG00000143147,0.9659162477946037,0.918341224870927
ENSG00000134256,0.38400027247341784,0.2832783168072407
ENSG00000197084,0.5551636370883452,0.6221690015859422
ENSG00000273213,0.3242180359880107,0.28094941533686285
ENSG00000135838,0.20365620142941954,0.2652049905548642
ENSG00000180198,0.4628623398539673,0.2850449922181166
ENSG00000116922,0.8641503378899416,0.9981217896284623
ENSG00000143536,0.6486126471012013,0.6240723709701566
ENSG00000169509,0.3569626882162453,0.205457479846481
ENSG00000185966,0.058250624873921464,0.020440949237589427
ENSG00000163202,0.3188788872470502,0.1782641876150597
ENSG00000092850,0.6605226569056566,0.35783920995099494
ENSG00000116863,0.8649311068573813,0.8449316966850934
ENSG00000171812,0.6879146210282664,0.6435120268860646
ENSG00000054116,0.45904054549888196,0.4086233746647785
ENSG00000116871,0.026911517526781604,0.016220899657112937
ENSG00000160094,0.7860613996031387,0.7172756629139327
ENSG00000197956,0.5383565563304806,0.4374933578232987
ENSG00000196154,0.9309613586619238,0.9508259945125359
ENSG00000188015,0.19171453911859687,0.20784422578360834
ENSG00000196754,0.29953409279063475,0.2806437189150595
ENSG00000188643,0.9871233147692485,0.8639885116025424
ENSG00000189334,0.9994482245410159,0.87506433091707
ENSG00000189171,0.755334609273561,0.9285971034185883
ENSG00000160678,0.33001920111853794,0.34777457523840805
ENSG00000160679,0.6317076279690204,0.6008442013245693
ENSG00000143553,0.5446798597957772,0.527076593195076
ENSG00000214193,0.39167808456086406,0.262617161810057
ENSG00000196182,0.23820955738489846,0.29021877565226784
ENSG00000181817,0.34416643959450666,0.26671335090171233
ENSG00000116885,0.3070412519582322,0.23124601159514532
ENSG00000116898,0.6112019344798926,0.5732856172742712
ENSG00000142694,0.42027231736952864,0.4391610911332279
ENSG00000135823,0.5475631833519037,0.3530275568446146
ENSG00000153029,0.8597538807146312,0.635058430228294
ENSG00000117500,0.030380643743748922,0.05567919067666456
ENSG00000122483,0.42446828342294174,0.43054325675081995
ENSG00000177868,0.913479861809869,0.9674805736117911
ENSG00000120370,0.1401362134472635,0.0327406174354055
ENSG00000004487,0.5345942152783099,0.5141492998106562
ENSG00000163207,0.534049136528219,0.7433618836442117
ENSG00000184148,0.24294191074930252,0.3130733052619249
ENSG00000163209,0.13541515933220674,0.24575613036483704
ENSG00000169469,0.401401505543049,0.6097278215933178
ENSG00000163216,0.38189092336189523,0.7147679580236714
ENSG00000241794,0.20099620441489582,0.4499829787833419
ENSG00000196805,0.5599360430359385,0.9424660048837215
ENSG00000203785,0.5491164189310525,0.8971434191928295
ENSG00000244094,0.7891925667167272,0.8808240947303334
ENSG00000159516,0.7682772559611114,0.45968035418799325
ENSG00000162706,0.074727102215305,0.0540311672932335
ENSG00000213088,0.16999160776846972,0.12377511182569656
ENSG00000179639,0.8518349054668871,0.9400892064628633
ENSG00000142677,0.5185338571393688,0.38228224965149227
ENSG00000185436,0.9276542064396133,0.641056582906725
ENSG00000163435,0.4729209370284151,0.3246003798262105
ENSG00000133067,0.6671286077959161,0.8081264973080451
ENSG00000143851,0.8315099711392262,0.9366339108870095
ENSG00000116991,0.5177390909828893,0.6069492969130292
ENSG00000116350,0.9326066955841028,0.9076556773265825
ENSG00000007933,0.12530011309088165,0.08119941038917232
ENSG00000094963,0.46030752806585506,0.4380361390603338
ENSG00000132694,0.3140107673335331,0.2920442725598599
ENSG00000117036,0.9115150765063262,0.9011382215919459
ENSG00000163344,0.4427591379654434,0.30200470135339164
ENSG00000163346,0.5794130302073786,0.5070061238550718
ENSG00000163348,0.4519657606345002,0.3969851730677759
ENSG00000160691,0.23560459196585568,0.3139801383332921
ENSG00000173207,0.5058573078497252,0.3677393821239133
ENSG00000160688,0.06677729349176893,0.0462754681496081
ENSG00000160685,0.34150612848498124,0.3206186714783035
ENSG00000143537,0.6996306920326278,0.8277199715490442
ENSG00000014914,0.41545271146876106,0.47176034523212373
ENSG00000264522,0.7350750853616315,0.831857540048298
ENSG00000215784,0.6165158409750185,0.5313244367944536
ENSG00000198483,0.36643217923557914,0.37196770219201913
ENSG00000131779,0.026836213156830876,0.024095339874845537
ENSG00000271601,0.5552391433972044,0.5461256701690964
ENSG00000121851,0.051278609185853065,0.03260533321762759
ENSG00000265972,0.22473838178674888,0.15984635714342574
ENSG00000271425,0.48331190351062714,0.4595365252258825
ENSG00000185483,0.3189143590599089,0.2866552576470715
ENSG00000117533,0.7038383835152422,0.656955855592368
ENSG00000286219,0.5981228387923252,0.5183302694162318
ENSG00000116191,0.4977474508379034,0.2748523686847794
ENSG00000142621,0.544341698183303,0.6506866221047438
ENSG00000075151,0.5464320737857298,0.45868337269864545
ENSG00000143772,0.21845358383640365,0.2736302636029994
ENSG00000163191,0.40887513210655,0.3435709896294986
ENSG00000215853,0.6723245605548812,0.8272259566012061
ENSG00000266338,0.31351659319467584,0.37344174237133454
ENSG00000143409,0.13051818930332973,0.1481989289947603
ENSG00000060642,0.689784183150888,0.8313206486065681
ENSG00000204160,0.2986868209006247,0.38830643133454645
ENSG00000175793,0.7784172263792604,0.7821719158957271
ENSG00000142751,0.8649175688198201,0.9367503179014842
ENSG00000198746,0.6667990644885748,0.5878950905791592
ENSG00000090273,0.5301395224618937,0.570821772062074
ENSG00000131910,0.02608714979436504,0.026987466917783125
ENSG00000253368,0.19424611254205798,0.2445508255803102
ENSG00000158246,0.03458386326128621,0.025273415526188094
ENSG00000130695,0.7414337206602704,0.7588039788044427
ENSG00000198830,0.4959172549069869,0.4650834270874823
ENSG00000158062,0.4847161528019669,0.37860651849200766
ENSG00000158615,0.23273282829190164,0.2130243242712382
ENSG00000058804,0.349597604938814,0.30956267088556316
ENSG00000189266,0.33031641625238384,0.2916549427924833
ENSG00000188529,0.5470658460678655,0.4263192125684715
ENSG00000158055,0.05495574641242042,0.08239626840127509
ENSG00000010165,0.8282649041160242,0.8141792525402695
ENSG00000197959,0.1195224215583927,0.10604747931432952
ENSG00000135845,0.2103558373497228,0.1553127920875543
ENSG00000203666,0.047110578041772544,0.07059924471648953
ENSG00000198691,0.20386422296640058,0.23964923428175566
ENSG00000198625,0.7471310187811937,0.5107999490970997
ENSG00000117713,0.9487506774448574,0.9719568042061439
ENSG00000085433,0.22314597636416225,0.2528680801641528
ENSG00000219481,0.4470165635625988,0.5028744085874066
ENSG00000143811,0.3213699618775926,0.3001496177916145
ENSG00000117090,0.9915097131687938,0.8810995328918749
ENSG00000078618,0.8564750937514365,0.8089235837115448
ENSG00000185104,0.7230029723177507,0.6367694543593724
ENSG00000117523,0.7210868482506385,0.7647004435870911
ENSG00000132128,0.7015565570422471,0.7156479614995643
ENSG00000142973,0.03999456150585049,0.015228667674154902
ENSG00000085552,0.11083612606841287,0.1109394398185242
ENSG00000143374,0.5612333413411497,0.5730824876993946
ENSG00000182134,0.09591579612068131,0.12944236075999926
ENSG00000263956,0.602719856776278,0.7742772302004781
ENSG00000142875,0.8850753968288456,0.9080161927988418
ENSG00000134250,0.5615442339947457,0.6035202859798592
ENSG00000132849,0.6607446928326148,0.6161771685445883
ENSG00000170498,0.6709555740167112,0.6514089630745694
ENSG00000086015,0.6403468033160753,0.5635045710189321
ENSG00000162409,0.20443978915892433,0.2960400005003628
ENSG00000196189,0.5432435566960221,0.6143396317572097
ENSG00000088280,0.3796568150580477,0.3943081818940034
ENSG00000221978,0.5297033561081785,0.4946568430193161
ENSG00000175707,0.6090611130962096,0.5700778157515215
ENSG00000134258,0.22784493882081266,0.297542667883114
ENSG00000122482,0.18171540078600337,0.2474473480161852
ENSG00000187961,0.6787235700460162,0.7587611489458712
ENSG00000163462,0.8784358890497608,0.9534928114716675
ENSG00000116604,0.2492575484708348,0.24585594400147373
ENSG00000185499,0.07378007663497133,0.05569912300961207
ENSG00000154451,0.20168034662288414,0.23226933658672613
ENSG00000162595,0.4470031148377156,0.38913606159387404
ENSG00000011007,0.4767318137594162,0.5297209130270624
ENSG00000117305,0.7999040921456885,0.9543497663083104
ENSG00000179163,0.5592464003271171,0.6265189177073637
ENSG00000084636,0.2229843173697601,0.27555276936974565
ENSG00000143149,0.7651255767261701,0.41544849848176946
ENSG00000203852,0.6283314441929271,0.5419632083649741
ENSG00000203814,0.6777962799196298,0.552937091022707
ENSG00000270276,0.33720325313054744,0.4072291748736947
ENSG00000143164,0.6147957829329411,0.7591623508074141
ENSG00000184678,0.8861567042273584,0.912166576088708
ENSG00000270882,0.3112951408550478,0.32643480495820565
ENSG00000215695,0.8078270237359214,0.9709703407968916
ENSG00000122435,0.10219162598972772,0.10536513985180147
ENSG00000203811,0.6283314441929271,0.5419632083649741
ENSG00000120341,0.17684358050689558,0.2028553307647827
ENSG00000142224,0.06733958368911801,0.0994719448333114
ENSG00000117114,0.4865797847037848,0.424593693730548
ENSG00000179862,0.2574461322338713,0.2669884912357568
ENSG00000081277,0.18877164264545124,0.2943576400567602
ENSG00000118194,0.2714001919869898,0.3658892934036032
ENSG00000159166,0.513438683018631,0.5888696416978192
ENSG00000159173,0.66515806321925,0.517420759886533
ENSG00000174307,0.10525557657495326,0.12470071738273984
ENSG00000159176,0.15848102205948883,0.2208747832534999
ENSG00000198700,0.924134274745092,0.909525714499237
ENSG00000198892,0.1175556498819996,0.08432545790457517
ENSG00000134369,0.7083755933675897,0.968778111608409
ENSG00000050628,0.7960745174419057,0.8161014871206204
ENSG00000186364,0.005308718284442527,0.004223103546313825
ENSG00000131788,0.3032616910119593,0.3083585793881082
ENSG00000265241,0.2048386578011416,0.13557531298074213
ENSG00000116489,0.5947461430882268,0.5812101290179106
ENSG00000155366,0.7889073940071005,0.6076526516431769
ENSG00000155363,0.8518856639064771,0.8529510465209643
ENSG00000273136,0.40684079527970807,0.5286746452198672
ENSG00000120656,0.12108200573308897,0.06885414517524871
ENSG00000197780,0.7142966452035246,0.8463636045549973
ENSG00000136628,0.7012870710213095,0.7841894552514649
ENSG00000162813,0.6875291192251585,0.6657291167844482
ENSG00000067704,0.5525950598511031,0.5574734847130849
ENSG00000118873,0.7978642283061513,0.8389193962090942
ENSG00000143776,0.807761815049379,0.8919858998625196
ENSG00000132196,0.8390677379157134,0.7161008853100942
ENSG00000127603,0.7105108496123502,0.545744010738055
ENSG00000185860,0.02474410371722992,0.0432127588963887
ENSG00000117461,0.7467424009701794,0.8232570534989582
ENSG00000117472,0.48770350707983945,0.6147835434993255
ENSG00000171357,0.38393882064920415,0.5829459996513335
ENSG00000085999,0.33241165878301837,0.3537133304108576
ENSG00000085998,0.20931413842534397,0.2841711857535357
ENSG00000117475,0.9708235553638326,0.7464677293564663
ENSG00000117479,0.2825224127027253,0.34170697872703854
ENSG00000198734,0.0795831736262212,0.0954861967183199
ENSG00000099260,0.7631898752900514,0.7080361664703338
ENSG00000116580,0.9590090059005829,0.902870910614786
ENSG00000127125,0.7037334651023558,0.717695981511593
ENSG00000009307,0.9109668708855935,0.9542373072164049
ENSG00000162413,0.9821246605065624,0.7747362592361452
ENSG00000116273,0.17133512667840903,0.13852739139906686
ENSG00000117153,0.8802188259541521,0.9498838850212313
ENSG00000159346,0.17385607932215835,0.190874269298273
ENSG00000159348,0.17299915157293178,0.20344525340118189
ENSG00000163444,0.6038111399258697,0.5163323339317314
ENSG00000163485,0.03451998983137421,0.03473917610024467
ENSG00000133048,0.09856717397182967,0.05958009608655316
ENSG00000127481,0.42288057738901375,0.3729904201913986
ENSG00000053372,0.46982054410302276,0.443432267955723
ENSG00000162482,0.20100705048789747,0.15951711544726652
ENSG00000053371,0.9935666218881509,0.8902130735181417
ENSG00000040487,0.6232637908729741,0.6291225423798822
ENSG00000183155,0.9631687290904161,0.9065709305548865
ENSG00000133063,0.4619860616307544,0.6783940979563272
ENSG00000143847,0.9343908600497981,0.8267891970469403
ENSG00000143379,0.7511456069271676,0.7268612221709246
ENSG00000007923,0.7265327379992794,0.7424341465711608
ENSG00000116731,0.5269228512806381,0.4027874490795298
ENSG00000127463,0.9629484190315332,0.8748224856191409
ENSG00000117543,0.0031673603534311074,0.0017837768437337768
ENSG00000164008,0.28726960668998675,0.18934135633883045
ENSG00000116406,0.6627542474029747,0.8109149678844374
ENSG00000162704,0.20126322366005564,0.20449287933922797
ENSG00000116698,0.5009214965906594,0.5215667829370312
ENSG00000121940,0.5490548825853352,0.46386780740030487
ENSG00000067606,0.06090834757099116,0.10075847818248365
ENSG00000197429,0.4838856522259708,0.3940122008013861
ENSG00000184588,0.4473657974576083,0.515530659770048
ENSG00000084070,0.3181550242303357,0.18151662193600435
ENSG00000127483,0.7005276341439501,0.5661535181226518
ENSG00000164002,0.807331000232349,0.650637700641404
ENSG00000133056,0.08293455266429448,0.04431719871269076
ENSG00000163159,0.2978205062442655,0.20897986909312805
ENSG00000143434,0.3864041344102823,0.5519819920433848
ENSG00000116455,0.056553484949441395,0.05316702756083773
ENSG00000116459,0.20134542135915365,0.22678377562960159
ENSG00000143110,0.3168850655186459,0.29357681447020684
ENSG00000282608,0.26763016200522666,0.2931006634129886
ENSG00000116473,0.3427484491713995,0.2859994733955683
ENSG00000127129,0.9003765956577245,0.7740610220003566
ENSG00000143153,0.7255989249521184,0.9836723134394615
ENSG00000183291,0.946057581616654,0.8017493604325425
ENSG00000153936,0.7071157869957125,0.6939671501992822
ENSG00000267561,0.62418151044996,0.530751617619886
ENSG00000134709,0.5892355687831446,0.5892167258900336
ENSG00000134716,0.25789134576540473,0.3383183319133735
ENSG00000181218,0.17717152413896603,0.11643838179699485
ENSG00000168159,0.7552132582151827,0.8423892941672859
ENSG00000177674,0.019309177491737307,0.02608369284461102
ENSG00000177000,0.0860673644702001,0.06039786070584363
ENSG00000137968,0.0925407761446264,0.06522719072165657
ENSG00000041988,0.669800019708612,0.6359000153823305
ENSG00000196420,0.01330421126522107,0.01812166962548288
ENSG00000072694,0.4662868889191889,0.43525469332556643
ENSG00000155367,0.11630528682802983,0.13364297016384516
ENSG00000159450,0.30541297188025535,0.29788657747173874
ENSG00000160783,0.7818190707589433,0.8296467101660083
ENSG00000066136,0.7355378392406717,0.8962248583794794
ENSG00000134668,0.06507981566973067,0.04245080608093885
ENSG00000180488,0.44513389346244725,0.5372647487289901
ENSG00000142961,0.568107020161367,0.36079126445815934
ENSG00000116754,0.6293828714231355,0.683106785751099
ENSG00000077585,0.8567713571761654,0.8824901688738089
ENSG00000086619,0.7532471633559402,0.7300972359890228
ENSG00000117791,0.40962547348087686,0.2781314816431025
ENSG00000186205,0.9683224041996503,0.9952445138078272
ENSG00000123472,0.9917983266277512,0.8825740454229718
ENSG00000010803,0.398661356420947,0.3858925760123475
ENSG00000196369,0.29797656003660633,0.26891807900747683
ENSG00000143333,0.23238726923445682,0.3378973746580039
ENSG00000031698,0.9870377906819245,0.9954532959198512
ENSG00000143126,0.8411382867653618,0.6866121809559891
ENSG00000134222,0.09139107550792896,0.10608212129322662
ENSG00000134243,0.4482706068872958,0.32567771027815634
ENSG00000143106,0.6438864796045277,0.49383036045675266
ENSG00000185278,0.7730011728494913,0.8015016320874562
ENSG00000117143,0.6797907241744581,0.193416323643983
ENSG00000163564,0.6993484006082675,0.6400942940575511
ENSG00000163565,0.18885567306785517,0.28317382339025776
ENSG00000163568,0.9073600690835539,0.9795846721233301
ENSG00000004455,0.5072613064815311,0.3678725649510558
ENSG00000173372,0.16156622129421885,0.13768290441465508
ENSG00000159189,0.08645809285593893,0.08096683486244137
ENSG00000173369,0.09555584973913499,0.08885544348440153
ENSG00000117335,0.2932357546249067,0.38348322264622914
ENSG00000180667,0.5433359424865847,0.3489753400640836
ENSG00000123838,0.01092460095994732,0.003754136227916273
ENSG00000123689,0.1864681468840867,0.1893325603713217
ENSG00000117594,0.1075838371686694,0.1323426101595656
ENSG00000009790,0.44387337278246497,0.4950101782159515
ENSG00000162757,0.3227132753060251,0.3307760458696932
ENSG00000117595,0.7076034431442397,0.7599855198839983
ENSG00000117597,0.9322272150652688,0.9864583954973243
ENSG00000177181,0.4400717953569324,0.4877673045373663
ENSG00000066185,0.8457157976604158,0.8398320250176663
ENSG00000134684,0.5358497334650656,0.5578491850292533
ENSG00000132716,0.9330071477997026,0.8362251876456256
ENSG00000162735,0.25625977638212666,0.5634620428054531
ENSG00000162739,0.7075058003813075,0.5324653935160699
ENSG00000066294,0.3093678976990003,0.26199207708696926
ENSG00000122218,0.6251975375612366,0.23810749808992063
ENSG00000169474,0.40778648521286853,0.6587262950556567
ENSG00000118200,0.6447151011306205,0.5743756712206562
ENSG00000163362,0.23813219671221997,0.2699552591492179
ENSG00000137975,0.10970392546356372,0.17249796851248891
ENSG00000016602,0.6275950701332369,0.676811749016315
ENSG00000152904,0.7715337052520768,0.828019077412596
ENSG00000131791,0.9807584216864977,0.9711108421021656
ENSG00000177144,0.07281065106021178,0.14332135528079615
ENSG00000162458,0.03468631587961636,0.02987198590767381
ENSG00000142794,0.5392165906486481,0.6252121141368318
ENSG00000076864,0.030410699296079494,0.01383630184814389
ENSG00000090686,0.7376349724266911,0.6455636956376235
ENSG00000186409,0.5330873159204915,0.4250564108408217
ENSG00000116560,0.5383286703874817,0.5382583526839824
ENSG00000084072,0.6789669801667164,0.6231953550104388
ENSG00000116985,0.4787823796384797,0.5436126858966073
ENSG00000043514,0.8725729682637707,0.9351636148965937
ENSG00000116990,0.2725477964115775,0.42085484479498514
ENSG00000168389,0.4990676346222802,0.3318162522533472
ENSG00000055732,0.4802394731127464,0.7198678457350565
ENSG00000097096,0.7020791631075853,0.7520135634259402
ENSG00000143515,0.18849042787533254,0.22254702291559114
ENSG00000160753,0.1914736491375777,0.14958847689392404
ENSG00000116584,0.27882440199016933,0.18743875061159498
ENSG00000143297,0.4566905875545475,0.37933167168350346
ENSG00000132704,0.8276302269877003,0.6967361362304729
ENSG00000162738,0.28702702424411775,0.32187604031279843
ENSG00000143258,0.9400045678389284,0.45067759817877084
ENSG00000254706,0.7417207541071763,0.6682637567004858
ENSG00000239887,0.5417429431272439,0.4573018569622894
ENSG00000152332,0.5424762962370457,0.14405691425015787
ENSG00000162733,0.8158584911843545,0.9424591898268534
ENSG00000075391,0.12738574795512517,0.17810088834934307
ENSG00000154380,0.3175789729989227,0.37066370781668534
ENSG00000162676,0.244739113525403,0.365887152463953
ENSG00000203667,0.6038465105377402,0.394330412997977
ENSG00000081985,0.8352284760364712,0.712083100455111
ENSG00000162551,0.002925808089087566,0.000702231073526383
ENSG00000136634,0.37542938458247055,0.22002527111596515
ENSG00000000971,0.7998709386921832,0.9513866887564434
ENSG00000054523,0.2839479141764946,0.21397922939221295
ENSG00000171793,0.6187001076940438,0.5933319153427971
ENSG00000135744,0.15071954573324814,0.21867288405349636
ENSG00000084623,0.9229292154323124,0.8086952332363312
ENSG00000143612,0.6788703009305906,0.4802214848188544
ENSG00000143569,0.5246195592474303,0.49835802352554914
ENSG00000160058,0.2995667116718306,0.20605205430233828
ENSG00000142687,0.29084206650645233,0.2687272159234097
ENSG00000116586,0.35106454781594987,0.2298145597336358
ENSG00000182866,0.8349694558289652,0.7380008341718488
ENSG00000130762,0.4275881687198666,0.4843768759001973
ENSG00000158109,0.4838234244649272,0.5543103243435124
ENSG00000116213,0.5251008840978405,0.4850838043101743
ENSG00000078900,0.8277519495565028,0.7780496912519737
ENSG00000162591,0.14685827241137914,0.13043462744291384
ENSG00000081019,0.8700505685297023,0.9965879788627581
ENSG00000134242,0.7869158958395186,0.7027565600245496
ENSG00000134262,0.4959580323602819,0.638384543530844
ENSG00000163349,0.6211235238925389,0.6866923130020754
ENSG00000118655,0.28270463285413955,0.38093931741473974
ENSG00000162496,0.42445696199629845,0.41377562457463746
ENSG00000143669,0.10552943221691118,0.08971672849990223
ENSG00000184292,0.8568586198505447,0.8318456235027311
ENSG00000162601,0.35445965087312636,0.4962304033430931
ENSG00000116661,0.08312169832919906,0.08702457008554351
ENSG00000132879,0.31212610772084126,0.3231953205660151
ENSG00000116663,0.7232819060912764,0.6582328300803679
ENSG00000117133,0.24602073463945032,0.30077342138897106
ENSG00000174021,0.6708165171579512,0.6998485562446504
ENSG00000117155,0.9951649186812097,0.9333971078909091
ENSG00000116670,0.4239899835260812,0.4659807911129592
ENSG00000188610,0.2130513089626266,0.17835127558056238
ENSG00000257315,0.41534419862568195,0.4109972477048861
ENSG00000117394,0.0981581872832228,0.06237036953495556
ENSG00000116701,0.24376995435620277,0.14363798940366934
ENSG00000088035,0.01566421748302046,0.03037217306715911
ENSG00000081237,0.381051490889178,0.3452048313458088
ENSG00000125459,0.8077828855639912,0.7033895049294385
ENSG00000143365,0.0792835661093775,0.05184478082535173
ENSG00000162909,0.0938399125368926,0.15666992904049798
ENSG00000143514,0.409355538018375,0.3273740152527177
ENSG00000116741,0.917589863205121,0.9660715625767493
ENSG00000143575,0.3154686772521327,0.18811540831236578
ENSG00000198715,0.6996835518275943,0.9935543343432122
ENSG00000176092,0.5383953558811363,0.5203310538806065
ENSG00000143643,0.2790818870372622,0.18322062928423982
ENSG00000173409,0.009512439648308852,0.006259939293619496
ENSG00000160055,0.7836218080002887,0.818279528518841
ENSG00000116717,0.6986708031958537,0.6783833007861546
ENSG00000172380,0.4765729228652189,0.5319160270467164
ENSG00000116729,0.4887779399655361,0.511543867431863
ENSG00000143603,0.19311791198583905,0.15173132744887363
ENSG00000203783,0.8868167269740522,0.8410150016876342
ENSG00000159527,0.7227182189444317,0.9983651072079195
ENSG00000163218,0.8804284747800727,0.6292244237742486
ENSG00000163220,0.8599192446353272,0.8013479574352289
ENSG00000163221,0.5293255062720613,0.5150441581573719
ENSG00000143546,0.7733148414763149,0.8489519266338841
ENSG00000184330,0.5879922406316307,0.3140379004647234
ENSG00000143556,0.2493303573769336,0.11458687782788483
ENSG00000186891,0.16725809270367942,0.16992538190866258
ENSG00000078808,0.7684095881485826,0.9168765063509497
ENSG00000176022,0.6803872367080637,0.6508559503813576
ENSG00000184163,0.918875350882911,0.8134168325513511
ENSG00000160087,0.8521217099137406,0.8215838171512837
ENSG00000162572,0.2786925086590086,0.2546691864810513
ENSG00000023902,0.7477051874737342,0.9804831952524646
ENSG00000143401,0.19513102239443503,0.17386513669519874
ENSG00000117362,0.2204639180994303,0.12491783009959953
ENSG00000118292,0.6747345162714491,0.8272453587314226
ENSG00000159208,0.021548284549665262,0.03042344104989444
ENSG00000266472,0.0022100218771057855,0.0007169437609705166
ENSG00000117360,0.28951163664232665,0.40922604432156773
ENSG00000131584,0.9817842099156232,0.9945466816770556
ENSG00000127054,0.2633479182143252,0.2622081437100868
ENSG00000224051,0.3070677425114815,0.26139724564103806
ENSG00000169962,0.2000874031252189,0.1560025309265194
ENSG00000107404,0.019788360236859013,0.016194405860352465
ENSG00000162576,0.06523064594037922,0.0784421688817988
ENSG00000175756,0.9976660754627319,0.8748181981926003
ENSG00000186501,0.3524539151012337,0.3514635805425008
ENSG00000142765,0.9729518222056045,0.8360015318201417
ENSG00000142733,0.8679333729721774,0.8515689075524157
ENSG00000174950,0.5257327980055548,0.5519306492929186
ENSG00000136631,0.22127083618734353,0.1725989031701294
ENSG00000160712,0.44905910273302174,0.48147398502308636
ENSG00000132781,0.6270620248145631,0.6284624428584826
ENSG00000117054,0.5522651564087302,0.6418450491472624
ENSG00000179456,0.2632690205802151,0.223862614110247
ENSG00000188807,0.9817001579560848,0.860158015096756
ENSG00000171603,0.37367243050853527,0.369891187354653
ENSG00000178585,0.6886032197609959,0.670762006077957
ENSG00000162441,0.6521297666872812,0.6380676383380124
ENSG00000265491,0.44967964828370166,0.517178518016896
ENSG00000186141,0.2926053407250061,0.31324862025379646
ENSG00000171608,0.4044240666459187,0.31010297778316537
ENSG00000117560,0.6651982376512027,0.8702546243705683
ENSG00000269713,0.2996312706438534,0.26373197962268424
ENSG00000162825,0.6678610520730763,0.6856250392584378
ENSG00000160818,0.19318888805958093,0.1562459391044982
ENSG00000268043,0.9370336394421451,0.8500852801697374
ENSG00000049245,0.512457373707927,0.5169040745926794
ENSG00000049246,0.3732064885389592,0.3119062984282023
ENSG00000049249,0.30814786617589607,0.34267980990602503
ENSG00000116288,0.9852715467515067,0.8638759271066896
ENSG00000116285,0.08910120751164091,0.10874368481908386
ENSG00000162368,0.6380920849008647,0.6885186084088126
ENSG00000119535,0.07466517024754997,0.06427311882567883
ENSG00000143226,0.023670143261135108,0.02601585379388604
ENSG00000082497,0.49765663448892183,0.5994241404810614
ENSG00000132768,0.7895619953818148,0.8501916422694913
ENSG00000162434,0.22397078612818241,0.1877947650228231
ENSG00000142867,0.5038851428698232,0.3770614957751691
ENSG00000077152,0.33498797566369054,0.28311850199406613
ENSG00000203747,0.14682639974068645,0.1504575644066059
ENSG00000162747,0.2863333186782126,0.4327043802077384
ENSG00000163545,0.22437054623429434,0.2822814265482796
ENSG00000162873,0.44540926435904293,0.371443894442799
ENSG00000186007,0.7645831988210602,0.9328403839426341
ENSG00000281406,0.5356468737458289,0.5134331446044655
ENSG00000162736,0.6118784882478507,0.9357153094014552
ENSG00000196352,0.1672202167089193,0.18245532319063032
ENSG00000117322,0.8939065961696508,0.8594219138581026
ENSG00000203710,0.06592798014530744,0.04919665986644312
ENSG00000092847,0.5718955599974405,0.5716730753458181
ENSG00000126070,0.9820743562113682,0.9062793549861734
ENSG00000143816,0.705619774255049,0.5890565539266884
ENSG00000143761,0.4538913133771818,0.7782857996007737
ENSG00000185630,0.5680349862935706,0.6707083717726583
ENSG00000142784,0.14795764312450202,0.14136635421422863
ENSG00000158195,0.6367244554371727,0.5215309088217711
ENSG00000142748,0.002520968526246787,0.001043436467292438
ENSG00000188257,0.15049331074824998,0.13862961934947873
ENSG00000283227,0.41032141223181173,0.37047922969304115
ENSG00000286019,0.8923253834989393,0.8920641021300587
ENSG00000286106,0.011638562906174254,0.011354806577963011
ENSG00000264343,0.9676552343189643,0.9498824211001395
ENSG00000243749,0.5314260004253253,0.7156230542222684
ENSG00000270629,0.46697949706321085,0.3643253991936469
ENSG00000135801,0.5177869022206295,0.47814452642476524
ENSG00000186827,0.3481831641755603,0.2983726508464491
ENSG00000162599,0.476732947457171,0.603955713663433
ENSG00000143162,0.9806134805490573,0.8485130509485941
ENSG00000198821,0.7771642562677439,0.8779110819547601
ENSG00000171735,0.43365366244003034,0.33848289980697394
ENSG00000134255,0.05027972192193954,0.05027518801449864
ENSG00000120942,0.583681558269787,0.57190080217505
ENSG00000198793,0.6903797412935697,0.7544747585164819
ENSG00000143373,0.9250469272654139,0.9263797893153691
ENSG00000143393,0.6075350328056852,0.5399838199682515
ENSG00000143390,0.37182851630340374,0.3995149440881569
ENSG00000143416,0.30806442959639735,0.24647225980598503
ENSG00000159377,0.5079339155324243,0.37097117089229215
ENSG00000143375,0.24517742660037947,0.29735574851052055
ENSG00000143367,0.3280941821090152,0.4088189907555845
ENSG00000143442,0.8739405060898968,0.9626340432865307
ENSG00000117676,0.012532158668233246,0.009091434753960147
ENSG00000117682,0.2747156885671834,0.4077377380959456
ENSG00000120948,0.5745294182930176,0.5722574768752828
ENSG00000162614,0.4277723539612186,0.43259978467519
ENSG00000162616,0.8214995632430226,0.7883795770580414
ENSG00000162613,0.8740643425487978,0.7488771372937182
ENSG00000169418,0.08660791896060512,0.06347791952438189
ENSG00000143624,0.4645039199310774,0.3146737329357117
ENSG00000143554,0.9792015583461186,0.969897247643464
ENSG00000143614,0.05064870354443231,0.04894519001077857
ENSG00000171385,0.07026581594658458,0.05140275645541131
ENSG00000078369,0.05044829770581032,0.05785135571941781
ENSG00000168765,0.4241907798971343,0.6739675241901311
ENSG00000213366,0.22901718036388002,0.4715808987145713
ENSG00000134184,0.4480589730599762,0.595454148851432
ENSG00000134201,0.11524939913984161,0.09725048317661451
ENSG00000134202,0.3035958708295249,0.4827633481786686
ENSG00000143702,0.09293618342117017,0.09962921911859114
ENSG00000135835,0.8744385028825001,0.9113296048310566
ENSG00000169174,0.7997987972006084,0.7349796339788578
ENSG00000162402,0.768803420018489,0.7639842098716738
ENSG00000122417,0.4523191383160807,0.37345898113015896
ENSG00000183853,0.5740974584663334,0.5586748682859866
ENSG00000074800,0.671759957050267,0.7477931508176427
ENSG00000142599,0.18505944468358157,0.13399861583141048
ENSG00000143622,0.8544434229264924,0.7765557568407397
ENSG00000153187,0.1342574890417972,0.12158811921410158
ENSG00000065526,0.2810493134798026,0.21042613189796053
ENSG00000162585,0.12753686480363383,0.10564172502322833
ENSG00000157933,0.07629282207335038,0.07826771331541019
ENSG00000162923,0.5936627440817838,0.613794863094598
ENSG00000117139,0.19608299275648908,0.11991448408888054
ENSG00000077157,0.717489051346869,0.6068691341334743
ENSG00000116199,0.7301672694944288,0.6184254080313709
ENSG00000186283,0.11212276379676583,0.13983051113806355
ENSG00000143322,0.24962027484002766,0.22483986845945125
ENSG00000181773,0.7897744058790814,0.6759223464968684
ENSG00000169905,0.5098098522931844,0.3752848350248045
ENSG00000143337,0.486566220267615,0.5687514065237713
ENSG00000116260,0.15821846184524335,0.12585918238839314
ENSG00000097033,0.5873259705956849,0.7068522190670012
ENSG00000143549,0.14284299473256282,0.29317432489502776
ENSG00000169504,0.3701680565664214,0.35993914645604397
ENSG00000133226,0.6797088642531446,0.7012134025004058
ENSG00000285053,0.1777606933959922,0.12689045604685825
ENSG00000188783,0.2693723210014268,0.32475810394267524
ENSG00000058668,0.0358326914966423,0.016859572522106327
ENSG00000125944,0.7691829325660808,0.7604568258154311
ENSG00000077549,0.26095362261173305,0.3500371583901619
ENSG00000173436,0.23889071811023455,0.22020944851319935
ENSG00000158747,0.1950704562256625,0.301163118397878
ENSG00000020633,0.3447335813630623,0.3454888571998034
ENSG00000070831,0.8814277026484891,0.8036547907265353
ENSG00000122176,0.23848638725740956,0.33672816324998533
ENSG00000131781,0.10254524744968954,0.0768195829933089
ENSG00000131778,0.7772096155861803,0.5789633423295797
ENSG00000132122,0.08615301388033382,0.05285284028065943
ENSG00000060718,0.670664739734028,0.5127003256430442
ENSG00000135837,0.9371541026497296,0.8353563946700124
ENSG00000085832,0.09318369556594616,0.07370580492052377
ENSG00000134686,0.13499704746993843,0.1687582675201573
ENSG00000159023,0.2690608404923958,0.2288207728640036
ENSG00000159388,0.2218908812291166,0.09087582057699613
ENSG00000069424,0.28833162215337443,0.20147784784272565
ENSG00000116251,0.6019881983266084,0.6700987126701563
ENSG00000158286,0.7839042171066928,0.7602156878388169
ENSG00000116237,0.5408430342948536,0.6320714171143692
ENSG00000158292,0.12656902807832285,0.11039671478234005
ENSG00000069812,0.8856075939608241,0.9361898846425677
ENSG00000117569,0.47801614859151087,0.6348270634173256
ENSG00000169972,0.9875571394508241,0.9786265513351384
ENSG00000178104,0.16830267316760603,0.26401531773508613
ENSG00000117152,0.12530723262019264,0.2572019861235283
ENSG00000117724,0.38679667278256236,0.3757280998109328
ENSG00000160767,0.9521519428250934,0.7555452162948337
ENSG00000162543,0.07758427943161121,0.03065508779974855
ENSG00000157216,0.6616112907295894,0.6320401003328961
ENSG00000169641,0.25081016697069664,0.15539703121949547
ENSG00000067208,0.545796411529301,0.4682547547281636
ENSG00000143774,0.45327101771341116,0.6013752376934722
ENSG00000169991,0.45573909586875816,0.33473081162630297
ENSG00000097021,0.08543645306748408,0.08940232557246999
ENSG00000187017,0.9220504158536392,0.8297600290655176
ENSG00000162437,0.05868677350310669,0.09571841318613766
ENSG00000197562,0.3889077980712363,0.3663242256992194
ENSG00000167930,0.30151706363804626,0.34931942747034994
ENSG00000103126,0.2926607747917445,0.2559843819257361
ENSG00000167972,0.012989507258898478,0.009221084475973985
ENSG00000267795,0.018920665198725928,0.02536169151020565
ENSG00000131634,0.0525349535902179,0.05540240754554244
ENSG00000168096,0.44745382516291543,0.4444029517883171
ENSG00000059145,0.1527828238422134,0.11305654806508234
ENSG00000187535,0.02377445187048088,0.01542088918188591
ENSG00000140632,0.3570042085855678,0.37507263498527776
ENSG00000089486,0.038369073127322954,0.052225133288339366
ENSG00000103489,0.5079048340215353,0.6735305654984352
ENSG00000162104,0.6623519193198701,0.7034105489850251
ENSG00000103381,0.2889731285084333,0.39406136320569873
ENSG00000103199,0.2396243756299774,0.1750437480970552
ENSG00000103534,0.09730601967641411,0.05387738360267682
ENSG00000005339,0.5363469625637131,0.4901328934098901
ENSG00000134419,0.1270781682976149,0.09514273109729265
ENSG00000076344,0.47085823399598925,0.4725122803528068
ENSG00000007376,0.43597254619575265,0.568935985617546
ENSG00000168447,0.08874153467265253,0.03899012528809459
ENSG00000102858,0.015383467010680284,0.013499340353148594
ENSG00000103528,0.5677995289743109,0.8626718097642812
ENSG00000166828,0.05493892958896723,0.02850539547927952
ENSG00000170537,0.019661502506647343,0.03048188306321886
ENSG00000130731,0.5554037859871828,0.6478581008614464
ENSG00000090905,0.7628681091056743,0.6815753055660754
ENSG00000048471,0.29805199303032515,0.2478172971088391
ENSG00000058600,0.21410519468711645,0.27602234458121877
ENSG00000153443,0.4664051951400877,0.35145929050142666
ENSG00000127586,0.676326099145751,0.7738005225123972
ENSG00000170540,0.9798200669232191,0.852535359733489
ENSG00000091651,0.6874603141226048,0.6164504531810298
ENSG00000171208,0.34132695172820665,0.28166183121471594
ENSG00000196470,0.751778255565831,0.8565029877730894
ENSG00000069345,0.6988827984576556,0.6881649420966884
ENSG00000067365,0.6673258755500553,0.5610815614456679
ENSG00000155330,0.29764044401457584,0.3125793560904026
ENSG00000069329,0.05024814005034539,0.02147370912063616
ENSG00000237515,0.5371220552754972,0.7940590346970486
ENSG00000103485,0.0338964096555147,0.047740579051130834
ENSG00000102910,0.5683921465155097,0.5569728249903851
ENSG00000156968,0.9752955047746639,0.9609386369448342
ENSG00000166123,0.7678433199463013,0.743737049513811
ENSG00000102921,0.42437427490669866,0.3081669174359953
ENSG00000129636,0.39247458362426446,0.4410794047122031
ENSG00000102900,0.5174510895363535,0.5026133846180307
ENSG00000150394,0.5895616656169234,0.7405048561762362
ENSG00000171241,0.6412533515921933,0.6140871771151653
ENSG00000167186,0.951075162375843,0.8385355953196132
ENSG00000122299,0.4002605567188169,0.37019900789342997
ENSG00000087245,0.08764600432613885,0.1381248719605278
ENSG00000102970,0.8422602644255182,0.8723569514720126
ENSG00000166246,0.5347988080868556,0.38947469402925083
ENSG00000007545,0.4874512699151312,0.48942744309482733
ENSG00000006007,0.8057490950046926,0.6325639717056786
ENSG00000102962,0.7901304353500291,0.6086941993318342
ENSG00000256812,0.4270680308748356,0.48997838116771153
ENSG00000135720,0.048322678169935414,0.0656415999369945
ENSG00000103460,0.41979878876450283,0.3494779061805138
ENSG00000141076,0.34048656832032,0.42521830734564814
ENSG00000087253,0.6137977142779436,0.6064222027348762
ENSG00000103089,0.13669472691525633,0.2236418781337942
ENSG00000177508,0.33015568030774983,0.27082773056937176
ENSG00000118557,0.9650188850226847,0.846200445046349
ENSG00000178573,0.7855332979475512,0.6491903505553978
ENSG00000103047,0.836546852835329,0.8030994892258005
ENSG00000159593,0.8971795794457564,0.9636389847193348
ENSG00000088682,0.9236813784276445,0.9646438220541669
ENSG00000070761,0.8508003078946444,0.8941946653960187
ENSG00000131153,0.33224223676796905,0.2574304986249011
ENSG00000135736,0.1310834097050839,0.1166295999875763
ENSG00000176692,0.08365418991495734,0.09647206522033973
ENSG00000050820,0.16172780600260775,0.24013132168069146
ENSG00000205078,0.1684535700931507,0.16076908506596815
ENSG00000131149,0.030324019893660854,0.024291267432175388
ENSG00000103111,0.047747356316379386,0.04329794472874469
ENSG00000184939,0.286428435890787,0.32591793032105454
ENSG00000103175,0.43083226626458426,0.5405052759648453
ENSG00000140948,0.17618166239854213,0.1520417560923029
ENSG00000172840,0.6743462170167014,0.5819903896021529
ENSG00000135686,0.08157891116119553,0.08546097422820166
ENSG00000168404,0.3410859219172987,0.36380961596239847
ENSG00000005194,0.6445759415756389,0.7929593431674606
ENSG00000140937,0.5329319651446487,0.6547744476065849
ENSG00000140950,0.008065731307113539,0.00793006779176121
ENSG00000103091,0.34058678619312643,0.3330199346197528
ENSG00000103248,0.06692152082976321,0.09616425504337768
ENSG00000103257,0.07138522405119363,0.04754962400125654
ENSG00000104731,0.5896753448623311,0.49426236484515296
ENSG00000168589,0.6035496594785067,0.36786992747335945
ENSG00000103335,0.14567414793879266,0.16786070708365008
ENSG00000006210,0.9276560096091822,0.807972891599645
ENSG00000153774,0.5984905769786699,0.5623718733285521
ENSG00000140876,0.6008359265573631,0.5490953358906339
ENSG00000176678,0.15440858916423944,0.19578930949483497
ENSG00000184517,0.29147410729144063,0.2870011305809789
ENSG00000140836,0.8158614775699049,0.6467397394263288
ENSG00000168411,0.971608402855183,0.9902223889948605
ENSG00000186187,0.9017794509662103,0.6596707145651115
ENSG00000140718,0.18005026343778685,0.17362708144275427
ENSG00000103187,0.33657404699050997,0.3421397794140786
ENSG00000103121,0.49409076032200805,0.40165577610688896
ENSG00000102978,0.7984108232170473,0.999682883762377
ENSG00000118900,0.23185204345169672,0.19151958212149098
ENSG00000154102,0.9153935061083249,0.9559776896815955
ENSG00000103241,0.5445250979886319,0.4773735654448421
ENSG00000166446,0.3078570816604265,0.3357545925836584
ENSG00000183793,0.04958300945271643,0.05013778661241798
ENSG00000131650,0.31447106120065527,0.44196077741148343
ENSG00000127564,0.7790788143285903,0.6505990299262971
ENSG00000162073,0.9661130008141385,0.8707996210033595
ENSG00000213937,0.05323456351899113,0.07479793079953352
ENSG00000184697,0.9314060473881667,0.6798821878935266
ENSG00000131652,0.8611359437029982,0.7906859113835475
ENSG00000162069,0.26072157659477047,0.18930955906088615
ENSG00000085644,0.11674594661135858,0.11642849894384456
ENSG00000140993,0.7413489339904757,0.9031372997585976
ENSG00000103343,0.1517631475166523,0.14427078743604413
ENSG00000167981,0.6680047320626913,0.5701635381880272
ENSG00000122390,0.6733061879020443,0.5382299895513039
ENSG00000103351,0.2843933521003707,0.2939776765344948
ENSG00000126602,0.9890177353447027,0.921476258118594
ENSG00000090447,0.45557405962872866,0.5603064143130477
ENSG00000126603,0.07528030342836096,0.09144625291090959
ENSG00000217930,0.7140562195168645,0.7283478505754929
ENSG00000262246,0.2696438394364407,0.17224802419295665
ENSG00000168140,0.5343353081981859,0.4053727527756247
ENSG00000103423,0.9158671579816058,0.7715842322371074
ENSG00000103415,0.9996021309292759,0.8922200610050759
ENSG00000281991,0.904509061532865,0.7539706405658392
ENSG00000156873,0.062113333717561475,0.07617942946456267
ENSG00000196118,0.9875856120534681,0.9706617982745736
ENSG00000102870,0.5205020323952083,0.6597986117826028
ENSG00000175938,0.125223843367774,0.10136878253012122
ENSG00000099377,0.8724723113039872,0.8347053718523765
ENSG00000103496,0.645514121511968,0.43344185955528813
ENSG00000167394,0.6007348474416586,0.6157447921574777
ENSG00000167395,0.9746711157648906,0.8554818192396711
ENSG00000167397,0.19109187202284147,0.07838696906249035
ENSG00000103507,0.8054675249758776,0.9052153314253008
ENSG00000103510,0.45599555578754936,0.42442893359800205
ENSG00000052344,0.6029985103705039,0.7375103114023166
ENSG00000103490,0.7208362573364133,0.6982471969206283
ENSG00000103174,0.10594712566725001,0.11172083921589371
ENSG00000118894,0.4431911076546381,0.32991709978800243
ENSG00000102891,0.07533275872274517,0.12538841097049225
ENSG00000125148,0.024448755345426922,0.020273330367378568
ENSG00000169715,0.09365370899150258,0.08281498848663685
ENSG00000205364,0.4674792515872376,0.36192595092144464
ENSG00000205362,0.11049624083313817,0.09969909537109962
ENSG00000198417,0.3809693844477289,0.3799011957117324
ENSG00000187193,0.942468761286038,0.9998223353027178
ENSG00000103316,0.5590780939438121,0.7981974980271462
ENSG00000140740,0.3316260422199152,0.2400756720389815
ENSG00000188322,0.6361397016514805,0.7424575277864851
ENSG00000176476,0.15855817096393263,0.16572925014162365
ENSG00000178952,0.17664602000093185,0.09141394809528315
ENSG00000177548,0.9774353587850717,0.9083413353954254
ENSG00000177455,0.9127074682733278,0.8557966922559509
ENSG00000169682,0.9343024915349194,0.9227215925144534
ENSG00000197471,0.10476478641690548,0.05133085256598202
ENSG00000149930,0.8424468977786714,0.857538034990411
ENSG00000149929,0.2615708375012231,0.23089218004854817
ENSG00000169592,0.7867287737681923,0.522524636953948
ENSG00000149927,0.5721731184725386,0.5233500141013399
ENSG00000149923,0.7887552210051089,0.4952980838554515
ENSG00000090238,0.09556705852100987,0.07921789911650241
ENSG00000102886,0.33065810534954826,0.39021206544099707
ENSG00000102882,0.05660571356736005,0.15512928968262135
ENSG00000169627,0.11825567800366447,0.07509725639806038
ENSG00000169217,0.20535390140729334,0.1488682624893323
ENSG00000169221,0.49868800965436433,0.5741768944146033
ENSG00000132207,0.42368705773968107,0.4673903465784256
ENSG00000213648,0.3147381087163063,0.34175958028298964
ENSG00000198848,0.7167897292431851,0.4657802695666097
ENSG00000090863,0.15948496358886885,0.20263346026820128
ENSG00000260456,0.6979500795919634,0.6728300019984661
ENSG00000186260,0.7576478825707813,0.7510392561402397
ENSG00000205609,0.12882042426870263,0.11088144528579864
ENSG00000225614,0.3899425302106988,0.39028088655732585
ENSG00000184110,0.304125743802512,0.2897183265645211
ENSG00000007541,0.0361902043710999,0.03722597249251383
ENSG00000196296,0.26276664857249815,0.207218093852967
ENSG00000089280,0.7344697885794187,0.6808567723281265
ENSG00000205358,0.6729781709974272,0.857395498666464
ENSG00000087250,0.43312175494158567,0.3413038094743508
ENSG00000185615,0.8877208486021472,0.898028755184108
ENSG00000006327,0.010611905870877425,0.018453300965588715
ENSG00000103145,0.7879849189712851,0.8676242203810516
ENSG00000181938,0.23384267512607584,0.2151505095129405
ENSG00000103227,0.5270808762308019,0.66345276877754
ENSG00000159387,0.1864324446523105,0.3417920809430264
ENSG00000067836,0.6153759283962295,0.4752793135179785
ENSG00000155666,0.9886210369383225,0.8943952408174665
ENSG00000169900,0.4803066782023575,0.3583714611371749
ENSG00000261052,0.3391457186953118,0.371198398721164
ENSG00000175643,0.05849482250590134,0.04179398080988686
ENSG00000184602,0.15992927091614365,0.1246286493079162
ENSG00000166454,0.7569220036285934,0.7338893990158062
ENSG00000260643,0.5664575246210908,0.446811456764558
ENSG00000140905,0.25915268165679134,0.2625690582784707
ENSG00000090857,0.6586167905316697,0.6143382145420456
ENSG00000223496,0.617947688982601,0.5936363780709966
ENSG00000157349,0.7003548976218454,0.7753677838437931
ENSG00000260537,0.2873256032261085,0.2839895825289691
ENSG00000168872,0.531549364781384,0.6546138748702159
ENSG00000157350,0.08910829725667054,0.09892226711701776
ENSG00000157353,0.3370745594444031,0.3769555586778808
ENSG00000189091,0.36341081662910535,0.4226467061377638
ENSG00000090861,0.5585393507944811,0.6921402415444984
ENSG00000166822,0.06576658951928134,0.12956138352612806
ENSG00000183196,0.5421146872500994,0.6487197859617619
ENSG00000034713,0.7193180614806125,0.7259669217458249
ENSG00000166848,0.7807121756902045,0.8261382125080141
ENSG00000159461,0.1984938413780718,0.2254783834350455
ENSG00000087263,0.657838111995904,0.6861635749397125
ENSG00000065427,0.9512594114869503,0.9192286743819099
ENSG00000261609,0.9986240429508425,0.8542354492423526
ENSG00000007384,0.07907702256528538,0.12662331000861138
ENSG00000103148,0.2207444036756916,0.3419845743581599
ENSG00000188536,0.8873782953788129,0.8575002389676251
ENSG00000206172,0.8175390697168005,0.8055822156826634
ENSG00000182810,0.8078647723890497,0.7374686772089918
ENSG00000072736,0.3961815414605263,0.32914047880851327
ENSG00000103067,0.4168617078039183,0.41546774357143723
ENSG00000103066,0.022914433311658405,0.03665748882567314
ENSG00000103064,0.3521749431349055,0.5059666527984276
ENSG00000103061,0.3469411407866909,0.36616403597047464
ENSG00000103056,0.9275510776922743,0.8646109706748195
ENSG00000103150,0.06091086008304414,0.040785593255081715
ENSG00000140961,0.9990229203785607,0.8096935892491137
ENSG00000103160,0.1384117350758797,0.12063191241255389
ENSG00000154099,0.09899146372338066,0.06053545479518633
ENSG00000169896,0.15799305056793558,0.12790931084080487
ENSG00000140678,0.16974507461665583,0.110923232923689
ENSG00000140691,0.6920500043247422,0.8760850988684806
ENSG00000140682,0.3995836009116617,0.4982752419263088
ENSG00000140688,0.5909134164442058,0.8966584626893724
ENSG00000103502,0.5607966891419003,0.5390034651622212
ENSG00000174939,0.9511403643675047,0.6527085211246209
ENSG00000149925,0.3729753005285945,0.49275517332983043
ENSG00000074071,0.1784347908806487,0.22875514739701905
ENSG00000095906,0.2809627137388393,0.38895875716358064
ENSG00000063854,0.3864295866141877,0.4474299011076589
ENSG00000162040,0.34283208687841066,0.4437959079179712
ENSG00000103043,0.6099418958198812,0.6476087841010156
ENSG00000103274,0.9390161127857702,0.8709909787445451
ENSG00000182108,0.7780181687345984,0.8836538974261141
ENSG00000168434,0.6953745312342718,0.731003284079009
ENSG00000103365,0.9740608457024723,0.9348074125945552
ENSG00000103356,0.7512793294238487,0.6324619021756414
ENSG00000103353,0.8197570141337791,0.6752378950406355
ENSG00000004779,0.21273904321191364,0.16680626562831188
ENSG00000166847,0.8916731302887443,0.6824626129550533
ENSG00000166851,0.7156666741632275,0.6046887635880431
ENSG00000206053,0.2754400406569837,0.39082195466923064
ENSG00000162063,0.8610244684866217,0.8089428530810521
ENSG00000162062,0.7685916163228366,0.7599494133013004
ENSG00000185883,0.051047638739209145,0.03704304531882
ENSG00000140992,0.11276661092417624,0.088963979661057
ENSG00000162065,0.008466737183656071,0.010177070448731737
ENSG00000166783,0.1360712639951149,0.1199811281338949
ENSG00000072864,0.9339749696891768,0.8710307717139982
ENSG00000103260,0.8578363906744988,0.7832752289400198
ENSG00000103254,0.16614650786606236,0.25158219458649317
ENSG00000103245,0.7854493510114097,0.8213687746904983
ENSG00000102854,0.10497737497028424,0.1478721624385506
ENSG00000197912,0.08555618437350596,0.07191385560546422
ENSG00000178773,0.22270602551098495,0.17117530248023594
ENSG00000185324,0.2541197391197034,0.21805269777549888
ENSG00000158792,0.24797578429815637,0.19962259442817226
ENSG00000075399,0.34001386339918527,0.3221370728098912
ENSG00000131165,0.22613838463083807,0.31749286396324244
ENSG00000150281,0.1969160636779956,0.13778378662047666
ENSG00000103194,0.296060394092242,0.22191942573819773
ENSG00000064270,0.08896188022549727,0.050292814590031945
ENSG00000010539,0.7914751887772331,0.8940261313245381
ENSG00000007392,0.9992169422361664,0.9301944910040535
ENSG00000162086,0.7476548629512647,0.7796150360102337
ENSG00000169180,0.18865268019872453,0.2138887641450494
ENSG00000122386,0.47751678409973064,0.39281824540682486
ENSG00000166816,0.992714904919588,0.9328107127344456
ENSG00000059122,0.6679313665643347,0.5977791251403566
ENSG00000166164,0.9685568417847004,0.9526259460588283
ENSG00000167526,0.7777594487127886,0.7990140626450037
ENSG00000140807,0.04439394278520423,0.0700193179546396
ENSG00000205336,0.25055231152601254,0.2817178979955633
ENSG00000182885,0.06743915121331469,0.08149088395771945
ENSG00000140854,0.13149562869051332,0.07827041429213805
ENSG00000083799,0.3953048974616342,0.3442089463788085
ENSG00000166971,0.3504931377291296,0.41969671786303386
ENSG00000204991,0.6233525378519099,0.677596424116631
ENSG00000141002,0.1835027399128419,0.16488568223361658
ENSG00000258839,0.7908053634271246,0.7439165115088128
ENSG00000141013,0.12181065478142783,0.11226268273978526
ENSG00000003249,0.7255697964413987,0.8736040911066351
ENSG00000051108,0.4167227308499357,0.40728248611402484
ENSG00000087237,0.12330074899360623,0.11127192362137106
ENSG00000140848,0.9775232055162395,0.913659305764722
ENSG00000172775,0.8687241662435604,0.8782838291352066
ENSG00000102931,0.5024602641491789,0.599565419319207
ENSG00000125149,0.41725208717914075,0.5913448223026865
ENSG00000237172,0.16568736491859068,0.23736191322430447
ENSG00000102871,0.05962733896091734,0.06798561920376618
ENSG00000135722,0.2678171024547989,0.22934818008812993
ENSG00000196123,0.8896295713904512,0.9441358815257188
ENSG00000179044,0.070145562519161,0.05225308763429498
ENSG00000205250,0.16306049049501967,0.27280775193154777
ENSG00000102890,0.018641570235763506,0.023704901442582037
ENSG00000168701,0.3016145137102918,0.5683543908894171
ENSG00000135723,0.006302548102706103,0.0146614005808077
ENSG00000159713,0.08848160899812448,0.05969165984630161
ENSG00000159714,0.723426595533769,0.8906290286766483
ENSG00000176387,0.8502470255782243,0.927748439764331
ENSG00000183889,0.24572797571907756,0.37453431115533564
ENSG00000260914,0.06078155984967316,0.09639846899716964
ENSG00000132612,0.06988348228648401,0.11245626449750278
ENSG00000213380,0.2458267464016646,0.2270791507866111
ENSG00000258429,0.2809371946881999,0.27858097543022425
ENSG00000272617,0.8480870204054287,0.7726653847896352
ENSG00000132603,0.5385543042605989,0.7017688838939797
ENSG00000132604,0.15123881126961125,0.15805337307142506
ENSG00000176715,0.6298778429714522,0.5792956905931749
ENSG00000170100,0.5780366631898832,0.52153321191101
ENSG00000103226,0.1987917545498833,0.22279874922624432
ENSG00000196557,0.06923831573373126,0.10894711761725286
ENSG00000197253,0.15990709790527682,0.21710699025323343
ENSG00000172236,0.9121587177403175,0.9369314437121047
ENSG00000095917,0.36395361718076336,0.5057616286695016
ENSG00000103275,0.4902324919673692,0.6138472644923778
ENSG00000007516,0.4682527108715515,0.49555121768301136
ENSG00000007520,0.26635115012855176,0.32730391462253244
ENSG00000133393,0.5998037300864005,0.6125703024925213
ENSG00000180035,0.4245603086568809,0.46500409700443746
ENSG00000179965,0.13770904164663725,0.11438157142870796
ENSG00000179918,0.020549934592260063,0.013240169344673928
ENSG00000169957,0.5397639266920924,0.5374525928623279
ENSG00000169951,0.29832738626533184,0.3499227347139583
ENSG00000197162,0.8014139698877828,0.8467042939686164
ENSG00000156853,0.3871486903574889,0.35819035129340815
ENSG00000156858,0.6893857145995084,0.5464144695098981
ENSG00000156860,0.8108350717449195,0.8070199043265145
ENSG00000005844,0.7899265203074756,0.6210696871099239
ENSG00000070770,0.7777221758556746,0.6862759429284717
ENSG00000179958,0.20314735493195235,0.15364678390899716
ENSG00000103222,0.9004701112436946,0.8702597235877089
ENSG00000102935,0.4657384136196311,0.41441253065622086
ENSG00000121281,0.016660316727114086,0.016795023627441393
ENSG00000121274,0.26517135619896515,0.1662516236185268
ENSG00000179776,0.0259710816307644,0.023712454825966272
ENSG00000217555,0.08829873059344501,0.21927477107961824
ENSG00000254788,0.037726351905874776,0.05852151946256393
ENSG00000140931,0.08111005299682321,0.09906270610268722
ENSG00000183723,0.2383983330941329,0.29836989850992074
ENSG00000188603,0.5916556457217759,0.38675352981827127
ENSG00000166780,0.03623031022632663,0.05811616837162098
ENSG00000133392,0.91058513149235,0.8776859052328069
ENSG00000176046,0.45239961978320675,0.43357610352394593
ENSG00000197165,0.5729953568688345,0.541718812807106
ENSG00000166548,0.0692636602416327,0.07003109585608658
ENSG00000167977,0.7236739294399726,0.670191005271936
ENSG00000172382,0.8099012803674183,0.5479400035324995
ENSG00000007038,0.186036221745966,0.213215688377357
ENSG00000005001,0.157955802183447,0.15617468177630406
ENSG00000153446,0.03617711228766075,0.012302495053578116
ENSG00000140995,0.650271827560038,0.7481491315940348
ENSG00000103168,0.3405188936915204,0.26115103257030625
ENSG00000011638,0.30610679205937985,0.2751504986714272
ENSG00000162066,0.2892762138402873,0.24711521757137422
ENSG00000099364,0.5959475778717387,0.5722741644041915
ENSG00000099385,0.26121299530178116,0.1846842082819388
ENSG00000103549,0.7885320222478143,0.7106084734541802
ENSG00000153066,0.0329813040463597,0.0405411201651022
ENSG00000153406,0.8338398460475178,0.8337124402544211
ENSG00000103253,0.9484881391760667,0.8262207471719165
ENSG00000089505,0.02662463971000623,0.04188129528022903
ENSG00000062038,0.3726182395447284,0.3585927242025786
ENSG00000039068,0.9682781806305895,0.8878902025993095
ENSG00000169347,0.8319631708120432,0.7463619132154715
ENSG00000008516,0.1392536503142748,0.1284651031046711
ENSG00000103037,0.6145928563758563,0.5397766843018594
ENSG00000125107,0.5579233464644331,0.5430646099537805
ENSG00000103042,0.19114143718665952,0.26597115053737846
ENSG00000125166,0.6924336421382055,0.7460136734654044
ENSG00000103479,0.2700607595719715,0.28548215398537186
ENSG00000103494,0.7071880768608654,0.8760103677443587
ENSG00000258947,0.29514864553125264,0.3230522737208726
ENSG00000065457,0.42703053732387286,0.43283773676605586
ENSG00000159579,0.5922446324754773,0.5914464745546848
ENSG00000189067,0.150886277027782,0.17711293793668045
ENSG00000213853,0.7026270364393175,0.7091367395701009
ENSG00000166188,0.1370116313630289,0.1101792544369806
ENSG00000229809,0.6573284836462276,0.45521343052613017
ENSG00000166451,0.7983759252796127,0.6323876482674745
ENSG00000205423,0.3727297848361032,0.3426574651606957
ENSG00000205730,0.09184297717602333,0.15788593826242436
ENSG00000196155,0.8351182196445933,0.8897476349595294
ENSG00000090581,0.11010938110905671,0.16402721344521787
ENSG00000005187,0.11242835469757494,0.05928578209026451
ENSG00000066654,0.7416113615318753,0.6139986215785276
ENSG00000005189,0.20362391124291992,0.20734190501280264
ENSG00000183044,0.9789507683990438,0.8682064479369485
ENSG00000184857,0.47919936883417413,0.48576249133964855
ENSG00000153048,0.47811726682659716,0.6228532071112634
ENSG00000086504,0.10924547872612557,0.177901905728463
ENSG00000129925,0.027932660029079435,0.05331742124893051
ENSG00000103202,0.7560498615824285,0.844746883262419
ENSG00000242612,0.48970747030344386,0.579249562698942
ENSG00000125144,0.7493427961743298,0.7808041494107637
ENSG00000157429,0.7900792080038108,0.5197708165731975
ENSG00000140832,0.9899328088570194,0.7110712111604718
ENSG00000040199,0.1494941573477556,0.15058809777745177
ENSG00000166747,0.10049620545544441,0.11148710889230216
ENSG00000103546,0.7855163366066136,0.7213922850136646
ENSG00000186153,0.618785077940552,0.5739907070610113
ENSG00000175595,0.806287247993652,0.6836790935994012
ENSG00000091262,0.28976904636458667,0.2556599056805772
ENSG00000118898,0.9390470887982374,0.9204755685087537
ENSG00000033011,0.2652848747053071,0.3285670641398909
ENSG00000162004,0.9928227923842035,0.7706332749659126
ENSG00000134398,0.5654809839206059,0.4848051176736127
ENSG00000166869,0.3521313264494442,0.23572028343283138
ENSG00000166501,0.7561479578205759,0.6320107570772948
ENSG00000122257,0.11130613538983056,0.15530952218683128
ENSG00000182831,0.7982562447394521,0.8543861541456155
ENSG00000140650,0.7539450935623642,0.967367960167018
ENSG00000167005,0.654997281237648,0.8406050295643109
ENSG00000125124,0.8690535593434312,0.8600348143945645
ENSG00000224470,0.31798675771642176,0.35781916517465673
ENSG00000182149,0.04335296545613052,0.0363381234238124
ENSG00000102984,0.4963395918917254,0.49480090990585135
ENSG00000102967,0.7796113447191466,0.7478047819470408
ENSG00000140830,0.8399740092529583,0.7997799759274694
ENSG00000140829,0.4705500581883467,0.528090653423386
ENSG00000166592,0.0036932695615949423,0.0009267773074868571
ENSG00000166595,0.3064390507723925,0.46666758304600175
ENSG00000172831,0.2660196407505429,0.20463775913377963
ENSG00000172828,0.06604499702791346,0.09736568460497984
ENSG00000067955,0.005134722742299367,0.005837047219721574
ENSG00000102878,0.6388544925957589,0.6086730394659339
ENSG00000099381,0.8037995271130612,0.8628248845208949
ENSG00000103024,0.11485012977950261,0.18351520221512685
ENSG00000285043,0.41942696470409135,0.44284694765455
ENSG00000185338,0.20311181049548704,0.27974728060041903
ENSG00000213918,0.8694103181673571,0.8323336933328345
ENSG00000168488,0.24919347548773038,0.20303879669813774
ENSG00000167523,0.8202976210541209,0.7942192544369234
ENSG00000103404,0.5379155647571838,0.6508796467537687
ENSG00000008517,0.624594716785994,0.779068039748861
ENSG00000185947,0.6172708138721947,0.43464353931026745
ENSG00000270472,0.8838017191132549,0.8128825624440057
ENSG00000177200,0.22551614918743781,0.2381555286717245
ENSG00000174938,0.20652206869843487,0.3837027084537967
ENSG00000259803,0.030108873528584018,0.015533567659890661
ENSG00000180917,0.22235913920947242,0.23905071060502361
ENSG00000172137,0.7800152289028741,0.7271367512769841
ENSG00000167377,0.34641036989703444,0.3766821014812026
ENSG00000185905,0.1952902332228164,0.09076222054794712
ENSG00000167371,0.4248402052831227,0.3665319400999706
ENSG00000280789,0.3068759205899129,0.28913647670894055
ENSG00000013364,0.19990147983506132,0.18802392958366868
ENSG00000079616,0.19893674213944537,0.13313889420923788
ENSG00000138834,0.6483281169652853,0.47543939824833426
ENSG00000103196,0.013465981233369798,0.018793845909909887
ENSG00000153786,0.09078401161185046,0.0841717699111019
ENSG00000153789,0.4487261762914503,0.23771881292520725
ENSG00000135709,0.1864548423374492,0.17838072509816083
ENSG00000140743,0.5694763484690568,0.8161702721880937
ENSG00000196678,0.2371448609863315,0.26607159772025657
ENSG00000188215,0.11623042806456868,0.09949915237672682
ENSG00000102897,0.23138932460615566,0.20304412278316739
ENSG00000162078,0.8193860996139797,0.9820652703617028
ENSG00000132600,0.6401945133139608,0.5779859144578705
ENSG00000176842,0.3068631168237379,0.2181033381215994
ENSG00000132613,0.14787150625712203,0.16295848075919184
ENSG00000140987,0.7609117732113487,0.611528038309371
ENSG00000184730,0.5376492978239549,0.45254102096780957
ENSG00000185864,0.7748144121931655,0.6264796328770186
ENSG00000149922,0.3031963629802794,0.17302591233285106
ENSG00000167208,0.8646661705903647,0.6905944211056816
ENSG00000153815,0.10852043945303055,0.08874418645380998
ENSG00000159720,0.06327595245870937,0.13342818439518292
ENSG00000103021,0.09957116770268712,0.11585638852372715
ENSG00000157106,0.6985702745681883,0.6856333580513627
ENSG00000167522,0.5230242847455235,0.3893398226687259
ENSG00000257017,0.07245686026543317,0.030819460760666967
ENSG00000180096,0.3815215601525672,0.32703836657653956
ENSG00000157368,0.3705410757815164,0.30935626116727927
ENSG00000103154,0.800269402675132,0.9075148308254808
ENSG00000140943,0.2116612979982043,0.1979200178489603
ENSG00000103035,0.7652202729178446,0.8640016853048095
ENSG00000196436,0.5426499559540279,0.461433581309476
ENSG00000205084,0.10844756536079243,0.09865476044616961
ENSG00000103363,0.5191420481134108,0.5173614168123148
ENSG00000103044,0.31460697322720793,0.2876688932404906
ENSG00000168802,0.6072681320578848,0.6774280461312516
ENSG00000286140,0.8867554198666938,0.8242839002306934
ENSG00000198736,0.4650045434174136,0.37899679818436116
ENSG00000140990,0.4053412312393656,0.407567094126145
ENSG00000140988,0.5973598950189966,0.5953391286543277
ENSG00000183751,0.2782180543956519,0.33773577078537476
ENSG00000196408,0.638195601849297,0.6231041617374151
ENSG00000127561,0.6505024766533618,0.643775684295049
ENSG00000065054,0.08724300145611731,0.08037159072564715
ENSG00000065057,0.9379121709075126,0.9240914259356795
ENSG00000167962,0.3510276418903272,0.33475476885670785
ENSG00000103197,0.11120327179673155,0.11807403459924487
ENSG00000174109,0.6840280267152148,0.5710650747802591
ENSG00000140750,0.485958496372745,0.5250980136415058
ENSG00000103018,0.061677840387860734,0.14148268406872844
ENSG00000169955,0.09931522515628671,0.07972201803768826
ENSG00000197302,0.1170860986417496,0.06405655924316818
ENSG00000161980,0.13589305919195466,0.09987465310832917
ENSG00000161981,0.25780089766136877,0.18140523760299393
ENSG00000103152,0.468564844619337,0.5585734784259044
ENSG00000149932,0.34046355520264954,0.5791481198663923
ENSG00000015413,0.3206921347741354,0.37725325053929126
ENSG00000166669,0.047788153195784014,0.056786318143565065
ENSG00000140853,0.34991201316537357,0.35372580030764544
ENSG00000155393,0.845350568775785,0.9514958589475428
ENSG00000103034,0.8442507501040293,0.77639122984641
ENSG00000168807,0.7231986828378202,0.6521036382754137
ENSG00000176953,0.30262042585386695,0.3094078118225467
ENSG00000140945,0.5426260418081565,0.43851158559835834
ENSG00000230989,0.5875439309289829,0.6756726001728717
ENSG00000103550,0.20228671324573955,0.17437472189589817
ENSG00000103540,0.9364924156063474,0.9520659433776478
ENSG00000167191,0.8570053346646718,0.9967685122157401
ENSG00000174628,0.32153970653946307,0.22421896723575566
ENSG00000102981,0.20428065278991078,0.2988419401634352
ENSG00000124074,0.1498695137421524,0.09183087449250697
ENSG00000141098,0.04898027280825946,0.06614213970900994
ENSG00000198156,0.13131522443069069,0.16939624753480345
ENSG00000179583,0.6810068843351067,0.4866656260907416
ENSG00000039523,0.00033453424329492386,0.0004330021833625112
ENSG00000102974,0.2674767137654629,0.2691645141482264
ENSG00000141084,0.09210484688189441,0.09431841352756519
ENSG00000102901,0.6693565880949872,0.9831951357476731
ENSG00000168286,0.49693732096601306,0.6672293181270406
ENSG00000038358,0.6313667041149309,0.7353941186588498
ENSG00000188038,0.21610327422060535,0.1577071730407412
ENSG00000159792,0.061938268411786714,0.07751144573678571
ENSG00000205220,0.14518511573945397,0.10175721613202417
ENSG00000213398,0.14878645707624946,0.1649734109731145
ENSG00000141096,0.3495434769733434,0.4269072467656816
ENSG00000167261,0.13441383378387986,0.06677146468970217
ENSG00000167264,0.31822161071040983,0.4105105593418067
ENSG00000103512,0.46188681939816634,0.52230477159609
ENSG00000179588,0.13049772730086834,0.15658686035208422
ENSG00000158545,0.3193950754399339,0.2758201704808851
ENSG00000051523,0.028925179525855924,0.02460807054161428
ENSG00000167508,0.18886484603371353,0.20145385871145652
ENSG00000185669,0.7146651151352763,0.5031938348274051
ENSG00000158717,0.6178056088422854,0.5055491268575635
ENSG00000174177,0.1954617774285967,0.23241735035480493
ENSG00000103429,0.5375062354002557,0.48312456747475374
ENSG00000069764,0.15611949295253755,0.17901492325808055
ENSG00000159753,0.95588278397236,0.9051620540771835
ENSG00000102879,0.8061747873675036,0.7759152362642716
ENSG00000158805,0.6063561229300967,0.82344651957785
ENSG00000167513,0.7243313809760766,0.7468690371957325
ENSG00000198931,0.5829218293366715,0.7212666400148264
ENSG00000141012,0.1085189035440567,0.12109235523234757
ENSG00000129993,0.24680492950888266,0.17086059246883084
ENSG00000167515,0.47249600302319017,0.3535407625204178
ENSG00000187741,0.48727914120701077,0.37172661553319186
ENSG00000077235,0.46600266120864364,0.5470523350449161
ENSG00000047578,0.8083562459131151,0.7874384608372114
ENSG00000127554,0.6887832827870328,0.7624523243305694
ENSG00000131148,0.8626328653035065,0.9814762394170956
ENSG00000131143,0.6460191809975235,0.5739514003104189
ENSG00000140968,0.7261630114855633,0.5858531985469503
ENSG00000213658,0.723584533226042,0.7326651050209912
ENSG00000162039,0.4820289398020966,0.5672647096469423
ENSG00000169189,0.7570005525847254,0.6099720483985588
ENSG00000077238,0.08036406099684543,0.10160801404799513
ENSG00000103522,0.5626375551520982,0.5538779814701994
ENSG00000169246,0.6346918480858483,0.887743685224009
ENSG00000172366,0.686825000127899,0.5357512521678285
ENSG00000161996,0.5942469236390309,0.6781369613929251
ENSG00000103269,0.4403275269069026,0.418588945156818
ENSG00000103266,0.5990604611969004,0.7460397240626773
ENSG00000161999,0.2295198912148362,0.34685450571979415
ENSG00000127580,0.6291215669995783,0.7177974356022365
ENSG00000127585,0.44035214675385415,0.22879844444515782
ENSG00000140983,0.1920022384453142,0.1926850975887818
ENSG00000198064,0.6591615130859303,0.5570747358786501
ENSG00000083093,0.2541785120800266,0.27760989381227796
ENSG00000140694,0.3386618449208899,0.28843413684722596
ENSG00000184860,0.3487307183022096,0.2234801489676711
ENSG00000086696,0.5691051172362587,0.6058343746868562
ENSG00000135698,0.47156541852332556,0.4021888104770647
ENSG00000259303,0.11950242038404829,0.14920846355980552
ENSG00000233732,0.5531970597637059,0.42528543925488194
ENSG00000271130,0.6451560840144166,0.4628867822108861
ENSG00000197943,0.3486717413918031,0.22717392634581535
ENSG00000174943,0.13548259277899996,0.10163265108393213
ENSG00000188827,0.3020846571964997,0.28173836876359626
ENSG00000171490,0.5278975233065264,0.4486474933857991
ENSG00000103342,0.832180673399412,0.9862692030076279
ENSG00000048462,0.5652344960219886,0.48696721301849955
ENSG00000102996,0.22582279027903265,0.27665653831641873
ENSG00000103005,0.47401786353232234,0.5741477868570568
ENSG00000254206,0.687736619742441,0.812579041911996
ENSG00000196502,0.9318544329500134,0.877707628861841
ENSG00000102977,0.054680097434965165,0.05194496735067771
ENSG00000167207,0.22245899955921622,0.13922576599381933
ENSG00000102893,0.6343756750746518,0.5954689566987138
ENSG00000100726,0.28408476575939506,0.33006332144386974
ENSG00000103249,0.10351646064593648,0.12782828831635926
ENSG00000277639,0.8065794516025722,0.6256657820546448
ENSG00000172824,0.16873553357392382,0.16509692850935775
ENSG00000180185,0.8985989289490467,0.8953804044586162
ENSG00000168101,0.9007731191023508,0.9275694318273416
ENSG00000243716,0.17860599852054215,0.10542725881913058
ENSG00000214967,0.23147010790787959,0.31112069341234594
ENSG00000125170,0.044927049406555494,0.030596603209450624
ENSG00000234719,0.8048988750802438,0.9886637824396853
ENSG00000181019,0.6485771090610591,0.6116394525154906
ENSG00000141101,0.756000190016705,0.8700608683965376
ENSG00000102908,0.21464601680980194,0.3143974533105742
ENSG00000172530,0.6925066854292787,0.6536484812330364
ENSG00000166546,0.36797325673831793,0.3239707680080496
ENSG00000187555,0.24958153607810854,0.2870085154413727
ENSG00000183336,0.7328527515345064,0.7321065938511058
ENSG00000261740,0.759529153801406,0.6581712572900842
ENSG00000102898,0.4354309438596643,0.7443103113032017
ENSG00000103051,0.490910068561651,0.6872558014248418
ENSG00000038532,0.9345319645543109,0.8327854943694092
ENSG00000103264,0.04487270748902995,0.03566369324094024
ENSG00000140941,0.07308232697173571,0.07000672188268553
ENSG00000205629,0.2960013986269998,0.2288723797108137
ENSG00000155592,0.6466707157167508,0.8206496697572776
ENSG00000181625,0.06975176855319548,0.042580075146668825
ENSG00000008710,0.42338750986354057,0.3128142075190938
ENSG00000167964,0.26333167469026625,0.26206344185218955
ENSG00000131653,0.1864276194755148,0.18277799216511667
ENSG00000167965,0.32632215506924467,0.29769622710396315
ENSG00000182685,0.9903595889939262,0.9718477643106033
ENSG00000184207,0.8575126860942353,0.7391817323881998
ENSG00000167967,0.6736614502688327,0.6080374399338973
ENSG00000167969,0.43874664680080433,0.5094669483033332
ENSG00000205937,0.9594511540455276,0.9186799831069362
ENSG00000102934,0.7327276462751491,0.8252954338642446
ENSG00000090565,0.2760421165668383,0.2645910531323639
ENSG00000103326,0.08525319260818928,0.07102278770455905
ENSG00000124067,0.02213181246288964,0.032237444993597625
ENSG00000103495,0.9659944558145396,0.9288400970892647
ENSG00000006194,0.9782879064353687,0.8464013754962736
ENSG00000197006,0.7635608654624568,0.6698090106353083
ENSG00000185716,0.8631439748144676,0.8674987924722553
ENSG00000270467,0.6272451934570915,0.5357675410038651
ENSG00000271178,0.6918076546833982,0.6861728081677265
ENSG00000259680,0.803283116230491,0.6761296788876952
ENSG00000198373,0.09581261864028608,0.09918051520258785
ENSG00000214940,0.8649378068281238,0.930137189811885
ENSG00000233024,0.12360405595388063,0.19011361030737717
ENSG00000185164,0.6020427761485319,0.4615353469337362
ENSG00000183426,0.9401023242656595,0.9866276930808157
ENSG00000179889,0.19579004148997142,0.26580478861459006
ENSG00000085721,0.4557708411568453,0.3066005201474022
ENSG00000080603,0.3804379878914036,0.35784455199585485
ENSG00000162076,0.6197954644583143,0.5941323038973636
ENSG00000087258,0.9374829993362548,0.9524797719449077
ENSG00000183971,0.8518678031310218,0.791220926734809
ENSG00000169203,0.4402860550498614,0.6027968138178442
ENSG00000140939,0.07574778259335534,0.07609061255734083
ENSG00000103544,0.6815888855158487,0.9641226530697753
ENSG00000162032,0.2945974530551234,0.27411383959058244
ENSG00000140859,0.038507003220456616,0.0459391200841212
ENSG00000178188,0.343544987140326,0.33594831268901937
ENSG00000167978,0.7796289134100687,0.8786739171030719
ENSG00000164151,0.9236782907663648,0.9646659016842455
ENSG00000145536,0.013061659401533548,0.009484367118657055
ENSG00000171421,0.32199872642628324,0.23821845488451973
ENSG00000124279,0.3368898175669718,0.31492018092084756
ENSG00000078295,0.2719506932435981,0.23289423194806563
ENSG00000113430,0.7950614394181945,0.9762431769723146
ENSG00000112902,0.5538418352206529,0.6178978412512183
ENSG00000145555,0.3322810481648598,0.40044064412657576
ENSG00000133398,0.2800588055942095,0.2671364191287024
ENSG00000124275,0.7512959441076614,0.9263094089933767
ENSG00000215217,0.441896455619633,0.22263386944159172
ENSG00000113569,0.5997736094317108,0.5314942025276239
ENSG00000183580,0.6789049671609432,0.9446459221349583
ENSG00000164236,0.511998333620405,0.52966125545476
ENSG00000152582,0.5647817550691692,0.6011682975565911
ENSG00000164327,0.579144494761866,0.38748391063021903
ENSG00000056097,0.373113141179529,0.3739158477696922
ENSG00000177058,0.7953411104754924,0.9944682489704395
ENSG00000164294,0.8154721327222523,0.949495610871418
ENSG00000154122,0.6458390639316771,0.6649187757404779
ENSG00000113593,0.8849127014846647,0.9503366043748543
ENSG00000151876,0.06165604328369372,0.028058932493795777
ENSG00000113389,0.26754671107374267,0.28084044153684384
ENSG00000169271,0.10703043821256676,0.12206036115458792
ENSG00000134363,0.09132137920389907,0.10017079092950927
ENSG00000112996,0.4710626835050107,0.3680377556270549
ENSG00000112964,0.7737733854193395,0.6818445745835893
ENSG00000151388,0.3305429177147478,0.47164338948329143
ENSG00000039560,0.5811517354282869,0.5822317803584505
ENSG00000172244,0.9752242629147096,0.904102164181535
ENSG00000170571,0.12081818187842691,0.105376965832637
ENSG00000164181,0.7965575607208384,0.8535588113473946
ENSG00000035499,0.7229632539780813,0.5267677581768894
ENSG00000049860,0.4804905966278107,0.4699399684915454
ENSG00000198865,0.38117504916539213,0.4137373773183829
ENSG00000039123,0.711301999689145,0.696132716059241
ENSG00000174695,0.7211809514386297,0.7288818929715335
ENSG00000145681,0.06439447816849819,0.05724545804283622
ENSG00000038427,0.7105578811059681,0.8450425718892511
ENSG00000083720,0.42854347009833704,0.3330358335042547
ENSG00000113387,0.41820115848383377,0.28169146427889025
ENSG00000152611,0.9549852076407213,0.7015637407405257
ENSG00000113597,0.4718672258766231,0.3787870290992451
ENSG00000113088,0.6875658345126534,0.7583308319542066
ENSG00000113273,0.2956102636808839,0.33035192221003346
ENSG00000123219,0.12177271266254774,0.15172435124235853
ENSG00000133401,0.17313438768783043,0.1668613264731261
ENSG00000134480,0.40072264999562535,0.37795554023396316
ENSG00000130449,0.7676776111688247,0.544654450975842
ENSG00000164171,0.862796505949149,0.7368592065687345
ENSG00000152409,0.3645427696832618,0.4423160499618063
ENSG00000168621,0.23484469899311108,0.3062614018299633
ENSG00000164300,0.9317917611216326,0.7775274714120355
ENSG00000164190,0.9413022891185058,0.9182938502977577
ENSG00000145623,0.707869937721124,0.7331774304751246
ENSG00000253251,0.15483773129325767,0.11816880978209905
ENSG00000152348,0.4882154103703036,0.6667553347731954
ENSG00000113319,0.5552430484279065,0.7487164537814293
ENSG00000197860,0.6938013631693464,0.7074590488234708
ENSG00000113384,0.37494206622166326,0.3214801414998895
ENSG00000112874,0.3633494653659566,0.274022402365755
ENSG00000062194,0.9247315458493961,0.8239246166468324
ENSG00000113318,0.746691945465296,0.7460216926097625
ENSG00000134061,0.19413982782404937,0.14426829064838342
ENSG00000168685,0.2890711150368173,0.23008627869989345
ENSG00000127184,0.8767258918094604,0.7716589651510566
ENSG00000152669,0.15154681935285674,0.27116981234613163
ENSG00000113494,0.48272409578073683,0.481169164284293
ENSG00000250722,0.8080977108197637,0.6715116274149386
ENSG00000164258,0.9799523609135333,0.8820701057255139
ENSG00000164211,0.3769682991031008,0.31570072929102627
ENSG00000175426,0.8463781400532991,0.8402162282699713
ENSG00000113391,0.6039282422672263,0.4776128967712764
ENSG00000067113,0.3460292909618219,0.3716711050840157
ENSG00000145782,0.5450234778709457,0.43149239130899086
ENSG00000164199,0.6714658121763735,0.7047057106955126
ENSG00000198961,0.4727281441666107,0.4759453057754316
ENSG00000157107,0.09583957898455323,0.09096099686426472
ENSG00000134982,0.9567611919367744,0.7572757549772067
ENSG00000145794,0.014441860533115565,0.02474312772294277
ENSG00000164400,0.009780126046680828,0.010067849706784301
ENSG00000155324,0.9436668983993468,0.9290587678424864
ENSG00000113595,0.9532149987085294,0.93043320350845
ENSG00000129596,0.989814188263041,0.9925818058649837
ENSG00000164318,0.2050252390343588,0.15236814731951334
ENSG00000169570,0.32339311227809575,0.24790755747433194
ENSG00000146021,0.9779570104808292,0.7868046899147997
ENSG00000129595,0.40555643709818845,0.3223281347422419
ENSG00000113522,0.7802409520976743,0.9470222855682824
ENSG00000177879,0.13966360376816211,0.15823271133940006
ENSG00000113369,0.11672491861053272,0.09581455854591611
ENSG00000164209,0.7437764576294086,0.6976045015893516
ENSG00000113368,0.14014594786005716,0.14893650002363512
ENSG00000134986,0.5466516863801401,0.374577898939063
ENSG00000120708,0.6112305024457245,0.5856337043780053
ENSG00000132840,0.1770270568507098,0.22119039301065507
ENSG00000164176,0.7905499170625554,0.8045346269387057
ENSG00000164902,0.6568496749059676,0.890315382923097
ENSG00000058729,0.5351808528313614,0.3832517959025925
ENSG00000170549,0.2347659330916292,0.1354175149849404
ENSG00000184838,0.8172608199605814,0.9383182431209462
ENSG00000113361,0.23927399946652442,0.24337947005232702
ENSG00000152413,0.10872719809813243,0.08966360984436543
ENSG00000053108,0.5915573821358935,0.6187127271774009
ENSG00000113296,0.08135198155336074,0.1378780021348842
ENSG00000112992,0.6218863342721399,0.7193523320117285
ENSG00000112972,0.9911804032273959,0.8525930816290818
ENSG00000131711,0.9134383690628428,0.7378001946536816
ENSG00000283782,0.5839868579309587,0.3854974370251427
ENSG00000164283,0.11141276794103976,0.15441424792606717
ENSG00000151882,0.2923310415307772,0.31575884046136365
ENSG00000205571,0.6815610759745039,0.7002788042210493
ENSG00000173926,0.6625102342192666,0.4626693388962688
ENSG00000176788,0.11283767473812162,0.10823074529233988
ENSG00000157111,0.48206767163184705,0.5391340366087353
ENSG00000164219,0.38829323430253737,0.2798110267227834
ENSG00000113658,0.5807911684106115,0.7306606929954165
ENSG00000164197,0.03931621167652133,0.024854132555196303
ENSG00000145649,0.6350457955383363,0.801874047221725
ENSG00000155329,0.7068655201533338,0.9728544949939326
ENSG00000145780,0.3681903354012569,0.293927478187127
ENSG00000082068,0.5567259923011901,0.5236473590755617
ENSG00000172239,0.990079512295826,0.9427789063918882
ENSG00000064652,0.8279849290767887,0.9730894077179891
ENSG00000173930,0.7449755358302174,0.7300019834602973
ENSG00000113532,0.6769204427649653,0.6940980694933224
ENSG00000134970,0.5152811311904534,0.6557032104685019
ENSG00000164308,0.7707079405667964,0.6426253959497696
ENSG00000205302,0.5307066528026942,0.37956705852739003
ENSG00000044115,0.4864522619694943,0.3129596570851602
ENSG00000091009,0.744697856463744,0.6636324365575141
ENSG00000178996,0.561895101124191,0.6098088584096915
ENSG00000113272,0.7255714298532292,0.5515133638607266
ENSG00000152684,0.4439140598373861,0.6600910835552722
ENSG00000120137,0.8992298092734636,0.9248958588567381
ENSG00000176049,0.7110152690995055,0.8686347733801091
ENSG00000145685,0.19470588253436696,0.2336856037669333
ENSG00000072786,0.0178974996243446,0.0128951543974989
ENSG00000132570,0.2585495473438497,0.2744265553247269
ENSG00000150712,0.8510310235283806,0.8478316373962882
ENSG00000113657,0.8001133373759213,0.7373876670970412
ENSG00000155858,0.9840025170040078,0.8939590262292405
ENSG00000072364,0.19020655603723446,0.12465718079166999
ENSG00000157510,0.06594215960939123,0.04856089541528328
ENSG00000145817,0.19311787021766705,0.2632658453373055
ENSG00000164221,0.9146848119673378,0.9576994694086763
ENSG00000197948,0.7904283739190285,0.6186043136218429
ENSG00000168938,0.730123092881149,0.7308836426256482
ENSG00000113638,0.033260379191489775,0.04257275512687708
ENSG00000113441,0.669655549494838,0.5664375735936216
ENSG00000165810,0.6404931277384258,0.5530166023798972
ENSG00000155846,0.3623052105345791,0.41212189915505104
ENSG00000131507,0.44340044648598087,0.3663658028969321
ENSG00000064651,0.5138780915500734,0.5244700266216165
ENSG00000168246,0.4918912337480943,0.4311410312984221
ENSG00000113552,0.25959801441170344,0.2362841800411132
ENSG00000161021,0.8552984943737596,0.8518310847048141
ENSG00000164576,0.735800251437872,0.5327475214088602
ENSG00000113643,0.7740911657718801,0.8455052732628641
ENSG00000221886,0.44669715572462987,0.5653193879999243
ENSG00000112984,0.1610190152513051,0.1512841424710412
ENSG00000251201,0.028686111035871462,0.05813360803949366
ENSG00000174132,0.7785812397531766,0.7533169050293866
ENSG00000145781,0.9669880788396397,0.8991027051140387
ENSG00000145779,0.6203234416011214,0.4856977177727172
ENSG00000228716,0.5450886302458293,0.5013505422728216
ENSG00000156463,0.4893970513581867,0.4573015177540438
ENSG00000174705,0.2670158533838486,0.2894813313082201
ENSG00000164611,0.11871836726282371,0.1445864849212438
ENSG00000120705,0.991010285415415,0.8864999825088566
ENSG00000145819,0.5337437838382255,0.5681236183508329
ENSG00000164265,0.31124353813575534,0.1778590687536262
ENSG00000081791,0.08722513148993047,0.04017871177640669
ENSG00000118985,0.6367941024627881,0.5432202875922617
ENSG00000131459,0.03061041916106394,0.04543074261915816
ENSG00000113578,0.5835997135658771,0.7796045147034488
ENSG00000164284,0.7999449706527874,0.9183060245188922
ENSG00000120149,0.2876930502533243,0.24879400818497852
ENSG00000145919,0.8110629966790175,0.7901723350818416
ENSG00000164609,0.49006281364826965,0.24051744345295614
ENSG00000120318,0.049520815949827525,0.02097587798369087
ENSG00000118322,0.7547237597309409,0.5531034819093414
ENSG00000113580,0.5600913202486537,0.507597509381231
ENSG00000113594,0.700954496787942,0.8247878455201441
ENSG00000145715,0.06172395188579961,0.0543199084520381
ENSG00000082515,0.8261809535392655,0.7377172725845755
ENSG00000164904,0.0004185455110136321,0.0003969604193889986
ENSG00000183072,0.7943437538962411,0.9479548530193084
ENSG00000171522,0.8962241845653477,0.7254259574921782
ENSG00000183111,0.8943333987849069,0.6226169809254192
ENSG00000123213,0.21605919160037934,0.2200870725189157
ENSG00000171992,0.06838984247490716,0.06049623465214932
ENSG00000120725,0.30897513591862297,0.26369170266001135
ENSG00000113300,0.4933170239130301,0.36694872440586945
ENSG00000094755,0.2654893243658374,0.4113250249407241
ENSG00000013561,0.4133091136274165,0.2940892866377476
ENSG00000214357,0.5885012397234144,0.5161052876392616
ENSG00000039319,0.05015712838592791,0.048527818360252294
ENSG00000161013,0.3746584366049065,0.29423770877851485
ENSG00000164466,0.9925298289581901,0.9381536936250313
ENSG00000198108,0.18603152988792307,0.1437516682640271
ENSG00000178776,0.273256900527452,0.4349442776740473
ENSG00000164402,0.1863005883088705,0.21155877108613094
ENSG00000113742,0.021090992518978318,0.01403109334853717
ENSG00000070614,0.06758371961211841,0.039131526805218184
ENSG00000113269,0.9400226020158698,0.9886800757751046
ENSG00000161011,0.9463951496781429,0.8931891434923098
ENSG00000145882,0.6046658141276262,0.65540391550442
ENSG00000152377,0.9177497755799142,0.9660785725533072
ENSG00000133706,0.09483126577329067,0.1297124576070183
ENSG00000249751,0.03532610076944601,0.03535751652695577
ENSG00000086589,0.5078192771765538,0.44761225211320343
ENSG00000164574,0.5050841848680667,0.6736327906320275
ENSG00000151883,0.06669569607444671,0.09158500312296977
ENSG00000198055,0.27905705549085175,0.14961594589206684
ENSG00000131188,0.8371814355502171,0.8829843698772303
ENSG00000183258,0.2788834501700913,0.4017033439909795
ENSG00000164296,0.5072862560910343,0.6728654226406938
ENSG00000113716,0.2416417114453904,0.25031141563763437
ENSG00000182578,0.12848461539067552,0.15117196174778222
ENSG00000113721,0.137491613092748,0.2010472866267527
ENSG00000164307,0.138597767480342,0.12346751775215324
ENSG00000164366,0.6720720077791436,0.7286348964713893
ENSG00000180104,0.4614583350827326,0.49059968256756525
ENSG00000066230,0.40892833188684397,0.47014254810378897
ENSG00000112877,0.6672726896730059,0.6257071695260489
ENSG00000171368,0.38294399392016165,0.6093198394322777
ENSG00000015479,0.67095917034241,0.7918863353046217
ENSG00000120727,0.9717746040105167,0.9079974869813322
ENSG00000170476,0.5470177038179496,0.5189053024881256
ENSG00000228672,0.22460619595229764,0.19408350789094966
ENSG00000170464,0.705173509174885,0.5745560056048664
ENSG00000177034,0.5101288159137377,0.7006782027952727
ENSG00000170231,0.012483109894400714,0.014891142362656241
ENSG00000184347,0.18881490558463587,0.15416736724240282
ENSG00000152422,0.4538473726173633,0.4689824745843728
ENSG00000145494,0.7538946151041112,0.5572589407281213
ENSG00000243414,0.3705618878072088,0.3877880670110069
ENSG00000205572,0.1533510851506244,0.12323421513695446
ENSG00000135074,0.08503191481412689,0.15115017713112733
ENSG00000215218,0.9701916078425713,0.8191372226517528
ENSG00000037474,0.9803283591860523,0.9427393920046252
ENSG00000145545,0.6237416819537931,0.5854050455767366
ENSG00000112941,0.9970813053591605,0.9882276342701207
ENSG00000188725,0.5250136950733183,0.5994070785208175
ENSG00000169567,0.15017400455585064,0.21534721195346987
ENSG00000186687,0.41294857188997225,0.4682242638276308
ENSG00000064692,0.3479780772158467,0.4845063337903971
ENSG00000131503,0.9786438514543451,0.8205571498312725
ENSG00000254996,0.25713588239044977,0.12382875627847424
ENSG00000243056,0.8227729805506697,0.9610344855565476
ENSG00000131495,0.5662069519159252,0.5837287006806949
ENSG00000112855,0.3314324553863748,0.24091497277082027
ENSG00000146007,0.4609035205668157,0.6652074704193546
ENSG00000164438,0.8131375948636722,0.8536376303445286
ENSG00000168269,0.2256399723674802,0.09328252908476052
ENSG00000145936,0.20914087041154455,0.18882628464140114
ENSG00000043462,0.4838628669951719,0.44404643124226806
ENSG00000170445,0.8488898777058795,0.7430305243208468
ENSG00000185129,0.3051065600558821,0.2540013632316345
ENSG00000182700,0.2653304191933032,0.21543422718437466
ENSG00000120306,0.5734953145402892,0.4826793294722983
ENSG00000113068,0.7268006886727032,0.6333306590595622
ENSG00000153037,0.5190417054375075,0.4946371023410384
ENSG00000129625,0.25264787881183737,0.2003915685645437
ENSG00000176055,0.6000059287816757,0.6802764645339925
ENSG00000113356,0.15964415101111662,0.21257874694843465
ENSG00000176018,0.10950660143194686,0.12489998118382133
ENSG00000113327,0.19264421416223643,0.16926917897430385
ENSG00000168944,0.5601564197383571,0.4570218143136501
ENSG00000170271,0.21101142600301498,0.1626318361629674
ENSG00000082516,0.7996941318709796,0.710039552976218
ENSG00000187678,0.07535265471846372,0.09540584236166547
ENSG00000196670,0.9326770686642213,0.8795158063236329
ENSG00000131446,0.3052345935425011,0.30997252008541326
ENSG00000153140,0.5798604125879774,0.5410784888745641
ENSG00000113282,0.6484621493760476,0.6203693233366829
ENSG00000086200,0.8719277548895277,0.9327933048125662
ENSG00000113555,0.018418034043170353,0.014902608101083497
ENSG00000113119,0.5263221461952183,0.6623757296526753
ENSG00000112983,0.5911251769161707,0.39206881851180164
ENSG00000113645,0.07955422053433574,0.07337256113642905
ENSG00000158987,0.6372956251575673,0.5115734163209842
ENSG00000092421,0.846447416202837,0.9670414824273941
ENSG00000173210,0.0014218126582758947,0.0008686067833170456
ENSG00000132912,0.957760991682152,0.9830372692380769
ENSG00000164180,0.22092947460291987,0.18201352699604806
ENSG00000155545,0.6347768229744184,0.5623813166403673
ENSG00000113407,0.7346720921163743,0.7053232637187361
ENSG00000153113,0.10881131395760531,0.11312710264304038
ENSG00000113013,0.8625635681709138,0.8216139602610633
ENSG00000251493,0.015479061554852647,0.021698854205638475
ENSG00000164331,0.4902457757311054,0.4784259994195156
ENSG00000164338,0.7044572839142011,0.7278137618315903
ENSG00000152700,0.8537472430709853,0.9063108775136814
ENSG00000113615,0.154055115920362,0.1894788776341839
ENSG00000164615,0.09067254937787893,0.0985240649392811
ENSG00000145833,0.8948386697163593,0.981119359719636
ENSG00000181904,0.5422792461593432,0.6975968076917525
ENSG00000113621,0.09113252326642399,0.10033170205396133
ENSG00000177556,0.9484192735530159,0.8643983878390699
ENSG00000082196,0.3208614207486703,0.21262166885416972
ENSG00000169258,0.09634973258208686,0.08245837844739146
ENSG00000048140,0.452927241274105,0.3803758680239655
ENSG00000151304,0.8550267545079735,0.9616363442689825
ENSG00000113083,0.2847193555056036,0.23807804723662365
ENSG00000181163,0.9617549187349419,0.9628256149614343
ENSG00000164182,0.534473022699543,0.35747842710496325
ENSG00000168671,0.26234677909557375,0.2870970435346625
ENSG00000164187,0.4529294241919999,0.43575655356612975
ENSG00000152620,0.6655265426822546,0.6687394885211335
ENSG00000145604,0.2709043061899002,0.2600487964462952
ENSG00000145907,0.5789652587585558,0.5580496308490317
ENSG00000170561,0.29206174620913405,0.2368019603504052
ENSG00000169252,0.4223818276046081,0.2728440455290342
ENSG00000164403,0.0715458932435112,0.05499792684871143
ENSG00000131437,0.09205234318075473,0.05493052930765034
ENSG00000155508,0.1616888083640314,0.09244372648803564
ENSG00000158985,0.4400092528431768,0.28308654885457757
ENSG00000164266,0.018594495013722394,0.022631405908393805
ENSG00000050748,0.07896195660105507,0.09217193760604435
ENSG00000197226,0.2971487696896664,0.19027592916289807
ENSG00000151881,0.8153413012739182,0.701145954937286
ENSG00000156453,0.01204905985921231,0.006731101649910705
ENSG00000082074,0.8530660579333806,0.7640927590040419
ENSG00000164172,0.7414970070782483,0.9368244330325838
ENSG00000131435,0.6568129369256678,0.5244993797006787
ENSG00000197208,0.5350107835389756,0.34965746470451675
ENSG00000082213,0.7450738757770698,0.7594860282716851
ENSG00000072682,0.21295533291432767,0.2699384948472711
ENSG00000113360,0.9515091371118586,0.9434060472520763
ENSG00000156475,0.9788480116190124,0.998360422290729
ENSG00000172548,0.0809105202871557,0.07027015276349942
ENSG00000113161,0.23433012767028547,0.13890767253025374
ENSG00000176783,0.2838505275266957,0.23145396689836728
ENSG00000127022,0.8684788301692432,0.9868357670663518
ENSG00000183876,0.1003730816849107,0.1420593588701876
ENSG00000070814,0.624003890500421,0.7262784089648476
ENSG00000164587,0.17016244813851067,0.2076200377140691
ENSG00000079215,0.36032567773504454,0.3479171459002376
ENSG00000094880,0.4911879223968729,0.5415895072751162
ENSG00000158402,0.7500741496391664,0.8220216933996399
ENSG00000120709,0.9543589263412358,0.6835161215840824
ENSG00000120733,0.7114825785938448,0.5075564077616783
ENSG00000120738,0.300615320056594,0.21648799627009835
ENSG00000197603,0.7616733204626116,0.7100018762109608
ENSG00000072803,0.2440609517289629,0.16557179880556552
ENSG00000055147,0.0973083270893833,0.08842018790544913
ENSG00000037749,0.21450372496776446,0.1956245617856746
ENSG00000125347,0.500229693528258,0.40667023679984704
ENSG00000176087,0.12848044378600046,0.09976284762067164
ENSG00000170624,0.695369775313259,0.730350989221044
ENSG00000086189,0.3279351945923893,0.20136481326467273
ENSG00000184349,0.3516639724638998,0.2503385790600117
ENSG00000164244,0.769863876469625,0.809800420306535
ENSG00000134058,0.4420781411212018,0.24182097079979523
ENSG00000183323,0.4148135583516037,0.27518764426531217
ENSG00000085231,0.11902340120598845,0.1462967070593629
ENSG00000152942,0.6586357178874469,0.8801824586364386
ENSG00000152939,0.9418671627181844,0.8930842193270241
ENSG00000183474,0.3011531575679773,0.42896723355300015
ENSG00000197822,0.9067889679898936,0.8020784520845744
ENSG00000066583,0.7394557472604059,0.9034412433351738
ENSG00000173545,0.46757056040859646,0.4698605803798439
ENSG00000171617,0.042216175638162226,0.06429595576441248
ENSG00000256235,0.24906231718619062,0.30736412348713393
ENSG00000112893,0.6572184697911476,0.6231605169100441
ENSG00000113739,0.09719295207466877,0.05083027069209549
ENSG00000177721,0.9642537055655305,0.9263328647871487
ENSG00000113108,0.9443482072884694,0.9304718686848058
ENSG00000146094,0.43032449732145617,0.3063923058075927
ENSG00000186468,0.9043737557758924,0.905214316023669
ENSG00000172795,0.4965663672994788,0.3456170762260411
ENSG00000168916,0.15473815231161536,0.10496436827791658
ENSG00000113312,0.8278376508439698,0.8787898883457663
ENSG00000145632,0.5503966861183529,0.5222314384510949
ENSG00000145723,0.6511085287045558,0.6588635652465095
ENSG00000113163,0.0644702033544975,0.029058946205515013
ENSG00000049167,0.8634104047020752,0.820085313337489
ENSG00000133835,0.0075972830158436335,0.005066910379210588
ENSG00000154153,0.6792254386274048,0.5901022019027439
ENSG00000083312,0.9978052816695483,0.9288401643796386
ENSG00000213523,0.31165992338502413,0.27652502937743995
ENSG00000043143,0.2654786187157959,0.21643548209250352
ENSG00000120314,0.24771767965802668,0.12134877907039411
ENSG00000113649,0.8805279237834065,0.8391256359862
ENSG00000254221,0.7261327772046766,0.684874838369671
ENSG00000253910,0.8837384713471945,0.8180936859007616
ENSG00000261934,0.36377417222172825,0.40931657258054677
ENSG00000253846,0.2230333436639987,0.19203032192989314
ENSG00000254122,0.4109511459784184,0.4130275490021339
ENSG00000240184,0.5674393295031059,0.5186869110610369
ENSG00000171720,0.6808350014301395,0.5308816568990729
ENSG00000164620,0.7354913295536576,0.9257031482819702
ENSG00000276547,0.09485529438335091,0.13714767204606174
ENSG00000063438,0.6207078718925577,0.7087224726314472
ENSG00000145730,0.9825209972753908,0.8760891621801701
ENSG00000172262,0.3625956328178692,0.3337373884449057
ENSG00000164241,0.7616781851706846,0.7235964824392185
ENSG00000214944,0.5682919418870565,0.8093514097207052
ENSG00000172869,0.13203205154557543,0.13998459772559702
ENSG00000145908,0.10720009837041218,0.11621098126840976
ENSG00000086570,0.6483609443778835,0.7188682794373565
ENSG00000186314,0.4254647307799706,0.5737427949893201
ENSG00000164329,0.963815006547542,0.8667941421749505
ENSG00000131844,0.9578077898609688,0.833400543934249
ENSG00000146054,0.2448448259886349,0.25237509096358324
ENSG00000146063,0.1766261602110099,0.10945934486885746
ENSG00000204628,0.8233826240624722,0.9928570783098843
ENSG00000183718,0.9527183562119916,0.7251574161038676
ENSG00000249915,0.47580470508773987,0.3558485673257207
ENSG00000160867,0.15896728748679656,0.117992183731833
ENSG00000169228,0.48249134212223,0.5235300745668734
ENSG00000169230,0.24241189865528617,0.1649907607621433
ENSG00000169220,0.5880142113881474,0.5256743230208903
ENSG00000028310,0.4631803314717041,0.5995197185514214
ENSG00000071539,0.32438946193147916,0.2526377615352006
ENSG00000145506,0.9604172255854831,0.9564864252201122
ENSG00000113504,0.11529960355860254,0.12875366924978393
ENSG00000164405,0.42718282647144346,0.3983078001145095
ENSG00000165671,0.32765379528858096,0.32628527950145075
ENSG00000113722,0.8570161833194232,0.8996293589009761
ENSG00000161010,0.8611953671321507,0.9421510608878099
ENSG00000145743,0.3221656634178559,0.246035173374908
ENSG00000185305,0.385667744665378,0.41105097832514514
ENSG00000067248,0.27320282918741734,0.3480146481142018
ENSG00000205765,0.4304081371766353,0.3881755662744797
ENSG00000132563,0.7043725187480034,0.7649104223631255
ENSG00000113240,0.8601985022837164,0.8937826188623086
ENSG00000073578,0.8318986664694916,0.8215151832065825
ENSG00000113448,0.5207555844231627,0.46756076772010235
ENSG00000135083,0.05315064887579502,0.0474227041582456
ENSG00000170606,0.9263552065367604,0.9000245227849466
ENSG00000151422,0.12932290888982115,0.1314417052130189
ENSG00000131504,0.40191089097837585,0.3046994508857422
ENSG00000217128,0.18848317151476487,0.10868433837249247
ENSG00000113749,0.3319725341904725,0.16781572724912094
ENSG00000145741,0.8624550576594213,0.8266211581069262
ENSG00000069020,0.9809777423678226,0.9358662264202942
ENSG00000113758,0.4918430228229379,0.4750482156940875
ENSG00000175471,0.03456477762227111,0.05100867038210246
ENSG00000153404,0.45870591417728346,0.3696402297078657
ENSG00000155850,0.9940969484568619,0.8172296356226794
ENSG00000197375,0.992371512135693,0.8715607598858441
ENSG00000188818,0.3330161781491132,0.42899777549565277
ENSG00000112852,0.8447588929931744,0.8539298460139427
ENSG00000113205,0.6041939973729815,0.578733635219558
ENSG00000081818,0.7713127376022038,0.7565419905912683
ENSG00000113209,0.8968822786744095,0.9482044109125851
ENSG00000113211,0.16392782701221795,0.18029122628894764
ENSG00000113212,0.7470433570561148,0.6990470985133965
ENSG00000120322,0.2960697233850186,0.40509364841207673
ENSG00000272674,0.4589174256732209,0.43091621614062037
ENSG00000177839,0.7285333116102212,0.7388969219312629
ENSG00000120324,0.4333897493894646,0.5782870601287943
ENSG00000197479,0.6920469508084154,0.5992501343014288
ENSG00000120328,0.9755199352840402,0.9773178145460814
ENSG00000187372,0.3967074152264657,0.3858641276507834
ENSG00000120327,0.3705729113526913,0.48369848398666493
ENSG00000113248,0.670968266664181,0.7255636466987823
ENSG00000178913,0.47383616516125204,0.5660282305656921
ENSG00000273841,0.6714904277131135,0.6756931606047727
ENSG00000113141,0.9981203446956048,0.8684298270731945
ENSG00000164220,0.6569113686276089,0.7777583292422797
ENSG00000181104,0.17996932617005773,0.2251191023746475
ENSG00000164251,0.4994656156673404,0.3065734221071811
ENSG00000120129,0.02638420962423742,0.019742430148346105
ENSG00000037241,0.3394928956129592,0.31083413392787496
ENSG00000113732,0.6844743967260947,0.7092644510529766
ENSG00000164463,0.13189981548304622,0.07005256014004746
ENSG00000113734,0.531258325419685,0.7194367361066456
ENSG00000153006,0.5747631694092115,0.4373237993513669
ENSG00000113719,0.004543758609969404,0.004063688419984627
ENSG00000153015,0.631296350529991,0.6758623767796635
ENSG00000146083,0.2905549693176635,0.19954390435808453
ENSG00000170469,0.9412095434754484,0.9664984945676186
ENSG00000175857,0.8801564967031847,0.9751217894018938
ENSG00000112981,0.11505835543104448,0.04990736496728482
ENSG00000031003,0.6314578733209053,0.36310417082742186
ENSG00000164347,0.3684339841509231,0.43970238019229346
ENSG00000164346,0.8039949929943349,0.8315371684261224
ENSG00000198780,0.72730092058484,0.8133745265461281
ENSG00000019582,0.3044031257683063,0.2240045572634616
ENSG00000213347,0.7120187809841307,0.6854621205008503
ENSG00000155506,0.39273929228458127,0.3106919819674134
ENSG00000178172,0.6135025343856589,0.7865364908512782
ENSG00000145777,0.014070370642067585,0.02179755084337662
ENSG00000134987,0.43770341097144594,0.44410783209884597
ENSG00000169223,0.1874261870091541,0.24381892339703873
ENSG00000113328,0.6297638280459584,0.6150945803831129
ENSG00000170584,0.7757305917050354,0.8000579395007614
ENSG00000072571,0.5537440154798463,0.43478775540678016
ENSG00000085365,0.8667929122910373,0.7604229643492688
ENSG00000132842,0.6557614015046337,0.7288916133536534
ENSG00000170458,0.04676763446208021,0.04815292158471135
ENSG00000038274,0.4935536841132171,0.3381465163233103
ENSG00000153071,0.3798820811119712,0.4036289932942837
ENSG00000145934,0.6995955296762559,0.9986139732608852
ENSG00000131187,0.11361830939089239,0.11919830043759397
ENSG00000040275,0.7651467637303946,0.8008244643534348
ENSG00000134516,0.2631433177231442,0.2326204329994497
ENSG00000132356,0.8762416220841062,0.9170271414525488
ENSG00000145592,0.29433147491581685,0.20077973923676182
ENSG00000132357,0.3942713064280079,0.29794405068752844
ENSG00000095015,0.2881411686581279,0.1904288680300765
ENSG00000155542,0.9118848860235463,0.8628989667941402
ENSG00000119048,0.06309737404476105,0.03681053500975387
ENSG00000237190,0.6553585010176857,0.5876212382684232
ENSG00000164330,0.9160285828400425,0.9752823098423514
ENSG00000145860,0.33097836770889066,0.23198786979953087
ENSG00000164332,0.8878221607218431,0.9729978502483057
ENSG00000145740,0.10922157663733888,0.07465706830151568
ENSG00000134057,0.42491522848478147,0.3055024234203956
ENSG00000155868,0.519202452131375,0.40083136605355196
ENSG00000151292,0.64803858336327,0.558680095549157
ENSG00000051596,0.08751275538212931,0.10282481114147378
ENSG00000170085,0.9577333395683323,0.7341108466404193
ENSG00000122203,0.14830818691638725,0.11561033111825933
ENSG00000175414,0.5800686523490668,0.5052132190514733
ENSG00000048162,0.4752754465226606,0.4430206206205445
ENSG00000146066,0.914802368075653,0.8384730709722675
ENSG00000175416,0.7616496421228788,0.8985895863859817
ENSG00000113194,0.16017313774484446,0.131401372073122
ENSG00000160883,0.11847096709086417,0.06687691025514134
ENSG00000087206,0.39205899168160674,0.33296047755500013
ENSG00000113761,0.9536734603884296,0.8133900985429852
ENSG00000184840,0.49073423947842854,0.5772363738994152
ENSG00000027847,0.9769962377054318,0.8232890559095526
ENSG00000145911,0.10845432989928518,0.08577978435159034
ENSG00000145916,0.3865745681478775,0.4834296885499759
ENSG00000197451,0.3356709696157542,0.37152822641755523
ENSG00000175309,0.1697932230470783,0.12309420523418736
ENSG00000154124,0.8348661759184456,0.8051019474237266
ENSG00000145912,0.5811081953801787,0.5513405459153689
ENSG00000135077,0.2750991161154443,0.2508654816035706
ENSG00000145675,0.7015512090448934,0.7361228655745118
ENSG00000145920,0.3135405031922962,0.28298150199117894
ENSG00000170234,0.4117119767659997,0.30498875226508126
ENSG00000049883,0.30359194827407116,0.2178251052755379
ENSG00000211445,0.004063559469102765,0.001473238288825981
ENSG00000145901,0.014515283597561312,0.00861150963546754
ENSG00000198624,0.0017666170890763447,0.0004527643323971665
ENSG00000196743,0.8903585246440389,0.7622999048041234
ENSG00000123643,0.858379118174674,0.7884727105689787
ENSG00000196923,0.14722191645724556,0.1475000941487287
ENSG00000113456,0.47683024089441817,0.4754450626866087
ENSG00000113460,0.0556405844445162,0.04179547354982947
ENSG00000153044,0.3558121525557736,0.3509956707524944
ENSG00000134056,0.5486393536684915,0.5094860939764929
ENSG00000152359,0.21360864111838626,0.16316467885128821
ENSG00000145703,0.37875040825076567,0.2489275725631391
ENSG00000164252,0.7337945120148645,0.682568287773906
ENSG00000132846,0.5099114683225499,0.6308140705622527
ENSG00000113231,0.9789105905661627,0.7124759729617571
ENSG00000164253,0.42213878443891284,0.4015106352387776
ENSG00000171530,0.47710060710913715,0.48542325088577376
ENSG00000133710,0.12290502989398966,0.16901941451915367
ENSG00000184584,0.9702261253802799,0.9158413037944919
ENSG00000171604,0.06879262253183198,0.05266081188514447
ENSG00000131508,0.6264473764206757,0.6032548223152161
ENSG00000113048,0.9204594612304505,0.7847336448874003
ENSG00000153347,0.19537779351330967,0.06709141333270832
ENSG00000164291,0.82103115542362,0.7537110887552916
ENSG00000145569,0.2930121635593009,0.27010231075355307
ENSG00000164509,0.30012233916046355,0.4197483652517059
ENSG00000134352,0.10619521924163743,0.07094232104049135
ENSG00000168724,0.481061665556585,0.4472191444214725
ENSG00000181751,0.9601591850913779,0.6904042119000284
ENSG00000145725,0.5952978271540272,0.5145020586320281
ENSG00000069011,0.5431879068158946,0.6439177649345745
ENSG00000145832,0.2578814112817954,0.4084053635488012
ENSG00000145824,0.8562394724755091,0.9354349223056369
ENSG00000055163,0.23503851854071414,0.13145874184806222
ENSG00000234284,0.7774059971904697,0.7905334983900274
ENSG00000177932,0.446567966298961,0.4227380012758495
ENSG00000087116,0.3220359508356631,0.4008588277689451
ENSG00000146067,0.6976355987074505,0.5428096821589911
ENSG00000112851,0.8881935851148921,0.9781648433592257
ENSG00000153914,0.7434934653384923,0.7802016049060629
ENSG00000068796,0.2664540530587784,0.2507561950875032
ENSG00000198677,0.08788791712128728,0.07150016646073351
ENSG00000175745,0.5473385015783483,0.4725210093870533
ENSG00000169131,0.8659455369314639,0.9400641020283208
ENSG00000178338,0.6786032248000953,0.6157750087927338
ENSG00000242110,0.8100758409103547,0.847830837646758
ENSG00000197043,0.04337030605809807,0.07287649766637991
ENSG00000049656,0.6652194253819409,0.8075931655643904
ENSG00000153395,0.003765059620867287,0.0032280487371258095
ENSG00000172058,0.26109143003543134,0.36950380514020953
ENSG00000172062,0.08221962737020873,0.09050836215286512
ENSG00000145736,0.7977021041159966,0.8423562592307492
ENSG00000131732,0.7071215352936756,0.6010097536164841
ENSG00000145687,0.6875174306289689,0.7527652622610033
ENSG00000113558,0.4445771275658448,0.39145451225689176
ENSG00000113575,0.652002664622596,0.6611912598941785
ENSG00000206077,0.44865082317850224,0.509484137015584
ENSG00000161055,0.5391869147886602,0.3331713138094106
ENSG00000037280,0.021864932836705677,0.015602250653187072
ENSG00000133302,0.798091828215536,0.6601793005155068
ENSG00000113648,0.6898983037879333,0.6378709818588495
ENSG00000280987,0.30051267485122723,0.3550017151455215
ENSG00000038382,0.9091996487349797,0.9951981046945565
ENSG00000177733,0.7440400783134704,0.589724633785907
ENSG00000150756,0.6782443021249215,0.6371405144716964
ENSG00000150753,0.4809770761465515,0.3164343613604544
ENSG00000164237,0.23756114144959078,0.19154358902978175
ENSG00000145495,0.6924275312847573,0.6944579247427621
ENSG00000145491,0.19979866037328595,0.10303831159413131
ENSG00000113583,0.6792525762849256,0.6784748697674479
ENSG00000213585,0.46123663629394795,0.5105898406703342
ENSG00000081059,0.17619699243739093,0.15363863804407893
ENSG00000047188,0.6573252003829908,0.8590391404284691
ENSG00000171444,0.89492221321242,0.8679575763016831
ENSG00000174136,0.526096156253955,0.726774942776897
ENSG00000153922,0.2982382198073446,0.20357395510186344
ENSG00000113712,0.5402572397190208,0.42543529211525055
ENSG00000112977,0.8479931371391839,0.9597724214691873
ENSG00000146013,0.9659904165485569,0.8060887474805875
ENSG00000113070,0.4298236172350499,0.25388497549604433
ENSG00000113140,0.08163172583850307,0.1461023798057519
ENSG00000112936,0.01156717921564658,0.004068154770459012
ENSG00000138829,0.06791006591261604,0.10971418469704275
ENSG00000169045,0.5287167416334215,0.7999966710783284
ENSG00000145879,0.9700112159824094,0.7664345437527749
ENSG00000204909,0.8708067273870163,0.9502035088938936
ENSG00000145868,0.7682215706618534,0.6016525389335632
ENSG00000234511,0.3112194875009044,0.44038512685431663
ENSG00000080709,0.7819854084214944,0.5981912288135811
ENSG00000122008,0.3855096486098446,0.2696082705444328
ENSG00000175449,0.7629039365941233,0.7539839620765967
ENSG00000164292,0.8840946997791959,0.7856991392505271
ENSG00000173221,0.034121716384799335,0.02284398968138916
ENSG00000081189,0.10415895720854469,0.09400766941648557
ENSG00000154764,0.03147033336511538,0.051256979343534424
ENSG00000134121,0.9983203122162637,0.825100883869855
ENSG00000144635,0.9572098337238408,0.8854921290953192
ENSG00000154822,0.3000980579101807,0.22730048505298625
ENSG00000070950,0.33312247997350264,0.3423802378880687
ENSG00000144668,0.4677672789392465,0.49243293973726066
ENSG00000188167,0.8760940178689837,0.781292412041578
ENSG00000129810,0.41547383295532103,0.3292068684973402
ENSG00000093167,0.7381839650976414,0.7729618744277705
ENSG00000091317,0.950909937159444,0.9178143382605619
ENSG00000170860,0.35207192876101234,0.3322895161814709
ENSG00000178567,0.9578131427155661,0.8501447329405388
ENSG00000182247,0.015453960279353791,0.010474614233725732
ENSG00000114166,0.1287594960650844,0.14433451059171573
ENSG00000187118,0.8413612978640821,0.9861952666639826
ENSG00000093217,0.03605047096516522,0.019867451929248475
ENSG00000131378,0.22981531202256225,0.2448174601771835
ENSG00000170293,0.7726837348622816,0.818202192938765
ENSG00000163528,0.45168350184500283,0.37758036812674123
ENSG00000154783,0.09211261810215324,0.08852350018641167
ENSG00000170248,0.2789812303711553,0.2288120319380214
ENSG00000144455,0.3692004882488248,0.6032930844377641
ENSG00000144642,0.9971749922601171,0.9662927039739996
ENSG00000175928,0.37273998958145793,0.37435464700328125
ENSG00000114353,0.1892727468673044,0.17320000792072132
ENSG00000153560,0.37093766423828567,0.42891816612203504
ENSG00000163512,0.9690212741426324,0.9538523015279697
ENSG00000126062,0.7130613810346896,0.7651085504426195
ENSG00000114378,0.9465356855942979,0.9301114643604536
ENSG00000114388,0.03935189456310447,0.018649778585049816
ENSG00000168301,0.33401754946903095,0.24006386963517598
ENSG00000144566,0.46804042055686146,0.47138855434330074
ENSG00000170266,0.47530804838395035,0.4570997400329593
ENSG00000160746,0.267971379408427,0.3397534278260358
ENSG00000172939,0.237702388502955,0.24607307612419022
ENSG00000088543,0.037591804958873605,0.035257068153125216
ENSG00000114383,0.42731035613086266,0.4365972468792074
ENSG00000144724,0.4405019574583202,0.503200659901005
ENSG00000173473,0.8897640924695166,0.6444632734944205
ENSG00000170275,0.6430151940840041,0.620051450528708
ENSG00000068001,0.17427514095774913,0.1717190822633604
ENSG00000011198,0.3056633701196075,0.3662018097212574
ENSG00000144677,0.8977019682399674,0.978116572089984
ENSG00000163935,0.5306465648396317,0.6723707719670413
ENSG00000114738,0.48422590110677965,0.39341127889519933
ENSG00000206538,0.07385929052045291,0.1000745469238763
ENSG00000114480,0.8743955760609066,0.8997089359633738
ENSG00000172986,0.26185613830507526,0.3802076375705068
ENSG00000114541,0.542532258242977,0.386787243367676
ENSG00000144744,0.37675706923259666,0.4608023867921619
ENSG00000121440,0.617546793918655,0.6058968228070765
ENSG00000080819,0.07821991241542074,0.055704781696845396
ENSG00000168309,0.014770249219733763,0.006443385502973971
ENSG00000227124,0.21214753813572507,0.20908115695144236
ENSG00000163378,0.6603007538442107,0.6545641180662889
ENSG00000044524,0.7915222813645133,0.7981610224103857
ENSG00000144747,0.9722876639615685,0.9504226074683267
ENSG00000036054,0.342322137164707,0.37744740975739555
ENSG00000154174,0.9088147938058881,0.9054851863975066
ENSG00000138468,0.7646965400996706,0.6403366494688705
ENSG00000184220,0.9030195155806634,0.8716946925026001
ENSG00000114021,0.3092508058999123,0.2729517983130944
ENSG00000114423,0.2652416809749738,0.19604199866601427
ENSG00000206535,0.2693909116093439,0.24439035425178107
ENSG00000004838,0.3906891242081094,0.19478526671583543
ENSG00000144810,0.1520465396226496,0.21516822984755526
ENSG00000170017,0.5580511002114753,0.6481199479680247
ENSG00000144827,0.2165582899750855,0.20100484596235169
ENSG00000174500,0.5396637446750476,0.5493839773085821
ENSG00000163412,0.09015239501572639,0.0860343358641143
ENSG00000154165,0.8836098650076828,0.9310727033023709
ENSG00000249992,0.7296502100533835,0.8210495963232491
ENSG00000091972,0.14229556026879506,0.15624115031402777
ENSG00000176142,0.8385296536783825,0.9924225025580652
ENSG00000163666,0.6353693033727639,0.8807174176967771
ENSG00000145050,0.7927781638186447,0.7552220318078834
ENSG00000113845,0.122419806813576,0.10493023304210078
ENSG00000176095,0.25842906894244777,0.21593954878451027
ENSG00000198919,0.9890503685922765,0.8537364227760337
ENSG00000144837,0.39058950264687664,0.46160356394887436
ENSG00000170837,0.8286981028035885,0.8549484406600389
ENSG00000163814,0.24835525436822145,0.18859163371325793
ENSG00000121594,0.5287522086980552,0.454867120713062
ENSG00000174738,0.3768284417706148,0.5596138078334387
ENSG00000080822,0.6664765944872726,0.7866463005470589
ENSG00000189283,0.006979176747456908,0.008338407272556544
ENSG00000144746,0.39365378984059496,0.614670610486074
ENSG00000168306,0.06081648717742706,0.058985954907319366
ENSG00000144847,0.10913352230546816,0.12930479615105964
ENSG00000153551,0.5617690764388052,0.4696406696856201
ENSG00000163611,0.7607021875931865,0.7397457039554479
ENSG00000163513,0.12087988389805908,0.11875908093742897
ENSG00000183813,0.28722481628952434,0.22095413813287543
ENSG00000144834,0.9587080693300235,0.9346125915825777
ENSG00000114446,0.0914289408387064,0.04898748265775904
ENSG00000185565,0.9427055789137389,0.9439487429298674
ENSG00000114520,0.9906326766941327,0.892917498965748
ENSG00000121578,0.12755150099115842,0.20763067617091366
ENSG00000163870,0.9462724592767777,0.9733500542334176
ENSG00000144848,0.44212965174230034,0.4946736592679498
ENSG00000169087,0.5821127954230277,0.6123103122535833
ENSG00000259956,0.8994315769383882,0.9522926919486544
ENSG00000114638,0.3501941928655752,0.3576343404245248
ENSG00000170142,0.9319970226298339,0.8746980804798519
ENSG00000163519,0.7917023708413944,0.6502658799050416
ENSG00000177494,0.04185658608437741,0.04132390466850216
ENSG00000163605,0.6380903222354031,0.5677859962941199
ENSG00000001617,0.4353137967198093,0.4955557854114795
ENSG00000144824,0.8848554496569085,0.9918243248358691
ENSG00000158186,0.2796171164479644,0.27289843567317257
ENSG00000198643,0.335039686457825,0.3353388416999455
ENSG00000114125,0.10995925200796289,0.13302798127724846
ENSG00000144909,0.7676855142623955,0.7050048219263412
ENSG00000065485,0.4631094586111406,0.5754227300021786
ENSG00000174564,0.509107244517286,0.5536335786309297
ENSG00000138459,0.7387660455670209,0.6426061967306034
ENSG00000145103,0.959203152329874,0.9872746866157579
ENSG00000118007,0.6863635127043773,0.9211859761357402
ENSG00000206527,0.34594649464634375,0.45411844494963094
ENSG00000163430,0.361349272979834,0.41786122939316916
ENSG00000157500,0.5199368361675092,0.5763419912937615
ENSG00000168875,0.7844232891748192,0.7407669720755707
ENSG00000114744,0.10189174232283507,0.20972135705407335
ENSG00000177707,0.6782162810138933,0.5386196674041606
ENSG00000163637,0.8353234499528617,0.7515640742136862
ENSG00000152977,0.4424944755325779,0.34483208994581105
ENSG00000175792,0.545533714454904,0.6084589984428783
ENSG00000198829,0.7998639485032888,0.7357649372041339
ENSG00000065518,0.672157076887566,0.7626559530171663
ENSG00000114107,0.36099958661628107,0.44177692654219347
ENSG00000163590,0.21194864964373886,0.26692074773552715
ENSG00000031081,0.21406685804647643,0.1348075588723427
ENSG00000047457,0.13685217277709272,0.10769872184384811
ENSG00000173193,0.33553579401018974,0.31241852686825766
ENSG00000159685,0.7267271018936043,0.6208823581269767
ENSG00000163762,0.2458798284508285,0.329356023720164
ENSG00000114771,0.9871403400739311,0.742130400820515
ENSG00000169255,0.697551469213082,0.7381603745254832
ENSG00000158092,0.498398889655991,0.45842545355209974
ENSG00000114200,0.49311969314725357,0.48461545199170164
ENSG00000114790,0.3115476655598086,0.5516497536460909
ENSG00000169908,0.9876159086325035,0.7274007606910503
ENSG00000181804,0.0031649408594546916,0.0032123160553424353
ENSG00000181788,0.023555595920353327,0.042266872471151955
ENSG00000114670,0.1485509484789374,0.07810211658064911
ENSG00000121858,0.1256523217289376,0.21257466392163732
ENSG00000173889,0.2573209899239657,0.3044922393005464
ENSG00000155893,0.029713758137805114,0.04216034892626748
ENSG00000168917,0.3238677764315529,0.36179461842628646
ENSG00000075420,0.8693093371969837,0.7553958230983091
ENSG00000163584,0.14769347256770518,0.15795529907515476
ENSG00000069849,0.6127073328796712,0.7408093002507965
ENSG00000285218,0.5441136417823356,0.4516008920203223
ENSG00000186329,0.4571345813989077,0.7609938761295152
ENSG00000163645,0.46295694758697203,0.6052433433101561
ENSG00000163655,0.11854166473406702,0.1573275661229031
ENSG00000132394,0.44466342574166984,0.464005615212953
ENSG00000169860,0.12053804743677182,0.19318166861857028
ENSG00000120742,0.02265294655979141,0.03575436978804397
ENSG00000154310,0.7373691813066054,0.835687950746229
ENSG00000068885,0.3402185393556635,0.5119814680473274
ENSG00000177694,0.18777664293096052,0.11388681044525956
ENSG00000181449,0.0293640502877237,0.04601100536115272
ENSG00000174953,0.6767204817983976,0.9233078901021996
ENSG00000085276,0.6147054382871459,0.8963593454272444
ENSG00000073803,0.0858769803156532,0.10170483801989985
ENSG00000197415,0.02475964495387947,0.019358192534196315
ENSG00000138463,0.9107059075112937,0.8573297714798864
ENSG00000175040,0.3315895659859162,0.570887686474636
ENSG00000082684,0.6011509576995397,0.43077299854280005
ENSG00000175054,0.7961340847475161,0.7522700819645669
ENSG00000169359,0.4871228528048255,0.690567779867769
ENSG00000163659,0.16282835502067447,0.09008090220695435
ENSG00000158258,0.9597934381494406,0.7182238678422193
ENSG00000114796,0.42871296457870123,0.6372225355735304
ENSG00000136514,0.35317923049811006,0.5439928461657214
ENSG00000144730,0.868640923183867,0.9582391762930572
ENSG00000138246,0.5226640880467881,0.46274337032256596
ENSG00000113924,0.0689679501957359,0.10587106817358898
ENSG00000163389,0.3020969210631712,0.22888090108127288
ENSG00000058866,0.6248398642898072,0.4991202917805676
ENSG00000172578,0.39665793052054854,0.2775158260068577
ENSG00000163638,0.08966447676495735,0.08317108255201988
ENSG00000176597,0.29703961959299385,0.386982232606493
ENSG00000173905,0.08571973584752512,0.1034873353394709
ENSG00000152492,0.6073386407633059,0.29379583543357773
ENSG00000114315,0.3139497025965675,0.36921265962213057
ENSG00000175066,0.7564423204590156,0.5977694893302568
ENSG00000213123,0.031105384053261263,0.03885671135340388
ENSG00000113790,0.20123473882709758,0.3078103076308603
ENSG00000163959,0.3257421486114785,0.47408174088918187
ENSG00000145191,0.12035783940376626,0.12424639756253605
ENSG00000051382,0.4894881971149976,0.4552025477898348
ENSG00000144736,0.6530622126200332,0.7810576872110635
ENSG00000161217,0.4143695526181125,0.5713328663444288
ENSG00000186001,0.6983975221154453,0.8682460741203368
ENSG00000174013,0.25041824213560326,0.3226470426130701
ENSG00000113916,0.238083768066547,0.36297884406284686
ENSG00000163872,0.34764862183746126,0.43095564416302523
ENSG00000163904,0.1222603124954014,0.15878911324608003
ENSG00000161267,0.057331982985922215,0.12018589705717977
ENSG00000127252,0.002687465594735381,0.010661331819820232
ENSG00000163961,0.15878439490675889,0.29079922176478457
ENSG00000163900,0.1907547854649186,0.21045201021729695
ENSG00000180611,0.8500167486626182,0.9792680147498177
ENSG00000090530,0.6458118085786262,0.961979351157543
ENSG00000185798,0.09173565265938274,0.1688665956928829
ENSG00000283765,0.2669808473948639,0.4074866204708807
ENSG00000188001,0.34827092844367324,0.40855232189301194
ENSG00000163960,0.3396515773598961,0.5918473626521967
ENSG00000127249,0.8911819353539137,0.6212267662527589
ENSG00000244405,0.6514755562423666,0.6913130513531367
ENSG00000174928,0.3233758284537509,0.3388714001536413
ENSG00000181467,0.6521963949731582,0.8815327922510989
ENSG00000182580,0.7662228669620975,0.5485343604078801
ENSG00000163898,0.9697339492299731,0.8225525696569713
ENSG00000163577,0.7928326109207352,0.7415238740965819
ENSG00000153283,0.5190580272027945,0.33848287188552506
ENSG00000163714,0.6427891123761358,0.7643360448308105
ENSG00000144820,0.5169491782898796,0.586579309781993
ENSG00000163751,0.5331554744705725,0.5878613662082874
ENSG00000163754,0.9575774655251968,0.9521524985118731
ENSG00000071794,0.13012881269391263,0.10696754234630419
ENSG00000163755,0.8051428103486341,0.8936705879955372
ENSG00000163902,0.7444984343895422,0.907820350335321
ENSG00000179021,0.9580709471575236,0.864854600893881
ENSG00000081154,0.8714288122035392,0.9010033815305131
ENSG00000254999,0.08475056271960224,0.047344203877360075
ENSG00000134070,0.31290806163800006,0.4469579517513861
ENSG00000157017,0.3080607456027588,0.22561816451131622
ENSG00000157020,0.7691648342129929,0.8288320259616365
ENSG00000178537,0.963617046715719,0.8465582722669799
ENSG00000178467,0.3351633033558478,0.36758269699983126
ENSG00000178149,0.235674533295125,0.2554014702102824
ENSG00000178057,0.6449622566884615,0.6685714408705095
ENSG00000163661,0.09119672457501345,0.0717925510982546
ENSG00000188817,0.8676264218738861,0.524771418362064
ENSG00000163634,0.06754198930363595,0.057861973433004525
ENSG00000181847,0.17285117672181374,0.15062802001761938
ENSG00000076242,0.8641146059905194,0.925893664731587
ENSG00000151090,0.4886837352073172,0.4059136974524946
ENSG00000172020,0.8574828809420327,0.6769283624620402
ENSG00000174748,0.2507536917051199,0.24717150603857163
ENSG00000169714,0.8051812356948966,0.6805893746169598
ENSG00000154767,0.9562447903339655,0.8209145725522016
ENSG00000073792,0.5995412427418156,0.7991989125645517
ENSG00000144908,0.8353670015874726,0.5918419284313544
ENSG00000175193,0.01077716152458037,0.012577860530504185
ENSG00000163660,0.129504053945371,0.22547698702494023
ENSG00000144959,0.6290391521839597,0.44186628237689285
ENSG00000170876,0.9957630131851286,0.9945821546557007
ENSG00000180834,0.22238498946651675,0.24370950403476993
ENSG00000145107,0.24891917768946992,0.31428558695979414
ENSG00000198585,0.5152367856191533,0.7718443153564141
ENSG00000181744,0.018104958513607067,0.028762383730850983
ENSG00000144840,0.11010122392120031,0.10939581256934436
ENSG00000163635,0.5978473877993509,0.4998645870374342
ENSG00000181458,0.1504045370390058,0.14343749783918386
ENSG00000075785,0.8117979058468323,0.856223055970781
ENSG00000151092,0.5858993481766419,0.7295835282863599
ENSG00000151093,0.7199180597936643,0.7582117168409428
ENSG00000214160,0.18003931701452844,0.16210753408335904
ENSG00000284753,0.012014150776356326,0.005745891508873402
ENSG00000163888,0.6838605490284371,0.49624625236767494
ENSG00000175166,0.8821808741849939,0.884934049087216
ENSG00000114867,0.8100614315927995,0.7620312016791326
ENSG00000175182,0.6160047571915439,0.6376281939075075
ENSG00000114859,0.38488728886815804,0.411128983730512
ENSG00000008226,0.26890932841326404,0.4269210980056316
ENSG00000060971,0.12294837117094626,0.18992942588013864
ENSG00000114354,0.7867745233476031,0.9310767267709195
ENSG00000114742,0.4484745170396849,0.4073923032403365
ENSG00000178038,0.01999399178495703,0.009968091124716017
ENSG00000283706,0.3528840614041612,0.24694781140543504
ENSG00000160808,0.294842674056163,0.36118453671793527
ENSG00000160801,0.13703402802292936,0.13828771612385632
ENSG00000160796,0.24064730409771454,0.18825872161885676
ENSG00000114739,0.8747186940643695,0.9611203208958511
ENSG00000121864,0.32112860043864877,0.36985232841759197
ENSG00000171109,0.39461263086558496,0.4593905616824282
ENSG00000114450,0.925770412202191,0.8926287647812632
ENSG00000136518,0.11559069557559823,0.11643538939327946
ENSG00000136522,0.03588827128675002,0.036659315526206264
ENSG00000172061,0.7572592821715279,0.9991293583227796
ENSG00000041802,0.08658971956715038,0.1411022422388571
ENSG00000185112,0.05681027037265409,0.14563710512909483
ENSG00000134107,0.033908670523596154,0.04899674561720487
ENSG00000134108,0.9767500100076507,0.9439301305862584
ENSG00000134109,0.04222838290636308,0.05112256754783394
ENSG00000180376,0.1682259232022457,0.20891231242327316
ENSG00000177383,0.2325820085798949,0.31319943069300826
ENSG00000156931,0.6139712002569591,0.750385055896747
ENSG00000196455,0.9657119110960175,0.7756173831207728
ENSG00000163347,0.04447564309657535,0.06749869896022588
ENSG00000113946,0.17012304978128243,0.2291124698347194
ENSG00000017260,0.8569178241160615,0.9320181251714776
ENSG00000114126,0.5761321757053111,0.8848162960930179
ENSG00000114405,0.041897404554909534,0.04326879305852169
ENSG00000168016,0.16818554073708356,0.11039580291398852
ENSG00000172340,0.6091634184413809,0.502534013788684
ENSG00000187091,0.5906506246890091,0.8303432429417587
ENSG00000114850,0.8510991850527876,0.8852748944100308
ENSG00000034533,0.17226212117564815,0.33048645365000445
ENSG00000163636,0.1567181201441864,0.14739055689469746
ENSG00000114805,0.8427770185861474,0.7688012651214433
ENSG00000018408,0.4121797744502178,0.6590471282946138
ENSG00000144749,0.5520237127420795,0.660091801692394
ENSG00000169251,0.08177997262143781,0.06508130994530435
ENSG00000163947,0.1501723588316149,0.1596534196334189
ENSG00000114737,0.09489793430894106,0.057281217378936766
ENSG00000082996,0.19374030082285876,0.36921130612150377
ENSG00000197885,0.24854908627494354,0.2773452009118501
ENSG00000163785,0.8688638939236506,0.9868338043113324
ENSG00000114735,0.6916698052386939,0.684091747600081
ENSG00000072858,0.5964880723373029,0.4266806228886699
ENSG00000175455,0.6292245986368367,0.37835346080560417
ENSG00000114395,0.7949377705679906,0.9157339778120764
ENSG00000114529,0.8686507131422572,0.829862852359435
ENSG00000091986,0.4364557643188014,0.4796832004125804
ENSG00000134072,0.8634760148720343,0.8886122616834344
ENSG00000250151,0.9519722920785497,0.992671264672987
ENSG00000171135,0.8568829618498124,0.8295458842977637
ENSG00000163701,0.349026160284984,0.2985128051744222
ENSG00000145029,0.6628047931284898,0.7432488756762257
ENSG00000164062,0.4339146553953933,0.5257861909121205
ENSG00000164068,0.4869000458116719,0.4421013212871858
ENSG00000173540,0.03766787021308592,0.056145419070385075
ENSG00000114648,0.19450958899168191,0.15070941183376865
ENSG00000156976,0.033915673601058315,0.05782462799184078
ENSG00000183770,0.6679476400337369,0.4889331927829301
ENSG00000206262,0.9084625583065511,0.7043486523049922
ENSG00000114113,0.10164091133151101,0.06274012288733741
ENSG00000163428,0.5971645565086636,0.762050348993237
ENSG00000157150,0.3723864767283681,0.30026329918170924
ENSG00000114209,0.05622855800969463,0.054199286060967355
ENSG00000163536,0.07722841811356508,0.09160741197137609
ENSG00000114698,0.9288127846638234,0.7759809279593621
ENSG00000188313,0.440554179978881,0.6344961823245179
ENSG00000113810,0.3711438791558779,0.37705193142173066
ENSG00000213186,0.2684340133888293,0.2896450171182735
ENSG00000186432,0.8249977551114747,0.7199285859877824
ENSG00000179674,0.1692849262599161,0.20908641504991
ENSG00000083937,0.21957248344800312,0.3455446652030587
ENSG00000114251,0.27465782129730093,0.42992431119957664
ENSG00000114767,0.38861423246525206,0.2609300040040034
ENSG00000243989,0.631184445811575,0.9864774262838323
ENSG00000162244,0.11124164477343378,0.09031891671682717
ENSG00000164086,0.9240671913831219,0.922940894081792
ENSG00000164087,0.3460858558901835,0.19573134005193374
ENSG00000023330,0.5592044494680108,0.37540370383571875
ENSG00000247596,0.10818500306970552,0.14911971122155418
ENSG00000164088,0.5849250442986531,0.633912570788824
ENSG00000164091,0.8772584335537922,0.6958528787485139
ENSG00000168237,0.41783732062622914,0.4359774553253982
ENSG00000163930,0.08752831356621545,0.06774163780814338
ENSG00000163923,0.3421699978883633,0.31132189953317385
ENSG00000073849,0.29356699182133594,0.18535526611867073
ENSG00000163884,0.5310566746107778,0.42714673815457205
ENSG00000070476,0.3110253974162087,0.1922128715233547
ENSG00000174004,0.2143684952208655,0.10623872941494472
ENSG00000180370,0.8266615546149744,0.7572386212828907
ENSG00000174007,0.12160083969843091,0.1523599059287966
ENSG00000184432,0.6485998288755939,0.6261583438785405
ENSG00000172053,0.7354810225763864,0.7115898145432507
ENSG00000172037,0.2809797136330303,0.29416279172326326
ENSG00000177352,0.7180278919151226,0.9568767051210263
ENSG00000185909,0.21944452788112526,0.23528231390385593
ENSG00000240303,0.8263466039599636,0.921655656098771
ENSG00000129048,0.5144009335093583,0.49687386102059594
ENSG00000088726,0.4203914888145348,0.39916558267226043
ENSG00000144713,0.1372318422704757,0.14439855324777812
ENSG00000082701,0.8085266915871456,0.6486615142585825
ENSG00000154917,0.324999113429031,0.4242888500457688
ENSG00000188315,0.4059075005175763,0.6016171900755707
ENSG00000114316,0.9525768731464975,0.989586292357065
ENSG00000145014,0.24988671435318952,0.38581606787995126
ENSG00000090097,0.35730071079225956,0.4466019734216834
ENSG00000114346,0.1545081848669161,0.11524996465829973
ENSG00000114127,0.9900686894272195,0.7116852352743532
ENSG00000121577,0.9301369964236603,0.9486671299281233
ENSG00000138495,0.8645690192201791,0.8564787367036676
ENSG00000007402,0.007162468620059058,0.002315556885825184
ENSG00000177479,0.5692479964141894,0.6175312495344366
ENSG00000129055,0.16636260572661735,0.27872490599323946
ENSG00000114019,0.2427577838495008,0.20237404960851846
ENSG00000114544,0.7285735383321987,0.6264312715948118
ENSG00000144868,0.1143454230912476,0.06192263479044087
ENSG00000221955,0.9930132385619702,0.9021645333002362
ENSG00000198836,0.15295942822368236,0.2323800433454851
ENSG00000169282,0.8514841569228601,0.7495316629202671
ENSG00000163320,0.39060159283667273,0.423130856191523
ENSG00000175105,0.8852329241344945,0.940664794360216
ENSG00000073282,0.08286018286562055,0.1557174724947245
ENSG00000127241,0.8090081114111284,0.5054496938155411
ENSG00000091513,0.8662956177356411,0.9482903026627543
ENSG00000174640,0.11978102779335341,0.11995399414741388
ENSG00000163687,0.4578817004323038,0.5403918417995308
ENSG00000163686,0.6018501247184835,0.6723534024023987
ENSG00000163684,0.6330446751967905,0.5526716065458122
ENSG00000168297,0.7113540845119012,0.497107083693619
ENSG00000168291,0.7977722163130366,0.9717918063048402
ENSG00000136521,0.3987757616532649,0.3834341893426204
ENSG00000058056,0.5638137766761222,0.5071219501821087
ENSG00000196549,0.011551979004695376,0.0059071898878051525
ENSG00000255154,0.7530360766557679,0.7921237620987354
ENSG00000213139,0.058544675762725124,0.07243812005166864
ENSG00000113838,0.07299142824712711,0.09276695699628892
ENSG00000283149,0.059540739254222,0.05430357910046517
ENSG00000145192,0.32598069732053503,0.4331662483430536
ENSG00000090512,0.136673692481404,0.22588218917334027
ENSG00000067560,0.7996463840161925,0.9531646123943254
ENSG00000177646,0.8241489999893066,0.8542914346198215
ENSG00000172780,0.04804652181538528,0.04439034779324135
ENSG00000261796,0.8759259445812831,0.8982030657746014
ENSG00000240682,0.8176854610814328,0.8703395936398667
ENSG00000172215,0.6272942655741308,0.8097172922998167
ENSG00000184500,0.3618374572330223,0.31617277278604095
ENSG00000178750,0.514035548436973,0.5924765289604187
ENSG00000178700,0.9592282461909385,0.8805226468311684
ENSG00000178694,0.2930456188851993,0.2009186858354322
ENSG00000169379,0.6421732119985756,0.6701498343268879
ENSG00000114812,0.5647378765924556,0.4434954104948018
ENSG00000093183,0.19431438370378573,0.23365176242992938
ENSG00000008324,0.08086078673544059,0.07469148691487944
ENSG00000181061,0.8675598964240813,0.8934280295836268
ENSG00000144648,0.14429566004641853,0.23274927398370196
ENSG00000114853,0.09150742095296442,0.08588321480592917
ENSG00000041880,0.3945970997883139,0.49918891232622986
ENSG00000186448,0.6682440620136454,0.5705099353104286
ENSG00000169981,0.7370617472509902,0.5066898529464321
ENSG00000131375,0.3768186328889591,0.3639412883388523
ENSG00000131370,0.736122910172061,0.6378623041558371
ENSG00000206562,0.7270063928873679,0.7100453078611091
ENSG00000144597,0.18484467522591752,0.11927880023233292
ENSG00000131373,0.4989654981393917,0.6438135354901572
ENSG00000012171,0.013787829516240266,0.007366043981746149
ENSG00000186792,0.07786444343181999,0.06224987896730429
ENSG00000243477,0.6267267773010701,0.8906299038055155
ENSG00000090520,0.08899228168650873,0.06731391587348722
ENSG00000154743,0.982373384544472,0.711055629785039
ENSG00000164050,0.7470426241722044,0.5694243426947001
ENSG00000164051,0.006819980777700911,0.008947001996963369
ENSG00000232112,0.012369095409947385,0.008782970047301174
ENSG00000213689,0.18826328188683103,0.26890285954063003
ENSG00000114268,0.13056182002076844,0.16809072032938943
ENSG00000145040,0.6526975410632225,0.9008582978464121
ENSG00000010256,0.4856520693867963,0.497914344235454
ENSG00000225697,0.23696741615069059,0.208296295849545
ENSG00000213672,0.33862979146778904,0.365675555137303
ENSG00000068745,0.3786967110194519,0.6433729329666507
ENSG00000114270,0.6585688357641593,0.8071666270217301
ENSG00000075975,0.8102841578055987,0.8809072433761175
ENSG00000172667,0.6489423376722984,0.6368059319124655
ENSG00000121879,0.5335384717274521,0.6845712170415651
ENSG00000241553,0.7639658494103077,0.6394274416881958
ENSG00000163964,0.17698064267780697,0.22729251469030395
ENSG00000197763,0.5384924216170612,0.5355286895528153
ENSG00000114779,0.2521781005052088,0.16435124199732026
ENSG00000163918,0.03206331517589213,0.039646881191886606
ENSG00000180044,0.5544624113262524,0.4225481417227096
ENSG00000144681,0.361565202855891,0.2084101077587628
ENSG00000010319,0.13435600764800373,0.12768091614162672
ENSG00000114854,0.03937226899682145,0.03044606764005342
ENSG00000010322,0.8271525472273693,0.7803059396401746
ENSG00000076201,0.18914620665872864,0.19292825841052866
ENSG00000163832,0.5919352726870973,0.5809609114856982
ENSG00000114646,0.6262736912153886,0.653466058690717
ENSG00000174891,0.10081237833159232,0.10679657817002994
ENSG00000113971,0.4270561258271418,0.5373107158858461
ENSG00000132153,0.3218859834828373,0.41046571015818045
ENSG00000164045,0.16022694494997217,0.1829491775997513
ENSG00000164047,0.8792759092008338,0.6328750436927475
ENSG00000164048,0.02308850848066844,0.05641688000646745
ENSG00000172113,0.7008025238485267,0.9057156533840637
ENSG00000164053,0.7482059918595437,0.8835893050987237
ENSG00000114554,0.3556900705225081,0.2938079478640808
ENSG00000120756,0.5503436237715525,0.6201903286653404
ENSG00000163710,0.7258756967441808,0.592374661910807
ENSG00000081307,0.9853897360416642,0.9314540618917881
ENSG00000163719,0.17240188236118578,0.12700805831526654
ENSG00000156983,0.5438789799827464,0.5197323016967104
ENSG00000011376,0.4834673253022057,0.45490786300375086
ENSG00000144791,0.23951151948374735,0.11014150581005981
ENSG00000163823,0.12770731969029403,0.10057498097016741
ENSG00000121807,0.47302722056871105,0.3772120378292523
ENSG00000121797,0.10468942022838551,0.0747647338966918
ENSG00000012223,0.2623890232905431,0.17804099897963235
ENSG00000163703,0.0482038404557018,0.04584679447448505
ENSG00000132170,0.575425633137699,0.5416032500582402
ENSG00000272886,0.5181699132229909,0.49166206390340106
ENSG00000016391,0.6466276400594744,0.5253458070016048
ENSG00000056736,0.8499957312053916,0.9760985642178915
ENSG00000113812,0.9761614835125895,0.8340272752078299
ENSG00000144554,0.742394530984471,0.9092868285987477
ENSG00000114491,0.3588826894294004,0.5752350927149867
ENSG00000082781,0.43064728684715103,0.41465808431004303
ENSG00000173702,0.10852881269339372,0.14370263232715694
ENSG00000136068,0.6174483843528455,0.5893384695187367
ENSG00000160145,0.08301514305482631,0.05130244573796415
ENSG00000051341,0.16589197011135648,0.21732747762793597
ENSG00000134077,0.533658498585127,0.5775299920066128
ENSG00000068028,0.8879291635218944,0.8898188032876853
ENSG00000053524,0.9446683648293179,0.9612924449579845
ENSG00000214706,0.15274916693843235,0.0994855360005843
ENSG00000152601,0.11305764146529337,0.22373416789106323
ENSG00000170044,0.09133766094420953,0.09801481992068259
ENSG00000171148,0.3155387686890126,0.36837977479340867
ENSG00000150995,0.32214746634565766,0.18772250307005028
ENSG00000154928,0.1669463211340118,0.20451105284784885
ENSG00000145012,0.3483141979194492,0.49396485962868286
ENSG00000145041,0.5396741484816096,0.4689941278452787
ENSG00000144857,0.9124094371798102,0.8713873416433329
ENSG00000177311,0.69042841172451,0.8424804238050861
ENSG00000164080,0.940026025947275,0.9127513128027097
ENSG00000163946,0.6832981140490424,0.8253384307539963
ENSG00000131389,0.2568782663655531,0.202180591472369
ENSG00000206560,0.8130442786593783,0.5553932060856184
ENSG00000163539,0.6560048628607837,0.6436384152338109
ENSG00000168386,0.2178530673923805,0.1948490742363126
ENSG00000181789,0.7038752714370942,0.813512084312113
ENSG00000183624,0.5258049227399118,0.6551500648342999
ENSG00000129071,0.8083814356075767,0.5444495322836935
ENSG00000004399,0.017046194935538512,0.02371018680795753
ENSG00000182923,0.9749165602924834,0.8583344418681274
ENSG00000088727,0.8577131901521947,0.7312638093700464
ENSG00000174946,0.7376090130193615,0.9024117911041897
ENSG00000174944,0.22270862022982793,0.18795712331682526
ENSG00000138271,0.47556826060384383,0.6123533581683764
ENSG00000181631,0.6383080116272085,0.4757659256356864
ENSG00000152580,0.07609934632501963,0.16953431137930822
ENSG00000160799,0.587744424735489,0.6766579280753802
ENSG00000179152,0.0782322313910539,0.1018152166727901
ENSG00000136527,0.06347492082684797,0.09089474051875124
ENSG00000118849,0.8535079173556696,0.8703466278806982
ENSG00000118855,0.768846032934333,0.661257279734797
ENSG00000151967,0.039292168968753566,0.017224797128536883
ENSG00000114861,0.025150273374312068,0.019715897958844392
ENSG00000175110,0.18447704080264393,0.21528517604482733
ENSG00000144895,0.24076131569662307,0.36170730390498895
ENSG00000136059,0.3163153293620214,0.22519322092732685
ENSG00000114686,0.2268279432751228,0.22566403290933768
ENSG00000073111,0.6118340841092418,0.6597479483627378
ENSG00000114631,0.43365934606218925,0.4983711172127123
ENSG00000114626,0.2028092290871123,0.10923828188104312
ENSG00000074416,0.1626229054585599,0.10569679082880926
ENSG00000180353,0.17412746122008566,0.20316335683887396
ENSG00000173226,0.7355015028373515,0.9008170880326141
ENSG00000145088,0.9999575142412124,0.9375251605549932
ENSG00000163406,0.9783936396458364,0.9770759425366669
ENSG00000065534,0.4971082894417179,0.5222471723311218
ENSG00000091527,0.7829944002230511,0.6737816372094827
ENSG00000163781,0.4498840983047424,0.5573282808968543
ENSG00000168779,0.16463041992626812,0.13613127411041231
ENSG00000187527,0.014044255483885541,0.0220534270646652
ENSG00000169855,0.3026230133950586,0.30884670808533765
ENSG00000196220,0.2931640530977322,0.3399535554627627
ENSG00000185219,0.48736254306682536,0.38760956440887706
ENSG00000114857,0.9416805097730612,0.9396107277954047
ENSG00000198843,0.2508627890994876,0.2318371407187483
ENSG00000155903,0.9895498669281491,0.6867877939668068
ENSG00000075651,0.3586977459573476,0.37798137111701935
ENSG00000113811,0.6475196968742674,0.5192812948461267
ENSG00000114650,0.8069411268593254,0.6265381526148441
ENSG00000164054,0.41287079719892394,0.4246031818140227
ENSG00000154781,0.5010640461555091,0.7329104176810483
ENSG00000010318,0.8530850870972939,0.9471007427425534
ENSG00000178252,0.6164690865175122,0.6338879605678311
ENSG00000163931,0.7942691890191755,0.9100139448081759
ENSG00000248487,0.8944838697168647,0.4972572247754895
ENSG00000163507,0.4423654835240113,0.3327091257140211
ENSG00000113851,0.8584223885819728,0.6553048559736065
ENSG00000197980,0.46484866566405025,0.6313396528551245
ENSG00000144843,0.13551731906570177,0.09166671102530742
ENSG00000163882,0.01711567783378089,0.01457806210784899
ENSG00000182973,0.9092742926132631,0.9626983832591104
ENSG00000173531,0.44829987610161814,0.5614645984045297
ENSG00000188958,0.7167235829196394,0.8153731708670306
ENSG00000144741,0.994061828667848,0.9246036991667833
ENSG00000181555,0.6523679409678727,0.6137590578873785
ENSG00000161204,0.8568316438733516,0.8788174698418452
ENSG00000168137,0.9953747527009849,0.8892155078753955
ENSG00000114770,0.0525352841819789,0.07848396325223109
ENSG00000161202,0.3653201726344504,0.4218038959682088
ENSG00000161203,0.3284964858840973,0.29107918856004195
ENSG00000184378,0.24717274381155882,0.31624501654761744
ENSG00000085274,0.03901989367612298,0.033048707339224104
ENSG00000008952,0.5897801618228863,0.5719389802763893
ENSG00000173890,0.07158272978792664,0.08231813642113191
ENSG00000164081,0.3402306779446007,0.20508287567306646
ENSG00000114503,0.10244840041587881,0.1830589938656895
ENSG00000270170,0.0918934032148753,0.1537148983669936
ENSG00000119227,0.45135770030261535,0.6373716333072105
ENSG00000196428,0.9780447169709803,0.897330060610781
ENSG00000182983,0.876400154510822,0.6889805746052126
ENSG00000163788,0.10155569160240852,0.0594816286531488
ENSG00000196639,0.18308485171741795,0.20357966287385862
ENSG00000197548,0.8589192241042831,0.9312197566905381
ENSG00000144560,0.7272375449996606,0.7072405040612004
ENSG00000077092,0.5701642524469364,0.42086008176474
ENSG00000174173,0.7437765853461418,0.9771149009743803
ENSG00000133657,0.23615569421148447,0.30127860475830165
ENSG00000187492,0.5111269533150733,0.2776354107040686
ENSG00000185614,0.5285986765332402,0.6015397031977167
ENSG00000182179,0.4684854985577095,0.44731323652635646
ENSG00000183763,0.26224516688023897,0.21314966669959887
ENSG00000164078,0.199884676833091,0.3120537031804856
ENSG00000164077,0.4030941599038661,0.3257600765047695
ENSG00000004534,0.3754585685654378,0.5527626817263178
ENSG00000003756,0.9703496805646115,0.7133620643161825
ENSG00000114013,0.34087076533809424,0.36818679414274524
ENSG00000121552,0.049043344191017614,0.052338009965474955
ENSG00000160124,0.1792691467868501,0.19928904776309186
ENSG00000114023,0.03411874147694689,0.04489357031408731
ENSG00000196981,0.7784208736870064,0.5891822856522199
ENSG00000114030,0.4158343724515996,0.42307812393383826
ENSG00000138496,0.8743215106688933,0.6527388099127944
ENSG00000163840,0.32610491838039857,0.23010604808675897
ENSG00000173200,0.747358866755726,0.5159694472540266
ENSG00000125037,0.1846303415838746,0.20462732695131416
ENSG00000144867,0.10197661681719282,0.050212272457208544
ENSG00000057019,0.11590362449327618,0.13743243629832813
ENSG00000064225,0.08435941935861963,0.06540449111171094
ENSG00000163820,0.5582424998539925,0.45238383860969134
ENSG00000158234,0.11101220284372607,0.11467762351512953
ENSG00000151276,0.9693805694741884,0.8315784103523277
ENSG00000144559,0.6184937366577574,0.6515430172035022
ENSG00000033867,0.5269252877085143,0.6890973827035138
ENSG00000163689,0.19186381693986826,0.11006889555197603
ENSG00000114656,0.9706447834631813,0.8906263462585571
ENSG00000160791,0.9889568163893815,0.8105739640893606
ENSG00000170364,0.4207167674077096,0.4571725801264165
ENSG00000145022,0.41783240559155743,0.39403399861841415
ENSG00000070087,0.3143115228506393,0.3700503218354724
ENSG00000171121,0.4685054533563834,0.6104405835652165
ENSG00000196542,0.042772963103211256,0.0384244147333617
ENSG00000156990,0.6105803008621697,0.4320060227033059
ENSG00000177463,0.35960423098466743,0.2704973240315879
ENSG00000132182,0.6006811345877345,0.6579432550998721
ENSG00000163517,0.13760782658093915,0.12806988850012954
ENSG00000163520,0.15534457128692059,0.19459050930160415
ENSG00000114473,0.6780849849913491,0.8773502823073394
ENSG00000182899,0.017643521595309505,0.03146630032364697
ENSG00000185621,0.6428940772705891,0.7320784730621155
ENSG00000114745,0.8762347700562365,0.5983795232167013
ENSG00000119231,0.32202933163214364,0.4067614362190084
ENSG00000163975,0.9604073973116534,0.8759188153631808
ENSG00000075711,0.9044351412071422,0.9385228406642288
ENSG00000131374,0.37054091214911355,0.31665449981783916
ENSG00000134086,0.7551155712633967,0.5039002156067707
ENSG00000157036,0.7601790971974808,0.7842377086450266
ENSG00000179348,0.09702718648830358,0.09547949873341183
ENSG00000163702,0.21568097528990146,0.15916797628662677
ENSG00000173402,0.6820530485573242,0.8260015856686687
ENSG00000163933,0.707607526988501,0.44240712796214876
ENSG00000163932,0.10514579640515977,0.07988373096721856
ENSG00000144659,0.4849016537639813,0.36755775419368963
ENSG00000144655,0.0012785129309033929,0.0007966233134900961
ENSG00000131386,0.9503081937468209,0.8913537247047502
ENSG00000154813,0.7872490969376458,0.7853234653304271
ENSG00000154814,0.29359289202386674,0.22637509428560965
ENSG00000114120,0.2631971700553727,0.4416046146039686
ENSG00000163913,0.8132436561778623,0.6314316610052984
ENSG00000168032,0.08208312509229075,0.08705809368924718
ENSG00000188846,0.7963913364645951,0.6260492227377372
ENSG00000177873,0.9091478151788185,0.8377153437531514
ENSG00000177842,0.34176731831220525,0.23102025563730544
ENSG00000172888,0.9198527607861665,0.8113220295803791
ENSG00000168036,0.6282035029793119,0.6992706480634301
ENSG00000168038,0.9020030779860146,0.5885711221700126
ENSG00000182606,0.774941007355548,0.9186589355436467
ENSG00000080200,0.7366721065445778,0.6426375613906665
ENSG00000170854,0.4113739508598968,0.5324795441326515
ENSG00000163527,0.30184339378941555,0.2521453638176659
ENSG00000144645,0.45787158120327576,0.39541893122838234
ENSG00000152642,0.6877879865696926,0.6055904109280362
ENSG00000163606,0.35835054198157235,0.5025147924774338
ENSG00000163607,0.4286383932195347,0.45982269954196986
ENSG00000163608,0.871355327865432,0.6375460294511082
ENSG00000184307,0.8079638255488039,0.6420183766592373
ENSG00000163617,0.357372519385983,0.15719567699238274
ENSG00000151576,0.9039725238525513,0.8119639066064377
ENSG00000172765,0.3297939774676572,0.32146772013281755
ENSG00000170893,0.6854503231566345,0.6624941945129614
ENSG00000144935,0.33529684003452037,0.3927642756706661
ENSG00000168028,0.23126520416420104,0.15451230830137436
ENSG00000061938,0.9319355388056573,0.7313083815278254
ENSG00000072274,0.06985823233826527,0.11904954853727975
ENSG00000178053,0.9260361351635868,0.9623859051611404
ENSG00000168827,0.02758223256731159,0.02457898761878227
ENSG00000079257,0.5362561805268731,0.4482981767252988
ENSG00000072756,0.9553219377841401,0.9567987986591229
ENSG00000169814,0.011630564824302934,0.011361149172591754
ENSG00000131381,0.18650216682748663,0.17510778426425683
ENSG00000163728,0.7426289537795603,0.944642121463751
ENSG00000284862,0.926010915290227,0.7500951480929398
ENSG00000205981,0.029352299212669918,0.02693044788886408
ENSG00000114416,0.35161160558680216,0.3420325760792105
ENSG00000114455,0.24419407484498556,0.37663172650369536
ENSG00000066405,0.014875769964145927,0.0029619103216186704
ENSG00000158163,0.8616109158109307,0.8135236343126405
ENSG00000138231,0.37331999642837677,0.6145759052261928
ENSG00000114098,0.9990751186721334,0.9514920942237367
ENSG00000071282,0.09627161392088507,0.11454322656504504
ENSG00000077097,0.8959218254017924,0.812410067766867
ENSG00000172936,0.962929803417238,0.9033033067696107
ENSG00000173230,0.5514700617807193,0.43480930664029793
ENSG00000163818,0.7969291466124995,0.6441966545473969
ENSG00000157014,0.6849426143743791,0.5608816101549627
ENSG00000058262,0.6900919050531458,0.7316636226504105
ENSG00000132155,0.885450631610372,0.7668044277574395
ENSG00000121542,0.9004398726245135,0.887406817531827
ENSG00000173175,0.5529060112417535,0.3651914501285435
ENSG00000090539,0.8660746068085265,0.8953102524395975
ENSG00000182568,0.5523545252269786,0.7277792621424212
ENSG00000163848,0.7598213327814385,0.6025506724263536
ENSG00000168811,0.8671648078368626,0.8317478988123831
ENSG00000173950,0.04806907542236029,0.07570637178812199
ENSG00000114331,0.15811210422385724,0.2717701258053464
ENSG00000184203,0.19761174012109003,0.3159162583979919
ENSG00000189058,0.06118923869361252,0.04752046416859083
ENSG00000113966,0.5744848105354043,0.5370229350734772
ENSG00000073711,0.32212573486694424,0.5473372945718717
ENSG00000114054,0.1901661403956238,0.17252313989469908
ENSG00000174579,0.7801809470536143,0.9662754691503153
ENSG00000163508,0.5082594220100001,0.5576462039984464
ENSG00000131368,0.2583934958541604,0.22203037406307385
ENSG00000173706,0.13038196679536304,0.08439928917945883
ENSG00000283154,0.5657171034994923,0.7007931729770918
ENSG00000163938,0.0716017865059236,0.05487678030209035
ENSG00000016864,0.8501145817968918,0.6161567290758191
ENSG00000114902,0.4929806429304546,0.31609206390234773
ENSG00000114904,0.7170611509780831,0.8603109614370126
ENSG00000272573,0.4145615634950125,0.30859481389003174
ENSG00000213533,0.6297829080670151,0.7737218607561118
ENSG00000214021,0.9769779814246533,0.6801052440069284
ENSG00000176542,0.7341757081525455,0.983240448375631
ENSG00000121579,0.8982951146145989,0.8529718583073311
ENSG00000178075,0.902053457275476,0.8224788294833838
ENSG00000178035,0.3640629789056886,0.29196995918120267
ENSG00000198218,0.5505285145264673,0.43762472904057725
ENSG00000240747,0.7538969120048369,0.9594604651921608
ENSG00000066422,0.9132058693985095,0.9220855046309079
ENSG00000233276,0.7546874070749883,0.9584821213539062
ENSG00000177565,0.5714533594503115,0.5690386298613854
ENSG00000176945,0.9036871999332328,0.6997694146998998
ENSG00000145113,0.7181982648393765,0.504141531134906
ENSG00000169760,0.5507438727824465,0.8292809584670398
ENSG00000114115,0.9721731529959293,0.7981489474782335
ENSG00000163864,0.4784683650223649,0.6048390516307615
ENSG00000184897,0.7681969207494334,0.6365819987482102
ENSG00000172046,0.8580618193664094,0.7286984013591663
ENSG00000187098,0.35084046157771487,0.3456543603647698
ENSG00000014257,0.5639148256862777,0.8455506868793562
ENSG00000144802,0.6474122981824242,0.6042721191552477
ENSG00000114391,0.4536310029596201,0.4771528638824739
ENSG00000144815,0.5695188416773755,0.4881657373850372
ENSG00000047849,0.5219255590771024,0.4475385780582273
ENSG00000174840,0.9508972828202374,0.9350039273278268
ENSG00000168374,0.8090534107908178,0.5358370904005095
ENSG00000174839,0.6478898469080394,0.4109601426316435
ENSG00000196653,0.2911072873675327,0.4342813864470755
ENSG00000163807,0.890593110934229,0.735553038608525
ENSG00000163808,0.8326037428010457,0.784467833382873
ENSG00000169964,0.4458698632100807,0.363768698707844
ENSG00000075914,0.16520106805000664,0.19908087817599562
ENSG00000163815,0.06716183487338008,0.03511570314232875
ENSG00000132164,0.8258486336529105,0.8570729984260148
ENSG00000185008,0.8904327491811412,0.9580962990503904
ENSG00000163812,0.6842945834079395,0.7953459797140987
ENSG00000182504,0.4304570138390301,0.5930145775107488
ENSG00000114439,0.3940021207815856,0.35541285335294837
ENSG00000196776,0.07381853614367527,0.136744427713295
ENSG00000114279,0.2512009477492016,0.2881223437972239
ENSG00000144674,0.9704431662923705,0.939403019395449
ENSG00000114302,0.8519296929236566,0.7924818770422902
ENSG00000152952,0.6728322099966015,0.6339745685875906
ENSG00000173578,0.26222945583214685,0.34370080327212227
ENSG00000211456,0.7879385325512793,0.6938963084927146
ENSG00000114573,0.31120971912265266,0.2767036601251352
ENSG00000163681,0.30354717361518146,0.25677089987928725
ENSG00000144647,0.8753249460451963,0.9587592047682361
ENSG00000196083,0.9566780662126028,0.8800663114972728
ENSG00000114784,0.6510951455884744,0.5075416065105134
ENSG00000153767,0.4568153625193596,0.574706658414006
ENSG00000163558,0.4984376318703696,0.5629376297240594
ENSG00000136603,0.43545353790334507,0.2980322512726531
ENSG00000013297,0.9673457146045822,0.9638271018917485
ENSG00000010327,0.6173493429388145,0.645965669903267
ENSG00000168268,0.9272523411455483,0.9056291239935338
ENSG00000168273,0.22322934681419837,0.2189433032753118
ENSG00000163939,0.798440814550406,0.5796967817065707
ENSG00000114026,0.41121916026438454,0.3562847638266734
ENSG00000122068,0.7211582408788817,0.5885249510447432
ENSG00000145016,0.5957671672725925,0.4157524424980945
ENSG00000058063,0.24967108051331,0.3151004751217788
ENSG00000043093,0.2899773695564044,0.31572087286700157
ENSG00000078070,0.2735859394729405,0.26592392701329265
ENSG00000078081,0.38118566156113975,0.23059869465884583
ENSG00000144712,0.12469493648558369,0.1975757318741218
ENSG00000144711,0.06714774340037877,0.04901653904282335
ENSG00000154175,0.16742217820352795,0.1455245466955027
ENSG00000163704,0.7816483345203091,0.8460295935869803
ENSG00000174776,0.6584067347288487,0.7019279103142293
ENSG00000198888,0.8406483701676214,0.8622794188518048
ENSG00000198763,0.26093304198563816,0.14922338906030788
ENSG00000198804,0.7435383630191439,0.8715061145544567
ENSG00000198712,0.12063683251498343,0.07553091610126805
ENSG00000228253,0.10850673473264863,0.07251921037262468
ENSG00000198899,0.1338947968030686,0.09544415716703415
ENSG00000198938,0.24077775222578107,0.20717742376515466
ENSG00000198840,0.0725102111241283,0.03199598280596019
ENSG00000212907,0.4289105713578437,0.3525062057630307
ENSG00000198886,0.1569614086173408,0.11904028054621561
ENSG00000198786,0.7731559647120252,0.9466801821420041
ENSG00000198695,0.7181602421463794,0.9798834004829936
ENSG00000198727,0.18542117848666032,0.14437213114691433
