Gene,cox_p_staged_patients,cox_p_stage_strata
ENSG00000198692,0.045838471591804736,0.06816624850037001
ENSG00000012817,0.05059199029738349,0.07268434227102735
ENSG00000129824,0.04954605318178091,0.04924172854626973
ENSG00000067646,0.045238345346592664,0.06375912134198068
ENSG00000067048,0.04986572063807374,0.06764677588390015
ENSG00000183878,0.043420936875869204,0.061435926397466895
ENSG00000154620,0.13061994804982457,0.1316560055701006
ENSG00000089012,0.39406487518475286,0.781867154401682
ENSG00000171984,0.5778091143914574,0.5186789766170048
ENSG00000125827,0.6436621090641357,0.6893195548957765
ENSG00000149346,0.22142350338809302,0.180634216835857
ENSG00000125845,0.015627511562755318,0.04417463742721616
ENSG00000125898,0.6103157751491202,0.8697864659139694
ENSG00000132640,0.12678325105747446,0.27418815059659984
ENSG00000089063,0.32932606320649277,0.27525312969159343
ENSG00000088876,0.03319774246966856,0.09737016225559394
ENSG00000101230,0.4986638997069537,0.20579997900227584
ENSG00000284776,0.11063548300933704,0.12564859416713714
ENSG00000101463,0.5400282520873558,0.26524812103391926
ENSG00000088930,0.05185701707601742,0.11728394091503608
ENSG00000125870,0.305403295667283,0.23564237285331266
ENSG00000077984,0.6923525101869639,0.7569612286416876
ENSG00000101474,0.20079856146957084,0.30742407990775955
ENSG00000125864,0.35666022885720094,0.5189593532970214
ENSG00000170369,0.025807513119760157,0.001247166562191319
ENSG00000125868,0.4230609598056774,0.5369247774727102
ENSG00000125834,0.26799540445300496,0.3129280035061297
ENSG00000198646,0.08518676986431602,0.11331076646991046
ENSG00000172296,0.09452438984881673,0.4285678470806802
ENSG00000131069,0.010142253681151042,0.07226321610084718
ENSG00000078804,0.3942028491407118,0.5593126449898265
ENSG00000101384,0.15905286240614855,0.37276170171999423
ENSG00000089057,0.42651418710660194,0.793895003411402
ENSG00000089123,0.01841597038902744,0.046342203610763674
ENSG00000132792,0.2078508504907201,0.16168844740512645
ENSG00000149639,0.5247820025045982,0.7389462830968005
ENSG00000101445,0.21534943446681512,0.6163966782658231
ENSG00000149633,0.7681592979097123,0.8894046176442921
ENSG00000101452,0.03796939837533603,0.07238533358408931
ENSG00000124191,0.027271245379251227,0.2782176105080187
ENSG00000064655,0.749512709997826,0.46255684282351317
ENSG00000062598,0.36965747265656823,0.41069653050233346
ENSG00000198959,0.2536801544632272,0.357350648430811
ENSG00000158480,0.0052067479229214765,0.009920550424635775
ENSG00000101447,0.8276662445393085,0.9159151728079823
ENSG00000197496,0.26592105013137207,0.06400322952611602
ENSG00000124226,0.0034248065236876855,0.017740984005820703
ENSG00000080189,0.07554536349218705,0.040337669739727716
ENSG00000088298,0.0990534873043651,0.03346415839618612
ENSG00000124151,0.03483511207499826,0.07978788577979738
ENSG00000124126,0.04240809163561209,0.1249009229114925
ENSG00000124212,0.038852242289082864,0.012921922451857106
ENSG00000182621,0.7002831449281464,0.620366646364475
ENSG00000054793,0.009798210909931339,0.03506316887155389
ENSG00000125970,0.26684736691311356,0.14822423602325935
ENSG00000124216,0.7644781085823759,0.6863132022941903
ENSG00000101194,0.12419303028692097,0.2477972220607857
ENSG00000132825,0.04883388317812692,0.11020342052572363
ENSG00000101132,0.7411870017127715,0.5256023806495496
ENSG00000101182,0.03249680627761852,0.07208491170382561
ENSG00000197586,0.037952964292639495,0.1750181739349998
ENSG00000130701,0.4333290891371797,0.2563407375672106
ENSG00000101439,0.5322092645408679,0.6169007230441543
ENSG00000101193,0.02270151701437202,0.05569260504468724
ENSG00000124225,0.490810420178202,0.533935545236166
ENSG00000101365,0.18147303628682313,0.19804739756738146
ENSG00000124164,0.07159160596744435,0.07121570320948978
ENSG00000182463,0.35909027042899144,0.09463359338058841
ENSG00000132821,0.5578014752754537,0.6938025223325894
ENSG00000125977,0.017379842699561717,0.032490137610975495
ENSG00000203883,0.10268672587372504,0.02575396908568144
ENSG00000154930,0.1768645507773461,0.32194145679044883
ENSG00000101134,0.30584769438499015,0.09584321730141994
ENSG00000158470,0.0611994056976182,0.11666898466052221
ENSG00000020256,0.004524222804494589,0.031926220882076806
ENSG00000101115,0.16696123624668036,0.2757597513603052
ENSG00000101144,0.8240237194402125,0.5499313949120723
ENSG00000101407,0.022710661683264344,0.03216584524863403
ENSG00000101079,0.10339245544119448,0.1053844856937901
ENSG00000171858,0.015848095731145907,0.031091996018893814
ENSG00000087510,0.4925618182130729,0.6837109855839176
ENSG00000184402,0.006768273516339634,0.017834421970268646
ENSG00000101361,0.1769521749643257,0.24209710781591184
ENSG00000101096,0.04415370060169161,0.13225835378783024
ENSG00000130702,0.687206754723642,0.5836571861320288
ENSG00000149657,0.033316121210034695,0.11434937411619088
ENSG00000087495,0.020585806557962025,0.0374209750381644
ENSG00000171703,0.3714544056004796,0.1767222759559743
ENSG00000196227,0.015020916323540105,0.055801603671848485
ENSG00000080839,0.022238118139848346,0.021017653441242155
ENSG00000124209,0.2548369843830907,0.29231150009754187
ENSG00000124205,0.12064419904761488,0.04939139848332975
ENSG00000101413,0.01911404864836748,0.05001242691432742
ENSG00000130706,0.1829274974824309,0.20813342211138763
ENSG00000025293,0.00834998096310325,0.051084634673719244
ENSG00000131067,0.21704468455356238,0.12825286925280954
ENSG00000124145,0.36199944428303044,0.40888820999584985
ENSG00000204070,0.06796088138041616,0.13505597760470336
ENSG00000124222,0.10225638530233783,0.10248140706958835
ENSG00000215440,0.033215744364481964,0.06219879776306657
ENSG00000101158,0.06899319607319873,0.11001843272374567
ENSG00000124172,0.31726472221063884,0.24967333985928516
ENSG00000101166,0.0025487818612881536,0.0062527879263809824
ENSG00000244462,0.010633677059881868,0.05076175715884214
ENSG00000197296,0.00451017776979547,0.016152018588076075
ENSG00000124120,0.09211225898164457,0.12662037321646835
ENSG00000132824,0.06055851043404476,0.11202830807632039
ENSG00000168734,0.7560568618782517,0.41237638926670683
ENSG00000101342,0.0975812206651493,0.04516282386738964
ENSG00000132823,0.0013283752913910082,0.011347124195966509
ENSG00000149596,0.07409318360973108,0.02530754556324083
ENSG00000124193,0.06031613950168214,0.027954272335671743
ENSG00000101052,0.15444456047121155,0.213011133926727
ENSG00000101057,0.46870462685282255,0.27005894556189586
ENSG00000101307,0.16273917772434263,0.39429144656755066
ENSG00000271303,0.1564277886938677,0.2565421088287288
ENSG00000125821,0.45356832527733093,0.21412904678145223
ENSG00000130703,0.022888952888112817,0.06355713164074803
ENSG00000101074,0.11779439324016246,0.2124510860222249
ENSG00000149658,0.045984642225239666,0.07362924287331193
ENSG00000101197,0.3222799403621236,0.2701221208160536
ENSG00000101199,0.02052223279285877,0.09943549955001027
ENSG00000125863,0.15352289288789492,0.28412278199125796
ENSG00000285508,0.4189935647732823,0.3001350218402042
ENSG00000285723,0.3207504547032856,0.3084127113973711
ENSG00000125534,0.8265277017065131,0.5179090974692409
ENSG00000101213,0.42044830131042377,0.4433501750788963
ENSG00000125531,0.18535484195011795,0.1391976613308166
ENSG00000088356,0.07507349392704213,0.11887483520586244
ENSG00000101331,0.6033447204450975,0.3110487074585296
ENSG00000126003,0.00305186973277892,0.009464756146528927
ENSG00000101367,0.09944783903816296,0.07440092522923958
ENSG00000101000,0.23555395547821575,0.01923824639498166
ENSG00000126005,0.6511094026120424,0.12115315710613624
ENSG00000125966,0.7107300185785846,0.8957958829220931
ENSG00000198053,0.19745543150982056,0.2805052683838241
ENSG00000149636,0.06333610112224747,0.0622307192483274
ENSG00000130584,0.8659434187228237,0.5596652141304055
ENSG00000197818,0.021704045350280258,0.04187630594559207
ENSG00000101335,0.06278735308967524,0.03514366108681579
ENSG00000118707,0.012699001860307443,0.03884650887539861
ENSG00000259399,0.004256477243942633,0.04215424307029408
ENSG00000101082,0.29466899645226624,0.7669665874078428
ENSG00000125901,0.6835702599703974,0.3788810047118235
ENSG00000185019,0.4044667826843227,0.35890596119616924
ENSG00000198171,0.23812862221354428,0.31549914191371814
ENSG00000125877,0.7376142256287369,0.5879320835061115
ENSG00000125968,0.22237691506825996,0.06328291915215942
ENSG00000131055,0.09560510045776956,0.020758464130570094
ENSG00000088325,0.08634930759644235,0.1007866034519583
ENSG00000179772,0.23288911837302048,0.06465700449925492
ENSG00000171552,0.1895669958054236,0.26786372228404143
ENSG00000088970,0.7017658410097602,0.6236150648011491
ENSG00000125850,0.22298467551027173,0.5115522189905749
ENSG00000125871,0.19933093868417942,0.1691689520829546
ENSG00000232838,0.20501721904966952,0.1467540658797424
ENSG00000125869,0.1688422395220725,0.0701761424591132
ENSG00000125818,0.6804943481816569,0.6492370526434139
ENSG00000101298,0.2828722527836406,0.6840419783616163
ENSG00000125775,0.3873360654655742,0.4392787349382369
ENSG00000196209,0.9625010880143031,0.5492531990942066
ENSG00000124104,0.05913507135620557,0.04776540183752804
ENSG00000132801,0.018073591688555046,0.015704901274681236
ENSG00000100979,0.890134472894648,0.5896742051398272
ENSG00000100982,0.641621019463273,0.2704895970321452
ENSG00000198026,0.27992698588316145,0.1851162484725643
ENSG00000100985,0.9340127970172251,0.2600726151868789
ENSG00000088832,0.3098615241806361,0.4111136720878198
ENSG00000088836,0.724422945673135,0.9324575378044131
ENSG00000125967,0.32553243696242,0.17585611222402558
ENSG00000101412,0.21300458309355086,0.07540672362515818
ENSG00000101417,0.052885774808503684,0.06461409164054487
ENSG00000101421,0.4380744987628101,0.18570661260953322
ENSG00000242372,0.08280764048709477,0.026112244607212034
ENSG00000132646,0.18212351363714133,0.15222295089763815
ENSG00000101290,0.2103389563078106,0.4843913809058339
ENSG00000089006,0.010747630804404109,0.03333244816250216
ENSG00000149600,0.4075995550864241,0.18824125695631136
ENSG00000101160,0.19789723241169196,0.5875627035676962
ENSG00000198900,0.13906374451769996,0.1701810132097267
ENSG00000171867,0.6790130004658861,0.6509918288811358
ENSG00000101265,0.3487412630791418,0.8581717445678971
ENSG00000244005,0.025106265199450886,0.048312270386002075
ENSG00000125995,0.6536378240441674,0.23421380476694872
ENSG00000131051,0.09256234696935536,0.34088911929417365
ENSG00000214078,0.4128279869569881,0.3688295335852818
ENSG00000185052,0.6376728806225702,0.8740795817550612
ENSG00000204103,0.8190146419993589,0.2948143871763299
ENSG00000132793,0.0208450553659455,0.023305029320214766
ENSG00000124177,0.06570729636289319,0.10501308712025073
ENSG00000124107,0.4731175910149997,0.6193344575346854
ENSG00000101443,0.015007318582090262,0.012778507303290927
ENSG00000101457,0.25488975524538676,0.20625211113125916
ENSG00000175063,0.7383757234279091,0.4332608821337024
ENSG00000101470,0.4929936107845291,0.18092759233429836
ENSG00000168612,0.004865431838591821,0.0022031081953810196
ENSG00000124207,0.009092202773612664,0.030525899287029
ENSG00000124214,0.025178524476215963,0.05550547304121429
ENSG00000101187,0.5221048407711517,0.6454226227132329
ENSG00000101189,0.12373514208282742,0.1214581095471812
ENSG00000060491,0.2794077187333654,0.37055763927942964
ENSG00000092758,0.8510940735092745,0.8145815641489782
ENSG00000101190,0.11861004984867504,0.24185008708586347
ENSG00000101191,0.002106099185534835,0.006161594145705719
ENSG00000132622,0.8584267269143449,0.36831724470730254
ENSG00000101220,0.9699283463068736,0.7614773204217025
ENSG00000125817,0.8697498775707218,0.6975507735468518
ENSG00000125843,0.06262428119924049,0.09782222567916933
ENSG00000088888,0.08249994202684757,0.15296102038122789
ENSG00000088367,0.4168825585125576,0.25825984135873326
ENSG00000131043,0.0408425025479562,0.052356973441966194
ENSG00000196476,0.12387725709575241,0.0986678578550927
ENSG00000247315,0.49768147749826375,0.47517261516127607
ENSG00000125841,0.16876713281452113,0.29193296585539846
ENSG00000125875,0.5724077321551326,0.5715271590482512
ENSG00000101266,0.07670796261287768,0.14201341344066176
ENSG00000101276,0.31280537373259326,0.4445197174952755
ENSG00000124198,0.0031554990531763518,0.010144985704341785
ENSG00000124098,0.28241055293595924,0.24926549333537731
ENSG00000087586,0.03492735570250646,0.05779157434090112
ENSG00000101138,0.016627137449752253,0.05498680457113356
ENSG00000022277,0.04451117832605705,0.061572378305461965
ENSG00000101247,0.06836240340133548,0.1272611579880456
ENSG00000124201,0.07900630776362606,0.28612832979958414
ENSG00000124171,0.16854497269412608,0.062493508585294975
ENSG00000124217,0.0071127730001079945,0.00592864364476051
ENSG00000173418,0.19614340332746205,0.12156575188929152
ENSG00000101343,0.03614949158865082,0.06029332271631591
ENSG00000132669,0.0299792871291354,0.1493280424224191
ENSG00000101236,0.3073187683576235,0.8187328349839189
ENSG00000088833,0.9311411629991502,0.821241955531645
ENSG00000171222,0.711828005616463,0.22656375617838956
ENSG00000101336,0.27045153380879644,0.9038527338584346
ENSG00000124228,0.0333499223625658,0.04046200889046204
ENSG00000101181,0.029310569375478355,0.0691316724092544
ENSG00000101224,0.3721325050962556,0.5036583679017016
ENSG00000177732,0.5516866064091932,0.5814984759523694
ENSG00000170373,0.17491294941067165,0.0156507650731818
ENSG00000101441,0.29879665354513024,0.14021555395042376
ENSG00000171940,0.09450725691078184,0.17685944310703092
ENSG00000088854,0.21062824960361562,0.0751035265032771
ENSG00000124257,0.0001996029905272614,0.0003377411760198106
ENSG00000125779,0.23217006404261079,0.3663840315771496
ENSG00000089048,0.03051465640258871,0.06529484265819263
ENSG00000000419,0.02254807674323543,0.036368057396938595
ENSG00000026559,0.9770619129794272,0.6839616764274155
ENSG00000124160,0.10714329251315684,0.21685571119733185
ENSG00000101347,0.10911289758811839,0.4292170551321971
ENSG00000101216,0.18566662364891362,0.21782553915929725
ENSG00000197457,0.3776151720524714,0.17054702721189074
ENSG00000243509,0.4546428820422038,0.5566319346065541
ENSG00000101246,0.0937150829549128,0.20645244775265337
ENSG00000197114,0.3102195915391117,0.27191117492722017
ENSG00000125520,0.7417962247067399,0.36174293926400003
ENSG00000088882,0.7211423442885194,0.9351720625651454
ENSG00000132635,0.18859710612339886,0.1329063353961203
ENSG00000215305,0.3120376642465657,0.4390317670265341
ENSG00000101363,0.4943030446837583,0.3634283026386813
ENSG00000124243,0.9637278196889318,0.7940787429574955
ENSG00000149634,0.00011990910937633897,0.00043016225904923507
ENSG00000244274,0.17362590780293066,0.37584526040282185
ENSG00000196421,0.011459255692557936,0.0176821039032695
ENSG00000101255,0.18531981186787683,0.27341287539879605
ENSG00000125508,0.05294302846976545,0.11598008025401477
ENSG00000149599,0.3429759579507032,0.12083989149010033
ENSG00000174306,0.2305041735121906,0.19402814680421718
ENSG00000080845,0.555587272589275,0.6536654006665605
ENSG00000088899,0.446896091073684,0.5990925502295346
ENSG00000125895,0.3137308208012727,0.06481262499876063
ENSG00000132670,0.28213197781099913,0.4272144443445808
ENSG00000078699,0.03472666061777017,0.05993215155908358
ENSG00000087460,0.6869610293605282,0.43485401231521426
ENSG00000124181,0.17562108327905368,0.17237847157472463
ENSG00000124208,0.22289945294823207,0.27496682726154575
ENSG00000240849,0.021846860092440246,0.2614864340734976
ENSG00000172216,0.8692775667157302,0.8918201643287061
ENSG00000196396,0.08024050268524763,0.13924237516374402
ENSG00000197122,0.01723736662518421,0.08395139797715116
ENSG00000132661,0.18356839954411797,0.22972304927462553
ENSG00000125812,0.15659946284418846,0.34202563912620026
ENSG00000125814,0.3557465678160292,0.4531620498488601
ENSG00000101333,0.07089398462707565,0.1452021006912988
ENSG00000132623,0.06870890625280736,0.05973379885186052
ENSG00000158296,0.4721642951794437,0.6648804886610692
ENSG00000188559,0.014749414780764756,0.0492039620742406
ENSG00000125991,0.8787813199866784,0.4440390448920355
ENSG00000101084,0.2771260637373173,0.23242889234111472
ENSG00000244687,0.1200201881286131,0.06598214122262018
ENSG00000149451,0.6429465270607443,0.48914033728030293
ENSG00000124140,0.8060910047602066,0.6150369314403243
ENSG00000125844,0.348660707472236,0.3260415147642605
ENSG00000101049,0.011149393020211434,0.016116629264054164
ENSG00000149474,0.07466286122722429,0.1613592964225783
ENSG00000125835,0.5447709788621533,0.30598826184357647
ENSG00000170471,0.05071021738952702,0.09590387800243022
ENSG00000101442,0.29479003061279735,0.17381255510235072
ENSG00000149646,0.10948416018226198,0.017589784756847197
ENSG00000182931,0.3249428052310426,0.8292220003873865
ENSG00000130699,0.0056208165393863765,0.031043831758264
ENSG00000124155,0.1493100325649044,0.11732103014199323
ENSG00000064787,0.028784045814281917,0.17163872698431726
ENSG00000215251,0.0947013238703796,0.1278062650071285
ENSG00000172315,0.0617440270759604,0.021359367835973034
ENSG00000101161,0.0953740421700626,0.1372359611339434
ENSG00000061656,0.04519245884674332,0.21571380233922036
ENSG00000198185,0.22009845916247556,0.1376523008453412
ENSG00000100983,0.23626150505127957,0.05776682523934063
ENSG00000078814,0.4933830918457549,0.907496260010551
ENSG00000100991,0.006918280544200083,0.013752491483805552
ENSG00000124253,0.013712914797105012,0.013058380413355816
ENSG00000124256,0.6400568655390151,0.8625470919172654
ENSG00000101040,0.12457639320602029,0.09345203653697311
ENSG00000149679,0.27977280523073456,0.44010345685660635
ENSG00000101017,0.9226233496170618,0.8079657585732716
ENSG00000196839,0.3227982485183853,0.5266704206394293
ENSG00000064205,0.546100546371704,0.4829602123276605
ENSG00000101391,0.019713509991575125,0.033293998510420815
ENSG00000101400,0.9019650809251614,0.8600774149942384
ENSG00000088305,0.27465320473195476,0.25445736354640286
ENSG00000100994,0.2029616802591008,0.5777038130474863
ENSG00000100997,0.20415415884361898,0.3242656106200521
ENSG00000101440,0.71865387574395,0.972507329007738
ENSG00000101444,0.07546873494740577,0.035486244397325714
ENSG00000101460,0.6988139881861485,0.613987315203392
ENSG00000101464,0.20039271318724933,0.06809802952092253
ENSG00000125971,0.281195292091407,0.8419659880607407
ENSG00000078747,0.0024503169097638638,0.012383726796080727
ENSG00000101003,0.15007353619488528,0.19318493162918693
ENSG00000125798,0.17699113410088918,0.33221451077691333
ENSG00000132664,0.07271157746694641,0.08088499103020434
ENSG00000089050,0.022266665614764432,0.05119615816143056
ENSG00000101310,0.05629477329431869,0.18467605066873788
ENSG00000232388,0.17796433090675978,0.12471705792410163
ENSG00000125826,0.3506309963402111,0.5041069125204267
ENSG00000258366,0.00565546069231459,0.025895885806216094
ENSG00000101146,0.05677701316574334,0.06181088280469716
ENSG00000132819,0.1599231946277142,0.4838608518379711
ENSG00000101019,0.021177379848163466,0.04127163981375541
ENSG00000101473,0.27598256989245895,0.153897169503926
ENSG00000101294,0.02063631284529883,0.09128281888876319
ENSG00000101337,0.030251493538087502,0.1175101265071948
ENSG00000101350,0.004079299158317979,0.017627054876831114
ENSG00000171456,0.02655547715175327,0.05055185619234702
ENSG00000197183,0.03462574398148712,0.017804632823239592
ENSG00000196562,0.08188348582289716,0.15441555931074882
ENSG00000130589,0.06192484125630533,0.3087095415469175
ENSG00000166913,0.0952522881361514,0.11328674502441165
ENSG00000101104,0.08560211708562784,0.043556283037539494
ENSG00000025772,0.27770073969249054,0.10934683449581693
ENSG00000124102,0.0033893883787816967,0.021132960287425378
ENSG00000101109,0.16075635387139345,0.16240382516930546
ENSG00000131061,0.010828314682295097,0.06675316527845555
ENSG00000125846,0.27939562734639006,0.3438424972533064
ENSG00000089199,0.25206982278526485,0.42285250238517524
ENSG00000089195,0.27108411573011604,0.27675642138885653
ENSG00000125885,0.22465392202296777,0.2138239448819911
ENSG00000286235,0.011069106994949101,0.01370841261770227
ENSG00000088766,0.1296556410594844,0.2592102707952473
ENSG00000088812,0.09248084107853873,0.3800656345887875
ENSG00000088826,0.6479905248650617,0.6181146308636389
ENSG00000101311,0.019632788992722586,0.09797510378068006
ENSG00000089091,0.29557932167957174,0.2709041299934035
ENSG00000101898,0.0006181227971053127,0.011782405736144022
ENSG00000101126,0.0863780040983101,0.042691112778794935
ENSG00000088881,0.7606643337704366,0.7606372270670142
ENSG00000203880,0.17294252931441462,0.14132722307218884
ENSG00000178726,0.8660954080457385,0.41552108088950224
ENSG00000125810,0.5108352828654703,0.8826990893738773
ENSG00000171700,0.08043723293833786,0.03520286344770672
ENSG00000125772,0.2322371626458517,0.5902154969797202
ENSG00000203896,0.9555039352381018,0.7426491195859528
ENSG00000183260,0.2792153488105317,0.17091355231678904
ENSG00000101150,0.10569620230339233,0.2304638922243808
ENSG00000101152,0.17892599482362984,0.2881930318111188
ENSG00000198276,0.05041297114914294,0.08364180569754813
ENSG00000196700,0.697500844381441,0.4258940181919787
ENSG00000130590,0.9296138557136326,0.4764359229180968
ENSG00000089177,0.022795615503630722,0.052023104909051876
ENSG00000172264,0.0011679771418929576,0.0007127227994909932
ENSG00000125848,0.3598364621043817,0.6786017147848145
ENSG00000118705,0.08346134276118114,0.0899526065889478
ENSG00000101346,0.011374870361689585,0.02210685974044092
ENSG00000170191,0.04800068014180321,0.11758461518810996
ENSG00000130684,0.0664134496041778,0.12267854697705498
ENSG00000126001,0.35597783780131875,0.2843422475805441
ENSG00000101076,0.0040097789547308416,0.01299044587237022
ENSG00000064601,0.4864893939654109,0.3034544624577837
ENSG00000101210,0.5340995675679292,0.7682546125418839
ENSG00000166619,0.40012622211496784,0.32641018518199677
ENSG00000053438,0.09787905602562548,0.360162694687739
ENSG00000101004,0.2681159353702491,0.11053931756523797
ENSG00000088827,0.7622847567331578,0.6116039408060143
ENSG00000167393,0.9531318673724453,0.7687764423967063
ENSG00000183943,0.7377934396583219,0.3959640189416407
ENSG00000185291,0.3531096553543249,0.8221938858650033
ENSG00000182162,0.27758326186674837,0.6837253570679503
ENSG00000169100,0.05719692946299658,0.12695156571048055
ENSG00000169084,0.21949125283920967,0.44686653862938086
ENSG00000146950,0.03464496825531877,0.006445642284641182
ENSG00000011201,0.45830551654034724,0.37263745604415854
ENSG00000169093,0.6787531420202886,0.7157122158977987
ENSG00000004961,0.08712677559193525,0.17195733814747732
ENSG00000101955,0.5066691508608372,0.42396055631842045
ENSG00000126010,0.4501990024054391,0.3282960593922352
ENSG00000147027,0.3410127778486899,0.1523907432088719
ENSG00000197976,0.09174279466243052,0.14796179375424529
ENSG00000091482,0.7614454818073944,0.9954799265998231
ENSG00000036473,0.00898854619451132,0.013258941411049073
ENSG00000147041,0.23878134010744412,0.2469284111032861
ENSG00000131831,0.39306025141172296,0.8387477899646648
ENSG00000047230,0.12475896013713075,0.10954987599316166
ENSG00000169906,0.1818909325496066,0.05791554836422845
ENSG00000102218,0.16164272982203615,0.14173483587838911
ENSG00000012174,0.14727237543027338,0.20807896307694765
ENSG00000182798,0.7161377904122004,0.5828621938887887
ENSG00000102098,0.11980103389166884,0.08647992952162867
ENSG00000158526,0.17220892231335438,0.6787691145784532
ENSG00000180182,0.14775038278448638,0.23132173930388172
ENSG00000147119,0.4996420390217561,0.538216268537483
ENSG00000273820,0.14655885797780188,0.0634161266979135
ENSG00000171365,0.39202249571773484,0.062427784289679746
ENSG00000169895,0.5523591139187077,0.3014992433443987
ENSG00000008086,0.14376204269584428,0.23974139014072965
ENSG00000230797,0.6605645759283899,0.8683411518229044
ENSG00000165169,0.6992882871098718,0.910104554917052
ENSG00000069535,0.046654923807640365,0.06392161148930618
ENSG00000155659,0.9602256258071412,0.47700044295243305
ENSG00000102221,0.23792538976257754,0.24006005190220905
ENSG00000065923,0.8091055697673193,0.8724510014382563
ENSG00000187601,0.33848094889969493,0.5052563139243587
ENSG00000087842,0.44495798704733425,0.4499440901190376
ENSG00000182220,0.7037475299644715,0.5145600953844428
ENSG00000147100,0.9679663196720918,0.6241156851108327
ENSG00000102302,0.8995189244217124,0.9867937339975283
ENSG00000102316,0.5885132071323124,0.22740770024930138
ENSG00000147099,0.978027052562655,0.3773172516404534
ENSG00000094841,0.41319197289515097,0.21203185321064488
ENSG00000165288,0.15433049508759003,0.2815072069358269
ENSG00000158813,0.1814608987709287,0.11269752440244919
ENSG00000188419,0.028553303353853896,0.08957467469017191
ENSG00000124429,0.01878862543353554,0.05237568707551388
ENSG00000185222,0.2757240450039174,0.3395457613001453
ENSG00000102390,0.8577072863613877,0.38591614481085534
ENSG00000204272,0.46180929909656543,0.1961854539846783
ENSG00000131171,0.6343490541447128,0.653222088490025
ENSG00000188917,0.03894115904591748,0.04522160204473072
ENSG00000268104,0.5410216358527179,0.9135375162508249
ENSG00000047597,0.10149271083541604,0.34881968453680867
ENSG00000047648,0.15349138183597913,0.2012217037230852
ENSG00000101844,0.21109325185125533,0.40892307968337605
ENSG00000101843,0.13555078021706934,0.1299501411596864
ENSG00000069509,0.8353413418850052,0.4452010099255628
ENSG00000147121,0.8106229276723458,0.6071855214218598
ENSG00000090776,0.9471580038730717,0.4692450340906904
ENSG00000185753,0.7199963901708247,0.5001907637298816
ENSG00000182916,0.9322954217711141,0.49057828061278064
ENSG00000186767,0.059750735955919364,0.11180683725277622
ENSG00000125676,0.44722199753392977,0.23387521782424558
ENSG00000204271,0.9819786910983486,0.766498382105274
ENSG00000078596,0.21390391987978913,0.7165690991209009
ENSG00000166681,0.8978637385590583,0.9390741665512753
ENSG00000046774,0.8071078596915745,0.837967108564968
ENSG00000102241,0.20077647873501162,0.285867655671754
ENSG00000089289,0.10329402898506014,0.09215020091662296
ENSG00000131725,0.1483073974642386,0.30582957502187025
ENSG00000184675,0.02178540631485075,0.06514462886706174
ENSG00000182712,0.25724476287432696,0.1706084572525722
ENSG00000010404,0.7496766811580469,0.8200134178911702
ENSG00000241489,0.03835041007497728,0.011885153360049038
ENSG00000185247,0.8615138087522731,0.8492974482076203
ENSG00000197021,0.34757695404012434,0.6037550028106782
ENSG00000165775,0.04092930802539975,0.1202525365136727
ENSG00000197620,0.11061885606715112,0.04220618574119219
ENSG00000133135,0.7969057512594282,0.6674814172924939
ENSG00000185010,0.8515308253729718,0.7029945431971831
ENSG00000198157,0.011737708019835749,0.014306578080346005
ENSG00000129680,0.34139727559338084,0.43960542136452174
ENSG00000133138,0.07089247348008358,0.06363619039481834
ENSG00000133131,0.9822280109669782,0.5535428449473554
ENSG00000155959,0.09479422253342763,0.11263603819544177
ENSG00000123496,0.5191425624024603,0.228949879013046
ENSG00000067177,0.8386485038785065,0.7167348653131845
ENSG00000204019,0.10382294465297262,0.17064369694972373
ENSG00000008056,0.3490777756482213,0.3825628067136614
ENSG00000126767,0.7443790627452793,0.6159299865771588
ENSG00000102265,0.004918570349844204,0.005139242814470704
ENSG00000147130,0.12295938122354601,0.09654713050625335
ENSG00000186810,0.5788744418384735,0.9555471977937801
ENSG00000155962,0.6771274697670755,0.16931721862685814
ENSG00000185973,0.012602298272782348,0.029495146518541973
ENSG00000124333,0.1732433839049751,0.2087750495181767
ENSG00000071859,0.32639478728641236,0.5199752912556894
ENSG00000130827,0.7376959410709196,0.7147918435556135
ENSG00000102178,0.06678716624102275,0.12951955116256378
ENSG00000126903,0.939128910508652,0.862354154159366
ENSG00000147180,0.9735697257715702,0.6562535265376483
ENSG00000158427,0.1111438353470794,0.06540166388839305
ENSG00000005302,0.2778644949478096,0.3422037177252499
ENSG00000204379,0.6693210215435005,0.5591686225218522
ENSG00000047634,0.4886520849775271,0.31103571912907824
ENSG00000277150,0.6104860601364919,0.9784979585980575
ENSG00000063587,0.23616566671174755,0.2550585759982363
ENSG00000179222,0.09089495568831292,0.1298099878630974
ENSG00000130021,0.7408888084649361,0.761193504157059
ENSG00000130054,0.33720749483605406,0.4380296612836154
ENSG00000188153,0.6372949010708318,0.4809022882387791
ENSG00000056277,0.4780001076496133,0.34158791951117123
ENSG00000156709,0.7557861179213266,0.15916547769676495
ENSG00000131174,0.5057188448191675,0.14724798148606796
ENSG00000068438,0.11044690302422656,0.15987134145376983
ENSG00000147155,0.9539105015277983,0.5707679102828969
ENSG00000102048,0.4471882891273453,0.5042707099456826
ENSG00000165195,0.1595267416457773,0.31369626045094356
ENSG00000073464,0.8938481077298828,0.9626770863901913
ENSG00000158423,0.8760090855634975,0.19765916955969504
ENSG00000130822,0.24446082257943752,0.3870040849250084
ENSG00000185825,0.5070912588308241,0.9585928067815666
ENSG00000101986,0.4246693153588086,0.6467874026140725
ENSG00000198753,0.033192484551488544,0.07691263442554734
ENSG00000184343,0.5796537483747656,0.7185321086601599
ENSG00000180879,0.43399314951501156,0.8626363874958971
ENSG00000198910,0.4552220183438537,0.7602876563294398
ENSG00000102032,0.28299328344918745,0.48302580042066645
ENSG00000172534,0.12838402118359662,0.20971534897469096
ENSG00000177854,0.6578181348023312,0.37134381036769126
ENSG00000126953,0.013997290621030103,0.0062940912914772815
ENSG00000241343,0.22686555591505345,0.6190307622468822
ENSG00000257529,0.6280697545957384,0.5441107989150105
ENSG00000126945,0.2446094487466663,0.16546195447408044
ENSG00000262919,0.8976314735675808,0.7585603986153722
ENSG00000130821,0.9781034091276005,0.837737925455088
ENSG00000147164,0.34499553197345445,0.3409008834877478
ENSG00000184481,0.2539742508323726,0.29349404092794223
ENSG00000169562,0.13504294226845298,0.07924563129219447
ENSG00000131263,0.12112042711859865,0.1726639934402667
ENSG00000147113,0.5753252567157066,0.18554150555144044
ENSG00000147224,0.8612488312574597,0.24464376434813215
ENSG00000165194,0.8160918096415056,0.7641922923613765
ENSG00000147274,0.042990870640210184,0.09924111247786276
ENSG00000172465,0.3249588301205796,0.259453502313594
ENSG00000123562,0.2318009472675112,0.17314388810575015
ENSG00000102007,0.20729095789642887,0.14403310810387296
ENSG00000012211,0.9640291567373342,0.49891071766533823
ENSG00000101997,0.18187070177668938,0.0863861060496089
ENSG00000049769,0.7002861832925785,0.9430161813646115
ENSG00000147118,0.5992715409046302,0.34011842366604894
ENSG00000221994,0.8475739193804529,0.4096047435768565
ENSG00000188021,0.06180948625365885,0.1417243462890646
ENSG00000130962,0.6860366969430179,0.45235110487743335
ENSG00000101911,0.263294077418157,0.19336067675656587
ENSG00000085224,0.23761227307463226,0.2810603626996517
ENSG00000083750,0.11166131199438113,0.21101687791253948
ENSG00000156298,0.16174037252786985,0.13736912229769058
ENSG00000000005,0.03880034931298688,0.019682854514537974
ENSG00000000003,0.010462248154786143,0.006929007295204819
ENSG00000158164,0.5794899005028089,0.7759969105412751
ENSG00000102010,0.23088424560479862,0.5016848718966077
ENSG00000169239,0.4897156286433466,0.5159673142564589
ENSG00000182287,0.78526616095948,0.7382176264275254
ENSG00000169188,0.8800349785932986,0.3449251573223193
ENSG00000196924,0.9682213611347267,0.5824498707700043
ENSG00000147403,0.10547828059378779,0.19717990790506987
ENSG00000072501,0.08562532175747442,0.06984494341492359
ENSG00000198689,0.05081954435312293,0.12429473202416468
ENSG00000134602,0.5869581127940567,0.2609930648300678
ENSG00000123728,0.41976600237953754,0.2937454952734573
ENSG00000147140,0.18750040011690083,0.18661088095219283
ENSG00000120280,0.72320679107778,0.5002392987853721
ENSG00000101868,0.014471169635914155,0.046845330502555085
ENSG00000182484,0.2437284563617632,0.45874262733080096
ENSG00000131089,0.21568093133277608,0.1979011514506459
ENSG00000181191,0.14445892164248855,0.15449609875169193
ENSG00000165359,0.26179522383917,0.5097955655259439
ENSG00000005889,0.6757456772067187,0.7274881626663647
ENSG00000197779,0.7866341324690789,0.290725343299885
ENSG00000080561,0.891620929915354,0.49299049676340534
ENSG00000125354,0.19120215714650748,0.6424817748160834
ENSG00000022267,0.1142821510148709,0.05490975637003057
ENSG00000131269,0.04587772289461218,0.09016751181500196
ENSG00000188706,0.3221625372571319,0.2962782505302402
ENSG00000156697,0.34162174299278375,0.12044226261884279
ENSG00000085185,0.6111150721838173,0.7293202521562687
ENSG00000196507,0.754222898806703,0.3601107110216425
ENSG00000123575,0.43138618934484985,0.27429118025432325
ENSG00000182378,0.03192075595163724,0.03721649657131516
ENSG00000171388,0.8029505220985617,0.8317368960204464
ENSG00000122121,0.400409733594165,0.17208000338778046
ENSG00000122122,0.1803148292205136,0.7449641952086821
ENSG00000078061,0.04572895052177668,0.14552841409511147
ENSG00000101938,0.06250016077807805,0.0440800168236489
ENSG00000077274,0.9121131858086855,0.9399683761091641
ENSG00000102359,0.8948320762296793,0.8457892687760522
ENSG00000232119,0.05537108961945862,0.024733264034684874
ENSG00000171155,0.4942954765093469,0.3684757307230653
ENSG00000158290,0.3035122425856691,0.2769098715403563
ENSG00000046647,0.491131040264704,0.31383351457948855
ENSG00000157600,0.1756765232573455,0.12063847445551633
ENSG00000187808,0.932586024403533,0.6182986790973106
ENSG00000198918,0.6062621279309806,0.23250184557991696
ENSG00000125352,0.6196454527616118,0.13598668927499533
ENSG00000125356,0.3800351488259748,0.9484162634270913
ENSG00000101882,0.26507577062004756,0.13988359422555854
ENSG00000183337,0.07584876487710905,0.23285614797010498
ENSG00000189369,0.887825939907861,0.7744922034032945
ENSG00000181704,0.4648207189066108,0.4283938192033704
ENSG00000079482,0.42474309001145905,0.12440306341467029
ENSG00000160131,0.9650102038108298,0.517079262997676
ENSG00000071553,0.6296870010195426,0.7955822771167356
ENSG00000186787,0.09176965141321511,0.022229373358840284
ENSG00000165376,0.7414352042361568,0.3909085969613465
ENSG00000198455,0.17312335304819218,0.12246424217701071
ENSG00000165591,0.031012666290472616,0.058630963864632624
ENSG00000147251,0.19165985847991276,0.3618699667437212
ENSG00000198205,0.05510679461045418,0.04806860418029413
ENSG00000101849,0.5224729589618499,0.8682121302740637
ENSG00000101850,0.05197509510974251,0.027811183038875222
ENSG00000198759,0.0689151952094055,0.2568213448768843
ENSG00000123595,0.11862782555526478,0.1859163213118531
ENSG00000046651,0.6282753982861667,0.47816614313737726
ENSG00000147133,0.4011840202593283,0.41012715350102036
ENSG00000147144,0.8624359469616985,0.4657450402493706
ENSG00000068394,0.1453900468364821,0.2159515988570143
ENSG00000212747,0.6234429962182875,0.6493141250344885
ENSG00000134590,0.5627357291360384,0.627343830201101
ENSG00000203950,0.48548079270614486,0.2736469166641041
ENSG00000186376,0.11539551341333984,0.13163876367228078
ENSG00000173275,0.07516998000681198,0.08286690520938825
ENSG00000123131,0.28367999825798207,0.25095593217130835
ENSG00000123130,0.36019430993521684,0.5992704298892098
ENSG00000184831,0.8574488484367871,0.7015167985742019
ENSG00000130830,0.48035701394235575,0.4781073424302702
ENSG00000198932,0.7969977998088195,0.24644326561810875
ENSG00000198908,0.5140430802439251,0.5804098050176596
ENSG00000101888,0.03470678017482208,0.03295993878308005
ENSG00000068366,0.30928584836064965,0.2648043482210765
ENSG00000175556,0.24543294454132566,0.16334222169394474
ENSG00000056998,0.0243160387325286,0.025657844909263337
ENSG00000006756,0.8691877098435312,0.8718844346261478
ENSG00000187325,0.37044200386492643,0.1947289646877671
ENSG00000147050,0.6788518157889366,0.7026231661291841
ENSG00000157399,0.4904410712364642,0.4416670031078036
ENSG00000102078,0.3104059264178085,0.12737872240005838
ENSG00000099399,0.24887613303363543,0.2504839642793993
ENSG00000102119,0.8668190912191933,0.6574197914904569
ENSG00000196459,0.3320261033542527,0.7287322546040335
ENSG00000126950,0.35346188592533145,0.27200893608927007
ENSG00000102384,0.08574116011481862,0.054643993240499934
ENSG00000213397,0.3918996446847446,0.22158357418193286
ENSG00000130066,0.38179123562972783,0.48798071815318267
ENSG00000130052,0.8164891609154997,0.6016823352428833
ENSG00000267978,0.42237981025770344,0.022371367015949238
ENSG00000126890,0.15997398871767607,0.13389171661580085
ENSG00000126016,0.23278216712582836,0.32765972922583336
ENSG00000268350,0.2514691338997464,0.09387416898121693
ENSG00000214717,0.1819843976098475,0.23729038938408922
ENSG00000002586,0.49550233400005084,0.5811372324129421
ENSG00000124343,0.03685780914077121,0.0884695898849146
ENSG00000072506,0.5079874195340859,0.7336965594058102
ENSG00000269586,0.1807688918646005,0.10887592685132637
ENSG00000147124,0.018331331102853114,0.06572482901765278
ENSG00000251192,0.09100540920543695,0.1631579794030481
ENSG00000147381,0.6732219818917372,0.419159129855758
ENSG00000076716,0.3301849598492451,0.43001472267589025
ENSG00000184194,0.920473950417958,0.5912713472638145
ENSG00000184205,0.6727656050095042,0.49738443732628634
ENSG00000126012,0.627089620940904,0.4900526613917562
ENSG00000157625,0.13678782983528845,0.25452343711590597
ENSG00000184634,0.7749526135898891,0.9458061757787879
ENSG00000102081,0.055904691257457687,0.04404609651764459
ENSG00000158301,0.4266118401822476,0.8059179598027923
ENSG00000189221,0.04590966916786101,0.24040406181183452
ENSG00000101825,0.4089448732582258,0.851232420244691
ENSG00000102158,0.2425393744194222,0.13204419826366842
ENSG00000221867,0.8396249347689797,0.5192517597401358
ENSG00000183305,0.5068968065494337,0.931758096391243
ENSG00000198930,0.8348299886850941,0.6374468284532493
ENSG00000213401,0.8915580941841449,0.6603137806659118
ENSG00000268606,0.9573634105214772,0.3852001289012382
ENSG00000268916,0.60884997479006,0.3401035396574105
ENSG00000147400,0.4706404362678003,0.20517667753733118
ENSG00000147383,0.29882142970484155,0.15497573443195087
ENSG00000130741,0.24354731198334204,0.3185320088630319
ENSG00000174010,0.2909877719094752,0.44674112671096866
ENSG00000171100,0.01373112094441144,0.03913284880874938
ENSG00000102181,0.753033038645842,0.7025469320020817
ENSG00000001497,0.8791904352319644,0.4664234454964369
ENSG00000188158,0.32519604616474795,0.26048619908707754
ENSG00000156531,0.09881449853995292,0.1348671419857729
ENSG00000165704,0.5136703584303799,0.2599776843910588
ENSG00000156504,0.19305293098961226,0.10683811769322162
ENSG00000172943,0.7143455093559845,0.6567978184377106
ENSG00000184083,0.3491785708248478,0.9026599742022404
ENSG00000269556,0.1619438118119075,0.2496448555040688
ENSG00000134597,0.9965769298756113,0.5967733353151523
ENSG00000171659,0.590429532253881,0.8299162240797942
ENSG00000102034,0.06674008173855643,0.03931921477894733
ENSG00000147202,0.12800571584002984,0.157255670674345
ENSG00000017483,0.20157856234410676,0.2706251812183598
ENSG00000133142,0.3868820206644584,0.49623242235193676
ENSG00000185515,0.023714004765828304,0.025897708578269948
ENSG00000067829,0.9845797820497385,0.41512046512363854
ENSG00000155008,0.326317989685384,0.23502087506528457
ENSG00000102024,0.09782452561698671,0.13463471000296137
ENSG00000101972,0.09124921664776019,0.06691764246502767
ENSG00000147257,0.3409037477198697,0.4317184619713226
ENSG00000102003,0.19334654914575994,0.1498849760237039
ENSG00000101846,0.21319205965542398,0.19347035991259728
ENSG00000006757,0.009187826760369933,0.012060910654137592
ENSG00000204116,0.6768371947860281,0.9516256281915345
ENSG00000179304,0.5863736219067466,0.7569158118936992
ENSG00000197172,0.9534329731554242,0.703771750033217
ENSG00000165175,0.25634621941253866,0.26939918626996034
ENSG00000187243,0.11072643296211422,0.392857013396371
ENSG00000130988,0.9994943344622993,0.9829377580254952
ENSG00000182872,0.426219686489529,0.8565851164143987
ENSG00000130985,0.7198518801084572,0.4342100067921676
ENSG00000147123,0.8768645067654633,0.6087883753911645
ENSG00000198088,0.42742038988056874,0.23240371077379288
ENSG00000165240,0.14808672225941857,0.17805904479804985
ENSG00000044446,0.3013682412578795,0.2530200936938382
ENSG00000102393,0.6744186936202541,0.36162167363352016
ENSG00000101945,0.5838765164013895,0.17803024021235195
ENSG00000171433,0.23810761306365397,0.07513570354290432
ENSG00000102109,0.21012064482305925,0.014884388197220273
ENSG00000102103,0.787808383999165,0.41827632610439003
ENSG00000102100,0.15545640516434833,0.20217758407376393
ENSG00000102096,0.18984042080717514,0.4656591296375625
ENSG00000068308,0.2570639880795356,0.24256004087734387
ENSG00000067992,0.32262665826827247,0.35244409191345893
ENSG00000126947,0.46553817181697854,0.2475569734434187
ENSG00000198960,0.014449779740897124,0.03971758997955003
ENSG00000102401,0.00882307379867914,0.03077069780926642
ENSG00000184867,0.868036720293907,0.7373354835575376
ENSG00000169249,0.4792003765941285,0.38799076467205995
ENSG00000184515,0.9267701282207442,0.9075291646618788
ENSG00000157514,0.22247246130121406,0.4375876753748106
ENSG00000186416,0.2129055399190288,0.07771876534497646
ENSG00000198814,0.035195017903235135,0.07326750009282133
ENSG00000102038,0.7607673891863022,0.9141476820159301
ENSG00000122126,0.020870089719423047,0.015505750924204701
ENSG00000013563,0.6402506018100429,0.657877519603068
ENSG00000125962,0.024802729656828927,0.0432941201632553
ENSG00000089682,0.08445901381583336,0.016632612659231508
ENSG00000102362,0.015303556616920653,0.06397797549940056
ENSG00000089472,0.014666515791539044,0.04082960830746004
ENSG00000196976,0.8391294410568197,0.34013393488884813
ENSG00000165675,0.06789015605859808,0.04732481003294654
ENSG00000158352,0.05967384774924016,0.13476539453804162
ENSG00000182518,0.6274779904097684,0.4110511502092725
ENSG00000184368,0.3973180860458617,0.6314464549177441
ENSG00000173674,0.03042098761571108,0.03475752263734938
ENSG00000177189,0.019686794334967513,0.05407971451135909
ENSG00000173681,0.09714594903203694,0.1612336438057103
ENSG00000130119,0.09341453463970581,0.03788806084350157
ENSG00000171004,0.035967517874128906,0.08162268834636098
ENSG00000090889,0.12399126531639605,0.1463373857761893
ENSG00000130055,0.0014902254674440012,0.0008818225387055126
ENSG00000120509,0.8282648430596158,0.3918219940382215
ENSG00000010671,0.5109659420830095,0.822205019450621
ENSG00000129675,0.5208700120634193,0.7649057506239483
ENSG00000126768,0.5305803095344925,0.556378056300631
ENSG00000176896,0.2660180832596822,0.26551995012360724
ENSG00000165168,0.2398455086500191,0.8544920144325426
ENSG00000198223,0.10847122425557096,0.2622950265638157
ENSG00000130150,0.34809749590395456,0.43039278125010694
ENSG00000102317,0.10634462604431673,0.050711632491901415
ENSG00000101940,0.6052130817204268,0.7059932948256642
ENSG00000101856,0.30630054535811374,0.09137840858572538
ENSG00000077713,0.41842395692032075,0.42904849455047867
ENSG00000005022,0.028986925507329384,0.05610149672488768
ENSG00000077721,0.42928045977154694,0.2985843097228658
ENSG00000018610,0.024244507746434225,0.041131452501605416
ENSG00000131828,0.5719820512006948,0.40742025362011114
ENSG00000269335,0.32453002308746687,0.2472767336596582
ENSG00000160211,0.5704179828536806,0.2956499643251919
ENSG00000147168,0.16376279165528473,0.2717901342898479
ENSG00000125351,0.9605505564510436,0.6317620938578545
ENSG00000147065,0.5182903415448019,0.8055124577860611
ENSG00000101935,0.5147920834254777,0.44953229202478073
ENSG00000130826,0.03769594362951716,0.03188665938657238
ENSG00000102225,0.35059638215022626,0.6394548532889504
ENSG00000102226,0.5473469540123824,0.6116651687026595
ENSG00000071889,0.8449835117706851,0.5091872825024848
ENSG00000203879,0.17222918130093598,0.15996059409811356
ENSG00000102312,0.8313829768666688,0.6076701188008455
ENSG00000102125,0.38626500745598347,0.874321397134954
ENSG00000205542,0.6509346709819926,0.5268524383370854
ENSG00000101966,0.19390970236336152,0.17862928082407187
ENSG00000147044,0.09273695134418718,0.14406641031983214
ENSG00000076770,0.00756053860751333,0.029924153191156794
ENSG00000015285,0.7931636314137218,0.5129846068998538
ENSG00000268940,0.18475413214211153,0.129188361914825
ENSG00000130234,0.1290248446321747,0.05720782240006462
ENSG00000068354,0.7283988673596965,0.592604282444372
ENSG00000068323,0.7276613876066649,0.8440227907119301
ENSG00000094631,0.9456504042214946,0.4425154715640178
ENSG00000102409,0.68990035073907,0.8551991666998302
ENSG00000047644,0.24269324218112281,0.16997120211735775
ENSG00000003096,0.17802458924647488,0.26396634501257443
ENSG00000147162,0.20623446030029835,0.10765607089163959
ENSG00000072133,0.34445716373460267,0.1161301380412482
ENSG00000147010,0.8585818027967321,0.4496772977716259
ENSG00000268902,0.62686058039531,0.6058902402071754
ENSG00000178605,0.19006578468040175,0.18740120886837947
ENSG00000269313,0.22616946209699534,0.7547484279429919
ENSG00000184216,0.20280100413257032,0.21346457860328613
ENSG00000086712,0.032923228499415196,0.08323019310968793
ENSG00000102054,0.11156356277027969,0.1621027650421285
ENSG00000169891,0.11449381472407859,0.3115043742058138
ENSG00000156500,0.050389807448473455,0.07753720297218805
ENSG00000101928,0.31311290415350557,0.2738546787445512
ENSG00000184785,0.9749308449786437,0.7633627896251238
ENSG00000180964,0.10743368234264086,0.12225007690736986
ENSG00000133134,0.28295933925561134,0.09956371713016302
ENSG00000089820,0.1623768626365021,0.16597355016847595
ENSG00000102030,0.567449593481298,0.7471313999644205
ENSG00000156313,0.12170681559340528,0.07515051855448954
ENSG00000169057,0.636618806105971,0.6377369886644115
ENSG00000101901,0.22051302334292647,0.07260352239887943
ENSG00000169446,0.03676523562194129,0.1067319606603804
ENSG00000126970,0.25789050679331343,0.09291535246417576
ENSG00000198947,0.0681050153981246,0.1393459371926308
ENSG00000049768,0.5247050350325144,0.6218079686065601
ENSG00000102144,0.09833009119329744,0.18217100430119906
ENSG00000177485,0.1284228640439978,0.16096617661989554
ENSG00000102309,0.750623704612148,0.2559390705612112
ENSG00000186871,0.07711591880444986,0.04566530045212633
ENSG00000198034,0.3796422477204938,0.27732308317599125
ENSG00000125931,0.13323202130257608,0.061155602144534874
ENSG00000086758,0.6370584659781112,0.48843470252615684
ENSG00000063601,0.07357625905824447,0.12346046198252786
ENSG00000029993,0.06533969846095698,0.018378913108717667
ENSG00000124486,0.20963944779319638,0.2792025794416535
ENSG00000068400,0.6444970574894109,0.7537365537398831
ENSG00000196998,0.5159238723421075,0.3526098752899296
ENSG00000082458,0.19349074250627563,0.19367480694876416
ENSG00000101811,0.04213859062485986,0.03140496967904058
ENSG00000007952,0.054589453645435417,0.17569485409517988
ENSG00000182489,0.1133775508272147,0.20650147369204025
ENSG00000182492,0.6416026846949728,0.20887102336849325
ENSG00000129682,0.8275509529610103,0.9118991691911144
ENSG00000101958,0.8676240953340236,0.17153218618781418
ENSG00000005893,0.9821453196400396,0.690665303401958
ENSG00000046653,0.22109228506606698,0.6081371415872647
ENSG00000243279,0.04106202512329814,0.05152849625253319
ENSG00000102172,0.2644518376250803,0.19635577850647612
ENSG00000215301,0.0398681679419448,0.14176036783232132
ENSG00000131724,0.13851566352508038,0.18282893837278363
ENSG00000101974,0.028624112382353597,0.05434347711704737
ENSG00000101871,0.0787535394726569,0.06783725603941053
ENSG00000124313,0.9829529059087008,0.4055849509774786
ENSG00000147394,0.8681828899970807,0.5682460840385981
ENSG00000126756,0.5924975318929022,0.22218771407214363
ENSG00000102699,0.05808973492895744,0.14762917616755078
ENSG00000027001,0.023600461727909413,0.05036895106561554
ENSG00000102781,0.4131234213651279,0.2684734114569883
ENSG00000132952,0.9776030792777125,0.6866954489309962
ENSG00000183463,0.7184601018895473,0.5686163448418549
ENSG00000189403,0.8052777367983188,0.6637071992933267
ENSG00000102753,0.42911733819069175,0.25907281420788836
ENSG00000165475,0.1258982835945471,0.2221496711368711
ENSG00000165556,0.21948657349869566,0.2599823689714971
ENSG00000102547,0.40396264010631844,0.5861702444673695
ENSG00000120675,0.6605939189547694,0.35978409756509333
ENSG00000132970,0.36052377024238014,0.6942573343635171
ENSG00000133110,0.5690915410505704,0.8517939032329643
ENSG00000102531,0.30328068388283086,0.28138634051363676
ENSG00000183722,0.4133287774700768,0.1538234480953673
ENSG00000023516,0.2714288054193179,0.26745043831738724
ENSG00000139656,0.8668698518877045,0.5672935242636186
ENSG00000204899,0.41346716548028317,0.4506059218687405
ENSG00000120685,0.323663915974616,0.38563791186700946
ENSG00000083535,0.4586964995409546,0.3716693624190882
ENSG00000136122,0.35717035644339545,0.420646146590521
ENSG00000122034,0.48036592524432953,0.7459502231204618
ENSG00000120690,0.1199070405328569,0.21799264455243264
ENSG00000136155,0.9681779169475285,0.8948865445996224
ENSG00000102804,0.8851727127841907,0.623203798272669
ENSG00000136111,0.17142245506939244,0.376874418366271
ENSG00000136158,0.1754251868041734,0.5542763125819481
ENSG00000120686,0.40164124321211747,0.278008028320122
ENSG00000102554,0.25417981196839273,0.34749102344354665
ENSG00000088451,0.08648537057722552,0.08630091568776593
ENSG00000134882,0.05243463744699004,0.1416140399791221
ENSG00000133119,0.12196394592073921,0.053776811369209254
ENSG00000182957,0.4530417405451611,0.5149306625018217
ENSG00000188811,0.06866683862339762,0.115320015206775
ENSG00000102837,0.0037716742040701827,0.0025269553361875765
ENSG00000065150,0.027650324424914118,0.05124869260116784
ENSG00000139734,0.04916130843034122,0.1017859535577244
ENSG00000118946,0.6518478439430362,0.7643150542090342
ENSG00000152484,0.15136025737040054,0.35507655155559126
ENSG00000120688,0.4402739807637911,0.32073822588434464
ENSG00000139514,0.31381885234489953,0.5215690560169901
ENSG00000088386,0.63876542953483,0.5304420695186491
ENSG00000150907,0.176406157396146,0.4551842414937144
ENSG00000136152,0.970621977730791,0.8827181507297897
ENSG00000136141,0.7785679412505466,0.8604464994878502
ENSG00000152749,0.18022482062387887,0.18212711477134652
ENSG00000102543,0.29860417711598586,0.10658480703375152
ENSG00000125257,0.16156756172302808,0.1560883933097205
ENSG00000083520,0.0279228848059158,0.0440551671333421
ENSG00000133103,0.0967859774382815,0.12063231544495319
ENSG00000102802,0.8362984205302711,0.40708837231915884
ENSG00000134871,0.482099309799334,0.8860122080195382
ENSG00000184564,0.11880413462827752,0.20964810457289676
ENSG00000102580,0.5525193720176996,0.4734116065302896
ENSG00000132950,0.025081531251555798,0.05447300801074651
ENSG00000182968,0.882694751144689,0.7299788164840735
ENSG00000187498,0.6150778382651267,0.8317003213616296
ENSG00000185950,0.016234029226561243,0.04410660467357097
ENSG00000134873,0.09099579661096933,0.24883789232765235
ENSG00000088448,0.5171184734294705,0.8118224504061329
ENSG00000184497,0.6174960855128826,0.9915247665142214
ENSG00000175198,0.529675115221037,0.9962736655192399
ENSG00000126216,0.3015563257510628,0.3347596010451322
ENSG00000152193,0.3307064342035203,0.46211660055318304
ENSG00000122042,0.6559100179165245,0.591495188590679
ENSG00000185989,0.3384708827650823,0.2920318393538972
ENSG00000183098,0.7155523433931185,0.9324404992653479
ENSG00000134884,0.180485126994169,0.1614276031552713
ENSG00000152767,0.7712488506785249,0.7296129672908135
ENSG00000136156,0.10333460162857293,0.14254911254725575
ENSG00000204977,0.32120261266283123,0.32003515184367204
ENSG00000136104,0.2687188661662141,0.1593948256634332
ENSG00000205863,0.8644545881624192,0.9660838694727812
ENSG00000139597,0.9543467773503094,0.9695427394773327
ENSG00000120693,0.2668001425233634,0.41544688083792414
ENSG00000133111,0.003354888436751413,0.001983289256778953
ENSG00000122035,0.6299217284536314,0.7627984619580013
ENSG00000136167,0.17779687917719456,0.6599972589559767
ENSG00000151287,0.3434078109666061,0.4383279144711325
ENSG00000134897,0.0875871268433068,0.12711051488344996
ENSG00000183087,0.27336663375140696,0.25335422527904067
ENSG00000136159,0.3899575593147757,0.32233530822875067
ENSG00000136146,0.7741291367742011,0.9127405741877488
ENSG00000139687,0.3493372406193158,0.29221673446637414
ENSG00000139746,0.19256344952146415,0.3733117852696157
ENSG00000125266,0.3173102064608803,0.22449828253749815
ENSG00000102780,0.8089175770413344,0.8950281662132729
ENSG00000136143,0.35442593884006024,0.4355482804460321
ENSG00000118939,0.30542467564928955,0.19557699480889668
ENSG00000169508,0.38518875152643206,0.9576136158748139
ENSG00000139826,0.3288818004872266,0.3325105287477169
ENSG00000139684,0.4565305926393396,0.34332838322362813
ENSG00000083544,0.7063523938212969,0.3693824092049678
ENSG00000133104,0.7974514179235228,0.5298718693455318
ENSG00000102572,0.7768388176033035,0.6518026563826929
ENSG00000136161,0.4573339354675834,0.5667550277269165
ENSG00000132965,0.2806997473052308,0.7626437931812393
ENSG00000032742,0.11602704408315537,0.1031586020379522
ENSG00000102445,0.019535355305946637,0.0431654901866625
ENSG00000125247,0.3876810724027474,0.25650705719774813
ENSG00000133106,0.509069093896189,0.7116972974337672
ENSG00000127863,0.1540795825711948,0.32052654547439985
ENSG00000139832,0.592126840732256,0.6043337178391619
ENSG00000134905,0.2832284794354786,0.30134853249801463
ENSG00000153487,0.8228970178286499,0.9958536750103322
ENSG00000165572,0.4330122110779804,0.2769985938969134
ENSG00000120696,0.3439016561410413,0.44025310464520195
ENSG00000120662,0.39975340018409844,0.14393137966107414
ENSG00000172766,0.032725031012413426,0.07072577120310392
ENSG00000102760,0.07881073380871281,0.1697457840637327
ENSG00000102763,0.32372729536766015,0.24148782703511004
ENSG00000125249,0.6827989180662537,0.9079017860637293
ENSG00000139679,0.9919143422534415,0.5967855242992386
ENSG00000213995,0.23679881116091475,0.3573713665287187
ENSG00000165474,0.9670302916310473,0.5146591100511113
ENSG00000121741,0.026087909975668774,0.08909295132379355
ENSG00000150456,0.6892971036996082,0.6839151068091509
ENSG00000150457,0.971681296569897,0.7877834473092343
ENSG00000151849,0.14458813190652015,0.2300483958192311
ENSG00000180730,0.9344000302839708,0.6113447342388498
ENSG00000073910,0.899983813425346,0.4379445272604132
ENSG00000083642,0.3603618640423156,0.4843938015939949
ENSG00000123178,0.568233358450942,0.2008616534810587
ENSG00000253797,0.2639208268508476,0.3453187255969611
ENSG00000136098,0.6403587015540506,0.4208392048469842
ENSG00000102786,0.9744770960167539,0.9200654132535446
ENSG00000122033,0.17059754340161784,0.1279608056428081
ENSG00000102524,0.7723893773602807,0.3737322456549069
ENSG00000127870,0.06583750146941224,0.10458318660829075
ENSG00000151835,0.2977799844087049,0.17712489478106191
ENSG00000178695,0.40869841447960575,0.8827754541019216
ENSG00000102805,0.048282872389052454,0.17028965197457613
ENSG00000005812,0.04167988825764173,0.13890299420283778
ENSG00000122026,0.761532288090703,0.5827251696724844
ENSG00000134899,0.5717753283502458,0.868216356333505
ENSG00000172458,0.34138446926905935,0.10731429820193972
ENSG00000134864,0.04847698578109328,0.1005498891138465
ENSG00000068650,0.57672961076268,0.6664295973696719
ENSG00000165621,0.5424493302222695,0.59515422113441
ENSG00000188243,0.09165635023289764,0.16513524454813186
ENSG00000136114,0.0662154521440075,0.03924090891728363
ENSG00000136100,0.6036634722765771,0.5570727765562029
ENSG00000136108,0.3134620251050528,0.3330883109350377
ENSG00000165416,0.8414901481896493,0.9098724692138005
ENSG00000139675,0.569850026882822,0.5383150649096926
ENSG00000043355,0.7295464839330397,0.693832485406756
ENSG00000139517,0.18957899329880504,0.3924803529358091
ENSG00000139515,0.8337886389291495,0.8903477087270498
ENSG00000186184,0.706103286243559,0.8365172342741083
ENSG00000174405,0.3520723090359301,0.33224255460665975
ENSG00000125246,0.26483978995864277,0.10929665732951044
ENSG00000198542,0.4577960728584767,0.09745921656415313
ENSG00000102710,0.815888274527865,0.551594928547635
ENSG00000102595,0.7397645987064772,0.5185081619772238
ENSG00000136169,0.10202854483474451,0.1044618606263422
ENSG00000136147,0.9042391988861844,0.9553305681575848
ENSG00000136144,0.6319967262903758,0.9384441712790323
ENSG00000165480,0.60181384116368,0.5090190287766482
ENSG00000173141,0.8054593680006892,0.5176525141660895
ENSG00000165487,0.8291040349813459,0.5995150675303944
ENSG00000120697,0.3177335182670727,0.09832959916022704
ENSG00000120699,0.5109464925750455,0.12773462438439426
ENSG00000151773,0.42421102764612395,0.27758260688974545
ENSG00000179630,0.4064544111229681,0.48723186036878763
ENSG00000185896,0.41788420244081703,0.8251350656436218
ENSG00000139835,0.678063368061389,0.9387623828409905
ENSG00000150401,0.9567613207169704,0.45002527650072033
ENSG00000150403,0.1348222435047025,0.28348264820066077
ENSG00000198176,0.6260876955630383,0.5415661733108899
ENSG00000153531,0.22603180792526598,0.6195037613578838
ENSG00000123200,0.51091276586979,0.6339222871625226
ENSG00000132953,0.13426632424136603,0.1616190759063371
ENSG00000005810,0.798503628665507,0.7090362807464827
ENSG00000196199,0.03875422690060282,0.2375026052678372
ENSG00000121390,0.6415062872596431,0.9087995316602239
ENSG00000139668,0.04958566522260902,0.14490673190722675
ENSG00000102796,0.6412231655798983,0.6684660339414084
ENSG00000136153,0.08190081591582893,0.27550394999603495
ENSG00000139508,0.12706203648783948,0.20695189559134802
ENSG00000132963,0.9345102662089764,0.8168382642439853
ENSG00000120659,0.20203160135265316,0.5116090562242317
ENSG00000134900,0.13273239930351918,0.21914006389383614
ENSG00000123191,0.02730195243913327,0.0832951238811539
ENSG00000253710,0.061010850468244435,0.14069034246513665
ENSG00000139496,0.03979343435869905,0.09564198761989397
ENSG00000244754,0.9470412287578296,0.7816621321566515
ENSG00000280165,0.1309481886640784,0.2302658886571719
ENSG00000150459,0.8227471919084025,0.567582019130769
ENSG00000139618,0.01226544011179855,0.02982097664483937
ENSG00000102606,0.33277027007884,0.3829850471752607
ENSG00000132964,0.020060789110333304,0.08980224079010182
ENSG00000130177,0.8171887794068,0.5028082463180852
ENSG00000169062,0.8441927895413766,0.6735003739626181
ENSG00000198824,0.24312193258187234,0.28006004481004737
ENSG00000102471,0.02791840846859873,0.10019519231156712
ENSG00000088387,0.6344426241560701,0.7608354609020401
ENSG00000120694,0.8725674743953862,0.7970056155699079
ENSG00000187676,0.2749499580200881,0.36531887220606163
ENSG00000180776,0.07898210255960658,0.15030845226969733
ENSG00000118922,0.5847620172441441,0.7760580109359476
ENSG00000139793,0.9734804549677339,0.7860729809477387
ENSG00000057593,0.8582014917819953,0.8016978316950851
ENSG00000126218,0.41552184144840265,0.9554217687594898
ENSG00000126226,0.6190735373729728,0.445144265600264
ENSG00000139842,0.7868430886844077,0.5515017438844696
ENSG00000126217,0.2983287168804635,0.594720361246214
ENSG00000136160,0.05881480746750495,0.1401599685562879
ENSG00000139737,0.6069506397823923,0.7892096910707802
ENSG00000133121,0.34780342099677963,0.5626100175378038
ENSG00000123179,0.4297457479529033,0.29386106152842517
ENSG00000276644,0.15965103037069428,0.2014376842292459
ENSG00000152213,0.35678950423666134,0.14131675207486236
ENSG00000134901,0.2870852161104,0.7887905783875943
ENSG00000152520,0.9793486998630938,0.8600108738541251
ENSG00000102755,0.7193138051636778,0.5521227393201765
ENSG00000083635,0.28579928447119163,0.15369604837048814
ENSG00000133114,0.0713627754189699,0.048256797604792234
ENSG00000188342,0.8604141539655554,0.4176668316784644
ENSG00000133112,0.8907398361261718,0.891226083673929
ENSG00000174032,0.5996292752855406,0.37776570799187803
ENSG00000139505,0.023188956525019965,0.08994031060924734
ENSG00000125304,0.14985490446280342,0.24676833902312342
ENSG00000102738,0.39916021969278637,0.1809960101907387
ENSG00000102743,0.09518168122614463,0.05255668421759507
ENSG00000099917,0.13227827174741755,0.3326699629298593
ENSG00000211667,0.23196430612530677,0.5063817048052046
ENSG00000211668,0.009947509551073291,0.10694558336780832
ENSG00000184792,0.26635615374257643,0.19944006883567839
ENSG00000185666,0.2017661946768975,0.28509878669335775
ENSG00000099985,0.5490899573365156,0.3322922889849835
ENSG00000185721,0.010075393512815755,0.016811856786129988
ENSG00000100225,0.01967948486902951,0.052907172777045736
ENSG00000100365,0.25364376823701706,0.42931730199116336
ENSG00000198089,0.002174572684045356,0.016463196338554635
ENSG00000100354,0.06989797357573392,0.3022793974971867
ENSG00000175329,0.08171310262938389,0.37716491439453914
ENSG00000100294,0.4363899713612105,0.19241385108254402
ENSG00000100170,0.48894401576093927,0.894925649163608
ENSG00000128342,0.6950248756877473,0.9763989889588796
ENSG00000100307,0.9665267865306788,0.48969608724199243
ENSG00000054611,0.007970694144915077,0.02348075478795438
ENSG00000100426,0.014267365806128892,0.02998576182099428
ENSG00000100316,0.23281171108190093,0.25331158374263035
ENSG00000075218,0.10857943087377175,0.15251431453276587
ENSG00000184708,0.04332915272440184,0.08824976908120358
ENSG00000248405,0.6252685256800988,0.4459532767235992
ENSG00000100347,0.01872532316259556,0.043929373420043744
ENSG00000075234,0.0030370575374790553,0.005920376938102836
ENSG00000100372,0.9128722432400205,0.7682975847566027
ENSG00000100106,0.08854038632550368,0.24502738076936362
ENSG00000100304,0.020469566610059803,0.08841309005909768
ENSG00000186654,0.4088502622667578,0.2977002017693352
ENSG00000100150,0.43307521402690996,0.4525604659306991
ENSG00000198355,0.4083054560589189,0.34865510631036767
ENSG00000093000,0.032142274114745045,0.06006110845400618
ENSG00000205593,0.9226656094072576,0.58118592535221
ENSG00000130638,0.24618113856945306,0.4471317327144916
ENSG00000100422,0.10272678948837997,0.21837413622978324
ENSG00000100239,0.32845520743890766,0.5447761163647254
ENSG00000183530,0.026898308065835253,0.0911294857652892
ENSG00000188636,0.013408956138024309,0.08093940363985955
ENSG00000133477,0.0050699718257741135,0.005456924344332492
ENSG00000182858,0.31815908856248654,0.3944025738133675
ENSG00000100321,0.9609341482250682,0.5172333505931723
ENSG00000100360,0.26706014938200084,0.26963430971495395
ENSG00000100311,0.8735009101435679,0.6818244489662538
ENSG00000138964,0.2237658021808042,0.8992491841672089
ENSG00000100290,0.8250840783551499,0.6307535823634541
ENSG00000100271,0.36150728690921097,0.5198597058736433
ENSG00000100124,0.20215205572060335,0.29697302478405596
ENSG00000100300,0.4593591893833394,0.39446211383349594
ENSG00000100105,0.0812049348405264,0.2367018940929934
ENSG00000196236,0.10059209014468193,0.08847071928828097
ENSG00000183579,0.2544735064121945,0.26633576280194643
ENSG00000100266,0.04855725204997342,0.14700279213947506
ENSG00000100220,0.0038000513387433594,0.015088618541450053
ENSG00000128245,0.4666516852680531,0.7743304164009427
ENSG00000128203,0.055005228294529106,0.31610973548844706
ENSG00000100104,0.15017540374539196,0.41351180739627014
ENSG00000100109,0.03871271221564612,0.15551825897762167
ENSG00000133466,0.4296609706372101,0.8510108435342854
ENSG00000100014,0.022217366939731864,0.10909723730804553
ENSG00000128271,0.8646396080052142,0.4327894060354901
ENSG00000100028,0.0012244551032996138,0.0037705425496525427
ENSG00000178026,0.1264506363432032,0.1698757209533601
ENSG00000100031,0.5177949908695,0.33798709008350825
ENSG00000219438,0.26285312797373594,0.09702004243129968
ENSG00000100030,0.08204529732369482,0.23290566910226343
ENSG00000100330,0.0545691955081315,0.1826462209327378
ENSG00000100359,0.008954569567841004,0.005925301540266786
ENSG00000133422,0.7577151258818825,0.8823687062587997
ENSG00000283809,0.88448951171115,0.8420597996350802
ENSG00000184983,0.4809732716681522,0.8835576174884736
ENSG00000189306,0.45578785476129435,0.5211737896027973
ENSG00000100246,0.6015686645732465,0.7207411317358452
ENSG00000221890,0.6034011924167255,0.7407243329781409
ENSG00000183741,0.07907784415509536,0.052686273643635054
ENSG00000128383,0.6317399116025684,0.8556911852294536
ENSG00000179750,0.28267842184022035,0.2459499921840469
ENSG00000244509,0.5870255484303613,0.7875018512455305
ENSG00000128394,0.5385644955582074,0.6666246758067482
ENSG00000239713,0.44620183604878894,0.9900192949529373
ENSG00000100324,0.17108846529526556,0.24427850001560727
ENSG00000128268,0.626490805159452,0.6781980634687279
ENSG00000100335,0.01043765508525245,0.044499198075820735
ENSG00000187051,0.9935139872435309,0.984407173684798
ENSG00000131100,0.6734821922242269,0.782318401178473
ENSG00000099968,0.016362803779440386,0.03298225227413289
ENSG00000243156,0.05081996074214326,0.20932172633411925
ENSG00000100416,0.12932399834960256,0.0948553200304222
ENSG00000075240,0.13262787570908213,0.285888727432097
ENSG00000075275,0.9443655514350977,0.5665038984710582
ENSG00000015475,0.03604618658946842,0.03974691671375394
ENSG00000100234,0.8931756418717005,0.5879845635210452
ENSG00000184164,0.8258526052025524,0.7612011933635952
ENSG00000188677,0.36731195720352716,0.3780873573797564
ENSG00000100403,0.05283212532833378,0.15741313806426732
ENSG00000167074,0.9830646912347116,0.5235432067121508
ENSG00000183864,0.5100898002634482,0.8452613190439989
ENSG00000100410,0.02410015728815103,0.05981410448741897
ENSG00000100413,0.1782593811058619,0.15306488336483295
ENSG00000100417,0.07875390651165956,0.12988154963981297
ENSG00000100418,0.019989697727803898,0.02749462274468733
ENSG00000196419,0.011119402323695049,0.037104087558261806
ENSG00000100138,0.5994159883175145,0.1328175969345499
ENSG00000100209,0.04746859277717863,0.12768815265835154
ENSG00000183765,0.03486526626777927,0.013052446071005861
ENSG00000093010,0.7198850045392975,0.8107599283863351
ENSG00000099889,0.023333063617882507,0.04315259054700652
ENSG00000183597,0.3076752388768615,0.31762568539276526
ENSG00000099901,0.029937527385480497,0.02481975397986147
ENSG00000099904,0.0600301273829726,0.10841888165025869
ENSG00000100084,0.01664389893148074,0.05464664777946651
ENSG00000070010,0.14729268541403484,0.18889227322011284
ENSG00000093009,0.12460143453664688,0.05366788509142699
ENSG00000184702,0.07820539344774674,0.22691767926340697
ENSG00000185838,0.5444980179701819,0.6305112764039661
ENSG00000215012,0.02589568669706847,0.07499130400571372
ENSG00000040608,0.8478599995075804,0.7585023658285888
ENSG00000128185,0.5619333025564426,0.5493461355185689
ENSG00000184470,0.9744281987389322,0.8242835638429732
ENSG00000170638,0.2222107239014554,0.3794573504187104
ENSG00000128159,0.9425209210380042,0.8580009059380467
ENSG00000100429,0.8272212866828546,0.9925382323549021
ENSG00000188130,0.7820224286010432,0.8926160527008986
ENSG00000185386,0.7390224971039673,0.2694328425012427
ENSG00000242259,0.28149252727995944,0.2082942900687208
ENSG00000167077,0.12381538955510539,0.44555920360914847
ENSG00000198911,0.1191692095550941,0.34186145056215395
ENSG00000100162,0.42493803957205434,0.20618042984546436
ENSG00000198951,0.12540718887379954,0.29299462041767993
ENSG00000177096,0.05838449740554277,0.22175323993366247
ENSG00000100147,0.019110257907123562,0.03564877286113505
ENSG00000100281,0.0010043162179568976,0.006173937104501979
ENSG00000100297,0.07501474922773269,0.1151634385942048
ENSG00000100292,0.5116174567012144,0.878088030566735
ENSG00000138867,0.04414655128767833,0.10715914976499619
ENSG00000133424,0.141717741031484,0.4118655843740513
ENSG00000241484,0.1982631147792973,0.23737229749103972
ENSG00000128309,0.6215284103687237,0.41636699569794833
ENSG00000128346,0.7491476298036072,0.5113320092481952
ENSG00000100142,0.8713934912693865,0.6458221023915951
ENSG00000100151,0.217110465778148,0.21516198634581957
ENSG00000128298,0.7819722590783875,0.7841121688156444
ENSG00000161179,0.03742292990210486,0.16553343126639553
ENSG00000128228,0.950752476872578,0.9028371775822477
ENSG00000100023,0.04808951111726258,0.22513058590431742
ENSG00000100027,0.09039362367037444,0.34686144527344
ENSG00000185252,0.006068769666592928,0.016582708304052812
ENSG00000099910,0.386750766001676,0.810824736820541
ENSG00000133433,0.6596625687431624,0.8373459046388305
ENSG00000099974,0.20313678889347106,0.3410234979251266
ENSG00000099991,0.9760877613063228,0.8071150063352635
ENSG00000183762,0.1699125508848353,0.29993039332427
ENSG00000186998,0.01894089482234981,0.019870983752492116
ENSG00000100263,0.6990666558676752,0.7703093255152962
ENSG00000100296,0.014865152374246274,0.07422425076267528
ENSG00000184117,0.05086646036886484,0.0632474335728542
ENSG00000186575,0.7141155203122228,0.5493153954904066
ENSG00000100319,0.41049896444459266,0.7291747321928466
ENSG00000184076,0.8072496004968551,0.4231334497453523
ENSG00000239282,0.7734649271615748,0.29590281766830717
ENSG00000099992,0.10579493316554549,0.4015054682279737
ENSG00000099995,0.03262276051494898,0.14314743438893052
ENSG00000099999,0.26411033833784536,0.3764997996523184
ENSG00000100003,0.48499707029329864,0.40827950258127177
ENSG00000242114,0.5953797316352608,0.5144860937824844
ENSG00000128242,0.7305061978660528,0.739622396136353
ENSG00000100029,0.2962978525664548,0.21886898850298828
ENSG00000099958,0.9955797368142835,0.6130905358754553
ENSG00000240972,0.6221801135477381,0.7253084787389161
ENSG00000099994,0.7439578979072932,0.9866146958337084
ENSG00000100284,0.10588335073880539,0.251483376767456
ENSG00000100216,0.14700045588383087,0.09446375482338884
ENSG00000196576,0.03150978344744527,0.12323802560224172
ENSG00000100075,0.8137369929569116,0.6470638829208268
ENSG00000183785,0.2818325391204626,0.3228837000081658
ENSG00000239900,0.03869135616006843,0.06489197485479686
ENSG00000100218,0.788629055008947,0.2345986197828475
ENSG00000128266,0.5842675304764169,0.9701376171629983
ENSG00000186716,0.0336412705046715,0.1302031020641048
ENSG00000100116,0.1024383330665655,0.17681837436965211
ENSG00000100129,0.0783771902808889,0.15790219357896393
ENSG00000100139,0.45744107564846637,0.7055183012435848
ENSG00000100412,0.06785136364555433,0.2368520235191404
ENSG00000100280,0.10752966202376009,0.18950442788247865
ENSG00000185608,0.6635088710138747,0.3499773781707922
ENSG00000243811,0.28507673560892,0.6707698711326985
ENSG00000215193,0.005824449574318971,0.029181711641487418
ENSG00000099937,0.3259839944633235,0.25889329343569784
ENSG00000099940,0.011267792746936952,0.028296419126770812
ENSG00000099942,0.049306338264066815,0.19112107429896746
ENSG00000184436,0.9469329483959037,0.8255867252723077
ENSG00000100207,0.025988352737551252,0.10451046948282122
ENSG00000100336,0.8863245681421621,0.6254241121885293
ENSG00000183773,0.002325525001555846,0.00168860996360205
ENSG00000100258,0.9683135933173218,0.6784599689839466
ENSG00000025770,0.7485313517366244,0.5850439869195418
ENSG00000284194,0.26660719000707417,0.1609756247459385
ENSG00000025708,0.6144487704078019,0.7589643282158716
ENSG00000205560,0.6786742918972268,0.6165113786919963
ENSG00000100288,0.44662675823973486,0.9481302301861325
ENSG00000008735,0.37881276523507457,0.2356780223460735
ENSG00000100299,0.5579402322839133,0.6626679628900782
ENSG00000100228,0.41620787874324483,0.31893048038333444
ENSG00000189060,0.806806459337089,0.83255057267915
ENSG00000184113,0.38669525052457676,0.1437667694110616
ENSG00000100034,0.25353959839299656,0.5873222979514605
ENSG00000100038,0.06226145260703066,0.11421974191571685
ENSG00000211637,0.038012589960615656,0.4060808011188759
ENSG00000211642,0.010732707803917137,0.09165171536717519
ENSG00000211638,0.037072574447072286,0.228735012581734
ENSG00000211639,0.04401201419614771,0.3170224324865378
ENSG00000211640,0.07417875614950635,0.604285344760483
ENSG00000211643,0.02617313655265913,0.13932225873639906
ENSG00000211644,0.1727944065092741,0.7880186671731606
ENSG00000211645,0.4337586114822539,0.9160362011108691
ENSG00000223350,0.5252557557239442,0.7277281389948329
ENSG00000211648,0.05493239395144097,0.4818569383148692
ENSG00000211649,0.2953440338993375,0.9329085256289877
ENSG00000211651,0.1472900175392425,0.4438570667590226
ENSG00000211652,0.09914291953083794,0.49660567177179604
ENSG00000211653,0.09859056190369671,0.774914855251357
ENSG00000211654,0.003249317344842522,0.0175134521366027
ENSG00000211655,0.5734817578240008,0.10808697247409378
ENSG00000187860,0.058221812873405485,0.02210516654983698
ENSG00000177989,0.9312473644095327,0.3822289225971698
ENSG00000100221,0.0050910248867855334,0.03454181042618824
ENSG00000100345,0.0919116493989317,0.2861113474480186
ENSG00000100302,0.5544990674640526,0.9273095866740603
ENSG00000198125,0.39648811478272683,0.7311461142799538
ENSG00000221963,0.06095407390965916,0.24344958285288384
ENSG00000128335,0.32946915180934083,0.7102896265528778
ENSG00000206069,0.8908721037259353,0.6397512040386111
ENSG00000197077,0.07109197921691561,0.23551730565882603
ENSG00000128272,0.23541206116099414,0.38640776701456714
ENSG00000100368,0.3081145910641648,0.8002288275112344
ENSG00000100077,0.09469245984102034,0.13324536792765163
ENSG00000100380,0.020653324536168673,0.07264269667392695
ENSG00000073169,0.011849278326901472,0.03894131388917116
ENSG00000244486,0.5362839150750954,0.24982435014709367
ENSG00000133460,0.09003708138469277,0.12662279852890448
ENSG00000100154,0.33814692777963057,0.6074505159730814
ENSG00000100167,0.2281122921151854,0.10477901748035691
ENSG00000100379,0.6413689688147308,0.6105586866156809
ENSG00000128165,0.33777387382454016,0.5356770444613829
ENSG00000100241,0.895350101552433,0.7509516356053298
ENSG00000079974,0.021450876054470297,0.0697564682152655
ENSG00000186951,0.027459737779767637,0.12721896213674438
ENSG00000205643,0.8289253027129272,0.8185133081716578
ENSG00000183172,0.7896724575622398,0.6925233205428303
ENSG00000128274,0.42897788369282874,0.14960217629951536
ENSG00000242247,0.34946230236735987,0.68016358482317
ENSG00000100243,0.47265891564753226,0.4253342884802398
ENSG00000100348,0.08109521158166776,0.05283114392652311
ENSG00000100350,0.16305948913098153,0.14750521093153715
ENSG00000100353,0.011677983423926706,0.046121177713811454
ENSG00000100242,0.2361103937994289,0.7812415071176617
ENSG00000100425,0.027315603069273976,0.1344744347892976
ENSG00000241878,0.11629012268865357,0.10091559167814419
ENSG00000177663,0.1936618848986866,0.4285899662481413
ENSG00000069998,0.030652939024219145,0.020653415495234126
ENSG00000100211,0.7191301395205452,0.5953267309099245
ENSG00000128284,0.4832895312385229,0.5787821678302459
ENSG00000251322,0.48857041516785216,0.7753713307388501
ENSG00000100320,0.4870362037768907,0.9913500417502147
ENSG00000099998,0.8125987853538881,0.28339292619124157
ENSG00000185651,0.5551722801471928,0.41681816944372574
ENSG00000093072,0.10216511605747107,0.32237858595446545
ENSG00000100227,0.1077923508371893,0.3534587967293148
ENSG00000241973,0.0354378626079044,0.19006961074115059
ENSG00000169635,0.1260363367388877,0.16831849571142657
ENSG00000100351,0.48943120208429236,0.20402740018085605
ENSG00000235568,0.7323956755607032,0.7289709632717978
ENSG00000185686,0.4470378046147967,0.31940557387956553
ENSG00000211658,0.022549403066255115,0.15943318787294924
ENSG00000211659,0.022588453596315963,0.25845571366260667
ENSG00000211660,0.045055701266096745,0.376597071884192
ENSG00000211662,0.02997904988872927,0.22538513540477714
ENSG00000211663,0.05109579862692574,0.43902731686476937
ENSG00000211664,0.024193349330380608,0.21791682271102764
ENSG00000211665,0.010095022504039326,0.12180238484458009
ENSG00000211666,0.015513956278853824,0.19364590744715898
ENSG00000070413,0.23235684675426543,0.44180012364475363
ENSG00000100226,0.019574648080821995,0.09004799717726122
ENSG00000250479,0.44817843216304865,0.5065691648829873
ENSG00000099953,0.5949259317484179,0.4174731509722236
ENSG00000100325,0.12562246781890554,0.1954563966686903
ENSG00000100395,0.07223922262989238,0.13358586750588883
ENSG00000100399,0.654731471878153,0.6242039715146221
ENSG00000185022,0.10966210678520583,0.32221429691748804
ENSG00000198792,0.21084258275313822,0.6169096630507029
ENSG00000213923,0.3420637486429672,0.5627608576774608
ENSG00000100036,0.425937441546855,0.23007174940292113
ENSG00000167065,0.026887354753992877,0.0950482551946584
ENSG00000185339,0.13921112789748286,0.3421163057922641
ENSG00000253352,0.10493910888368245,0.15922449191837482
ENSG00000100385,0.22267285250432928,0.9556437522994836
ENSG00000184979,0.527499566651402,0.8705209432771859
ENSG00000100099,0.028326703644805648,0.14481455599079118
ENSG00000100083,0.45710128318800425,0.3712876998696504
ENSG00000100092,0.7091988687948045,0.5764205941160462
ENSG00000285304,0.10950479306842596,0.18099672385743745
ENSG00000100097,0.42103312787486724,0.12477163268911773
ENSG00000273899,0.7881301243408153,0.47089193374442895
ENSG00000184381,0.49478304639157944,0.13676871909772845
ENSG00000100196,0.25782307453915077,0.5137468828152095
ENSG00000100201,0.05916836508043662,0.17198667503318832
ENSG00000128311,0.9967472876196228,0.3166287521274814
ENSG00000100055,0.6060124536350644,0.6774029305628869
ENSG00000100060,0.7323155049811724,0.8082828834542632
ENSG00000100065,0.019134903746181143,0.06470955916587116
ENSG00000128283,0.7275246031388671,0.7300466955291882
ENSG00000100079,0.011018562635778408,0.030737072269750282
ENSG00000128340,0.309978251810249,0.7665210145808341
ENSG00000100342,0.810719839324992,0.8488949734165027
ENSG00000185340,0.6066910282378597,0.4845647052233214
ENSG00000196588,0.7183351159820972,0.9447143713416535
ENSG00000099949,0.061531208409384607,0.15931918258267388
ENSG00000180957,0.1211005108462546,0.19076753139631708
ENSG00000169184,0.5467563716846174,0.40042218159608467
ENSG00000100387,0.8134876681373138,0.8243534914016242
ENSG00000100393,0.07860033522103672,0.28477970128270774
ENSG00000099956,0.06930013782259146,0.16459597830617329
ENSG00000211669,0.23749397213746698,0.9558372221664909
ENSG00000211670,0.016778393725109624,0.13569056324777176
ENSG00000278196,0.08700508456733796,0.5161961222658805
ENSG00000211673,0.006879705025443933,0.09741738976415341
ENSG00000254709,0.12715646019629492,0.7776763242539848
ENSG00000211674,0.07096247746020476,0.4274185971248319
ENSG00000211675,0.07310758305987393,0.5589085894102204
ENSG00000211676,0.3645293619006944,0.9004954309216363
ENSG00000211677,0.032832249116987546,0.33294093198855307
ENSG00000211678,0.08592340356174002,0.6647186933797545
ENSG00000211679,0.0218399984425805,0.24500916565133304
ENSG00000211684,0.374884697639962,0.058574412036249954
ENSG00000211685,0.30359064560739685,0.8507068879489317
ENSG00000099977,0.16805992721447038,0.21763598651726765
ENSG00000099899,0.748106977194613,0.5433200944607928
ENSG00000100401,0.37494071330765477,0.5171459003746012
ENSG00000128294,0.516040642773089,0.9694245452412158
ENSG00000099960,0.011756906302905058,0.0025709647692937474
ENSG00000187792,0.10843134394502395,0.22566866546503964
ENSG00000128218,0.3703996669339018,0.6091854507469612
ENSG00000182944,0.08423731903601406,0.10439168511348264
ENSG00000100364,0.6467397384346402,0.33624560779905865
ENSG00000100373,0.35986616041396213,0.7083793815106693
ENSG00000100376,0.22842032719714758,0.44310641110995763
ENSG00000128408,0.2508401455735588,0.030899420050010742
ENSG00000077942,0.3875563246385818,0.9229778295266968
ENSG00000172346,0.008682152549620757,0.003052340505445498
ENSG00000241360,0.8884822716940506,0.5588752221805703
ENSG00000159873,0.01072731381685808,0.03788660841144624
ENSG00000100219,0.009840789524913626,0.05807000486664317
ENSG00000070371,0.5998597951320161,0.8373568314971062
ENSG00000128191,0.14081625990017463,0.30006693018817404
ENSG00000183963,0.08527344437871688,0.013538074810463995
ENSG00000198832,0.40325106724270876,0.19906280897464523
ENSG00000185133,0.002986758698861572,0.0021434254549208415
ENSG00000138942,0.149999894556658,0.3946591759912792
ENSG00000182541,0.1204374828551135,0.153740059040463
ENSG00000100100,0.5951182078092294,0.9481566770558361
ENSG00000151240,0.18098891333505268,0.4563130872576485
ENSG00000196139,0.8905444376412973,0.3519970548288386
ENSG00000178462,0.07225443221327475,0.04409263329126678
ENSG00000134463,0.5836939437962508,0.9801568366620089
ENSG00000151465,0.21329918166125597,0.25674540296919623
ENSG00000178473,0.48625404447516174,0.31387033042668694
ENSG00000067082,0.07950688277119529,0.23238186013997073
ENSG00000165629,0.4298994051175936,0.4338201139942607
ENSG00000065665,0.6679838672493691,0.859270979548895
ENSG00000165609,0.8225499324210678,0.7679198468767423
ENSG00000151468,0.27667777588663084,0.7587241546581337
ENSG00000151657,0.23953916381793303,0.2810973489110666
ENSG00000151461,0.29195180626784245,0.7527085340751849
ENSG00000176244,0.6248026492927609,0.7610948905578435
ENSG00000152464,0.4738568692842039,0.3789832200798575
ENSG00000123243,0.44579270180038166,0.7600912705116454
ENSG00000260314,0.8029208697086174,0.8620441016109475
ENSG00000148481,0.04849938723024693,0.13915820641474308
ENSG00000150867,0.5045020335454969,0.9987057074849093
ENSG00000198610,0.30192235025224784,0.7148615056787359
ENSG00000077943,0.027761156159959527,0.04229905984419827
ENSG00000172671,0.08182925681657509,0.09702871116359123
ENSG00000148450,0.006214085813987726,0.023010249877116102
ENSG00000099256,0.5890690148919767,0.4836336354002978
ENSG00000148426,0.34407293293385577,0.15371539838747902
ENSG00000136770,0.4623352443927725,0.6880614925192595
ENSG00000122912,0.10061298212133797,0.08850717983717409
ENSG00000165443,0.0488700136965029,0.07192320290275384
ENSG00000138303,0.13192378035350544,0.18422011202260524
ENSG00000165322,0.11239392291350284,0.2805992729465537
ENSG00000072401,0.3608707071210422,0.44183692475479286
ENSG00000266524,0.7408901535569988,0.8324920020457718
ENSG00000196693,0.15210898457715832,0.2326746473738659
ENSG00000099250,0.8688671646058325,0.36001575857252743
ENSG00000120594,0.6308583556602305,0.9107507994138735
ENSG00000148484,0.5656862846542756,0.6056149332052017
ENSG00000227877,0.5923281826150799,0.7248905000137185
ENSG00000165757,0.9921350332638003,0.38584232964434795
ENSG00000165655,0.9284982656723867,0.8094855504370726
ENSG00000165406,0.021023543166171797,0.17742778677449195
ENSG00000107984,0.6313590162963999,0.49289971644149744
ENSG00000170759,0.15810200564529675,0.40110162466315025
ENSG00000152465,0.04014897476309844,0.14270334338102858
ENSG00000204161,0.4069688754264841,0.9520131365671566
ENSG00000060339,0.5340440911276945,0.42802939722962097
ENSG00000122952,0.8553674583000453,0.5167526734941796
ENSG00000148655,0.5488337168772375,0.5149310903375601
ENSG00000165512,0.055394659345772555,0.10791015864248854
ENSG00000122359,0.684336233456118,0.4448274404079483
ENSG00000122378,0.9531544108318238,0.7151733075503609
ENSG00000107789,0.0818861766153549,0.1558776202114038
ENSG00000108064,0.05337000888732299,0.06639947701981172
ENSG00000138119,0.17215550233400084,0.38670363213959547
ENSG00000165733,0.3003422866199977,0.47295409477780326
ENSG00000152804,0.6862564947309486,0.9355227922121799
ENSG00000107771,0.41016028789669967,0.8384899560157666
ENSG00000165476,0.9665113097567911,0.7932274169447698
ENSG00000184719,0.07128274904306621,0.048510178246745576
ENSG00000148572,0.38858023069578596,0.5242428652620177
ENSG00000181192,0.3252996729316184,0.29826633488082166
ENSG00000107551,0.9670209279104186,0.5600990772173645
ENSG00000155629,0.45532394880049,0.9954808343066799
ENSG00000077420,0.75679241323346,0.538133028863246
ENSG00000174721,0.22050890770642828,0.034779484581732294
ENSG00000156650,0.22311960764059513,0.4225326243249715
ENSG00000175395,0.6915570978434545,0.37388907724852427
ENSG00000198060,0.14054833212900847,0.16353581105625964
ENSG00000213341,0.13011451134361937,0.20073533532104498
ENSG00000151224,0.44122998353056575,0.7120734776132878
ENSG00000107864,0.1700886759219642,0.31878639293036154
ENSG00000138190,0.03102043960405528,0.0690118932240608
ENSG00000122870,0.7248423095484882,0.2872008758270907
ENSG00000122863,0.66030700804138,0.1827961303456094
ENSG00000155254,0.39364277168347483,0.875081872393123
ENSG00000099194,0.6100794068160725,0.7607036939426541
ENSG00000241935,0.5045009408522356,0.22025566571640545
ENSG00000166167,0.1338142163110633,0.2137241418892775
ENSG00000148468,0.06799063537778273,0.14908606189372645
ENSG00000189180,0.04067122960071734,0.1182170327893223
ENSG00000165507,0.26446251502564594,0.03898159662364657
ENSG00000171160,0.5921747620932548,0.9375321183788746
ENSG00000148834,0.788807074065146,0.6955350162202556
ENSG00000165879,0.03481151620223965,0.05375199566835202
ENSG00000196072,0.23520397038871171,0.46054980916769295
ENSG00000165886,0.01645393617271088,0.013785725104951652
ENSG00000119986,0.13849298236424565,0.11590505635112112
ENSG00000052749,0.0670548506736806,0.1380788029827811
ENSG00000177613,0.23458088631407992,0.2601962890918394
ENSG00000213390,0.03919269988931196,0.15954233536459317
ENSG00000166171,0.754223172231464,0.5255413846831959
ENSG00000166169,0.12706357337797367,0.12202441770429677
ENSG00000165669,0.3694501822202698,0.46301455261013336
ENSG00000107829,0.31979218121734104,0.36687672812300587
ENSG00000155265,0.3461406651737905,0.33034355418830047
ENSG00000148843,0.024093648680275866,0.05773065238318572
ENSG00000107581,0.08776991705497894,0.26075988375012016
ENSG00000185875,0.45429614970605914,0.25204585560082615
ENSG00000072422,0.08125446091542357,0.2044552214574429
ENSG00000120029,0.012130965939032758,0.055639489811146504
ENSG00000204172,0.7714014228278563,0.9408589618365922
ENSG00000171314,0.4304259900215398,0.6465977464447361
ENSG00000148541,0.8347195722757434,0.46230664172470737
ENSG00000148841,0.4925856718941438,0.9695204379503001
ENSG00000138346,0.1452048030886334,0.06382444011519467
ENSG00000108100,0.3062859438277782,0.5187556432489822
ENSG00000119979,0.16611879417710348,0.2510035121371668
ENSG00000151893,0.39051148274189373,0.49686514799261816
ENSG00000181274,0.011121647624514092,0.04124360807136236
ENSG00000107560,0.2788046313662261,0.4695485434330231
ENSG00000189319,0.2811916090129743,0.6416646180189061
ENSG00000213185,0.8357352888743088,0.7853436145201621
ENSG00000065154,0.5612543683197777,0.6222883842700172
ENSG00000170430,0.9344046181260818,0.28468891604054447
ENSG00000156398,0.00039501419817403795,0.0024464351755946767
ENSG00000148824,0.8440904651211205,0.6316878105574666
ENSG00000095574,0.05396248687386185,0.14507596536579995
ENSG00000166272,0.5829033139438511,0.9541730117187982
ENSG00000107949,0.38308790796145176,0.22381472406959885
ENSG00000068383,0.5955038929476634,0.7061108268681189
ENSG00000182022,0.4391050859611173,0.4277102250947632
ENSG00000138162,0.726062234557295,0.7745460639756838
ENSG00000148702,0.38315689904315375,0.5316464544855506
ENSG00000107902,0.9820618252519986,0.48225042454721945
ENSG00000089876,0.3305356465217387,0.3251128837533776
ENSG00000166033,0.4137390535357287,0.17413939424352615
ENSG00000148773,0.2070014274767992,0.36573010658183214
ENSG00000165650,0.025812313133400145,0.05758297629912376
ENSG00000203791,0.8310209395439265,0.6595611867390597
ENSG00000077147,0.03893716075765044,0.06794008201790895
ENSG00000171307,0.11289724618617197,0.12078720736743459
ENSG00000183605,0.11591198845911346,0.17411060011003315
ENSG00000180745,0.40152152753050374,0.5218354107997945
ENSG00000120008,0.034284744418414205,0.13191490987206503
ENSG00000165672,0.2808744816636908,0.2204761568520725
ENSG00000171311,0.35531699902620273,0.9126140630736479
ENSG00000203780,0.3741374432392568,0.2574442835126579
ENSG00000196177,0.057870953686392064,0.08259465102045278
ENSG00000108039,0.017910255890879682,0.04425798335636993
ENSG00000165660,0.22644191520172816,0.3880973832688793
ENSG00000187164,0.049064408385594976,0.1435694022572954
ENSG00000165752,0.6328268722380515,0.42801634964553836
ENSG00000188690,0.8296613562217432,0.9058108387155556
ENSG00000154473,0.2601171225642441,0.32879567903629986
ENSG00000119965,0.3971621557395164,0.4893496070428607
ENSG00000107938,0.033653016722684566,0.11595535777058377
ENSG00000198873,0.40445286648995216,0.664517992160421
ENSG00000265763,0.047544986005920144,0.029763426181027446
ENSG00000148908,0.8282101105225135,0.5228820592369585
ENSG00000095485,0.04456570569833552,0.09833903034931808
ENSG00000148700,0.035771474105768454,0.0688381286166411
ENSG00000121898,0.062098257832788224,0.016199568217286464
ENSG00000107554,0.04023066630237408,0.05881503745701316
ENSG00000155229,0.3998460716275316,0.3642265625290414
ENSG00000138175,0.12650012158504986,0.20792424565398035
ENSG00000196865,0.5489086061805413,0.571925896933515
ENSG00000182010,0.3505834077001062,0.34608238409007885
ENSG00000107566,0.00417930870170851,0.029594888710834173
ENSG00000065621,0.26551729014653525,0.3533318089613232
ENSG00000148814,0.23698050008882798,0.15696834767720907
ENSG00000171813,0.3452371722391888,0.383595615470789
ENSG00000059915,0.02905878529906929,0.010457792304817403
ENSG00000107874,0.7219169552849067,0.5214503436214615
ENSG00000120055,0.29101795691852345,0.13213119447041258
ENSG00000138111,0.8534315812568938,0.4520940610032266
ENSG00000138107,0.9885687896342183,0.8159434844816063
ENSG00000122861,0.5946441832725589,0.9739524724222544
ENSG00000099290,0.031439550241502565,0.0496425524764819
ENSG00000181915,0.5559218058705071,0.569155656959401
ENSG00000151929,0.9594775350045297,0.5848672830620997
ENSG00000185532,0.6901792633432243,0.9268233308755081
ENSG00000035403,0.6980291025220532,0.9761492850644655
ENSG00000107882,0.41059752613352074,0.7139397860105241
ENSG00000120539,0.5260723623628242,0.5120197371846886
ENSG00000107890,0.06496700419915664,0.03336074957933032
ENSG00000173848,0.18330711830730886,0.35577176611001715
ENSG00000196372,0.007101616885713837,0.05463289240686853
ENSG00000057608,0.022523676110389,0.07165087394100887
ENSG00000138180,0.4912585570120551,0.4520768022355409
ENSG00000186188,0.16021001227867177,0.215091982938592
ENSG00000148690,0.5092970251544577,0.7988384374900919
ENSG00000187522,0.10779725469308137,0.16406114980796568
ENSG00000148842,0.06327870894742119,0.32121622742333733
ENSG00000156374,0.3565623572164137,0.2476148205996162
ENSG00000173915,0.3476284889411507,0.7897488401614497
ENSG00000176273,0.07927789400879064,0.04669523410292714
ENSG00000173145,0.03474967964733801,0.04053298141264637
ENSG00000108239,0.09683095432063804,0.12606754469162387
ENSG00000023839,0.9385539206493694,0.5472329536856739
ENSG00000107968,0.3473188517654414,0.5996272492498842
ENSG00000119953,0.2191004460228764,0.35434258975341404
ENSG00000138166,0.19922199908114874,0.553501918198019
ENSG00000107951,0.0320465508013905,0.03515101120878537
ENSG00000122862,0.36854458190587536,0.9724128497138125
ENSG00000204130,0.042765766974590544,0.1634754145874918
ENSG00000196233,0.08528524238029508,0.134606509928635
ENSG00000198954,0.5045695807054216,0.6863688877566407
ENSG00000148688,0.5894666992145998,0.5067129967499499
ENSG00000078114,0.5115187821420346,0.6017889378150192
ENSG00000150760,0.14430452483869616,0.2748460650446752
ENSG00000188649,0.30705819942121504,0.6849989091226821
ENSG00000171206,0.7775802629115526,0.4649232396813021
ENSG00000187908,0.13069526081633828,0.09082174162832875
ENSG00000165868,0.11439905690029664,0.07768867989546356
ENSG00000176986,0.2756872153754458,0.42514800283891596
ENSG00000196968,0.5852474610703021,0.9445486718601568
ENSG00000172586,0.7104082452320422,0.6763588229664694
ENSG00000214655,0.01669315457588902,0.044578761678457195
ENSG00000166507,0.4383447523908529,0.9397871600751336
ENSG00000265354,0.5100922307135948,0.32587549241079294
ENSG00000263639,0.2455214581099387,0.1890805361737191
ENSG00000122958,0.3441579565770193,0.2410223036773929
ENSG00000156502,0.07862747988800697,0.18387328348842105
ENSG00000156510,0.08994758471091534,0.011354597505332215
ENSG00000099282,0.6661358816362093,0.7168251932591952
ENSG00000171224,0.5184025209942809,0.6258865267289845
ENSG00000107897,0.22109560934402586,0.4647689431972698
ENSG00000138160,0.280312875814668,0.25739260209951437
ENSG00000042286,0.38702925904200036,0.4281543945107448
ENSG00000079332,0.1862824585556353,0.3049812981794755
ENSG00000180817,0.2859627624270851,0.24991688028697936
ENSG00000156521,0.03185307142291653,0.0822642811957327
ENSG00000107672,0.1019867421371885,0.15785707850916095
ENSG00000166189,0.15589016033904846,0.13843420085109612
ENSG00000198728,0.8565273354002684,0.9378654289722034
ENSG00000148840,0.4848565549295113,0.3830803409329526
ENSG00000166197,0.01794825067333951,0.06546637678915893
ENSG00000107959,0.7750243799669683,0.8894839993097534
ENSG00000133678,0.056552736632637,0.09554392825859791
ENSG00000099284,0.021103466747950994,0.015417465667022661
ENSG00000078403,0.39062917125826957,0.3764724187241235
ENSG00000120616,0.3616509160348689,0.45314091467009443
ENSG00000138182,0.010711191902356957,0.044807451524921764
ENSG00000204152,0.4730682946004442,0.28830679547466365
ENSG00000166024,0.22149293395523165,0.33982639512337093
ENSG00000179988,0.04889013008188736,0.048965391427749326
ENSG00000284024,0.028873844229440063,0.07166181996897837
ENSG00000214562,0.3590444673416282,0.20642724379303376
ENSG00000132334,0.3547145628417968,0.7285953382942172
ENSG00000185009,0.10964217826290196,0.2150853400751787
ENSG00000148634,0.2613816439002289,0.2354537343197294
ENSG00000119950,0.2474982890570335,0.3475643759986847
ENSG00000165338,0.8022774634896824,0.5001001845936651
ENSG00000156110,0.2617183871725996,0.24357432075211177
ENSG00000185745,0.9771794183892848,0.6345337266702326
ENSG00000166295,0.9951432727946694,0.4959588489249226
ENSG00000168209,0.4458531892884491,0.5793030376313218
ENSG00000165996,0.3120136740317244,0.21901369441618573
ENSG00000136738,0.24392229174420596,0.3448035436829291
ENSG00000148483,0.00577666141843664,0.0032754936671392848
ENSG00000107937,0.20392171520448565,0.3336830721178864
ENSG00000204174,0.5314823377507392,0.820806980122606
ENSG00000165730,0.061712063107719276,0.04016023341445597
ENSG00000107625,0.15487325469944832,0.22114941957456816
ENSG00000107738,0.7249425772815766,0.7949908802801893
ENSG00000108179,0.10318086664395688,0.10240157534180196
ENSG00000165424,0.848624420777581,0.5382044450526691
ENSG00000185303,0.15927046579569118,0.2973151609651762
ENSG00000062650,0.024130232062550157,0.10103817737684564
ENSG00000059573,0.2921162432949182,0.1389631584718845
ENSG00000138185,0.9214026843403768,0.41081690771078017
ENSG00000197771,0.29168820569873727,0.25617689404386934
ENSG00000138135,0.4948254035882559,0.9392466285981473
ENSG00000107798,0.25357892499789453,0.5064377032095363
ENSG00000119977,0.11455753409153126,0.320545203264305
ENSG00000119917,0.6390669332795627,0.9895007003405156
ENSG00000197444,0.4456375590591436,0.35893231478825005
ENSG00000198964,0.19567247478949992,0.6131753910863886
ENSG00000198682,0.04020515943375512,0.16426177019455662
ENSG00000138138,0.3526801596925129,0.4157360619434033
ENSG00000150347,0.38249505948948004,0.6625527303871728
ENSG00000107758,0.5782805227433283,0.659852211728185
ENSG00000166136,0.2216451123399289,0.6636558619827209
ENSG00000166135,0.10534242322578168,0.3180128955920791
ENSG00000119906,0.4154643909135216,0.3812430162715429
ENSG00000107815,0.011441629118077905,0.038498234327515965
ENSG00000186862,0.10740003820997307,0.034225504076102094
ENSG00000107821,0.8271794164891204,0.854110704344712
ENSG00000119922,0.6251751432816708,0.9153048710295418
ENSG00000095739,0.33481662543873814,0.41327570173936734
ENSG00000151650,0.3573935983033186,0.3996740871506519
ENSG00000151651,0.10395272855943645,0.11063755012556313
ENSG00000198546,0.6576100157625586,0.7042971827496527
ENSG00000283496,0.9504904920897534,0.7036175044074349
ENSG00000165828,0.2237985596610344,0.855426542721381
ENSG00000148803,0.6242220864850865,0.8810202158387626
ENSG00000127884,0.26627985481435235,0.7510715790409352
ENSG00000225830,0.07237717984785066,0.24798641084475853
ENSG00000198105,0.09118293956514442,0.18202945176672736
ENSG00000266412,0.10401006962107401,0.25166424518542546
ENSG00000165983,0.02546282368804732,0.08361546070733514
ENSG00000253626,0.06250261023479918,0.07838488288651853
ENSG00000227345,0.0532705090445065,0.11275151917900644
ENSG00000177283,0.20530633023897168,0.08257299012584879
ENSG00000151923,0.3317104385204275,0.4583969695313539
ENSG00000165449,0.01310456703838462,0.022846389956237268
ENSG00000065809,0.09245746368053424,0.1527124700683215
ENSG00000156384,0.02360553148462921,0.005799686606998339
ENSG00000198408,0.1611140091182996,0.2356766466529064
ENSG00000120049,0.5402026690187004,0.4833223674196634
ENSG00000173269,0.8874880439228485,0.3374270415637785
ENSG00000173267,0.10991162260383942,0.10026508176808714
ENSG00000148671,0.8608979937441797,0.9825667103598926
ENSG00000122376,0.0041546324711394045,0.0201699741208612
ENSG00000099246,0.11557830740848972,0.36428094760862395
ENSG00000119927,0.7437468236419063,0.6355791905593753
ENSG00000148516,0.6577717277554386,0.24305792938889978
ENSG00000130640,0.22273025181721268,0.31695725250344253
ENSG00000023041,0.03861243501932268,0.07218208935187792
ENSG00000148730,0.787157878213718,0.9707128394115585
ENSG00000156574,0.8103381793963316,0.825703978194658
ENSG00000237489,0.3862458705496531,0.6204476477724123
ENSG00000108010,0.09890897862267901,0.14757961902717479
ENSG00000197142,0.38407144734952825,0.42170856937519474
ENSG00000169826,0.6365284548048732,0.7943459079028855
ENSG00000198915,0.7221290865553673,0.964627143893387
ENSG00000148672,0.2541375877235313,0.20567208510684837
ENSG00000108176,0.8228741525239172,0.5275137830917448
ENSG00000096717,0.18159387574137906,0.2482693392456128
ENSG00000148719,0.5380189254346284,0.33378591658752604
ENSG00000107872,0.282669172067507,0.2647004363485956
ENSG00000172650,0.3754524399704079,0.4363188831469379
ENSG00000148848,0.9503696375815714,0.5776184707673667
ENSG00000155256,0.13023997209883978,0.036488382102373026
ENSG00000150054,0.04503200581591497,0.057447725360292134
ENSG00000095637,0.07095276569080114,0.037761940608531275
ENSG00000169813,0.22080497355189518,0.2625238665598586
ENSG00000196793,0.2793649754658137,0.4440965733731542
ENSG00000198298,0.08224813010285993,0.18548612957320537
ENSG00000169740,0.931751423948188,0.9366879291316185
ENSG00000243660,0.7766168407242399,0.3515389719344928
ENSG00000107443,0.076334561443534,0.07613098828243384
ENSG00000180644,0.7269145739523517,0.7419722346128834
ENSG00000138316,0.46384056145165653,0.7968386559874545
ENSG00000166228,0.5543447444653449,0.696413029293941
ENSG00000107807,0.4093518551540549,0.8475840672780871
ENSG00000138172,0.8004620830219247,0.695961137046206
ENSG00000107779,0.5083228864494086,0.4128943250937841
ENSG00000176171,0.45597800367429675,0.3106363667227819
ENSG00000107562,0.41746315907316633,0.9857712582387157
ENSG00000108187,0.018429890338139417,0.01426074413550737
ENSG00000096746,0.200842791021723,0.42468922530093245
ENSG00000075407,0.1873651823191876,0.6199790504194754
ENSG00000075073,0.182953907847783,0.23131346668808173
ENSG00000108175,0.2837726735796577,0.5614619964856389
ENSG00000197746,0.816260751598567,0.9846986534256525
ENSG00000172661,0.0872514750658693,0.2259372778713583
ENSG00000183049,0.14155973619755022,0.551475152426282
ENSG00000107745,0.18599662142407608,0.3439189341046196
ENSG00000138207,0.9066723834466557,0.34069462305993614
ENSG00000107863,0.012584858407339536,0.08158572037942492
ENSG00000171988,0.021198970708792928,0.10658755216886773
ENSG00000012779,0.41205486803750113,0.2432192122213817
ENSG00000065675,0.14277547102253385,0.3486742427702494
ENSG00000136758,0.1305590438935482,0.3418056137667051
ENSG00000107742,0.37884672466074565,0.7096100953322015
ENSG00000108055,0.1673691786783724,0.27424835191097746
ENSG00000188234,0.8897879604423687,0.7597426215216886
ENSG00000107862,0.20488743636432444,0.1846403203275617
ENSG00000151632,0.809580630146763,0.7491746038190645
ENSG00000095564,0.010136826465299793,0.024156911065258687
ENSG00000107954,0.00013634614068828315,0.0007224849284732332
ENSG00000148429,0.20583781612942115,0.3925268607422092
ENSG00000197321,0.8827013392615207,0.34936889428229245
ENSG00000156026,0.050458166829307954,0.13604460327453344
ENSG00000138193,0.07602785262980435,0.21321475808242793
ENSG00000165632,0.9626470676791935,0.5749309608738702
ENSG00000150593,0.0026974387014975037,0.02578674661620304
ENSG00000214413,0.39833629188462283,0.7063939588434998
ENSG00000108061,0.2678010522850709,0.3429854354382097
ENSG00000150594,0.021871787833618848,0.016991126828342102
ENSG00000122877,0.8133542112447475,0.3874279620265747
ENSG00000148835,0.2259431469535013,0.2693882077697659
ENSG00000166348,0.048024072477896765,0.10486415416299426
ENSG00000107643,0.049475203681939695,0.09269916478484598
ENSG00000128805,0.9286996612335272,0.6623943771813285
ENSG00000165732,0.05689129817536913,0.11480678565507359
ENSG00000152782,0.007265370370091228,0.02796586789842181
ENSG00000152766,0.2835957698631326,0.1777474288007549
ENSG00000138134,0.03255705502653673,0.07757378259234254
ENSG00000107796,0.2223500377225082,0.033321135077201365
ENSG00000166321,0.1315900568405354,0.13194557451043265
ENSG00000122882,0.01186272043947523,0.028639588512050267
ENSG00000138286,0.4820705140194883,0.4963171802307008
ENSG00000213551,0.862255244632113,0.6572937259630147
ENSG00000182180,0.7291876957029153,0.2352399358117184
ENSG00000138279,0.7682879672819516,0.7220953911039235
ENSG00000048740,0.5496452587531979,0.802127555384708
ENSG00000107669,0.15612992049484034,0.21870286639472153
ENSG00000165678,0.2836416990850586,0.24620345259899556
ENSG00000188373,0.13026558502710014,0.18893194649483597
ENSG00000148600,0.01387234079983648,0.017897320140374613
ENSG00000026025,0.980734987222938,0.3946797465126348
ENSG00000172731,0.5168488552977777,0.3967060780453133
ENSG00000148444,0.3824529989684543,0.5716378596025422
ENSG00000168283,0.13557900957712368,0.3122504364346166
ENSG00000165813,0.26352553679857255,0.38091952195444956
ENSG00000165816,0.9849918190325451,0.9453488070240907
ENSG00000204176,0.3878574146612128,0.7578478974405582
ENSG00000204175,0.361997483724812,0.5671122044281447
ENSG00000107679,0.7382668917962425,0.5771130313185975
ENSG00000107957,0.5912952871262305,0.8504189718110494
ENSG00000055950,0.09678371860240244,0.19463536911505439
ENSG00000107929,0.23656022145504696,0.33359900619065874
ENSG00000165806,0.06906569104035762,0.11513856430708441
ENSG00000198924,0.04606958169442052,0.06712396250406391
ENSG00000148735,0.5080110713954422,0.2823843160400873
ENSG00000107816,0.05704353930306355,0.06583701978725014
ENSG00000165568,0.8170406717542908,0.5775446120558148
ENSG00000187134,0.34639749836273903,0.8469327699108267
ENSG00000134461,0.5608473548017467,0.4316567549322492
ENSG00000134452,0.29988415010742614,0.4651241058071771
ENSG00000134470,0.1848519415630028,0.6718568271801353
ENSG00000067064,0.2745297200525021,0.36314196146591604
ENSG00000177853,0.01966789596708182,0.030580110953048044
ENSG00000095585,0.14540031720181482,0.4278237151841049
ENSG00000165312,0.7469573033383278,0.8674308886192471
ENSG00000120549,0.2983883304390444,0.505878930025492
ENSG00000148498,0.013584480565327964,0.08136584439554469
ENSG00000120053,0.4864064918091311,0.5268205647686972
ENSG00000169129,0.42010739790644824,0.6081952069679928
ENSG00000123240,0.20640100869482633,0.7626525930508263
ENSG00000065328,0.10183697330402917,0.1400937353677901
ENSG00000107537,0.036293902374770606,0.021924584584788732
ENSG00000183621,0.29896077462650605,0.2015883348278506
ENSG00000152455,0.043351076930193536,0.11400500405361494
ENSG00000026103,0.1849974899584327,0.558553106992707
ENSG00000134460,0.3722444920781972,0.9771498641705685
ENSG00000134453,0.12984646271701816,0.35529685531652866
ENSG00000170525,0.28768733451876305,0.5623283907199323
ENSG00000107719,0.722997655476975,0.5269534763318805
ENSG00000095539,0.46579669069570473,0.347265026412936
ENSG00000166275,0.018895501395349942,0.03506490472140857
ENSG00000214435,0.644095536621007,0.26435104441852253
ENSG00000076685,0.5321073712133555,0.4189082992614973
ENSG00000107731,0.2024377500060229,0.7182589493258773
ENSG00000198246,0.6273557003967053,0.6298027512655147
ENSG00000077150,0.9423041774572263,0.6089268808534762
ENSG00000166224,0.4327239117935442,0.4363385210974575
ENSG00000065613,0.09721683210968425,0.22702405014065033
ENSG00000065618,0.7118783845535608,0.8289747179530152
ENSG00000107960,0.7446906230809971,0.4640595589573332
ENSG00000107438,0.066413974735618,0.07681688973938273
ENSG00000165633,0.8796467382169564,0.4144361254841995
ENSG00000108242,0.02954414534461889,0.008537285469431092
ENSG00000151208,0.023333719196182594,0.011664888269089645
ENSG00000148606,0.16259058864139223,0.20271429531167645
ENSG00000138326,0.8232054516029321,0.8139318692623039
ENSG00000119969,0.18285527797012655,0.07955508961877254
ENSG00000108021,0.011327112200306015,0.06425908566217321
ENSG00000119943,0.08310851574685245,0.16746303071017637
ENSG00000107521,0.6487073792408438,0.20091282801334132
ENSG00000067057,0.3088386403571209,0.5523797927923779
ENSG00000165630,0.2226108516057138,0.39936998045826966
ENSG00000108219,0.6359004871078492,0.8268696482001157
ENSG00000107819,0.5348775349239411,0.837073287931427
ENSG00000155252,0.8813956812918216,0.9508294617258669
ENSG00000107833,0.43473771360506264,0.24259755035517788
ENSG00000119919,0.6664660337534816,0.9753386791272388
ENSG00000198018,0.04315651936738873,0.06994459515901656
ENSG00000119929,0.5336170054397158,0.2630057728450161
ENSG00000014919,0.10644582524939591,0.03505086078457833
ENSG00000108091,0.5764644759366537,0.5564801199248716
ENSG00000170312,0.7203643081075479,0.4139009240622682
ENSG00000155287,0.5913340400954255,0.9209068966137087
ENSG00000151474,0.7416108197183718,0.8382345932894676
ENSG00000151151,0.17049732543393803,0.10355160775997704
ENSG00000122873,0.14058908056251146,0.17645102422010703
ENSG00000107485,0.19890273117193966,0.11192158343772612
ENSG00000156515,0.5959910950134517,0.8784945181271714
ENSG00000015171,0.4282354154092297,0.6883424396417377
ENSG00000148737,0.7192393046407788,0.613407348982759
ENSG00000047056,0.3781652784636317,0.9157233349279223
ENSG00000107854,0.2162532715109497,0.32572285232941384
ENSG00000165995,0.8588157189459161,0.6742596362385045
ENSG00000241058,0.2749710552225703,0.23103488770132402
ENSG00000165997,0.14995386058485058,0.12368051869277547
ENSG00000198825,0.6723920053607451,0.3660770235580235
ENSG00000107651,0.09142972427554767,0.1574265056958103
ENSG00000151150,0.09869583092432808,0.14798799512565838
ENSG00000151532,0.1119944221574204,0.21738324879482482
ENSG00000095794,0.5883979777809853,0.9129795912964264
ENSG00000197467,0.7855672826139334,0.6839936571963564
ENSG00000019995,0.13654730410046984,0.41769555823274107
ENSG00000175029,0.07985491718949211,0.23418590233372305
ENSG00000066468,0.401304768449818,0.22444756030153806
ENSG00000095787,0.025290781217705206,0.14883842509918987
ENSG00000189129,0.2728761029322565,0.2231790228167727
ENSG00000119938,0.5277583183009447,0.24296500065971943
ENSG00000152457,0.7357899122538727,0.6477480533398943
ENSG00000119912,0.8794515363621813,0.5168362085211868
ENSG00000152778,0.5060103873319757,0.696996034877716
ENSG00000150093,0.8574303913629964,0.741002377865806
ENSG00000180628,0.014895569132967003,0.05652833906224807
ENSG00000171862,0.9606488843014289,0.9086094921034873
ENSG00000138315,0.07795174209498505,0.029816280830621048
ENSG00000138308,0.2553898615368974,0.08410667785647347
ENSG00000122884,0.6229364231052426,0.5735754338714487
ENSG00000204147,0.10426118954620739,0.15503748281329194
ENSG00000148584,0.43146948927407436,0.4245935219826522
ENSG00000148459,0.18198952058720513,0.2036911028005499
ENSG00000136754,0.43324494391027735,0.6275235719802628
ENSG00000099204,0.3053217574740299,0.5204327165443277
ENSG00000151553,0.5574916355644213,0.5905518265663317
ENSG00000165832,0.08712829407293976,0.09349623908614503
ENSG00000156671,0.6590610718952243,0.7528023772027626
ENSG00000165637,0.15966496074483355,0.26307395614041484
ENSG00000165644,0.7167550922047063,0.4516555648107341
ENSG00000148660,0.7680900619369949,0.7837813051646556
ENSG00000108094,0.14007325147870855,0.2812215119971783
ENSG00000086475,0.1507733102017544,0.13491329277692687
ENSG00000165626,0.0024456314721206457,0.011299959286454898
ENSG00000156113,0.42332416017410956,0.15208230747218238
ENSG00000112699,0.006549500638097179,0.013297559596511702
ENSG00000112685,0.07685895286050101,0.16855050825410517
ENSG00000145945,0.8011692875205971,0.7794626795313774
ENSG00000124802,0.11864780158262274,0.16052808655947334
ENSG00000188428,0.03724231593115976,0.07603399487065511
ENSG00000205269,0.4676561596290689,0.5315762562207554
ENSG00000165097,0.0019125109659510933,0.01871216370943038
ENSG00000146109,0.33457834030204103,0.13690160425453063
ENSG00000239264,0.018928617284469734,0.10293483840426053
ENSG00000181315,0.019235813573604096,0.02969329285956438
ENSG00000164379,0.12297952792641223,0.30413653328542345
ENSG00000124787,0.018756687546849195,0.04159436588298469
ENSG00000124795,0.008689609763106978,0.04568249775258806
ENSG00000230873,0.17831312896200968,0.2799655513693055
ENSG00000112763,0.022166468766679288,0.04783337297948144
ENSG00000095951,0.003956088157422128,0.02138243934438932
ENSG00000145990,0.05231413576315032,0.03653627430393329
ENSG00000008083,0.02312015327139434,0.06736342534709254
ENSG00000204713,0.0267319337973904,0.03085432139673096
ENSG00000078401,0.06769358569689729,0.06934657526725747
ENSG00000124783,0.012413826787132952,0.030026392989336476
ENSG00000137273,0.5467056506407082,0.8094243751786518
ENSG00000124766,0.2946456841835557,0.4108265803648159
ENSG00000145996,0.025588866005667364,0.038165936758970044
ENSG00000146038,0.23679460378879877,0.06709566812327501
ENSG00000172201,0.37024005790965275,0.27992846101740115
ENSG00000137177,0.01747890680683552,0.1688440948961394
ENSG00000137364,0.00535364811617204,0.00719849471363169
ENSG00000054598,0.25829679888556456,0.13480528080529264
ENSG00000187566,0.005110599803016174,0.001791462272522607
ENSG00000153046,0.007233303366234741,0.04385813674806079
ENSG00000124615,0.558961741098742,0.28016214754600766
ENSG00000124602,0.08352020572579537,0.022722954223845272
ENSG00000172197,0.004237910390564315,0.015757602962937222
ENSG00000007944,0.12026974355730964,0.4451569797467756
ENSG00000234127,0.029855340846411015,0.01998373075287547
ENSG00000156639,0.0642548400951532,0.10777386041520168
ENSG00000124784,0.03385386961266594,0.13209507033140566
ENSG00000096433,0.008588704196610024,0.01930908850858545
ENSG00000111859,0.15010972025487293,0.34416590566997696
ENSG00000124574,0.0405255591146861,0.1825936688301158
ENSG00000112078,0.03228583584099921,0.16283557851764002
ENSG00000171467,0.060460236582090654,0.15994003215704508
ENSG00000137288,0.6806547618090952,0.12967999409511594
ENSG00000146122,0.8931081692220078,0.4163868772722443
ENSG00000196284,0.7551639886228061,0.4713370514881463
ENSG00000146085,0.02721724672117826,0.09676556490628496
ENSG00000065308,0.2839413321986993,0.6510417554440076
ENSG00000112079,0.01108494752976685,0.027915133801186116
ENSG00000183826,0.011507093489243852,0.009699805322942187
ENSG00000112149,0.46537380105269355,0.8369265040739844
ENSG00000065491,0.01665096029617757,0.054847395351123894
ENSG00000012660,0.6237205685736803,0.6211639206231645
ENSG00000112130,0.32557160768233767,0.14943380380067686
ENSG00000031691,0.08376152284024795,0.15158465472971677
ENSG00000124813,0.30460888377963374,0.3482629586156333
ENSG00000096401,0.11949033705816411,0.23127330744537278
ENSG00000112759,0.02251220143386968,0.10190658343923491
ENSG00000154079,0.05730689497119224,0.00964251283436048
ENSG00000157593,0.35940395793852353,0.2552165935819642
ENSG00000065615,0.009394181981076747,0.036250926524750454
ENSG00000065833,0.8751733404502993,0.8048981234255852
ENSG00000146143,0.01662029610480416,0.013118959039867205
ENSG00000135324,0.008868127349799951,0.02064558421709937
ENSG00000057657,0.4170819653653277,0.8095524521729796
ENSG00000170915,0.06429619829548748,0.062004672320064416
ENSG00000156535,0.2844000046909001,0.11429708837096009
ENSG00000135315,0.013923598287515698,0.03681788798764319
ENSG00000112081,0.038483346029774594,0.09988936943002572
ENSG00000124731,0.7796895299603221,0.5456772813224493
ENSG00000146233,0.012620917750942515,0.017721509218277157
ENSG00000005700,0.01692124353520717,0.07386785649956971
ENSG00000124608,0.27550320624144375,0.32386284651794295
ENSG00000272398,0.19893662890226405,0.3000985058955123
ENSG00000112796,0.544494971199071,0.7630416256869235
ENSG00000096384,0.08930843631077784,0.1718176543031532
ENSG00000173214,0.02823362120528656,0.03934596557719713
ENSG00000187189,0.0956252915878622,0.15864115414155763
ENSG00000137269,0.14352832996005546,0.11233116453949299
ENSG00000111912,0.027869650003762115,0.07251027509519531
ENSG00000130349,0.3580139549153978,0.2500670852112276
ENSG00000146232,0.45675822890197737,0.6180365362118192
ENSG00000112305,0.02949973832197685,0.054081275201665
ENSG00000009413,0.16413880097581687,0.28418055850542784
ENSG00000152661,0.50468946979969,0.22998375750894304
ENSG00000079950,0.10255907651551958,0.2685792273835656
ENSG00000146410,0.4466880903903798,0.2457851631669108
ENSG00000001561,0.4951371436905325,0.725828600261955
ENSG00000153989,0.06436034781285448,0.10682676407898173
ENSG00000112701,0.029776858267502707,0.09540891654694617
ENSG00000198087,0.07900990462634012,0.1719001376443151
ENSG00000112234,0.016054609227579654,0.04965980380572104
ENSG00000198833,0.07755455028657353,0.16850491193406908
ENSG00000118690,0.13425747214546277,0.18836542637942988
ENSG00000085382,0.11132706693827128,0.24390847414301167
ENSG00000112773,0.21013044450233326,0.5234651239007002
ENSG00000203778,0.9993181685859568,0.6279542507571423
ENSG00000009844,0.029196799459423,0.09282752728686823
ENSG00000178425,0.01099300334702312,0.02699248872548996
ENSG00000111907,0.42669687300772574,0.4072570689459527
ENSG00000066651,0.38866956458554447,0.36332565053233856
ENSG00000112339,0.03665808004804203,0.0944923439391512
ENSG00000111911,0.06854550541959217,0.19611662186392811
ENSG00000025039,0.3788962385920014,0.407001438421002
ENSG00000034693,0.025694968015338368,0.07704921754614161
ENSG00000025156,0.5369841351640516,0.36525698071428636
ENSG00000137251,0.036037706631402516,0.03302060740030777
ENSG00000146386,0.04004582119909066,0.016683690116865733
ENSG00000095970,0.42712642867967665,0.11727490984026034
ENSG00000196591,0.24112290525821192,0.2934958324897406
ENSG00000029363,0.05912180004389028,0.0868896593461948
ENSG00000112414,0.20724971574560694,0.4599796906971707
ENSG00000111906,0.49497401018117493,0.9772358031124466
ENSG00000188820,0.3572186122510377,0.8334816744975705
ENSG00000168143,0.5029073627480383,0.526767350990428
ENSG00000123500,0.8313243968193582,0.3673310841849107
ENSG00000079931,0.8322904937117193,0.4297025488136067
ENSG00000112249,0.019765027749707512,0.05253390101701466
ENSG00000198729,0.029620553811143084,0.0515088077593446
ENSG00000096093,0.929228685147345,0.3957840627929331
ENSG00000112282,0.005053144535731092,0.05050834798308067
ENSG00000198523,0.11860072409357061,0.04781713777060895
ENSG00000111885,0.7856069068382603,0.9030162084696676
ENSG00000047932,0.10086954686764205,0.2137190285891985
ENSG00000155111,0.4605757589961682,0.6256758964151705
ENSG00000168216,0.03972665859047853,0.117864468256104
ENSG00000277443,0.4813279047043785,0.6438490967394017
ENSG00000172594,0.034404680158580635,0.10177643911581168
ENSG00000112406,0.13220023510512716,0.31236579251878926
ENSG00000146409,0.040569213345735745,0.03630139433349881
ENSG00000146281,0.09216553658658722,0.12105258739663112
ENSG00000146072,0.6073024709680368,0.742270793315438
ENSG00000111880,0.10081785187936786,0.1689567956992191
ENSG00000119900,0.29777760394750696,0.8712298944448967
ENSG00000071242,0.5007217899203,0.7243176083815102
ENSG00000135547,0.2470184432061068,0.03168510189114091
ENSG00000124596,0.012479858940926167,0.010537757935919295
ENSG00000285976,0.015327856842748027,0.03523040638744057
ENSG00000123545,0.07868918269848922,0.19020460098165828
ENSG00000189007,0.03920890782203931,0.054364667113458824
ENSG00000112195,0.37813700529332106,0.3575489767302352
ENSG00000111817,0.6985669138477162,0.8785221126359128
ENSG00000164494,0.0037487528163699917,0.017337529280795502
ENSG00000215712,0.35375554985165314,0.35186567500968724
ENSG00000057663,0.4070131018515548,0.42003177383943036
ENSG00000112378,0.6398967246862786,0.4040590984803689
ENSG00000131019,0.25789029834545396,0.21804386406352397
ENSG00000051620,0.900309301139432,0.9135578936826246
ENSG00000131016,0.8316565744921597,0.5345191202739582
ENSG00000155918,0.6046111472647078,0.5386850061282504
ENSG00000112742,0.0817501187697874,0.0859051789337566
ENSG00000112306,0.006494174129070731,0.03536573131481801
ENSG00000153721,0.02838563621231253,0.11871350087206559
ENSG00000118689,0.20189013463789615,0.36299327568447903
ENSG00000168438,0.009897267229361541,0.032774180084547404
ENSG00000146425,0.7252716703891102,0.5430388590538724
ENSG00000112769,0.2456742616802547,0.8058681749620302
ENSG00000111816,0.14437627412869192,0.4125763503884732
ENSG00000146469,0.28643992255831835,0.18261548414500337
ENSG00000198719,0.07031479653231798,0.180901918163692
ENSG00000186231,0.002202131964177099,0.0008254392423009064
ENSG00000085511,0.009645304808769031,0.08163889658991991
ENSG00000083123,0.0033765193174500915,0.007763887852219074
ENSG00000164483,0.48014719067993605,0.3518528020492788
ENSG00000112531,0.4491626504025582,0.9994401173004146
ENSG00000112031,0.8964620896887083,0.6791770421696407
ENSG00000146278,0.38844198592550994,0.6523090825472104
ENSG00000146374,0.8070517601964602,0.49711824618547396
ENSG00000198478,0.0812236222792466,0.09227545239333251
ENSG00000112379,0.07616593713422679,0.241430137756505
ENSG00000001036,0.3227563297812229,0.31377112452154965
ENSG00000119899,0.013295520681387459,0.06623684505306908
ENSG00000146477,0.7927109750046691,0.9242942131214027
ENSG00000112290,0.4519214527461869,0.45444218125397007
ENSG00000112029,0.05323263409390045,0.13084879295610044
ENSG00000131013,0.17210803306714192,0.33854990800175616
ENSG00000130023,0.06826936522467572,0.14971384758124914
ENSG00000055211,0.3077189040347407,0.687403463972354
ENSG00000203727,0.5361462796068241,0.5394578909483635
ENSG00000008018,0.059990489501746895,0.04880028933308712
ENSG00000146411,0.4697507816160754,0.49575122014333073
ENSG00000026652,0.7765671650338137,0.6627105681107551
ENSG00000184465,0.14838274925166953,0.1507995423347973
ENSG00000175048,0.24125390523701076,0.39463959342936494
ENSG00000130338,0.6173897741499567,0.7746790917373587
ENSG00000130024,0.0090581926320107,0.05154248669621213
ENSG00000146416,0.11738297177687977,0.16310744763409663
ENSG00000186625,0.04613477886928117,0.23377357690912168
ENSG00000074935,0.09206036335761993,0.08379016891002417
ENSG00000135521,0.07933860719650622,0.11410318387517945
ENSG00000164694,0.9950280589281395,0.4390462705729945
ENSG00000135537,0.002933527148570898,0.02608470153931217
ENSG00000118420,0.00876641951539467,0.012576851048990175
ENSG00000071994,0.006486223733161955,0.014912657501795322
ENSG00000112208,0.08088675812762854,0.010936929501196839
ENSG00000198945,0.19211093217878245,0.39877649638005375
ENSG00000124767,0.015548646311862582,0.015899855729750043
ENSG00000112210,0.5747851946315217,0.14544759847195807
ENSG00000131023,0.05167640848012851,0.18927609671670237
ENSG00000164488,0.5503436954897181,0.4039519556214167
ENSG00000164442,0.0590535422857478,0.32568087628897463
ENSG00000154269,0.19270378282087525,0.5136398184876843
ENSG00000118496,0.0813928999621115,0.29235673877011864
ENSG00000028839,0.06730138762928038,0.18806676295546274
ENSG00000118526,0.5014672155232587,0.8314033468334727
ENSG00000170899,0.1507176284468299,0.1504927271880681
ENSG00000112494,0.608620885098295,0.48433722705870974
ENSG00000219607,0.15167598236306526,0.28793427719178505
ENSG00000111913,0.279124534260796,0.2793760392279166
ENSG00000164465,0.17206190647976763,0.4348087585159147
ENSG00000118482,0.036588602238257766,0.07898971688083516
ENSG00000146242,0.391806117288387,0.9593244611807095
ENSG00000189241,0.29079016721158757,0.37821051246535253
ENSG00000124789,0.005167949096425968,0.02476233742957157
ENSG00000145982,0.016353453095593204,0.0777095867468373
ENSG00000047579,0.06498325670549564,0.03572499021586002
ENSG00000137393,0.8908087093261662,0.7028612715786573
ENSG00000168994,0.8372663345992029,0.5656711444561433
ENSG00000009765,0.02205126156792697,0.023373157687901703
ENSG00000203797,0.015202089087101283,0.012238450179335373
ENSG00000124535,0.3897228519780551,0.25140310619060713
ENSG00000021355,0.14614313197906806,0.15734414492238605
ENSG00000170542,0.15829496349713915,0.14311567601287922
ENSG00000124570,0.03639387018958265,0.00936745409637862
ENSG00000137274,0.34794917381677926,0.22292693902005556
ENSG00000112294,0.009504137700917506,0.03354161235801117
ENSG00000111802,0.10516268633504341,0.08726978958456326
ENSG00000112304,0.4407087039006501,0.17057339856683815
ENSG00000145979,0.04909865330206743,0.026498193384289034
ENSG00000112425,0.157624597645335,0.05823408064700678
ENSG00000112367,0.020366659124143188,0.09552274909995066
ENSG00000137198,0.20673973716933908,0.05029830821572809
ENSG00000213886,0.03245467437649159,0.0376799441843759
ENSG00000204642,0.4944706702431777,0.42976449612701795
ENSG00000111845,0.023927698668873256,0.06472245773115327
ENSG00000111843,0.09102464337972874,0.17758086793710293
ENSG00000137210,0.24356885830929734,0.2110104872566726
ENSG00000146457,0.15887225912786923,0.2918297918730965
ENSG00000120437,0.16147945725777296,0.1243763825356852
ENSG00000120438,0.06193139025362908,0.09431701801268301
ENSG00000112110,0.7845825058624838,0.46754262988678374
ENSG00000146223,0.20155823760149022,0.20062800645313963
ENSG00000221821,0.7394158403754371,0.285342998367629
ENSG00000124587,0.10760284495646101,0.18430944871013383
ENSG00000112640,0.06970885197015594,0.21231916858890829
ENSG00000124733,0.5161698263459966,0.8018338562800288
ENSG00000124541,0.5145440551745171,0.4942409204031607
ENSG00000137171,0.10260844048707958,0.09340496812438087
ENSG00000112651,0.6363629727429361,0.24675345426384448
ENSG00000112655,0.41420978085036375,0.9489884580588112
ENSG00000112658,0.8473754019526959,0.9107878823198101
ENSG00000112659,0.23845967809269258,0.5079876855584051
ENSG00000112667,0.8114012975143592,0.4389120109952642
ENSG00000048544,0.6173758064424549,0.43317734163265875
ENSG00000112297,0.0021387480135000615,0.007776477771840392
ENSG00000130347,0.059110784528871224,0.05203566450249205
ENSG00000130348,0.006393056641437117,0.01651040139129368
ENSG00000123505,0.06420597213442573,0.06622516233335023
ENSG00000155115,0.4749267854385649,0.8892533523110051
ENSG00000197498,0.4231237350346818,0.32655796564140016
ENSG00000029639,0.5539255236372393,0.7834171527604082
ENSG00000213780,0.5294212613859659,0.6187472268636232
ENSG00000196260,0.43973854934817513,0.573187487298294
ENSG00000204542,0.13061474367702125,0.3762656193141243
ENSG00000137411,0.4504997772226591,0.5842434129028539
ENSG00000198818,0.11305536608832585,0.0721431836335673
ENSG00000060762,0.2248209302844694,0.29861642932309446
ENSG00000124532,0.016868149063679973,0.022138897937804485
ENSG00000178409,0.029599220148951718,0.038505263650772656
ENSG00000085377,0.059938963924659194,0.10302075962672493
ENSG00000213079,0.09188650447346938,0.2039109042077216
ENSG00000112144,0.3486773609032311,0.4925885054803124
ENSG00000203760,0.5860333181675884,0.40161304860993075
ENSG00000164484,0.10787977064844051,0.1553886678897849
ENSG00000135597,0.03225281529443333,0.06947303753087486
ENSG00000112584,0.01962344391210738,0.0365624674650108
ENSG00000096060,0.00479784601949272,0.03664818132831552
ENSG00000111863,0.020498266992050044,0.05312397697951552
ENSG00000214113,0.07609284705811568,0.17713133516670465
ENSG00000124785,0.11727807712501076,0.09379552546404432
ENSG00000124491,0.8433505134227908,0.4071601550857705
ENSG00000024862,0.18735876238244623,0.18002827167460733
ENSG00000243955,0.935874733613713,0.9104431083162081
ENSG00000146039,0.09016327413310724,0.010608894908616502
ENSG00000112343,0.07112451145454272,0.14966724746475937
ENSG00000187837,0.2063690429870235,0.09394998672004663
ENSG00000198563,0.09350477754588006,0.10310851627826559
ENSG00000227507,0.5415291438215835,0.10652477082320089
ENSG00000204482,0.5513189525136402,0.18315648951778232
ENSG00000204472,0.4453163539346542,0.7021537321389529
ENSG00000204439,0.46513596139873914,0.40968546469545186
ENSG00000204438,0.007556375570860674,0.028730571618548355
ENSG00000204427,0.37111424497656065,0.2963042830289451
ENSG00000250641,0.18020688685910646,0.34542545074800823
ENSG00000204421,0.35826697426020304,0.2557603107756135
ENSG00000213722,0.5589809979484461,0.968709271173473
ENSG00000024048,0.23948513302926586,0.36241847864433896
ENSG00000124659,0.30916716258389576,0.3326644089345961
ENSG00000112357,0.01733604954126556,0.030833451932172386
ENSG00000182747,0.05384835499822846,0.08352699959246315
ENSG00000242574,0.535068763630812,0.6506032258520953
ENSG00000204257,0.19589380841474813,0.2268644519975629
ENSG00000180992,0.9858783519666409,0.64851527320179
ENSG00000137216,0.519709869867177,0.6873652431257709
ENSG00000171453,0.25412402358706876,0.13326714861382974
ENSG00000137207,0.4443541721473717,0.6391582149168972
ENSG00000124571,0.05431698332302752,0.13640365009011854
ENSG00000170734,0.24032332158219455,0.6057308649513671
ENSG00000172432,0.5332068115834654,0.3104905411380868
ENSG00000124688,0.3158150647394153,0.3874418247839464
ENSG00000096088,0.17152297758007304,0.42001893068955165
ENSG00000137218,0.8766402399173371,0.7776493787738687
ENSG00000156508,0.08068229338392692,0.12364182706792208
ENSG00000204394,0.03909926227476762,0.13844668937056112
ENSG00000204392,0.013534428094301212,0.028677705802020583
ENSG00000204389,0.09404901696502196,0.0897292493003548
ENSG00000204388,0.22033541258684736,0.26315083507450865
ENSG00000204435,0.5636957830564823,0.5303072280064072
ENSG00000197081,0.3187121012123239,0.7281775658854411
ENSG00000112561,0.6758810465201588,0.8429701564771207
ENSG00000135316,0.025664863335232355,0.07121552087883937
ENSG00000204592,0.33691880744252223,0.0469303032177618
ENSG00000204569,0.09259671042268702,0.14616176033616493
ENSG00000204568,0.18434004014086436,0.12154359993239382
ENSG00000137343,0.5668312807602951,0.30712158379799165
ENSG00000204564,0.9509358653686811,0.40270088646588764
ENSG00000204560,0.5068949294978341,0.769501563641287
ENSG00000204574,0.1784544190824931,0.07378899954997639
ENSG00000082269,0.0006974190887957781,0.003873895358183263
ENSG00000183137,0.14983122834669718,0.4058916379833939
ENSG00000124786,0.011347541850486297,0.05250339947492963
ENSG00000214736,0.7594468158068386,0.782964373890674
ENSG00000152894,0.014530395911887397,0.06439985502052809
ENSG00000120254,0.07566894349118167,0.09923173194433019
ENSG00000096080,0.5436277244800802,0.40122404400676304
ENSG00000112146,0.4848557779359096,0.6632093229626053
ENSG00000137203,0.8706562608410175,0.6914990976561718
ENSG00000112782,0.2119657877080664,0.6063140347121303
ENSG00000137275,0.044006744623212316,0.19189161735306373
ENSG00000225921,0.009938555288664788,0.010373294831740602
ENSG00000010017,0.14577897346769508,0.2738429785015111
ENSG00000130340,0.8312202950641598,0.7782676144568542
ENSG00000078269,0.04391507895231392,0.05508513208472047
ENSG00000112818,0.008995220652543623,0.017026511763776047
ENSG00000156711,0.0009149509506906017,0.00275758713721907
ENSG00000096070,0.004008504325431036,0.04063102932710686
ENSG00000189325,0.014571857162475494,0.05080336751624265
ENSG00000010030,0.26720680152799325,0.5028977178713135
ENSG00000137200,0.004303192326532266,0.014506996537448098
ENSG00000198937,0.4426866259207629,0.2502497734836812
ENSG00000124523,6.030143980967264e-05,0.0002988493668549908
ENSG00000250264,0.06968095125169955,0.2969169443782515
ENSG00000240065,0.0790287663868016,0.15588673737279823
ENSG00000164430,0.17308857941755248,0.4011230981394339
ENSG00000010704,0.1225237658572336,0.10740088279245416
ENSG00000135541,0.0026221213414403355,0.017526257649971917
ENSG00000135334,0.6194420870584638,0.7110307735553398
ENSG00000135336,0.03490161550684241,0.030483795446318306
ENSG00000112308,0.061825105585173686,0.1512026280281321
ENSG00000112312,0.017955706936252532,0.01190812616715685
ENSG00000182952,0.08728350213148285,0.11492055080254643
ENSG00000278677,0.5575478868892896,0.4353882463457378
ENSG00000066379,0.20712793974020316,0.0442947535202715
ENSG00000204619,0.12982251888544924,0.09560219769177102
ENSG00000204616,0.1428591949378507,0.16983721776212496
ENSG00000204610,0.14554131945867463,0.1917634383893824
ENSG00000204385,0.5647045106079887,0.460468273738055
ENSG00000213676,0.444084868878187,0.32682765837974986
ENSG00000204315,0.043326962494583475,0.0765287704842387
ENSG00000221988,0.18076092924200934,0.06767452037080203
ENSG00000204310,0.47826436759844815,0.5575174850880951
ENSG00000204308,0.033792082441595574,0.00524072845283901
ENSG00000204304,0.08810310005021418,0.08525914784823714
ENSG00000213654,0.6267477870420441,0.9175611096704618
ENSG00000204287,0.2767754236262858,0.13949944746325932
ENSG00000146112,0.6964355575936468,0.36287553616389434
ENSG00000196230,0.12852731921886373,0.11512745153073992
ENSG00000137312,0.23739144397698722,0.35819069004065873
ENSG00000137331,0.7554218461293758,0.5118012537369725
ENSG00000137285,0.62605678102111,0.8182769955882364
ENSG00000180822,0.21149877271219863,0.15599049054852313
ENSG00000137266,0.03750536845098157,0.19424299605990467
ENSG00000137267,0.5379058924303362,0.49585938879795954
ENSG00000111799,0.3924909186263792,0.7971843503155595
ENSG00000112697,0.7158244234979028,0.8407418023922409
ENSG00000146197,0.2654027223404099,0.6701087996476056
ENSG00000065029,0.05683006769828856,0.03418725371108273
ENSG00000112033,0.7369409077884526,0.5896220572757379
ENSG00000198755,0.010915981322565032,0.04465133875252475
ENSG00000007866,0.15773587554211876,0.39682696293936337
ENSG00000130363,0.02850039841396044,0.07683539606569485
ENSG00000164691,0.3717739941445427,0.9036327967381239
ENSG00000146267,0.3590727017022085,0.27474204400885804
ENSG00000132423,0.06383636920107248,0.038519217616380004
ENSG00000132424,0.19497663459803258,0.3482839158446971
ENSG00000123552,0.04454437237203154,0.03960244092166828
ENSG00000279170,0.2876274720460232,0.31498538906148765
ENSG00000112237,0.011024379120753106,0.023398724640299674
ENSG00000153291,0.08209951553836088,0.08944661244024288
ENSG00000146070,0.4501483651164139,0.960545885781011
ENSG00000069122,0.43224096544849966,0.9911230031285619
ENSG00000204356,0.2322679046609196,0.033318204218701936
ENSG00000204348,0.09728038413654277,0.04437662038144925
ENSG00000224389,0.6296060191715143,0.2797877833176902
ENSG00000180573,0.8756051512637796,0.8014745192371482
ENSG00000186470,0.008814546527549651,0.017708870040839653
ENSG00000124508,0.08433489039019978,0.1597054932588983
ENSG00000026950,0.008967010861989607,0.04645174910375067
ENSG00000111801,0.17660630415940187,0.3536729499757362
ENSG00000111875,0.23716025870696217,0.27294776368677326
ENSG00000111877,0.043954314619662704,0.08466525086152328
ENSG00000135297,0.0052500597694624266,0.027442235326748787
ENSG00000124588,0.6463992194588896,0.7616467334253056
ENSG00000168116,0.34180098128561115,0.31588492973595034
ENSG00000197062,0.038687217177038956,0.07771208361746265
ENSG00000164674,0.8463828210365922,0.949531232788657
ENSG00000186340,0.6227016918683406,0.8512947312340037
ENSG00000204520,0.7661275973357784,0.9672917399165435
ENSG00000112739,0.01710499510166719,0.058976718952053996
ENSG00000198721,0.10481574895693903,0.29489122224454056
ENSG00000249141,0.7169606663189259,0.8623299570040968
ENSG00000026297,0.31730446429945874,0.5062525334780523
ENSG00000181472,0.1335850829636376,0.33036845235160434
ENSG00000155906,0.051973260552367014,0.14230108591072757
ENSG00000146476,0.09763270952202774,0.14061443956224012
ENSG00000120262,0.5941474407267466,0.3292745655440139
ENSG00000118523,0.31016481166457754,0.8768507016781381
ENSG00000118518,0.7650391968138773,0.982052833824995
ENSG00000198315,0.022326940895708688,0.03928728748333096
ENSG00000204252,0.67206195082311,0.3969959907395967
ENSG00000223865,0.18395760410944556,0.26659664435445074
ENSG00000204231,0.7351088699092079,0.5227957545182489
ENSG00000204228,0.21781712439867132,0.026041505249244406
ENSG00000204227,0.44469998662057686,0.4093184878006053
ENSG00000223501,0.6824389001823805,0.6540054850621472
ENSG00000231500,0.024194563420065672,0.010489233753620644
ENSG00000227057,0.26082227567627586,0.1381421360937944
ENSG00000204220,0.3736055178577935,0.0718306943457915
ENSG00000237441,0.0815866769506872,0.371607894077258
ENSG00000236104,0.12520323881835857,0.20619373949257233
ENSG00000197594,0.5696581606586357,0.5215829124193261
ENSG00000237649,0.25773785818058065,0.210870412664051
ENSG00000112511,0.7121788200495835,0.9758329811530544
ENSG00000112514,0.08554453999424877,0.03176646849124316
ENSG00000197283,0.07985955344406283,0.10460822382119526
ENSG00000120253,0.061732980888260874,0.06876260893606113
ENSG00000120256,0.9970586885368055,0.8399820785248455
ENSG00000131015,0.25609195631662207,0.5020252615099643
ENSG00000135317,0.4455343117967442,0.3079673884988202
ENSG00000124788,0.47136193830868756,0.8811721865827195
ENSG00000096696,0.025705217513371584,0.049418957700675795
ENSG00000168566,0.0284035293775408,0.03895406109165898
ENSG00000112578,0.2813861995683751,0.2709075749756431
ENSG00000112576,0.9939568771549078,0.6339678184131603
ENSG00000001167,0.010406049923344577,0.037680948976275476
ENSG00000146373,0.25795305775055843,0.6555212388912508
ENSG00000204580,0.03197353380163093,0.03881703382922907
ENSG00000235109,0.15910285675149297,0.17187260368275825
ENSG00000135525,0.003522530539412978,0.018973593164831454
ENSG00000016402,0.10224459486018538,0.07865355850673657
ENSG00000118515,0.20616051935121354,0.3591580791129596
ENSG00000204590,0.5600837415932414,0.3137416674961346
ENSG00000172469,0.09426733223192921,0.24541021929599408
ENSG00000135318,0.4218934347273453,0.6663229355013026
ENSG00000137338,0.23310833661480823,0.332719230707914
ENSG00000155085,0.05629411161495532,0.1275497114226232
ENSG00000274750,0.4437209235877123,0.33518742166888627
ENSG00000112245,0.09929737511675686,0.10058641156578853
ENSG00000158691,0.005271303478530396,0.014183268048060927
ENSG00000146433,0.07947676750565288,0.17863868319863382
ENSG00000014123,0.044912856955430076,0.03957806016282231
ENSG00000122335,0.6765712460080986,0.6084768906857412
ENSG00000272047,0.9845755730075623,0.5455510002517567
ENSG00000241370,0.7386519314945128,0.4605019789846376
ENSG00000273542,0.9707504017104953,0.7340955886596577
ENSG00000112799,0.4070838812678208,0.9497490310769602
ENSG00000278828,0.9701832812937884,0.9716577290267148
ENSG00000204525,0.6150464081421709,0.24321494692349668
ENSG00000146376,0.034398679140925814,0.12183708174260842
ENSG00000231389,0.844890321733548,0.42293379316723045
ENSG00000198502,0.6146529528098102,0.2486815218287011
ENSG00000196735,0.5144850098807141,0.31006333500007743
ENSG00000179344,0.6551987020734225,0.5427772154353858
ENSG00000196569,0.4104269709865327,0.3445486053362866
ENSG00000196586,0.040851142469759454,0.045370832473332824
ENSG00000137337,0.012958183365829254,0.0473495841367408
ENSG00000112592,0.01600530286943457,0.017548510743318535
ENSG00000111961,0.2623320938399339,0.8165863568636357
ENSG00000112242,0.09035588719853911,0.10077617499010978
ENSG00000030110,0.07037001189425224,0.0904762767558496
ENSG00000172348,0.21603415325756706,0.1253804606448124
ENSG00000124782,0.06430640681737444,0.14335608747530304
ENSG00000112761,0.46108099756678766,0.46243058359355593
ENSG00000204531,0.08225482476765544,0.07960747829726639
ENSG00000112562,0.8265733445431199,0.5695884485092242
ENSG00000112394,0.773523042228894,0.5761679984627004
ENSG00000137161,0.20517887732495396,0.4549644014517751
ENSG00000124702,0.7653195700717984,0.6403157252217802
ENSG00000118513,0.05128751515849174,0.0565162428549407
ENSG00000092820,0.27126310645065904,0.3746430528985839
ENSG00000118495,0.14417404367749637,0.531463720939235
ENSG00000124641,0.36597933113272896,0.5273805729240814
ENSG00000112530,0.3937963194601878,0.26449888276232975
ENSG00000135540,0.026994407341012227,0.059146913851042565
ENSG00000197261,0.004622159418982709,0.01780181741566424
ENSG00000112624,0.276138299447091,0.4638574807087672
ENSG00000196747,0.20424539204578127,0.2891342878191091
ENSG00000273802,0.3540161276486923,0.3400626568567906
ENSG00000275713,0.7313651169352839,0.9771099293720802
ENSG00000180596,0.9836543453757727,0.6969581619515544
ENSG00000158373,0.06465263079178304,0.05835059261406667
ENSG00000120279,0.6181808221081431,0.27053716018303553
ENSG00000164663,0.10197669128609287,0.18194207442091728
ENSG00000197279,0.03926845858174194,0.018424048455474712
ENSG00000244355,0.4877055358914847,0.39785952557724735
ENSG00000044090,0.26164281155451224,0.26625918183355934
ENSG00000153294,0.7516724669176579,0.4319466573244638
ENSG00000196812,0.005328104488746502,0.004516243087445948
ENSG00000137185,0.03228438800277345,0.03159579232461809
ENSG00000187626,0.009640877184547121,0.03305530834236718
ENSG00000124635,0.6077502261238064,0.5371746786364521
ENSG00000196787,0.47102905013208296,0.6216114026266389
ENSG00000276180,0.17566454468895348,0.12552560835275667
ENSG00000197903,0.42059388266655906,0.26304581550471895
ENSG00000112812,0.09668247231031511,0.10157992820302932
ENSG00000124613,0.027843949328001407,0.03817292998130983
ENSG00000096654,0.0019780740177711524,0.015261150770251699
ENSG00000137413,0.3979043973845129,0.49767729650793846
ENSG00000064995,0.03242324966360204,0.08512528560433438
ENSG00000111850,0.1194269328538182,0.04946741262655891
ENSG00000164414,0.1809045986686677,0.3756408041715946
ENSG00000146282,0.03297919152182853,0.06642281688246751
ENSG00000146414,0.003126554006597186,0.00771711698538316
ENSG00000112186,0.6007745254509463,0.493569744909484
ENSG00000137414,0.04452989320907655,0.14019799692068205
ENSG00000112137,0.7138874647829485,0.9498266243521326
ENSG00000112559,0.7141003886839002,0.5630514923289666
ENSG00000050393,0.8473812420812231,0.4511825522673214
ENSG00000112419,0.03622366046732188,0.10365682271661697
ENSG00000204536,0.1361406348772381,0.539434848533678
ENSG00000204463,0.03060974951557731,0.09835235852738074
ENSG00000080546,0.3153422328087249,0.3405119904959179
ENSG00000153303,0.02595205550276264,0.020205533876759954
ENSG00000112486,0.031390601982925155,0.03229253457624772
ENSG00000124762,0.49482643452856057,0.5904945168919162
ENSG00000137168,0.005433135274874537,0.025800177868131116
ENSG00000198663,0.013336217538477016,0.08610158936536011
ENSG00000164530,0.23960304018547443,0.20387611439768002
ENSG00000137409,0.01119927509678206,0.08364408828195612
ENSG00000137193,0.11510171993712394,0.26075281502814873
ENSG00000124496,0.6169016232997908,0.7618169986587626
ENSG00000112299,0.3077067663034586,0.5320555119072435
ENSG00000112303,0.35713837609242827,0.6429011921012799
ENSG00000188112,0.044693701362858364,0.03474706912913415
ENSG00000213719,0.003810438791856829,0.002532403793836149
ENSG00000120278,0.17833675803914906,0.34996105237070807
ENSG00000234745,0.7510488182260161,0.789852573188053
ENSG00000111897,0.17820749216777226,0.38762199217960125
ENSG00000135549,0.026340587419388908,0.10514002797272365
ENSG00000197753,0.0006234542675812499,0.0041526603384654595
ENSG00000096063,0.001641000961910892,0.006405155390748297
ENSG00000189298,0.005253234268173852,0.012705307610018054
ENSG00000112679,0.23513435346162784,0.22964488514905382
ENSG00000137265,0.30753768102339885,0.8679247206310409
ENSG00000027697,0.0455691596276404,0.06849017908978063
ENSG00000001084,0.13467500589177409,0.09059799844094385
ENSG00000204264,0.06643660013196714,0.0647058251412739
ENSG00000111832,0.7460121947854527,0.9753189538511794
ENSG00000153975,0.023380301909544435,0.07408941339082545
ENSG00000196911,0.057543176937988355,0.07543978843197548
ENSG00000204351,0.26682380695801355,0.10380256534577736
ENSG00000146285,0.030259941241501373,0.009053794909176063
ENSG00000025796,0.13013928962598387,0.307934169284233
ENSG00000146263,0.02105139796651981,0.006861749503835391
ENSG00000146192,0.3720902199480569,0.9610533968534584
ENSG00000118503,0.10970866976090603,0.2783944553888891
ENSG00000169976,0.14128161481515636,0.12608974459577169
ENSG00000083097,0.003679479533051979,0.027519031171511124
ENSG00000013392,0.04122266070145594,0.07450923100053772
ENSG00000168394,0.3356173222028841,0.356444564544371
ENSG00000135535,0.4377020417969806,0.3447964604786583
ENSG00000185250,0.8191287117773798,0.8725145245541758
ENSG00000135587,0.17998629471703528,0.06283794330796044
ENSG00000135596,0.5659811799167799,0.503853395512367
ENSG00000112365,0.06265566866315196,0.11658618739351442
ENSG00000013375,0.00285083606047555,0.014265109243854936
ENSG00000243649,0.4983009648941922,0.8387427483318478
ENSG00000112473,0.029184276684318115,0.13053805324533338
ENSG00000112695,0.978653836632677,0.6471100367519582
ENSG00000124562,0.009789549988385698,0.0077200188067902175
ENSG00000065060,0.00389975182304818,0.02391233917240758
ENSG00000064999,0.0017228721360423188,0.01798598102704653
ENSG00000096092,0.4595575009845667,0.3230955526975053
ENSG00000197442,0.024848014492455068,0.22586884995772266
ENSG00000023892,0.6469986891966146,0.6938432172883577
ENSG00000112039,0.01824161778677339,0.029487169283429975
ENSG00000112335,0.42983766828974945,0.6983062223688659
ENSG00000081087,0.19515224021882202,0.49107674065899576
ENSG00000244731,0.9468939276361709,0.5092333883897937
ENSG00000231925,0.3217662268669013,0.4154535918127671
ENSG00000056972,0.7482809882072563,0.6355515684127407
ENSG00000112118,0.4404475203113075,0.3466166740912966
ENSG00000137221,0.651180931224324,0.8461255818671611
ENSG00000196126,0.7149291480239743,0.3434670180930762
ENSG00000185127,0.001010413259609146,0.00451533807771158
ENSG00000204599,0.6342024568257283,0.19046358883276093
ENSG00000240053,0.00016321056555300404,0.0023012511699793594
ENSG00000204371,0.2056333837591402,0.11844607073925366
ENSG00000277075,0.6802633143593693,0.9398528906980919
ENSG00000188994,0.054145251753395865,0.10263375301804681
ENSG00000146243,0.11623084880557093,0.10239156776301273
ENSG00000130396,0.007683694619467948,0.05294530894619044
ENSG00000146247,0.3566299733555579,0.44429674717630074
ENSG00000083099,0.011009359151581726,0.01421738217459185
ENSG00000079691,0.0029582963835557974,0.014619655930302036
ENSG00000112159,0.03684800014722426,0.1064409185750139
ENSG00000135341,0.18370709012225933,0.2529222256627157
ENSG00000124772,0.12462377774455462,0.35793802769471217
ENSG00000178199,0.00014723035362293336,0.0014146027432557495
ENSG00000055208,0.07045105118178012,0.2688700723208113
ENSG00000093144,0.18143913880128174,0.10087469400442255
ENSG00000224531,0.29410768985027586,0.40564068154641786
ENSG00000112167,0.08735456804491676,0.02111507255829299
ENSG00000164626,0.007198924163972584,0.01822514166615032
ENSG00000161904,0.02398710283161263,0.016215241487992655
ENSG00000186577,0.17396604957836118,0.41175238941014825
ENSG00000272325,0.3540972736094927,0.4395181192456997
ENSG00000137309,0.16399412848089984,0.057901438680158325
ENSG00000049618,0.18184668991503158,0.3700062837490544
ENSG00000010818,0.8502680340032621,0.6408190478893199
ENSG00000131018,0.7262696135656379,0.3592765044734293
ENSG00000270800,0.14491303520244372,0.04636253542600468
ENSG00000124614,0.009254836539874085,0.00808871992124491
ENSG00000124664,0.001574095206692148,0.024055416294702838
ENSG00000196821,0.04123641190333489,0.20469172090158697
ENSG00000137166,0.022049555642321028,0.06284620284394937
ENSG00000204267,0.16246957768512568,0.19542942563088145
ENSG00000166278,0.13098179225906054,0.4143556150129246
ENSG00000213066,0.0021518681305049384,0.009350126770086824
ENSG00000152818,0.024781765609611792,0.22248752192140403
ENSG00000204209,0.01205317220966396,0.004450896524232643
ENSG00000151914,0.3680051392140554,0.4143049140694832
ENSG00000112200,0.24526899721081144,0.23444790367749413
ENSG00000112280,0.11432032862600092,0.14663601222755854
ENSG00000112062,0.00464923119919538,0.027955284954189186
ENSG00000079819,0.004623103952228337,0.05098616345387047
ENSG00000010810,0.49563636690929536,0.3638985214586097
ENSG00000204681,0.21744761104999677,0.2602698636944234
ENSG00000204469,0.8620172980167273,0.7842447156116422
ENSG00000118508,0.059596667610036555,0.19650280768059655
ENSG00000118418,0.4421574174876771,0.5131915351498686
ENSG00000164506,0.02834348541063081,0.13969243083302654
ENSG00000206503,0.6030563486319276,0.2414407150477281
ENSG00000204256,0.050623831554303673,0.19286488054568104
ENSG00000118507,0.0031457882594347797,0.007858392307806373
ENSG00000137310,0.5144905799809676,0.27909204061444864
ENSG00000120265,0.166565086477342,0.28894069412517853
ENSG00000112715,0.2670785298783534,0.4520344311791762
ENSG00000141934,0.7171037800348201,0.8035628649335029
ENSG00000099812,0.00420180191688912,0.007216678786009236
ENSG00000064687,0.003623540515434809,0.027705057228603766
ENSG00000116017,0.03855822530405244,0.0519945525547921
ENSG00000064932,0.6927579106381074,0.9504701554822578
ENSG00000064666,0.7569169401992885,0.8902325962857228
ENSG00000104953,0.8018478286226374,0.721098304578614
ENSG00000099864,0.41392302490433663,0.2994043469067961
ENSG00000125910,0.5712080248248599,0.9173462454055776
ENSG00000125912,0.17567871119533943,0.1286390483532236
ENSG00000011132,0.3130827605213455,0.8625376104592404
ENSG00000105289,0.06696473796542926,0.26216433588632027
ENSG00000095932,0.30585817909188606,0.2507961782537757
ENSG00000167476,0.13082456659996677,0.32361922101559054
ENSG00000141905,0.9692598841664092,0.3170661099379565
ENSG00000031823,0.16584313198638875,0.35000141572223564
ENSG00000105248,0.6516193263356966,0.6074356243916244
ENSG00000060558,0.8190450469419747,0.8669902432156305
ENSG00000160633,0.20387936448571714,0.43609829257014643
ENSG00000105519,0.5255482700093614,0.9227066632576048
ENSG00000171105,0.970295159861513,0.6338504997868664
ENSG00000127663,0.44240011669737156,0.8712571258638415
ENSG00000141968,0.29373067475507125,0.7096388388479882
ENSG00000175691,0.16813996982026422,0.2136031501886307
ENSG00000088256,0.008928425565827937,0.06215499707291692
ENSG00000133243,0.1633174768727292,0.41104560614331154
ENSG00000007264,0.18619579108705106,0.5406885586245723
ENSG00000142347,0.5511178917860526,0.7924602562885449
ENSG00000182087,0.13584219390528465,0.297578145787653
ENSG00000065717,0.2124366621277803,0.22723509892439125
ENSG00000183617,0.09404880056099818,0.23163760337781383
ENSG00000129932,0.8494551800270039,0.9836911387982065
ENSG00000167785,0.032201301668036864,0.08191545352618315
ENSG00000074842,0.20829734405368577,0.5097148371583217
ENSG00000065989,0.4500921247559536,0.941915386433256
ENSG00000105401,0.6761785661168709,0.8290624692864129
ENSG00000197933,0.050964044968579106,0.09122052644444609
ENSG00000171295,0.009339792671678683,0.07128639869164237
ENSG00000197044,0.10430582827462695,0.3116709489810824
ENSG00000123136,0.9963795060798432,0.6163166281038531
ENSG00000123146,0.06033489669058076,0.33805376662215647
ENSG00000105137,0.9066477178613361,0.3335327388077918
ENSG00000127507,0.40955981717164947,0.9395623814850876
ENSG00000123159,0.8981669479784018,0.7468072714223228
ENSG00000186115,0.2184748552840529,0.042518239563903194
ENSG00000186204,0.5926788996242818,0.7385852111367273
ENSG00000105135,0.06199524061493429,0.06650170786795735
ENSG00000198551,0.03226707187950548,0.12616546853550545
ENSG00000160961,0.6909573432791584,0.9545788037884896
ENSG00000099330,0.03436040380289567,0.06935554913437185
ENSG00000127220,0.6156622946983195,0.32734346241963136
ENSG00000127527,0.5447143033516286,0.5613259259460417
ENSG00000130300,0.7282326954112996,0.309503246895544
ENSG00000064490,0.7821696129032091,0.9101995877600352
ENSG00000130299,0.17677224321138488,0.2381734258426627
ENSG00000074855,0.13597098653436884,0.27661414156589176
ENSG00000258674,0.8694952232261399,0.9790813951319125
ENSG00000105058,0.06513973714848006,0.20323170051340736
ENSG00000105393,0.03268451280573743,0.16446294818884372
ENSG00000186010,0.4172484538672976,0.6103840748336795
ENSG00000105705,0.17946773224732754,0.4659160254101151
ENSG00000105122,0.6393881847174381,0.5880276340344891
ENSG00000105750,0.5046260681007323,0.14334691101737684
ENSG00000160229,0.3192543793073806,0.14388856875229894
ENSG00000105072,0.6840478991796772,0.9707130198901605
ENSG00000130307,0.1057585786715165,0.25668789650623
ENSG00000256229,0.04413373358677468,0.15804585480043976
ENSG00000197124,0.2674477789275023,0.3276081756770618
ENSG00000085872,0.059540371588203654,0.15482435618068713
ENSG00000160352,0.0899271186841714,0.22144277557597727
ENSG00000160161,0.8519416638682107,0.8407282597887291
ENSG00000105662,0.3638739495629262,0.55069851955443
ENSG00000167487,0.11594859285337522,0.39987942359875706
ENSG00000127526,0.07097095185834429,0.3523750426277408
ENSG00000064545,0.19177214168034823,0.2434756998851924
ENSG00000105676,0.19187114397397526,0.1476540669402719
ENSG00000118620,0.03126477677683023,0.14150744536598675
ENSG00000167232,0.0059951559379621796,0.0314502596396534
ENSG00000186529,0.9332980950429189,0.9396435056797855
ENSG00000197372,0.010837031223502271,0.0865966605183816
ENSG00000130311,0.5978959637448793,0.7388589913137984
ENSG00000064607,0.0284759514589888,0.0927821411917146
ENSG00000213999,0.836813839465854,0.9176287703730447
ENSG00000196705,0.002032641002394265,0.021784802466174775
ENSG00000182141,0.018222056505050013,0.07966964861657168
ENSG00000283201,0.00010028474187696189,0.0032784622832100563
ENSG00000121297,0.6713778604117207,0.23579714632048476
ENSG00000130304,0.35850521046047,0.11287048545224335
ENSG00000126249,0.04383916406105582,0.08850883093061353
ENSG00000161249,0.28431649764118255,0.5196134244500614
ENSG00000142279,0.5207021637369229,0.9888345927719089
ENSG00000196357,0.005073269730407054,0.01713049892704549
ENSG00000161558,0.723214282739738,0.3483768714603298
ENSG00000237440,0.03150202830157741,0.12052806298935462
ENSG00000267041,0.0023696316245027556,0.010905941706413718
ENSG00000204920,0.4637992510117692,0.9119532533938123
ENSG00000167637,0.003734917323422384,0.028442021173194252
ENSG00000105176,0.009697523271945858,0.08973563747067384
ENSG00000159882,0.1187044996435363,0.37843094175008885
ENSG00000124459,0.03131805111558646,0.16488138987526926
ENSG00000131116,0.8345173753755709,0.9049340098140405
ENSG00000159885,0.029106822070020178,0.24974714852847135
ENSG00000131941,0.015663844552765604,0.04388461757862175
ENSG00000269858,0.6623535889661318,0.8772167153255217
ENSG00000105767,0.7564032857385627,0.8191441338652217
ENSG00000105738,0.01251133115491916,0.06521165051337886
ENSG00000168813,0.005470510836622241,0.035110549706055094
ENSG00000011422,0.36245666112504205,0.41769917230529885
ENSG00000178904,0.04148592397874783,0.21286932005929693
ENSG00000105771,0.3765039858046807,0.7382974715146946
ENSG00000099326,0.11448508987081717,0.20894835470659334
ENSG00000268533,0.6546103703231947,0.7549361337850511
ENSG00000189114,0.6906684684813706,0.6724334271042817
ENSG00000186230,0.0022129493349126693,0.01069687956304223
ENSG00000161281,0.14533974292928656,0.06291215615305007
ENSG00000197408,0.0062147682699724965,0.005093736329367361
ENSG00000105220,0.10361388910236266,0.2420728088410126
ENSG00000126261,0.036589788140863194,0.08233926972611669
ENSG00000197050,0.005095368397565887,0.04713255702159545
ENSG00000159871,0.7162793498802877,0.6795859073601731
ENSG00000196867,0.23997659269125016,0.40144130033480385
ENSG00000197016,0.5617063375207518,0.42724480558804045
ENSG00000083828,0.023675209782504484,0.03985215425225056
ENSG00000159917,0.17054202230987298,0.742414363888389
ENSG00000171606,0.14055390518190383,0.2378461248268782
ENSG00000105173,0.06688503228347288,0.05459989597078412
ENSG00000083844,0.8896356435705243,0.6559625793939452
ENSG00000161243,0.006902860674489021,0.03634099800140452
ENSG00000121289,0.045558647003989476,0.07184570635169964
ENSG00000204524,0.4292749585157225,0.8637509016165176
ENSG00000204936,0.014585316661311869,0.031182089172725348
ENSG00000167578,0.7836361580122965,0.7316903470776045
ENSG00000105063,0.43440966137796255,0.5479175510742389
ENSG00000133265,0.7283942107182235,0.283699899550038
ENSG00000178229,0.030303158115580802,0.15877646970216586
ENSG00000169021,0.011136492850338514,0.04334554119769082
ENSG00000160469,0.43954550516515356,0.2838321494684061
ENSG00000256060,0.9992962781597342,0.8754405855427
ENSG00000197405,0.9992460906832685,0.6282566371182918
ENSG00000125503,0.7593857839029842,0.9958834968209087
ENSG00000104894,0.5380838727237462,0.5937945069261843
ENSG00000254901,0.9944942987053517,0.9781256567626291
ENSG00000188785,0.23698620792352987,0.5727865852658557
ENSG00000012124,0.05648200381262201,0.2978602016860197
ENSG00000129991,0.5212444605843614,0.23729463454579158
ENSG00000104866,0.16237558907889968,0.2895257288783278
ENSG00000080031,0.2059085642474625,0.18187591847619136
ENSG00000105171,0.04401166085924924,0.10880631732300548
ENSG00000181035,0.28630272674197443,0.6188319987705886
ENSG00000188505,0.310058916991365,0.5778786592767149
ENSG00000130755,0.3745301017124386,0.9944701396559957
ENSG00000006712,0.28832030556280414,0.564148159428638
ENSG00000063322,0.021544241543165345,0.04389838188291995
ENSG00000128016,0.7413375071668163,0.8588003986771604
ENSG00000090924,0.7318332126468601,0.9677428040167005
ENSG00000105193,0.13659837151436374,0.24678659370642778
ENSG00000196235,0.1941249177985115,0.5754511545571688
ENSG00000105197,0.05281009813025331,0.06384768926842357
ENSG00000176396,0.26320797361871906,0.22613919750955797
ENSG00000160014,0.3669251800576667,0.4370347791949448
ENSG00000160013,0.8247273845388592,0.5253765299971522
ENSG00000197380,0.07388583609337165,0.015467220412466166
ENSG00000130545,0.22615820299149458,0.40658470496717714
ENSG00000205744,0.20855435359595303,0.7628955970496792
ENSG00000125657,0.04865790548789549,0.04308264669413608
ENSG00000125726,0.041839752956026995,0.08512534361786937
ENSG00000125733,0.29113079386036844,0.17583749308853855
ENSG00000125731,0.27761196968320245,0.6724212188842756
ENSG00000125755,0.01959268753593168,0.06232145915137291
ENSG00000170608,0.34965323866873077,0.5569196192900527
ENSG00000170604,0.6860815031699137,0.5873630477368588
ENSG00000176182,0.9135252179273722,0.9445772380481304
ENSG00000104983,0.3639871306387361,0.2128967701628507
ENSG00000185800,0.2989600110966963,0.577021209438098
ENSG00000130818,0.021227740424753994,0.08367364960368143
ENSG00000171469,0.00979133907351066,0.05421064425097425
ENSG00000171466,0.005001022109290871,0.03641376754763867
ENSG00000127452,0.048017867687958,0.1464671022692625
ENSG00000024422,0.44675988337224914,0.12555488889879476
ENSG00000105373,0.6936933207294447,0.8099785078495111
ENSG00000178935,0.00013742745773617993,0.002363218335577955
ENSG00000268750,0.004641868050530756,0.02476128025501161
ENSG00000269343,0.028573296360260108,0.0454485670110395
ENSG00000198466,0.0014498315695392144,0.010118730847718051
ENSG00000173480,0.28403421887157093,0.7350619119276207
ENSG00000152454,0.8833443202196263,0.37740709071256373
ENSG00000104951,0.9489722899845731,0.3808460633515741
ENSG00000105053,0.02979410053542117,0.0804532524417826
ENSG00000142528,0.061095476964962064,0.2008469143006313
ENSG00000167748,0.8162360070895479,0.8760627844791291
ENSG00000142065,0.009485010813081245,0.04345150404155766
ENSG00000254004,0.03893910650432815,0.23426698841135013
ENSG00000186020,0.05942703610225773,0.18253858697334419
ENSG00000130164,0.05087294601433687,0.155713878401319
ENSG00000197019,0.15757837728918908,0.4177552994378426
ENSG00000167565,0.32882129215157974,0.519606604204627
ENSG00000074219,0.6858123881537221,0.5918078363519058
ENSG00000161677,0.40771692046979924,0.4821104528419541
ENSG00000196081,0.013255680567486265,0.04930105257834927
ENSG00000012061,0.3625076950293308,0.5818644370543673
ENSG00000123143,0.23027543744772078,0.9150612356060006
ENSG00000198521,0.46632167245257017,0.6363225852626572
ENSG00000105085,0.16173036814047248,0.35377291500074826
ENSG00000127445,0.22657508973449572,0.532998375682846
ENSG00000073050,0.3052175891650142,0.2321345856594375
ENSG00000127528,0.9391225311711918,0.21361780373697895
ENSG00000065268,0.09359862061755414,0.09101659141903878
ENSG00000152433,0.8388412970265084,0.676840705932084
ENSG00000184162,0.9828510253041127,0.987314179489652
ENSG00000142453,0.38236794361853144,0.6257737493889164
ENSG00000105227,0.12247479154623554,0.632508409175378
ENSG00000105552,0.83046744494727,0.9907907933520983
ENSG00000087076,0.2514486738428324,0.20217424947045623
ENSG00000104808,0.06296212844648555,0.02245584407028278
ENSG00000087086,0.691921464443292,0.8181402354235923
ENSG00000196967,0.8120689184859394,0.8732536419865606
ENSG00000245680,0.7467892658020445,0.5178751083970434
ENSG00000180884,0.010721917846673,0.08111133281722525
ENSG00000153902,0.22605061030955462,0.3091192906255414
ENSG00000089327,0.9152299818013121,0.5392587602216901
ENSG00000179115,0.045544985052125446,0.10225428318479378
ENSG00000179262,0.49649739339649834,0.4435528658258776
ENSG00000179271,0.563470400929978,0.7902929861422812
ENSG00000180061,0.04573629540790406,0.027801762587718944
ENSG00000133247,0.5698587000037786,0.7190257020905385
ENSG00000160471,0.3631970106529543,0.84966333919715
ENSG00000095752,0.6778661018523136,0.6982004170797442
ENSG00000233493,0.31898446713171463,0.29161430369579483
ENSG00000108107,0.8991964405682821,0.7123006938435579
ENSG00000108106,0.7321759505280824,0.9175476717318415
ENSG00000063241,0.836500006288059,0.9652433295771641
ENSG00000197483,0.23651354523504936,0.2945418349716737
ENSG00000090971,0.9898009723392903,0.6390812669194248
ENSG00000179954,0.19812729392969547,0.07996805736261763
ENSG00000218891,0.4605800655573692,0.5249353645219691
ENSG00000179943,0.7114575408978452,0.6261448577310518
ENSG00000171443,0.652381313049377,0.5684449132915215
ENSG00000179922,0.09648941162614413,0.14964174009881936
ENSG00000213015,0.3967317261111103,0.7502273410389899
ENSG00000171425,0.05114449490018627,0.1382289549539429
ENSG00000173581,0.40057070195007405,0.1828658062799079
ENSG00000063245,0.25613690168289693,0.18750207156750212
ENSG00000130005,0.5892196545679452,0.5318236295790313
ENSG00000071626,0.044475159963693216,0.02129849716857516
ENSG00000119559,0.1979145743426818,0.5338438071943368
ENSG00000071655,0.7097693568166838,0.9470202059545898
ENSG00000013275,0.3721047126682415,0.31095400687144137
ENSG00000128000,0.03425667749653974,0.1696427438214774
ENSG00000196110,0.16314976800909642,0.4318668632411654
ENSG00000198440,0.07990190329911757,0.4145050776871678
ENSG00000080573,0.3031498750846148,0.6789600851795076
ENSG00000130813,0.9519083507643058,0.6144926072100986
ENSG00000243207,0.05795104292959947,0.1818748322410056
ENSG00000130810,0.09851478139367242,0.14205370477002108
ENSG00000244165,0.9235299118103879,0.8754038703074886
ENSG00000130811,0.09537548470809791,0.4205783973977657
ENSG00000267534,0.9461622057631118,0.35020249224115074
ENSG00000105364,0.030190662358844968,0.06338442484265348
ENSG00000090339,0.7030503627248519,0.6871422679919404
ENSG00000198482,0.019018737774705738,0.06418435042462149
ENSG00000213020,0.12616153920179266,0.26410998669583113
ENSG00000198538,0.058819884691996206,0.1941523976210093
ENSG00000152439,0.18927557331183828,0.5681596421011803
ENSG00000121406,0.2310629031722464,0.7215544721218391
ENSG00000083817,0.08307542814216161,0.4067617276814507
ENSG00000213762,0.879345152449662,0.5987441365024483
ENSG00000121417,0.8679783259074134,0.5361118443096211
ENSG00000189164,0.33786358331085614,0.4789509726153932
ENSG00000196437,0.43901888435280334,0.7041902644188098
ENSG00000180479,0.18872251769006806,0.5318697582415719
ENSG00000198182,0.03939131371032667,0.13768574128785374
ENSG00000167600,0.017134325880375733,0.018065886501964265
ENSG00000167601,0.87487256399787,0.5120138681469264
ENSG00000142039,0.09573653797129614,0.18193158804633394
ENSG00000142046,0.49813337763307686,0.409380818226587
ENSG00000123810,0.11240196354198073,0.11550055625599613
ENSG00000248098,0.6850954151086655,0.40606325675759425
ENSG00000254521,0.5767747102888778,0.6039121306486244
ENSG00000105497,0.40913313070235247,0.6505086419455117
ENSG00000171049,0.5734346246217679,0.6805011010512612
ENSG00000187474,0.5046847423397294,0.7104456662638112
ENSG00000096996,0.06805933393475586,0.3991018400823899
ENSG00000105647,0.058677040645213306,0.16258699119873998
ENSG00000216490,0.9893853531314248,0.5629448920876242
ENSG00000254858,0.6545842915008012,0.5297868600207405
ENSG00000105649,0.24469477592081096,0.08170573303551323
ENSG00000130522,0.3673224595229072,0.4822162192655757
ENSG00000130520,0.9463207203280202,0.7364889871586889
ENSG00000130517,0.09635201162870441,0.34728664607616755
ENSG00000175489,0.9100406535079829,0.32823456083826996
ENSG00000130511,0.41799355465075605,0.6011369704780083
ENSG00000105655,0.806807170258855,0.6951900404312431
ENSG00000010361,0.7748803752014365,0.9944071893017258
ENSG00000039650,0.4396114817673714,0.43034731104898416
ENSG00000104973,0.530298554784315,0.770093994960163
ENSG00000178078,0.38618914036046015,0.2075488263103164
ENSG00000204673,0.6884776577973466,0.7189491758765523
ENSG00000130733,0.9242503987888434,0.6460692084377614
ENSG00000105341,0.13128459661913044,0.16502900836974785
ENSG00000266964,0.9957518895917804,0.7693438108975371
ENSG00000198258,0.9230319316731667,0.8705655955603635
ENSG00000072958,0.6149141954203169,0.4096250374498861
ENSG00000115268,0.9991710259523131,0.9093876984037921
ENSG00000007255,0.17069127501510922,0.47007297986876806
ENSG00000168661,0.04019542832571395,0.22639750397236677
ENSG00000166398,0.007862650678222987,0.08382678025771219
ENSG00000131845,0.5887541124547493,0.7466246910588094
ENSG00000213096,0.06453864619610589,0.2186277878071085
ENSG00000197951,0.4403125309973479,0.7408186474076708
ENSG00000171827,0.40343255030246206,0.986352601428317
ENSG00000126246,0.6273845776292932,0.24467545603244242
ENSG00000161265,0.8643790123682576,0.5294610499773598
ENSG00000205155,0.09888207312915805,0.20320174976964336
ENSG00000267796,0.9858407555898586,0.6834387323005113
ENSG00000004776,0.10209952422172631,0.14673345918727684
ENSG00000104903,0.5309160438413351,0.18023483217861708
ENSG00000090661,0.6115586097523106,0.5082272376467191
ENSG00000167775,0.7464114580121959,0.9560956263241247
ENSG00000267855,0.357537404574353,0.8394653407060501
ENSG00000233927,0.10778862307161953,0.2892158829316744
ENSG00000167772,0.37852279541583345,0.12433720527698332
ENSG00000185236,0.24407133864810948,0.6109182244769582
ENSG00000099783,0.019335538131118518,0.08849068633221131
ENSG00000133250,0.7179535983953349,0.4490213879258753
ENSG00000105438,0.8209542772365773,0.38193967971224374
ENSG00000105447,0.03256601402671364,0.1262305782722305
ENSG00000182324,0.19749288224492484,0.29260690393803923
ENSG00000088002,0.16553771977920134,0.17238685352439653
ENSG00000177202,0.12605030049182467,0.1300639929921538
ENSG00000063177,0.40987654882499003,0.7367314304544221
ENSG00000063176,0.15300943301313338,0.07522273647344493
ENSG00000105516,0.1083721514075967,0.013735573313149082
ENSG00000063180,0.07526402824323246,0.059111412127394604
ENSG00000176920,0.03202120270631297,0.059069147702705
ENSG00000176909,0.7087044900896167,0.9853368520388234
ENSG00000105518,0.9265973235818035,0.9086165117410677
ENSG00000183401,0.36700861810786123,0.629165419813001
ENSG00000173928,0.9775981202197362,0.49703290475778594
ENSG00000187266,0.9793830110976289,0.580325424498467
ENSG00000205517,0.25360023199535103,0.5371503993467133
ENSG00000161914,0.7292333192965367,0.7758717613201137
ENSG00000130176,0.10449724357231296,0.029335316633769575
ENSG00000104872,0.8755796502598618,0.7191668911713123
ENSG00000161618,0.214727850138492,0.2129784714948057
ENSG00000090554,0.7304740776933825,0.5125108475650019
ENSG00000142534,0.9761735071646018,0.8308525107856986
ENSG00000104870,0.9885824696990911,0.7305568960225839
ENSG00000142552,0.05368655163867083,0.07097448425335483
ENSG00000142546,0.9791199265500796,0.9884436725390403
ENSG00000126460,0.8113874580453653,0.6038684735179499
ENSG00000126458,0.48150287679471193,0.5561179550872479
ENSG00000126461,0.6015208955042988,0.6678047400900591
ENSG00000126456,0.9997232977390365,0.727056553757589
ENSG00000167625,0.039599808636823275,0.09748146780257239
ENSG00000105722,0.2800046471026432,0.3427222827773956
ENSG00000167619,0.9421153919781492,0.5041262983485107
ENSG00000008382,0.3647602067961798,0.3967713024685502
ENSG00000141985,0.6517266148937739,0.710840338714056
ENSG00000167670,0.06514088139068994,0.13867471561932831
ENSG00000167671,0.11672793855203024,0.4213725963954579
ENSG00000167674,0.9310597614445842,0.981174195326829
ENSG00000171236,0.32361709865444704,0.2586019877542351
ENSG00000185361,0.770242895359684,0.3743279983637935
ENSG00000183207,0.4921211542474824,0.3404201777294359
ENSG00000104852,0.9868654196139719,0.675539512977869
ENSG00000104863,0.9314584878625239,0.457699150835689
ENSG00000221916,0.7343071176137403,0.38549768287499087
ENSG00000213799,0.05600428622351045,0.2646781125597896
ENSG00000203326,0.9563327241329767,0.5993993453952942
ENSG00000196417,0.00833240110123635,0.03556696139367632
ENSG00000198346,0.348878452088602,0.7008964400075376
ENSG00000079313,0.2834595272982253,0.36295763428565575
ENSG00000129911,0.513119966005108,0.4439075085536385
ENSG00000129968,0.6396808148212749,0.7172432762222601
ENSG00000213638,0.04111440666819484,0.11066104981911372
ENSG00000133275,0.008652050946427323,0.04899119592395926
ENSG00000130332,0.6268798963280481,0.6096454289208497
ENSG00000099800,0.22377789422001032,0.25092695691680844
ENSG00000176619,0.13858482297573746,0.29909625850734556
ENSG00000099860,0.30681946197438675,0.06164247004858708
ENSG00000142409,0.4551308230386767,0.34772929828625976
ENSG00000167685,0.7367569527930218,0.5964007804774651
ENSG00000099797,0.9127930138747447,0.9573055127353722
ENSG00000099795,0.7302746320113727,0.8129454127543259
ENSG00000105429,0.8856040979813289,0.7341995852294293
ENSG00000105427,0.6781630923572699,0.3471433210010567
ENSG00000079435,0.5650632180825701,0.6570630957704096
ENSG00000189377,0.6696649140737663,0.6103920108712804
ENSG00000079385,0.48760513007667705,0.9065096424032544
ENSG00000132002,0.2002110217224698,0.6913685822177587
ENSG00000076826,0.01980969916349244,0.06298149764730322
ENSG00000076924,0.2485450301966079,0.5175501172911574
ENSG00000174788,0.20063867684268902,0.6071495174280676
ENSG00000269711,0.5118353050468033,0.45640025195397715
ENSG00000181029,0.5028495648010702,0.7504811857414694
ENSG00000183248,0.38793252198909456,0.3505480868128017
ENSG00000171017,0.7656118246536591,0.9886302954013835
ENSG00000076984,0.40079043602449305,0.9322626710213057
ENSG00000178531,0.06356773375812622,0.04533836680858989
ENSG00000104980,0.9933412401161852,0.9069029682701109
ENSG00000005206,0.4735127895745693,0.7894450230514235
ENSG00000196268,0.005167917187334472,0.005514079108034411
ENSG00000090659,0.7779287933426419,0.680078982689117
ENSG00000104883,0.6894655072164713,0.2876573209309716
ENSG00000267952,0.015511141185953042,0.01078153122004883
ENSG00000198816,0.4198470957645948,0.44532277814408383
ENSG00000090674,0.7183424720066145,0.339889718998001
ENSG00000032444,0.3708632447283011,0.48652950100822123
ENSG00000011304,0.08361518899773496,0.06621999082469857
ENSG00000142541,0.38939841071177117,0.546278839760393
ENSG00000249709,0.015552099677635352,0.125669649736438
ENSG00000188033,0.09647764074518829,0.3119574279037573
ENSG00000173875,0.0045695879374876335,0.04647534400014471
ENSG00000104774,0.3061561993665628,0.8136991410669887
ENSG00000123154,0.43748506641575635,0.5171149001590392
ENSG00000105583,0.4451516952697748,0.8085342477285753
ENSG00000132004,0.008513931593833214,0.036354740903741446
ENSG00000123144,0.5182193376046103,0.5162456837023486
ENSG00000198356,0.257402648582677,0.42283692487761804
ENSG00000039987,0.0032387548406766988,0.012142041075258266
ENSG00000171223,0.45710164879838866,0.7168999233845157
ENSG00000167815,0.07868276380639368,0.1184412411520683
ENSG00000104889,0.016290262066101284,0.014865224589587842
ENSG00000095066,0.00417714132062968,0.032546549450538066
ENSG00000074181,0.8077371051929764,0.3168440909410795
ENSG00000160410,0.8904843483538717,0.839003499257134
ENSG00000090006,0.9065181155706904,0.9180788497146963
ENSG00000105245,0.6948535181726014,0.2071482014163833
ENSG00000123815,0.9854222762040084,0.9938513414824584
ENSG00000130313,0.7986651297558418,0.9276486431300058
ENSG00000142444,0.06617323781154653,0.25553650612946477
ENSG00000104964,0.893738584077614,0.9573151601296205
ENSG00000105290,0.7158651061377801,0.22783307826103869
ENSG00000126264,0.8192397554849388,0.42144535213291723
ENSG00000011600,0.9966851464014682,0.31042857723918105
ENSG00000132005,0.15524334109216056,0.37981871769286035
ENSG00000104998,0.1570920285611058,0.33561714142964716
ENSG00000187867,0.03316854134315362,0.07758655938389568
ENSG00000105011,0.3666210461656284,0.29255674192675696
ENSG00000105669,0.9979646804515141,0.9721134860897752
ENSG00000105671,0.13094218579921732,0.26551546144252686
ENSG00000051128,0.5991091505005771,0.18145558693882527
ENSG00000105329,0.9318013641724013,0.3430816445120654
ENSG00000130175,0.44110280426275195,0.5391006529537109
ENSG00000141933,0.8323346676897534,0.40152127652819414
ENSG00000099804,0.7748305515977882,0.936594882547244
ENSG00000197540,0.5708786907135158,0.7370842837699051
ENSG00000267001,0.22080560758957796,0.595437294346025
ENSG00000141873,0.5112822164922011,0.8375603786978609
ENSG00000104969,0.5293606187749265,0.8019366893542863
ENSG00000172009,0.6317564453938319,0.3325305690110978
ENSG00000172006,0.0381159205206651,0.20712318638557028
ENSG00000186300,0.11293336130458027,0.4732982474091515
ENSG00000079999,0.5886697410507412,0.49291207411758875
ENSG00000130734,0.6676429531879837,0.9798061776203201
ENSG00000129347,0.8415301168428884,0.38521339318604164
ENSG00000129355,0.07278703285018873,0.0382871117341511
ENSG00000129354,0.46906418273113915,0.8524221866431503
ENSG00000129353,0.10132157483231154,0.4363370744535382
ENSG00000213339,0.9487946317443688,0.8027638796086752
ENSG00000099203,0.14665934928002966,0.4807325923337238
ENSG00000214212,0.339367845178908,0.167611119097093
ENSG00000130844,0.7182332411972128,0.40714524081769066
ENSG00000105723,0.11977816021732605,0.1629100734080579
ENSG00000105732,0.4726845539794273,0.5303097186895915
ENSG00000160570,0.014895252820522552,0.06424461498969454
ENSG00000010310,0.17849513107012635,0.18518725280210202
ENSG00000011478,0.003039256605917554,0.0004594210465334123
ENSG00000177051,0.29734827068661723,0.24593177118960285
ENSG00000167680,0.8844087925381938,0.4035895593849995
ENSG00000197961,0.17368407035216013,0.32236691321869404
ENSG00000197256,0.26628788301470846,0.06712844047782986
ENSG00000261221,0.9774222344823889,0.8943308176161708
ENSG00000186272,0.03656511239765233,0.19942640029726916
ENSG00000126262,0.07977681990988417,0.19307112147792863
ENSG00000196684,0.20450392582928967,0.5084302418071531
ENSG00000283632,0.6601361504430097,0.1152701428646213
ENSG00000126457,0.13691915555400624,0.11570513487511702
ENSG00000079462,0.964921309584244,0.5430793928865736
ENSG00000167635,0.028766235001130055,0.13481258687527223
ENSG00000105287,0.0938385673814718,0.2959420729712138
ENSG00000130312,0.3840920282279816,0.6549381333705347
ENSG00000104814,0.2833086050313566,0.9948285593651484
ENSG00000178982,0.0474108728858945,0.13785156201223245
ENSG00000182472,0.8455433233279938,0.9754954129354865
ENSG00000171747,0.09210250944841095,0.15262487507234826
ENSG00000125746,0.7530471044221364,0.8352440268410887
ENSG00000011451,0.2163752110112845,0.4814417284646174
ENSG00000160953,0.6000883566644972,0.9915310300079819
ENSG00000115255,0.2837440884446086,0.8016637420525883
ENSG00000141867,0.2528208514365011,0.7750697313717457
ENSG00000104915,0.27775659040696243,0.418397513998798
ENSG00000160888,0.3211448262461083,0.4733484609988067
ENSG00000179218,0.6153531356827373,0.5973703276415708
ENSG00000130303,0.5808489929057892,0.6886741447979217
ENSG00000141971,0.14509662642196244,0.2336388940303542
ENSG00000105538,0.905339695453857,0.3328931445946645
ENSG00000156413,0.09406357282684234,0.20622101343956456
ENSG00000099866,0.027324869434694553,0.0645042843664157
ENSG00000172270,0.1849161518415964,0.47306571364795735
ENSG00000105464,0.8763048851876705,0.45817286254832446
ENSG00000105523,0.112763814587918,0.384179389637303
ENSG00000006638,0.44554443091630924,0.14579228709324007
ENSG00000105298,0.7980821857423135,0.969468132289489
ENSG00000186111,0.4508426099118046,0.1094746111887786
ENSG00000105127,0.019357927043258977,0.07653018807256896
ENSG00000089351,0.45246920249819633,0.9438237814228246
ENSG00000087903,0.7346295939957634,0.37167769101272385
ENSG00000130382,0.12096042602201196,0.43289753672014775
ENSG00000125656,0.7088897567062937,0.6375971018106428
ENSG00000125652,0.6368088847297817,0.7383327700491731
ENSG00000125651,0.21534756602731323,0.5122727265792605
ENSG00000125648,0.18626674009267288,0.16528975189685108
ENSG00000011243,0.13511736939892457,0.45464176717127036
ENSG00000104957,0.18023976919970147,0.3257399359221778
ENSG00000037757,0.006058883306116654,0.016672343899270897
ENSG00000104979,0.2513715479173489,0.4260675300304886
ENSG00000132024,0.4856356985461153,0.6475584735168296
ENSG00000131142,0.07713122342025162,0.16439307666947214
ENSG00000167642,0.4614018211333174,0.688735535114618
ENSG00000167641,0.012600431909374533,0.02581461217608168
ENSG00000267748,0.927718041063335,0.6265845686738338
ENSG00000167645,0.10846380978508921,0.26208734128752037
ENSG00000167644,0.6156936138083556,0.6785398891166808
ENSG00000174951,0.9741150157085868,0.7412836178535586
ENSG00000104907,0.09160588892824556,0.07565122345646155
ENSG00000105270,0.1692004200172552,0.04625885058351713
ENSG00000161277,0.8606570025331893,0.5286829007273599
ENSG00000105258,0.46035326243157404,0.7551336315149477
ENSG00000105254,0.23245146103119305,0.4365530349492375
ENSG00000126247,0.18223407887179213,0.5319302370403032
ENSG00000204604,0.21163921537340635,0.2649397070196089
ENSG00000075702,0.225512638587338,0.3512409844029323
ENSG00000170906,0.5701775848906874,0.5257553240339564
ENSG00000105618,0.6914389211901422,0.4021639830092524
ENSG00000167608,0.7393981182865954,0.5734317710772832
ENSG00000125505,0.2101121248102224,0.37800379911209236
ENSG00000170892,0.48874200804375234,0.18046545092987254
ENSG00000170889,0.5837548585531873,0.5320879546223052
ENSG00000104880,0.16182227486496,0.37129289679950117
ENSG00000099785,0.30977383573906186,0.16067575728585728
ENSG00000257103,0.6702554022768484,0.7120137960542938
ENSG00000099875,0.8474317526468329,0.4411204528274847
ENSG00000105707,0.3963276503044376,0.3316176866714608
ENSG00000188368,0.28890380860210974,0.38053075897285915
ENSG00000188321,0.38832704934408135,0.1795852480030433
ENSG00000125743,0.8079633967598827,0.5632013839831771
ENSG00000180448,0.3708048668153767,0.950245124719941
ENSG00000160113,0.36228889566571154,0.4983458250323214
ENSG00000105619,0.7389847662872351,0.8899633101449811
ENSG00000130202,0.19237543900406678,0.4659698158602924
ENSG00000130204,0.8181074144895224,0.48859435795277595
ENSG00000130203,0.6485476337289694,0.16859085457984327
ENSG00000130208,0.43300866410073124,0.16430371707893832
ENSG00000234906,0.49591599305173095,0.9179314585589775
ENSG00000104853,0.21978749673733883,0.4287809865538761
ENSG00000188868,0.2297350161965208,0.6263845716786933
ENSG00000196466,0.10719783178712222,0.24554240132314342
ENSG00000180855,0.11467072412651334,0.17872843095019897
ENSG00000105607,0.011942337142003873,0.045678083055199284
ENSG00000179820,0.5425917372473292,0.34858871767827837
ENSG00000126583,0.6117833514349378,0.6624181249124544
ENSG00000105643,0.6937590313350652,0.7709337940534687
ENSG00000105325,0.19236035767003773,0.4324171764290631
ENSG00000161091,0.9704985939697268,0.9036425742695807
ENSG00000064961,0.7246118612961725,0.6586572197468163
ENSG00000179855,0.8131288755452497,0.7707296578324336
ENSG00000007080,0.47870501070996285,0.5412803348743302
ENSG00000183397,0.3116868841089152,0.5261183904121861
ENSG00000105701,0.15476885392446108,0.21064453149224677
ENSG00000105700,0.1644440205171455,0.544082517837787
ENSG00000221983,0.40869519072468474,0.7383559457310949
ENSG00000006015,0.44021695399277816,0.5281523017850892
ENSG00000198429,0.11538804585112045,0.38458390329438485
ENSG00000196757,0.02361014644981267,0.13093367225410743
ENSG00000197054,0.6041623841611238,0.8669522255052095
ENSG00000286098,0.03622776807866434,0.1836869173580598
ENSG00000132010,0.1556981141231953,0.5196797315365205
ENSG00000104892,0.9208187244180068,0.6041847076970013
ENSG00000104881,0.23186437533098042,0.2806993982921929
ENSG00000117877,0.3241617721399854,0.26320465573275253
ENSG00000104884,0.12331292765209828,0.23387015285317284
ENSG00000198093,0.060428453156675034,0.30946622611538327
ENSG00000176024,0.2737195199692179,0.7022882559744588
ENSG00000256683,0.36292927872804526,0.7969896342306731
ENSG00000079805,0.10556752280901122,0.2932070963832951
ENSG00000130803,0.282037362918812,0.41158191822030354
ENSG00000079432,0.2481674581440911,0.1442303570009374
ENSG00000166289,0.7874314366567372,0.6165260643946435
ENSG00000104936,0.11417366824831739,0.042528137937568475
ENSG00000127511,0.21505487229259643,0.4575722180555366
ENSG00000127533,0.25761613777655457,0.45518277509351956
ENSG00000131351,0.48338318103712585,0.724151892169629
ENSG00000099624,0.9341712858846993,0.9927519207678385
ENSG00000105711,0.5114168577114553,0.375813397774141
ENSG00000089356,0.11338625052103184,0.2735934020906214
ENSG00000132000,0.7784705284282812,0.8536639673917732
ENSG00000129946,0.11686416983387304,0.10619204421963149
ENSG00000181588,0.6676258061938463,0.8009542446858197
ENSG00000170954,0.4197608464562279,0.25982939843241454
ENSG00000171903,0.18823533088329988,0.1728433369401626
ENSG00000142235,0.17894840312349095,0.6008626196877431
ENSG00000105556,0.11463810887196596,0.16123348525088385
ENSG00000174652,0.3389085194680093,0.5564470539194775
ENSG00000172687,0.21474440049981972,0.27517416175001463
ENSG00000099331,0.9700600601690011,0.5758528075377193
ENSG00000131848,0.005632046296328094,0.0101110664145314
ENSG00000153885,0.37585538241243277,0.8609493318327316
ENSG00000171291,0.5035176361382863,0.6991707791816366
ENSG00000105576,0.10407202767910066,0.2465858303845347
ENSG00000167491,0.08483330397665537,0.184441230797321
ENSG00000160336,0.08748802545597008,0.395146889797494
ENSG00000188283,0.01480211026407226,0.09569040596088224
ENSG00000204519,0.06981635468774251,0.23729581812838393
ENSG00000152443,0.10230379268017337,0.3535266635789056
ENSG00000197782,0.013968490265940525,0.040222206813816455
ENSG00000180257,0.02777492354314289,0.22768451989678856
ENSG00000197937,0.5965272506637342,0.4198487456959832
ENSG00000197928,0.9315129251339528,0.2630063100863309
ENSG00000170949,0.3480487162769771,0.6952372525662291
ENSG00000178386,0.12938017841564858,0.44914718415503196
ENSG00000186026,0.07497574046254343,0.37445808171096695
ENSG00000267680,0.07444068559171757,0.15744073857074004
ENSG00000256294,0.023739973044682814,0.1338540523688801
ENSG00000263002,0.009135302789314553,0.05872526810689007
ENSG00000167380,0.2845708556716941,0.6437894859438207
ENSG00000131115,0.08891377737160702,0.29310269764771646
ENSG00000129451,0.21161025054968363,0.25933485641320947
ENSG00000167757,0.46883019705040685,0.45858664100183943
ENSG00000186474,0.03528133396435061,0.0725804943974205
ENSG00000129437,0.23854004707923235,0.7470870481652367
ENSG00000142544,0.7429468131697484,0.8340332263400005
ENSG00000129450,0.964858018139378,0.3679413258598424
ENSG00000168995,0.820765049476642,0.4411916484270775
ENSG00000105383,0.7165147127673519,0.6259409734187965
ENSG00000105379,0.49560126649071357,0.8672779291001527
ENSG00000160318,0.7212939635383638,0.639124436135726
ENSG00000105374,0.2655401802227962,0.9297025398613096
ENSG00000142512,0.5215158398878332,0.8819268216754693
ENSG00000167615,0.4559029556783626,0.44740406610617944
ENSG00000275183,0.05327371647626641,0.07860611485420632
ENSG00000167617,0.3070993710943938,0.2682330924208106
ENSG00000278129,0.2046178374176402,0.5023090783509407
ENSG00000198131,0.04217750652157946,0.47064231704914994
ENSG00000131408,0.6618262529145754,0.4514711776335737
ENSG00000269404,0.08584537206834017,0.19495911752120076
ENSG00000142530,0.02394384374693495,0.013825693720464768
ENSG00000161671,0.8195038576333225,0.9273759884494791
ENSG00000121413,0.6464638034870722,0.5313905225401427
ENSG00000181894,0.06168906221511267,0.49727590047665404
ENSG00000177191,0.0670641036064241,0.01706032322607622
ENSG00000130255,0.6881074802504038,0.8306261785719057
ENSG00000174917,0.5272611295356416,0.7549703581355481
ENSG00000167733,0.11666445878906477,0.06052754268103454
ENSG00000196365,0.8162879333643596,0.7263703426577666
ENSG00000212123,0.6062370968209667,0.3776722564365087
ENSG00000141994,0.15749385542058428,0.10956744546659629
ENSG00000171119,0.7035098385102874,0.3858860542286878
ENSG00000267740,0.22766558446676335,0.2896872317031308
ENSG00000174886,0.7430506639256784,0.986357622414981
ENSG00000187650,0.28622838186829574,0.2682486156185245
ENSG00000167657,0.20115376305573499,0.49433842580086707
ENSG00000167658,0.9366155020743687,0.9120454060949893
ENSG00000105229,0.2912015825256878,0.44839060772440953
ENSG00000178951,0.12836701174138082,0.3131239084491952
ENSG00000126934,0.43199024700188005,0.2701721120360659
ENSG00000077463,0.11404431353283041,0.13647096105424172
ENSG00000167470,0.1457070937186531,0.18227011765761542
ENSG00000099622,0.20193355304885716,0.5765167881042919
ENSG00000228300,0.7676162327866111,0.8716837425876409
ENSG00000008441,0.17138066696041684,0.4604730504717599
ENSG00000196172,0.15710634690573066,0.12216701620801786
ENSG00000189042,0.04518670032613423,0.1749885680136286
ENSG00000272333,0.161199525415536,0.20745420873315645
ENSG00000196646,0.04234500822181702,0.22434180531165238
ENSG00000004777,0.7792245252999374,0.9531997751117601
ENSG00000167378,0.08584653725826515,0.26075586980069665
ENSG00000124444,0.1327456295580787,0.23978263703508576
ENSG00000062822,0.7656958979979337,0.5524061350397504
ENSG00000169136,0.8297079856722902,0.34766706776333034
ENSG00000095059,0.22332711395466606,0.49671978241796555
ENSG00000104885,0.11909120116542142,0.24202455831916267
ENSG00000104886,0.11257984844466264,0.09569524435762176
ENSG00000104897,0.7432794433012312,0.8435161143673087
ENSG00000105202,0.011710929322990562,0.0372045582120344
ENSG00000223547,0.09662287421827136,0.380720191671417
ENSG00000129933,0.515816109325009,0.8770421657986452
ENSG00000130544,0.09521948522234314,0.271047254264303
ENSG00000167414,0.9299094322500464,0.8034059101797547
ENSG00000197013,0.02644338454036906,0.0784869671698782
ENSG00000160321,0.8756046113190202,0.9144278203558378
ENSG00000053501,0.1524729454617442,0.18922744572445713
ENSG00000118046,0.04012918207698028,0.14882288004380956
ENSG00000142515,0.5869110735446696,0.5319232947637316
ENSG00000178980,0.9494936295713468,0.5913461505699027
ENSG00000188227,0.6194323512842186,0.5793269183058392
ENSG00000105323,0.5471021388229235,0.5515212530176867
ENSG00000167562,0.04125404193534978,0.17416491881079485
ENSG00000126464,0.6933671580811049,0.5659790303166661
ENSG00000171970,0.02448520526030286,0.03700640782589069
ENSG00000177045,0.619832326021962,0.21508906950966747
ENSG00000197020,0.025358544244328207,0.08956258001605247
ENSG00000007047,0.9605673889170292,0.9706643642148517
ENSG00000105048,0.3416256648129483,0.46965437384237985
ENSG00000186994,0.8247089308788222,0.5695735858496374
ENSG00000204514,0.423428240292437,0.6576244180945865
ENSG00000105472,0.4833767305725324,0.33314841803685236
ENSG00000105136,0.03811665311293209,0.14404148210657297
ENSG00000104783,0.9430069997113628,0.8223925896284505
ENSG00000213967,0.269127314910432,0.41621233138987923
ENSG00000188171,0.6226239570627954,0.2843807545466416
ENSG00000197808,0.20591036481473307,0.6783041788775731
ENSG00000115286,0.8008326705565315,0.6845206497097136
ENSG00000087088,0.9319087866935682,0.7252308659189263
ENSG00000204869,0.4339377430422692,0.7029921648161761
ENSG00000188293,0.5457131691383139,0.5595469757541613
ENSG00000275395,0.0010425326331940069,0.0032717036767801154
ENSG00000204866,0.46461151882563434,0.1479385382150199
ENSG00000141854,0.9538974718614999,0.7107040244098823
ENSG00000072071,0.5980170540541518,0.9271337728220682
ENSG00000132017,0.8165849147138649,0.9572816531622326
ENSG00000099337,0.3547099336198114,0.4772869632090556
ENSG00000187556,0.6120795162396753,0.5741334857936096
ENSG00000132016,0.11756369381445125,0.16680882649812437
ENSG00000131943,0.021210007868405444,0.17595583631211018
ENSG00000214046,0.3922481202583834,0.42549649415607793
ENSG00000072954,0.17272811922859704,0.42318865607713096
ENSG00000099821,0.39927075412746105,0.7114221779075942
ENSG00000070423,0.2533318644074925,0.2900368905604474
ENSG00000070404,0.5229081701941909,0.22161957310284724
ENSG00000105514,0.637954624038519,0.8938527114061703
ENSG00000105246,0.25405097621972433,0.755588927333502
ENSG00000132003,0.3606439698559959,0.7878483973504952
ENSG00000130309,0.08199716807206286,0.32655812069270684
ENSG00000125650,0.258492268041044,0.5598855421022716
ENSG00000088247,0.19350651394639726,0.2514210746544956
ENSG00000105520,0.3056368189647698,0.12910576010897465
ENSG00000130726,0.27326967581857275,0.2893282306124338
ENSG00000130725,0.45897886334985494,0.6393551292277928
ENSG00000130724,0.07423701227274995,0.3065596545031466
ENSG00000167676,0.012376130886243227,0.0096940844459717
ENSG00000063169,0.23927106553946545,0.4564761156578736
ENSG00000126243,0.09962230750677539,0.6179426423301038
ENSG00000205138,0.051328274270169234,0.08957989864228055
ENSG00000181392,0.5007651584857625,0.9534438336602811
ENSG00000028277,0.4215080318269836,0.9435627291042343
ENSG00000239382,0.6683003495128661,0.7275608135938396
ENSG00000130159,0.00600555546700791,0.05868535913571033
ENSG00000077348,0.20643810913649827,0.08261637107829363
ENSG00000183019,0.3033157661849742,0.2742227276109523
ENSG00000142459,0.5571952992782779,0.2841363448414728
ENSG00000066044,0.0851841518233203,0.20101072624634872
ENSG00000130479,0.3038283297191875,0.3128273205333035
ENSG00000179913,0.009416780410425037,0.05822838020784646
ENSG00000130513,0.663588987464494,0.5494261655068562
ENSG00000105656,0.2147670668212309,0.711420782450227
ENSG00000181666,0.5310334411813773,0.770562379241327
ENSG00000183647,0.10010341342317305,0.2096972745385048
ENSG00000166704,0.5123498189619171,0.8721149409008103
ENSG00000186017,0.32841754391379996,0.40924317673133226
ENSG00000197647,0.4494568887687507,0.9415316258548837
ENSG00000124466,0.032745978129076356,0.08562716635758232
ENSG00000176531,0.3031548746439167,0.21474554728601936
ENSG00000105755,0.02576054085468178,0.02429487521589794
ENSG00000176472,0.10259079052402245,0.019751875879266273
ENSG00000134815,0.1256696664575878,0.07848097218645679
ENSG00000105419,0.5174488050025515,0.1241690479432256
ENSG00000118162,0.9864294623870788,0.7392245426029158
ENSG00000105402,0.7463235199454767,0.5701747547605587
ENSG00000189190,0.22553739456816368,0.4766656200963838
ENSG00000182986,0.13427321722405408,0.24644600131394634
ENSG00000167755,0.09535198683190758,0.5393830947690862
ENSG00000169035,0.4123895823510969,0.9424971873682707
ENSG00000179134,0.09784129295088742,0.3536156866827058
ENSG00000125734,0.9452485040906714,0.857627550819582
ENSG00000254415,0.783668146488214,0.36303881858881415
ENSG00000213793,0.8233827829814442,0.9760834345456075
ENSG00000170909,0.3476759433470037,0.206335178145756
ENSG00000130244,0.10492184317617298,0.23670740502645035
ENSG00000161888,0.42675463360624244,0.7416995543421714
ENSG00000167749,0.275918571854818,0.6666400532379199
ENSG00000130669,0.36850562633317263,0.6254083689563459
ENSG00000186818,0.4747048493743705,0.8183248792105351
ENSG00000105185,0.3473282740096779,0.4609655673051932
ENSG00000105186,0.009611451077819341,0.055311734485704825
ENSG00000213965,0.07590860740495517,0.08328754741984248
ENSG00000125730,0.8543644774677135,0.5067089420727462
ENSG00000249115,0.8073291251392261,0.7388050348284269
ENSG00000126254,0.5544467375673992,0.5648105173953436
ENSG00000105672,0.9522875308295288,0.8432748764124187
ENSG00000126267,0.8222592735786691,0.771084463488965
ENSG00000102575,0.5232251484618282,0.7300633173851299
ENSG00000129455,0.5194390086506303,0.7679751670137096
ENSG00000175221,0.45283574452316655,0.41685881479441567
ENSG00000174562,0.9927634901001234,0.9300720740224723
ENSG00000167595,0.005469957350582837,0.03537755050770502
ENSG00000198858,0.24079112951757684,0.30525303005000287
ENSG00000089639,0.1393279567873304,0.3572661212725763
ENSG00000105726,0.1359028932902405,0.2270352764329242
ENSG00000181896,0.18798059269546896,0.36700170015123457
ENSG00000105708,0.7993484938800004,0.83676974434215
ENSG00000064547,0.689596560883573,0.7876705859047209
ENSG00000125744,0.9286413447649888,0.704337592111583
ENSG00000213889,0.2665184064482107,0.5439506436912709
ENSG00000125741,0.4481207095914599,0.7754723015280919
ENSG00000177464,0.6717357971204562,0.1823502573278535
ENSG00000196605,0.0072562637227256135,0.08977995591980456
ENSG00000197766,0.7640965514177573,0.9103578733547046
ENSG00000105639,0.09192835624440163,0.3211308069310114
ENSG00000105640,0.08107627522018993,0.21444692135666163
ENSG00000197857,0.5695826674619591,0.8598751699192297
ENSG00000022556,0.9529599425500956,0.6406484393736079
ENSG00000160439,0.11895966374284075,0.09864903503212648
ENSG00000011485,0.42938535896271246,0.28052167445587795
ENSG00000169515,0.7710745620568861,0.4301127571660105
ENSG00000141965,0.4295306965524037,0.85340263643703
ENSG00000127666,0.4577765026217864,0.26951790471156395
ENSG00000105355,0.1343472104065738,0.37356847315844555
ENSG00000276043,0.770080761031884,0.5964543252992786
ENSG00000127540,0.9679144833838992,0.9957987486742432
ENSG00000171124,0.7149105508845437,0.8861106318378927
ENSG00000130881,0.0523724242021521,0.17273916906366552
ENSG00000153879,0.004073215582150282,0.023604945907307294
ENSG00000104904,0.551872851170816,0.5818424604744072
ENSG00000229833,0.888818407709989,0.9462936410736487
ENSG00000076944,0.13274244893908288,0.26331555470156476
ENSG00000124299,0.05931049832922419,0.16419079755521124
ENSG00000105698,0.7099911590013026,0.8823800925267458
ENSG00000105697,0.2865951458484319,0.025502735028699212
ENSG00000105699,0.429639278666621,0.6994390125078911
ENSG00000007306,0.008729829196816426,0.007935104964283327
ENSG00000105388,0.1317755323476902,0.26021317700647395
ENSG00000267881,0.412832187713817,0.36201323532468144
ENSG00000086548,0.4209851680015707,0.6410839572894127
ENSG00000105372,0.804597513791593,0.5193154235669692
ENSG00000105404,0.8975273002002139,0.7483252217244913
ENSG00000105369,0.11451753451511514,0.5855237153068706
ENSG00000126453,0.36250334007491325,0.3813667303005802
ENSG00000105612,0.1978982580105591,0.6274014564052687
ENSG00000130165,0.16997452148806905,0.062389709744037895
ENSG00000130475,0.008724004090652476,0.01756344829739385
ENSG00000072062,0.04236699079640999,0.09443936006135484
ENSG00000171051,0.45804955822763604,0.7467150188003574
ENSG00000105397,0.13332503749762892,0.16969790715567404
ENSG00000251369,0.04289273159871235,0.26926237131167124
ENSG00000188493,0.04352139261245027,0.02892917012549664
ENSG00000077312,0.7469881726968185,0.4101037953383523
ENSG00000261857,0.4946218976465818,0.2324570444260679
ENSG00000086544,0.12532404731379873,0.21288891322119932
ENSG00000105499,0.5216359457915889,0.638621054395157
ENSG00000185453,0.6970126354724275,0.9402291672300054
ENSG00000105483,0.5372306147660465,0.0834966269113011
ENSG00000142227,0.5887801557691574,0.2652274149741677
ENSG00000105486,0.03967501068895277,0.10770977373344284
ENSG00000172081,0.6849459484619734,0.5751905153954102
ENSG00000131944,0.23728825489689137,0.15835617598834284
ENSG00000115257,0.5034612739389351,0.8679805159172316
ENSG00000142396,0.39751736715807895,0.5276301468868498
ENSG00000234465,0.6604596745008711,0.378100220554595
ENSG00000284638,0.005385081893983202,0.022559840671813672
ENSG00000160007,0.09015364317149935,0.2799696167890621
ENSG00000130748,0.8957181440089153,0.52453157815963
ENSG00000130749,0.5033877913877562,0.7295711166070253
ENSG00000142230,0.8838698184099897,0.9918476547677427
ENSG00000105327,0.6329052354803337,0.8178845136764775
ENSG00000105321,0.2643697222161983,0.5773984067046232
ENSG00000257704,0.10550383968444037,0.09285199510783382
ENSG00000160877,0.3781025367863342,0.47321873847086526
ENSG00000099341,0.06803529850344396,0.2192046756561233
ENSG00000065000,0.9420625254706897,0.8628714766689718
ENSG00000104856,0.43664799899942164,0.7673169998678362
ENSG00000104859,0.6403363209348,0.7457720125462469
ENSG00000170684,0.7801909244999317,0.9714837166307183
ENSG00000142252,0.8514327430943915,0.5145414051341989
ENSG00000104946,0.5525702944040982,0.9699416074775659
ENSG00000213024,0.18606548381612364,0.39651055594340856
ENSG00000161652,0.06756242732141599,0.022077998556201815
ENSG00000063244,0.5878138077151414,0.305354842200902
ENSG00000130758,0.01024386325475251,0.04734035867567654
ENSG00000105219,0.9155388363662476,0.7023820907753764
ENSG00000105221,0.03553111729956458,0.17914581224031437
ENSG00000160392,0.40083705929421953,0.4809043241359571
ENSG00000090013,0.32227113213956665,0.42816811040158165
ENSG00000088038,0.6178417213174672,0.7977504006367152
ENSG00000130816,0.05497723680756717,0.12224627210649942
ENSG00000130158,0.31460234694245603,0.5590643007748388
ENSG00000099617,0.20020137126494714,0.1550747809138046
ENSG00000185761,0.898964247413464,0.7772718006329807
ENSG00000142556,0.2805283702038987,0.5371260452325155
ENSG00000256087,0.1071483166626278,0.29336247642077923
ENSG00000197608,0.15217635701260768,0.4131890157773389
ENSG00000204611,0.019138621953089272,0.1019092419315864
ENSG00000196267,0.016310120341516823,0.15836195050272064
ENSG00000196214,0.012106238638790096,0.062083651603968615
ENSG00000198464,0.7931014474325179,0.9474266601494312
ENSG00000167554,0.7063283264767233,0.537348311115464
ENSG00000221923,0.06494305541387074,0.0321352072723342
ENSG00000167555,0.7497011093842848,0.8176388143025677
ENSG00000105568,0.538542227041109,0.7737434894372905
ENSG00000089335,0.47162242316383474,0.3593772854260484
ENSG00000197841,0.010278494639620127,0.0545035996041106
ENSG00000153896,0.1241791317401741,0.08256974830399633
ENSG00000081665,0.15590745476216228,0.19364167916528924
ENSG00000256771,0.014602544036132844,0.08285352085902266
ENSG00000184635,0.7145355312046456,0.9691223166880014
ENSG00000120784,0.00960049643205603,0.037523791724552294
ENSG00000161551,0.3235782533306789,0.5539381841730996
ENSG00000182318,0.03436649808910835,0.18819856390397963
ENSG00000174586,0.7222349746825883,0.8577077632079586
ENSG00000152475,0.7944942621121882,0.16208084213881357
ENSG00000083845,0.12437879479847692,0.12866848258787028
ENSG00000171574,0.18662846111319248,0.33807047514689764
ENSG00000249471,0.016972726542876026,0.05993829033725824
ENSG00000083812,0.10858080258991765,0.1840244697110662
ENSG00000083838,0.683212129755175,0.5089712704969143
ENSG00000083807,0.6732231311718841,0.3812323434299981
ENSG00000119574,0.48731749072215325,0.4687025747307907
ENSG00000142002,0.10275383732048429,0.22036105913256385
ENSG00000087074,0.11030865399970459,0.2239373740144252
ENSG00000104976,0.07362950973918214,0.019764122420670875
ENSG00000127616,0.6458856131387922,0.7917042081246433
ENSG00000099308,0.16128840792804805,0.37140851096670224
ENSG00000105357,0.07780995863080752,0.1518606460294897
ENSG00000105664,0.07859613396219296,0.018853739377726993
ENSG00000005007,0.08521427232992557,0.34782451586304497
ENSG00000105088,0.9629793495196944,0.8897080059003641
ENSG00000105443,0.7423264709403168,0.6536413821751208
ENSG00000071564,0.5613906652372239,0.7757313606877196
ENSG00000130402,0.04320261169495512,0.1558477480414188
ENSG00000196961,0.296239233178652,0.5296327139992792
ENSG00000167460,0.07033082050121667,0.2458375083358043
ENSG00000167461,0.20074716017153382,0.30365468218171504
ENSG00000105205,0.20708230501567365,0.39556754291010066
ENSG00000125740,0.4197789783205833,0.695125970044689
ENSG00000125753,0.42437769424725535,0.47742955358807726
ENSG00000227500,0.7074190562766269,0.9661498958593935
ENSG00000076650,0.003356274136175723,0.03350368039618779
ENSG00000245848,0.02761005971407538,0.03197122193694685
ENSG00000197619,0.29979371014713285,0.5818444597950969
ENSG00000197863,0.10586665458656906,0.3697413029767186
ENSG00000251247,0.004163829538408684,0.008427623102146101
ENSG00000198453,0.30209132848348075,0.9890689063943225
ENSG00000167766,0.5313163671026522,0.5884033436127013
ENSG00000104812,0.3587066470058642,0.37600951800356586
ENSG00000177380,0.9474772941265991,0.7661701182643217
ENSG00000130529,0.1713735137448707,0.2714758904113443
ENSG00000105679,0.003646764174126363,0.005015025951678129
ENSG00000105677,0.49738687128424186,0.32758353663286643
ENSG00000188629,0.24343516264253834,0.5378651944802803
ENSG00000062370,0.040177020513705135,0.15148619977935646
ENSG00000167384,0.49787281017784957,0.4671280178074563
ENSG00000216588,0.2279323731060963,0.1153413111950962
ENSG00000073008,0.11524504932831756,0.2170560557907443
ENSG00000186567,0.23685355681035297,0.10572930187069964
ENSG00000069399,0.9142461131563451,0.7570546908442994
ENSG00000142273,0.31029049342546133,0.208022382246733
ENSG00000187244,0.11355187639606566,0.2970910583384664
ENSG00000105223,0.6640378007353342,0.7799278724213368
ENSG00000267673,0.6564622008132334,0.5987768079005171
ENSG00000161847,0.07278069950043549,0.21724081698649883
ENSG00000076662,0.057105520358864854,0.31536663456075964
ENSG00000099817,0.6133926434458776,0.5989927355353531
ENSG00000167468,0.8888061555052325,0.9484661714239685
ENSG00000105559,0.7087718952656652,0.5817931479529211
ENSG00000105426,0.9299776386762852,0.889197201690985
ENSG00000104960,0.47821116243485473,0.9024477516496981
ENSG00000131037,0.9962097226351698,0.9216609935976328
ENSG00000104823,0.8019169595475429,0.7458964276825728
ENSG00000268083,0.02806928682094826,0.11459314217821741
ENSG00000187994,0.2170044845325111,0.266734737135052
ENSG00000068903,0.05399383094079081,0.2243811414472433
ENSG00000104825,0.04146099486914499,0.14308964154980602
ENSG00000104835,0.013295648966779922,0.021817121098964196
ENSG00000128626,0.16116249640702565,0.19374423034746724
ENSG00000269190,0.3885696961314534,0.6632636009420192
ENSG00000104824,0.07121453890136568,0.1257994520878321
ENSG00000129351,0.0274199127977046,0.07513515281726012
ENSG00000141858,0.42224394645102814,0.515095695822928
ENSG00000167604,0.12253485008394181,0.1888853407361478
ENSG00000076928,0.9455781383727806,0.9442788282538104
ENSG00000105204,0.806528810475632,0.6238148118238908
ENSG00000090372,0.3862641933990575,0.6598748591749466
ENSG00000181027,0.5357093123746782,0.727669242139289
ENSG00000105281,0.4646487965044994,0.7740384622388553
ENSG00000042753,0.5102771629368827,0.8534597726193995
ENSG00000104805,0.25776777255036765,0.6742758718360833
ENSG00000130254,0.23242302926593827,0.602918776636294
ENSG00000223573,0.34129149314275115,0.25779729480657176
ENSG00000211840,0.05822095784716303,0.07400162481876565
ENSG00000211829,0.6103544924946056,0.6783180402130491
ENSG00000151413,0.037310753790678164,0.051199967895417406
ENSG00000129515,0.3649002665311124,0.554708721039631
ENSG00000087301,0.22280770596169433,0.4357874030180281
ENSG00000168229,0.012971717227580599,0.07339768823252628
ENSG00000073712,0.5514411145075684,0.1706194947174115
ENSG00000129480,0.348863167676567,0.40539264514701323
ENSG00000100519,0.4340480557850458,0.49700720756812544
ENSG00000126773,0.0850587339139818,0.2185908927768732
ENSG00000154001,0.3415184802002873,0.7635988861271805
ENSG00000198252,0.9098771007449178,0.6628063403477575
ENSG00000126790,0.22997700942767077,0.5728730739435625
ENSG00000100614,0.04714944213396901,0.14902524020436902
ENSG00000100612,0.5656630685649944,0.6322978396955278
ENSG00000100731,0.4425162920265069,0.6644757256693132
ENSG00000020426,0.8978922403000352,0.8274691140143979
ENSG00000179476,0.3070340567619019,0.7757859797164415
ENSG00000119599,0.13190586286860193,0.13978705905815444
ENSG00000050130,0.3149421897384246,0.6561160105595416
ENSG00000126785,0.8596076813842876,0.3700717941560535
ENSG00000180008,0.28787415705026603,0.4976631962031427
ENSG00000100647,0.5966427923801463,0.8940532609080744
ENSG00000258989,0.6498850995334222,0.9809201015666205
ENSG00000129521,0.2057455806000341,0.06946745772250588
ENSG00000165389,0.3951200360877215,0.4340295858388018
ENSG00000170345,0.3078909904376756,0.3618761535328966
ENSG00000119681,0.8892776251464144,0.2672752411358391
ENSG00000165898,0.7554612728199941,0.6312414908599773
ENSG00000140044,0.055512678601441656,0.21517740421436707
ENSG00000042317,0.7360745762960215,0.6332737838827678
ENSG00000198718,0.9378606546718301,0.8500090542584752
ENSG00000053770,0.029416647712462222,0.09273772808212495
ENSG00000165548,0.5654730452475096,0.4582771047194061
ENSG00000125378,0.3087767332266041,0.3527992186025858
ENSG00000100650,0.07568185965377767,0.09520285185741038
ENSG00000033170,0.05712464760634862,0.11371564726992966
ENSG00000197930,0.08274026105275764,0.17662552637055187
ENSG00000139977,0.4394702613009125,0.6156127178863261
ENSG00000176435,0.8514189377680225,0.2035536891312243
ENSG00000070778,0.6368913073982749,0.8866196962441193
ENSG00000100523,0.2516484311724232,0.30638384603375046
ENSG00000139921,0.937822848847597,0.9017706058903275
ENSG00000198894,0.08494378524133454,0.19652109297132475
ENSG00000087302,0.6366121346582492,0.5197432259581243
ENSG00000139874,0.027524318523849962,0.0756995508748991
ENSG00000100629,0.44054830885725615,0.6173793807511343
ENSG00000070367,0.6301417158393192,0.889188265018067
ENSG00000205476,0.15199121701395643,0.40515350579866105
ENSG00000080823,0.32280409986773273,0.5213402807223475
ENSG00000196663,0.6474067731117611,0.9459947492872046
ENSG00000100764,0.7584209314456698,0.8694952109856818
ENSG00000125384,0.03636161215310734,0.18691603061359868
ENSG00000066739,0.24948681425763214,0.3309284962929736
ENSG00000211949,0.03460848427189795,0.2321837507382453
ENSG00000100784,0.002757401436632588,0.005420431966753647
ENSG00000211956,0.06751170162374141,0.3004797918605256
ENSG00000182512,0.8102864025623924,0.8447824785169253
ENSG00000140057,0.1519681643738441,0.029799979509588
ENSG00000088808,0.7146654300224516,0.8730050415519223
ENSG00000066455,0.6259421967360059,0.7104248576886157
ENSG00000070269,0.061747157464399814,0.0970928817621968
ENSG00000054983,0.27187726698511794,0.24469548830317916
ENSG00000100739,0.7978796480538874,0.5363423423955405
ENSG00000211958,0.8736834867787809,0.3638319147430038
ENSG00000170779,0.9022656366626158,0.5812468625378786
ENSG00000211952,0.08501198588190559,0.5348123591692981
ENSG00000211947,0.22275178123663436,0.28557004301833044
ENSG00000282639,0.2515732136492216,0.6135844051181167
ENSG00000211957,0.10735091953164153,0.32127054641089037
ENSG00000211943,0.06700215702362178,0.32591872127426996
ENSG00000100600,0.0893209263802837,0.12994400666955178
ENSG00000090061,0.43174221537733637,0.5943682535701722
ENSG00000140104,0.09477861351672819,0.1449253023500553
ENSG00000183576,0.823699378713049,0.9246470820935297
ENSG00000211946,0.2919388201645737,0.92074292648906
ENSG00000185567,0.323198232481939,0.37095200458048627
ENSG00000100865,0.2446777373242046,0.359871617130218
ENSG00000211950,0.42356293922720734,0.7534755910755091
ENSG00000211955,0.09525418580844464,0.6871119858861666
ENSG00000165914,0.41303756240450873,0.1994527946078387
ENSG00000270550,0.3172931309707248,0.9230018234030664
ENSG00000119714,0.8280882127317354,0.3907629837083625
ENSG00000211895,0.019536182758423486,0.14130206742895865
ENSG00000282651,0.21603186241984793,0.44018033135907353
ENSG00000211951,0.25312927130444174,0.82143498874686
ENSG00000042088,0.04543311470841499,0.08971880020917897
ENSG00000211945,0.6485603477325046,0.5882830158232071
ENSG00000231475,0.3873823142757856,0.780113288384864
ENSG00000131966,0.03346375165273207,0.07804439719669477
ENSG00000100744,0.04491003907730938,0.07349043721253018
ENSG00000211942,0.840659623174083,0.27312561933467266
ENSG00000126777,0.7794917540642381,0.9295143295885528
ENSG00000140025,0.24929130042834124,0.1478857947037492
ENSG00000100599,0.07892403780074692,0.25133221728678135
ENSG00000211941,0.06623606803445571,0.47145587730968397
ENSG00000100522,0.18201633106609388,0.12911505972228146
ENSG00000277734,0.5120478780866362,0.6870148738483888
ENSG00000129562,0.7790993273767088,0.6389382913873536
ENSG00000155463,0.4511321539846055,0.8712576605602529
ENSG00000197324,0.11759114814944652,0.43063226745025196
ENSG00000100461,0.21592513730717672,0.3952264084513827
ENSG00000100462,0.17695363263942557,0.34313194573339256
ENSG00000259132,0.056445147124848424,0.21455722717537876
ENSG00000129474,0.5214779421855451,0.838882646658627
ENSG00000100802,0.19557289242028944,0.02890752291376617
ENSG00000100804,0.744581587444573,0.8825159142730707
ENSG00000179933,0.3263346152198036,0.5764605181079974
ENSG00000235194,0.42724641915914907,0.4254097154177572
ENSG00000100842,0.9759557845046227,0.49263629144291676
ENSG00000259431,0.20618257290150308,0.2690295806376357
ENSG00000213983,0.26721010934764317,0.4872619489577108
ENSG00000157326,0.3168932034339351,0.255413059483383
ENSG00000100604,0.006534975755748776,0.012821628315971438
ENSG00000100605,0.24355941333242673,0.29444637351050273
ENSG00000165943,0.47747612870646894,0.5789133929876231
ENSG00000153485,0.013018787977843114,0.029874769697656994
ENSG00000170270,0.2686981922110355,0.3292689095934953
ENSG00000012963,0.20441903598208452,0.42286880483803524
ENSG00000100601,0.4773114205831265,0.6704684336797947
ENSG00000119705,0.20621940895131433,0.4270732453328362
ENSG00000063761,0.9615275151672267,0.5542901363436228
ENSG00000151748,0.48534886332368155,0.24464501470454453
ENSG00000100504,0.4520870347522099,0.4113141217999138
ENSG00000119689,0.6216037169465038,0.8115750026131917
ENSG00000198208,0.8860356328809328,0.3245157147695608
ENSG00000119630,0.30749911776354344,0.2680674311192757
ENSG00000119718,0.9479512514433621,0.9032003751163532
ENSG00000119684,0.7349697115223547,0.965964433829971
ENSG00000119640,0.4898586951436773,0.7700751200603009
ENSG00000119703,0.8758975064544395,0.9117952508991932
ENSG00000170348,0.6761323226867271,0.9929758721967946
ENSG00000100665,0.2945466396591935,0.05618673816878766
ENSG00000196136,0.07572404579276551,0.28043733038363616
ENSG00000100528,0.12073756165898031,0.26308889063070895
ENSG00000197045,0.040041504701608076,0.12296013223598362
ENSG00000020577,0.37007849043880026,0.21790753947439245
ENSG00000198554,0.1454921574488367,0.2203499470964411
ENSG00000139926,0.8209543311290354,0.4097165453902194
ENSG00000156411,0.6762440792903136,0.8499558865683319
ENSG00000100867,0.5194616571805539,0.9995561503598747
ENSG00000119655,0.07515131548489089,0.06981655345794215
ENSG00000100603,0.6802525246191776,0.9550187242053079
ENSG00000179454,0.05291570610756314,0.2536548662064889
ENSG00000166428,0.17149732020988614,0.36750616992061735
ENSG00000136319,0.7538917063904198,0.7187603623472791
ENSG00000100814,0.700030749092668,0.38356146831667626
ENSG00000129566,0.3537783997071894,0.73701788427843
ENSG00000092094,0.9239654778068657,0.7485647724641493
ENSG00000100823,0.35322999605984406,0.325960636068665
ENSG00000258818,0.32724570103415374,0.6006143030311
ENSG00000259171,0.07457939884005797,0.3486016973958228
ENSG00000169413,0.6737854164518409,0.8626481106807009
ENSG00000129538,0.11893466939530775,0.17451088951484212
ENSG00000169385,0.9145981748125158,0.4073505706745809
ENSG00000165794,0.8003928497133632,0.8498317975852618
ENSG00000165801,0.7958790624054499,0.7047551861270588
ENSG00000165804,0.915298137647304,0.8096427307461491
ENSG00000092201,0.14954777423509036,0.3864691844234689
ENSG00000214274,0.7566487945340257,0.8194658200298754
ENSG00000166166,0.3439214295541323,0.24132469960066008
ENSG00000256500,0.4204288433810782,0.5077754410756213
ENSG00000126215,0.3661092391214844,0.33241037304055254
ENSG00000119699,0.129238651826308,0.05478638120762885
ENSG00000185215,0.4555976231627076,0.7655150831648563
ENSG00000165959,0.04081222174302238,0.15151621590899753
ENSG00000184990,0.7055115660084075,0.9505526687121377
ENSG00000179627,0.9870868639973531,0.7554438884009029
ENSG00000100722,0.04410360574125749,0.13489030254049722
ENSG00000165533,0.810859697471132,0.644523245764827
ENSG00000203485,0.03573300699311803,0.0370572158577447
ENSG00000131979,0.7104890726661973,0.8491297192446404
ENSG00000100889,0.24253240183493,0.18492036526878
ENSG00000100897,0.7640711156756349,0.6884698212882084
ENSG00000092010,0.7223460489613922,0.6171494842040512
ENSG00000100908,0.04258116564381333,0.047202283518209466
ENSG00000100911,0.23683559849982488,0.16740996882532921
ENSG00000196497,0.8212892187890476,0.9963590547696058
ENSG00000100926,0.4685098513266761,0.3796102435299268
ENSG00000254505,0.33910932094161456,0.2891698644992832
ENSG00000213920,0.7389803681273934,0.8236162669846399
ENSG00000129559,0.34556817802690065,0.40720659693825045
ENSG00000157379,0.15784375351613036,0.24756020691638944
ENSG00000196943,0.11638970132292896,0.4024079874226263
ENSG00000213903,0.8427876650034145,0.6475078014407416
ENSG00000129465,0.3599176283107366,0.1994760157537058
ENSG00000100968,0.05664103472783712,0.022328317742373975
ENSG00000100888,0.5797298607772907,0.9353895810731756
ENSG00000129472,0.3662941807056205,0.3444296833822714
ENSG00000100567,0.7557526183152661,0.9954775322370054
ENSG00000032219,0.07517609344452363,0.33236774355935744
ENSG00000100575,0.8198705298806384,0.7989657730738927
ENSG00000100578,0.9732009708528926,0.6882513341538294
ENSG00000100711,0.10444641517429933,0.12152147782165716
ENSG00000165782,0.5727364926989258,0.6513514906035256
ENSG00000140153,0.5278891232044013,0.871557711945428
ENSG00000100592,0.42246472312555894,0.34904836643264736
ENSG00000171723,0.38533991822713576,0.409233755082299
ENSG00000185100,0.45095467699345815,0.2917360485604075
ENSG00000165792,0.611455786684466,0.38314039609461326
ENSG00000129473,0.416254642574874,0.957134288918117
ENSG00000165417,0.2232029175337607,0.2503282395756776
ENSG00000134001,0.055374198849338266,0.12914650769032876
ENSG00000100558,0.46468825363128174,0.28075866438949487
ENSG00000156127,0.19657586112335557,0.19700445753725626
ENSG00000119686,0.32452716405765825,0.44836882024213265
ENSG00000119685,0.9251307133006649,0.9463773790974792
ENSG00000133935,0.06367937711909637,0.1487051792416112
ENSG00000089916,0.07826233518978275,0.22138004040350429
ENSG00000119650,0.4771934009174824,0.7928879477356408
ENSG00000054690,0.0014826576430782125,0.010250537107286201
ENSG00000100564,0.7186061800713699,0.8791150972907571
ENSG00000081181,0.4570776882954346,0.49760924586926003
ENSG00000100568,0.09507305071269094,0.24393189893120187
ENSG00000072042,0.8733536053643625,0.7606571567358165
ENSG00000072415,0.03323134660179112,0.10455794119850166
ENSG00000100554,0.5366266082321876,0.5300662594339715
ENSG00000100883,0.17699335410696135,0.4026053262515936
ENSG00000211959,0.15867659223456693,0.10556022852603743
ENSG00000232216,0.08462577998477004,0.3925954468630274
ENSG00000211962,0.42342695068710967,0.4439204869788941
ENSG00000211964,0.013503451988526287,0.14735778504781658
ENSG00000211965,0.09442267958331016,0.5646265124865159
ENSG00000211966,0.22623911735131477,0.3802375181582667
ENSG00000211967,0.06794466749645503,0.6222028926525096
ENSG00000211968,0.6359026600148039,0.7985056752978776
ENSG00000224373,0.033942955747490476,0.254287122701542
ENSG00000119638,0.11382027078682336,0.3117808886042633
ENSG00000075413,0.43595272829338205,0.7489043391790982
ENSG00000205978,0.024133408876189606,0.035986414024973046
ENSG00000139899,0.8336527735851642,0.6715763594812002
ENSG00000100441,0.13660022785913925,0.3987578752513483
ENSG00000100450,0.9338808696752646,0.4424095649298888
ENSG00000100448,0.5309369871437797,0.6965096116571803
ENSG00000021645,0.27256904797102927,0.2911227097537397
ENSG00000139990,0.3318441408436273,0.7296801441573173
ENSG00000092140,0.18224705662155052,0.2504966802269214
ENSG00000092108,0.22788546935151419,0.4721716621551971
ENSG00000140093,0.36632922334307594,0.3504249713366274
ENSG00000170099,0.32366475877742723,0.35067329238677036
ENSG00000197249,0.20137027873465702,0.27182167917995387
ENSG00000129484,0.9946793717170828,0.8906372747453634
ENSG00000133943,0.015519161256442997,0.0488064225506947
ENSG00000227051,0.10497350170749471,0.08520923001164925
ENSG00000168398,0.11039449937814104,0.20411221912762867
ENSG00000053254,0.34972764655823874,0.7814753762922518
ENSG00000157227,0.44111174746288084,0.9060146541970231
ENSG00000165929,0.010354290132705071,0.0642297709685813
ENSG00000100815,0.09673285834869458,0.3581425623243567
ENSG00000183648,0.1878235785834091,0.253359372982655
ENSG00000165934,0.07924861321577256,0.24802471217889419
ENSG00000092203,0.6682045045529983,0.8543137373472196
ENSG00000165819,0.9447312819003266,0.954980400062635
ENSG00000100483,0.2687583749184017,0.12326007284203726
ENSG00000100485,0.11619741661336681,0.3422775541045838
ENSG00000087299,0.28284249123528343,0.3379876961436645
ENSG00000100490,0.20488885145739838,0.2899211888735316
ENSG00000133983,0.9611699685575786,0.8050044575147304
ENSG00000258644,0.23281515971716127,0.21468915507463995
ENSG00000213463,0.5905259381656607,0.8391678169534695
ENSG00000133997,0.41438728660436186,0.47288518773310195
ENSG00000133985,0.2124402531458537,0.06852992231532436
ENSG00000006432,0.8526593602991809,0.6031419941225298
ENSG00000100934,0.21701586182521626,0.4308787648208571
ENSG00000182400,0.8627379480470028,0.5739238393352157
ENSG00000100941,0.0722329052250275,0.18740916754641707
ENSG00000119682,0.0657768510841125,0.2502792799183172
ENSG00000119616,0.03337223362845515,0.13283106241046025
ENSG00000119596,0.2859949330209847,0.6591536399437208
ENSG00000168175,0.7439282627399872,0.9204135484897179
ENSG00000131981,0.08962136415418899,0.09262299788487051
ENSG00000126787,0.1917726348542836,0.30038222531291137
ENSG00000178974,0.02035717513246065,0.0714066967572116
ENSG00000126775,0.13544181453853368,0.5772062596609615
ENSG00000072121,0.511368874886089,0.9136476709136611
ENSG00000100916,0.7387276012400159,0.9169347499400378
ENSG00000022976,0.07976307032497532,0.0831436952278735
ENSG00000100949,0.835566646267666,0.5764253331551058
ENSG00000100796,0.5788678172873734,0.8532250982589846
ENSG00000092036,0.11598085419844957,0.3402836349166082
ENSG00000174373,0.3053773783855099,0.760968682578109
ENSG00000012983,0.500703623005918,0.7403392399015589
ENSG00000197102,0.07421849131819001,0.26273946038756574
ENSG00000100813,0.19802323886629583,0.28530366961234754
ENSG00000139998,0.8587380183286657,0.3899618076967041
ENSG00000257365,0.7938276568048773,0.6704067186941912
ENSG00000125952,0.8661030288177278,0.6109936632692032
ENSG00000172590,0.492530138943576,0.8115132557727555
ENSG00000100577,0.733975205590399,0.15926751914118872
ENSG00000100580,0.4076577759641796,0.6297507052816684
ENSG00000183828,0.850430315787312,0.6952871904071862
ENSG00000165807,0.9711942589144036,0.6252215104452497
ENSG00000126822,0.4061864431858653,0.7728603657864834
ENSG00000009830,0.35331714069149167,0.31585400119518947
ENSG00000142208,0.9869686556978404,0.9514248597294654
ENSG00000184887,0.5209230771020678,0.7766956933284845
ENSG00000198513,0.5621538277803384,0.747159179228577
ENSG00000100473,0.031181878057141548,0.04881555336064573
ENSG00000196792,0.41590138030662327,0.7207240820067615
ENSG00000072110,0.24129583400076735,0.16586211051309016
ENSG00000100478,0.8639349860545411,0.876237235348211
ENSG00000090060,0.443907487876415,0.5048467954238043
ENSG00000258289,0.844915732847084,0.9118284180469782
ENSG00000092208,0.12331982198925658,0.2174459724922215
ENSG00000100836,0.31771004906500955,0.7382510492651233
ENSG00000100445,0.028869191793772203,0.02036346641240507
ENSG00000211785,0.8208253066009733,0.44102405322665805
ENSG00000211788,0.8947426372650253,0.337804475034298
ENSG00000211801,0.5109821718011602,0.9375103388729502
ENSG00000211820,0.26862729828005644,0.4952743722204377
ENSG00000211896,0.22171825912233084,0.9668097188122515
ENSG00000211897,0.35351966838017357,0.8350073975403867
ENSG00000211898,0.045382106650501505,0.24490038169719633
ENSG00000211899,0.12658661801531382,0.6772874527702435
ENSG00000211900,0.08178996237024357,0.34700307396802654
ENSG00000242472,0.0007802702672535357,0.0047326250289390585
ENSG00000240041,0.7066757494376503,0.5052433528071155
ENSG00000242887,0.981736320285834,0.8387111101245415
ENSG00000211904,0.03701826158928382,0.28982455457592454
ENSG00000211905,0.00434688997054409,0.05668527540442719
ENSG00000211933,0.7775240288396521,0.6335781086954306
ENSG00000211934,0.007233842405910674,0.09529620634227734
ENSG00000211935,0.08028854702062385,0.2888702199848084
ENSG00000276775,0.10784804825909709,0.4859406569660979
ENSG00000282122,0.28975709266438143,0.7780978253500864
ENSG00000211937,0.09614348028133425,0.6601852477092132
ENSG00000211938,0.17655792790754515,0.5290956691811379
ENSG00000211970,0.14715535811093783,0.8495008886363454
ENSG00000223648,0.07355841721925416,0.42974180813531837
ENSG00000211972,0.3421981088841055,0.4408088722781198
ENSG00000211973,0.006397468117181077,0.010190473510569256
ENSG00000211974,0.40672264401100977,0.9812057852272436
ENSG00000281990,0.10005375678616496,0.31380363317633764
ENSG00000280411,0.013425706204934945,0.028154723493863425
ENSG00000274576,0.17919519676678528,0.6049821118065265
ENSG00000225698,0.032765342829091,0.1733079827740915
ENSG00000211976,0.002562466032833962,0.0466501931730982
ENSG00000224650,0.45332306226282904,0.7273639989543611
ENSG00000211979,0.29779212052525006,0.6777205515823845
ENSG00000197555,0.04567287228301147,0.17572491120349776
ENSG00000126804,0.1393810096596013,0.34042998003018804
ENSG00000100644,0.19504984919127644,0.4579573913306234
ENSG00000023608,0.9070226807124916,0.787732215114654
ENSG00000176473,0.376878489988676,0.5770252917045253
ENSG00000100628,0.3526683645547869,0.10123020738800105
ENSG00000089723,0.5262508891632842,0.5831876537102978
ENSG00000165948,0.059217360820267705,0.10348244715387164
ENSG00000119632,0.5015695639433747,0.4157981262587779
ENSG00000126803,0.2428900340155339,0.3128298159394154
ENSG00000183484,0.7263007179478336,0.6056855736134733
ENSG00000184916,0.8979024854290739,0.4435132260161083
ENSG00000179364,0.14634552846914622,0.4576609775867686
ENSG00000182979,0.7051458743386477,0.8772298105774468
ENSG00000182809,0.31270471926041593,0.17703934530600793
ENSG00000213145,0.5554789339326589,0.5466597358907205
ENSG00000185347,0.4122045213902962,0.37716409277114715
ENSG00000211890,0.009015937531180645,0.023112770463092232
ENSG00000211892,0.06049789940597105,0.3807009778397703
ENSG00000211893,0.11378397610589035,0.704120418898695
ENSG00000071246,0.6450985479419592,0.19782394214863028
ENSG00000013523,0.31976159563168405,0.42715339301328636
ENSG00000119669,0.5684180249539329,0.26384686002717844
ENSG00000166165,0.06484724325840222,0.08924465395075436
ENSG00000256053,0.7813508815745802,0.7086869701285635
ENSG00000184304,0.23789472625808017,0.0534469674235526
ENSG00000125375,0.015206674246648542,0.07884257244401577
ENSG00000211448,0.9491762722790116,0.6278389672960705
ENSG00000100526,0.6774299009583554,0.5264260931886029
ENSG00000100852,0.6159537135727569,0.7537310696306665
ENSG00000165795,0.08616691383058718,0.2416904064749537
ENSG00000100453,0.4968272246027243,0.8025840775022782
ENSG00000054654,0.12664649094735742,0.25433496814688494
ENSG00000099814,0.3550163384014896,0.3941852120472594
ENSG00000187630,0.8630027494440723,0.76893459185414
ENSG00000185024,0.45354656205347,0.6334356891097651
ENSG00000087303,0.2719665224772722,0.7226178461050594
ENSG00000015133,0.403167538304788,0.7251888522960706
ENSG00000100938,0.32145710258862986,0.649820555821707
ENSG00000139880,0.9047923221031493,0.7798837025301246
ENSG00000151332,0.3378954825058682,0.8020274161373118
ENSG00000066427,0.9643447312071604,0.8517040056394989
ENSG00000089737,0.042707819679257866,0.10939911139276372
ENSG00000027075,0.3316919992786861,0.8056899811005978
ENSG00000092068,0.6656181526248304,0.9340867955989757
ENSG00000176153,0.03884311028903996,0.05895291991909564
ENSG00000198668,0.3780277497368325,0.4097493805431519
ENSG00000129518,0.0811344365820308,0.20653398098320772
ENSG00000092199,0.2929200995369269,0.6247516856266749
ENSG00000150527,0.04221699394881821,0.11908148307122478
ENSG00000136305,0.5822922050548938,0.5082522503811726
ENSG00000100439,0.26157274060034214,0.11410124105172961
ENSG00000186469,0.2941499639357865,0.8000599819398687
ENSG00000156050,0.05340782777666714,0.21776747683478476
ENSG00000119723,0.15423211770314868,0.25883604636457064
ENSG00000187097,0.004041575868365935,0.013495888208799019
ENSG00000119636,0.8605582555334722,0.9710119780848671
ENSG00000119711,0.07738629634467707,0.2169730478850213
ENSG00000119688,0.6443128031794366,0.783995188445
ENSG00000205659,0.6399635425409653,0.9266671558055487
ENSG00000165525,0.12673668957181095,0.43427065051071834
ENSG00000165527,0.45975295408978356,0.7869383173125981
ENSG00000165410,0.1657599807309275,0.06928841177525435
ENSG00000198604,0.13709360341344062,0.29960325466805315
ENSG00000092020,0.36701835085970946,0.5164780968817622
ENSG00000100890,0.2702670309510436,0.410683303986067
ENSG00000100902,0.5016627210481392,0.4264927621985273
ENSG00000151445,0.9898291050296926,0.8193927304574513
ENSG00000100591,0.5976586505615028,0.6351770842665163
ENSG00000100593,0.09079172079412659,0.17013532782970783
ENSG00000100596,0.5664840812570384,0.8290084501334691
ENSG00000100632,0.44397808127191596,0.6949576572872755
ENSG00000029364,0.7485643522075425,0.92156870838998
ENSG00000081177,0.15696253079257538,0.340286671330673
ENSG00000140006,0.7318876401979825,0.7446437103399779
ENSG00000198133,0.07678107109287031,0.4948352807885592
ENSG00000071537,0.20414869844590894,0.4959534254715803
ENSG00000140022,0.2767498151206824,0.174383506224321
ENSG00000165949,0.6197021490085981,0.8863425441010196
ENSG00000205436,0.005333058360973344,0.007495253310498621
ENSG00000129493,0.6612158270347632,0.8409785843604234
ENSG00000184227,0.8231447584132701,0.8776482533422254
ENSG00000119673,0.4389571664376828,0.6006118783866286
ENSG00000177465,0.5674530040017826,0.6973264209324541
ENSG00000119661,0.10112727026305814,0.1308873493905215
ENSG00000176903,0.48404724568200996,0.2036645260700945
ENSG00000140043,0.24981590771471987,0.6773832055919253
ENSG00000119725,0.30058722265924115,0.5498720926356255
ENSG00000168952,0.11564058621018747,0.257699120130308
ENSG00000182185,0.17313065091782442,0.13270973595737776
ENSG00000165355,0.05578747474120174,0.1953622912697747
ENSG00000092148,0.49439557487102503,0.7118768309624204
ENSG00000166170,0.12924442954912685,0.19569643683141882
ENSG00000126214,0.870087364260331,0.6836484682884533
ENSG00000080824,0.443748694597786,0.5137042631875279
ENSG00000078304,0.9824051366003296,0.7194053514664249
ENSG00000129514,0.9372804838312508,0.8296953001093232
ENSG00000011114,0.09044604179921326,0.24915456878455902
ENSG00000156030,0.06973799256512606,0.2289728458407141
ENSG00000092096,0.8905394281218697,0.4338178171733801
ENSG00000185246,0.16573926332831793,0.2869647614189248
ENSG00000100442,0.5133906310201566,0.7185023226194952
ENSG00000129534,0.03185722716156562,0.10422632274998928
ENSG00000187790,0.6466475804724848,0.5295857408900027
ENSG00000182545,0.2820302577173641,0.25210137836813024
ENSG00000100532,0.7749676044647876,0.5886435033027455
ENSG00000066629,0.3963229218719987,0.25805121879244
ENSG00000166183,0.10349826254379067,0.1863274160502613
ENSG00000066735,0.0616494609865853,0.1307583988020345
ENSG00000089775,0.5675715355105251,0.7058566745220043
ENSG00000179841,0.008356798602131314,0.03646231904733244
ENSG00000100714,0.10569237148283905,0.2210793614575503
ENSG00000100697,0.05734285193525382,0.12111629575923898
ENSG00000198805,0.6376714476051336,0.7863149917683402
ENSG00000165861,0.7657806755559845,0.4090349422971523
ENSG00000119707,0.02956875766533886,0.14749719545607567
ENSG00000100767,0.4479716842005561,0.9963022770556609
ENSG00000133961,0.22574403612729702,0.49974487430988435
ENSG00000170468,0.6924638410981673,0.9393251136527044
ENSG00000100906,0.2769692847980222,0.5645295829698175
ENSG00000151338,0.8073347337977753,0.746821312568426
ENSG00000155465,0.8534035198833115,0.8307880696610901
ENSG00000213928,0.7171101415619707,0.3395395466478911
ENSG00000127152,0.5376688329628241,0.3878713261338351
ENSG00000092330,0.6583918291557076,0.9765874527589176
ENSG00000092098,0.7316776451057186,0.9743056749135596
ENSG00000156381,0.44064647900506937,0.45102283976248203
ENSG00000089902,0.7623057639679052,0.9168042938941962
ENSG00000166126,0.10012915650343078,0.01861672591675083
ENSG00000131323,0.055514168739096245,0.15843916224725893
ENSG00000232070,0.646837765549465,0.20646616653340072
ENSG00000213741,0.08792548050079323,0.2661343250298318
ENSG00000165501,0.49670658841239534,0.5190645032567307
ENSG00000165502,0.34393678566598573,0.24306500737694878
ENSG00000168282,0.3893633040659732,0.6702243824452709
ENSG00000165506,0.08562375560303917,0.17744531012130388
ENSG00000100479,0.1818421152045269,0.14459573203214954
ENSG00000165516,0.10364826994184774,0.31033327505248115
ENSG00000080815,0.14698319741833624,0.25484573414969486
ENSG00000258643,0.13025995210775596,0.30526011823299554
ENSG00000198752,0.2286107149060933,0.48006826903874333
ENSG00000126814,0.03846590236138445,0.0745969117336224
ENSG00000139974,0.672250819785717,0.5759450618734563
ENSG00000182107,0.08962917755003716,0.2006963331716525
ENSG00000151327,0.5602731210064525,0.925091447341171
ENSG00000129460,0.31241927841220235,0.5088023142724509
ENSG00000197119,0.9125740607645653,0.9695524884163886
ENSG00000140105,0.26802823110299373,0.6131266156702546
ENSG00000100811,0.579245904715195,0.45869058163999843
ENSG00000139946,0.1287707137899708,0.28572878322038764
ENSG00000198732,0.9979617329729256,0.7939897982853945
ENSG00000185650,0.5352389634778764,0.8840994703975854
ENSG00000196405,0.8377586737798831,0.4057394035868105
ENSG00000126821,0.1475564740527007,0.23713841326504118
ENSG00000140092,0.2310715006453275,0.0592704564568536
ENSG00000100503,0.8242033290023504,0.5065556914739722
ENSG00000168350,0.9135803395861503,0.8970748018543631
ENSG00000100664,0.04085141158561637,0.10406775845884103
ENSG00000165617,0.1769704052516385,0.039905357956690986
ENSG00000197406,0.07478408392645311,0.1576581942809115
ENSG00000100749,0.3950376541081059,0.49513908833970666
ENSG00000158270,0.36843611252155606,0.2255296366200358
ENSG00000141401,0.1029486722713156,0.29208127253843247
ENSG00000168461,0.7557374493998271,0.6264514772684646
ENSG00000176105,0.12076400029618621,0.27578625094475984
ENSG00000166974,0.8282755444031386,0.5415286877647102
ENSG00000178127,0.5905333828403128,0.7634677374352146
ENSG00000154889,0.27423180335177755,0.3543045075743453
ENSG00000017797,0.17376614965717982,0.5444860854842842
ENSG00000141380,0.724259192639877,0.6639818059074944
ENSG00000101745,0.2702316613955482,0.8071939429686524
ENSG00000152242,0.1837129682384369,0.41209432995818274
ENSG00000154839,0.8088003934213834,0.5584595384460774
ENSG00000141425,0.18308524687764077,0.5167794870002458
ENSG00000101773,0.7488262921211093,0.8811563084150362
ENSG00000168234,0.8942995656654211,0.8687031301846049
ENSG00000067900,0.2821125293386721,0.5560911328124822
ENSG00000176641,0.2775963777820316,0.642313925882038
ENSG00000166510,0.02920001303525557,0.05436049964894365
ENSG00000175387,0.17932187162255306,0.4626883928308143
ENSG00000041353,0.08305001165648669,0.25602419662545745
ENSG00000091164,0.829430617205724,0.9227058416428439
ENSG00000134030,0.42571787242849624,0.09288349819544606
ENSG00000082212,0.7756462857903552,0.9741790105224236
ENSG00000141441,0.2534751007206374,0.6243892171864389
ENSG00000184828,0.7156922832432824,0.7128875632549807
ENSG00000101782,0.014588897988587477,0.084911242549373
ENSG00000141458,0.3843791600560311,0.9496232920928559
ENSG00000172466,0.16852873209224184,0.4797946710092108
ENSG00000166562,0.6819272247125006,0.9353315652271741
ENSG00000134779,0.48527619313647996,0.8786593428982576
ENSG00000166479,0.8172230775121385,0.7383750882535756
ENSG00000141452,0.09812623138560508,0.3164756367167129
ENSG00000175354,0.9690023028814105,0.8783042303424883
ENSG00000186496,0.5000398049334882,0.345120217898776
ENSG00000081913,0.5325892102647891,0.8810576718592221
ENSG00000141428,0.6762862239830838,0.7923102227929066
ENSG00000134504,0.8679279163200678,0.5031941068022128
ENSG00000141424,0.40582444569458187,0.8640235691968177
ENSG00000198081,0.2686444897879809,0.545126251743905
ENSG00000198795,0.6778875842374865,0.355552189891451
ENSG00000154059,0.016878965697280607,0.08592121136939213
ENSG00000197971,0.09257487440539401,0.36966968234458875
ENSG00000101493,0.3177512767701073,0.7037838113163679
ENSG00000186812,0.16457553208368197,0.4859881384795668
ENSG00000134490,0.38907312253679127,0.4363630646486997
ENSG00000134759,0.0979298396228397,0.4489189524458054
ENSG00000101695,0.05876869943907796,0.2786343192498086
ENSG00000197563,0.016002985618542912,0.03070486135853346
ENSG00000075643,0.08379598681706506,0.23255992559473374
ENSG00000133313,0.8787200928265075,0.43002855469811385
ENSG00000186814,0.24097069869607737,0.527487791253926
ENSG00000128791,0.4503561819978653,0.9489867860485438
ENSG00000150477,0.09322004710426919,0.10062404859887712
ENSG00000154065,0.9085335033912884,0.8793633960679187
ENSG00000078043,0.17149276162737204,0.3274542798871708
ENSG00000167220,0.7945584284050544,0.9364668150453147
ENSG00000134049,0.9141723116159872,0.8293663199177235
ENSG00000177426,0.46100825224269704,0.6232826840197738
ENSG00000141384,0.0038764449551773657,0.04138852538255867
ENSG00000141682,0.2683249508797913,0.39690264067719283
ENSG00000134757,0.7524586512338944,0.8636009341948032
ENSG00000118271,0.10932010850255412,0.043035221876207834
ENSG00000215472,0.34562764950124014,0.5355064913699956
ENSG00000101670,0.08555005122108889,0.1689092918831195
ENSG00000141627,0.6543477796182664,0.3874277297455817
ENSG00000176624,0.3536663124583477,0.6095762156005344
ENSG00000196628,0.19856056176801262,0.4453296849944903
ENSG00000134440,0.32289806265439014,0.4571992530493636
ENSG00000081923,0.021646315854392428,0.09189777931624113
ENSG00000153391,0.7288103879113322,0.7101458652437207
ENSG00000173482,0.5020197025837679,0.9138094617308475
ENSG00000154655,0.5816525239142456,0.6282862653595881
ENSG00000141448,0.1082330863245716,0.17522020746418568
ENSG00000134444,0.09401738658582919,0.21545706751096483
ENSG00000074657,0.8612746584273956,0.620387713434857
ENSG00000177576,0.7075258267297497,0.78441635419762
ENSG00000154856,0.183845440405545,0.35238209245520014
ENSG00000134265,0.9460020140039844,0.7737543886755358
ENSG00000170677,0.08220540072779431,0.25086007557084594
ENSG00000141446,0.6974974720615194,0.597942438252258
ENSG00000167088,0.5979262666051908,0.5262395464242682
ENSG00000158201,0.11163327192594101,0.2575413825482749
ENSG00000119537,0.668822302772569,0.8430017088176283
ENSG00000119541,0.08903414791756345,0.28914934344349563
ENSG00000206075,0.3460373905341432,0.376494299633639
ENSG00000171791,0.022640372700439636,0.1481377318709836
ENSG00000176014,0.01993350848828042,0.014110329591795564
ENSG00000177150,0.1160706351161157,0.33617238074916933
ENSG00000101654,0.16105318925739884,0.3568479045234505
ENSG00000132205,0.8407853056816095,0.615447062320181
ENSG00000101608,0.9924563190373319,0.7411239936800932
ENSG00000118680,0.5403959129189627,0.6875589027707354
ENSG00000134762,0.2970434518266005,0.6032027130362104
ENSG00000154845,0.15729408594184505,0.41423867351169963
ENSG00000131196,0.8224021080298791,0.5736774481795672
ENSG00000153339,0.20299026293279954,0.7881824578538719
ENSG00000150636,0.2437339673347469,0.522043987802226
ENSG00000154040,0.9691606958525004,0.955393711260944
ENSG00000053747,0.28680899005021276,0.32420574799823343
ENSG00000141404,0.5330236308537697,0.21359065928255686
ENSG00000134758,0.021430383839681887,0.08361766625366114
ENSG00000176225,0.5916147963977758,0.9964353601063818
ENSG00000082397,0.6158489297966192,0.3723378805863591
ENSG00000075336,0.7951719323841132,0.8628189281570251
ENSG00000166347,0.24664985550953822,0.49049099889000924
ENSG00000134769,0.059843251498129,0.10516492546189367
ENSG00000141391,0.15922637180872767,0.26670311335347757
ENSG00000122490,0.10709788108961299,0.3607666736119025
ENSG00000134755,0.14826920251877646,0.33624393551443826
ENSG00000206418,0.8463412962928547,0.6954390749505606
ENSG00000066926,0.07488604408810903,0.12955511265717096
ENSG00000046604,0.009718606842488766,0.06683653968500775
ENSG00000134508,0.3534678161119662,0.37176677431413085
ENSG00000118276,0.010977089403907639,0.08718964170361437
ENSG00000265681,0.6815731289510205,0.9367470962000863
ENSG00000101665,0.1356561969343516,0.2606528846015032
ENSG00000141429,0.2182924207892883,0.3978437180391985
ENSG00000215421,0.14291363293386694,0.48752747900022775
ENSG00000226742,0.023330530669021847,0.012792906029757098
ENSG00000141759,0.36336807363245505,0.5662195436990343
ENSG00000101546,0.8033426199001533,0.6757827070639302
ENSG00000101544,0.02248037514612066,0.10013724522351264
ENSG00000178184,0.6267903981088658,0.9445677436156139
ENSG00000101557,0.38391463216766797,0.49578904846399774
ENSG00000141642,0.3917697461595435,0.3400363667905379
ENSG00000141646,0.5766938745468242,0.7056765650569246
ENSG00000101574,0.4760619400658894,0.550775438257225
ENSG00000080986,0.921623175311696,0.9191497099936549
ENSG00000101596,0.13460707164921293,0.34555056209467017
ENSG00000166377,0.15130946365488854,0.1310731215548959
ENSG00000078142,0.15491740334970755,0.5613925000845408
ENSG00000079134,0.3581034859046133,0.45628970675013203
ENSG00000141447,0.5654595361254213,0.9084874455828663
ENSG00000091157,0.5087870558958301,0.8999970265688078
ENSG00000176890,0.13427956241223063,0.2707763721952994
ENSG00000132199,0.6616488809127286,0.359353164666687
ENSG00000134775,0.6088514901914011,0.570420417632431
ENSG00000141385,0.12739179509738974,0.2711716519474364
ENSG00000060069,0.13711800795803555,0.39105675210188473
ENSG00000049759,0.003966756458653581,0.019903075393790125
ENSG00000101558,0.1157791988154092,0.3120439474912916
ENSG00000167216,0.38103155738166694,0.2797722706557831
ENSG00000134046,0.7009565499911645,0.84863575287393
ENSG00000101751,0.03260618630978389,0.13893491661944807
ENSG00000166845,0.02890675776967052,0.12158111597421635
ENSG00000134278,0.324277388342175,0.44263544126119314
ENSG00000101752,0.4962606846927866,0.8199406853844171
ENSG00000168502,0.6861511956221851,0.43968879480020473
ENSG00000134443,0.1474157518356649,0.04368748636249555
ENSG00000074695,0.11608264358773711,0.26427794206755817
ENSG00000141469,0.4535356937296743,0.4077973955918337
ENSG00000152229,0.30146548142775187,0.4989655614732029
ENSG00000152234,0.3201805928640385,0.7065529909156427
ENSG00000152240,0.5782537743439023,0.5970664786296328
ENSG00000152223,0.9981402229610152,0.3829477254429171
ENSG00000101577,0.3439911590274487,0.5181949045456684
ENSG00000172175,0.906762160250525,0.7709039823827963
ENSG00000166401,0.06705036383804654,0.10893026531221263
ENSG00000167315,0.20460215218676053,0.2408434620870807
ENSG00000154832,0.4037391774118523,0.8516386225202917
ENSG00000167306,0.6598988406463502,0.7091793065033044
ENSG00000101624,0.3426024441830893,0.35677218918482245
ENSG00000128789,0.9871251687100197,0.8932394260937633
ENSG00000085415,0.7379536117751011,0.6020442127078309
ENSG00000101639,0.005930055815564419,0.04323204426002312
ENSG00000168675,0.25802925944351696,0.8447929478392522
ENSG00000079101,0.7561805044932,0.7474020774557382
ENSG00000141655,0.047233796266995955,0.2139391038523447
ENSG00000141664,0.18897212651329737,0.6041558422915745
ENSG00000255112,0.29490145602795814,0.3936760073510771
ENSG00000179981,0.5753057178426542,0.6839697256190916
ENSG00000141644,0.3041767693158476,0.8480709650931004
ENSG00000130856,0.12408097459598916,0.18916837743680837
ENSG00000180011,0.027730935810956692,0.11133268533923878
ENSG00000171853,0.21000029544007662,0.4170666966555794
ENSG00000182551,0.05002028370634348,0.13604882276484923
ENSG00000171865,0.1047803184109948,0.16468494735784403
ENSG00000151353,0.012420377095428073,0.04310434028935289
ENSG00000171863,0.333962736690226,0.23759697799643123
ENSG00000163029,0.036281218134155475,0.0975722008065961
ENSG00000162981,0.00790974352880042,0.011786874758979929
ENSG00000151693,0.014064592333694038,0.07055928035263445
ENSG00000084754,0.22892942006040584,0.8557022075494236
ENSG00000143867,0.002622898885591414,0.0002485672391837339
ENSG00000183891,0.5568641587905518,0.36545823120492216
ENSG00000178295,0.006837096509297069,0.017490371168022528
ENSG00000163032,0.9444019447888192,0.7011003732178267
ENSG00000138061,0.41959203337478224,0.19496774355413124
ENSG00000118961,0.058485368526116174,0.05015071174535781
ENSG00000132031,0.3363158658708745,0.0987975596656663
ENSG00000118960,0.3411087792866206,0.3355762121065367
ENSG00000119778,0.12972032812559905,0.19480372455333508
ENSG00000068784,0.03358518875651357,0.10861869213846607
ENSG00000162949,0.00024100583173697698,0.0005159614732236407
ENSG00000049323,0.6631761020180771,0.8800728918890438
ENSG00000158125,0.0006386420995491448,0.00071707652754887
ENSG00000171132,0.8781785339558753,0.7915491909468291
ENSG00000115808,0.007747684744884355,0.041167767970789484
ENSG00000115163,0.31365020761288076,0.3271812072543173
ENSG00000115380,0.8819821842187254,0.41584173213482845
ENSG00000013016,0.2937290713612283,0.5930833841235021
ENSG00000115421,0.8488399315575718,0.956083563745005
ENSG00000138029,0.5124708592244309,0.5117573129960005
ENSG00000171055,0.04835559819043926,0.12309925616038421
ENSG00000138079,0.09914957708594456,0.052067540976745555
ENSG00000196975,0.08921785753389043,0.07721200175325052
ENSG00000143951,0.24694204303791487,0.2994391679823606
ENSG00000115944,0.03774631443366768,0.09957486696217469
ENSG00000144040,0.05380721143511972,0.13855977327258676
ENSG00000075292,0.12349995768984069,0.23382541356446718
ENSG00000119787,0.05055037594896903,0.05500885312209681
ENSG00000275052,0.15263632034949365,0.33392469011162496
ENSG00000115464,0.9832261030641007,0.9551610873835675
ENSG00000143971,0.16293511879063774,0.23588337235027146
ENSG00000213626,0.6475805443333063,0.8786756100964794
ENSG00000243667,0.21934751960930055,0.17246377855426026
ENSG00000186854,0.9522439083493912,0.8861875537010786
ENSG00000115363,0.6997802495617713,0.884496277034987
ENSG00000143889,0.23930346372728017,0.2114115339114582
ENSG00000115946,0.07079152728287338,0.13504375021232579
ENSG00000138035,0.7693282169357385,0.38594366975040784
ENSG00000170577,0.037363360245769306,0.037059053777312743
ENSG00000213699,0.3422487892323544,0.3480401897729438
ENSG00000115350,0.812211577722725,0.9406927907103402
ENSG00000115386,0.9321004608108743,0.9630211689254109
ENSG00000152147,0.37269223715634536,0.04136701127608021
ENSG00000115239,0.1433436080637641,0.2575157819787891
ENSG00000116016,0.08360810484476722,0.26337021382992587
ENSG00000143919,0.14134911865139696,0.09416276667355444
ENSG00000135631,0.13357081477962054,0.4930268987405988
ENSG00000176407,0.06268498145339144,0.22515983288992514
ENSG00000119866,0.1967191272971847,0.2592407320807941
ENSG00000034510,0.32478215956716955,0.4507809963895417
ENSG00000115364,0.08943086539384135,0.1396668683118643
ENSG00000124374,0.07024577896578048,0.051154035213246296
ENSG00000163586,0.11406157036780552,0.15846055710796972
ENSG00000121152,0.5173143183516228,0.5582489135234221
ENSG00000162878,0.3218092687887026,0.34042284718844523
ENSG00000172023,0.9857460651008555,0.9692792949267058
ENSG00000152284,0.6674934698324188,0.7212946080387208
ENSG00000159399,0.14583987267914325,0.30400641432742054
ENSG00000158435,0.17139649829757198,0.20832234864763305
ENSG00000138032,0.19224119034453147,0.28768969415635465
ENSG00000135972,0.04174847598165683,0.0743921251497841
ENSG00000119801,0.35134342033636357,0.4910949871845116
ENSG00000115616,0.0031629318666486148,0.02317326781971954
ENSG00000071082,0.13088026801626856,0.30876741995740764
ENSG00000075568,0.036250035116089714,0.16228864890948588
ENSG00000135974,0.02134659202057218,0.11139852780270484
ENSG00000163162,0.9906864046040833,0.8695957085104424
ENSG00000005436,0.42821789313224845,0.17786481735585305
ENSG00000068697,0.4676796673509215,0.8112606262796678
ENSG00000143995,0.7746578925603901,0.2992148880460534
ENSG00000172086,0.5289093329516799,0.7414021287107779
ENSG00000184731,0.2385470317580897,0.7747135731946263
ENSG00000115507,0.5344283874308935,0.4385992550426847
ENSG00000173960,0.03357251174754361,0.07511539563285974
ENSG00000163235,0.37357050759219124,0.5343632742937312
ENSG00000115875,0.10536328482674699,0.15588246478165774
ENSG00000163121,0.42755382576879974,0.620485468749518
ENSG00000173557,0.8757374231694082,0.9509019700201121
ENSG00000162869,0.3160661316995692,0.46975386300524413
ENSG00000135951,0.0004790901047093294,0.0046622561532910466
ENSG00000135953,0.14118534459696816,0.38115317151408457
ENSG00000125538,0.5923859670119995,0.7418043396413465
ENSG00000150938,0.10965184704748036,0.3940409181122225
ENSG00000163541,0.056709247855875965,0.08058705116492361
ENSG00000243466,0.019961545264571674,0.19798371810845142
ENSG00000143924,0.008414550472782808,0.05197095929342378
ENSG00000172985,0.32009997491986136,0.6905348302228796
ENSG00000144021,0.27849307573799015,0.236722560338971
ENSG00000170417,0.09199381652812687,0.2608058337492195
ENSG00000143891,0.3404091009972785,0.2518251180281973
ENSG00000211599,0.16071416978987896,0.43322448698501104
ENSG00000158050,0.5007360485502717,0.5462679927645571
ENSG00000115091,0.07576981228934518,0.21569908515612737
ENSG00000088205,0.036636503633360136,0.08508173895402553
ENSG00000240857,0.17282496273772216,0.15915415908376576
ENSG00000186132,0.19105716705573517,0.4165063636038222
ENSG00000116096,0.5096688053602314,0.4394242308390489
ENSG00000091436,0.1692632245016799,0.33595294245382223
ENSG00000136720,0.693571777871876,0.6138899539011278
ENSG00000226479,0.354288903483037,0.37947967693777485
ENSG00000198142,0.05410302439171331,0.1398394122110366
ENSG00000071051,0.8309450579904506,0.7994511943595976
ENSG00000071073,0.1106732295002501,0.2090364592393872
ENSG00000170485,0.2850731983579967,0.37785577416727656
ENSG00000115641,0.17234981315625977,0.3047139716973002
ENSG00000088179,0.1321717782598018,0.1940806135895824
ENSG00000144028,0.014969026357968455,0.0819439265108095
ENSG00000136718,0.19210526653765003,0.37841755321087667
ENSG00000162989,0.8882940776671737,0.7481980938924431
ENSG00000144120,0.09473611175575598,0.01098339613032796
ENSG00000128708,0.11764146306048993,0.23525174728777315
ENSG00000072135,0.567731236940707,0.4771083905522302
ENSG00000135966,0.036174492145222815,0.15752258210302839
ENSG00000081320,0.12109428642743675,0.3712088235395651
ENSG00000152127,0.24057653243609883,0.5282433239313462
ENSG00000116120,0.2710069900474874,0.14281307769582413
ENSG00000150540,0.18927013530010547,0.5621412264945017
ENSG00000076003,0.02833069958532408,0.03850791748101821
ENSG00000198612,0.8087889107880804,0.8850500426796216
ENSG00000091428,0.7036483212023548,0.7438273869306746
ENSG00000186522,0.11187904419421309,0.2682154075961578
ENSG00000172878,0.004207276355530021,0.00864331383775989
ENSG00000114948,0.9132159594995025,0.43442365418246653
ENSG00000144228,0.17296701346438012,0.44036036972992343
ENSG00000136542,0.002997772086937345,0.005410534702628309
ENSG00000152128,0.1685936574767757,0.3175535691135209
ENSG00000163510,0.14873986527313854,0.39710231060482204
ENSG00000138411,0.33878273785414054,0.8015221571947323
ENSG00000198369,0.2465210230876764,0.5338258117789325
ENSG00000162944,0.7763697911256968,0.9448926152098769
ENSG00000163083,0.060794412456931415,0.14356803494774548
ENSG00000144320,0.07126690588609724,0.20994629678327853
ENSG00000144118,0.1168825693602247,0.30063767488137866
ENSG00000188042,0.5810668195128763,0.2196147250790579
ENSG00000135632,0.1671254185401679,0.15737275709388393
ENSG00000135960,0.2067466762425866,0.1618802905552858
ENSG00000138376,0.23721406864993796,0.3363447346715359
ENSG00000170035,0.4481763579088096,0.6281704887463115
ENSG00000054219,0.06342080504624782,0.17234407932487253
ENSG00000115425,0.45913318078025656,0.4573364321358274
ENSG00000138434,0.22925854236428853,0.4585112567949343
ENSG00000115020,0.15961094946510307,0.37427299420402915
ENSG00000115109,0.05577017229115357,0.09380476696830461
ENSG00000136732,0.5668505369092449,0.2149877201861047
ENSG00000154252,0.2483601132890449,0.3656109757509073
ENSG00000115221,0.5841889261974165,0.46948316090311526
ENSG00000153107,0.012121018137465472,0.04568431081934421
ENSG00000115539,0.1846539723076763,0.21446266700136296
ENSG00000163082,0.3581526267905406,0.5377667886733064
ENSG00000196872,0.16129494429239746,0.28791118512237773
ENSG00000115183,0.043672186810392095,0.18565787202611603
ENSG00000115107,0.12730092548065286,0.21244781888447672
ENSG00000153246,0.34676629980297335,0.30654194425477604
ENSG00000114933,0.5884812925188747,0.5585686397517923
ENSG00000118246,0.01954311075204269,0.05305623232364494
ENSG00000079246,0.09091013492682593,0.13420305620813938
ENSG00000115165,0.4023072808150898,0.9693975100247405
ENSG00000136560,0.3718557424745639,0.5555890788449487
ENSG00000169629,0.2374422421658762,0.14349329766516053
ENSG00000064989,0.6708262742540549,0.8371195219751139
ENSG00000065413,0.13473223313945185,0.588756881387356
ENSG00000233999,0.04945336198199889,0.2917731924109343
ENSG00000187699,0.009169943771136635,0.014543074267218143
ENSG00000115233,0.4231897709451826,0.42372068244264627
ENSG00000130147,0.6679337491075701,0.4437727238211837
ENSG00000135916,0.059293848734320614,0.0722170089210914
ENSG00000198586,0.5664501016090634,0.8429272500963859
ENSG00000122085,0.024532168297369174,0.18466494478983275
ENSG00000196950,0.14894484261298974,0.2845176879980421
ENSG00000003436,0.4123784432649954,0.3670503185803563
ENSG00000183840,0.010821432235886108,0.046797479332584345
ENSG00000176720,0.8688012596106354,0.688738550785568
ENSG00000136710,0.9155341475686837,0.7276320094616675
ENSG00000115840,0.7953770364629977,0.7153064808953129
ENSG00000136731,0.3570249886942146,0.3919493238272027
ENSG00000135617,0.5326041558983019,0.43691901141858813
ENSG00000144476,0.17164451339457043,0.41759956760137906
ENSG00000168393,0.8136078487976197,0.8652913163963066
ENSG00000241399,0.12319611011576276,0.4220574980143712
ENSG00000144445,0.3935344288362993,0.8445100400737166
ENSG00000221823,0.23312162990979313,0.33662713137621436
ENSG00000184898,0.1727435242200739,0.3986895106858984
ENSG00000067066,0.5653236346454549,0.9311986846882591
ENSG00000118242,0.11221905172983605,0.3014706747505041
ENSG00000186889,0.6690759400142006,0.36847036148155143
ENSG00000196141,0.31078911923441366,0.6118155813759361
ENSG00000168918,0.5130995092907169,0.4489323097358131
ENSG00000115084,0.3938321162808287,0.5798781793800636
ENSG00000170340,0.33506091707305186,0.37268990478755193
ENSG00000115685,0.39201466851490985,0.2953746219761573
ENSG00000125633,0.03395371398449726,0.20117850732063597
ENSG00000128654,0.3591896197349318,0.4040057116697958
ENSG00000115368,0.2295962830811879,0.2675432568562282
ENSG00000006607,0.44297637273477075,0.5678769277390694
ENSG00000170745,0.9568421993401391,0.9958041278692402
ENSG00000162804,0.9830289986075761,0.5551537595646271
ENSG00000180902,0.09457070329083297,0.20608199537163605
ENSG00000171227,0.11064492751182278,0.07020270842352734
ENSG00000136536,0.11438737072102426,0.2246489033533168
ENSG00000204262,0.4641507335566093,0.9948338734661648
ENSG00000115694,0.2761550955562278,0.5458013024052958
ENSG00000168397,0.6789770267773696,0.7509413904405464
ENSG00000128641,0.2607347589502113,0.38493167567977105
ENSG00000168385,0.27452248212133307,0.5164423572347928
ENSG00000162976,0.16532978262507797,0.3148529594799757
ENSG00000169016,0.07553964050908567,0.07256031387508834
ENSG00000115159,0.19032760212078578,0.3586809736239943
ENSG00000138386,0.2664075368324962,0.5326631084450757
ENSG00000138378,0.42857021315583377,0.9968177826181392
ENSG00000250565,0.47529716974076563,0.16919850975918121
ENSG00000119729,0.6703546801422491,0.6943496944451537
ENSG00000151665,0.08530563085657157,0.18748266184707427
ENSG00000119878,0.6258298244604199,0.48861040545454737
ENSG00000167165,0.05373873520443974,0.023247613322492394
ENSG00000241635,0.16130465066476912,0.12127126065263608
ENSG00000123485,0.7369032907763415,0.5420840933178519
ENSG00000152102,0.1708865335525248,0.3734575469724075
ENSG00000008869,0.09109475612034879,0.2157223550708746
ENSG00000218739,0.39542092543204754,0.3355279634234995
ENSG00000115816,0.01583505767763469,0.07436865536274205
ENSG00000003509,0.0788078018564617,0.07337394885226829
ENSG00000115825,0.027745382961931794,0.14724439337739223
ENSG00000115828,0.21239236623435595,0.24407290051473027
ENSG00000163171,0.9501500758771863,0.3427792817436392
ENSG00000173166,0.12597858364452108,0.30909593836062493
ENSG00000005448,0.8161140150566543,0.9350878213497792
ENSG00000115274,0.7557878098097991,0.9117445239762301
ENSG00000239779,0.4624169860890016,0.6204163563002769
ENSG00000204822,0.39093286928017124,0.6887860422089617
ENSG00000135637,0.042157138670743353,0.14948003625811038
ENSG00000115282,0.1759995729985838,0.2974929213051804
ENSG00000115289,0.22160625129842887,0.4929822348946755
ENSG00000144045,0.022910669425607513,0.015095968386603731
ENSG00000115307,0.6130617809084373,0.7964900409613038
ENSG00000138363,0.09596903106592787,0.1707811147008901
ENSG00000152253,0.5331589423495198,0.5746066658284759
ENSG00000168542,0.41327128911673694,0.968128507937086
ENSG00000132300,0.11079627851420872,0.1333352270122017
ENSG00000132313,0.06592790769517501,0.1476443983025604
ENSG00000115548,0.35630913004058584,0.5966534363975364
ENSG00000132330,0.3136863900442901,0.5388717958423332
ENSG00000178752,0.4015504810172732,0.18312582083064186
ENSG00000132323,0.8878328149260525,0.7682944968563601
ENSG00000144485,0.16973629366275256,0.16740088037152864
ENSG00000204104,0.2504872033471005,0.43041729692620534
ENSG00000156973,0.7152838973911316,0.8641817258925863
ENSG00000144535,0.12496153933037363,0.49363522638571944
ENSG00000163286,0.08767301146723304,0.280766775613859
ENSG00000171551,0.5239045370848684,0.43418328094061553
ENSG00000237412,0.6440317688444961,0.9229954463594682
ENSG00000143952,0.19552928964363991,0.35498018788582997
ENSG00000197329,0.7121234019285353,0.8575644876445092
ENSG00000173272,0.616146356204086,0.4021245954664451
ENSG00000163331,0.516768541157191,0.5918930021015851
ENSG00000115841,0.32577421652028815,0.2396536486962724
ENSG00000138078,0.04966585103276845,0.12240995952164822
ENSG00000144199,0.22049800575798198,0.35417750589270647
ENSG00000152256,0.5472170896234079,0.5142021759582187
ENSG00000138449,0.05255658384854406,0.11559162375254874
ENSG00000115687,0.00623439015906918,0.028602144076987406
ENSG00000144036,0.182707058153822,0.3042997442425437
ENSG00000135956,0.1855625358377963,0.5284839425651517
ENSG00000168395,0.7722200031485997,0.753304876804724
ENSG00000156966,0.04332688433665142,0.09950697831650246
ENSG00000142327,0.0037579903199103444,0.005154503241041724
ENSG00000142330,0.5068100584431965,0.8006914204070326
ENSG00000172478,0.9332276488928362,0.45672848221138596
ENSG00000135925,0.27536201801643656,0.4899057369775601
ENSG00000163501,0.06438383864518507,0.08554400904712378
ENSG00000115649,0.4480393454342685,0.7516112141768218
ENSG00000144567,0.1811096028490449,0.39767666378921784
ENSG00000158552,0.7290824433572296,0.9035105680628147
ENSG00000115657,0.1627501725145591,0.4913357265989975
ENSG00000198925,0.11786191696297256,0.3732849104601994
ENSG00000163516,0.19591955809022432,0.48025369884309965
ENSG00000163521,0.169351020242269,0.22047896806962833
ENSG00000115661,0.5318186723767944,0.5645640824664571
ENSG00000115652,0.49832569139080896,0.7362971257263751
ENSG00000152082,0.18193983960201873,0.29148472370566336
ENSG00000188542,0.5381729795980368,0.3699714464407913
ENSG00000162961,0.15093241127593102,0.10329360170255104
ENSG00000152683,0.016700053227377113,0.07874678705825368
ENSG00000153832,0.6079125215058401,0.3837300358244575
ENSG00000163053,0.24914626722120387,0.5867659224686441
ENSG00000135917,0.005546604271612026,0.013522214608790339
ENSG00000115009,0.4737580524253311,0.7732815436780942
ENSG00000079263,0.3040939710928954,0.9477435538782414
ENSG00000134324,0.09382227742558237,0.2887236228200898
ENSG00000162994,0.16725890430139684,0.18241487782068191
ENSG00000085760,0.025351696375366523,0.025679627616076093
ENSG00000014641,0.46774699442989476,0.6166691295035329
ENSG00000144034,0.30312585034273154,0.13893203969713402
ENSG00000115234,0.023451784560737415,0.07402833878017102
ENSG00000163795,0.7692349475295085,0.44702302652556813
ENSG00000115241,0.6637151643864017,0.6503832980906719
ENSG00000115216,0.4569019764043867,0.6743734686489231
ENSG00000157992,0.5887298068756379,0.10712997636008449
ENSG00000115226,0.43375638083382384,0.22204386922851965
ENSG00000138002,0.016112764043203137,0.12617459802525036
ENSG00000155438,0.16224415077993212,0.20259506340004502
ENSG00000211460,0.7178171162446008,0.7006527781154893
ENSG00000121989,0.06687162785256145,0.08816667508412632
ENSG00000115947,0.008618925293391982,0.024993640524783662
ENSG00000204406,0.1778601060368991,0.28949623700552096
ENSG00000015568,0.11121213788625127,0.17320573684676963
ENSG00000144063,0.5994670853814501,0.40778770865955316
ENSG00000144061,0.7839071923937804,0.4022678070901182
ENSG00000172954,0.10284791138863023,0.104589291428689
ENSG00000163072,0.013065168342097101,0.08548206679863972
ENSG00000196151,0.23188722468364295,0.20103864257056428
ENSG00000115504,0.24723523346688533,0.3061345065725217
ENSG00000028116,0.1542787755196304,0.20675782795842143
ENSG00000243244,0.2690901991429467,0.08598526408354475
ENSG00000172292,0.46516173540595973,0.8495714605861988
ENSG00000184182,0.6805237419126139,0.5785932575031947
ENSG00000077380,0.05748959429763136,0.2523565846514146
ENSG00000057935,0.9383798887798367,0.43335984942025674
ENSG00000138413,0.3649714350714317,0.36028312348243685
ENSG00000032389,0.9884155173135333,0.6919855650398974
ENSG00000221944,0.3900773925433355,0.29719198789582624
ENSG00000163001,0.5154329582545791,0.4786667536420467
ENSG00000119041,0.46306084791136615,0.4201642437640216
ENSG00000197121,0.17814622248806677,0.5946177111565563
ENSG00000115594,0.9232691373371196,0.5816166811585226
ENSG00000115598,0.270245999926062,0.5401402834340479
ENSG00000144182,0.009604843497866743,0.043521874964467716
ENSG00000158411,0.3512860189428172,0.3320268046958249
ENSG00000185414,0.04667352122751995,0.09471066556802966
ENSG00000115514,0.03361181213416591,0.11335713513644083
ENSG00000178074,0.07092892918496453,0.15086839886471215
ENSG00000162971,0.6311109536039277,0.6674075218076785
ENSG00000115112,0.1627774687843021,0.44464231733500725
ENSG00000115524,0.4021243330959431,0.5458203271309876
ENSG00000115541,0.4142612722873539,0.2608003126514078
ENSG00000270757,0.028274930931187398,0.11486339818081001
ENSG00000115540,0.14015591043504608,0.19325785841901288
ENSG00000144362,0.0022425211240485222,0.019473405089387084
ENSG00000213160,0.14874922098885668,0.12404315587178869
ENSG00000138385,0.38068598534479614,0.42379953714275087
ENSG00000138382,0.30201967514153283,0.27264901182302104
ENSG00000144381,0.15250322074196404,0.1638058156275015
ENSG00000144357,0.03134857298249066,0.12191471750931257
ENSG00000115263,0.0645428587825196,0.11834658525173634
ENSG00000196659,0.021203053644264027,0.020945671728423817
ENSG00000197557,0.14345297215013147,0.058063295278158754
ENSG00000197635,0.9903571254153659,0.7343280379610262
ENSG00000079785,0.06438907237863181,0.09069529708355609
ENSG00000115053,0.2604714836693584,0.5181002975541403
ENSG00000172428,0.512436490147329,0.6008410721229756
ENSG00000130414,0.4230250781547802,0.49363497104098397
ENSG00000180228,0.3258011375953095,0.4324144081182114
ENSG00000204311,0.45310664135916967,0.17780241822151224
ENSG00000116095,0.10036995415349156,0.2507255046234173
ENSG00000143977,0.8750473546356254,0.6663664371568161
ENSG00000173692,0.22938466896738624,0.49012143671153263
ENSG00000163093,0.36983683014149016,0.4707100924789617
ENSG00000138399,0.030196269423076093,0.0723379195156722
ENSG00000138398,0.10730228890009935,0.3815188155469049
ENSG00000115750,0.03518076469807829,0.027040617334237037
ENSG00000134317,0.9195896853763611,0.8535674688213291
ENSG00000172059,0.23334152780325132,0.51244908915091
ENSG00000171848,0.35865760918142786,0.345022951126282
ENSG00000115756,0.39457284932421455,0.5252162490521846
ENSG00000072195,0.06293160227267233,0.04706100086892837
ENSG00000124006,0.44332814534459875,0.4998852229796975
ENSG00000144589,0.22595625129344865,0.23363698478555306
ENSG00000114923,0.7892420514794369,0.3694797919720999
ENSG00000115884,0.9793418836268349,0.8553727314275821
ENSG00000143878,0.9021094426118048,0.9334607547080387
ENSG00000138430,0.35625396760821726,0.3434047567886642
ENSG00000138433,0.24075768687761886,0.5978319632807125
ENSG00000144306,0.04578355925423384,0.2826445936200413
ENSG00000204120,0.09290593454476348,0.40809172194786336
ENSG00000066248,0.2567117147268935,0.33158500244989264
ENSG00000162980,0.06864776108603197,0.1330013709487964
ENSG00000163214,0.13836525197773675,0.173187746981475
ENSG00000163170,0.6121022701642207,0.45980890806627883
ENSG00000114978,0.4659801934706499,0.41752215661117986
ENSG00000065911,0.7519113283978787,0.6680122784621447
ENSG00000135913,0.037294468825879876,0.0987580639069757
ENSG00000144580,0.34124591497022966,0.3858674953402945
ENSG00000074582,0.4306038711391569,0.7650930707934522
ENSG00000163481,0.9644257977293759,0.9632397249402589
ENSG00000163482,0.024350740185365802,0.05644031735386645
ENSG00000135912,0.2080377404294719,0.2477738727332166
ENSG00000135929,0.2831378114360305,0.47723050746431717
ENSG00000169599,0.3689241771570102,0.2952966602383656
ENSG00000115568,0.5198847682827874,0.5222656679458033
ENSG00000188760,0.8646023291718692,0.9108391210629263
ENSG00000198885,0.14350888040128504,0.5124198685123271
ENSG00000163040,0.6542518484818423,0.516619402778208
ENSG00000204634,0.6715836485329998,0.5693185602644857
ENSG00000163013,0.6690172185078278,0.833510095707198
ENSG00000154518,0.227932116993423,0.2916020378616485
ENSG00000187514,0.25307342996251886,0.35365154386736475
ENSG00000118257,0.42274110679822796,0.1198758626429463
ENSG00000123992,0.02962336057325422,0.051004328396276694
ENSG00000185404,0.578195210618608,0.8262348669057133
ENSG00000273045,0.01927522171249977,0.025018050653099574
ENSG00000163328,0.34831946741947095,0.397278702454139
ENSG00000197223,0.4587261349509697,0.3632049856622004
ENSG00000115414,0.8366300147870471,0.4543839368521322
ENSG00000169679,0.04521253581400136,0.13524580534489306
ENSG00000153094,0.2019891640004861,0.556743852325728
ENSG00000118965,0.3311681060794162,0.3244035034041055
ENSG00000169604,0.7551421847169669,0.6867707656593214
ENSG00000172016,0.7563339333238852,0.7137595152779703
ENSG00000115271,0.29106685131508186,0.2722460201745992
ENSG00000055332,0.14187342281271237,0.2989303987887098
ENSG00000077232,0.03936955114680876,0.12061794874391212
ENSG00000134321,0.3499734633406312,0.7111103194381199
ENSG00000151692,0.2873148030716737,0.7104921724990689
ENSG00000162929,0.008631042037530031,0.007790535858775353
ENSG00000123609,0.05568412843767544,0.17037029839152773
ENSG00000123610,0.8693507065141648,0.6022111169176964
ENSG00000080345,0.06351875099370148,0.15458645420395614
ENSG00000197872,0.6138598028304934,0.8803713818568805
ENSG00000196843,0.23621231188454742,0.007532585061842155
ENSG00000114982,0.13508938635876058,0.3238748210933594
ENSG00000114988,0.21714439773105498,0.5423818844241292
ENSG00000158158,0.010420123288290083,0.0627190213065592
ENSG00000168763,0.11207102785715889,0.22313674607067296
ENSG00000213337,0.2991557481771724,0.477376107268909
ENSG00000168758,0.3929382710881114,0.9515564250010142
ENSG00000132329,0.05937365975466716,0.007967255440427642
ENSG00000123983,0.3347028772101134,0.3839667206176809
ENSG00000115318,0.5871496460611245,0.9700029223671908
ENSG00000204843,0.23247543556166197,0.46514142283215454
ENSG00000082898,0.04669806193416217,0.09382014114706567
ENSG00000115339,0.09354037374973076,0.2733696779245903
ENSG00000123607,0.1427214639397775,0.34004273848275307
ENSG00000115993,0.12432569799913101,0.3590982328530844
ENSG00000082146,0.19801112871635534,0.2669138421081383
ENSG00000003393,0.6217525944591469,0.38463178322811953
ENSG00000018510,0.03506473449894166,0.10149019577844277
ENSG00000138092,0.0422467434201037,0.07142616304866488
ENSG00000115137,0.03468531941790088,0.08119920073660097
ENSG00000138031,0.2661827110334007,0.3582462937349489
ENSG00000136709,0.15653565125279967,0.2210161526986923
ENSG00000144231,0.03165697452536301,0.09843359522216152
ENSG00000136715,0.11581042091112174,0.29223271135182616
ENSG00000125637,0.5274984172866686,0.614087740550973
ENSG00000231292,0.3452601521526869,0.6505867236247
ENSG00000143947,0.03978513010226258,0.09566053371862705
ENSG00000198203,0.10439459925215133,0.16813224707513766
ENSG00000198075,0.5018491193824277,0.7875118673118211
ENSG00000135945,0.07468815213084126,0.23104297969022344
ENSG00000173559,0.10217309469891835,0.14713844178130206
ENSG00000168497,0.9210968639546436,0.5841360402243148
ENSG00000163017,0.10019534537033131,0.037217251343140315
ENSG00000114956,0.6168076897516858,0.6733643983065685
ENSG00000187605,0.07566836598040527,0.18140775197168135
ENSG00000198380,0.05713543394508688,0.12864476719634005
ENSG00000135999,0.09566479767326026,0.27590942955900494
ENSG00000150556,0.5126230677770849,0.337058348344775
ENSG00000187123,0.006033413950769167,0.00270592460881452
ENSG00000168288,0.013518736934046332,0.06413354003447666
ENSG00000175701,0.3003092790430057,0.8548217333026653
ENSG00000144115,0.36565180118072504,0.9825381281470604
ENSG00000115963,0.4000416123016407,0.3604364204582823
ENSG00000155760,0.7739137934019936,0.9481964583954688
ENSG00000115970,0.12312689979854304,0.052909696076613985
ENSG00000019169,0.276719591028188,0.11253993616703177
ENSG00000184924,0.06049445859758296,0.10387939711754973
ENSG00000162959,0.1538042270026064,0.22476728664160842
ENSG00000084090,0.043389866992547606,0.19523277015113452
ENSG00000134326,0.3919310908115615,0.9476746382494107
ENSG00000115942,0.10587279496510664,0.11859665621977436
ENSG00000119013,0.26512572141560603,0.43533675979528674
ENSG00000138036,0.008437468277773684,0.019290627677186947
ENSG00000138380,0.006180316843232068,0.014106905615134854
ENSG00000138095,0.07489276994009768,0.029397762805981952
ENSG00000068654,0.04348054345149075,0.12825595991268166
ENSG00000115232,0.20941002733895175,0.6716215242226636
ENSG00000153574,0.47194846571031657,0.23038423511550432
ENSG00000211592,0.0614087388640401,0.4686150653761666
ENSG00000211593,0.04734192728665446,0.3373234566813102
ENSG00000211594,0.08551014454334338,0.5858717194858932
ENSG00000211595,0.15751690847713984,0.5194055159961697
ENSG00000211596,0.012822945399974674,0.13289181523316074
ENSG00000211597,0.025711790941593923,0.25542664070979865
ENSG00000211598,0.03270540929644349,0.38010540223919975
ENSG00000087338,0.05049967417209126,0.13191662099215068
ENSG00000124380,0.8558109392240403,0.8593368313266051
ENSG00000059728,0.05971554848419592,0.10099937721603275
ENSG00000169564,0.798203700051932,0.9232360222755779
ENSG00000115998,0.8904874413229232,0.8295069765509654
ENSG00000115827,0.05103141676540306,0.13517840588207117
ENSG00000071967,0.998152316973153,0.6927607142438387
ENSG00000237651,0.6721300198586961,0.24762293843622377
ENSG00000124356,0.05442729894884256,0.136258495620442
ENSG00000123612,0.11253889108688148,0.06488308609325905
ENSG00000115170,0.538486256435456,0.8614502885768459
ENSG00000128714,0.7644085211170945,0.7654200068014656
ENSG00000128713,0.40097474206568984,0.3399893346710464
ENSG00000128710,0.8219513064816539,0.7183463745863017
ENSG00000128709,0.9166606576938441,0.9951434290289536
ENSG00000175879,0.39530361042288786,0.32419691986529503
ENSG00000158417,0.5936903073631599,0.7345213556855823
ENSG00000115526,0.5768452940843347,0.8769176875484868
ENSG00000127824,0.9148015936280492,0.8312281474062739
ENSG00000135924,0.36590654437295467,0.1776548886063269
ENSG00000138381,0.06813312402349482,0.143863371271104
ENSG00000286053,0.3164218296631458,0.3569007671673675
ENSG00000128694,0.05101638856145647,0.07671013453011516
ENSG00000128699,0.06714332861574428,0.13895417214594544
ENSG00000144224,0.025187242411231114,0.10706259207738743
ENSG00000048991,0.061541127910800165,0.14627161914170964
ENSG00000169047,0.15344870693279614,0.6854409449198344
ENSG00000144468,0.10414317456964053,0.3187553596997508
ENSG00000168955,0.6003789585034622,0.665038635133846
ENSG00000173744,0.061015619638652145,0.22044773720944236
ENSG00000143970,0.012321853797378159,0.06483061266583763
ENSG00000084731,0.5943202112987502,0.8519576744963133
ENSG00000084733,0.3133721241779856,0.39748808179280437
ENSG00000157833,0.28681795967445695,0.775617050688822
ENSG00000135931,0.912806174086167,0.7905428866388774
ENSG00000204099,0.27097167226691055,0.07511738429402226
ENSG00000163359,0.27788981475613733,0.7794236760657239
ENSG00000175084,0.10900908733949144,0.059090489524968204
ENSG00000138081,0.0803092864324693,0.22657547342381065
ENSG00000172071,0.015819963438425014,0.08042024625923196
ENSG00000144591,0.23080197945751968,0.13895156864202912
ENSG00000172845,0.2928566911182107,0.5055294782513382
ENSG00000115677,0.07242602998093277,0.31108265477827907
ENSG00000071575,0.6156734452978376,0.15716403223274109
ENSG00000242366,0.009366265611544168,0.0009164880334982621
ENSG00000233087,0.02756244584003015,0.024563187007001733
ENSG00000239855,0.18862207857085525,0.5182150076906894
ENSG00000243063,0.5299857438452678,0.6905829153654147
ENSG00000240671,0.49084420078375257,0.9417102553692037
ENSG00000241755,0.027919669409826438,0.21774203021229957
ENSG00000241351,0.02656347728963104,0.2821610400776586
ENSG00000243290,0.0029947447011473226,0.061627405510466526
ENSG00000244437,0.049392066707035526,0.363787945437977
ENSG00000240864,0.030762028507810048,0.20269169414007776
ENSG00000240382,0.12275091026187629,0.6825413367312229
ENSG00000239951,0.02960216483292286,0.23628366384574626
ENSG00000211611,0.02087948203065504,0.19499768068400827
ENSG00000241294,0.18936854570371378,0.7058727930007109
ENSG00000244575,0.03702060837407235,0.29130709927377985
ENSG00000244116,0.1152529491597605,0.5818839703064389
ENSG00000243238,0.15074089555327105,0.778010555146672
ENSG00000242076,0.018639368459521768,0.24589192194232343
ENSG00000239862,0.32720772206946475,0.7761969263144021
ENSG00000242371,0.5580027306125767,0.9592699557176327
ENSG00000273962,0.030288012234012576,0.06477389367833061
ENSG00000251039,0.836926899994589,0.35799119663203804
ENSG00000251546,0.1548064936186361,0.6818317211721844
ENSG00000250036,0.28589603920481665,0.3884563591728568
ENSG00000243264,0.07998175785392816,0.39477803035901693
ENSG00000242534,0.11017164697902883,0.41209749217151015
ENSG00000241566,0.357826758503188,0.8492947040930147
ENSG00000225523,0.06370047721913054,0.1522689166342084
ENSG00000211625,0.27670485197443906,0.9884003773494444
ENSG00000242766,0.5306050316833602,0.9681425877190903
ENSG00000241244,0.08144492810636486,0.24028723611997477
ENSG00000224041,0.21122747380588203,0.7914741901777292
ENSG00000276566,0.07766569992147661,0.4278429276405704
ENSG00000278857,0.9673772845517723,0.9615668318123543
ENSG00000211632,0.1596444274627628,0.7571079545791712
ENSG00000211633,0.09933185861017695,0.3436667380633328
ENSG00000144426,0.03939395151986746,0.062110149923033785
ENSG00000123600,0.024554781149091473,0.058612521053108366
ENSG00000196228,0.17077764642251192,0.3785887402777943
ENSG00000125571,0.9377528276425956,0.6703166862000305
ENSG00000169967,0.11400714125282714,0.26889751520615185
ENSG00000144134,0.15523803013841356,0.24435445189783647
ENSG00000084676,0.13167804720306622,0.4653917944808712
ENSG00000284308,0.21567761369778182,0.6173559399344045
ENSG00000155744,0.016242358569383608,0.08265965771388739
ENSG00000115718,0.713067657627832,0.295128736033998
ENSG00000072163,0.2290235836188556,0.10893429123182684
ENSG00000116127,0.33401822002170195,0.3964327714844461
ENSG00000068024,0.3648178697092246,0.3392149729455218
ENSG00000115738,0.13138496420148885,0.14508465320606057
ENSG00000143797,0.622579715724112,0.47237940845164594
ENSG00000152049,0.350121135221242,0.1059477262352298
ENSG00000134313,0.2633161725377998,0.419885627371538
ENSG00000119820,0.02225349692158623,0.07916033509144667
ENSG00000018699,0.012800033930102955,0.03694432304935103
ENSG00000085978,0.24998242978979945,0.19590271566669645
ENSG00000077044,0.4835494550463352,0.9978395706661378
ENSG00000183091,0.8378275579989847,0.4730217330971599
ENSG00000115275,0.10032771260255657,0.26965162519183017
ENSG00000115590,0.05594980761176458,0.12833201407706984
ENSG00000138442,0.027686249671445024,0.07028088919756824
ENSG00000116030,0.6705308454105985,0.5400274001048858
ENSG00000055044,0.3499061848064051,0.4273298702841011
ENSG00000204217,0.23557178076837879,0.6280884185126898
ENSG00000138439,0.013898815634518957,0.048942580406532994
ENSG00000243943,0.17923240527087994,0.19548874460960852
ENSG00000176714,0.014107707193400067,0.039957538394689206
ENSG00000198522,0.022386269638188912,0.09646638974758667
ENSG00000119760,0.024150556353420033,0.044332532718384
ENSG00000011566,0.07080264523682157,0.10564480094077543
ENSG00000132305,0.11446622882318398,0.2574597124415317
ENSG00000013441,0.9521154717111887,0.8580873070921438
ENSG00000135932,0.21939269736100067,0.43378487186593906
ENSG00000115966,0.5106736139362607,0.5474953769918373
ENSG00000196290,0.0253923408962549,0.055175788924836655
ENSG00000119004,0.019214880205783755,0.011856937762208017
ENSG00000176946,0.9765703613157712,0.7921557893380162
ENSG00000064933,0.04500095578285566,0.07829505696130741
ENSG00000003402,0.03605974815964349,0.173756221267111
ENSG00000153250,0.20697035575907197,0.20609414678603738
ENSG00000123636,0.0928942344500697,0.2432406830891314
ENSG00000125629,0.10350822315375259,0.2557578264953788
ENSG00000138018,0.04033582694333462,0.03948940880909139
ENSG00000136682,0.44895742599677535,0.4772163477015837
ENSG00000155368,0.3666601298749088,0.33650471819583283
ENSG00000144451,0.01721996987513176,0.011853567154104015
ENSG00000135624,0.8851604587990518,0.5449076796332166
ENSG00000115468,0.09789963603200769,0.021712428921035247
ENSG00000170802,0.01594737171783585,0.05791971956401735
ENSG00000115355,0.5455212202528379,0.25952815834245396
ENSG00000078098,0.9758740523164454,0.46112244708959715
ENSG00000036257,0.48704455474428476,0.703469870841875
ENSG00000115904,0.043922802613137024,0.14403366048280575
ENSG00000169994,0.16719880138580243,0.3102595388657977
ENSG00000188010,0.889844739556578,0.6204322077283861
ENSG00000242515,0.011027045929484152,0.003014252772417983
ENSG00000115520,0.9550582956110993,0.9156134960358392
ENSG00000119772,0.19653277994237078,0.1328238738917977
ENSG00000115648,0.8519569924431125,0.5930777914768852
ENSG00000124839,0.9235818318838755,0.8959239061503392
ENSG00000084764,0.6695064112475564,0.769550693892581
ENSG00000119777,0.5239544372466152,0.6676133833188578
ENSG00000084693,0.010055331190620583,0.024923806287641743
ENSG00000228474,0.3425376386762793,0.5118182579408601
ENSG00000138080,0.751673254309998,0.2674135738209933
ENSG00000138028,0.867038582566089,0.6072192309512824
ENSG00000138073,0.18606796607557496,0.4801663470730756
ENSG00000138074,0.09034326325141995,0.15839080178396586
ENSG00000084774,0.9057118536785064,0.6819196514172221
ENSG00000138100,0.4639584928254695,0.17030262029571058
ENSG00000163794,0.7935062909557098,0.2310459078789974
ENSG00000115204,0.8544171914372626,0.6468437405265022
ENSG00000138085,0.8100416456813572,0.7826425960767995
ENSG00000155755,0.05067617409168648,0.06817859329337143
ENSG00000177917,0.07931699834323894,0.12777365574054309
ENSG00000135940,0.8216367566114854,0.6679005584300306
ENSG00000115073,0.991419278211328,0.9801542169922993
ENSG00000196912,0.37187157645443625,0.3203260083575526
ENSG00000169554,0.6864502902626357,0.6744011823399222
ENSG00000174501,0.005182724489440516,0.045931713383487734
ENSG00000115839,0.22941404615743238,0.45239206181942937
ENSG00000144152,0.5538334413812893,0.8307284903857393
ENSG00000144161,0.10822936717322315,0.2753902594749912
ENSG00000188177,0.6164900912077169,0.5212111134706156
ENSG00000136546,0.7391608966626425,0.43848808793507577
ENSG00000116117,0.1574607734680989,0.37921039683077995
ENSG00000023228,0.07632675517449945,0.16678218116062093
ENSG00000114942,0.042555168502673844,0.11229048271691283
ENSG00000138356,0.25992484980063724,0.5091609620233276
ENSG00000082153,0.08248291633071994,0.21948423934323938
ENSG00000115295,0.06908344621819851,0.024089444427489847
ENSG00000163466,0.17728793377899468,0.37547830442966
ENSG00000179921,0.6170143618110768,0.3808717723018208
ENSG00000127837,0.4144079049852696,0.3648584076029523
ENSG00000135926,0.4526137033263802,0.5965676040977219
ENSG00000018280,0.48295937016566315,0.37510510270877473
ENSG00000144579,0.3907910827980805,0.3313321006811198
ENSG00000127831,0.08876022763425255,0.08879936402323468
ENSG00000127838,0.9285084401258457,0.4166084736299276
ENSG00000152291,0.1554660238446522,0.2912833959627281
ENSG00000042445,0.07901905973830195,0.1967138941628981
ENSG00000115459,0.059853897086455006,0.37931858449376554
ENSG00000042493,0.610745918275966,0.6397178916747032
ENSG00000168906,0.0036473143302640956,0.022815721933796763
ENSG00000118640,0.8875087632582801,0.885808307542342
ENSG00000168899,0.5199964446919587,0.31632843371913616
ENSG00000168894,0.30182224321449774,0.4197272776365497
ENSG00000168890,0.6665977755027516,0.7465532235872759
ENSG00000168883,0.1291519945954195,0.22001191223136152
ENSG00000168887,0.14170494656611943,0.10975112100415228
ENSG00000168878,0.2868299514185255,0.323458161088664
ENSG00000115523,0.4352986433638375,0.9752232980441223
ENSG00000169507,0.9833287252646689,0.5198200468679228
ENSG00000135930,0.7359766034018694,0.8709889947007435
ENSG00000143942,0.12430497606548777,0.07026122789384165
ENSG00000068878,0.11496606245907022,0.17804315134014892
ENSG00000068912,0.14655957970426103,0.30686812590679374
ENSG00000152689,0.6370418341199346,0.7843735398483029
ENSG00000119812,0.017244091139268464,0.07055206383324636
ENSG00000115486,0.3561273479136451,0.7391986704677634
ENSG00000119771,0.40682359592718753,0.6612108505357004
ENSG00000073737,0.004926157420734654,0.016918649254966993
ENSG00000082438,0.15837170515533636,0.3149470601496792
ENSG00000079150,0.31376462936555216,0.5841815400446981
ENSG00000091409,0.06306233560089772,0.15190388341563943
ENSG00000115762,0.07397461772608321,0.1967359258827382
ENSG00000123989,0.389562946373439,0.32349191079899153
ENSG00000205795,0.16588076934078602,0.0695594700310238
ENSG00000144057,0.4855299092321874,0.8314867023044709
ENSG00000146205,6.209389258342193e-05,0.0007695705581701473
ENSG00000162972,0.03448571613228655,0.07669318742651347
ENSG00000138101,0.5262115230944397,0.7628495852468828
ENSG00000155636,0.46060998073295145,0.7499333230236527
ENSG00000124357,0.7822987941878068,0.4204979931742454
ENSG00000124370,0.1505025530204018,0.20074673812284877
ENSG00000136699,0.05761726061052682,0.16919376014265655
ENSG00000162882,0.022777394784370304,0.023872518998761097
ENSG00000162881,0.022011458177297064,0.007159785852227238
ENSG00000275111,0.355805950858063,0.7362121607379141
ENSG00000155066,0.8167974967318823,0.5500100893653531
ENSG00000115042,0.5374289733031442,0.2638213523315851
ENSG00000115207,0.9186971856627894,0.5162450108635895
ENSG00000143882,0.28776691353339423,0.12960827635569935
ENSG00000143870,0.0506139188656066,0.12565217090639708
ENSG00000115761,0.16198824228311512,0.13987659799219448
ENSG00000135968,0.022857939887731517,0.10725789404644236
ENSG00000163006,0.026082137562545963,0.01961834214155255
ENSG00000169756,0.4240391369689138,0.7466961439454269
ENSG00000118260,0.03875525043125405,0.15570839397648328
ENSG00000144401,0.18883925011727712,0.10227217460613619
ENSG00000163249,0.027587771715912927,0.09327240098182715
ENSG00000163251,0.07341005508353056,0.15167228595006302
ENSG00000182600,0.06481766471534821,0.23257328833876817
ENSG00000119862,0.991175881188895,0.7549418883007327
ENSG00000179833,0.2841423373492956,0.5227897970918809
ENSG00000115252,0.4857349432841849,0.27513082098889896
ENSG00000188687,0.1887702030807694,0.3621366641464756
ENSG00000152133,0.17745391594429888,0.37269613883750763
ENSG00000197756,0.8725124025772073,0.8967314779276434
ENSG00000115457,0.42834948611614465,0.24283476486108124
ENSG00000115461,0.6839677597247567,0.5726910362278906
ENSG00000119844,0.9905897061132762,0.7998731596919939
ENSG00000144048,0.13151796167886787,0.16981859680942285
ENSG00000064012,0.013855077652797294,0.028647670790839335
ENSG00000247626,0.06037123740806155,0.07642060637316873
ENSG00000003400,0.09860912111014809,0.2504211287313038
ENSG00000121966,0.8999733125397967,0.4019279276868549
ENSG00000183054,0.1796920654579015,0.5350255538838371
ENSG00000115392,0.7183871143771927,0.44438195961343585
ENSG00000163599,0.7601770659683145,0.5551961542840247
ENSG00000115317,0.015588404118178332,0.0669750196432492
ENSG00000115325,0.34514272185745765,0.4334515578191277
ENSG00000115484,0.04235980004374087,0.12617840988367712
ENSG00000136689,0.13141816372285584,0.3769987918206944
ENSG00000144354,0.020904339693743532,0.039607667296721986
ENSG00000138448,0.36153625461013106,0.7781188876824375
ENSG00000114993,0.22302711141827916,0.5366149524586363
ENSG00000198648,0.14718728293468517,0.3797243608042845
ENSG00000115267,0.06396214888947303,0.37308445809220236
ENSG00000204335,0.02548765423994873,0.05370662697616812
ENSG00000128683,0.23785333364521924,0.35143103932652753
ENSG00000115806,0.42471493364763835,0.6700499868763603
ENSG00000204334,0.04171395064108183,0.1332965611021306
ENSG00000153201,0.014577167654250444,0.06717992381969634
ENSG00000134318,0.12237450560792987,0.18811913326433116
ENSG00000163219,0.5781494582869595,0.6810285860497161
ENSG00000144524,0.5447568580306721,0.6560882068156108
ENSG00000115866,0.031292031694004206,0.08643256691765872
ENSG00000135622,0.6184211478051175,0.6621578532415945
ENSG00000116106,0.5495281998034918,0.8127902918898421
ENSG00000151689,0.1149105820600338,0.2919891317241482
ENSG00000198130,0.007824048616249224,0.013353128965390456
ENSG00000187231,0.724124753976124,0.8813495951652537
ENSG00000121964,0.161873371172719,0.18710860873040838
ENSG00000125630,0.08069969736442248,0.15268344553250918
ENSG00000125611,0.5071601303938481,0.4064536611172771
ENSG00000169607,0.324142607635235,0.6611427346124001
ENSG00000115008,0.9844998590512262,0.7403857070929645
ENSG00000115211,0.1471341857785341,0.2827458501888505
ENSG00000115919,0.894441417054622,0.8659770636296789
ENSG00000075884,0.41353909966987,0.8731386994628427
ENSG00000163596,0.10533374113125285,0.15399222408707477
ENSG00000173163,0.47699403902117143,0.2663542031964744
ENSG00000153208,0.9782404124384182,0.5287133035742093
ENSG00000144136,0.4902566715721758,0.8237160964546019
ENSG00000116001,0.1030448993962167,0.11092169253904012
ENSG00000116005,0.4089544897771691,0.6312883377694933
ENSG00000138050,0.6593923755975954,0.5730024569177997
ENSG00000115525,0.3333576704392629,0.11714046301397639
ENSG00000243147,0.04614154224935194,0.17151715682359028
ENSG00000171174,0.23760400629544975,0.13506263972014135
ENSG00000075426,0.10701557924749547,0.29575106809663465
ENSG00000163803,0.7090762723402958,0.7646241987453248
ENSG00000171103,0.039176931213829036,0.023109339405533554
ENSG00000163811,0.013779691246607668,0.04132260184786722
ENSG00000138375,0.05728033178272282,0.1795089529429076
ENSG00000171150,0.3895981988193099,0.8273750515346229
ENSG00000180398,0.14305643189467523,0.24193051413609115
ENSG00000143933,0.3513524061311275,0.43877674246318144
ENSG00000119888,0.29617397633399034,0.20703506967498667
ENSG00000135636,0.6225612847191906,0.8822936435326689
ENSG00000135905,0.34741020282326174,0.977896223234125
ENSG00000124831,0.4388934732392792,0.8126862735793462
ENSG00000135899,0.50151763949201,0.9608741534710341
ENSG00000115415,0.1989456012477894,0.5426670160579328
ENSG00000187736,0.18953105081413388,0.31218042707648297
ENSG00000124383,0.7619122221068042,0.7153754504426515
ENSG00000068724,0.029621194047032083,0.13543141516874044
ENSG00000115085,0.22952383239721355,0.569943018452274
ENSG00000115935,0.9539927152250951,0.4807695757545072
ENSG00000144029,0.6310182621320608,0.868513860316152
ENSG00000144026,0.05454043383220054,0.014842747708497072
ENSG00000196504,0.022984275621361572,0.07404627905006808
ENSG00000163026,0.03420868182295248,0.05757386692740199
ENSG00000119782,0.49166910751738324,0.23787809184826805
ENSG00000115128,0.07957443105966217,0.16191864819214818
ENSG00000219626,0.5365633586069365,0.2970161079616531
ENSG00000115129,0.042001285801687355,0.07273216502019804
ENSG00000198399,0.02940893717987933,0.12542516416808008
ENSG00000163798,0.08358332836403333,0.23362503851827374
ENSG00000115306,0.024029891056958026,0.10287134911300443
ENSG00000115310,0.2709305581068871,0.17455065281960816
ENSG00000169764,0.24282333899377398,0.31004924806798195
ENSG00000068615,0.8440226494658009,0.7145981783381983
ENSG00000115561,0.20713261991282617,0.3857710873714669
ENSG00000239305,0.2355594506674224,0.3496499984338549
ENSG00000144233,0.10935188296792044,0.2678443154639019
ENSG00000063660,0.4994386678648264,0.15694325381963045
ENSG00000178623,0.736785964613557,0.9189307357326457
ENSG00000162927,0.04113828944108159,0.050613285119170584
ENSG00000162928,0.06580503608521435,0.046224120188487886
ENSG00000162924,0.03230170730516642,0.08195229314593101
ENSG00000144504,0.2366327160861875,0.5711196889365419
ENSG00000119185,0.24705314024170696,0.38309235466165303
ENSG00000119203,0.044201460684123464,0.05864864848565438
ENSG00000134330,0.21048246149830638,0.291227563549126
ENSG00000134308,0.12488873188882522,0.1712963109196218
ENSG00000151694,0.15386859608511178,0.35413097020844675
ENSG00000157985,0.24566807784373296,0.5677743991746627
ENSG00000171951,0.25521265160273937,0.12105133180771471
ENSG00000085449,0.1029745146697216,0.320108814041251
ENSG00000135900,0.10701500233705497,0.211347185244892
ENSG00000135919,0.5288777549458938,0.5458125679202678
ENSG00000152056,0.8325688514348462,0.8145673492288061
ENSG00000153561,0.9180284991699833,0.7614148248814699
ENSG00000172116,0.03587877867421399,0.12117232034030676
ENSG00000153563,0.26000020685943354,0.9911829593053072
ENSG00000116044,0.25007453094404075,0.49660306494333484
ENSG00000115758,0.010919414204672257,0.02362424650937709
ENSG00000170144,0.25468586267515564,0.2506313713566432
ENSG00000071054,0.10550476343992302,0.27178523278487543
ENSG00000144366,0.9514610573697517,0.9977462683082127
ENSG00000116062,0.09364561210666514,0.1314865723470222
ENSG00000151779,0.5449173203682326,0.8817048113253667
ENSG00000119042,0.16847756536494313,0.2192204768327993
ENSG00000153234,0.9578081049218213,0.5590295921207253
ENSG00000189362,0.19953545795033192,0.34793998946664906
ENSG00000115760,0.006954825823912654,0.05064379467251378
ENSG00000074054,0.42742534370430607,0.5784189768994752
ENSG00000151690,0.41739796180548216,0.733401240202485
ENSG00000134323,0.5344204013000773,0.6474244047555215
ENSG00000065548,0.05711239379634868,0.18367639578689765
ENSG00000213639,0.24386384469560124,0.29929637744500215
ENSG00000186281,0.08923235498573515,0.07086884102076117
ENSG00000157827,0.19843770939747551,0.3998648561116508
ENSG00000226124,0.4236199612764676,0.5581332811329942
ENSG00000118263,0.1328565703667158,0.26603004995646073
ENSG00000144043,0.3964046973930808,0.47579309520667223
ENSG00000163002,0.44926384541310704,0.3986042640490184
ENSG00000061676,0.16950383151509663,0.33435471141629003
ENSG00000163166,0.7684922714668989,0.7762031388556442
ENSG00000115902,0.5434740771705443,0.9293461906059176
ENSG00000138069,0.19566567061320056,0.33985015477506536
ENSG00000138071,0.1382933550523482,0.20694238709001447
ENSG00000085982,0.028815918336138016,0.1145897504339439
ENSG00000115365,0.020754016353810467,0.07784610568056514
ENSG00000021826,0.5238976801934889,0.6803074402820404
ENSG00000021574,0.036254388098805185,0.10214738789004063
ENSG00000197713,0.0841788749633679,0.17642561155605538
ENSG00000153827,0.1548533414433091,0.4800413260508476
ENSG00000153214,0.04843114225863013,0.08237897366297388
ENSG00000055917,0.11888797176385224,0.22937408202259674
ENSG00000130508,0.6916285860198657,0.7506772709287
ENSG00000035115,0.5961650520917845,0.8309837840665102
ENSG00000143727,0.18687882892992355,0.18590123951948348
ENSG00000189292,0.2764787494380452,0.09697960969742268
ENSG00000152518,0.12167433469583201,0.18153259409111872
ENSG00000170634,0.4881509235630954,0.3184933279690923
ENSG00000079308,0.13021395653298581,0.020593089992433616
ENSG00000183281,0.9872976752878185,0.9683064850764166
ENSG00000136717,0.29879258887658333,0.3138965405847302
ENSG00000163161,0.08249509174595072,0.230100779298607
ENSG00000183023,0.3486608070153424,0.16140827353399206
ENSG00000153823,0.020178606700882777,0.0320423225867649
ENSG00000119865,0.9595227555740968,0.37443672992773325
ENSG00000115956,0.4493325540488122,0.8576683964703831
ENSG00000204923,0.1161419201828656,0.05209649825408252
ENSG00000169621,0.6645754097808472,0.8402829036593363
ENSG00000115145,0.0957629997532411,0.21397471481275057
ENSG00000082258,0.4643969258310111,0.4989801663606319
ENSG00000128656,0.4442171379004355,0.7511769544412314
ENSG00000155729,0.07123233679185463,0.17605913014773536
ENSG00000163535,0.1714377073024608,0.3697258013602174
ENSG00000011523,0.1355659612550491,0.39231219352930524
ENSG00000162998,0.7207424593193974,0.8699485013027344
ENSG00000115419,0.3926632311824707,0.4832368192591072
ENSG00000240344,0.45193516854311333,0.5833239005688445
ENSG00000179528,0.5864254784494158,0.23513023430644822
ENSG00000125618,0.694235857948796,0.42730568477975306
ENSG00000095002,0.053905789853927175,0.0896115659222722
ENSG00000040933,0.8769361364026873,0.7625565567660714
ENSG00000183513,0.7860645344010535,0.600083813323479
ENSG00000115446,0.0260371226483117,0.09698866973329806
ENSG00000158019,0.07854352246545078,0.09374248103870707
ENSG00000118004,0.4286216034405067,0.17735498271324782
ENSG00000138030,0.20674546594663804,0.2890079581519924
ENSG00000144283,0.0452149655557181,0.22441465243418432
ENSG00000168958,0.7308051272179179,0.9305855910968195
ENSG00000035141,0.13233924863382035,0.10913523494449158
ENSG00000115977,0.06184084467896899,0.30753122474663963
ENSG00000138443,0.49640431050544254,0.9012761466046941
ENSG00000132326,0.15322314837813203,0.45313222998053004
ENSG00000065802,0.12062109099180128,0.316284995714074
ENSG00000174227,0.027354554243560494,0.1000403495412453
ENSG00000109667,0.09399979207455018,0.08065747598896549
ENSG00000109606,0.023883347119356885,0.09076183211139466
ENSG00000272602,0.8992460294535984,0.9824551705693325
ENSG00000109625,0.44944241781769423,0.948005245414779
ENSG00000163132,0.165256307404603,0.42985344339844833
ENSG00000155275,0.012557707534591796,0.05041536973805615
ENSG00000169744,0.6523432166227312,0.6688142980425519
ENSG00000152990,0.02670385652671344,0.09753499084058519
ENSG00000154274,0.006762241198847594,0.029737602764740367
ENSG00000109680,0.05822540416541849,0.09920017406723988
ENSG00000109819,0.2957514111437541,0.4261321717608765
ENSG00000145147,0.4757928030545151,0.1420571010246737
ENSG00000171476,0.2700129626077764,0.059408481879678336
ENSG00000091490,0.011600157717750683,0.04926818709179321
ENSG00000182903,0.10141700034303193,0.10791846947783125
ENSG00000169019,0.049919110054175424,0.06619902463214052
ENSG00000109171,0.11027998060901234,0.35347829990796875
ENSG00000131127,0.34984107666578323,0.15101601613109805
ENSG00000145247,0.036534238950778834,0.047686806303223334
ENSG00000163694,0.025061151114586164,0.056188988510103774
ENSG00000181826,0.1718527904063975,0.194257962956999
ENSG00000157796,0.013313580991722642,0.07999360057712493
ENSG00000002587,0.2692694686163729,0.6950377996580761
ENSG00000250312,0.7907057012795515,0.6479225635681608
ENSG00000145244,0.5897272509705805,0.9849168670403889
ENSG00000134852,0.33374484515739566,0.3958135654646844
ENSG00000087008,0.04512643666881289,0.08525868972250451
ENSG00000145241,0.6100558366792372,0.4842032696325378
ENSG00000064042,0.5213516592661328,0.1463507422651759
ENSG00000173597,0.037870819032905845,0.05507988946289056
ENSG00000198301,0.311724025600665,0.41726625357728286
ENSG00000138771,0.010352865737497717,0.05709083160089964
ENSG00000145284,0.2589019001913597,0.5112713536808574
ENSG00000109787,0.024142497468037927,0.061511362943663786
ENSG00000189308,0.025226964932879598,0.060310612904475557
ENSG00000168152,0.06361704734192623,0.029743413175688037
ENSG00000170502,0.1741267496842511,0.18609332171533632
ENSG00000145246,0.06536460775245895,0.32752575396682043
ENSG00000196616,0.6290963721573504,0.8360920204824617
ENSG00000074211,0.45195143734523247,0.5207745064399445
ENSG00000163138,0.0047163557733847445,0.015132345224333798
ENSG00000171234,0.012454593001265543,0.05366793513252092
ENSG00000172955,0.04556976691906949,0.0015975074467080323
ENSG00000164038,0.145086969051764,0.2999733509412765
ENSG00000169116,0.07898545672483509,0.23644452718223924
ENSG00000153064,0.11071936544523957,0.28714011315576926
ENSG00000138678,0.05160418034189018,0.0517218841492544
ENSG00000174796,0.011137786255021846,0.011882034969438416
ENSG00000145354,0.04494230250510248,0.07519834893484854
ENSG00000164032,0.20644294688903542,0.21136631391163366
ENSG00000169288,0.0830611809313377,0.11543468244096454
ENSG00000145348,0.06735005166434047,0.2748268073776481
ENSG00000138801,0.3486304229118037,0.4877579197971469
ENSG00000138663,0.0037735687696852684,0.023458482927761037
ENSG00000155011,0.9718941059981826,0.8168353958821056
ENSG00000236699,0.08140668015863509,0.05988953343387287
ENSG00000174808,0.8659963533085205,0.8732269381230897
ENSG00000164039,0.30236335590019725,0.0885541915736201
ENSG00000174607,0.08103990547750348,0.21417543742404002
ENSG00000248144,0.03309446116516377,0.010326854903294151
ENSG00000138780,0.001466443467723248,0.003180379623761342
ENSG00000124875,0.49007228532651215,0.6300732413348195
ENSG00000138777,0.36065396706511743,0.8539306313530731
ENSG00000033178,0.05931231225901611,0.05811371524238452
ENSG00000173376,0.304706100937481,0.2909489230221054
ENSG00000050730,0.012558451490584717,0.029525952778745094
ENSG00000138802,0.007741475432393591,0.03366042565378789
ENSG00000138674,0.6753190074671265,0.8041111748380283
ENSG00000172403,0.1521552943993695,0.06062619683440885
ENSG00000164099,0.047071923824192737,0.09418363770312685
ENSG00000005059,0.11202495396993727,0.5968954021635738
ENSG00000198856,0.023940130086834877,0.033619047819193774
ENSG00000109182,0.6718794551632623,0.7251243370861659
ENSG00000150961,0.05436090350459842,0.18703966530143312
ENSG00000164109,0.017834823466718178,0.03644669598850875
ENSG00000138814,0.6460689626012277,0.9553319642475091
ENSG00000109270,0.5269672392402482,0.9812324645909595
ENSG00000151012,0.03926186747010418,0.16735936766910128
ENSG00000249242,0.237179995359044,0.3017654431514441
ENSG00000134853,0.13478533803525314,0.2610243302854756
ENSG00000164035,0.9682601086211489,0.5876162973686365
ENSG00000151470,0.011861111031402792,0.02432281742882114
ENSG00000163631,0.14349995035790622,0.05807967011723204
ENSG00000151466,0.03220077226702992,0.09708278038810797
ENSG00000138639,0.8907736105890615,0.35787519977149695
ENSG00000138640,0.04902317527469182,0.09576214332460127
ENSG00000070190,0.10762211652622977,0.19643476637269613
ENSG00000109445,0.32287490632603105,0.47833306762692807
ENSG00000138641,0.08208138744277249,0.1551389959978759
ENSG00000059691,0.015946831863435235,0.01479510905140357
ENSG00000151623,0.0319681369257417,0.11767874739421647
ENSG00000145425,0.09982853283890171,0.06463871783653631
ENSG00000164124,0.016916495421115743,0.011009874090990779
ENSG00000138764,0.001587050931480723,0.012961784257523519
ENSG00000164169,0.003817689866734105,0.033021801493983816
ENSG00000177432,0.5288486766590713,0.6148664749991974
ENSG00000151458,0.11068433733323936,0.30717992646208003
ENSG00000077684,0.37386386866561994,0.4507051115408286
ENSG00000163629,0.7326853480502398,0.5074498595121795
ENSG00000164117,0.12928314712812997,0.25266747638803744
ENSG00000154447,0.08369315422244034,0.220166294783305
ENSG00000153147,0.063949767258031,0.13078977347009532
ENSG00000121210,0.4608340394157653,0.9950643887058136
ENSG00000145423,0.4210107248557923,0.1300940082966609
ENSG00000168785,0.2969066432982776,0.6764523239862981
ENSG00000163644,0.07280639703623486,0.2915715370098578
ENSG00000052795,0.048110285375175865,0.1511254940503934
ENSG00000164128,0.3840933983232576,0.24204425011719932
ENSG00000198498,0.008147549228059478,0.016184461066728197
ENSG00000163110,0.13010160574278617,0.4310134640211307
ENSG00000164118,0.0077241692260480764,0.006662228747478122
ENSG00000168556,0.3445922729242571,0.5684964604736578
ENSG00000071205,0.44893110830092153,0.41096560455534115
ENSG00000182552,0.8283208331529089,0.9011843071466799
ENSG00000164168,0.01735883097823696,0.06649530399932312
ENSG00000164136,0.3249836315341372,0.9525894264674234
ENSG00000164114,0.37593142242042954,0.31880884133733406
ENSG00000109576,0.05954511801141135,0.04244324519980541
ENSG00000109674,0.36083351396032237,0.5028731583366511
ENSG00000150630,0.21718030284079015,0.022747973195411303
ENSG00000145414,0.016609496875741356,0.046216250057547585
ENSG00000164144,0.14533443517075686,0.2549369620066124
ENSG00000129128,0.510395926248086,0.43366446274307735
ENSG00000151617,0.6465734454159457,0.9937052376568697
ENSG00000198948,0.9539427311654849,0.915638845624712
ENSG00000109466,0.07019921542817946,0.2906389174957211
ENSG00000151729,0.1614371358306546,0.16171358452748494
ENSG00000038002,0.04616426583149265,0.029529076789812793
ENSG00000164031,0.060256329538717845,0.10425850165602857
ENSG00000145431,0.5124336042920117,0.9612089496915255
ENSG00000151612,0.16233158280630017,0.3197069091667942
ENSG00000164142,0.039444783347900324,0.17402892448321436
ENSG00000168564,0.07102791013479373,0.16409121640120236
ENSG00000151718,0.9330195467874914,0.9591125780545942
ENSG00000164120,0.24058051696038765,0.21377958290240728
ENSG00000168538,0.04151795103843219,0.16693297332952853
ENSG00000164024,0.045575310170591,0.04348064372367889
ENSG00000109536,0.4006890463864876,0.7133732308598962
ENSG00000170448,0.0036400494077603795,0.025033784517546585
ENSG00000163293,0.004506210107654927,0.016384617951874056
ENSG00000226887,0.3288159124371063,0.5251955470456109
ENSG00000248771,0.03909049396278144,0.14506472512138402
ENSG00000183439,0.010120051182008578,0.05334821821649862
ENSG00000132467,0.11659173922710209,0.14108026268413804
ENSG00000018189,0.26717281527490977,0.21190697556709895
ENSG00000170917,0.13817642627652318,0.3601246543027953
ENSG00000138698,0.02325732483310418,0.0898944043064131
ENSG00000173542,0.3680473061775599,0.30927058679204583
ENSG00000164104,0.6494613675118762,0.6092397028586796
ENSG00000164105,0.4038387947502289,0.7188289740088378
ENSG00000118579,0.2561260986971349,0.2868880938149023
ENSG00000163257,0.007480895743978819,0.011961006030843505
ENSG00000109805,0.2301083463630252,0.14714191985942812
ENSG00000151014,0.11881305043281555,0.11351932407831708
ENSG00000109390,0.6396132445063287,0.40018271406900896
ENSG00000163950,0.18869483179053312,0.14131492752231214
ENSG00000168936,0.3452601806164929,0.40636387227297177
ENSG00000168924,0.2866065482845818,0.25804080495036835
ENSG00000004468,0.4415097816152378,0.5475242647802063
ENSG00000137440,0.31903453456884584,0.29490898055374076
ENSG00000007062,0.41531273621269726,0.7633339430258017
ENSG00000169762,0.6929683061798839,0.83244761435048
ENSG00000145375,0.10810581401310755,0.14139401338633992
ENSG00000164056,0.7701258672521476,0.771553246372301
ENSG00000084092,0.004060168680496616,0.025114545703951833
ENSG00000047315,0.01891127218464641,0.09405148201657029
ENSG00000163453,0.827651637063112,0.29266204339423624
ENSG00000084093,0.035132945746299826,0.12111499957876379
ENSG00000164111,0.9805222409534692,0.8452543475489878
ENSG00000123737,0.645931841149761,0.3753957183334089
ENSG00000145386,0.0946953500284679,0.08421769245207944
ENSG00000138686,0.04640406468219595,0.03947346594785594
ENSG00000118564,0.21843854585595382,0.3436204961826984
ENSG00000237765,0.17522306851455507,0.15145634294053972
ENSG00000109743,0.34108106347230527,0.29959241316247337
ENSG00000109193,0.06429338955667721,0.023615515678022947
ENSG00000132465,0.008316296700041838,0.05097188539217633
ENSG00000186212,0.022398205934505262,0.06460997377477214
ENSG00000118816,0.022407605533359087,0.10017433265498407
ENSG00000121897,0.3525025816246625,0.09989524019963332
ENSG00000109814,0.02401542400632579,0.08453381508142141
ENSG00000163682,0.06606000223760132,0.006358550032416514
ENSG00000145331,0.1956801188447923,0.3065005337908333
ENSG00000109339,0.7420723897002985,0.4416345071425105
ENSG00000151834,0.28360186072532095,0.2484816880634562
ENSG00000128050,0.03954891458039647,0.022446517031437706
ENSG00000137462,0.703787565591571,0.9274239926142864
ENSG00000168743,0.25523020891614967,0.09430458466856909
ENSG00000053900,0.018603161045030944,0.020227440402585874
ENSG00000164116,0.916933585042179,0.38671750810167693
ENSG00000061918,0.8032305496565995,0.33433731966877844
ENSG00000196159,0.2777106615389891,0.5063748787723232
ENSG00000134851,0.20285528206261763,0.18345938351963753
ENSG00000109654,0.006184323909045405,0.022685443684728752
ENSG00000121211,0.5316738139009467,0.2658957139330101
ENSG00000285458,0.08258258057150153,0.15365511588312583
ENSG00000145332,0.00563422595359648,0.008113032761027055
ENSG00000198189,0.055264477765744294,0.1418730824000728
ENSG00000198515,0.9193567213922644,0.984600828101735
ENSG00000164306,0.031210849037670758,0.09634521021117894
ENSG00000151725,0.6381474778817304,0.8716928030704545
ENSG00000168769,0.028639976329752334,0.18144847867879174
ENSG00000181004,0.17089581259384842,0.1911841132070141
ENSG00000185049,0.2703533959995553,0.3801050051018574
ENSG00000109685,0.03411614076799277,0.039291212814119104
ENSG00000138768,0.032943172110038846,0.07559330640720838
ENSG00000138744,0.060068715048872914,0.09043790820189047
ENSG00000090316,0.12565060497940952,0.2538697757379348
ENSG00000163945,0.010105231513641707,0.018092739092815904
ENSG00000170801,0.5727362755298196,0.23774438006802695
ENSG00000163995,0.08320526571066257,0.08504638641052695
ENSG00000138646,0.7558011467839885,0.8130701356426009
ENSG00000145337,0.18361614638540305,0.21571605129834584
ENSG00000255072,0.18361614638540305,0.21571605129834584
ENSG00000164125,0.7550423702109557,0.6726492110037163
ENSG00000137449,0.3907321819012043,0.6167103098719455
ENSG00000109686,0.004450850993594373,0.05671031886313253
ENSG00000109180,0.13722375772336898,0.18211865956595047
ENSG00000138758,0.04128551275956376,0.15951590724363876
ENSG00000138738,0.01894875751089132,0.03329856731841375
ENSG00000189184,0.25068606875422045,0.4410201544632414
ENSG00000138757,0.02630471854596351,0.08985636252943009
ENSG00000138795,0.7902422760720631,0.7787916867305904
ENSG00000157869,0.10980143998271012,0.3477341666961047
ENSG00000151790,0.9752110468948488,0.5588256623447396
ENSG00000256043,0.24046206797527306,0.6216735686907471
ENSG00000170522,0.06185807291800271,0.03332285203856612
ENSG00000138660,0.002647537528193456,0.00722426126448927
ENSG00000109736,0.6819143797805378,0.7851922373266519
ENSG00000087269,0.009134295806853347,0.02988170418727701
ENSG00000125388,0.3994464901906186,0.507478784655895
ENSG00000145287,0.005396588158506493,0.007911618588524292
ENSG00000173085,0.009853373425265897,0.039856792430075935
ENSG00000173083,0.44823968456542407,0.6433105472783005
ENSG00000163312,0.10809988503312871,0.2670836738673426
ENSG00000163319,0.08132634291806748,0.08044613876317014
ENSG00000163322,0.033747747395434714,0.04982018335413996
ENSG00000109511,0.42406442474338757,0.5152893912683235
ENSG00000137628,0.15319019670373743,0.430456386632625
ENSG00000128052,0.9659790535519656,0.5918801232986087
ENSG00000163297,0.9185168835239969,0.525637972050306
ENSG00000128039,0.4838317584578179,0.20535147773864282
ENSG00000153012,0.290920007154351,0.11691895583702423
ENSG00000038210,0.011278371848869507,0.03946267440093558
ENSG00000109618,0.037537417655292504,0.024708134043308884
ENSG00000048342,0.9593263649729002,0.7112467403018066
ENSG00000179387,0.10391502400604617,0.09525374802881595
ENSG00000138794,0.01992371425766651,0.0040130338728819066
ENSG00000123739,0.020382034737609068,0.015521045486944274
ENSG00000285330,0.30614775664159805,0.7460975590762748
ENSG00000109534,0.017528736053224452,0.00478091742932227
ENSG00000138823,0.4005546064847031,0.27469032215759065
ENSG00000170365,0.06079612563539708,0.23907371310744724
ENSG00000151611,0.04804484645191022,0.12878107337658473
ENSG00000137460,0.14403967526922387,0.3500017596494871
ENSG00000129187,0.1814688774912511,0.30642193784004135
ENSG00000109475,0.6678786503860865,0.4382138140214027
ENSG00000138756,0.021253944205489147,0.07840953782365748
ENSG00000153130,0.47176069068281,0.3807334409146318
ENSG00000151247,0.041693049916142755,0.07684107484111036
ENSG00000152583,0.2794139779304486,0.09034342893305465
ENSG00000205208,0.15738912715838935,0.11716123050391067
ENSG00000171503,0.008822984209766332,0.052326897025084126
ENSG00000171497,0.4968564569488796,0.3466407847668358
ENSG00000029559,0.5341990811860496,0.6639125191614995
ENSG00000118762,0.9756214173696333,0.4972689080110686
ENSG00000118777,0.29399875537639164,0.21885947560031757
ENSG00000196526,0.2594024540841164,0.3828311087044963
ENSG00000138772,0.2213324340447877,0.21174995718120881
ENSG00000155016,0.06772573026755899,0.26058398117980114
ENSG00000138821,0.04706080255392295,0.1856828397052294
ENSG00000109332,0.013208041012404328,0.050210472671167655
ENSG00000170185,0.02661456605886013,0.09093390592556388
ENSG00000145391,0.5814611177739866,0.8782190759027728
ENSG00000085871,0.9969149427964489,0.641865152684964
ENSG00000184985,0.7674708702428651,0.4995719011268883
ENSG00000164022,0.007712782922071966,0.011840209443541243
ENSG00000157426,0.005959139354135016,0.052020089258051565
ENSG00000128059,0.016105481818658365,0.03859969348059285
ENSG00000081041,0.2035160445690583,0.2305505196922704
ENSG00000138796,0.01593080845601732,0.012596313775924049
ENSG00000138755,0.8599043215198925,0.7199307601361815
ENSG00000169245,0.9715754680600204,0.6653168297479928
ENSG00000169248,0.7370725944886556,0.8008481807070988
ENSG00000189157,0.5366979513031964,0.6105178553809809
ENSG00000118804,0.43453367370874785,0.39668859168698034
ENSG00000151806,0.0008375674547575091,0.004362015514118413
ENSG00000163281,0.2264915365120903,0.27346761195299946
ENSG00000180801,0.7613776778248009,0.7842775442244468
ENSG00000125089,0.7250864431603421,0.49407306241237914
ENSG00000118785,0.4486018040689307,0.1474287007562967
ENSG00000109501,0.4078955975845646,0.5319966001445455
ENSG00000172493,0.06691388536140087,0.2471922491221951
ENSG00000197386,0.07645998252093511,0.13795386140142926
ENSG00000109790,0.3383985751901518,0.5437657623736514
ENSG00000197894,0.0442434847005478,0.04624682645966216
ENSG00000163743,0.011967770223274308,0.04468078377337326
ENSG00000197888,0.1477060743604566,0.07018385544646415
ENSG00000196620,0.753108446623703,0.6515207140445284
ENSG00000013810,0.9501046869777428,0.8226917956050672
ENSG00000156234,0.18447170395393334,0.5813837413839169
ENSG00000164023,0.1360954035850523,0.4398927653484457
ENSG00000138688,0.0331809398775058,0.11557264550547208
ENSG00000132406,0.33820735976252997,0.38258512406055145
ENSG00000168826,0.011668925439222941,0.0803350000206393
ENSG00000168818,0.014759582603706972,0.09264668550318154
ENSG00000168824,0.025313277582052148,0.019438245390130015
ENSG00000157404,0.04501302045090707,0.3136237297159196
ENSG00000013288,0.5732720468558529,0.5947675829951957
ENSG00000163993,0.13112730051236388,0.12969537000568707
ENSG00000178988,0.9562425509868722,0.6814117843012502
ENSG00000186222,0.2770365930676361,0.1453208226958125
ENSG00000170871,0.18533056681441917,0.20788338388812871
ENSG00000243449,0.5628462998074502,0.9746689050769501
ENSG00000137601,0.03216883935156793,0.18167143837516814
ENSG00000056050,0.11715668338679239,0.21802781956482012
ENSG00000181381,0.0063383150508597086,0.06266999539938574
ENSG00000180346,0.02972743107722223,0.028329495645300944
ENSG00000168214,0.16097957977159458,0.2987040389299982
ENSG00000164096,0.4355435010126293,0.805466033390298
ENSG00000145384,0.03644232361979348,0.035114724488321064
ENSG00000145390,0.013054588024383194,0.0361145734052099
ENSG00000035928,0.010432794097471958,0.04594674658549584
ENSG00000138670,0.37689744791237945,0.8770281354244285
ENSG00000047365,0.045468781805353894,0.05345608881308198
ENSG00000132463,0.03399842821710689,0.07073030035938531
ENSG00000132466,0.03548354137004871,0.09247141392252113
ENSG00000196782,0.18220803722156215,0.4584654330751403
ENSG00000168228,0.06779606398938613,0.04856581135020593
ENSG00000138785,0.012105962682629477,0.0371151203878046
ENSG00000138642,0.23978317645416838,0.5415793173750223
ENSG00000145293,0.541007803583849,0.2868824281297849
ENSG00000179010,0.37973659501383594,0.44891014685610864
ENSG00000138778,0.1877384089975287,0.14111126679913572
ENSG00000145220,0.08862413629276325,0.06869393543050324
ENSG00000150625,0.11181668295898106,0.16348812446125738
ENSG00000164093,0.037162096966128176,0.024340146314248603
ENSG00000164167,0.3334651590300016,0.15675783386512437
ENSG00000120519,0.011378198357673683,0.02321024929051417
ENSG00000163739,0.1671561543474077,0.19482208517862346
ENSG00000163737,0.23278807694234907,0.08417560934360244
ENSG00000163736,0.6778446291881248,0.6264220628038457
ENSG00000163735,0.7521703751862934,0.8529271313004525
ENSG00000163734,0.16339414214515316,0.08139764736816783
ENSG00000138767,0.013158809439627522,0.05575980995716032
ENSG00000175920,0.932174263608462,0.9044765059810911
ENSG00000163956,0.6041775490888602,0.5675121710749292
ENSG00000159788,0.1627832241326104,0.2219501283614232
ENSG00000109381,0.1642425096313012,0.3633334986607911
ENSG00000109205,0.551235240523429,0.4401348663756488
ENSG00000181617,0.32481131460549895,0.6884477331664365
ENSG00000164323,0.08503388315592018,0.19715530335744413
ENSG00000109762,0.9675888623314399,0.6261540321258775
ENSG00000145476,0.012743525541116177,0.1077773619029197
ENSG00000250317,0.09572653255701788,0.12147121269522189
ENSG00000174137,0.7711970489254597,0.43391917286641446
ENSG00000145416,0.8374611994027186,0.717247312416039
ENSG00000174720,0.025949835661768075,0.05234399704153742
ENSG00000178177,0.07602553548639475,0.03778647618148108
ENSG00000109610,0.5868028297149921,0.911977091572094
ENSG00000181982,0.046374502178598356,0.20532470991246876
ENSG00000138760,0.04586481296265039,0.166084630476413
ENSG00000205403,0.5289831697044287,0.4358764335024161
ENSG00000133256,0.37745786696565264,0.4488636960561764
ENSG00000169020,0.9685053589515722,0.771914103923789
ENSG00000169026,0.5667926745202752,0.7439114792062853
ENSG00000168993,0.2959688023281601,0.2718018852961768
ENSG00000215375,0.9464716031552529,0.761019749659757
ENSG00000169435,0.5689971587724967,0.7435812252592409
ENSG00000169429,0.6218380192999391,0.7361626521149609
ENSG00000072840,0.9420952744830925,0.5578790656154993
ENSG00000174125,0.9310841013294319,0.47065654801668977
ENSG00000197712,0.17028588277029896,0.36708678986442844
ENSG00000168310,0.8211207062349994,0.6797932576781656
ENSG00000181541,0.6316180201390476,0.377631657259089
ENSG00000198589,0.02129868913626795,0.09206133865042584
ENSG00000145335,0.8275451097758543,0.7061343351072864
ENSG00000138722,0.8392032577096937,0.9786333622683546
ENSG00000163738,0.6409531559468135,0.850905201178964
ENSG00000124882,0.19198128326324482,0.1833194755040691
ENSG00000109321,0.5822081951816128,0.43487691040492094
ENSG00000052802,0.8069580198131924,0.7139847334465244
ENSG00000109472,0.530750308380955,0.452331787777969
ENSG00000073331,0.10208912782977526,0.15363866642945542
ENSG00000109189,0.06065249360276675,0.13824286287873136
ENSG00000170088,0.0027114586531367503,0.015057977758623237
ENSG00000083857,0.020990060387561148,0.09761944351174107
ENSG00000002549,0.11222787020897426,0.337049769965161
ENSG00000123933,0.8044368800285593,0.5684210960297886
ENSG00000159733,0.2814135516500357,0.4359598872439655
ENSG00000172238,0.004897050870126232,0.008374153370385157
ENSG00000163104,0.024732507026595945,0.022643713162878394
ENSG00000109133,0.06810556521811371,0.08255238979791224
ENSG00000014824,0.08044762970190407,0.14101162705169515
ENSG00000178343,0.3017278348641261,0.09418484303535665
ENSG00000185477,0.03446082424151813,0.13984896386201778
ENSG00000138792,0.759136880324359,0.8738838647454219
ENSG00000178950,0.9135648517656061,0.9232176509498364
ENSG00000127419,0.39582994025722473,0.46221556411741416
ENSG00000145214,0.16370527912055327,0.29235520931588854
ENSG00000145217,0.02125314871995944,0.0725291382420013
ENSG00000127415,0.04158592385157775,0.04894355219881752
ENSG00000127418,0.47435374581692524,0.5804558220671847
ENSG00000125386,0.3586422619657659,0.5542815742389653
ENSG00000168884,0.8130428958977797,0.904092074734677
ENSG00000087266,0.11188401165982245,0.33789590752909354
ENSG00000087274,0.1575712010556663,0.40106407740368044
ENSG00000184160,0.7236557478696741,0.4068830339648617
ENSG00000109320,0.005143313847302068,0.04138414381749776
ENSG00000156136,0.13409596759908354,0.12140552076749925
ENSG00000168772,0.8171550098782886,0.6848172790302879
ENSG00000186352,0.15381790631428893,0.14125796984165503
ENSG00000109775,0.7481616248748848,0.8010252402831374
ENSG00000169851,0.7534716412633786,0.3785108812090191
ENSG00000164342,0.01227389197571705,0.06388136219383031
ENSG00000169299,0.036474799467799975,0.04709674271051739
ENSG00000135605,0.0297449876219177,0.06753136781230765
ENSG00000109689,0.02342716774647992,0.08308875217288932
ENSG00000065882,0.14912595042022533,0.2844522748251802
ENSG00000138750,0.013355597743200828,0.05046051423542719
ENSG00000109184,0.22229058056138443,0.24291106926470096
ENSG00000188993,0.22449293368816142,0.10089130155396143
ENSG00000163069,0.4163699711398374,0.7175342002161686
ENSG00000163071,0.5981652967621635,0.5436256163755278
ENSG00000179299,0.022637681061086195,0.01408546621642654
ENSG00000163697,0.17519797546740487,0.297832189070033
ENSG00000154277,0.9444015222100803,0.5918573394273847
ENSG00000071127,0.16024168214237688,0.19068650292651235
ENSG00000170846,0.06045624643222301,0.09369988451462954
ENSG00000185619,0.759878494761747,0.6874763061642015
ENSG00000168421,0.17608692377382093,0.6234504208067972
ENSG00000164305,0.11350006728924895,0.15853758474698393
ENSG00000164134,0.05055729753542483,0.06039139245039581
ENSG00000164161,0.15779343058361875,0.4366311754944189
ENSG00000164162,0.5320711352196287,0.6027704606596571
ENSG00000164163,0.0383204232085598,0.05683737160757549
ENSG00000164164,0.17698593783992184,0.3112772333993126
ENSG00000156219,0.7673133517638873,0.7548007659632977
ENSG00000124406,0.00034772641522942205,0.002117478207022905
ENSG00000038219,0.13902286209534226,0.28125781919015497
ENSG00000159692,0.5887622510308969,0.8837217306778462
ENSG00000109436,0.8779641139808472,0.9073272884485857
ENSG00000063978,0.13246314397443845,0.34072347408330206
ENSG00000184178,0.03212255153793705,0.03313804355807015
ENSG00000072201,0.05704676804079079,0.1704471913973409
ENSG00000109220,0.4618056950917928,0.7868560493642089
ENSG00000145216,0.02328256262717156,0.10430935050058032
ENSG00000109670,0.061574356753938665,0.10026148606860738
ENSG00000075539,0.002145329516437693,0.0241262323643676
ENSG00000109586,0.06538609329432535,0.06810389436923517
ENSG00000145388,0.013079673031873528,0.04738282341551402
ENSG00000138735,0.555281508791452,0.19872726981848696
ENSG00000214367,0.03471270087673244,0.057502406835923496
ENSG00000178163,0.6487731896701332,0.29931467639388887
ENSG00000109265,0.006036351500460525,0.024110628797172327
ENSG00000174780,0.006871960508984581,0.04644684482630475
ENSG00000138668,0.08705043313224455,0.12713431242478732
ENSG00000152795,0.05719515268313138,0.08948589398270297
ENSG00000164070,0.9746389609782944,0.5276739353175499
ENSG00000142731,0.02410420559729948,0.027852257696031835
ENSG00000164073,0.00506845434408846,0.015792620599413318
ENSG00000164074,0.0007939386346394225,0.0006648171115393241
ENSG00000164040,0.04430431368822232,0.1583966381981578
ENSG00000138709,0.0461154800494883,0.06929686302241475
ENSG00000145439,0.037435831336343844,0.022391380120944635
ENSG00000129116,0.2375837589870141,0.783478564603683
ENSG00000154553,0.26710352334256127,0.0673937551559205
ENSG00000080493,0.03676384849564861,0.013391948832772607
ENSG00000109756,0.02894396856611276,0.10462810640693704
ENSG00000170006,0.47984426268653735,0.7716466985467418
ENSG00000145362,0.1445048379959649,0.0836299807078736
ENSG00000174749,0.2651047792237331,0.3022472162894833
ENSG00000163624,0.06527090750640208,0.053342937594530036
ENSG00000163625,0.08868615327897893,0.2837693870990326
ENSG00000145349,0.15297943766907246,0.31198903716190535
ENSG00000109572,0.038311756405709586,0.08696397320761025
ENSG00000072832,0.43504075381813034,0.16448136872435098
ENSG00000083896,0.19179482659482797,0.4228524168163611
ENSG00000151726,0.2476726834940534,0.1986909854190161
ENSG00000171566,0.027906952344580807,0.0822086056674045
ENSG00000171564,0.24299930525509736,0.15046026290597955
ENSG00000171560,0.3508353373534029,0.17276893683309003
ENSG00000068078,0.14779023763561036,0.019843432549099566
ENSG00000159674,0.5854562749776666,0.3490102231281216
ENSG00000109458,0.0028090256954879725,0.02925533941528647
ENSG00000151552,0.5062719215159606,0.3803848037386295
ENSG00000163683,0.050251464618508726,0.12188339562763706
ENSG00000078140,0.11184783300070779,0.15579071686816576
ENSG00000121892,0.02121542785383422,0.03555765566410333
ENSG00000078177,0.7422876567488225,0.8717740051814812
ENSG00000132405,0.049673667357165,0.125921479963711
ENSG00000173011,0.17700059801744272,0.38842683256611443
ENSG00000109519,0.23214174893085532,0.1557971788304168
ENSG00000172007,0.10425222831307612,0.2942731623746002
ENSG00000145365,0.07111737902763375,0.25998190741703237
ENSG00000109255,0.9753666812761453,0.8141303220220503
ENSG00000090989,0.01033736224800039,0.028687784306482944
ENSG00000174799,0.006394962667123201,0.009755670029745627
ENSG00000154556,0.6509204096733959,0.9008586732309386
ENSG00000109452,0.13223160746095364,0.18041488408882295
ENSG00000109794,0.6060360438498595,0.8235342272789835
ENSG00000154639,0.041615280909888426,0.10526548578111786
ENSG00000156265,0.6730268837099724,0.9074793044603557
ENSG00000142207,0.059702690071807146,0.1579781173380005
ENSG00000154721,0.7228383336613325,0.24131353412838039
ENSG00000156256,0.04187471709861481,0.14326217258166357
ENSG00000166265,0.8907495614976946,0.3339567268175961
ENSG00000243927,0.2379901896085495,0.3995427980730364
ENSG00000198743,0.19064451364335058,0.516950055369768
ENSG00000159259,0.037426662717221004,0.0547218368659969
ENSG00000156304,0.2731123680996108,0.44617138975889203
ENSG00000156261,0.13759883816539564,0.22279822041722233
ENSG00000198862,0.03256835700270327,0.10968270929652288
ENSG00000156284,0.02696787372125097,0.044645082607145004
ENSG00000142149,0.9382690036561159,0.589627752344746
ENSG00000154642,0.05699257137304553,0.18187417038269565
ENSG00000159256,0.014424645169242738,0.06675356647536591
ENSG00000159086,0.010841688249997195,0.05077774494663802
ENSG00000205726,0.454999996693528,0.600275566514431
ENSG00000159261,0.834367258969377,0.8726369100541953
ENSG00000241837,0.3192422630340099,0.3858951260402913
ENSG00000160307,0.6390965672618605,0.8642617119747096
ENSG00000156273,0.0933256529952472,0.24356232288605656
ENSG00000157557,0.10632463004362175,0.3207495117704607
ENSG00000157551,0.9736299776043177,0.9499356138487888
ENSG00000205758,0.09571081592506728,0.2825347191266063
ENSG00000156239,0.0036250701626317893,0.030621588423822767
ENSG00000249209,0.11912251372264446,0.04622899609154611
ENSG00000154736,0.5791502783971201,0.21186212286416425
ENSG00000157617,0.29255726273552873,0.8612992614328074
ENSG00000173276,0.013374593070862648,0.05819434471930109
ENSG00000159228,0.0016750093340763357,0.029161406597673026
ENSG00000159231,0.9492403900497325,0.6296072972091202
ENSG00000159216,0.7729078489851501,0.8877651736525798
ENSG00000166979,0.23924360599947228,0.8106444794209545
ENSG00000159079,0.897621424151591,0.7177264201810978
ENSG00000265590,0.7095043796976105,0.9498484266795693
ENSG00000154640,0.5236853589192818,0.9036861127590141
ENSG00000184900,0.2487005178585185,0.5555826548155383
ENSG00000154719,0.03986217741733365,0.08170037977833332
ENSG00000155307,0.22761783799546015,0.6338962504640465
ENSG00000205670,0.2512639040841564,0.06029545588837392
ENSG00000159263,0.64311680008824,0.5552627788200633
ENSG00000160208,0.06196966022915952,0.16542977841208142
ENSG00000160209,0.19109717913389884,0.42691868925346754
ENSG00000160213,0.7359920841998004,0.687750840943014
ENSG00000160214,0.18484950154150728,0.33322021153354325
ENSG00000160216,0.03583624995569332,0.11530841674143427
ENSG00000160218,0.06504019739555635,0.26111420725450374
ENSG00000241945,0.4772351308306926,0.7838787838129821
ENSG00000157540,0.3248526742548292,0.7936504928629351
ENSG00000141956,0.09525581732807879,0.20467707120034934
ENSG00000160199,0.2110768161506977,0.7610581485992058
ENSG00000160200,0.13155533932563732,0.42416242580079777
ENSG00000160201,0.12411472431994663,0.26038729750532524
ENSG00000185917,0.03694269499756054,0.134240140421251
ENSG00000173638,0.01861915382125226,0.039252739328031166
ENSG00000182871,0.6980280726804928,0.40446413527923797
ENSG00000183844,0.6670489153833693,0.18192092175422037
ENSG00000154734,0.9538558964663949,0.3407327625914612
ENSG00000159055,0.13624229760261503,0.18041085929195053
ENSG00000160193,0.00837803641207535,0.04696194893792924
ENSG00000160194,0.20409657840791803,0.43860303219810237
ENSG00000154727,0.09203978245550273,0.1884500212064294
ENSG00000159212,0.40961719488352777,0.5397171595440338
ENSG00000185808,0.09857466190310132,0.1909913010033739
ENSG00000159082,0.15112290356604566,0.6076003155721931
ENSG00000155304,0.04643596904772081,0.2276832017255848
ENSG00000183527,0.05499819484107957,0.24400764264651909
ENSG00000185658,0.05837630999720771,0.15289264971201733
ENSG00000205581,0.20151081562933212,0.3512926397656212
ENSG00000182093,0.8604271147574842,0.6970208679401271
ENSG00000183036,0.2068459255162687,0.11446555868544928
ENSG00000182240,0.35309855691260694,0.6794283408221046
ENSG00000183421,0.09161990387862727,0.2398931045758569
ENSG00000160179,0.19027280859466109,0.41319019681734104
ENSG00000160181,0.790723860079946,0.5291841225064855
ENSG00000160182,0.27832773276235484,0.7121681549013783
ENSG00000160183,0.48543191566787636,0.3774718360626085
ENSG00000160188,0.7535486109094751,0.7072370868488087
ENSG00000160190,0.10845586400784724,0.2198175465042911
ENSG00000160191,0.8122368726769679,0.5867164509861129
ENSG00000142178,0.03211531300436944,0.016129800836200903
ENSG00000141959,0.037796216989020484,0.16467763158578447
ENSG00000160226,0.11726389707570278,0.2354978557639643
ENSG00000160233,0.08210059194847158,0.26861437754155953
ENSG00000184787,0.4629728803896056,0.9006602035155544
ENSG00000183255,0.549396345950272,0.8680323285699703
ENSG00000160256,0.2264450128260824,0.4937014948229138
ENSG00000186866,0.19476249166906792,0.423179668438999
ENSG00000183570,0.20703535109023774,0.12850182217067685
ENSG00000184012,0.1383739813472603,0.25311590200074224
ENSG00000157601,0.6306614235379763,0.8491640779550731
ENSG00000183486,0.9290064106482361,0.9968717651068104
ENSG00000154723,0.17889626557177715,0.23035131820987811
ENSG00000160284,0.2124846376697119,0.20577748641167282
ENSG00000160285,0.14025540543220053,0.4246797808233992
ENSG00000159267,0.07817623649637118,0.2702237023956493
ENSG00000142156,0.8199779295627635,0.6171756855262707
ENSG00000160180,0.31078516646755794,0.7102862649960022
ENSG00000155313,0.10634329297433387,0.3149221930164096
ENSG00000142168,0.392537339112068,0.46273953445564653
ENSG00000142197,0.014609552207528407,0.07597583289832513
ENSG00000160310,0.2669989965376484,0.6085543071106596
ENSG00000157554,0.8974164571075067,0.5005073812750767
ENSG00000142185,0.28603468339121374,0.352055779550308
ENSG00000183778,0.29180301850152857,0.2601714901286661
ENSG00000160294,0.025344083860538193,0.134094203311926
ENSG00000182362,0.8370802059114407,0.8109105101814292
ENSG00000160298,0.46777123904894535,0.4167295881111841
ENSG00000160305,0.028422962817420093,0.11776165512764626
ENSG00000159131,0.0318252292940365,0.1276209428564297
ENSG00000159147,0.15761646789409184,0.32684544525897286
ENSG00000142188,0.15118556419338758,0.3713700764408131
ENSG00000243646,0.5034471976331534,0.877346956825626
ENSG00000159128,0.1271011895720368,0.3665402272123488
ENSG00000157538,0.056783029912632794,0.21905684708690298
ENSG00000182670,0.018173579351238256,0.10825691512716255
ENSG00000160255,0.47523691112941946,0.8147133279177172
ENSG00000156299,0.6075412859947766,0.399557229879016
ENSG00000185437,0.021075319080932617,0.025812615331062397
ENSG00000160221,0.3198081432741432,0.7663454058641639
ENSG00000160223,0.9546207022234132,0.5724536128234504
ENSG00000159110,0.7436071993269973,0.8287833598625145
ENSG00000160299,0.10786593491671857,0.40861139121846135
ENSG00000142166,0.2901388921640346,0.6304267541592146
ENSG00000159140,0.09035541770266323,0.29101521576694095
ENSG00000197381,0.9669947743547237,0.46266069377363805
ENSG00000142173,0.941212328041516,0.38388857667327037
ENSG00000180530,0.08958669404112238,0.28586844426590985
ENSG00000159200,0.1032879523177653,0.3380429738428939
ENSG00000142192,0.30789490451858703,0.6418074152683477
ENSG00000147853,0.024305031531185944,0.1426910571310665
ENSG00000120158,0.14540706094240438,0.39756416183937937
ENSG00000106993,0.04633619371539791,0.2864811294156122
ENSG00000183354,0.08607404277069185,0.5193196802939104
ENSG00000106688,0.20235279058226993,0.41598135802164404
ENSG00000205808,0.05005082242677258,0.1617365947729877
ENSG00000044459,0.4190296821222589,0.5286308344304219
ENSG00000137040,0.020785478143868708,0.16642121133179988
ENSG00000147874,0.018617454483331006,0.09836100175872876
ENSG00000122692,0.14266766558713018,0.4353685773927667
ENSG00000164985,0.09671073301010784,0.3349060036487251
ENSG00000137074,0.27678817381756543,0.21691225568682534
ENSG00000147854,0.024752740860000504,0.261767960371432
ENSG00000153714,0.2293541500029703,0.4904802464723389
ENSG00000086102,0.07935112563090796,0.40707029251620597
ENSG00000107105,0.48699964564399745,0.09786069358216753
ENSG00000137106,0.08525600759701549,0.2609638223355046
ENSG00000119121,9.936739428655847e-05,0.0004342964023006337
ENSG00000156052,0.416572044310741,0.935213785270515
ENSG00000165092,0.42210294021353534,0.2128289249388945
ENSG00000155621,0.0822192725511604,0.31060402382217434
ENSG00000197506,0.2943233204307581,0.41655260884530887
ENSG00000154330,0.15773292330296323,0.07708592100067907
ENSG00000135069,0.14611736110345966,0.07653334265670605
ENSG00000148057,0.5995550305136574,0.6756680024849838
ENSG00000165105,0.06922568209647036,0.17834973568041854
ENSG00000106733,0.7589063018816575,0.25365772151848265
ENSG00000137054,0.18419057568474115,0.3907922547476349
ENSG00000135052,0.4207921938130996,0.5628663274758234
ENSG00000083223,0.9722308983658277,0.5777306009863128
ENSG00000156049,0.7582461247041751,0.6222382568922407
ENSG00000107372,0.8743901152508337,0.598417827248561
ENSG00000156017,0.2605706471327772,0.2779782691641878
ENSG00000168795,0.004304576789429879,0.06472368348661976
ENSG00000135040,0.06388284402226475,0.2606997912543575
ENSG00000165233,0.956702302910817,0.6619148526193861
ENSG00000134996,0.7128051104549613,0.4203097095557039
ENSG00000172159,0.04145458831447435,0.09136670716819725
ENSG00000135048,0.1131587694368304,0.3984587246935062
ENSG00000130222,0.24259280864814295,0.12056452595412899
ENSG00000135045,0.14779045951281866,0.4768284439246372
ENSG00000136842,0.0028171710666220584,0.0011663017239843699
ENSG00000135018,0.16040345464911182,0.4616147285032035
ENSG00000136891,0.10716525714447589,0.2920334944497246
ENSG00000165030,0.6950737834622629,0.6435480426462482
ENSG00000204291,0.9055454736623649,0.49152931308443426
ENSG00000095209,0.04241326034407781,0.14511026752811154
ENSG00000136810,0.44140557978413886,0.7476271114529014
ENSG00000165138,0.9098655245214576,0.6065659533572209
ENSG00000131669,0.03906628533530053,0.020096963095474124
ENSG00000197969,0.007704762266091961,0.04117908829597846
ENSG00000119318,0.353093137246439,0.6312666259279985
ENSG00000196730,0.645819751511088,0.8557792244201113
ENSG00000136925,0.011290472728709793,0.07683046850755629
ENSG00000136937,0.032239628687262864,0.10742746824151492
ENSG00000135046,0.8991625139035947,0.46188690935048515
ENSG00000187210,0.0758562622046865,0.15728179330200331
ENSG00000086061,0.18298192663388024,0.6878158151588432
ENSG00000196781,0.22964305010461628,0.3107747896352991
ENSG00000148331,0.6567253793184458,0.42897794711277915
ENSG00000180447,0.10181649225842615,0.05030610128275597
ENSG00000127084,0.19198596019935132,0.1739101600306563
ENSG00000137038,0.01786627768237402,0.08220601246274811
ENSG00000119509,0.0055367698185831695,0.030574476973384807
ENSG00000136824,0.060135131550816706,0.15614068500017875
ENSG00000251349,0.363603661716724,0.18366244083851188
ENSG00000157303,0.17598259839302785,0.2065197933627736
ENSG00000148200,0.19233262147293595,0.36330068526355885
ENSG00000148175,0.8006499251701547,0.42251152724950036
ENSG00000165025,0.7322129006600697,0.529290062864738
ENSG00000106723,0.942851139680815,0.7136185069814578
ENSG00000187742,0.053706259636019674,0.23823574099202002
ENSG00000197859,0.31634426355063805,0.173731628810801
ENSG00000196739,0.09527174989601042,0.07686840282364006
ENSG00000136942,0.40174232157855316,0.3907713566509827
ENSG00000169925,0.21169188766049676,0.524997508030486
ENSG00000106771,0.42707480174045664,0.8381804890762568
ENSG00000136826,0.044085322615804994,0.1250329063807986
ENSG00000167157,0.718664245156249,0.23187094526753751
ENSG00000135070,0.06381581283789751,0.3761481220002155
ENSG00000160563,0.8951327640329544,0.9821012280410187
ENSG00000136950,0.25366956365603294,0.23896331742267252
ENSG00000147872,0.09063976799393576,0.3089419338125045
ENSG00000186350,0.2361514589615203,0.6857313711697028
ENSG00000167081,0.7097442532883468,0.24049147579976404
ENSG00000119487,0.7296131537595961,0.9162464177239232
ENSG00000136940,0.11987756023461735,0.3157300314142471
ENSG00000119471,0.30403042408579506,0.2015166706950878
ENSG00000169071,0.8886990250951726,0.3154861328827112
ENSG00000165113,0.7997022050290923,0.7777376997226246
ENSG00000136935,0.01722451446621051,0.16758104842644095
ENSG00000130559,0.37878314221684595,0.8090629727799383
ENSG00000070159,0.040099292930821505,0.18367515410353613
ENSG00000165304,0.6086225032219905,0.6865964798623162
ENSG00000181090,0.02572738568216104,0.1691903787167617
ENSG00000160293,0.9954768876599804,0.7307857673070108
ENSG00000107290,0.029027643775583815,0.20350403603652356
ENSG00000148344,0.16818093316715083,0.11644566306458143
ENSG00000125482,0.23173795567904626,0.5339843806696394
ENSG00000235106,0.41352190506416486,0.8009282555678121
ENSG00000136828,0.10650194458076215,0.37386162445145543
ENSG00000196814,0.16964994770993785,0.5982799861877712
ENSG00000119514,0.3634410903465011,0.4229740226384391
ENSG00000185585,0.9145888486544794,0.3382592819903413
ENSG00000136856,0.3523693303629526,0.2890486827893829
ENSG00000196152,0.7302520022880222,0.7566769979259367
ENSG00000197958,0.7119899611258234,0.6590576459320712
ENSG00000136830,0.8148043140858003,0.7106512593462535
ENSG00000187024,0.8061560651599131,0.7739203587456759
ENSG00000160404,0.7323237758850267,0.7395656308575864
ENSG00000095370,0.6321610466526478,0.1958494420367771
ENSG00000136807,0.3064023159925074,0.1549708544914724
ENSG00000136877,0.8368631268662031,0.6571222241079884
ENSG00000122694,0.4550930125553132,0.8923828119669124
ENSG00000171169,0.16671283645293333,0.40089482353878303
ENSG00000148346,0.6213173286145184,0.6278121169841703
ENSG00000171159,0.005442422691223378,0.028987612368450454
ENSG00000167112,0.5211859071998054,0.24412149547320558
ENSG00000167113,0.9970334928331005,0.6741340820766317
ENSG00000167114,0.562074521378805,0.5774319223741817
ENSG00000167118,0.9835301587716225,0.9812370721570138
ENSG00000198000,0.04873471165554552,0.23755335476155795
ENSG00000188312,0.041294494033357464,0.10080916713279445
ENSG00000106809,0.5774519353621808,0.628266191808841
ENSG00000106819,0.7726778035826595,0.39890802136521186
ENSG00000127080,0.03428489499063522,0.1629247159842203
ENSG00000165115,0.06005410276242225,0.2198780470856778
ENSG00000165118,0.27575263766412794,0.436433361111321
ENSG00000107140,0.5833299666676323,0.8289678325717308
ENSG00000159884,0.02941659972035615,0.013986772961257039
ENSG00000137135,0.4525499981966933,0.7421911411854738
ENSG00000198467,0.13836963599167684,0.030556254802240362
ENSG00000107175,0.8874440832784186,0.8630973532643956
ENSG00000070610,0.5846831290871634,0.7752484049445227
ENSG00000107185,0.12699316758688475,0.6121885990269171
ENSG00000137133,0.4554394915743951,0.3780639864606534
ENSG00000137103,0.5045316183867044,0.6388729563582125
ENSG00000196196,0.653554584107953,0.6277152601495978
ENSG00000171843,0.01679449045954168,0.15702981996605053
ENSG00000187609,0.4724738235063578,0.2580640882848236
ENSG00000188833,0.5547938413478843,0.9976034930008097
ENSG00000130653,0.3322283145853546,0.6284072099048228
ENSG00000182154,0.2623795869652676,0.2699000942398706
ENSG00000148399,0.05216721373608587,0.19795164053157938
ENSG00000165724,0.38840844121587437,0.3346005526869686
ENSG00000197070,0.2145559140956174,0.2105086564960763
ENSG00000188938,0.32311627300431595,0.8198076310090155
ENSG00000056558,0.722573424960006,0.18140618233071543
ENSG00000136897,0.32228776743718457,0.3863773765480647
ENSG00000165152,0.048872215337188496,0.1342501525401498
ENSG00000155827,0.21506722044442822,0.5823788484453115
ENSG00000120159,0.011067054231959842,0.058469426247920876
ENSG00000137055,0.042708163105741825,0.22761710411014652
ENSG00000184434,0.005596120018561112,0.020137260103721494
ENSG00000178445,0.4760640764616264,0.6843063359610133
ENSG00000136936,0.25957486980029254,0.4812759034066585
ENSG00000165802,0.42622204709228606,0.636055777694191
ENSG00000173611,0.006953886313172203,0.04981421929271655
ENSG00000148019,0.1894286947737672,0.30150364077847036
ENSG00000148090,0.3752608624318434,0.38202629293735135
ENSG00000119125,0.6408199051253296,0.6090051881076394
ENSG00000096968,0.23678112996066433,0.8253825901456208
ENSG00000106868,0.08774995501657498,0.2568290737860207
ENSG00000181778,0.34017666039853006,0.2672371890019444
ENSG00000159069,0.41617923414362423,0.8971702757878492
ENSG00000176919,0.6445342598367078,0.9883762968876748
ENSG00000107317,0.4344504401442081,0.9965509085712767
ENSG00000148362,0.11666043294941825,0.1182465152712622
ENSG00000169583,0.024040196636306705,0.10653655900213088
ENSG00000107281,0.6876724099829219,0.7147574089215808
ENSG00000054179,0.2672441374047184,0.5807689556062517
ENSG00000186193,0.7257584582703517,0.40448860471743675
ENSG00000197355,0.8267080730990097,0.8232503572132986
ENSG00000261793,0.6805034562723277,0.7009102056850128
ENSG00000176248,0.39089534511973945,0.9642209296572162
ENSG00000176101,0.12157509062099392,0.1268917816618665
ENSG00000176058,0.2456876683968842,0.30546574014782535
ENSG00000187713,0.23298622081426706,0.5783381361391078
ENSG00000188229,0.5830004630835517,0.7250530084800064
ENSG00000188986,0.3017217938853464,0.6135706426881007
ENSG00000198113,0.6089003583117698,0.6748550470364763
ENSG00000198435,0.05950931400667171,0.15510473747426637
ENSG00000120156,0.5916635559184852,0.9471541358836805
ENSG00000148143,0.832890456879766,0.9636887978145385
ENSG00000070061,0.02863607858946922,0.16213469445554826
ENSG00000119328,0.5186139926154825,0.5597968497078164
ENSG00000119326,0.23507789033452167,0.1732383511742457
ENSG00000130720,0.897498565330501,0.8782213578791258
ENSG00000188483,0.01160674813961387,0.02629699506526584
ENSG00000136867,0.41581573759021084,0.9101893319203603
ENSG00000056586,0.1247225065326262,0.27176349856164067
ENSG00000186130,0.022563774748617343,0.14110295019801705
ENSG00000171448,0.00770796225523892,0.026906108745352854
ENSG00000011454,0.9409158837252539,0.533081987974237
ENSG00000165209,0.029204148287160996,0.10941749190356426
ENSG00000165060,0.47840080862670975,0.7678386140312253
ENSG00000119139,0.048246897066733796,0.2385812618198401
ENSG00000172889,0.13741249175352788,0.11490603948926993
ENSG00000169692,0.39414929332690396,0.4905580053114108
ENSG00000165716,0.8563619273284351,0.7182051769625046
ENSG00000177984,0.43141986845941604,0.3448486663485725
ENSG00000244187,0.4804232083103831,0.325527018907856
ENSG00000213213,0.2623410165855426,0.20092452035804056
ENSG00000196642,0.805029502156457,0.8940521925343106
ENSG00000054148,0.1253332747338352,0.11825935236305689
ENSG00000177943,0.10283896438127266,0.26908504795995036
ENSG00000107223,0.27371337699087583,0.30648130798694356
ENSG00000165689,0.48483282266923844,0.8006910550584536
ENSG00000148384,0.8519446022973682,0.7351452286358948
ENSG00000106701,0.06223603298411496,0.22562417517125535
ENSG00000156345,0.6338172223760783,0.53536279188427
ENSG00000135049,0.01911767820838419,0.0863660857867279
ENSG00000165185,0.0010632437707413197,0.009056529222068087
ENSG00000148335,0.13397238803455,0.3286812512287805
ENSG00000066697,0.6529662349078231,0.8965010379892111
ENSG00000130558,0.37209064160650396,0.022426246320529346
ENSG00000147905,0.026940893415617433,0.11865695269714814
ENSG00000107362,0.026513278692003747,0.12728686957160532
ENSG00000107077,0.06861451764444564,0.3391214201499145
ENSG00000196873,0.01366277724374591,0.03227836771971119
ENSG00000119314,0.053735861090454876,0.11943121590798103
ENSG00000106692,0.09448004776866067,0.345463978294808
ENSG00000147912,0.9552651614566313,0.5063472269231912
ENSG00000175768,0.9749660964631878,0.9699241841808423
ENSG00000070601,0.8069243657975405,0.4621207917572575
ENSG00000165275,0.526619839356289,0.7207318415512427
ENSG00000107371,0.27827974207262735,0.4863452233343124
ENSG00000122741,0.20928583926037772,0.5772278053903643
ENSG00000122696,0.049001715467616086,0.2759891777766533
ENSG00000107338,0.43630653445098144,0.24823405048930078
ENSG00000126878,0.9473673484480192,0.7859176433816047
ENSG00000130717,0.3075903534410367,0.1996452087165219
ENSG00000106991,0.8882356250832473,0.4800251811525552
ENSG00000106992,0.6293630980874454,0.477079093447916
ENSG00000136840,0.2967257887794238,0.611608878995534
ENSG00000136908,0.08024098360075557,0.18498717495778155
ENSG00000167106,0.9499711849519479,0.580793105220325
ENSG00000158122,0.13504471973608587,0.04570840736924324
ENSG00000196597,0.11614838563821504,0.2660406379831228
ENSG00000119421,0.7763061783025791,0.7991288369104128
ENSG00000119446,0.6666864093522586,0.7850019888209643
ENSG00000148187,0.17150418067253498,0.1295017509954444
ENSG00000107186,0.41710910979543636,0.13907491312094702
ENSG00000157693,0.314003623289205,0.8182789052207393
ENSG00000181634,0.33766237069473115,0.9314125274904961
ENSG00000136888,0.1824481742462372,0.33818608527230254
ENSG00000095261,0.10966584596423408,0.26558048598629247
ENSG00000119403,0.8038103534791823,0.4116783475771828
ENSG00000119401,0.1788387319902915,0.6318636289331057
ENSG00000107341,0.7974867742177858,0.6786336879968298
ENSG00000198876,0.12013346511462919,0.3879640050285301
ENSG00000135047,0.7551245038712235,0.22946080452361384
ENSG00000164946,0.24955582342608532,0.12127754586739714
ENSG00000148334,0.640040452803939,0.6198609602747116
ENSG00000198887,0.024803637577042625,0.12068602521597152
ENSG00000136783,0.27564587380860256,0.4471119754266193
ENSG00000165029,0.7359209113479754,0.33265487766757185
ENSG00000148358,0.09004956539292203,0.48259874516256585
ENSG00000096872,0.017034989025056322,0.045753427866555944
ENSG00000175893,0.022912572591185336,0.10975290704473288
ENSG00000165283,0.10225205556648208,0.2513884508814881
ENSG00000005238,0.7171529480893754,0.6765882745414049
ENSG00000155876,0.16028121883700538,0.5144797821736777
ENSG00000164967,0.883235406747829,0.5891826490898247
ENSG00000137100,0.3915621932987503,0.8942913484160931
ENSG00000213930,0.4727181682344447,0.18615042663881787
ENSG00000187186,0.40257434255535063,0.21529853423260337
ENSG00000172724,0.9115346910858287,0.7123084719932445
ENSG00000137077,0.6910156011845889,0.4629921225437992
ENSG00000147955,0.7356492411635878,0.8601261074296475
ENSG00000148308,0.955187357604624,0.7156207778612148
ENSG00000170835,0.977715199428243,0.7838808134792032
ENSG00000160271,0.7003200235660154,0.705800053504124
ENSG00000148288,0.44332773490497124,0.4864783146980871
ENSG00000175164,0.9066498666031418,0.8844124657553432
ENSG00000148296,0.21098451198799217,0.3369019103696174
ENSG00000148297,0.061075793414313656,0.32091965299092584
ENSG00000148303,0.9400423299092246,0.8210561806957264
ENSG00000148290,0.3368068241650798,0.6695923355634812
ENSG00000148291,0.2020908940942225,0.24527166941790476
ENSG00000148248,0.22693549672572993,0.6005775145606931
ENSG00000148300,0.2059680266866378,0.3758596899919857
ENSG00000160325,0.58932773671036,0.8261402071797197
ENSG00000160326,0.49421269735348894,0.4046248148580731
ENSG00000136943,0.959209900445037,0.6957719319573783
ENSG00000122707,0.7965432227385433,0.3254258675745651
ENSG00000159921,0.09414999413295361,0.15516387244802154
ENSG00000119414,0.2544074147959449,0.4530378345533903
ENSG00000136933,0.09377291725126481,0.14964388315156274
ENSG00000044574,0.38015612395373843,0.7963871667118766
ENSG00000122729,0.04331459769367896,0.20078530679173373
ENSG00000165264,0.11921806470817642,0.22396153945637295
ENSG00000107201,0.8040105038137098,0.6001417086614784
ENSG00000197579,0.07880975997450024,0.4479999187325252
ENSG00000148400,0.17098289430791097,0.6282287283210573
ENSG00000125484,0.03507561225042855,0.18337118877139083
ENSG00000165698,0.7936182468541711,0.4586994698417356
ENSG00000165699,0.020040858794437687,0.13991836225461501
ENSG00000148356,0.7144568335842452,0.36770727589778274
ENSG00000165280,0.8926077461267108,0.836595308192287
ENSG00000147852,0.38271025989772434,0.8885664369665501
ENSG00000148341,0.9395364331830823,0.9708776973984702
ENSG00000167130,0.1653392347604074,0.3343899351082864
ENSG00000160447,0.9034803528067837,0.7313019437846112
ENSG00000160446,0.1270343505259203,0.14907423949134851
ENSG00000160445,0.41186022605607253,0.6600728150399631
ENSG00000107021,0.8629867300260183,0.4278959106789221
ENSG00000167136,0.8747026801731974,0.6059371571087545
ENSG00000198917,0.33159964320737806,0.3665293957109407
ENSG00000171097,0.91181801994817,0.7589022716333433
ENSG00000136802,0.834044642528064,0.4523410708403425
ENSG00000175287,0.129506199122145,0.09526945295630025
ENSG00000175283,0.7784367786224591,0.6613373462279981
ENSG00000095319,0.9804670002470487,0.8830341554843087
ENSG00000095321,0.14051534095635348,0.08483496590894493
ENSG00000119333,0.5834177223709078,0.646674608422819
ENSG00000187764,0.3956812112068617,0.4569491711111411
ENSG00000081386,0.3607497202999067,0.9564541321465536
ENSG00000148219,0.0503939972950089,0.06857401255672217
ENSG00000196363,0.8142415291938965,0.8487303881456163
ENSG00000204136,0.7276843788440015,0.5064223558752445
ENSG00000188959,0.294505396188602,0.6465420651611864
ENSG00000184709,0.025646401705466313,0.0720624288133494
ENSG00000095203,0.14989503336950324,0.23082625830470216
ENSG00000160360,0.8928539507007067,0.5672689126813706
ENSG00000130714,0.24966868093933506,0.7685935337702585
ENSG00000188747,0.8379990090680528,0.6704932034781392
ENSG00000137073,0.6714423071847435,0.901880178329107
ENSG00000010438,0.9371500950629048,0.8649831774826431
ENSG00000148339,0.5337953156127407,0.8691923766618925
ENSG00000137094,0.12911114719800834,0.029364014536508488
ENSG00000177239,0.811151929145011,0.8372377809094123
ENSG00000107249,0.45524013897278093,0.4131536263393363
ENSG00000175787,0.00872645198371235,0.059800703302538664
ENSG00000165140,0.1827688016652135,0.09260803065731106
ENSG00000106780,0.10231146686725665,0.32497689798242485
ENSG00000119402,0.0738360204141631,0.37652982434291526
ENSG00000119392,0.5334662433950265,0.7570601985513752
ENSG00000165006,0.15520262538977328,0.5892484972598236
ENSG00000164978,0.28650392190515567,0.32218337217103216
ENSG00000164976,0.03685213557728746,0.21384352976756524
ENSG00000186638,0.1254486416209293,0.24689199194810169
ENSG00000106853,0.001931306964650487,0.015895743425634497
ENSG00000059769,0.2884663114735814,0.460258758207879
ENSG00000244115,0.7384202424269757,0.5495813040339097
ENSG00000242616,0.9479148312374149,0.816035460418032
ENSG00000148154,0.8043410808372342,0.744806666461653
ENSG00000107130,0.16803202430459332,0.04656999937666736
ENSG00000130707,0.2205325687502168,0.6814298121198036
ENSG00000148120,0.20541910860824203,0.0702337304947423
ENSG00000136870,0.08725595394172378,0.18707216945754085
ENSG00000160408,0.08570464405264815,0.4246030123392457
ENSG00000274349,0.01824010825182981,0.06013788456388095
ENSG00000198680,0.2765602725075797,0.6962944783364399
ENSG00000215126,0.08867422788011951,0.18381139252845186
ENSG00000119138,0.9695434138872049,0.7172802360331589
ENSG00000080608,0.039157508375266104,0.1820859015889273
ENSG00000137033,0.28321967188164937,0.5195458392784817
ENSG00000136813,0.526185538780966,0.904697770281147
ENSG00000188566,0.32468465169063043,0.27553404301000134
ENSG00000173253,0.3685101950620967,0.1921026740481217
ENSG00000148343,0.12736063368852893,0.31864608666329375
ENSG00000196305,0.01048106765133165,0.06111776281922451
ENSG00000136868,0.04990021880554206,0.18478557181959274
ENSG00000176386,0.2155421356556877,0.4318441806481177
ENSG00000136875,0.03407011825237861,0.12237105007707451
ENSG00000165188,0.30655747557267077,0.4181805709132218
ENSG00000148225,0.27532559982457566,0.6358661735659894
ENSG00000119411,0.549551390571926,0.6797081652848209
ENSG00000119431,0.20158225069363137,0.06448609383149424
ENSG00000148218,0.9844521206796655,0.7651251215019478
ENSG00000148229,0.22748645536041115,0.418842734044216
ENSG00000188352,0.04086426895050002,0.2525203323532932
ENSG00000188921,0.5690826126008597,0.7790382132621382
ENSG00000235453,0.3802205195795052,0.6694011733776647
ENSG00000148396,0.09175016313306397,0.4199996401152257
ENSG00000080298,0.033658734450932835,0.17674308214195794
ENSG00000107104,0.6799726882010726,0.817311355089335
ENSG00000148357,0.5984962824689083,0.836235075395827
ENSG00000095303,0.8743053584384366,0.5302124063419544
ENSG00000175764,0.5349427167958498,0.8004512893656792
ENSG00000106927,0.3202096417601933,0.03187136162432855
ENSG00000136883,0.48519042500344634,0.22533593639112237
ENSG00000159899,0.38843033513893477,0.15792443724121852
ENSG00000185920,0.2291518216566031,0.47898562912621123
ENSG00000164972,0.49055728258443876,0.3064047495046031
ENSG00000164970,0.9111555996250407,0.4754043578826631
ENSG00000165238,0.13348517506349,0.46361013365954706
ENSG00000125485,0.0329973327564373,0.08299923617481876
ENSG00000136872,0.0012197967363719792,0.0005355197941710177
ENSG00000136932,0.00883978073612839,0.052538594958221975
ENSG00000107159,0.42041453489620595,0.5844885115667717
ENSG00000123453,0.8342470967158441,0.5357260380647457
ENSG00000148337,0.28702505068994716,0.7544263190137779
ENSG00000165219,0.13493431953347354,0.39393895050789196
ENSG00000147862,0.20403130250111268,0.30986253702732786
ENSG00000198121,0.18179867222659352,0.4300164696951777
ENSG00000165124,0.8557631946936395,0.9904184646570239
ENSG00000167123,0.5856671699966636,0.283592708171206
ENSG00000106772,0.6145496553175113,0.18108841972611542
ENSG00000148110,0.49147555692334277,0.41183069412061357
ENSG00000137078,0.3594452696425142,0.30635614084627977
ENSG00000137101,0.6731871909025393,0.49251457630350715
ENSG00000148053,0.7188697439019431,0.38959553228948396
ENSG00000165272,0.4506973288720997,0.6518748612469993
ENSG00000122133,0.7559767107519154,0.7236295078915671
ENSG00000127191,0.32870374099321914,0.4562144411325799
ENSG00000232434,0.6859889180299801,0.6564137373505143
ENSG00000119335,0.19672127985604665,0.48570604224745806
ENSG00000157657,0.30972666793870374,0.6375554204410152
ENSG00000148204,0.5876455810772547,0.48060126708467765
ENSG00000107099,0.12291373870271315,0.42400963992255936
ENSG00000090054,0.16129294756247145,0.48936654220232223
ENSG00000119397,0.0175858240381882,0.17514348864912263
ENSG00000153707,0.04561243136600196,0.08594332113554393
ENSG00000107331,0.5713217863302078,0.23829877967985993
ENSG00000137124,0.24921680217578412,0.5612539092513817
ENSG00000214654,0.006517192462340542,0.03573370516513366
ENSG00000137145,0.0030301506315578014,0.04473733763952883
ENSG00000137154,0.1325753272012191,0.293281007393766
ENSG00000177076,0.018822961103568965,0.1776383328096857
ENSG00000107036,0.0730267089800589,0.3170578922491546
ENSG00000099219,0.009391303782023111,0.08345188063176052
ENSG00000137070,0.6010587126692906,0.9295036424093024
ENSG00000119321,0.5361125993901803,0.7225702515326663
ENSG00000178966,0.0605091591622805,0.1402070268248946
ENSG00000165269,0.07963364930288372,0.14995407462616175
ENSG00000165271,0.39449478813966,0.44510909966273804
ENSG00000130713,0.28219997832978505,0.3147326379582263
ENSG00000212864,0.12810295219981088,0.06453555241848004
ENSG00000165684,0.2808393841526859,0.3592009084106439
ENSG00000119508,0.48896372337103344,0.9944302558843567
ENSG00000136874,0.03226992196482106,0.1865295181797672
ENSG00000136861,0.8990162200064116,0.4131206693317744
ENSG00000164975,0.5569834528811812,0.6980373373792476
ENSG00000198722,0.012970637264760967,0.11865299907097611
ENSG00000106823,0.9155875657288179,0.5512597878960546
ENSG00000106852,0.45171625979425434,0.7062566099815888
ENSG00000023318,0.6210281778802188,0.7872327404518532
ENSG00000196422,0.34432546326841396,0.741111976468057
ENSG00000160345,0.9140453363704757,0.9997158256536685
ENSG00000126883,0.21394619378747556,0.424979763941987
ENSG00000169155,0.37875594563635917,0.75937570721704
ENSG00000136859,0.6362388634320091,0.3109564862452251
ENSG00000172785,0.19144738237852452,0.3568653330870101
ENSG00000147996,0.04985229156156955,0.17524921134067906
ENSG00000181404,0.7689729104475398,0.7343100324732612
ENSG00000158169,0.08791038236960716,0.1322097493621118
ENSG00000119408,0.1427835044344907,0.36756760054199633
ENSG00000136930,0.8792829414150146,0.9676749375502063
ENSG00000175854,0.2601516841442747,0.2663448447261765
ENSG00000182150,0.12002292087989193,0.3201899162214523
ENSG00000221829,0.07462009954245796,0.29265920899158976
ENSG00000198642,0.024158097940357608,0.13005624840384405
ENSG00000099810,0.11916745199596397,0.3270446242047387
ENSG00000147889,0.5372266413703858,0.27148744900549865
ENSG00000147883,0.42058044743167244,0.9209261876709216
ENSG00000198853,0.9799576399647396,0.6272228815081649
ENSG00000122140,0.452950498802561,0.42729309478119915
ENSG00000107014,0.024204400346766734,0.08464974744155579
ENSG00000107020,0.0607942537695176,0.2135826011139944
ENSG00000120217,0.8278834093071636,0.5552062236607245
ENSG00000197646,0.8477652912848512,0.6154833710363288
ENSG00000120162,0.001880069643685889,0.01242227332236488
ENSG00000147894,0.022595836246454358,0.07840155882291842
ENSG00000177125,0.39916075227033665,0.9934758587557475
ENSG00000213694,0.22770871042533372,0.059652822621957556
ENSG00000123975,0.8021821582656451,0.8279065052962362
ENSG00000119523,0.5644126978651004,0.9755021802545011
ENSG00000106803,0.28723852419103096,0.23377384661047793
ENSG00000106799,0.6553282219223893,0.45963744309609644
ENSG00000197724,0.3937660922694858,0.09547833324606622
ENSG00000048828,0.06727021435990077,0.27522870840178537
ENSG00000188647,0.04103135085778726,0.24217885380491433
ENSG00000070214,0.13434208835449918,0.3224647632296294
ENSG00000119383,0.2620090737818236,0.10100416735349023
ENSG00000229314,0.2851534594859781,0.17587702139686978
ENSG00000228278,0.6091996451890707,0.439215798060574
ENSG00000106948,0.08581918540608445,0.2158733845448243
ENSG00000095397,0.614212452416157,0.29867793080031296
ENSG00000119522,0.05103524580481794,0.14033816545827593
ENSG00000136816,0.11054711215520036,0.4499966341759327
ENSG00000136827,0.26170842415922224,0.48109048599065696
ENSG00000136819,0.95119720834872,0.5984390557820065
ENSG00000136878,0.06698995969573214,0.40193497283296253
ENSG00000148180,0.49313195213239913,0.8933710233343934
ENSG00000106804,0.6561448485566235,0.9793660977661907
ENSG00000107164,0.25531211316270297,0.48913173588010384
ENSG00000158079,0.037482589661496306,0.14615498261685406
ENSG00000136848,0.9659749284381789,0.35313007754626247
ENSG00000283526,0.10741638439482644,0.18935580189704104
ENSG00000157654,0.6732767801852655,0.9964636579553627
ENSG00000284976,0.559264893825395,0.46413167924114385
ENSG00000167110,0.9666335642450832,0.5301333898867786
ENSG00000136869,0.2775256592036975,0.6512475714187151
ENSG00000165282,0.025534801548925474,0.1379407254969832
ENSG00000160323,0.5874917336000054,0.9124620778199093
ENSG00000185963,0.9629806468712108,0.3132548631216628
ENSG00000127081,0.18067278795628708,0.466830065709245
ENSG00000196116,0.04296702996715466,0.20719460469052994
ENSG00000136938,0.6476895923160056,0.8105950103480223
ENSG00000095380,0.049656910329431835,0.1567355335443431
ENSG00000106785,0.140182586400087,0.5623692988799942
ENSG00000106789,0.11985401220563341,0.2828886629728002
ENSG00000095383,0.1085116717073046,0.3579407434817713
ENSG00000107242,0.03343557094536462,0.1042600548755393
ENSG00000187866,0.6859035270869496,0.7721805485229294
ENSG00000187239,0.8522548510679716,0.19679160725700365
ENSG00000155158,0.014336498553030048,0.04903551403820959
ENSG00000138835,0.576680350690957,0.6023254093829133
ENSG00000119396,0.1532877022115644,0.43315143640263676
ENSG00000197694,0.07742555715933332,0.28556704280930634
ENSG00000080503,0.02468119898904329,0.27119280389636646
ENSG00000165119,0.11937819629011347,0.22633203769307514
ENSG00000136854,0.2743221951135635,0.10866000282847459
ENSG00000126882,0.4117832183460969,0.9059682540223514
ENSG00000097007,0.124186963396206,0.3949279242134065
ENSG00000041982,0.44547772616812176,0.3120226529714291
ENSG00000197191,0.2040494755793715,0.22076948003939548
ENSG00000106976,0.3904772759762978,0.7001231609383293
ENSG00000137075,0.2682582639071386,0.8455072610899284
ENSG00000122705,0.5401219694964102,0.9456578873591972
ENSG00000130635,0.5049202507923924,0.9971065293721538
ENSG00000106829,0.8124125038889045,0.4701733794229449
ENSG00000213221,0.22920246635909317,0.2863813847606692
ENSG00000130560,0.4340415190624458,0.9772947285130423
ENSG00000148411,0.5261998784063507,0.050855820106235905
ENSG00000238227,0.6343748000929512,0.8765283525212063
ENSG00000165661,0.4243815156757079,0.7377904151980534
ENSG00000148153,0.27670658477030424,0.5941909493999383
ENSG00000148158,0.021376270639574046,0.13863138209557388
ENSG00000107263,0.13756223710931162,0.5456715846799625
ENSG00000176978,0.008268556438183765,0.0004227348560799685
ENSG00000130958,0.9611352968085252,0.6489174970749845
ENSG00000165244,0.14997568900223593,0.275359904017088
ENSG00000130956,0.008728819102098353,0.018838602938161378
ENSG00000086062,0.4489959148674503,0.7555955191042499
ENSG00000122711,0.0018718048465296972,0.0018355631721750092
ENSG00000107262,0.1676979259154137,0.5066773888935797
ENSG00000086065,0.16979071590738948,0.48686583948998174
ENSG00000137076,0.991413694786942,0.41709738734664703
ENSG00000136811,0.2764418303388024,0.4705256303346358
ENSG00000165688,0.16251829601003182,0.14002211370151557
ENSG00000099139,0.7724481316871997,0.9379407930980594
ENSG00000135002,0.6202030613358712,0.5346930016806636
ENSG00000078902,0.04247615959291985,0.09223974192995285
ENSG00000117983,0.22041978626345876,0.34545649667054434
ENSG00000174672,0.795498874775301,0.8634545021360635
ENSG00000053918,0.037509817023227705,0.12425801319355839
ENSG00000132109,0.2419502523240321,0.600419534997483
ENSG00000149054,0.0054529913436593145,0.0025738941410001098
ENSG00000110328,0.9511325872559677,0.8384380102947294
ENSG00000177054,0.05579011216897988,0.07933359211317223
ENSG00000215182,0.0010493260004339818,0.004148357803023366
ENSG00000183161,0.015093547538182851,0.01844279483763623
ENSG00000167333,0.01138583926071383,0.07951492756224503
ENSG00000152219,0.00237789091585117,0.020236093784058395
ENSG00000129158,0.32110978187168315,0.37630716955856414
ENSG00000121691,0.015852278312639845,0.039665176650776755
ENSG00000149100,0.01015420305800839,0.02503983451342417
ENSG00000166478,0.08120220281674463,0.21952088603825298
ENSG00000179431,0.7997037284824104,0.9882251951847936
ENSG00000133818,0.045340792569811716,0.04360536071708691
ENSG00000262655,0.16608781703695757,0.6687659977059535
ENSG00000086205,0.018729574534546368,0.11855703942310648
ENSG00000198168,0.04660821119878272,0.04848678556134142
ENSG00000170946,0.010540190653436029,0.05349356972304547
ENSG00000205213,0.004587955513910009,0.03740152466367373
ENSG00000166326,0.013490598950626487,0.06602579782306334
ENSG00000110048,0.029936106760020408,0.08035176753079164
ENSG00000167996,0.12134029875261079,0.23048132173640845
ENSG00000149503,0.044802018912012756,0.11553450132963711
ENSG00000135362,0.010222575193728921,0.04187881004018155
ENSG00000110442,0.029618779692685154,0.07872834748487609
ENSG00000186660,0.03178166641322822,0.1320453035008267
ENSG00000185238,0.008076754344048873,0.017398200673355124
ENSG00000162174,0.04961108926494256,0.13882055359097828
ENSG00000109911,0.14863908140290194,0.1608146574514374
ENSG00000166016,0.34289971322223955,0.6902809862783055
ENSG00000166889,0.100924628107739,0.1463228162016494
ENSG00000134827,0.6443873660814248,0.38573651657960506
ENSG00000152270,0.009242802656791753,0.08404380770330473
ENSG00000124942,0.17140949956240556,0.4279577617822997
ENSG00000167995,0.8707916239144867,0.730724887195938
ENSG00000011347,0.43375162521924804,0.2509547613002986
ENSG00000129173,0.005875180686749973,0.023637299642233586
ENSG00000157570,0.9921922421439549,0.9163919311996939
ENSG00000254772,0.09792068545994786,0.1674713116717052
ENSG00000148950,0.09981297332166736,0.11297388378725481
ENSG00000134812,0.12009972958962532,0.23388889179184658
ENSG00000124939,0.006335921857686113,0.014591455250798554
ENSG00000176971,0.6374734321406016,0.2656836336295448
ENSG00000110107,0.520849423536178,0.9960358737388699
ENSG00000169519,0.0076174010119697926,0.018153801160383443
ENSG00000179241,0.1759151204501048,0.164620994936123
ENSG00000166902,0.19959363988357157,0.1902732395564044
ENSG00000110104,0.15461472587526276,0.12788104279193888
ENSG00000148943,0.18415878089649118,0.17032629408841427
ENSG00000132749,0.16493098384605215,0.13972309087514553
ENSG00000021300,0.9162466846712339,0.9801304201991725
ENSG00000077514,0.023203882785539993,0.05653462033888323
ENSG00000166012,0.0029332981206851012,0.026104823177890688
ENSG00000137478,0.19861725241001296,0.6403083503796603
ENSG00000166025,0.44237521256192025,0.13749467393173806
ENSG00000166004,0.08816779054566713,0.1174402012438769
ENSG00000184384,0.353038221282707,0.8991719305614584
ENSG00000178301,0.09585995478515096,0.04683780192775282
ENSG00000137691,0.28491556840078147,0.05027975615340266
ENSG00000165895,0.009015684231767806,0.030705952810255677
ENSG00000023445,0.03506497055896781,0.21357930836504815
ENSG00000149289,0.21387636049244282,0.5668942126908613
ENSG00000086991,0.3045396608315677,0.1372469696356306
ENSG00000173156,0.5288021194577734,0.5767628869420676
ENSG00000042429,0.11548774095918651,0.19052754286074466
ENSG00000123892,0.1588590575077026,0.2323657096748737
ENSG00000069482,0.46227374163024704,0.480111270221272
ENSG00000137673,0.8376587464210303,0.7690673352955486
ENSG00000110660,0.12010403152624169,0.1817563132786327
ENSG00000054967,0.24806826183934463,0.43236550848404764
ENSG00000166575,0.07142545574321457,0.14646812868223624
ENSG00000137693,0.3547111094325043,0.6679192212092393
ENSG00000173120,0.05931976288922471,0.22320072390778906
ENSG00000170962,0.2756902832661363,0.4256049830629203
ENSG00000166266,0.002329203319551079,0.01639796050600066
ENSG00000168010,0.7789021155007227,0.5867663099494599
ENSG00000137713,0.031028686963775427,0.09536933645865318
ENSG00000166682,0.47318815786861634,0.9367117236845265
ENSG00000110237,0.9056996480014377,0.3093797375285658
ENSG00000198382,0.08309362378245452,0.26066169650353505
ENSG00000166002,0.0078513971554767,0.020913324439912995
ENSG00000149380,0.18594217499410876,0.12305410160366516
ENSG00000152558,0.11670910429480784,0.2962502687012515
ENSG00000074201,0.0192987462684072,0.04653646688237024
ENSG00000166900,0.03258948089219397,0.03584231445555238
ENSG00000109944,0.16877961903019442,0.15499057776825367
ENSG00000186642,0.9590367455927737,0.7291465630457339
ENSG00000137714,0.11180504688247742,0.1709772716999519
ENSG00000137699,0.7193807514265775,0.8098904342312898
ENSG00000196914,0.13473697893032816,0.29394907615389376
ENSG00000154144,0.23424424001537975,0.2590704771831636
ENSG00000137642,0.08380331064331692,0.14430940251506144
ENSG00000110013,0.007723997139302336,0.019106248740047276
ENSG00000109971,0.010621681652545605,0.08997642642465958
ENSG00000043039,0.9180050676603524,0.9999694926078083
ENSG00000166250,0.6058078785477959,0.28764555991399476
ENSG00000149557,0.8329400570063826,0.45639060412340315
ENSG00000121621,0.044801159122230774,0.07467140380218322
ENSG00000154127,0.14728146874373574,0.3135672483597216
ENSG00000134910,0.03675191819713865,0.1783134337193222
ENSG00000109929,0.34493148421635533,0.3639718810567877
ENSG00000149547,0.024881625230776073,0.06874861546118223
ENSG00000197798,0.01938815529931302,0.07962410165235248
ENSG00000149295,0.9289345739865329,0.6581600376308958
ENSG00000110172,0.14862157701213205,0.17192789321036347
ENSG00000149328,0.6681137979735102,0.3120869057232203
ENSG00000085117,0.020897022931189075,0.10860905151409309
ENSG00000118094,0.32780553714877236,0.33096199003460824
ENSG00000109881,0.01645863783419491,0.02820681858187567
ENSG00000110318,0.9896065568744841,0.6063405278719781
ENSG00000149273,0.029393790679867245,0.10078569467542016
ENSG00000158555,0.6821305527784765,0.5431098261862861
ENSG00000166391,0.0015484398391653752,0.001907648527407459
ENSG00000149257,0.52802863863629,0.8788951244591325
ENSG00000166927,0.45436129968293926,0.937011120468924
ENSG00000184232,0.03574180628310923,0.06548059156870131
ENSG00000173457,0.15090675269557724,0.34786785292692457
ENSG00000126432,0.6868619726743737,0.7151968061331131
ENSG00000168071,0.47144305217290605,0.7131380794410661
ENSG00000162302,0.32742856488685423,0.4782964560917592
ENSG00000168065,0.4065603152654623,0.9839094289010597
ENSG00000068831,0.9234041518720186,0.4143140680889459
ENSG00000168067,0.5383814090802836,0.7586077509499101
ENSG00000110047,0.4023078184778076,0.6321646754706582
ENSG00000110046,0.8684787213767717,0.9770976382000605
ENSG00000068971,0.36885482559879423,0.26610092301103
ENSG00000168062,0.7393673504431109,0.986232151158242
ENSG00000213465,0.7757010301050948,0.5256137809953703
ENSG00000171219,0.7612913423592937,0.9797981102958936
ENSG00000244734,0.9717049287208561,0.8141663856623238
ENSG00000005801,0.045328145451568116,0.03734088623781954
ENSG00000189057,0.10967882672482165,0.13137585216127193
ENSG00000110042,0.03429609635060784,0.1241536664517577
ENSG00000197629,0.1769285479405045,0.7322437151148402
ENSG00000110002,0.04860079389659533,0.011622057107534505
ENSG00000177156,0.0736729922939652,0.11138965444355084
ENSG00000177225,0.0002706546386461872,0.0022284059829436624
ENSG00000177542,0.23785802336927755,0.3409934907699555
ENSG00000177600,0.2060016403114684,0.2331647930747457
ENSG00000177666,0.29177598211468986,0.5272625342698065
ENSG00000177685,0.17445814251692995,0.21561216403859385
ENSG00000177697,0.34159257523196523,0.38293814309598706
ENSG00000177700,0.9504315072952938,0.806477315989354
ENSG00000177830,0.0985584023157301,0.12498670921881098
ENSG00000149308,0.009179688601065314,0.0561695401055225
ENSG00000109846,0.13135959327585725,0.03353385004724821
ENSG00000170276,0.28238675967792853,0.15106904630972573
ENSG00000149300,0.28757855680774985,0.3596577886591643
ENSG00000150764,0.8220443071162002,0.43375832485985477
ENSG00000150776,0.025461367135363334,0.12542637318999333
ENSG00000150779,0.5686243743146357,0.48490881142003617
ENSG00000204370,0.04926935845283142,0.10573078522402313
ENSG00000150782,0.18070905696726833,0.15476073033438792
ENSG00000150787,0.5941558528779648,0.3833391895424356
ENSG00000198788,0.006363130752371938,0.03292104184805888
ENSG00000214026,0.46986548011925866,0.2027168429046526
ENSG00000134955,0.5828995916473507,0.9304963220738036
ENSG00000181264,0.44848745967146253,0.8538004374165172
ENSG00000170242,0.032620731889303534,0.1731733274041158
ENSG00000135374,0.09902133863113236,0.2277292483763767
ENSG00000149269,0.012394846898295472,0.04450334359234052
ENSG00000049449,0.05330451005336134,0.09421584132436282
ENSG00000137710,0.685131287543649,0.49664672415703937
ENSG00000149179,0.08806390684965515,0.1274024372636212
ENSG00000167771,0.8197486853925751,0.7117336246143091
ENSG00000110583,0.17761853309599512,0.20245785212696926
ENSG00000176340,0.8214220768309013,0.6399232099347842
ENSG00000133315,0.6253097016331057,0.3106535342288914
ENSG00000168439,0.23471899619805536,0.2993638018037266
ENSG00000130592,0.6031761223970353,0.5704346956256146
ENSG00000137522,0.1055147738160956,0.2823955814455065
ENSG00000149357,0.4145838931886492,0.37021675126590214
ENSG00000110628,0.05113543376528501,0.1209988264134024
ENSG00000181649,0.6444333130384943,0.6067161458672667
ENSG00000133789,0.059948499713779725,0.26798581908179864
ENSG00000148926,0.10917510786511007,0.30030293752481774
ENSG00000110315,0.0007748009922148355,0.005493889374619386
ENSG00000121671,0.11952543446279763,0.5034917528658125
ENSG00000121653,0.5116377532773297,0.7197574710788586
ENSG00000121680,0.06994738151897723,0.03384365885289822
ENSG00000165905,0.7299536396351991,0.8429954605110455
ENSG00000157613,0.14915650416642526,0.38588479144874954
ENSG00000077458,0.007935588458868669,0.022723143215403255
ENSG00000166037,0.007665990210788731,0.021456366463023967
ENSG00000172638,0.7343888966852739,0.27314814671345433
ENSG00000172500,0.6847783742227196,0.5375563058553456
ENSG00000175602,0.7605463966246465,0.8412849958492729
ENSG00000175592,0.7573416087949274,0.9555187299331269
ENSG00000175573,0.4620015508107369,0.7853835880190378
ENSG00000175550,0.1398321994388347,0.15861166930230777
ENSG00000175467,0.31864292986493037,0.35511053848987095
ENSG00000175376,0.3944985260879367,0.56415431235377
ENSG00000175334,0.5508149910498894,0.789574116685037
ENSG00000175315,0.10341079934314015,0.14740718463002903
ENSG00000087365,0.5747539002274527,0.4157893813750505
ENSG00000174903,0.8853781200575764,0.7259803856618476
ENSG00000174851,0.12225652977559971,0.17766604554094806
ENSG00000174807,0.9689368706866962,0.5132874062734631
ENSG00000174791,0.0037403082651561678,0.020345392979318627
ENSG00000174744,0.737675018133235,0.4282982323752633
ENSG00000174684,0.5109378908468794,0.38804838049994117
ENSG00000174669,0.03185302076194176,0.05956001768712101
ENSG00000175115,0.5537564002517755,0.3969978258984511
ENSG00000134780,0.0012913772184930204,0.007496243743946085
ENSG00000134825,0.7759831313669019,0.9945922696647496
ENSG00000168496,0.43122515719783183,0.3271402288116097
ENSG00000149485,0.5035824179752295,0.8021435575318066
ENSG00000221968,0.5066191315155155,0.7678785551278319
ENSG00000167994,0.8097082532385317,0.2964954398068291
ENSG00000124920,0.31758548311016693,0.331562275976483
ENSG00000075239,0.07316834997771562,0.18827588076845728
ENSG00000076043,0.10182524509321275,0.4658059194938565
ENSG00000137634,0.008025219890860436,0.05758236146949855
ENSG00000137648,0.655932195460818,0.6644727051164583
ENSG00000160593,0.26461816193926785,0.8521950341982076
ENSG00000149573,0.1530714315671099,0.3450837331253822
ENSG00000110195,0.7688449582313497,0.318831672009135
ENSG00000087053,0.12852233719121786,0.2525323747131622
ENSG00000168092,0.2375487867358502,0.28536105613806745
ENSG00000149577,0.49890886351687613,0.8064354670791279
ENSG00000149591,0.2599799572362464,0.06675752687877529
ENSG00000167257,0.008940036295898355,0.06179596871658711
ENSG00000110274,0.004704566459336867,0.02444034342240637
ENSG00000149115,0.054257245219485266,0.24179882033764555
ENSG00000149136,0.021835589263410185,0.0425136646241836
ENSG00000149761,0.14341229863625624,0.14473099766617642
ENSG00000173486,0.25732658583884377,0.38075084974371287
ENSG00000021762,0.11996023152748259,0.28161849207796086
ENSG00000110619,0.07943658688083195,0.06603679936234474
ENSG00000110090,0.033949248647314134,0.06947150455264632
ENSG00000197345,0.2338428711470763,0.1486514401288952
ENSG00000172935,0.15089007735756008,0.0400205674099425
ENSG00000162341,0.05172090265884748,0.10299779644953128
ENSG00000110344,0.03778099967861726,0.042667759231980545
ENSG00000132740,0.07091635199756986,0.15810214294144828
ENSG00000149292,0.00036149903493712745,0.0026212469139537276
ENSG00000258659,0.0008135486441007073,0.008054028204523254
ENSG00000175582,0.21116934872581244,0.30295790564940134
ENSG00000134802,0.6352935824648918,0.9449596340009042
ENSG00000129084,0.07887473599460691,0.1504833553305689
ENSG00000182919,0.0020718483364734323,0.009546724061700321
ENSG00000174996,0.284212721465753,0.37206173607546145
ENSG00000175274,0.037744863291171916,0.12760450956213898
ENSG00000064199,0.4625021908326088,0.2871015553192949
ENSG00000135373,0.0643153580693438,0.1931770211112635
ENSG00000286264,0.9731834968033702,0.9169353622960399
ENSG00000110031,0.685979912905222,0.8156747988820466
ENSG00000166741,0.9358881899415955,0.4330017561920062
ENSG00000129083,0.012638681472198167,0.05547046243152446
ENSG00000149782,0.047248397773020596,0.031801886248731114
ENSG00000086848,0.05276215891321395,0.1631340021608642
ENSG00000255561,0.024564321938708403,0.036697855930772294
ENSG00000137720,0.21319421349170203,0.10095877798832607
ENSG00000133321,0.8164168460044635,0.5492714608562617
ENSG00000133328,0.35808768562286897,0.3796258000510714
ENSG00000184743,0.6609407572157264,0.9157155334140872
ENSG00000133318,0.20518960137664963,0.35398950683828234
ENSG00000188070,0.46939828625327573,0.6710400762421069
ENSG00000168005,0.808658261569177,0.9943106196934904
ENSG00000166788,0.010415952739093714,0.04276593758668375
ENSG00000134339,0.4507677759066211,0.42016456253713363
ENSG00000185522,0.7274476739234317,0.8379793178315734
ENSG00000099849,0.19042866890039625,0.42179413047217773
ENSG00000070047,0.6610454401199812,0.5662704469127444
ENSG00000099834,0.183945110762237,0.5039716427713982
ENSG00000070031,0.49740596089697453,0.5030807163402209
ENSG00000197702,0.17531266014160288,0.38134616971991975
ENSG00000162222,0.07596775347413716,0.19364978340263136
ENSG00000185670,0.015147339306797984,0.049115977560293275
ENSG00000168002,0.3084544135610838,0.1370479147795175
ENSG00000162227,0.2087602427656829,0.11297955947314549
ENSG00000168569,0.8856786645791019,0.6198364946546808
ENSG00000185475,0.7939527409687126,0.5690750801132556
ENSG00000162231,0.3806256849503066,0.30970792723427
ENSG00000156599,0.022475519058877666,0.1290869809960736
ENSG00000175581,0.7258849395755804,0.7587586190877718
ENSG00000181924,0.8673576771475282,0.8614367535381162
ENSG00000175575,0.09386232185804058,0.1231665013724593
ENSG00000214517,0.20471693125641585,0.4897186105143496
ENSG00000175482,0.06484824593709593,0.1297054264951422
ENSG00000256514,0.715192771428197,0.8191807876774682
ENSG00000175505,0.9202668190166904,0.9167894043229515
ENSG00000172531,0.987268648872806,0.6087063131475638
ENSG00000175463,0.2013010788831586,0.7820089850947323
ENSG00000175634,0.4681737875722338,0.27845258701922776
ENSG00000213402,0.34769353958779003,0.9314152418740355
ENSG00000172725,0.6694446564969606,0.5820858417580892
ENSG00000172663,0.010641473651164541,0.07757436719741466
ENSG00000162236,0.0646561683803661,0.24828578378685245
ENSG00000182934,0.351469168378412,0.5852755024457541
ENSG00000110063,0.37842537137721777,0.9253310702171327
ENSG00000110080,0.17975760809793756,0.7300294945910633
ENSG00000133800,0.5910803221285017,0.6517228039603278
ENSG00000198730,0.007897143418485972,0.05556952726708181
ENSG00000236287,0.007678001834358721,0.033706314546954844
ENSG00000175390,0.1238044461152686,0.344138102602385
ENSG00000149743,0.5687940273496052,0.5056211007475161
ENSG00000002330,0.5377665764210919,0.6391423637268501
ENSG00000173153,0.060962913656427316,0.1349876118951431
ENSG00000109861,0.058545079888672885,0.2656398124524507
ENSG00000250644,0.22373653276745226,0.2526441614363492
ENSG00000117984,0.17497069085127356,0.47842656263537353
ENSG00000174547,0.016006687000844507,0.041511648621753945
ENSG00000174516,0.5849536240387316,0.6129800270828185
ENSG00000174483,0.16385061172038706,0.20925887627310852
ENSG00000174165,0.6492550072241327,0.5522987805902974
ENSG00000066336,0.7915047672131107,0.4194442831716316
ENSG00000165915,0.6323138758896774,0.968623544739668
ENSG00000213619,0.023765218330826003,0.056388871028929505
ENSG00000110536,0.24171895962169868,0.14701073747586918
ENSG00000123444,0.0153356091781362,0.07430656847342493
ENSG00000109919,0.04342708952960818,0.08635927758547987
ENSG00000109920,0.09740018673929585,0.12117785336424247
ENSG00000165434,0.38173135622528476,0.5980293081009824
ENSG00000175536,0.41321351486924696,0.09695500148364096
ENSG00000175538,0.4919838102913906,0.5723244862322273
ENSG00000174080,0.259527658011761,0.48560181506261224
ENSG00000186907,0.2588558683785437,0.3231272802074541
ENSG00000149150,0.09802471690827519,0.15125607391294713
ENSG00000134809,0.3854082437074662,0.20538012684061008
ENSG00000156587,0.26218508963254133,0.7733832461252232
ENSG00000213593,0.048846507074876984,0.1573828602932411
ENSG00000149131,0.741245773952907,0.1888163059119167
ENSG00000109854,0.03227182452046418,0.09320807993062642
ENSG00000110075,0.09011463209531907,0.10411314971374318
ENSG00000180425,0.04704593474378091,0.01398185116164314
ENSG00000076053,0.024672139528956617,0.10537668115668887
ENSG00000133794,0.04148046958012402,0.18307409868842534
ENSG00000182985,0.25505953445538165,0.03050234453513681
ENSG00000175567,0.6108926412033234,0.7198550540254574
ENSG00000131626,0.016105056261810198,0.07594009352309739
ENSG00000120451,0.05250760406126376,0.1616115851793798
ENSG00000054965,0.6365509437769188,0.9709525550993545
ENSG00000149294,0.8898598153853081,0.33729113660647897
ENSG00000173511,0.9311093796443893,0.8302336932092432
ENSG00000071203,0.025336894489751502,0.08062410087625194
ENSG00000110079,0.9229812161425599,0.381747166814984
ENSG00000166670,0.3968259313932757,0.2603721016989087
ENSG00000172977,0.4995023527157094,0.4851176820762184
ENSG00000172922,0.09349783311298744,0.026970143863380633
ENSG00000254470,0.23682742785619157,0.3691372369077125
ENSG00000172818,0.15598532464326428,0.10364504997376559
ENSG00000172757,0.7497636479038725,0.5234447827598374
ENSG00000172732,0.25524986839613456,0.46638558179548506
ENSG00000172543,0.6636985057535505,0.5569514090648584
ENSG00000180773,0.09235494298078253,0.17117204186206805
ENSG00000196611,0.09863472439889466,0.1435135527226824
ENSG00000198331,0.5338220247175023,0.7127284545436936
ENSG00000110060,0.11640571306462273,0.22400555895611038
ENSG00000165526,0.036820906683470024,0.08497569098800535
ENSG00000166483,0.022185048942612643,0.07967635529596782
ENSG00000110108,0.44373644882511076,0.8227878214219618
ENSG00000006118,0.8584167136692523,0.8618698708153166
ENSG00000013725,0.14395031867352176,0.7819462767783725
ENSG00000110446,0.9865066905554127,0.36923644932618926
ENSG00000148985,0.15062950309019404,0.23578248439358934
ENSG00000177105,0.6380497278485437,0.9964028346188786
ENSG00000167325,0.007408693859200527,0.05277866324444674
ENSG00000187079,0.13259466270132853,0.43147154156496415
ENSG00000085733,0.9871152569301023,0.8857345791248272
ENSG00000137509,0.8303494772304278,0.9712745608800325
ENSG00000165490,0.036956202751790616,0.07154785188912244
ENSG00000137502,0.22650150029228028,0.2992742210563405
ENSG00000142082,0.13984004805177275,0.28589367650275294
ENSG00000142102,0.8103069915784705,0.9379579464114843
ENSG00000182272,0.3444483450979635,0.6812437245757335
ENSG00000184363,0.28186807157430127,0.24239537525204607
ENSG00000185187,0.6699515680670589,0.7932344293574641
ENSG00000185101,0.006195242143878881,0.007097725629520636
ENSG00000175591,0.19413431702040365,0.3752834233433304
ENSG00000171631,0.8610833122421164,0.29127705000076043
ENSG00000288681,0.4912024069693913,0.6795548067537198
ENSG00000185885,0.10409630735079871,0.3544048765622402
ENSG00000166261,0.019893456583737947,0.06932840771149167
ENSG00000171204,0.222763559794887,0.3188348689084118
ENSG00000171202,0.06024027430977148,0.12067826900976523
ENSG00000142089,0.2336570934890536,0.7406792576238468
ENSG00000151364,7.966961283532989e-05,0.00021518985477881182
ENSG00000259112,0.005331201090376017,0.012900630253380053
ENSG00000151366,0.03151683107633681,0.049122200848263006
ENSG00000132275,0.8707136373814656,0.6856140010743912
ENSG00000166333,0.37595687449801163,0.9538457223374055
ENSG00000158042,0.022078696686596875,0.020449382220426745
ENSG00000166341,0.3758944426709251,0.9991371655483189
ENSG00000159063,0.1263847284887018,0.15237983684742018
ENSG00000137507,0.636439624248609,0.7839038862944394
ENSG00000182704,0.311829703675227,0.3037290076193891
ENSG00000078124,0.25494818200959435,0.13610731142251084
ENSG00000198488,0.0028719451409984185,0.011166277784757928
ENSG00000149260,0.09212428973801395,0.13993043536733454
ENSG00000254550,0.06002877403792537,0.08365579214086384
ENSG00000168014,0.3335665445553104,0.29166296106965656
ENSG00000149231,0.4978599354577393,0.7242304991887372
ENSG00000183340,0.15342312437755554,0.2022142824440889
ENSG00000151715,0.004656196055520218,0.00624908401913945
ENSG00000170325,0.008597722696898843,0.03827864139062375
ENSG00000149418,0.02718810704302795,0.06661955001694342
ENSG00000172409,0.019289155378963703,0.036614433605213347
ENSG00000166452,0.040055815646820515,0.06227051409469687
ENSG00000175348,0.06903946738991623,0.19414889288886863
ENSG00000175356,0.8455111977094378,0.9223738822839642
ENSG00000184014,0.9871866138668552,0.5726250147268782
ENSG00000166471,0.32284756511754886,0.3446606046778409
ENSG00000205339,0.012222772008753801,0.05057169320269583
ENSG00000110448,0.697033032721876,0.7224613367382151
ENSG00000167987,0.1886486079913209,0.4167238059689985
ENSG00000167986,0.02032754062235494,0.101664109991757
ENSG00000149476,0.03874381919898951,0.03663944566054805
ENSG00000162144,0.06576091233584334,0.17130287017418314
ENSG00000149532,0.11706896578267813,0.12972024894963347
ENSG00000256591,0.24628586712368108,0.2975137394652678
ENSG00000167985,0.6101098715681927,0.3723982673424192
ENSG00000162148,0.8590390527991376,0.6394436856329264
ENSG00000204950,0.445431856664692,0.8211773109185706
ENSG00000149016,0.4023529122040723,0.43930805698374786
ENSG00000149480,0.34562336390726656,0.24957355502489872
ENSG00000149499,0.1546162556302916,0.31751872312147983
ENSG00000149489,0.7803228368032656,0.46684750372974937
ENSG00000149541,0.9560741898614628,0.6452348656954219
ENSG00000089597,0.02892501462993787,0.13538242726408536
ENSG00000185085,0.06828879681626311,0.14688112060100267
ENSG00000278615,0.7784030547804306,0.43748963273218844
ENSG00000204922,0.9501817563432764,0.6340809860533053
ENSG00000162191,0.5969592719713387,0.7049924740112155
ENSG00000177363,0.846299435907257,0.5975794198826567
ENSG00000214753,0.7059188545144087,0.88408462769494
ENSG00000150768,0.06789535877103113,0.1641237406288651
ENSG00000166352,0.24064748929393587,0.1937645428257523
ENSG00000186635,0.4890940456338193,0.6015045319738129
ENSG00000176485,0.8225963349231616,0.7569359255521305
ENSG00000133316,0.1465815114823103,0.12909688763561855
ENSG00000072518,0.10812905370401076,0.28746158060776306
ENSG00000165916,0.3222863760784002,0.41616997265617084
ENSG00000171533,0.25103998339475886,0.13704661014464536
ENSG00000214530,0.17764913425964735,0.12703174274028037
ENSG00000196954,0.4811741395258897,0.7101659076228175
ENSG00000137757,0.09311633941430593,0.13513842412665347
ENSG00000186166,0.6933373522677331,0.9789850056916698
ENSG00000118181,0.11112822581351771,0.20238984124141043
ENSG00000196655,0.7504317162243324,0.7621522423843755
ENSG00000172375,0.4733727742621545,0.7643383284670743
ENSG00000172273,0.0038320682279377005,0.03088429381946223
ENSG00000172367,0.0012750324645423837,0.001659459435155115
ENSG00000076706,0.8756937677773841,0.37838491708633315
ENSG00000173020,0.8876852348240948,0.7327851032421169
ENSG00000172932,0.01006497010205666,0.00327466342624813
ENSG00000172830,0.4400103661836394,0.46620327876735246
ENSG00000172613,0.1054510345775618,0.17215228521707376
ENSG00000110697,0.026758147836176853,0.11272310045349616
ENSG00000167797,0.06807752303703503,0.27423650951758183
ENSG00000084207,0.4531895011332634,0.656657051471977
ENSG00000167792,0.17919100981797814,0.2352088799991759
ENSG00000167799,0.5901426072637319,0.974120698658437
ENSG00000132744,0.8426764217985564,0.3278047069391925
ENSG00000132256,0.0012953841961745574,0.02575849230982414
ENSG00000132254,0.002483575197416939,0.011811442712837253
ENSG00000132286,0.0013304322889869805,0.007124866906535558
ENSG00000166340,0.18384662491787152,0.34250743566939046
ENSG00000134824,0.26406127379176947,0.40986013797772225
ENSG00000173113,0.9962912306135533,0.6416923890326762
ENSG00000137504,0.01079006106956688,0.023316496847341
ENSG00000188211,4.6030539592408825e-05,0.0012174146232997935
ENSG00000006611,0.06802959063896738,0.021249506372986043
ENSG00000183801,0.6582897467534093,0.9040155320549406
ENSG00000166387,0.002649483146644955,0.018319086267670974
ENSG00000166394,0.28058850490870485,0.3899609310417632
ENSG00000137656,0.044878046069191845,0.156996414832858
ENSG00000109917,0.011170107067593145,0.0331667226586159
ENSG00000110245,0.6309595952110696,0.13136721156920442
ENSG00000118137,0.03198311180906218,0.0013771365774996069
ENSG00000160584,0.030053544600936535,0.14804770133408307
ENSG00000168000,0.057139436613977,0.03805352872615115
ENSG00000173992,0.5476291252934773,0.2634617196369795
ENSG00000239306,0.11515207953047271,0.24880173697335448
ENSG00000248643,0.23979161894185883,0.4013935771037006
ENSG00000173933,0.07299603871559067,0.24664122827880566
ENSG00000173914,0.2855457480318557,0.4214494353986684
ENSG00000134909,0.016716952259807873,0.07328105451691076
ENSG00000187486,0.07634863794334687,0.14884059514454487
ENSG00000180785,0.830509319070126,0.5080344035327562
ENSG00000110711,0.03766206325533688,0.10066351505780585
ENSG00000172890,0.3756525618944435,0.1272314529557423
ENSG00000137492,0.014174860614671018,0.05304595162382213
ENSG00000179240,0.0007969606927032011,0.0023938849208184846
ENSG00000198561,0.07228236483003753,0.19480394177446939
ENSG00000074319,0.011109572000088568,0.04770206325492088
ENSG00000151116,0.008932063865932562,0.03282032395543111
ENSG00000179119,0.006054719049853477,0.04150741491305
ENSG00000129757,0.5879208599113561,0.7026619006213659
ENSG00000166199,0.10421693303132927,0.053316779898898964
ENSG00000110455,0.21853961837443775,0.07480774736827317
ENSG00000151348,0.010661912648019519,0.04375981394628149
ENSG00000166801,0.07085475203816724,0.18157057443948946
ENSG00000173898,0.09483357228882672,0.07121196485596477
ENSG00000166441,0.0595359382695561,0.06494739662680785
ENSG00000149968,0.3903624755888585,0.3353593695277384
ENSG00000262406,0.5574796024643947,0.9813031551665645
ENSG00000137692,0.6271760363082647,0.49331316761959443
ENSG00000174915,0.015597800233840055,0.10469872490196241
ENSG00000149089,0.12548153294528128,0.1675519877987553
ENSG00000110435,0.043132875248464216,0.0965803523522202
ENSG00000019505,0.027155641501697664,0.04633641338841605
ENSG00000177595,0.9718540489948383,0.860287210136837
ENSG00000186318,0.052010960519078865,0.2756380695301046
ENSG00000048649,0.04599932083816323,0.18163277324468804
ENSG00000110077,0.3510657433282416,0.9613775463119688
ENSG00000166106,0.9591968769642624,0.6321698833862193
ENSG00000177042,0.16655114103245416,0.3908644451582638
ENSG00000149554,0.027686226122129422,0.04021918417952336
ENSG00000072952,0.4507121991894969,0.140217465316684
ENSG00000167800,0.14315681424414056,0.08071363859273029
ENSG00000177963,0.1361052410515243,0.37545519681752015
ENSG00000172269,0.22784940287967662,0.25214467647338357
ENSG00000182667,0.7347561572725088,0.3092864089140771
ENSG00000170322,0.00949889626082723,0.025040958676255914
ENSG00000110497,0.015252935235711366,0.05657542006815155
ENSG00000154114,0.6429120492639038,0.9196064231697917
ENSG00000050165,0.21897332729967525,0.6359229573024214
ENSG00000129167,0.003905052940118231,0.008451654181865949
ENSG00000150433,0.018701138601237042,0.08464633108454656
ENSG00000137491,0.1587465592451556,0.3600875121882462
ENSG00000137486,0.05775501044399736,0.14647482325717115
ENSG00000149243,0.15746847357099808,0.21441416726084625
ENSG00000110700,0.00301437887497525,0.013272089954363282
ENSG00000011405,0.007871913756747303,0.026171809865900657
ENSG00000110011,0.18450204239395313,0.4228444276082174
ENSG00000156603,0.13662041943552966,0.3097076016007394
ENSG00000149582,0.4819104253324259,0.5394062518277347
ENSG00000118096,0.11226350293673557,0.20417445107028379
ENSG00000198851,0.25102916596066766,0.9160373307737861
ENSG00000118058,0.021554944980728626,0.12231821529134085
ENSG00000135365,0.2367375013769607,0.7843868345790815
ENSG00000133895,0.3124165148138759,0.37885227842276703
ENSG00000173465,0.20908180308616997,0.45610715737418617
ENSG00000176973,0.06132886807439093,0.062031271706870214
ENSG00000173442,0.23293576344297282,0.663573168905238
ENSG00000173338,0.16734015696383855,0.33968641661454635
ENSG00000173327,0.10599399315939836,0.12901295381905234
ENSG00000197136,0.05624636963578464,0.1932130067798793
ENSG00000213445,0.8194764989638246,0.46529088233146154
ENSG00000214787,0.8827960634236097,0.7894021032759466
ENSG00000168056,0.2531564609698787,0.13256578056606236
ENSG00000168040,0.09917368869943655,0.14001828072554143
ENSG00000131620,0.46917713779707915,0.718446388846754
ENSG00000160613,0.023648362534087267,0.06817239714067035
ENSG00000110367,0.30294577300694686,0.5035537288801
ENSG00000095139,0.38891506626206596,0.541934421018482
ENSG00000149196,0.24406301746679535,0.44335241195197717
ENSG00000137497,0.049464432457249186,0.23812930028833915
ENSG00000110330,0.0263136895162338,0.13657721582060933
ENSG00000023171,0.7288230902795916,0.9187011021014447
ENSG00000137745,0.4881000504116132,0.4329203826160779
ENSG00000177106,0.04453110998009373,0.13758620265487118
ENSG00000185627,0.033398118474934506,0.10685682874097716
ENSG00000110171,0.0032495335364424783,0.013815694128122403
ENSG00000211450,0.12210358609367722,0.11132057887036266
ENSG00000110492,0.5000227013705003,0.5710398739946674
ENSG00000142186,0.42554019362648643,0.4248970775980653
ENSG00000019144,0.23087503785490282,0.46557998676295853
ENSG00000085741,0.7263000508029367,0.45851731942555274
ENSG00000165457,0.7132491213597828,0.6501678164719633
ENSG00000165458,0.3815906431858812,0.5309566931601628
ENSG00000026508,0.010618648215061387,0.09786626871533642
ENSG00000137474,0.16763332488854019,0.1764946507784163
ENSG00000166833,0.07643766760371021,0.20562857330700993
ENSG00000070081,0.052623180389231,0.18646641155362742
ENSG00000110218,0.029073128797598855,0.18437789873369184
ENSG00000254986,0.0486365004809746,0.06195377474726094
ENSG00000110429,0.007863732652556226,0.03510665738468714
ENSG00000133805,0.1285475309582388,0.3960595782862908
ENSG00000177951,0.0441461159659007,0.1546256381618305
ENSG00000148935,0.37464740818715336,0.21904902361872236
ENSG00000188486,0.7709905127193946,0.8419874970960803
ENSG00000134817,0.493939888617546,0.9767979387525478
ENSG00000185201,0.7294255267098548,0.3871002192055859
ENSG00000110200,0.12478804703334213,0.059205764074317574
ENSG00000184154,0.04958677955351751,0.08434186921293249
ENSG00000110756,0.04572560615038818,0.23613666105447928
ENSG00000110768,0.0024858171507667094,0.019308295746967477
ENSG00000173432,0.35273396242557187,0.26430712236830695
ENSG00000110777,0.21178479687953172,0.8061605115110042
ENSG00000204381,0.26270575164271576,0.07424658736713788
ENSG00000170145,0.07566533448979781,0.2996901362623753
ENSG00000151117,0.7747477297810225,0.6201661480604217
ENSG00000166086,0.4948685491240912,0.1711902901376332
ENSG00000151502,0.06708709887846034,0.1569797950211466
ENSG00000151500,0.09983068348555621,0.07223349734179094
ENSG00000151498,0.020753383445413064,0.06642800065522901
ENSG00000149311,0.0226639188021757,0.09242388805332462
ENSG00000177030,0.05082935534751446,0.2998630805001661
ENSG00000162105,0.04035531432095661,0.09541692358082236
ENSG00000151503,0.33156645455729755,0.20394651564345548
ENSG00000183020,0.35937525183955776,0.19238691732507335
ENSG00000172893,0.45060579273424683,0.4363911810199206
ENSG00000110074,0.2618175393304075,0.06770350909219094
ENSG00000214063,0.6254876123673327,0.6355585516535851
ENSG00000166337,0.7716331660176664,0.6571589164225502
ENSG00000187049,0.3604437634351104,0.45032396151666065
ENSG00000166444,0.42853383088253816,0.979656707580277
ENSG00000133812,0.010890071139327582,0.07345345337366363
ENSG00000160695,0.3307073747635503,0.5230750439491876
ENSG00000150750,0.3068349835616667,0.14073920052237784
ENSG00000214290,0.42649508671124425,0.1774105439808001
ENSG00000178105,0.031063631685011635,0.09101305357261238
ENSG00000173456,0.07583262118734926,0.17634594499161857
ENSG00000223953,0.5248188566751844,0.23431615245610735
ENSG00000036672,0.0867182632910813,0.05934709651555165
ENSG00000154096,0.9706584467556738,0.5257392185960729
ENSG00000248712,0.5887401552813262,0.1331386299163887
ENSG00000172927,0.09291468638823432,0.15141356708670692
ENSG00000110092,0.37507311161520496,0.5208234921974615
ENSG00000149716,0.8967315352077462,0.8767453511754261
ENSG00000162344,0.2556939534970634,0.4181812340111962
ENSG00000160683,0.014897752685084507,0.01157161158996039
ENSG00000186174,0.2703759657962435,0.7216309252905471
ENSG00000110375,0.16381269225768388,0.39308975109699895
ENSG00000256269,0.13999407844839143,0.1287643153253092
ENSG00000149187,0.22893221070411396,0.4371800972933957
ENSG00000156738,0.04514912962434035,0.15911212195227598
ENSG00000166840,0.008836300696872657,0.01718712117917539
ENSG00000149483,0.34100424339649976,0.4800145362578021
ENSG00000137494,0.04782527247527036,0.09907634228927635
ENSG00000165494,0.04620956971384151,0.18826667019656812
ENSG00000247595,0.2203151316863709,0.20975723722413114
ENSG00000162194,0.059784558099674256,0.1372606379186389
ENSG00000152404,0.024014830656777637,0.11186394573172573
ENSG00000137501,0.011212287491598185,0.10307217507502273
ENSG00000030066,0.008225799639771186,0.02600563808991879
ENSG00000149428,0.9889027315917863,0.8249589098878983
ENSG00000188997,0.0647503031661691,0.18670464233977763
ENSG00000118369,0.21129475436715497,0.2219297418755422
ENSG00000033327,0.04098167988132272,0.3043136266605841
ENSG00000167283,0.6602474030882362,0.6826006803303537
ENSG00000137513,0.09953013749154,0.050338560295384645
ENSG00000158636,0.005386843072862426,0.029016355795511557
ENSG00000180176,0.6077208679534132,0.9123729273234754
ENSG00000183734,0.4470990911008279,0.9221915634590919
ENSG00000149091,0.007343773814177954,0.023126668330665165
ENSG00000167286,0.17837313438083335,0.6843113386964759
ENSG00000160654,0.410521471810148,0.8635914421063234
ENSG00000285827,0.009676695433745988,0.02347750280127066
ENSG00000137752,0.10658271889453777,0.27821994672860934
ENSG00000162129,0.132862539214061,0.21012486628442462
ENSG00000204361,0.02082565130546502,0.08828189828988248
ENSG00000095110,0.004819853625624157,0.04964354184849726
ENSG00000110025,0.15873363589367018,0.24813460045014457
ENSG00000168061,0.24555659257148718,0.41423884420763657
ENSG00000168060,0.47425402487941115,0.5844945431475872
ENSG00000146670,0.3423693296828853,0.424885645166334
ENSG00000162300,0.611309319176477,0.43536153110801357
ENSG00000149823,0.07608473923310696,0.1315966778079961
ENSG00000149809,0.21056057466193592,0.34527459488827605
ENSG00000174276,0.7805487758425065,0.9038954638237872
ENSG00000149806,0.41340197177880555,0.736084970333661
ENSG00000162298,0.904409896672322,0.5542600154913438
ENSG00000149792,0.06707137928299549,0.20380439670315037
ENSG00000014216,0.18696624131697395,0.4612542519621917
ENSG00000184281,0.12199824730673813,0.28886249030754974
ENSG00000137731,0.2143196054598314,0.699763019541023
ENSG00000137726,0.07779280547699566,0.043517456570891996
ENSG00000110324,0.2502405208127398,0.8983195387648344
ENSG00000170955,0.3117146365660409,0.22186183135834975
ENSG00000166311,0.15073089138049883,0.3153655134834624
ENSG00000110696,0.006911496689021313,0.04900412015836904
ENSG00000134627,0.3921015711799205,0.38269683977876545
ENSG00000196371,0.007017588094171805,0.014297521499396344
ENSG00000204710,0.13077771305678282,0.2855852754215906
ENSG00000149262,0.1290991735957122,0.11716252727305176
ENSG00000086827,0.021339841815030337,0.07723963441525569
ENSG00000110400,0.07967658096979616,0.23463179545487906
ENSG00000151702,0.5631770535368219,0.6807834362985865
ENSG00000048028,0.0315232485002452,0.10213413667193899
ENSG00000182208,0.08046264041918522,0.30755011526461074
ENSG00000150316,0.5061803149569196,0.33487293904469906
ENSG00000263465,0.17856744090330773,0.22699710853943908
ENSG00000149218,0.06436005577228719,0.1168316110200151
ENSG00000149212,0.1430491436246092,0.18666040585977756
ENSG00000175104,0.004583599299250804,0.023678972680508874
ENSG00000175264,0.3012192489100055,0.07202447896916145
ENSG00000181830,0.01675703968244678,0.06506050228383917
ENSG00000173715,0.4471965819267836,0.2707994608091687
ENSG00000173653,0.037750614098344126,0.09850489080130694
ENSG00000173599,0.053941489717343936,0.08435824251143557
ENSG00000173621,0.3177810961707319,0.3466335669089361
ENSG00000173237,0.004434054144385062,0.0006262819333173624
ENSG00000137700,0.3603376112935833,0.9776313191136747
ENSG00000149798,0.9254599977370878,0.9765411168785939
ENSG00000162241,0.2664221125766818,0.6015383367890247
ENSG00000126391,0.35467869840951605,0.5373397188842123
ENSG00000173039,0.8100747226581182,0.9323933709335388
ENSG00000023191,0.05883776051723484,0.1833163849625858
ENSG00000006534,0.5177972485569715,0.7332324551948355
ENSG00000110717,0.2635748593004827,0.537555728353651
ENSG00000110721,0.8879713529835082,0.5541211729350717
ENSG00000171067,0.3070943152724806,0.3938659462367392
ENSG00000162337,0.2292378432065548,0.40288530670541844
ENSG00000084234,0.7309006298805478,0.8276756764770818
ENSG00000196323,0.008530058159711754,0.03371943384174959
ENSG00000020922,0.0012583644210245684,0.003807867543062953
ENSG00000168876,0.03203656584764323,0.035986258008983175
ENSG00000185507,0.8470726690783413,0.5499152244860963
ENSG00000173264,0.6955154419017675,0.7903507983403804
ENSG00000137760,0.01939162722006715,0.11353090583225685
ENSG00000110719,0.09897953632624162,0.059716308786454265
ENSG00000019485,0.0005240974374247448,0.0035997536550210446
ENSG00000137500,0.15353491716203974,0.3296186074014866
ENSG00000166689,0.0007171488835187682,0.013177754006743349
ENSG00000149177,0.5812874884333341,0.8189452822252048
ENSG00000149781,0.43959181726162555,0.9732482424318637
ENSG00000167323,0.5459245154508474,0.7784657955988881
ENSG00000132274,0.17278952750676863,0.6167232534429734
ENSG00000087884,0.6311171793161434,0.8800530482371922
ENSG00000110651,0.4760725742333898,0.6771911056180058
ENSG00000110057,0.26575405569296356,0.3106416754771072
ENSG00000254469,0.16813445538833835,0.24712214740882713
ENSG00000137496,0.5154566617155592,0.12801398140143264
ENSG00000132746,0.6237938665851036,0.6331163586990263
ENSG00000189431,0.5928057114874088,0.9735636372895844
ENSG00000165912,0.7844455838403233,0.5393527383409968
ENSG00000134574,0.3156963408833962,0.46599989719014434
ENSG00000134575,0.42651463221066566,0.8775774589296159
ENSG00000025434,0.09595060920798246,0.21608710367097658
ENSG00000149182,0.03838197426383249,0.1424500874388188
ENSG00000110395,0.6941938863235673,0.9213633706418001
ENSG00000168003,0.9798536042872241,0.6513585110144915
ENSG00000150455,0.021713320780168136,0.11132628567891671
ENSG00000110066,0.21465325358808432,0.20385952386832099
ENSG00000149084,0.22295859669498103,0.27626906040547927
ENSG00000187479,0.9384009968545808,0.2524656172822038
ENSG00000148925,0.044159611952300455,0.2032517386539951
ENSG00000197601,0.004281650694805481,0.012147200652309455
ENSG00000137747,0.44746588092394046,0.3126006704627918
ENSG00000133884,0.5954143344638001,0.5055497944903641
ENSG00000166439,0.013530911196642455,0.0850474347028787
ENSG00000118363,0.07331893448945523,0.1939639194575238
ENSG00000162139,0.005043432475170871,0.03225315617423814
ENSG00000170903,0.027212265139639726,0.13378965574418702
ENSG00000182359,0.830479901329903,0.9615568982027088
ENSG00000149313,0.05585819519455419,0.08079967322619838
ENSG00000205531,0.18946936654717783,0.08142004813756408
ENSG00000154146,0.6602770188572482,0.8152035650202993
ENSG00000019102,0.1573830230325778,0.24586384626333418
ENSG00000149564,0.8344390268385766,0.3016235323987648
ENSG00000120458,0.31894421786081956,0.46136301875373664
ENSG00000154133,0.6346596369872718,0.9958960559225247
ENSG00000149548,0.027566344947461456,0.09514755803306763
ENSG00000166181,0.0017302748066376989,0.01208931300972181
ENSG00000052841,0.007576413779572285,0.04122273046085039
ENSG00000176148,0.1916496244798695,0.5639852975185726
ENSG00000176102,0.029565271235333833,0.01720907091312935
ENSG00000110422,0.138719159487291,0.31677412430312013
ENSG00000135363,0.899823931732935,0.4555452276138082
ENSG00000135387,0.006696697086902533,0.04374355189572491
ENSG00000135372,0.10186595623020359,0.10338048586987927
ENSG00000110076,0.08950216134924578,0.12771842061625277
ENSG00000051009,0.0057775664044919465,0.03225588535801004
ENSG00000166313,0.7379862680118598,0.9092161937317804
ENSG00000054938,0.7790618416848754,0.4325821268229568
ENSG00000166435,0.6614923401264056,0.16680251024915002
ENSG00000062282,0.37261871882940867,0.21068513890293109
ENSG00000166436,0.011269766448605391,0.02323211014003014
ENSG00000186104,0.003779501391009181,0.011543735762135408
ENSG00000110680,0.6787253196050691,0.8199725290171336
ENSG00000110321,0.03533077314030393,0.14214801397002655
ENSG00000134954,0.1400053333603204,0.4163720398887113
ENSG00000085063,0.06404373112272763,0.2510876736335849
ENSG00000167244,0.6070925903948291,0.5994701901060919
ENSG00000110723,0.16724073958915936,0.38742478718323325
ENSG00000178202,0.4630730129448438,0.6757368815959559
ENSG00000014138,0.1664156674800541,0.19072880665795736
ENSG00000160588,0.7350263980223865,0.9230775561307069
ENSG00000134333,0.0843562543726718,0.16538071647378344
ENSG00000168066,0.1346751531762349,0.29472398094433855
ENSG00000151376,0.9087477745646921,0.9332719898259746
ENSG00000160703,0.24763419601521816,0.5161888000857252
ENSG00000166959,0.05685043013139038,0.08943042868516679
ENSG00000149090,0.7279892371242778,0.621102084335607
ENSG00000110514,0.13766670492080135,0.494229492210843
ENSG00000110713,0.02087859788061898,0.07889241742153238
ENSG00000133816,0.018426678342820326,0.11599357410677397
ENSG00000180423,0.006457644691222861,0.025830197457421385
ENSG00000175224,0.010923426081391224,0.07725834198046089
ENSG00000175220,0.7755931284678762,0.8088014621921327
ENSG00000175213,0.02796264871945075,0.1230363362416764
ENSG00000175216,0.03799535141421142,0.07496463919396132
ENSG00000134569,0.030306588896051763,0.03885781335841775
ENSG00000073921,0.14966078249455828,0.3730343884846209
ENSG00000074266,0.17516625946336345,0.34329960205560506
ENSG00000150687,0.22971520683205082,0.5421310489160887
ENSG00000174804,0.8780731228065208,0.4926719353242939
ENSG00000135378,0.0041907822813070554,0.029414921928337577
ENSG00000060749,0.0049842568651021915,0.018023601082161767
ENSG00000121690,0.44766673229045817,0.48697982109646354
ENSG00000167770,0.27249889394819016,0.15213792133790618
ENSG00000174775,0.49258008666863173,0.5977538549622944
ENSG00000141258,0.9906854146894796,0.7565779956139346
ENSG00000185722,0.07115218373941914,0.19711238743992213
ENSG00000074755,0.01130406389415062,0.01979752641640552
ENSG00000167193,0.03579391891870478,0.08886228803428727
ENSG00000129195,0.3885855047928737,0.42517614146032234
ENSG00000004660,0.054015964335736265,0.02775282927078883
ENSG00000187624,0.07530556288076158,0.05081918739269384
ENSG00000091622,0.05436131705261249,0.20176404010786925
ENSG00000256806,0.06408298464355396,0.013643966534256707
ENSG00000074370,0.01493744517681588,0.08492496378534416
ENSG00000171953,0.2326236933809459,0.3407690332084021
ENSG00000129235,0.42890412149251866,0.11491430580216569
ENSG00000198920,0.037632020551298356,0.09183283229786136
ENSG00000181350,0.0018111707544032393,0.006886941107791606
ENSG00000074356,0.013121134960933794,0.01639467067741188
ENSG00000189152,0.382437511057822,0.2637731697087147
ENSG00000109046,0.009303586056210969,0.05937042750471032
ENSG00000133027,0.2974153526711055,0.0943381023023236
ENSG00000108590,0.3922096962017495,0.3402444865148957
ENSG00000124422,0.8432102200040882,0.5770684286872305
ENSG00000091542,0.04267679344946578,0.1641189473206598
ENSG00000108591,0.09277820638925495,0.08277226642101675
ENSG00000274180,0.6028016996878027,0.9726281363798946
ENSG00000108582,0.09636560616840764,0.14917700269608572
ENSG00000108578,0.248132630548731,0.21680671944025173
ENSG00000198783,0.03076300815470928,0.039717658403065154
ENSG00000126653,0.19872239834963765,0.2115519753455787
ENSG00000167693,0.3936610522651709,0.13753363642175115
ENSG00000141034,0.02279324706917279,0.04657551122529446
ENSG00000006125,0.01353260349632251,0.05120013294815581
ENSG00000132141,0.023573103463218996,0.02758308741275856
ENSG00000141127,0.06453988054518532,0.049341748757537815
ENSG00000276023,0.024871559912515783,0.0508283980052086
ENSG00000005156,0.025243130024506927,0.045224588747762154
ENSG00000141738,0.9884374597118776,0.8324386883124115
ENSG00000278540,0.4138282949794857,0.3028652910991867
ENSG00000094804,0.02012397054749085,0.020565678692024348
ENSG00000108344,0.018734887622769425,0.03148886527727105
ENSG00000161405,0.028582068135295107,0.0946663323448802
ENSG00000161395,0.6654207600812949,0.9476103677960477
ENSG00000171475,0.039049370215721954,0.07515375729806648
ENSG00000108599,0.10728783215165491,0.052831193384274444
ENSG00000276234,0.24563408539667375,0.086253174462598
ENSG00000125691,0.3861431091740355,0.31810869944731235
ENSG00000131771,0.6078360250529419,0.6116840787474803
ENSG00000183153,0.08771609415440489,0.05068151600500916
ENSG00000108306,0.0061798949321064615,0.01011450716867798
ENSG00000141741,0.34400266200736973,0.812787633336748
ENSG00000108576,0.29333088383384476,0.229719062195617
ENSG00000188895,0.019406779886963873,0.05293116417482901
ENSG00000131759,0.5444682639486197,0.28603247422849437
ENSG00000126353,0.17206726114991902,0.29879943578393786
ENSG00000141744,0.1418686166820737,0.3530047052331352
ENSG00000002834,0.03251233154299837,0.09742758140317527
ENSG00000167914,0.46169480254522477,0.4723585970511932
ENSG00000172057,0.91673145708066,0.8853556051003093
ENSG00000131746,0.17457458974223616,0.4549663836953469
ENSG00000172301,0.35906380467222543,0.6760371355170789
ENSG00000186566,0.045784603244486785,0.15811453984894103
ENSG00000131471,0.09036430803817724,0.011942752108820943
ENSG00000188522,0.008244855253848058,0.003194163237517863
ENSG00000131748,0.3404104461441926,0.4187287104130589
ENSG00000125686,0.029995322555001074,0.05758068232659293
ENSG00000141753,0.9984460347405553,0.953881408780309
ENSG00000182271,0.18106178659241942,0.20081333049784741
ENSG00000126581,0.06707270732680437,0.08091785412807735
ENSG00000183688,0.905953439298559,0.5296622232612842
ENSG00000126562,0.03758587789585977,0.09198450566346536
ENSG00000229637,0.8074005961576052,0.7416882633848518
ENSG00000108848,0.5673968009974297,0.833555540010102
ENSG00000132530,0.2535809353106805,0.4969298224864851
ENSG00000159182,0.30103413925458006,0.9290797984291992
ENSG00000108349,0.01156773312252995,0.08489284357763237
ENSG00000167183,0.25095862244238104,0.3170924473841766
ENSG00000126368,0.6114534133000429,0.5846017379509254
ENSG00000108651,0.41074845014389616,0.9424338545847819
ENSG00000154945,0.29306522035359056,0.52819136364437
ENSG00000108465,0.7705559683147596,0.6642993735382073
ENSG00000108798,0.5001893544934641,0.6234707782634861
ENSG00000159202,0.14222091663751601,0.3702645043069607
ENSG00000189120,0.4161050839003628,0.3921862980991878
ENSG00000183978,0.3415282775317234,0.06209532581481835
ENSG00000167083,0.4921881219792621,0.7480154573096718
ENSG00000005243,0.6374626313653554,0.23574191681675585
ENSG00000108846,0.04058305178620958,0.10531836641734808
ENSG00000005884,0.30365199954991345,0.3563429249598654
ENSG00000073584,0.09497248355288364,0.17836896287591278
ENSG00000011260,0.01395896128887737,0.04467933114742107
ENSG00000108423,0.25601489444017217,0.31900996606424625
ENSG00000108443,0.3561062488765039,0.6400435254113336
ENSG00000011052,0.7710901267318042,0.8837624610665414
ENSG00000189050,0.06517756451756246,0.12983255312315173
ENSG00000121068,0.5656633699559324,0.945197111153729
ENSG00000108984,0.06365089633205082,0.15285106192905973
ENSG00000154229,0.7551455411517185,0.6095970263150963
ENSG00000141198,0.0024591712301091917,0.01002320137925196
ENSG00000064300,0.18381164134999578,0.19452928099206523
ENSG00000141232,0.16039942354404307,0.19639079516207306
ENSG00000075461,0.49957963126363414,0.612332940672323
ENSG00000159210,0.03727007922745056,0.07720303357806753
ENSG00000198265,0.05223673891013776,0.1570344736427336
ENSG00000166260,0.0007296483692127303,0.0012969717949973046
ENSG00000108468,0.26791851244387366,0.4893023709154515
ENSG00000108510,0.25975757457270743,0.5228229010772892
ENSG00000082641,0.22678850866688452,0.5557561134669735
ENSG00000108671,0.14399900459680243,0.2652607550198282
ENSG00000034152,0.6069815458167127,0.23403099118002266
ENSG00000141293,0.5673581457585573,0.9167781048462309
ENSG00000131747,0.8953168673796795,0.24770072410449046
ENSG00000167434,0.02089445147509585,0.029554478306792985
ENSG00000159199,0.2889905359334386,0.19648343839980348
ENSG00000120063,0.14040001889732354,0.33941807341349434
ENSG00000169696,0.1848223817958464,0.9241323665994718
ENSG00000141570,0.04657087580067399,0.0746261064232153
ENSG00000159217,0.656793952985802,0.4624156425654765
ENSG00000062716,0.038440129256615566,0.04545118910299443
ENSG00000011258,0.010847251288334627,0.03168108104360858
ENSG00000170832,0.6784243049593895,0.8267292029801019
ENSG00000267318,0.2246626908831124,0.316351441138833
ENSG00000141568,0.6259533111836142,0.7019068929211167
ENSG00000154265,0.008772816104530904,0.03416140338537437
ENSG00000166263,0.052556671242005706,0.12589333223960134
ENSG00000141179,0.02744627989176011,0.061043794283722204
ENSG00000141298,0.5132246406133305,0.14416858130330912
ENSG00000180340,0.7769257521888273,0.87707243970059
ENSG00000266967,0.7643471213830064,0.3401076979220213
ENSG00000108825,0.287058794727677,0.17584014833152045
ENSG00000130935,0.021628624528719977,0.06611441139697984
ENSG00000070540,0.4840155026040883,0.7370933880923167
ENSG00000072210,0.40263721982216594,0.07292442376654912
ENSG00000108602,0.8612927274495874,0.7149499799978256
ENSG00000083290,0.3381359768257018,0.6307513388462878
ENSG00000181610,0.03527733830932315,0.05086033007524459
ENSG00000171916,0.00017554730379280926,0.0005283630345709708
ENSG00000171928,0.362275613681758,0.40760883826031835
ENSG00000161956,0.0978816588488512,0.1357673425066664
ENSG00000129226,0.14223279430513602,0.2901403462132652
ENSG00000129255,0.13171141856779722,0.16366981990013618
ENSG00000141504,0.32062244881345453,0.1334685254422329
ENSG00000109084,0.0759341108544899,0.12301415466020235
ENSG00000109079,0.09704167311410694,0.2517921012015878
ENSG00000004142,0.17651571419253287,0.16649510244017732
ENSG00000244045,0.21708018087577027,0.1725945948558557
ENSG00000197879,0.4067244098033983,0.6600336668403672
ENSG00000132376,0.23262795753107293,0.34289405415621105
ENSG00000167705,0.07997353762103095,0.11899226093517692
ENSG00000185561,0.008053433285512147,0.009583006925270799
ENSG00000167711,0.7117137377413817,0.5352191670684544
ENSG00000132386,0.99915970330333,0.5141415281704089
ENSG00000186532,0.015525168436533933,0.031787812355659924
ENSG00000132383,0.042754022233043025,0.10194786987722032
ENSG00000125398,0.8367583304192485,0.8074164221691047
ENSG00000121067,0.3604380437966521,0.6790920545425568
ENSG00000121073,0.2566477278263462,0.24361887848543087
ENSG00000121104,0.7633592585303334,0.854614141559043
ENSG00000064195,0.676966176452211,0.7758883461077662
ENSG00000141577,0.8190336743042073,0.8588748725709654
ENSG00000224877,0.953426053766878,0.6404573519163943
ENSG00000157637,0.3440770581210125,0.6350668161259091
ENSG00000185504,0.17613504131456634,0.11044967642425207
ENSG00000179598,0.5589058526087003,0.5154544169374455
ENSG00000154803,0.1480631894664887,0.31723034653615656
ENSG00000141030,0.15937237179300554,0.0745309866938067
ENSG00000141026,0.019326925211417774,0.02809890588992316
ENSG00000108551,0.19852257002750495,0.4743566111862214
ENSG00000131469,0.1790153062011007,0.1355650411679789
ENSG00000167080,0.13848210981768144,0.20365391750773856
ENSG00000068079,0.2645804940717497,0.4146087129449454
ENSG00000178307,0.3180533952050977,0.9690611141192959
ENSG00000108774,0.029819033129996474,0.12148587015073589
ENSG00000159184,0.1911003872101284,0.9606170264890137
ENSG00000182575,0.042869027576367624,0.02022658384665604
ENSG00000167258,0.006963305708303732,0.022507037171912072
ENSG00000108439,0.03536232787779223,0.06407957362529101
ENSG00000167740,0.14492426315446655,0.12000032752611123
ENSG00000167703,0.2314848236464315,0.44343928068499794
ENSG00000108342,0.7818678632907882,0.9277123708533269
ENSG00000126351,0.14914355791645947,0.09048479120278738
ENSG00000133030,0.8954011877467112,0.8056682369280234
ENSG00000187838,0.7813234996789304,0.660582691779568
ENSG00000205544,0.37791227934856386,0.10368612250004218
ENSG00000169992,0.8574315399307826,0.4332937063496495
ENSG00000181284,0.013630942229350459,0.030464044861511958
ENSG00000170175,0.25424410584535845,0.21350867061954998
ENSG00000167874,0.016318860479132263,0.006959635791379971
ENSG00000182224,0.04980249037759337,0.12069573229703383
ENSG00000170043,0.3258404455189083,0.9536972755265722
ENSG00000170037,0.45738496673812556,0.7414745697024296
ENSG00000179593,0.5135996739122065,0.7900340493505472
ENSG00000179094,0.12388992102774028,0.208702676283292
ENSG00000263620,0.6414628804396247,0.5614807183865844
ENSG00000220205,0.43250798672271384,0.7285079767798515
ENSG00000179029,0.894589312512194,0.8801727353705099
ENSG00000196544,0.15805018291025286,0.16380002782703132
ENSG00000178999,0.44852424082550757,0.18270701633457104
ENSG00000178921,0.07405503236721296,0.0539478473531757
ENSG00000125434,0.6352206298066099,0.1279391253718994
ENSG00000108961,0.7388788544609821,0.13075790609212673
ENSG00000198844,0.7965806573808287,0.27574883621876234
ENSG00000161970,0.03392479289985418,0.09075204812243279
ENSG00000185156,0.004117509947999776,0.0007986797796612015
ENSG00000065320,0.09048688879027249,0.19873947220614885
ENSG00000170310,0.6453740506625973,0.45615460918433737
ENSG00000154914,0.20026440549732955,0.08785581456400997
ENSG00000133028,0.02707927864223946,0.035594330829945474
ENSG00000170222,0.2920206529953238,0.46923541675875535
ENSG00000187824,0.7528205685728724,0.8346874063751485
ENSG00000188803,0.7457723145229269,0.20266377854390197
ENSG00000154957,0.14525894775785697,0.09677716664541496
ENSG00000065559,0.1481802472860256,0.19228943558869088
ENSG00000006744,0.03604695770032941,0.10232430442289812
ENSG00000153976,0.5413716214774078,0.8637763543819016
ENSG00000006695,0.004392694808652635,0.007698465983979444
ENSG00000161542,0.022940651302557406,0.04597679804068595
ENSG00000176170,0.5353453633669903,0.18278962172943025
ENSG00000175931,0.13932614388891493,0.1636359285095365
ENSG00000161544,0.9806831609175967,0.6166505501161753
ENSG00000284526,0.6185863155393098,0.957784957648331
ENSG00000070731,0.22141348344774617,0.23318377219746242
ENSG00000070526,0.007983170899510146,0.08473222900255055
ENSG00000161547,0.03989664642562778,0.0526831822588776
ENSG00000129667,0.805765863395018,0.8850172807637928
ENSG00000129657,0.034067745349026055,0.13869827073201954
ENSG00000180329,0.05881973955918289,0.06025024133980795
ENSG00000182963,0.7904852219780036,0.30669487955568103
ENSG00000131097,0.06251309097759235,0.005871446658313589
ENSG00000108883,0.04900816084436828,0.04995905076786057
ENSG00000167131,0.005686010996726434,0.025161333731126004
ENSG00000186185,0.16072596001465034,0.13907779952689114
ENSG00000173762,0.13967273753794343,0.7441089353699057
ENSG00000141574,0.9251706866759257,0.3961605412487722
ENSG00000181396,0.23523549965049262,0.413705716687057
ENSG00000109099,0.949159336407547,0.4779074226139284
ENSG00000132507,0.4696354990787569,0.09946644064257823
ENSG00000132522,0.6995795327957974,0.8810439827596416
ENSG00000215041,0.02004698091278933,0.06111295496298631
ENSG00000072818,0.7133512596668478,0.5938774628539867
ENSG00000174282,0.5776170321291791,0.8772410783233919
ENSG00000166484,0.556458287708401,0.4321667408595594
ENSG00000166482,0.7168327659597293,0.2986805397479667
ENSG00000204237,0.37040463328904927,0.7352588226326081
ENSG00000185298,0.28957920880635435,0.2869082598395104
ENSG00000262814,0.28500740954925163,0.15208310189524848
ENSG00000183048,0.4595664523053975,0.09694628353794647
ENSG00000108469,0.021901412784930227,0.007605403711587761
ENSG00000259120,0.04785436388364112,0.038951314989199626
ENSG00000161526,0.30840119111746994,0.4370618003718635
ENSG00000132475,0.23373711524349558,0.2607958715630908
ENSG00000132478,0.13443089451971368,0.11838220064497035
ENSG00000132471,0.5550146956527771,0.5821276446056698
ENSG00000132481,0.19449886782098136,0.3387528515133371
ENSG00000141569,0.22687062748336745,0.3957521925719798
ENSG00000204316,0.3922582696727511,0.1265381272643182
ENSG00000257949,0.006396050466511434,0.010980721019287628
ENSG00000167880,0.5937783151445948,0.46908422032024655
ENSG00000167881,0.029530869863039308,0.12359912935009713
ENSG00000070444,0.03848474134227576,0.11629982379310849
ENSG00000127804,0.005890235754338718,0.030299236503784185
ENSG00000007168,0.10483418438172244,0.27493162933968307
ENSG00000121058,0.026307107938079603,0.0322258435318634
ENSG00000121064,0.9138397484958533,0.8435815101640021
ENSG00000121057,0.007009779370004634,0.018793074694527265
ENSG00000153944,0.20528165642232796,0.4027623940174029
ENSG00000180891,0.343054617777656,0.6038218154164114
ENSG00000136451,0.06213241306947083,0.21566551311482396
ENSG00000136450,0.09574900153024057,0.08820843698119299
ENSG00000264364,0.5070097929605972,0.5516167176184769
ENSG00000167117,0.18899022348352248,0.033380386122753
ENSG00000243678,0.6634969472679915,0.7372344088431677
ENSG00000002919,0.17850136084622242,0.3881937745738634
ENSG00000108352,0.1143915063900347,0.08145093641267745
ENSG00000166579,0.0522010000075734,0.16637257673345343
ENSG00000198740,0.0715657652385468,0.22546683331411285
ENSG00000167716,0.9852943351144151,0.7027382953103938
ENSG00000136436,0.0158748461390451,0.07728613636686404
ENSG00000070495,0.04689809919043632,0.0998311445808632
ENSG00000108587,0.016271409161279827,0.03961433920166326
ENSG00000175662,0.23352245763015694,0.3404702459822719
ENSG00000169660,0.9264373954788312,0.8122616591299029
ENSG00000109083,0.23998948374871548,0.2392077729633306
ENSG00000239672,0.5323525131846286,0.38560298931630443
ENSG00000141052,0.1084112453563021,0.02792810170213519
ENSG00000154016,0.1515901607802374,0.37361325938125056
ENSG00000181038,0.15839939400968112,0.1095501281336922
ENSG00000011143,0.0034605590297396497,0.0169165080632924
ENSG00000004139,0.3686942949814631,0.41732357523470254
ENSG00000076351,0.12108462870137315,0.22021082930888194
ENSG00000109103,0.4138574118793661,0.4062536486495487
ENSG00000109107,0.6347366582493859,0.7327714676799024
ENSG00000076382,0.8693160444507066,0.8337341356141457
ENSG00000007202,0.09254734744970933,0.24410351476214853
ENSG00000132581,0.4116883761172473,0.5692162798266578
ENSG00000109111,0.17607445977839647,0.3808682459184284
ENSG00000109113,0.9707867366636759,0.41089490553786634
ENSG00000198242,0.4155630090117206,0.49045026878854237
ENSG00000160606,0.3649806622921763,0.537388637874239
ENSG00000160602,0.7239998026504082,0.7529774549633712
ENSG00000123700,0.8531486046350882,0.7150598893956032
ENSG00000182473,0.12214949060426687,0.2125337826858469
ENSG00000129654,0.6932266838507246,0.3779553574258392
ENSG00000182628,0.5118523289739825,0.7797109379601834
ENSG00000068489,0.12147101505720705,0.17890669821665076
ENSG00000265303,0.04723411616879365,0.07569997557042145
ENSG00000108963,0.0027722301615232354,0.013886655616749358
ENSG00000262664,0.5686377736227666,0.2604215290453478
ENSG00000177374,0.8253631818644376,0.28492295597570744
ENSG00000070366,0.09395664679435127,0.33596522307994
ENSG00000167720,0.13745051787593765,0.08523902132779844
ENSG00000167721,0.041653230386958506,0.0610261961614592
ENSG00000008283,0.35377276508238276,0.8611894359586363
ENSG00000159640,0.666983103327052,0.4840864518068472
ENSG00000198909,0.7864535112502694,0.4561194167492959
ENSG00000136490,0.5850239117258622,0.6754110601798144
ENSG00000108424,0.007537663276033254,0.022288647937721767
ENSG00000006025,0.013251477367490588,0.003478203604251089
ENSG00000159111,0.11011469267393961,0.1393788906458217
ENSG00000141295,0.35072653321115566,0.17115696250774448
ENSG00000182481,0.23603228490499087,0.3022886900759442
ENSG00000261371,0.4790202759534443,0.8360301997720214
ENSG00000271605,0.5809402183109519,0.8271702478888359
ENSG00000256525,0.007826818050105749,0.021129411585143296
ENSG00000108854,0.019546673041272528,0.0769502211440852
ENSG00000108654,0.14842385507213965,0.22897326729581194
ENSG00000185359,0.41805344031752156,0.7732149197733547
ENSG00000161714,0.31389741710212554,0.10683846922368778
ENSG00000181513,0.32027249604307284,0.06431672422251371
ENSG00000186834,0.8155060513818607,0.6236083272096062
ENSG00000136448,0.020286514874252967,0.08317108333006731
ENSG00000161381,0.5903928387388175,0.7607183525840606
ENSG00000170190,0.10096657143028814,0.1122264487560934
ENSG00000125449,0.15848984702607372,0.2501620597781961
ENSG00000125458,0.8291853712385783,0.2487249478533018
ENSG00000189159,0.20236109190701446,0.10834618967094002
ENSG00000188612,0.08466665914713892,0.1578961108182552
ENSG00000125450,0.32262328959210923,0.12892071117741077
ENSG00000125447,0.06450665584352762,0.11805187624633144
ENSG00000125445,0.04777557260754178,0.051213987000148974
ENSG00000125454,0.5590642285898835,0.5116450956452758
ENSG00000177885,0.15893964188601595,0.2669195960692013
ENSG00000108666,0.025677393841818802,0.02301797319879417
ENSG00000108298,0.13852451485759265,0.05649270378693275
ENSG00000183018,0.004390184038988343,0.012747055441705945
ENSG00000132382,0.04357499300868446,0.0846692019139531
ENSG00000167741,0.2252505942004097,0.3629677346088507
ENSG00000188176,0.2619575865902029,0.28361809761287105
ENSG00000161905,0.19104236459295704,0.2637477376398187
ENSG00000141456,0.7947143657830708,0.8933684053865953
ENSG00000141480,0.22913876594968557,0.4318533538562018
ENSG00000161920,0.7880729538231102,0.4407155217638613
ENSG00000141497,0.18893907426574066,0.2629275905512992
ENSG00000142484,0.27391696110414865,0.3721363261400077
ENSG00000182853,0.8564267870054797,0.3980535392351462
ENSG00000142507,0.80031043189296,0.5290849534243109
ENSG00000129219,0.3357063731832482,0.28082902697721346
ENSG00000141503,0.022377844861405823,0.07974075748292038
ENSG00000108784,0.0468455644569976,0.04394400978259552
ENSG00000108786,0.1713599245616493,0.20741185206566906
ENSG00000068120,0.06144814441309555,0.0970698722530638
ENSG00000131470,0.29962067517912894,0.5026938570489687
ENSG00000141699,0.6676985391087009,0.6156358560144083
ENSG00000037042,0.27588263328369605,0.39548952767478107
ENSG00000068137,0.07116172930025047,0.38475087708728073
ENSG00000167900,0.4585296688640089,0.22778227844884322
ENSG00000089685,0.2057112261895405,0.1135817976747305
ENSG00000177469,0.1819407188765155,0.02791065300876193
ENSG00000168610,0.09079668742268046,0.2764657943538237
ENSG00000167925,0.015220240535542974,0.018627805754725942
ENSG00000010244,0.14077780736795373,0.21147291343756622
ENSG00000132361,0.03539838574384169,0.021217913182884483
ENSG00000240445,0.01468098688380744,0.022452352667470622
ENSG00000125457,0.047637204441480056,0.07607580448153561
ENSG00000186665,0.7503334854603618,0.40345501161862185
ENSG00000141736,0.8157434179811479,0.8288434178900473
ENSG00000108639,0.61849202395515,0.7647211814292932
ENSG00000141376,0.17618247280592583,0.28231783652527137
ENSG00000108788,0.01734579126847302,0.029939873131678753
ENSG00000007237,0.7413527673237341,0.39321921853312536
ENSG00000006062,0.004181520320557535,0.045315585819768314
ENSG00000186395,0.8104064166036187,0.4652552095876402
ENSG00000171431,0.07457294317392268,0.04971162114818316
ENSG00000108244,0.4377354173664756,0.7368628666579158
ENSG00000108622,0.3733056264516691,0.8404489518777585
ENSG00000178607,0.028125373057551584,0.08182807808857959
ENSG00000141526,0.6564125210161437,0.43868903836853557
ENSG00000161653,0.4795648854060449,0.7301775689706254
ENSG00000091947,0.07082723060786855,0.11476033703881974
ENSG00000161654,0.16233918964503502,0.21717095483149007
ENSG00000125319,0.1487988543163692,0.0810158237656373
ENSG00000161664,0.05497539892077614,0.04890798634309027
ENSG00000168591,0.07214735687466058,0.08694971190219616
ENSG00000275700,0.12104203148964143,0.11237743767201448
ENSG00000225663,0.5835198436602417,0.5166532468559708
ENSG00000141522,0.7025616366212487,0.4608324986032296
ENSG00000183684,0.13762855100844718,0.09565264897794401
ENSG00000141552,0.6737021330072025,0.8754522514016829
ENSG00000185813,0.7665489297006105,0.9458146882061629
ENSG00000187531,0.5636371071907763,0.8356886625049997
ENSG00000197063,0.18876452977802977,0.3920624088649052
ENSG00000183010,0.06543128919150486,0.1163899365588678
ENSG00000185105,0.6928051545917642,0.44345972707049885
ENSG00000185269,0.47426972207881113,0.975726977601718
ENSG00000184009,0.04841236738467462,0.08388616079722322
ENSG00000185624,0.2412142497204454,0.43044030649125375
ENSG00000131462,0.5799246739043289,0.34244503013211003
ENSG00000108797,0.1031221252661419,0.07290228408558398
ENSG00000108799,0.16423500155052398,0.3111559382054672
ENSG00000131477,0.29593570919542506,0.19239583849979716
ENSG00000131475,0.008305288284647308,0.010769414854221303
ENSG00000167695,0.0017512478766422486,0.006242823738312409
ENSG00000179409,0.0030326199190428504,0.006673712911955391
ENSG00000171861,0.10087943557490182,0.06576786040983279
ENSG00000092871,0.002554283545074127,0.01804043913099311
ENSG00000073536,0.0037616319144302833,0.007924895659375687
ENSG00000166750,0.8355824890762602,0.6482368417472479
ENSG00000185379,0.04121205799557419,0.030815144538323742
ENSG00000120071,0.19811735612824025,0.39962281899619323
ENSG00000141252,0.043629158497824415,0.017690795277876502
ENSG00000214087,0.7766268809173111,0.3846142306739645
ENSG00000141576,0.8712167683590697,0.9831716387934449
ENSG00000185262,0.06685691889647799,0.10305566636814127
ENSG00000132510,0.324046792461245,0.441059834550082
ENSG00000141337,0.09517703354247048,0.21280657751847046
ENSG00000196704,0.0543917092695349,0.1359448758668007
ENSG00000177303,0.4123220684104668,0.5045210820026056
ENSG00000182173,0.2813336324820177,0.20107833983167184
ENSG00000073350,0.049402133083212216,0.04515727945543817
ENSG00000126858,0.14338666877251177,0.3015569637870525
ENSG00000126561,0.045548884281044526,0.21877434106772084
ENSG00000213859,0.7623764402037214,0.9597783949272305
ENSG00000167447,0.030397846687681564,0.12739415396438952
ENSG00000204323,0.28397445047212216,0.4074929114708077
ENSG00000179859,0.4711846513159865,0.3885653733485821
ENSG00000184640,0.32757278510834054,0.24646982346355747
ENSG00000176108,0.03291863204220405,0.053134910499560005
ENSG00000181409,0.16312195862720982,0.14451047081807153
ENSG00000167302,0.5242390228450905,0.5254016517756877
ENSG00000108479,0.5224681973764946,0.22611486724258298
ENSG00000177370,0.6013143930819578,0.43674134564163714
ENSG00000108953,0.06666091882635142,0.131072848779507
ENSG00000159842,0.023614290448924994,0.10879514392519277
ENSG00000214226,0.024588584824716334,0.13425963209353076
ENSG00000153933,0.030173256433396408,0.04170941621482118
ENSG00000121060,0.03733787736599504,0.11560958039050043
ENSG00000141580,0.17143870299786107,0.349841573630157
ENSG00000141542,0.8180911500019805,0.8431611624287176
ENSG00000141560,0.8010427016501287,0.46496128445043516
ENSG00000167363,0.739169239661928,0.8282141643420345
ENSG00000141556,0.32178639798576236,0.3474673648656871
ENSG00000176845,0.13307112460165557,0.10710640636218054
ENSG00000267060,0.37347008582032304,0.9536057522936237
ENSG00000005882,0.11212188672173613,0.24390247897927653
ENSG00000108819,0.5227967779382627,0.21090983717843334
ENSG00000108821,0.6216995952482397,0.8537703272538357
ENSG00000167105,0.23727457570550614,0.13724190208337098
ENSG00000015532,0.43033928586807524,0.8962114447454639
ENSG00000108826,0.9347956211228554,0.7858435883327188
ENSG00000154920,0.04414491393843481,0.031128193346532534
ENSG00000108829,0.06006132688043032,0.09762762155420747
ENSG00000108823,0.04252900425930477,0.02272082264627113
ENSG00000087995,0.020575761509335058,0.031859530415664174
ENSG00000011028,0.6866783803710351,0.8787055324884482
ENSG00000146872,0.029491783139652852,0.1415133065863501
ENSG00000013306,0.636597875865958,0.724269594651567
ENSG00000030582,0.7195596853598678,0.6164444425590847
ENSG00000275066,0.10982661321697265,0.14691371144314502
ENSG00000278053,0.3046824273036843,0.05453936963846147
ENSG00000275410,0.25407481941250515,0.11240697666270978
ENSG00000132591,0.4252372838291164,0.19853909481353005
ENSG00000167536,0.5820895100463314,0.5599058337941902
ENSG00000109118,0.17289016829937734,0.3123659563206442
ENSG00000161513,0.8832085743529714,0.6715295440419083
ENSG00000172782,0.3708959826842877,0.17635268220661496
ENSG00000167861,0.191854268934286,0.31117331482496974
ENSG00000109089,0.7867533903934796,0.5981399377078149
ENSG00000167862,0.09986280860298796,0.08652602834086465
ENSG00000167863,0.7250641364831238,0.41100272343068633
ENSG00000108506,0.05597882790470339,0.10645506582401282
ENSG00000108389,0.0030024033793310994,0.012045445934346512
ENSG00000136492,0.03707314414059215,0.04500573360923291
ENSG00000219200,0.4458164188136282,0.8968151263038584
ENSG00000258315,0.7613574928315707,0.8973858506585913
ENSG00000161940,0.8041456319510256,0.5263143850457768
ENSG00000174327,0.5909812931959344,0.5170782508758774
ENSG00000132514,0.3342697638862964,0.9188144644229275
ENSG00000141505,0.6984499398696566,0.6771031335512392
ENSG00000132535,0.416166194206405,0.08370029123551934
ENSG00000072778,0.6934980870413212,0.5275164308587299
ENSG00000004975,0.2410609407858555,0.35139672992784676
ENSG00000040633,0.31700604136913013,0.2961487280632496
ENSG00000170296,0.585434792197556,0.7558073906893854
ENSG00000175826,0.174388013389704,0.255843063355449
ENSG00000181885,0.004277055720675372,0.011373288631823233
ENSG00000006047,0.04213132165592884,0.24409299739189427
ENSG00000270885,0.748591223522063,0.7313297577898149
ENSG00000271447,0.3343585566977211,0.44039394008850763
ENSG00000271503,0.5469458559137079,0.7446616560415219
ENSG00000168792,0.20506464574152877,0.30945229753792597
ENSG00000167543,0.5055123334058732,0.35426069571512975
ENSG00000108262,0.2586937064478457,0.2743591594532588
ENSG00000198720,0.16133969393311584,0.342616295076002
ENSG00000173065,0.4592303693583416,0.5968984482740939
ENSG00000179761,0.6755561734148645,0.27809543490819416
ENSG00000108387,0.7099045358191569,0.3489375706259723
ENSG00000182534,0.6628873866437535,0.7797378752750947
ENSG00000175866,0.9268739841807103,0.9474404332954157
ENSG00000132388,0.04716877592663813,0.10392562627610791
ENSG00000183011,0.7750439488117836,0.4184992647783998
ENSG00000108395,0.07319784888118544,0.21702872159405076
ENSG00000153982,0.029110852579766984,0.014262138155481508
ENSG00000175155,0.20647899476738713,0.6393905733538481
ENSG00000161955,0.2789293007896463,0.26226562888498695
ENSG00000170412,0.6356240152819329,0.8478102224096213
ENSG00000167851,0.8352726382356735,0.4759180883857552
ENSG00000167850,0.8215743318170579,0.32280136939228027
ENSG00000169733,0.5968076425633938,0.5400129089553137
ENSG00000169718,0.4583673319819177,0.22849226195659147
ENSG00000169710,0.2168241443290261,0.31860193577137086
ENSG00000141506,0.4142421101097775,0.7646198811744148
ENSG00000108840,0.18283760235265925,0.39572154650646163
ENSG00000072310,0.5405404556055469,0.6760026293849488
ENSG00000176809,0.06437792219890134,0.047652904439131914
ENSG00000073605,0.7679789145176199,0.8370641861033192
ENSG00000204889,0.7949985759311831,0.26023951616987134
ENSG00000221926,0.006726911153166116,0.02286993414041142
ENSG00000187607,0.04892766643884308,0.052088857474496805
ENSG00000184060,0.7662683979104736,0.385192998373335
ENSG00000181481,0.3583999086878268,0.5785876229474718
ENSG00000174292,0.015355271551426738,0.008431578397455048
ENSG00000172123,0.03655764675475145,0.21056575743345987
ENSG00000154760,0.5200655160076307,0.8017612844824795
ENSG00000172716,0.5907132638674274,0.941141025263946
ENSG00000171346,0.34610830694344896,0.2300273909946908
ENSG00000171345,0.10526097718323378,0.05376846175672847
ENSG00000186832,0.21942546767113064,0.370166442842786
ENSG00000173812,0.0423404274194536,0.11274417407783408
ENSG00000172809,0.2316071977307831,0.14214279662554188
ENSG00000141540,0.4808893103389782,0.7439579729427945
ENSG00000108679,0.21946538680025027,0.4323657959521543
ENSG00000171302,0.04941566722446597,0.25562288929488225
ENSG00000173918,0.8529260914574147,0.29017292480919005
ENSG00000167280,0.006947868256366245,0.012795935565562126
ENSG00000173894,0.7500061445003373,0.7723033329208104
ENSG00000133026,0.4670612297358777,0.6822732629868915
ENSG00000185862,0.21934210043900493,0.8199451362969745
ENSG00000126860,0.5057768936286429,0.748466982517578
ENSG00000131242,0.012496224349734906,0.03368857336789777
ENSG00000274512,0.5244874663980832,0.9529123936174022
ENSG00000092931,0.08377672287739134,0.09171457003511392
ENSG00000179314,0.0924958528066734,0.2039457597185198
ENSG00000062725,0.08042489818169647,0.29903851789078095
ENSG00000108474,0.029415315881925645,0.0061438730580549855
ENSG00000166582,0.05587197644997592,0.05211507632350414
ENSG00000170315,0.09965044132302313,0.12213516614393433
ENSG00000187688,0.7576018638001095,0.2514609321509903
ENSG00000108946,0.34093711664485365,0.7611771920720504
ENSG00000178502,0.26942140791190905,0.18923815875778377
ENSG00000131473,0.07184552871182372,0.1245792594441522
ENSG00000173786,0.4575421921620675,0.5328394229293443
ENSG00000168259,0.9094172975400763,0.4629972029227738
ENSG00000168256,0.6632793661081036,0.46719671880516667
ENSG00000267221,0.22288095721319348,0.20877331492561163
ENSG00000108771,0.14645569757366989,0.33166487005789935
ENSG00000108773,0.0027319386894340196,0.007029193068829312
ENSG00000170836,0.8886240080653122,0.7807911761614557
ENSG00000108557,0.10839267271027177,0.28098446585713965
ENSG00000136478,0.0381232315999959,0.16576528042070615
ENSG00000128422,0.09829181086627473,0.04124577424833576
ENSG00000076604,0.22530644366485306,0.07281606382852185
ENSG00000131899,0.02614678732722345,0.06730803878685579
ENSG00000006740,0.0047448822351390165,0.05496921375899863
ENSG00000174238,0.12330578750372091,0.19907411038273484
ENSG00000258890,0.01224608352673822,0.03693970521936503
ENSG00000068097,0.8699378745288899,0.936339115978525
ENSG00000008294,0.045374434430340435,0.16618501176056116
ENSG00000167182,0.04670460685764138,0.16948242672139158
ENSG00000131467,0.04181265995771481,0.06350605631573707
ENSG00000141562,0.09524963630756145,0.08012372811264284
ENSG00000074660,0.9751756076644037,0.8905841855365746
ENSG00000008838,0.01278742609438114,0.016566606651566812
ENSG00000108641,0.9968447555522733,0.252973147561871
ENSG00000175711,0.7508296765988252,0.3035896884279458
ENSG00000166685,0.7894864508351569,0.6573172381058954
ENSG00000141219,0.008227723950233449,0.02738237926014595
ENSG00000179604,0.02217057072856053,0.08181104164988487
ENSG00000133193,0.0582887701884576,0.17778987791181203
ENSG00000183077,0.2808627881868217,0.3225873150729345
ENSG00000109016,0.34984492331006867,0.9354493730156429
ENSG00000167699,0.010800015750996036,0.012588056474018953
ENSG00000133195,0.13372679725946762,0.08475350015824175
ENSG00000170291,0.4298279408073503,0.2202303134677179
ENSG00000055483,0.19042867860299867,0.163384823828542
ENSG00000270647,0.14287174723466922,0.19418430737510742
ENSG00000131096,0.0076113187917083045,0.011807010500977655
ENSG00000273604,0.381977060184277,0.24314373085821744
ENSG00000275023,0.008714129865353156,0.018982017983286168
ENSG00000277972,0.007399551795037747,0.030095711608333138
ENSG00000277258,0.018575490077644922,0.03886912629403984
ENSG00000277791,0.7277678978853938,0.5887820754450122
ENSG00000276293,0.5680786122754029,0.8636225217902695
ENSG00000273559,0.02887775361973921,0.07121622172978924
ENSG00000136485,0.22708041717704844,0.46434175070739303
ENSG00000136463,0.3819118702364709,0.40928934028998565
ENSG00000198933,0.9202815698465407,0.5368449515080596
ENSG00000087152,0.4178972471295831,0.38222211207923884
ENSG00000168517,0.34675962888747813,0.4021373733365806
ENSG00000172992,0.0797440903157045,0.07143025011118584
ENSG00000188878,0.15130262780577286,0.05021818985946653
ENSG00000128487,0.06404381435069403,0.12341549942762933
ENSG00000250506,0.5757426828786346,0.5742441288069368
ENSG00000141068,0.06944391050807533,0.19157636451166865
ENSG00000072134,0.18054523706769232,0.25981620580070786
ENSG00000198863,0.08811768637054684,0.1496116737732594
ENSG00000170921,0.9127024696451372,0.6936119729059154
ENSG00000176155,0.22369051025356343,0.13860764016868451
ENSG00000108528,0.36272680651855294,0.22253504721564582
ENSG00000108523,0.6308852351627889,0.9854448679231188
ENSG00000108518,0.977582830015087,0.6793422955319924
ENSG00000108515,0.0606451586898163,0.12962310001234345
ENSG00000091640,0.5094147215953946,0.6936384056354712
ENSG00000108509,0.14941778933985242,0.42199601051519064
ENSG00000129250,0.19628544064749678,0.36056424334376536
ENSG00000180787,0.0487975194401794,0.09098220776062528
ENSG00000196388,0.007787622987583023,0.005561336968596931
ENSG00000173818,0.9465335809815709,0.9219009588337522
ENSG00000141519,0.13542989274912826,0.2312713965690751
ENSG00000171298,0.5544793924023586,0.7089047726159223
ENSG00000141543,0.09406925549810935,0.18220837916987606
ENSG00000172156,0.11278064648980708,0.43595794272006494
ENSG00000108700,0.40292014046735936,0.07248863078611424
ENSG00000181374,0.8636764689784577,0.44122976957731086
ENSG00000108691,0.9847263368562139,0.29806040857874166
ENSG00000167085,0.18185696520771685,0.07169837685057598
ENSG00000141349,0.728884952261317,0.29404103789925534
ENSG00000180626,0.010267402374626398,0.03388473339386279
ENSG00000161929,0.23344244598567765,0.5335707016865193
ENSG00000078687,0.35951061645237503,0.6929574512243714
ENSG00000167840,0.13771460706566638,0.16118155823053665
ENSG00000108256,0.01840549447442624,0.07946770935781386
ENSG00000259207,0.9854599523560892,0.4485714590169081
ENSG00000178852,0.028409564663924806,0.056463382677445856
ENSG00000168961,0.07839730292272758,0.21617678200719456
ENSG00000232859,0.794600902902422,0.937727999831733
ENSG00000007171,0.058090457353662445,0.15013784987363593
ENSG00000178691,0.08444193566190067,0.15342002629582277
ENSG00000181031,0.2138416725501444,0.15769675609855743
ENSG00000185158,0.47497547580746724,0.80350878764651
ENSG00000132359,0.0033592414152884254,0.0028502264604690864
ENSG00000196689,0.08852148590257711,0.04201604312469012
ENSG00000040531,0.16390046231189764,0.14943231290940256
ENSG00000197417,0.027512758532148303,0.03164675728421562
ENSG00000213977,0.32601001725758355,0.39901260962512575
ENSG00000127774,0.448677101903193,0.2508825056627843
ENSG00000083454,0.04913473350547604,0.1283016177853144
ENSG00000177602,0.011154530478466377,0.021299098077746298
ENSG00000184557,0.6698966007884211,0.2674848716552045
ENSG00000087157,0.00700124561480031,0.018274154373292894
ENSG00000108433,0.004055371076163807,0.023328221029514908
ENSG00000004897,0.02632798667800774,0.08315257905087065
ENSG00000198443,0.6592733948494834,0.2275678038590337
ENSG00000108384,0.24665594640920563,0.20235315873027793
ENSG00000266173,0.09906884514894346,0.2567428901123317
ENSG00000108588,0.051031024256825784,0.14954608289851898
ENSG00000198231,0.06803354278502205,0.22413995249661517
ENSG00000108592,0.09323243806705463,0.30872462388180155
ENSG00000187595,0.6972174827345523,0.4819059518383997
ENSG00000108604,0.11088887075407736,0.21249697390741
ENSG00000273611,0.02597126767439464,0.033815320793593756
ENSG00000278259,0.02389195334590377,0.04086998415091564
ENSG00000277161,0.009593837933850864,0.009250256110618665
ENSG00000278311,0.02174784458204989,0.06949315541439988
ENSG00000278535,0.0014805391903891566,0.00030854793772342853
ENSG00000278619,0.7276487441679282,0.5090497057570441
ENSG00000141510,0.20656374964560933,0.47949348514948475
ENSG00000167895,0.383572329501086,0.9203040111150249
ENSG00000007312,0.18651337371031426,0.5581952045712588
ENSG00000007216,0.06757426721807694,0.07136384185256255
ENSG00000141499,0.024281929071687886,0.029340428667928235
ENSG00000266074,0.2115507149542829,0.7659053958768169
ENSG00000141524,0.7386334287716261,0.8222272189940243
ENSG00000173757,0.10522217561535584,0.22360842218624088
ENSG00000178927,0.4024405622498445,0.5534059059902184
ENSG00000141564,0.022184730678048877,0.07582906010094337
ENSG00000005379,0.48185986347893683,0.6624686062171772
ENSG00000213246,0.5936196340407637,0.7357796544332488
ENSG00000108375,0.11228724707377863,0.11258250168094179
ENSG00000092929,0.12926831872138994,0.15136653602195863
ENSG00000286190,0.5520373812345166,0.7646147542853028
ENSG00000178971,0.7519452458799162,0.8694878884409414
ENSG00000091592,0.3975677294166434,0.26080611369955536
ENSG00000263429,0.05456753834981484,0.13444812251695742
ENSG00000239697,0.35453248935282666,0.156134345811393
ENSG00000108828,0.1104607642823072,0.09423966860832843
ENSG00000188554,0.03172600723427161,0.09957071209545418
ENSG00000184988,0.47184103952645984,0.6889487975806028
ENSG00000236383,0.9017882951923013,0.87294789931353
ENSG00000225190,0.1052528686571333,0.408341629360647
ENSG00000012048,0.0034602662804648875,0.004209904001518065
ENSG00000167107,0.02098184985716016,0.06959579928193926
ENSG00000136457,0.23240782557262157,0.23344839375321907
ENSG00000136444,0.09840030338767941,0.1879468000904093
ENSG00000049283,0.7169024028192563,0.9471118239721129
ENSG00000006282,0.11197970430659206,0.1335302944934718
ENSG00000141279,0.04910718072732526,0.08376379061462044
ENSG00000029725,0.02876674052228283,0.055348459456125154
ENSG00000129197,0.22465857725758343,0.18149702064514708
ENSG00000108561,0.06705615452283378,0.0471470637626545
ENSG00000005100,0.027401037300642823,0.03159887172118824
ENSG00000072849,0.3186939082425988,0.4514975128711556
ENSG00000167842,0.0034885615063392434,0.008593668298595442
ENSG00000108559,0.003253370656459633,0.017646043357875472
ENSG00000108406,0.09264724088090139,0.12214686305716536
ENSG00000141378,0.5278125471144408,0.4169884062399676
ENSG00000141367,0.12978058300190867,0.3522489313921925
ENSG00000108861,0.8299920007770618,0.8913459101141101
ENSG00000239704,0.351520901272929,0.8265517595658126
ENSG00000259024,0.005319055918743022,0.0685327701804078
ENSG00000175106,0.37108548539714326,0.3301320607025878
ENSG00000278023,0.10097902997605804,0.01683395692874566
ENSG00000276409,0.0424007263224024,0.04276556955041755
ENSG00000275718,0.18308254712401348,0.1649652031949445
ENSG00000275385,0.869803653655107,0.45437406919296064
ENSG00000277632,0.9348150870559623,0.20859518629263218
ENSG00000275302,0.8012285651616109,0.6064287015689633
ENSG00000276070,0.7004691876891169,0.6823969507072358
ENSG00000170004,0.23374915771483676,0.638621779469847
ENSG00000184922,0.23856961655639522,0.8852423739011178
ENSG00000174231,0.5939840592919723,0.8324105986075573
ENSG00000181523,0.16300872833694693,0.3746792749801462
ENSG00000181045,0.28745354701884296,0.6176902294902167
ENSG00000087095,0.07782160339612604,0.1240726880290232
ENSG00000087191,0.753483468915473,0.762261453131192
ENSG00000170298,0.005104611784740192,0.0038119668848630908
ENSG00000177731,0.12559202838233804,0.2666462488793836
ENSG00000177427,0.05146960563722941,0.09283094851026119
ENSG00000177302,0.0814913412298005,0.10720897258660039
ENSG00000176994,0.004430813410285674,0.02031619530606031
ENSG00000176974,0.690867535442975,0.8818478698554815
ENSG00000159314,0.7308725132866719,0.9905583188454546
ENSG00000278845,0.5962697076102077,0.6995198716346089
ENSG00000274211,0.19616897683345116,0.20228966358456008
ENSG00000277363,0.5445518025481199,0.5854209201730807
ENSG00000033627,0.02645675672241571,0.11654808849602157
ENSG00000006042,0.011756082603549134,0.03435441891325104
ENSG00000141316,0.10166800277299964,0.05171243824104982
ENSG00000176749,0.919042631979406,0.6671108428441715
ENSG00000176658,0.014336291969073715,0.03461101420021662
ENSG00000266714,0.41851366918531774,0.5232444124226907
ENSG00000196535,0.02644011393492055,0.12747411487641724
ENSG00000173917,0.7435945522516842,0.29907194768349915
ENSG00000120093,0.7113800440691715,0.4368635214649913
ENSG00000182742,0.19407160022949962,0.03106268817266102
ENSG00000120075,0.3765517396397521,0.27785362192937096
ENSG00000108511,0.6228016564769918,0.2807878320230138
ENSG00000260027,0.5803060587039366,0.5726501629974222
ENSG00000120068,0.3377534233496044,0.2813931131486643
ENSG00000170689,0.9215605584927417,0.977214942480176
ENSG00000170425,0.04318352501508807,0.11222889203937457
ENSG00000214941,0.17166597723836435,0.2982363404403275
ENSG00000011295,0.18341903293548317,0.11965798351193781
ENSG00000141027,0.023812545272750337,0.09461693735196791
ENSG00000108312,0.21366389814460424,0.3294017535304871
ENSG00000160551,0.14638859736016055,0.2972810565529386
ENSG00000129245,0.08813500584702912,0.17822912238310776
ENSG00000161533,0.03184251159321937,0.015407321816834307
ENSG00000186407,0.9897941290092064,0.7214133371954095
ENSG00000172794,0.04725487630162047,0.11033372591169216
ENSG00000186074,0.6443894765417375,0.7407804492970289
ENSG00000109062,0.01665540325464565,0.020026166633443233
ENSG00000109065,0.01690686841107025,0.024467531953828933
ENSG00000109066,0.15727754351587708,0.265052853843085
ENSG00000177728,0.13453066799976404,0.20830724116384872
ENSG00000182446,0.0882040164179015,0.16422011241701118
ENSG00000108669,0.11473317914082946,0.28859632966018567
ENSG00000197170,0.227837183571953,0.15879658543661104
ENSG00000154217,0.16414115872144952,0.39563840874082246
ENSG00000067191,0.618028434193425,0.3654094762199469
ENSG00000087111,0.054758518943888966,0.21745005018580807
ENSG00000141551,0.22275340769396842,0.28380624484289413
ENSG00000141582,0.3286561915811684,0.4312651392808854
ENSG00000167291,0.041534174900763304,0.11210176872619279
ENSG00000173821,0.024159004906792302,0.09052344093774806
ENSG00000175906,0.06861992445412947,0.043655973949146866
ENSG00000067596,0.7992439735278883,0.8492629872560145
ENSG00000175832,0.19952669029213219,0.2461180099944856
ENSG00000005102,0.8622104346321615,0.6954796813762671
ENSG00000185829,0.006300696954024663,0.006935205095386572
ENSG00000228696,0.12726436174471353,0.22208431458623912
ENSG00000073969,0.1314791508859738,0.17477703420151677
ENSG00000171634,0.1444626764567087,0.28737245981882564
ENSG00000132589,0.05150103603711881,0.1188702142384041
ENSG00000161921,0.12199866084283975,0.2697215951720017
ENSG00000136504,0.29005190087676114,0.33916810733362845
ENSG00000275832,0.5499349219788547,0.6562720697124214
ENSG00000169689,0.9591101892265198,0.6350077750632219
ENSG00000169683,0.29764547539801006,0.16964787215999116
ENSG00000169750,0.8173368702671121,0.8716630370658331
ENSG00000169738,0.24519366082985308,0.5226179227853105
ENSG00000169727,0.15977510521118682,0.1095068330026742
ENSG00000173801,0.16986272622745605,0.14548067324212427
ENSG00000141696,0.3266491837438324,0.4045327090512808
ENSG00000141756,0.5026153762615357,0.46417953696427916
ENSG00000141698,0.37017953893449873,0.6922014409950255
ENSG00000141527,0.825037299377249,0.7828982290436708
ENSG00000108733,0.034314090031395045,0.036938036778911124
ENSG00000168646,0.346218187646509,0.28719427962958743
ENSG00000154240,0.7149771923992659,0.967295163456029
ENSG00000091583,0.8828164472543061,0.8674000330882075
ENSG00000108960,0.22217971699883055,0.3891320965198647
ENSG00000035862,0.9967547364919014,0.5793924961162793
ENSG00000214447,0.3336628362266153,0.37985854083712
ENSG00000132470,0.25847347345060495,0.35608012649649157
ENSG00000161960,0.04781625731933065,0.06645663408951526
ENSG00000176390,0.23431151686719942,0.26850895946880193
ENSG00000176208,0.017975219936978846,0.00826010271130051
ENSG00000172171,0.02402629036220104,0.02727102583127423
ENSG00000196712,0.06907314425132588,0.13039810026965828
ENSG00000253958,0.49406067807087284,0.4173440430688632
ENSG00000173281,0.6745077990417274,0.843216395107176
ENSG00000173273,0.09203049964867074,0.12947092393042667
ENSG00000154359,0.07394658753909414,0.19094948305566925
ENSG00000175806,0.9465790743495789,0.543681987167248
ENSG00000275342,0.827704295010653,0.6430780862498828
ENSG00000164741,0.7407598808887853,0.7382938958688015
ENSG00000147324,0.15336445158393974,0.3109850126954632
ENSG00000254093,0.850844045015812,0.551448631562651
ENSG00000198791,0.17142928162427756,0.23326932823439642
ENSG00000179388,0.4366547806663523,0.7707135700432113
ENSG00000104714,0.2460055137427519,0.4565402198060795
ENSG00000155975,0.4341476084134438,0.48178778251463994
ENSG00000159167,0.6658796836533682,0.23146690803735162
ENSG00000104228,0.6919539616352061,0.6564710231390298
ENSG00000198042,0.3684631203925647,0.2282430774717903
ENSG00000175445,0.338879436341095,0.729216860002907
ENSG00000147421,0.07860807336967279,0.18385523964071507
ENSG00000156006,0.018364413838787348,0.005516788333945772
ENSG00000171056,0.07348111884953909,0.0458648473297851
ENSG00000036565,0.34190517904864026,0.8625129130174802
ENSG00000172728,0.1540756800130041,0.26848850086357956
ENSG00000038945,0.5589108319930732,0.22658639872117783
ENSG00000092964,0.5823394650260483,0.6009259296072602
ENSG00000164825,0.6150701043840607,0.4863630259649001
ENSG00000147454,0.9109087022575089,0.7802100994417155
ENSG00000104626,0.2642460467165296,0.3288134135478001
ENSG00000147459,0.898011402839387,0.974370029729834
ENSG00000104660,0.9625245451681983,0.8685072467222192
ENSG00000147416,0.9778517280144274,0.6823500715899572
ENSG00000104756,0.4470952323346332,0.5499272027188149
ENSG00000134013,0.4993662291899581,0.924670443764098
ENSG00000061337,0.4499097391132476,0.1191601202412252
ENSG00000184661,0.05806796410180838,0.09505301248502092
ENSG00000104219,0.5014001937612379,0.5935376265520684
ENSG00000168300,0.6939445029649509,0.6442255349164523
ENSG00000104765,0.7616919172429966,0.6894247890579956
ENSG00000197892,0.14348474686579185,0.16210421611619558
ENSG00000104613,0.32337620376549503,0.27634593234509575
ENSG00000164822,0.36712752034563845,0.7771683959629423
ENSG00000104671,0.8034446546598728,0.6479784511243735
ENSG00000221914,0.270769792014076,0.18359760123424038
ENSG00000197217,0.314529718471998,0.3212009507574387
ENSG00000164808,0.24665903408031215,0.15097074924335793
ENSG00000168575,0.8472315638761938,0.5263744802210674
ENSG00000104611,0.12477123277577183,0.2099439612628678
ENSG00000240694,0.03812201034721491,0.05984426859600743
ENSG00000254087,0.20845564432720212,0.3251158506868312
ENSG00000133872,0.9615472937942543,0.8747989205906177
ENSG00000172817,0.9928136253186847,0.5594121604462915
ENSG00000178538,0.47746491721514506,0.8574728138206769
ENSG00000133874,0.3206652560876332,0.19516965174239112
ENSG00000121005,0.9353040071341879,0.916370453023229
ENSG00000104679,0.45998433062297295,0.5260727279531736
ENSG00000164751,0.015278608853232222,0.06686557565120033
ENSG00000104442,0.26906575459045656,0.33906828344805723
ENSG00000221947,0.18806546300859914,0.19812378748166298
ENSG00000076641,0.03213528901221723,0.13347490666478445
ENSG00000137573,0.9521748569272368,0.4325296315859176
ENSG00000164879,0.9526655348760926,0.6587548856899887
ENSG00000164749,0.02203719299161599,0.04664350126611513
ENSG00000104331,0.3109629667150977,0.25959647778372397
ENSG00000176731,0.9108923951593773,0.6861782389845617
ENSG00000040341,0.03707079937408954,0.09887926924512028
ENSG00000104327,0.2604280830200489,0.37855710489723804
ENSG00000164949,0.9513816614034741,0.4027561249408831
ENSG00000205189,0.2859874490837446,0.4366296746858914
ENSG00000164687,0.20368048569391006,0.0694225414185396
ENSG00000164951,0.32375535785721626,0.4299614836889616
ENSG00000104321,0.06454856641510888,0.06975878430554189
ENSG00000079112,0.08069526572872826,0.19615260862538147
ENSG00000035681,0.13174865739059746,0.2720021967690914
ENSG00000147649,0.03026773696735022,0.11717558373266784
ENSG00000104356,0.23855750217195992,0.20376073976090037
ENSG00000177459,0.27027016267451087,0.12742069724548102
ENSG00000147586,0.3659244701714146,0.1908273687006309
ENSG00000137574,0.17456454173369118,0.27036345322015687
ENSG00000120963,0.8942298213410699,0.7303364188052588
ENSG00000164924,0.5437921831015231,0.5281246309814889
ENSG00000165392,0.14489388648509738,0.2525350191216105
ENSG00000156482,0.8417593626500169,0.952651107522572
ENSG00000185015,0.7651398556266634,0.26678093645401807
ENSG00000265817,0.7479287353994277,0.7629695444330076
ENSG00000180694,0.9158269250006954,0.7222342527985587
ENSG00000104361,0.4313073915351585,0.696785138175956
ENSG00000104267,0.011035660238255538,0.05553945417013662
ENSG00000132541,0.2872220487874301,0.10353345362228146
ENSG00000147669,0.6498475565195221,0.8341008103481803
ENSG00000123124,0.0712501559002423,0.23532031746551194
ENSG00000205133,0.07033769689160402,0.19471347393470703
ENSG00000133740,0.040415358711472116,0.14645224901939347
ENSG00000156467,0.21788414424230115,0.1915266368188235
ENSG00000104341,0.3590416327486605,0.374331721173342
ENSG00000180543,0.4681991410648788,0.16833090536755824
ENSG00000133739,0.05123964683385658,0.14607605948541022
ENSG00000197275,0.20940953067381674,0.1799459762532125
ENSG00000104517,0.09988734417825863,0.35417791560891854
ENSG00000104313,0.08356143672470463,0.4191651911196248
ENSG00000147570,0.4705575368619608,0.2870602156683118
ENSG00000156471,0.19206804886664647,0.3556178854580766
ENSG00000164761,0.3297987327138624,0.22763601912499734
ENSG00000019549,0.4382069006824437,0.8818123892493206
ENSG00000172167,0.11399768274663045,0.13018943026674365
ENSG00000156469,0.7114634716390562,0.5647423264846507
ENSG00000136982,0.801979453639907,0.5772976969854107
ENSG00000172172,0.20094402972240283,0.16861063129528345
ENSG00000136999,0.19938445444145636,0.2747943847148804
ENSG00000156804,0.7586049485419986,0.4259706234969324
ENSG00000137547,0.4316240630523299,0.3079684782181939
ENSG00000120992,0.16450689767348836,0.1365008690506914
ENSG00000132561,0.007787221798149019,0.035183904797499777
ENSG00000137575,0.23619129119041055,0.3468929166578445
ENSG00000155792,0.28943213102240156,0.30335893448049317
ENSG00000215114,0.1103281906822998,0.2146130064635119
ENSG00000120899,0.5311259421071091,0.7004200330314696
ENSG00000155097,0.16829925531490172,0.27483166906263073
ENSG00000104490,0.6840073416666719,0.6541698171061099
ENSG00000104537,0.3139948716165879,0.3947451328695458
ENSG00000023287,0.291015786273898,0.31131577915530445
ENSG00000165078,0.31137529178529805,0.3765569884622717
ENSG00000164758,0.1251145829101886,0.18044659888249498
ENSG00000121039,0.7045844744069756,0.9544556113667
ENSG00000164961,0.08212952894873407,0.19511137696202113
ENSG00000034677,0.23407047607755363,0.5483743855030312
ENSG00000104388,0.32770641645102083,0.34681974933131887
ENSG00000104375,0.22838297867712698,0.34154461957300264
ENSG00000147614,0.41600365440555764,0.9522037956191208
ENSG00000198846,0.139871670053769,0.3473297227417642
ENSG00000153317,0.08849331221033359,0.22379645542489987
ENSG00000147676,0.8594828248486952,0.9669490242765852
ENSG00000176853,0.2951233937716554,0.27458509490908567
ENSG00000155926,0.26520447297992916,0.8482686085219424
ENSG00000156787,0.13304095297764723,0.1366067810466866
ENSG00000169439,0.637111665061761,0.8652976244212471
ENSG00000083307,0.357605412875722,0.5289224209112452
ENSG00000158106,0.48360334053980414,0.5142801355697655
ENSG00000147592,0.050739833685203774,0.046145143936871566
ENSG00000067167,0.06987212406463722,0.13341410140623639
ENSG00000167656,0.46336887438508834,0.676854716036418
ENSG00000140396,0.13126025562000024,0.3108413626789047
ENSG00000042832,0.10412336164768134,0.14302055824945362
ENSG00000164930,0.22124756332297502,0.3615047413542768
ENSG00000164764,0.5391411246844495,0.18399864993911555
ENSG00000184428,0.30734522143455734,0.24426096535127462
ENSG00000234616,0.28252448385252604,0.4544211452024194
ENSG00000171045,0.6791598917471755,0.7326906746823274
ENSG00000008513,0.33654809029283256,0.3346390586694248
ENSG00000180155,0.18058701976772557,0.0749031332848083
ENSG00000178764,0.3336180294403499,0.38556407585387265
ENSG00000147604,0.5960607965159744,0.5849500796342124
ENSG00000104324,0.510573246221175,0.9485820494138063
ENSG00000136986,0.20665174858414442,0.41168397961289227
ENSG00000066855,0.09588537285012928,0.1349707321809713
ENSG00000130193,0.9317193473009205,0.9171556633000797
ENSG00000167653,0.022304132692412996,0.06530587791095747
ENSG00000172164,0.40224747810422645,0.5962182526917368
ENSG00000047249,0.6909208441503844,0.6016264150726218
ENSG00000156831,0.1742390463039627,0.16767336985061013
ENSG00000182307,0.16151422557710604,0.07902441093477523
ENSG00000066827,0.2118369750510221,0.2591814718993817
ENSG00000156795,0.8367432990618935,0.969220024522746
ENSG00000104332,0.5635928014603208,0.5437920375121349
ENSG00000173334,0.3431251724277642,0.28080856769191315
ENSG00000170961,0.7552268671401982,0.2599242743974119
ENSG00000156802,0.4973108034046293,0.49637120558311676
ENSG00000147535,0.19042401512853696,0.1607010328935921
ENSG00000147548,0.3401169201541321,0.051526846309096756
ENSG00000079459,0.12055304558948059,0.26404130077362215
ENSG00000104415,0.5668139212115019,0.8249192353235508
ENSG00000129696,0.21057219149358852,0.3349996886459379
ENSG00000205268,0.046701969753575795,0.12818340585889515
ENSG00000104450,0.4493209328369058,0.9422826057922715
ENSG00000104435,0.13166407889649293,0.38900349224447583
ENSG00000154328,0.932243795907874,0.7670452608444971
ENSG00000104369,0.4209918538189905,0.45869303705017206
ENSG00000104760,0.018319674007850933,0.032484398219670155
ENSG00000104763,0.7420429165247058,0.8628908236914066
ENSG00000137561,0.18600350867652019,0.1891812975150245
ENSG00000185728,0.05115953731868399,0.14902615657770568
ENSG00000104381,0.8202360054950206,0.8243787884424093
ENSG00000260428,0.1790002762258125,0.36003946051689917
ENSG00000185122,0.7687132367012297,0.6481192382640336
ENSG00000185000,0.9313355124197382,0.7365662065091818
ENSG00000182325,0.1414072546752784,0.31343910383797496
ENSG00000173137,0.920633006720794,0.44195871522350616
ENSG00000071894,0.4952540804093135,0.9209403042613526
ENSG00000147804,0.6384801200134123,0.49535122481456817
ENSG00000261236,0.7540449343192899,0.7673886761928801
ENSG00000185803,0.17066092911672825,0.6842476555681456
ENSG00000171428,0.3763159463369967,0.20072269119500388
ENSG00000022567,0.30296611651159333,0.3653017839559378
ENSG00000170791,0.7677260536806296,0.7755089112584084
ENSG00000104419,0.2571183694094814,0.562674196201065
ENSG00000133742,0.027687684924375632,0.04841778149827128
ENSG00000176209,0.9007037929019601,0.980684443886194
ENSG00000104447,0.40738915437095724,0.2766460187664401
ENSG00000120910,0.8143798371012543,0.8020011204833674
ENSG00000168522,0.9172533940243199,0.8741799834390862
ENSG00000165102,0.8963858018034815,0.9506207248227432
ENSG00000185900,0.12849275174770183,0.1813222376397711
ENSG00000129292,0.07044704767767584,0.13132910022014607
ENSG00000136960,0.4461695909972805,0.9511018316221866
ENSG00000165046,0.9325930858345035,0.07060709343684712
ENSG00000214814,0.0034818970487437806,0.018382689139511552
ENSG00000121022,0.4911471291794317,0.4827913543370299
ENSG00000066777,0.017139338805735354,0.07961185617600394
ENSG00000181135,0.27568820646428605,0.3109115771532028
ENSG00000181085,0.4641106172037083,0.9735842182640652
ENSG00000180921,0.6889650977092341,0.8780611680742633
ENSG00000180900,0.9934323554887793,0.911200988931631
ENSG00000185189,0.49576076900787147,0.4042067867823905
ENSG00000261150,0.6750628319214993,0.6851729881621857
ENSG00000178685,0.20796507522477603,0.700967804409625
ENSG00000178719,0.7095559625347967,0.8578731698866691
ENSG00000178814,0.28515949725999656,0.29712076495353124
ENSG00000179091,0.3906277275504314,0.2704199378660698
ENSG00000179526,0.15917166012487988,0.2642907983195147
ENSG00000179632,0.868880912498206,0.7908469161857743
ENSG00000235173,0.7952419537219693,0.6903920272966202
ENSG00000164941,0.47917589752775047,0.46454132209581633
ENSG00000164938,0.5420381589332511,0.9683800156932973
ENSG00000175073,0.4832226175770259,0.5685815284424297
ENSG00000288602,0.3891903881251212,0.4034656494894463
ENSG00000104205,0.011086549103045585,0.03608226419515331
ENSG00000178460,0.31725757491723855,0.18847521035941986
ENSG00000147364,0.10992860318836442,0.23058608738868017
ENSG00000120533,0.5277600114272174,0.4762754770267311
ENSG00000120526,0.5161976317412762,0.4340145058368047
ENSG00000186106,0.7955561458373364,0.8281093205951386
ENSG00000070756,0.6346794253928421,0.9282763430530871
ENSG00000104412,0.7060464559269795,0.8452945863054044
ENSG00000104472,0.5452450117898062,0.9178494632661244
ENSG00000104408,0.04557004275528057,0.16558456020339613
ENSG00000008988,0.33603720435733603,0.6467323257184107
ENSG00000164733,0.4036275703093829,0.5962315588691695
ENSG00000169499,0.3009673979804775,0.16836077914992964
ENSG00000169490,0.47190499851294077,0.3953329061405937
ENSG00000147601,0.16813212093572158,0.31355821137663586
ENSG00000137563,0.8283680813146292,0.7089261805136461
ENSG00000104218,0.016062475002053045,0.0793747468851334
ENSG00000083168,0.08880516294657159,0.24646996143408684
ENSG00000070718,0.3752393034553516,0.42799204454610706
ENSG00000104368,0.9919627677932473,0.7081801713750395
ENSG00000070501,0.17366708691399033,0.09718600751382188
ENSG00000104371,0.4841479420300038,0.3555761986577133
ENSG00000078668,0.28682966228864665,0.15393405619137726
ENSG00000183665,0.38686682479366363,0.6667118601177424
ENSG00000170881,0.3010891792204833,0.46775434238668867
ENSG00000147687,0.1981222954160417,0.21193654626054137
ENSG00000147684,0.9515334091992008,0.5983343121661729
ENSG00000170873,0.07982785001334149,0.15973930734770234
ENSG00000104687,0.24164100013932194,0.0669468160439054
ENSG00000104691,0.03968120114148811,0.014574959483740893
ENSG00000104695,0.5573457402505024,0.4980054572196798
ENSG00000165071,0.714010080974832,0.7947178629168504
ENSG00000168615,0.1150575199615535,0.24058022769435755
ENSG00000105339,0.8121927041190913,0.9518268554698256
ENSG00000203499,0.45355396387937774,0.44684221225401366
ENSG00000177570,0.48315323180963377,0.44149967118668154
ENSG00000104635,0.0713729838522381,0.05417515543856552
ENSG00000158806,0.050778463545519736,0.06538744178331783
ENSG00000158863,0.8745974963569768,0.918275438387723
ENSG00000275074,0.8771346681609492,0.8668273632060576
ENSG00000168453,0.7976989690713514,0.8535776683415828
ENSG00000168476,0.8752490595371619,0.975540440442154
ENSG00000168487,0.3712321550615838,0.7425483031362348
ENSG00000168495,0.4320094997773817,0.5527164034579923
ENSG00000197181,0.7658586582287664,0.5184740525839342
ENSG00000164919,0.3112507939903656,0.3563154442248203
ENSG00000176623,0.5602437313485856,0.5120783568762857
ENSG00000085719,0.02602557149624205,0.07106402218902977
ENSG00000104290,0.38198446183060597,0.3943553527047202
ENSG00000104299,0.9545907421531831,0.774766533756283
ENSG00000104365,0.7544791715967991,0.9351960944683007
ENSG00000164830,0.1397539908870035,0.2806264723705379
ENSG00000184489,0.14845263567339909,0.13551877802805073
ENSG00000170786,0.8667513315864978,0.9972683193028933
ENSG00000175305,0.24966324811336227,0.3894719905352575
ENSG00000180190,0.6759430804190709,0.7476526083602267
ENSG00000147650,0.23550299225995394,0.5525052097698284
ENSG00000014164,0.573045725895352,0.9255013702624649
ENSG00000104518,0.03914646049811005,0.04937226295461196
ENSG00000204839,0.4851772883836911,0.5146521701892175
ENSG00000147813,0.8577145612900134,0.9371807087578184
ENSG00000104524,0.5603321041647302,0.8838972338608999
ENSG00000104522,0.38643265382103786,0.5593538306967023
ENSG00000183309,0.7867329759056331,0.9945226348198358
ENSG00000164953,0.09991132996943232,0.22828720495682117
ENSG00000155090,0.11418500574046761,0.2003993062973777
ENSG00000132549,0.08280439802915181,0.2384917370105435
ENSG00000196378,0.3054834815673802,0.41324735992094763
ENSG00000161016,0.2511204478832016,0.3316317423286224
ENSG00000170619,0.6028127764923406,0.8446700832688547
ENSG00000196150,0.03867018450648465,0.11131410859283611
ENSG00000170631,0.8505467198104172,0.9396628624337864
ENSG00000179832,0.9261481314922974,0.6467580101768584
ENSG00000182197,0.5762776611298073,0.6598675612421099
ENSG00000104643,0.9515211792281665,0.9644484743465646
ENSG00000154319,0.06081276862002003,0.06506385785767124
ENSG00000182372,0.23901444309316386,0.42239642877892747
ENSG00000104728,0.8841488828577309,0.881439046365266
ENSG00000076554,0.15484686637360665,0.2209606042909328
ENSG00000185697,0.4701371885385941,0.8019800796597709
ENSG00000120896,0.10950282303634416,0.15900156979076613
ENSG00000172748,0.38942924453994354,0.5162858297394614
ENSG00000091879,0.6922973229042817,0.8432289813580084
ENSG00000155189,0.40916623510254335,0.3512050791043295
ENSG00000147316,0.13889918924083347,0.24104398743389147
ENSG00000131203,0.2723842937942734,0.568613010180057
ENSG00000132294,0.47928389167411445,0.4883696318974856
ENSG00000147679,0.055325981051245664,0.07173554594023093
ENSG00000008853,0.9149025391271196,0.9716297588771354
ENSG00000120889,0.06775647133292773,0.10945718795212386
ENSG00000284956,0.8909002601819196,0.7523848421531141
ENSG00000173535,0.9187195100250993,0.9324829206456713
ENSG00000173530,0.8243428928455704,0.5044559459917003
ENSG00000104689,0.06844357104700864,0.0974087535182503
ENSG00000147457,0.06103705681200387,0.22050354512600764
ENSG00000167702,0.513581129742501,0.6014956625992187
ENSG00000160973,0.025956686189972895,0.059233053606397065
ENSG00000160972,0.2576491836508382,0.2590941759926579
ENSG00000167701,0.09632522873560694,0.0667770597394715
ENSG00000167700,0.4082983812675911,0.3023780608341365
ENSG00000160957,0.8655656374739508,0.6995998247698627
ENSG00000160959,0.09710132837155272,0.14814246063603106
ENSG00000213563,0.7340522414893986,0.8153917896489157
ENSG00000198169,0.3941262671469453,0.2756678777335766
ENSG00000197363,0.2649413320759034,0.28550733771218506
ENSG00000147677,0.10587154475557393,0.21664583684617703
ENSG00000187955,0.4329332165775269,0.8850639378165395
ENSG00000187735,0.46587267938729804,0.4911878009438384
ENSG00000129295,0.3914957411288911,0.10396165140079876
ENSG00000104497,0.8626960032957649,0.8008678232536526
ENSG00000147439,0.39473991562323685,0.9403939315034844
ENSG00000160949,0.20986553742110575,0.18669165820983602
ENSG00000241852,0.40927147188832824,0.30181047390445565
ENSG00000156011,0.2554291816630915,0.6048836833490584
ENSG00000188343,0.21780664145314618,0.18372018199017348
ENSG00000167904,0.2707712121647037,0.16265939889012623
ENSG00000048392,0.6441570576004223,0.545744544306491
ENSG00000164754,0.3658868639079328,0.40549636126775523
ENSG00000178209,0.8727487131768458,0.7266150643118181
ENSG00000064313,0.10849551988925592,0.2423912195002692
ENSG00000104343,0.10597076995775404,0.2591210072314812
ENSG00000154582,0.26425791400750354,0.5299255672327219
ENSG00000175606,0.5678978014266067,0.7781252622568338
ENSG00000154589,0.9032177969844407,0.32541751613742464
ENSG00000183808,0.01607729314359401,0.07437567195054957
ENSG00000147789,0.42136673715058925,0.43340804046788184
ENSG00000196711,0.8707331343640902,0.9194368584117565
ENSG00000147443,0.5961435916612308,0.495482012864224
ENSG00000130227,0.22016814853793273,0.22150912222782954
ENSG00000189376,0.14800340660966368,0.16129616660194324
ENSG00000259305,0.6092088119042957,0.7170665510559976
ENSG00000165156,0.04474291353153551,0.19766866585891008
ENSG00000129422,0.23026571334278773,0.17073284511822306
ENSG00000104529,0.2822551221308413,0.6944831277692587
ENSG00000164920,0.16721998780126376,0.20779440658844306
ENSG00000158941,0.06668475011929437,0.11350597361827135
ENSG00000170323,0.14298621290906255,0.13308522812880613
ENSG00000133731,0.1228628959523995,0.10702585269459053
ENSG00000104231,0.028432035009801227,0.09029029702397591
ENSG00000164695,0.6785426833053243,0.8033694717591948
ENSG00000147536,0.0011662847416329546,0.0007547417463150341
ENSG00000158669,0.019437350952974747,0.06241947099055022
ENSG00000147533,0.12111867083593574,0.22065114517623594
ENSG00000147799,0.48914735183106006,0.19980157884216201
ENSG00000158856,0.93832127992285,0.9974069105561811
ENSG00000176907,0.027747893705011552,0.016083046755932917
ENSG00000012232,0.8669008912739611,0.8349593607441054
ENSG00000169139,0.1672506440359355,0.2377943909485492
ENSG00000168672,0.05036000200351097,0.08532525055614924
ENSG00000212993,0.9281709098831866,0.6509606768078123
ENSG00000123908,0.4509595044353172,0.5889641774833818
ENSG00000078579,0.5456052606227115,0.5723982800460278
ENSG00000164932,0.9654743540494025,0.4215105028139984
ENSG00000164934,0.42496597609999864,0.2933082370992243
ENSG00000169398,0.27062181082009884,0.31775921905044796
ENSG00000155099,0.8336734885442131,0.7396515931552039
ENSG00000155100,0.15791265205148497,0.17552326819043002
ENSG00000104738,0.05607828143787383,0.04752970702784663
ENSG00000104312,0.43914571075107167,0.40840781089429645
ENSG00000164823,0.6248240153007567,0.7896128470135786
ENSG00000104325,0.0076812786958160035,0.025887505908521995
ENSG00000104320,0.010324684480531136,0.03642964212531908
ENSG00000221869,0.7463865174867763,0.9767286787280292
ENSG00000253729,0.03978284977810471,0.06617736242360348
ENSG00000169436,0.047898166903681046,0.025621399709533657
ENSG00000104723,0.19673970655546918,0.515468510457067
ENSG00000183779,0.37502949381852413,0.7647868113440007
ENSG00000147475,0.0696563945444859,0.016260073369597762
ENSG00000147471,0.12653304968266,0.07074247375519203
ENSG00000020181,0.8643386454482134,0.5372458493713996
ENSG00000104221,0.10243387921173405,0.11177331785908089
ENSG00000156675,0.04461892691742682,0.03365165581739073
ENSG00000187840,0.5062498658343979,0.24170606040377665
ENSG00000175324,0.3772304772761327,0.31257186374356694
ENSG00000156735,0.19692247112935854,0.12708766502509541
ENSG00000085788,0.05028794757122666,0.07491924366673999
ENSG00000157110,0.24321427042602672,0.18666947287174804
ENSG00000197265,0.6682799502674066,0.9848259348135416
ENSG00000120915,0.7316054626954152,0.8054431655706659
ENSG00000120885,0.1062023606069251,0.037488838649282964
ENSG00000168077,0.27615317635399195,0.07204841614247123
ENSG00000147419,0.41597298545353845,0.43318105060617873
ENSG00000171320,0.047602439691304684,0.05951000992425793
ENSG00000168078,0.42253742844022346,0.36349966714381976
ENSG00000168079,0.4067999626006663,0.6094681850244934
ENSG00000134014,0.9929473032791215,0.8177118409469338
ENSG00000186918,0.04083687676483246,0.11696900095541506
ENSG00000214050,0.37421254813636795,0.48104721359203584
ENSG00000167632,0.38698394882659826,0.21579212633709657
ENSG00000042980,0.18167925045359654,0.7355895906793726
ENSG00000134028,0.017812956737189054,0.12233235944279533
ENSG00000179041,0.9186667688928004,0.6511983750414085
ENSG00000164684,0.40293455521558563,0.6910324340797916
ENSG00000155096,0.30914772382007005,0.48150260268923206
ENSG00000147654,0.17405933707015722,0.2004775917475157
ENSG00000147642,0.5281512769963272,0.7242239524528515
ENSG00000129691,0.09507922740210586,0.11180749878406979
ENSG00000164944,0.10266874595737314,0.2803056972749352
ENSG00000104413,0.05255371448804926,0.18170787308746542
ENSG00000156162,0.3694748848662728,0.45949599327764645
ENSG00000156170,0.17808691154025477,0.20814763704791495
ENSG00000156172,0.4104521506502373,0.2907138450521395
ENSG00000147408,0.42963854663837164,0.455315862876312
ENSG00000120913,0.8386582461976453,0.38318247287886353
ENSG00000171316,0.5652749676189723,0.5744000326727676
ENSG00000175895,0.06838395709514357,0.2049320494919711
ENSG00000153310,0.26333515396178137,0.24857401225251405
ENSG00000077782,0.8399521497117608,0.32334620394264363
ENSG00000180938,0.05618291468472341,0.0763491961361938
ENSG00000104549,0.7573490269647365,0.9181528236699334
ENSG00000178896,0.7554330210807347,0.582247772828301
ENSG00000131931,0.21843153271781782,0.39101242759912647
ENSG00000120925,0.9276170095853459,0.6967170334037562
ENSG00000168172,0.7611004961412998,0.9679585999538313
ENSG00000179950,0.1150292394629876,0.17102230835172405
ENSG00000131773,0.45481687297158024,0.5100379603025598
ENSG00000164983,0.3874602411206789,0.4202424564589078
ENSG00000197858,0.8728517225828708,0.9937211874020376
ENSG00000078674,0.3472496849555132,0.5765094488016214
ENSG00000003989,0.7575452002973986,0.6258084302000295
ENSG00000104213,0.5698644110696008,0.39859150527623943
ENSG00000198363,0.026499658708453888,0.08258296997621503
ENSG00000171033,0.2719917423942328,0.4909677532185681
ENSG00000104432,0.3701314624537392,0.8393013027952891
ENSG00000104427,0.3690309945320459,0.7356442431319449
ENSG00000160932,0.01970152683761056,0.02351635165793171
ENSG00000181638,0.12651303803161892,0.22848760040922433
ENSG00000250571,0.367116895121964,0.8539126907805447
ENSG00000185730,0.5578156612566199,0.4052810633479669
ENSG00000147526,0.4624730883803756,0.47110205847242004
ENSG00000154188,0.38580987194411986,0.7661795648668402
ENSG00000120875,0.6818002680389934,0.5732711982627614
ENSG00000178860,0.8874571825436834,0.24904008817304565
ENSG00000164683,0.3422986652781982,0.15717170067915923
ENSG00000164816,0.0553365494560984,0.16708431107117486
ENSG00000157168,0.020006363548933127,0.006860424974927485
ENSG00000187954,0.7454198284131366,0.9574518791924457
ENSG00000136997,0.005543929863023072,0.02111778950496687
ENSG00000164933,0.05474134508013013,0.15118471404625225
ENSG00000239857,0.6504553528079748,0.5913769316450068
ENSG00000164880,0.3725574146098992,0.5966573281850887
ENSG00000086232,0.544519542083751,0.37921985301809014
ENSG00000178381,0.827819897936509,0.9489662465569194
ENSG00000164654,0.018899795723549804,0.12025778106879678
ENSG00000106511,0.34016984531405436,0.09815153298370008
ENSG00000177706,0.9165652077737229,0.6149162872176992
ENSG00000164916,0.37075312180441067,0.7993985913959414
ENSG00000146540,0.644299171800121,0.7506726503562205
ENSG00000164828,0.47631018740504816,0.3573771009524247
ENSG00000003147,0.21412059157455757,0.49757713072360543
ENSG00000106537,0.8647611491272291,0.6027466589811838
ENSG00000106399,0.17404944469006273,0.12800920804453983
ENSG00000106392,0.7650365135006434,0.737812138075107
ENSG00000157954,0.19441062427898,0.41064255811391515
ENSG00000242802,0.27857731244594963,0.7676390929713747
ENSG00000189043,0.37798769925115927,0.38690967055505454
ENSG00000006747,0.9922053445740238,0.9311855981931524
ENSG00000164877,0.3146789137441262,0.47822861128813343
ENSG00000240230,0.6390330312435425,0.43609733722486477
ENSG00000122585,0.16922942033636243,0.08945127643356005
ENSG00000122644,0.157716710544682,0.10850700347136619
ENSG00000164849,0.06331988575001538,0.04421748730265992
ENSG00000106066,0.5682193959999315,0.7808041251860538
ENSG00000105963,0.8751385907887925,0.9440011011405629
ENSG00000105928,0.9694401746588563,0.8629337094294052
ENSG00000070882,0.2933225605606329,0.24533124139768295
ENSG00000071189,0.16542295336328405,0.343415441898949
ENSG00000122550,0.3565637335910121,0.5309355879137214
ENSG00000106546,0.44253259898976083,0.7089891817253551
ENSG00000122691,0.8977197510419614,0.39923861502217595
ENSG00000156928,0.9431459420227327,0.9219869508357162
ENSG00000153790,0.0018056508812673308,0.004470178348348643
ENSG00000106541,0.031032678625397627,0.060338460480719065
ENSG00000106100,0.07266032694201088,0.39771647692852774
ENSG00000008256,0.5315404515199307,0.2276239081463083
ENSG00000105866,0.37527514027709186,0.7290047270479154
ENSG00000105855,0.7975992308566698,0.8723717443097435
ENSG00000173467,0.5587175801603348,0.8752559054918067
ENSG00000136231,0.8666343333631085,0.9997363810967604
ENSG00000122679,0.9429895937469515,0.4031322559695799
ENSG00000106415,0.03004016198113378,0.14466119558265297
ENSG00000164649,0.02299583856223831,0.1534864275603913
ENSG00000146592,0.7263022122568238,0.5349942569210974
ENSG00000002746,0.3771334491426842,0.3574419974961416
ENSG00000011426,0.32903411213211975,0.5511719313670085
ENSG00000180354,0.26325502330648237,0.4425332024096834
ENSG00000187258,0.4348000052581735,0.8276466848585207
ENSG00000241644,0.16304712489965092,0.0390176882277563
ENSG00000073067,0.4088657980899526,0.6395229007860548
ENSG00000106483,0.44903704146127243,0.10491475664545419
ENSG00000136270,0.28559821933554286,0.26410738022438285
ENSG00000126522,0.07836234537135332,0.1423472375614803
ENSG00000106524,0.08185902484256154,0.29371780645573475
ENSG00000146731,0.07578665124804247,0.1738762331530871
ENSG00000255690,0.13925852397875704,0.4763486170830159
ENSG00000146729,0.23177408771079167,0.296132850205223
ENSG00000146733,0.1040897747788235,0.1895630090488891
ENSG00000178665,0.12073815694251618,0.080975386844475
ENSG00000136250,0.046105787471412855,0.1283711408792711
ENSG00000106070,0.6531649329598783,0.6553459199834848
ENSG00000005020,0.7694777576196778,0.8391455004187618
ENSG00000164543,0.3805140023674882,0.5976735025484811
ENSG00000187546,0.6496234389468029,0.7543573583818043
ENSG00000075213,0.9200298046919771,0.7815382299588681
ENSG00000196715,0.4046087703791995,0.4503836076382852
ENSG00000106605,0.25159568673197347,0.2659379777379512
ENSG00000157259,0.7976109457000491,0.8268811743488759
ENSG00000154978,0.2137729129349059,0.13841747364913598
ENSG00000105829,0.08814431621401636,0.09674352616177477
ENSG00000196636,0.017863755389864514,0.010904990343618555
ENSG00000164715,0.23541643478262175,0.2603321493704344
ENSG00000122547,0.13863227791429147,0.22999735259986653
ENSG00000186472,0.04112472684472421,0.11685174286917574
ENSG00000122507,0.8383475561883178,0.6641042633287214
ENSG00000127993,0.04929422861131231,0.3115171821541148
ENSG00000127989,0.9320191805022495,0.8247417719731159
ENSG00000106236,0.9132326517848361,0.7060052396784724
ENSG00000106261,0.9391127016658258,0.7600583087123495
ENSG00000006128,0.20700953337524836,0.20236310641012242
ENSG00000132432,0.3854784256292161,0.2813883847324848
ENSG00000128581,0.15087062484795796,0.23422724101527181
ENSG00000239789,0.749923794899942,0.5193217428355872
ENSG00000172115,0.07353612482568395,0.1699795307216242
ENSG00000169919,0.5483454729378563,0.6892202659677491
ENSG00000127980,0.2995950179858192,0.3964204936205059
ENSG00000004766,0.5483964200132805,0.37076450513264736
ENSG00000106384,0.2781863340323218,0.17637610349163937
ENSG00000249319,0.044806938332661604,0.12619379226137112
ENSG00000006715,0.03422226656394882,0.17969982139929572
ENSG00000001629,0.05336224129399634,0.15092506171293418
ENSG00000105825,0.16875682433797162,0.2825082822948482
ENSG00000164659,0.5419061826536522,0.5757806599616331
ENSG00000158528,0.06327763044131778,0.12895185355678643
ENSG00000105852,0.6488062187481095,0.8663810344372501
ENSG00000106366,0.4729344570403473,0.9367725476475952
ENSG00000019991,0.5054937772635502,0.9584181758746885
ENSG00000180233,0.25266882308657634,0.32183842099250576
ENSG00000234545,0.3839830424853897,0.26923891763701563
ENSG00000169902,0.6834916405594301,0.8005081547732804
ENSG00000070669,0.05806144100132733,0.09017247287969066
ENSG00000242265,0.5737774486783107,0.5255085789712199
ENSG00000135249,0.035773639280813764,0.06739209001371398
ENSG00000205356,0.8115528693205356,0.8212353738515776
ENSG00000177683,0.09532863253140338,0.2312008891904829
ENSG00000135185,0.48160535359887113,0.5234594024816738
ENSG00000106355,0.8369286231281627,0.899781501199965
ENSG00000106367,0.40408312397095414,0.9534787952544854
ENSG00000106397,0.0005713251932956677,0.002742212569008376
ENSG00000135218,0.9443377928778621,0.4505796667117252
ENSG00000160862,0.5704147746862565,0.5646721076011068
ENSG00000127920,0.9657443000290357,0.5081936235031839
ENSG00000075223,0.2769717395755618,0.5204750188091878
ENSG00000146802,0.06250732309846257,0.3284397088900029
ENSG00000135269,0.5654331450115996,0.5858680036430677
ENSG00000135241,0.29222295942559656,0.4259930751514863
ENSG00000105854,0.6190726987765724,0.692092755981284
ENSG00000127990,0.2828058630070835,0.12214153645456491
ENSG00000105971,0.7586221056944598,0.6923214652685219
ENSG00000128590,0.36439814267703674,0.9420781718887016
ENSG00000179562,0.10824980463175261,0.29770597108672114
ENSG00000198839,0.352357150259469,0.8816468081836343
ENSG00000184903,0.26004850909748867,0.12077891529072249
ENSG00000146955,0.8072787143950535,0.4922609066963114
ENSG00000198420,0.8751847485777027,0.9045538144446837
ENSG00000197157,0.24323535874533386,0.36053344085109484
ENSG00000105880,0.4617248438729835,0.8781548022522964
ENSG00000004059,0.01662319993567617,0.16110060307712973
ENSG00000196937,0.8563742242341457,0.8855242515614372
ENSG00000214194,0.27063529115879376,0.5970185750461756
ENSG00000006453,0.33750799384377056,0.5171116200399398
ENSG00000106086,0.08586807569637411,0.1996423123083307
ENSG00000269955,0.03484056163229107,0.1897702650862037
ENSG00000106049,0.028488484809324522,0.11453391192802624
ENSG00000170632,0.07775844043493596,0.20509951843089363
ENSG00000243317,0.4759629849723983,0.7719896705006353
ENSG00000059378,0.2680725304090639,0.49630193343929574
ENSG00000128567,0.35662232913084124,0.896314930473793
ENSG00000126870,0.13428293481589232,0.36319478452069465
ENSG00000133606,0.8345852278707059,0.8236023868681048
ENSG00000127955,0.9418607575977928,0.5395825040724493
ENSG00000133574,0.6679580250988166,0.521364322128505
ENSG00000128607,0.4141359581042574,0.48106465160824485
ENSG00000128578,0.4137871541927166,0.09196563357223883
ENSG00000006377,0.09049427077190103,0.38495695277544373
ENSG00000196335,0.9219778190693593,0.9896747134587961
ENSG00000128513,0.014396558266995138,0.02887562439415442
ENSG00000105887,0.6115800876411426,0.7149903714158965
ENSG00000164603,0.4793532987110317,0.711229848733301
ENSG00000170260,0.6335609814279619,0.8345906327732502
ENSG00000106153,0.29954517661962865,0.3301669248817072
ENSG00000146842,0.27021985312616276,0.24008107838883186
ENSG00000105993,0.6557524227829106,0.8402536635750923
ENSG00000146918,0.17222747282147197,0.18677624279640037
ENSG00000204946,0.3713687044968501,0.2232635012698407
ENSG00000133561,0.33135997244246906,0.9853467306602716
ENSG00000106028,0.6108566300176393,0.845519848705133
ENSG00000155093,0.7547242556122473,0.8711230384546298
ENSG00000009335,0.1506007929794305,0.2848558853885129
ENSG00000064393,0.6646074725530497,0.9339434070063537
ENSG00000214253,0.6204028075318475,0.8903564423208659
ENSG00000106025,0.053476243544334515,0.07691067362124815
ENSG00000181444,0.34330413875301913,0.09371591294107556
ENSG00000164713,0.32693033706074476,0.47282795820565415
ENSG00000179144,0.5585531184474588,0.7336783204312438
ENSG00000157800,0.943191499470395,0.9173437956484628
ENSG00000241258,0.3997097650025554,0.34286195066534697
ENSG00000106034,0.7492121364564981,0.715625874917083
ENSG00000146963,0.30576726304569946,0.5748956909689049
ENSG00000106615,0.45828489477006196,0.6772147866261878
ENSG00000136286,0.3701804269703517,0.9205452457445259
ENSG00000071243,0.06908157594336867,0.10771741615264695
ENSG00000240204,0.5975006684789936,0.8390572402058893
ENSG00000106617,0.4591160887620147,0.47654138614963615
ENSG00000106479,0.538401385887316,0.773903413768936
ENSG00000172331,0.8590823949775033,0.8327354231884898
ENSG00000006530,0.23027729186030527,0.2440443230808194
ENSG00000186480,0.9300999790871113,0.9480598815868941
ENSG00000133627,0.20901498384791792,0.20510622868877953
ENSG00000085662,0.41751370495977236,0.6998999514720938
ENSG00000122779,0.6502696482548489,0.5287354913916651
ENSG00000006459,0.07056935438065315,0.08894323037252858
ENSG00000183742,0.4400201607724952,0.42730869024246554
ENSG00000198074,0.002307079449655145,0.0053977906620220045
ENSG00000091732,0.6924416591210579,0.8861376561656871
ENSG00000164898,0.39343588292316745,0.8965304423742089
ENSG00000106554,0.19890312960715087,0.26593760239154624
ENSG00000106400,0.03320316886046533,0.21790321557671555
ENSG00000170265,0.5778296863832854,0.6187930367197111
ENSG00000146966,0.021079930227862878,0.06680666102555569
ENSG00000197024,0.7906069407142853,0.9356636280067878
ENSG00000128585,0.6365579119132851,0.6993192467544715
ENSG00000158623,0.2649854766497525,0.1836557786128707
ENSG00000215018,0.5152884376908622,0.6160285651658591
ENSG00000168303,0.07712200534876718,0.08959021578291625
ENSG00000105856,0.15286204828982838,0.4998565755150035
ENSG00000175600,0.5899083853162522,0.9966305019704825
ENSG00000258227,0.46400065872996976,0.31286197979202
ENSG00000168090,0.2742963660325341,0.5514820240135065
ENSG00000166508,0.07056405296022965,0.06609783283423358
ENSG00000221838,0.74229675610913,0.5684449163355915
ENSG00000166997,0.12340357341534167,0.12496011295245979
ENSG00000214309,0.753415009631338,0.7650376704072308
ENSG00000146826,0.9733987099578632,0.8585842501655768
ENSG00000197093,0.9563478291831311,0.6059347438594282
ENSG00000160813,0.2620906932255595,0.5926682684392014
ENSG00000166526,0.5174069804537538,0.5155029833941794
ENSG00000105810,0.7655731946757746,0.9214793434518092
ENSG00000122778,0.2700405739090704,0.6838597471788518
ENSG00000136235,0.6780799681281401,0.6241044390932358
ENSG00000004864,0.3011964996628107,0.16524188702888595
ENSG00000136280,0.07480136932591742,0.036888331669494415
ENSG00000146757,0.28289430588398085,0.4578957994651125
ENSG00000006652,0.18557731730110713,0.38929012403616514
ENSG00000164867,0.812021357236265,0.6834191817276931
ENSG00000164885,0.2389727760000122,0.5400522605182307
ENSG00000164897,0.20285339603345895,0.4236628075612522
ENSG00000133612,0.08158591287103098,0.10019915131549205
ENSG00000033050,0.8876452169516831,0.44925345732242705
ENSG00000122557,0.2600069672474708,0.5057022978338156
ENSG00000187257,0.3783656078422729,0.6335531444135054
ENSG00000135211,0.2486483911059072,0.3744360553729055
ENSG00000006625,0.9793700388594031,0.9262565731485661
ENSG00000281039,0.16993183266272402,0.34394943443815684
ENSG00000106105,0.29267855218357125,0.5106681599904006
ENSG00000241127,0.004048003354932859,0.006819092407158348
ENSG00000006451,0.1489247589509026,0.328768036219831
ENSG00000106560,0.05663178733483495,0.23702220678695987
ENSG00000213203,0.6082496788392919,0.6915244563950576
ENSG00000106565,0.22282144734283715,0.13012476655450061
ENSG00000002933,0.08855537913873987,0.14621573334291724
ENSG00000133597,0.41463284522518673,0.4369379890913462
ENSG00000090266,0.66066417697489,0.9550413907031383
ENSG00000090263,0.8750716078565979,0.5877252477636155
ENSG00000105865,0.5500473516077974,0.3768036176750875
ENSG00000106484,0.36908313809710536,0.22243018341120224
ENSG00000178234,0.931502395622118,0.8689021724690409
ENSG00000160917,0.8023156147484235,0.7267068594777124
ENSG00000241468,0.08684805663906127,0.24051427555803362
ENSG00000198556,0.8532917872933254,0.5357215207732822
ENSG00000160908,0.7991290604242283,0.9130436899338752
ENSG00000221909,0.5762947807707244,0.38237032360679135
ENSG00000197343,0.7838407552089983,0.4971637801584009
ENSG00000197037,0.4173760084297049,0.4470705783614567
ENSG00000106258,0.8384128212405348,0.8296392540355438
ENSG00000176402,0.14191234348754195,0.11513351876768645
ENSG00000174469,0.6907739128556372,0.9876314663845622
ENSG00000170027,0.8219030856717815,0.9719057239229388
ENSG00000188372,0.7054907997985198,0.9164400875554022
ENSG00000106211,0.012760093988586164,0.0043427599814964135
ENSG00000171243,0.5025673697304015,0.679189922853205
ENSG00000075624,0.01013523776362994,0.015615238723714103
ENSG00000075618,0.8254574597821773,0.7929610074630629
ENSG00000082014,0.7392641733829667,0.8357606153256628
ENSG00000135164,0.04015589675726513,0.07377360788897137
ENSG00000106404,0.4326606063427719,0.2540504651054899
ENSG00000196652,0.23952291870922177,0.5529380439089671
ENSG00000002726,0.5141096395147691,0.5857268108847237
ENSG00000129103,0.22061689090423706,0.519571440440893
ENSG00000011275,0.35573250510678156,0.7104077418861929
ENSG00000164542,0.8582227773804687,0.7957213622429729
ENSG00000106443,0.608766489466178,0.8948652811993179
ENSG00000106477,0.016374685101657512,0.007949272604463112
ENSG00000091136,0.1868340005044364,0.6298628735470232
ENSG00000127399,0.9588343191630431,0.8412392371129888
ENSG00000106538,0.5310030829572119,0.7168804614799064
ENSG00000155561,0.027154987557563712,0.09901800678984786
ENSG00000136193,0.5224319144627276,0.871640912461351
ENSG00000106080,0.8725393026325463,0.6319007494231745
ENSG00000106624,0.874317686118072,0.48210440671814336
ENSG00000176428,0.7324452464887832,0.9880097580458171
ENSG00000176410,0.6970980328871359,0.3739145155523619
ENSG00000106089,0.8800116785120871,0.8255685276098689
ENSG00000165215,0.7545700472413736,0.9474894647127804
ENSG00000165171,0.8012417783875835,0.36050686270945653
ENSG00000106344,0.16879762696821038,0.1971427094785638
ENSG00000106348,0.7008371112219414,0.7932370823723477
ENSG00000135245,0.2693144777315436,0.2804317442503416
ENSG00000165055,0.5672683046474621,0.29135569372999764
ENSG00000160993,0.09843723131281873,0.28611641744321575
ENSG00000161036,0.4704038959408714,0.5143896557199992
ENSG00000267368,0.132623835263679,0.37493937364663377
ENSG00000105792,0.45613688685834464,0.3265942942822114
ENSG00000105793,0.06509203478467768,0.13731267076105896
ENSG00000157224,0.2880089594730832,0.492329683930519
ENSG00000058091,0.727264204672077,0.32897162151110854
ENSG00000157240,0.639397103288752,0.3586612773112884
ENSG00000105974,0.7769806865348352,0.4486782134588957
ENSG00000105976,0.4849830825197585,0.7051076848238027
ENSG00000050344,0.0036760289602697583,0.04326574093064338
ENSG00000122565,0.47255272107529156,0.5117893465962113
ENSG00000106588,0.5588004066891745,0.6704590184021602
ENSG00000106591,0.7220647379934254,0.7711290710273417
ENSG00000105821,0.16811854839400237,0.23374299779269606
ENSG00000106683,0.11888594911984725,0.07911862092322246
ENSG00000161057,0.4592375680121177,0.414292515287887
ENSG00000005469,0.44164566685333306,0.4631702811996351
ENSG00000085563,0.8120397385533074,0.559198772454873
ENSG00000196262,0.4965321572512046,0.7419801957880521
ENSG00000105968,0.699234609666604,0.7054036076724954
ENSG00000146676,0.3456770227444559,0.34324712944864033
ENSG00000136279,0.39862512967824726,0.8276296541304791
ENSG00000122678,0.6518310064688992,0.8822340601214829
ENSG00000106636,0.5118530162077626,0.8538513946061813
ENSG00000127951,0.42320539009085667,0.9747593556109663
ENSG00000146535,0.42809872037439844,0.891591568751303
ENSG00000086730,0.709836269818436,0.5631242393637804
ENSG00000049541,0.11542983628915612,0.37654338010957056
ENSG00000106665,0.9280290807544582,0.8463582982274207
ENSG00000122641,0.6217686095401505,0.7354881858477677
ENSG00000282173,0.8066037715069481,0.9335915842943225
ENSG00000211751,0.3544841193128927,0.6363564101180564
ENSG00000211767,0.36499490596938666,0.6881005748642344
ENSG00000211771,0.14966852476432022,0.23493288873967472
ENSG00000128609,0.8931171290816892,0.7669124982937173
ENSG00000106299,0.16518502417021427,0.22038684845143489
ENSG00000106333,0.47926457324805083,0.9611046146774179
ENSG00000106330,0.16935907741228398,0.3144684342168141
ENSG00000172354,0.19409164223748718,0.31035346504278233
ENSG00000172336,0.0703295378486262,0.26503545589752764
ENSG00000196411,0.7534696185443777,0.6826267364804104
ENSG00000146828,0.6365202068894927,0.6961729194631839
ENSG00000087077,0.7147489779879854,0.8965381518848963
ENSG00000087087,0.9143697648245199,0.7578790134505794
ENSG00000146830,0.8444142402647242,0.793250226414447
ENSG00000178397,0.262343339671166,0.6604021788428813
ENSG00000164535,0.17080856175341394,0.5236950264806634
ENSG00000136240,0.16963928891623958,0.3423661942359815
ENSG00000164889,0.3823346301420738,0.35057834590437653
ENSG00000128596,0.9334157055193043,0.9907890245304674
ENSG00000128524,0.022990338323860812,0.14876189070021975
ENSG00000272899,0.4218048394317834,0.36371493071051963
ENSG00000158457,0.1392127654264227,0.17015130785385715
ENSG00000128602,0.19595492346799506,0.2840116820298504
ENSG00000106571,0.4901881710928685,0.21445874963090275
ENSG00000105926,0.14768758143724683,0.34174081876967455
ENSG00000004866,0.908690948052906,0.881617394267405
ENSG00000128591,0.042273503446551695,0.016613536244924884
ENSG00000164597,0.18162321755056157,0.24833312785242226
ENSG00000197150,0.8611804818560151,0.8817301508898181
ENSG00000154710,0.174199312167408,0.398959325762154
ENSG00000146833,0.22762493694607724,0.45474855030570605
ENSG00000243335,0.9461941514315299,0.6198076272534716
ENSG00000180535,0.4971954748424028,0.8745545613572512
ENSG00000146574,0.4612397226813113,0.7177707329506459
ENSG00000136237,0.07791767689254646,0.3331090598875057
ENSG00000087085,0.28552264206837186,0.5968584233402452
ENSG00000257923,0.06403457647568736,0.17446879774729032
ENSG00000105835,0.06837939623095647,0.1312446763932127
ENSG00000146858,0.046592974179200934,0.10412302577954678
ENSG00000105939,0.7475418278354611,0.8169292968857755
ENSG00000105948,0.20165420946272572,0.2005946883735137
ENSG00000157741,0.4522444624805533,0.5652700145717511
ENSG00000128610,0.3783302969678829,0.9386338063465987
ENSG00000008311,0.31963926006094906,0.44205517966284835
ENSG00000128563,0.3835342630041141,0.4332976376998785
ENSG00000164815,0.1732476496684666,0.1582849121412449
ENSG00000122687,0.8134786027178976,0.7404767284181073
ENSG00000106266,0.4461965150610111,0.7969523258165059
ENSG00000136213,0.26044930262241217,0.7256850245712188
ENSG00000002822,0.9268431434405972,0.9176316769843054
ENSG00000122674,0.2008732745286157,0.2704016825405362
ENSG00000106125,0.6954213812513154,0.6495593099665973
ENSG00000240583,0.6405855120540698,0.8723603995306112
ENSG00000013374,0.2367118788304445,0.3709893312432403
ENSG00000197448,0.3371447630324049,0.8236986961810715
ENSG00000178826,0.4338582631040373,0.48194888684169035
ENSG00000106144,0.906663604902888,0.8093171291683421
ENSG00000159784,0.14824700665519286,0.25577927684139756
ENSG00000159840,0.7135782320123023,0.6797814099488187
ENSG00000146904,0.7582134441999144,0.3611613528586085
ENSG00000127914,0.8161181056501842,0.8033469582307418
ENSG00000122591,0.7943226404483088,0.5976342968470096
ENSG00000106268,0.4936712770737117,0.8603271056795265
ENSG00000106682,0.8518569768854027,0.8933113334623647
ENSG00000164638,0.6382743413197753,0.4485150927096373
ENSG00000155849,0.7598776549041627,0.548176626079055
ENSG00000189143,0.2476338879132564,0.35021349490795073
ENSG00000146776,0.3764880961559398,0.6761997300884737
ENSG00000161048,0.08484124914455415,0.10453545664175579
ENSG00000132434,0.14916324064430728,0.28834962225849103
ENSG00000055609,0.07634572856273644,0.26798088207560394
ENSG00000146674,0.07462215683771915,0.00972603276511292
ENSG00000122642,0.9399469214903493,0.9339713237913195
ENSG00000122643,0.7338949370624126,0.6423991223943711
ENSG00000164610,0.7359443284160588,0.47407420660227817
ENSG00000197008,0.28348727637290677,0.34292001796765836
ENSG00000187416,0.04243096210839811,0.02254588654421496
ENSG00000075303,0.592988109165552,0.8983729786995827
ENSG00000075142,0.1395858392220503,0.2107236845332763
ENSG00000127954,0.03417416808723433,0.07490339840308068
ENSG00000008277,0.30777124640238235,0.282092677150172
ENSG00000186088,0.7507986025481151,0.6797199487071516
ENSG00000127947,0.8310347403602363,0.9958870779029714
ENSG00000122783,0.25676155073767637,0.26612393685262964
ENSG00000146859,0.24440972601707459,0.6671114005041809
ENSG00000105875,0.8672685607479199,0.7492594166844349
ENSG00000243896,0.364931208182697,0.13642660828295697
ENSG00000050327,0.8568247699340331,0.6875687357925461
ENSG00000184863,0.171022534790521,0.17457823317640872
ENSG00000164690,0.2092990267436416,0.11514664642212687
ENSG00000105982,0.4750955810539569,0.36065786462977756
ENSG00000105983,0.20305061522410225,0.3237076945924598
ENSG00000146909,0.07913521437095898,0.09048256020947483
ENSG00000130675,0.2823416016734844,0.2785636775043181
ENSG00000106462,0.5445429412260658,0.34596307093362255
ENSG00000055118,0.2383851120123393,0.13263789357378558
ENSG00000135205,0.1430786838049897,0.21530919244578775
ENSG00000236609,0.09410731976246256,0.24609716600733095
ENSG00000205903,0.25334926614022074,0.5140709919069135
ENSG00000164631,0.1869036663448968,0.37983544008539705
ENSG00000106077,0.09423974507722992,0.3408397756066299
ENSG00000169894,0.2582093290948284,0.31204821634066926
ENSG00000169876,0.33889047821352164,0.4205461200459084
ENSG00000169871,0.5544754659956563,0.9048508594154943
ENSG00000105991,0.169657027104034,0.107070091222899
ENSG00000105996,0.1388890215777837,0.12424651462419725
ENSG00000197576,0.003799217941603259,0.00027615915218461636
ENSG00000106004,0.13989973280900359,0.04922941300871671
ENSG00000106006,0.7616444447284637,0.4966646305493141
ENSG00000122592,0.5159247966638321,0.27782328296300235
ENSG00000078399,0.9388417926572656,0.8713916807480458
ENSG00000005073,0.9167063899771568,0.6290189282406966
ENSG00000106031,0.5724017151460442,0.6736241875787063
ENSG00000106038,0.7671223563537611,0.9241763415775434
ENSG00000130305,0.8703189796875438,0.6810951992220428
ENSG00000274070,0.056618169298556426,0.10430763918233862
ENSG00000274523,0.13514507966955983,0.15562084632937584
ENSG00000146587,0.22470446246990086,0.534710785115696
ENSG00000171130,0.6983503448035266,0.4997208808487995
ENSG00000106052,0.6752833832076495,0.9891380633867789
ENSG00000091073,0.23455543350418784,0.3743891954456676
ENSG00000064419,0.8238203645081119,0.9444334736111479
ENSG00000182095,0.16985298085212394,0.5471591782638203
ENSG00000205277,0.016884361815512436,0.13655562632788448
ENSG00000078487,0.3113061555266161,0.3864158383689691
ENSG00000170379,0.24512826468922244,0.24085735022038723
ENSG00000219545,0.07444885264802552,0.22885327786494183
ENSG00000105997,0.4318235317432989,0.1767677451445336
ENSG00000234444,0.2588437203113608,0.13056859246994743
ENSG00000173041,0.1618969479747359,0.25332635081950605
ENSG00000214022,0.35576477870469503,0.41605778098595914
ENSG00000196456,0.9742675900005816,0.8353449592616783
ENSG00000171115,0.5398041847420375,0.72764456152785
ENSG00000106526,0.04943139992394893,0.0238671733698798
ENSG00000213462,0.7559512733902778,0.5601429177495103
ENSG00000164548,0.5046648032758538,0.45210940366747976
ENSG00000169193,0.1570790261359157,0.3328081006316145
ENSG00000188732,0.24165374497268372,0.5229836117088996
ENSG00000105808,0.40869719457237197,0.37671380428711865
ENSG00000001630,0.44657773382471877,0.557413090357103
ENSG00000213214,0.2231671755209121,0.5792439351745264
ENSG00000001631,0.09397567406672803,0.1690164173037741
ENSG00000196313,0.09687848167065699,0.23246067933319625
ENSG00000009954,0.48859108215068126,0.710589615665314
ENSG00000106635,0.3697535388263412,0.6601113464779951
ENSG00000006704,0.525746894259201,0.36937158014029026
ENSG00000272391,0.08006828780274364,0.2566385299113748
ENSG00000127946,0.46741238091281423,0.24583803898263473
ENSG00000006606,0.9183665534178598,0.41232215036003017
ENSG00000106178,0.03796262379526959,0.02729044041002139
ENSG00000005486,0.0017839344743921474,0.013233099166472344
ENSG00000189077,0.1490795928904125,0.1675906634820074
ENSG00000127952,0.6621209861422547,0.8056289948154108
ENSG00000146701,0.594186926879164,0.7508410462913624
ENSG00000062582,0.7613291755670074,0.8259878559592736
ENSG00000106608,0.7630836493609748,0.827232948605354
ENSG00000078967,0.22222078042644175,0.3252372026658288
ENSG00000146707,0.1526770276088195,0.2419260548647671
ENSG00000196247,0.16762343323390508,0.4003435647061515
ENSG00000136273,0.23544087672159372,0.3315491398315957
ENSG00000158683,0.09108460611819613,0.07940532515275284
ENSG00000158517,0.5386506270470569,0.8004209029839997
ENSG00000285292,0.05642160382203824,0.18824561334301124
ENSG00000106263,0.23010398901196397,0.38956810874036274
ENSG00000106009,0.4687770636185551,0.445952336769338
ENSG00000128564,0.08455194033103339,0.05466878990028656
ENSG00000048405,0.04797035410620393,0.1380202271116276
ENSG00000128512,0.9143416296387759,0.6077372358892845
ENSG00000166529,0.6834212997509901,0.4057465905987395
ENSG00000164896,0.1811326801695738,0.20911983652128338
ENSG00000198874,0.2167729923644103,0.39287254202645316
ENSG00000155034,0.9872592219945724,0.5827951806253366
ENSG00000055130,0.5203366805386012,0.5755344430734768
ENSG00000198898,0.9206022967546839,0.6593365511172529
ENSG00000196511,0.3724855212761461,0.3107182803126148
ENSG00000136261,0.23401518211619374,0.36453741386503813
ENSG00000136243,0.23709860090707066,0.4313058523873444
ENSG00000105778,0.04040705880726653,0.14292058453115525
ENSG00000106003,0.8711765956362144,0.9740603616090665
ENSG00000106638,0.6892394938218864,0.3927574132409114
ENSG00000152926,0.7111134726385958,0.7660557453915111
ENSG00000091140,0.0947765505747178,0.22086187727438392
ENSG00000253276,0.6085094376369738,0.670293045720779
ENSG00000174428,0.9840243645572082,0.8869112373241578
ENSG00000170852,0.4416387718095611,0.8440475674749923
ENSG00000196683,0.5111162792022069,0.7339060120617034
ENSG00000117868,0.675782891243232,0.842726288231517
ENSG00000164850,0.33866329265204126,0.6386017168796609
ENSG00000253293,0.7044815908436335,0.3784260351527323
ENSG00000275896,0.3560065964261857,0.2825957191798191
ENSG00000081803,0.6846086753944621,0.5284789222391894
ENSG00000136197,0.1211632723454964,0.30042806457279536
ENSG00000257743,0.4950189154701232,0.5932391970691009
ENSG00000158467,0.011450705462889016,0.024196646555626634
ENSG00000106346,0.05360297841991969,0.1912752975773326
ENSG00000121716,0.8232135300018449,0.7819530388982127
ENSG00000049540,0.5630859428503295,0.2972463460470837
ENSG00000106290,0.19576014232974137,0.27580492849388233
ENSG00000176532,0.5130354719739585,0.5245439324447654
ENSG00000263001,0.15405595136452,0.4170078491638326
ENSG00000196275,0.07276785716906481,0.053244681691368624
ENSG00000127922,0.0974746813115089,0.3489006676574119
ENSG00000173852,0.20886371223455674,0.2639949202467572
ENSG00000105989,0.8859073708855029,0.5178663990833003
ENSG00000077063,0.26106935567747475,0.31398541570314337
ENSG00000033100,0.2948364121716191,0.4756667242655003
ENSG00000160991,0.6548783846924976,0.8452698666670788
ENSG00000164647,0.2384072076128312,0.5354262737656419
ENSG00000157214,0.7849050954221573,0.8983959392362754
ENSG00000196453,0.20637999011186367,0.34816065814882335
ENSG00000181220,0.8735756828403439,0.9313534875964797
ENSG00000004799,0.6505842997502238,0.7767495776428274
ENSG00000158560,0.8386198521984151,0.5905344204279098
ENSG00000188186,0.5429952815436863,0.9408842430650631
ENSG00000135272,0.4047283805801539,0.18196649949315907
ENSG00000005075,0.013651708144445942,0.07867893314683165
ENSG00000198517,0.5122917071769484,0.9287399712296719
ENSG00000164855,0.06686591578036184,0.20175512247362015
ENSG00000157778,0.33841387899092035,0.6044694331606815
ENSG00000128606,0.8212006122657121,0.7939270973585799
ENSG00000106351,0.5986263555114313,0.9565463055241595
ENSG00000205307,0.18221730614044063,0.1856992043132378
ENSG00000241685,0.29580305840767035,0.47806371206808407
ENSG00000130429,0.23741243477517016,0.25100907942290634
ENSG00000106244,0.03815165670264597,0.15893904268650833
ENSG00000106245,0.2596928821705939,0.5666744257725949
ENSG00000146834,0.6463025055864028,0.6782528232034453
ENSG00000166925,0.1517530659425732,0.1468381672186922
ENSG00000136247,0.04594445078927145,0.1491757354231225
ENSG00000146576,0.6154409660597246,0.8485792976147396
ENSG00000136244,0.6521211332086008,0.32035718165788596
ENSG00000176125,0.6900526640600493,0.20015242890266846
ENSG00000106603,0.1199012442217253,0.08141636114267707
ENSG00000183696,0.8468901929652104,0.9032850609302868
ENSG00000284691,0.7767534019971032,0.5976126151412638
ENSG00000164692,0.44177499695416644,0.9961215595030656
ENSG00000127995,0.04473298861887396,0.14321079962210045
ENSG00000106609,0.32940312799743043,0.33232528961838115
ENSG00000153814,0.6506120033831482,0.31380567092181394
ENSG00000126524,0.9821675811390158,0.8741181303969553
ENSG00000205238,0.8039501033196139,0.8049539530575547
ENSG00000086300,0.13106623541062354,0.3074408428170142
ENSG00000010270,0.2650261074742304,0.5559467340066391
ENSG00000227191,0.2025131730009006,0.8948017146283258
ENSG00000196584,0.08910547319821405,0.03461713531861474
ENSG00000132436,0.02106652216779265,0.014474616845385842
ENSG00000132437,0.047666043727651236,0.04302673335445321
ENSG00000185811,0.30579713557187543,0.9940333205687643
ENSG00000211747,0.03578018034472561,0.07194156953346997
ENSG00000198286,0.05351824333514436,0.14754467948285252
ENSG00000277149,0.0063631414039405435,0.01335577774277387
ENSG00000105879,0.16855649697881397,0.2555519548144291
ENSG00000091138,0.010788998101435349,0.011169706911856855
ENSG00000160999,0.4678242247659783,0.23396500088918823
ENSG00000106628,0.4320888082497454,0.5613316221666096
ENSG00000205060,0.49479547038460137,0.5709128954895235
ENSG00000122566,0.8385265237150595,0.8009226645561989
ENSG00000197362,0.7322319544942397,0.7157665708242777
ENSG00000204947,0.046227280052548454,0.09305734078133106
ENSG00000155660,0.6656982786029537,0.5513127565923797
ENSG00000105894,0.5290999367309124,0.4610345874377617
ENSG00000106305,0.09247833496274496,0.25157452361658833
ENSG00000001626,0.046325441319244126,0.0906872919281577
ENSG00000205413,0.3765648218388087,0.7985735973208781
ENSG00000188175,0.0008178480059384752,0.006195174376562737
ENSG00000177409,0.20915391734791516,0.8351180861442364
ENSG00000122512,0.08284206457898881,0.15899281163566498
ENSG00000197461,0.675075385796143,0.9570491768387799
ENSG00000158321,0.27077664509027255,0.5168742863684378
ENSG00000146648,0.09929421101909128,0.5269668452764891
ENSG00000128604,0.9727485988162275,0.8203866213385822
ENSG00000015676,0.8414460922709655,0.7209401466453401
ENSG00000065883,0.13032793612267402,0.2919334482737651
ENSG00000005483,0.5545240838850732,0.8537621074614321
ENSG00000106078,0.16139077602263618,0.3390036896105002
ENSG00000288558,0.8629672586021201,0.8187711414486225
ENSG00000075790,0.4213077481748486,0.5249213777097008
ENSG00000086289,0.2687441477899997,0.4728827268500789
ENSG00000131558,0.40282836685290946,0.42390047722037105
ENSG00000085514,0.5489094437264007,0.28394203205715973
ENSG00000106246,0.48952311599688636,0.6302336407036193
ENSG00000248919,0.11754510515298118,0.23500350741277082
ENSG00000164818,0.12053054234432177,0.2143066621127219
ENSG00000188191,0.255733772818719,0.30117971370740737
ENSG00000128573,0.7235374719381662,0.8037890663832117
ENSG00000196329,0.2979256418364248,0.8293854666841282
ENSG00000128534,0.09583278543248303,0.0771648060402575
ENSG00000106012,0.4628034721651093,0.6146351608938636
ENSG00000136295,0.1764592954074856,0.10195801912064317
ENSG00000136238,0.8818653092664626,0.9876337998231068
ENSG00000009950,0.748145580193615,0.8754281443517524
ENSG00000106460,0.05900127620904507,0.13708845502004272
ENSG00000106459,0.21174183415571995,0.1782939403440498
ENSG00000186591,0.5014908405617632,0.5153831435371252
ENSG00000196367,0.02768759944226305,0.09163302775984399
ENSG00000168255,0.03529907413951032,0.06641512188068291
ENSG00000284981,0.31309592650962526,0.5135705929704367
ENSG00000285437,0.9762757084922541,0.8830358128012691
ENSG00000228049,0.3648051384080362,0.5452409398090855
ENSG00000136205,0.3258570610876248,0.7592942341482756
ENSG00000122545,0.5243951111644507,0.4692114733492404
ENSG00000091127,0.2951315834734833,0.1332233449729331
ENSG00000157764,0.4767358828421743,0.7975497998481781
ENSG00000153956,0.2649418355381994,0.05324107871944449
ENSG00000122786,0.7560177090525755,0.2183421927726036
ENSG00000128595,0.34590440064893513,0.7222045618204986
ENSG00000157212,0.3000743609222133,0.33094419816624054
ENSG00000077454,0.026747258483434518,0.06443450598695134
ENSG00000135250,0.1259872530573111,0.3170352347037408
ENSG00000008282,0.6472184182355313,0.641108308026993
ENSG00000006468,0.5018433302829348,0.34495860154107416
ENSG00000105819,0.2655471139216015,0.20184617723849357
ENSG00000127948,0.624592189665485,0.5323666702707845
ENSG00000005249,0.8736534347220318,0.6295632719366058
ENSG00000006576,0.6195348222882175,0.8869966958079397
ENSG00000179603,0.08334703670793524,0.21715489687746425
ENSG00000106069,0.09400508873613732,0.11502164777823627
ENSG00000182158,0.3043393304723786,0.1637614544951721
ENSG00000105849,0.04026598158150555,0.09311200544323145
ENSG00000071462,0.2634988414624187,0.7919573376305526
ENSG00000080802,0.3389465849268941,0.5769608850500085
ENSG00000015520,0.7770918419000195,0.3872611276476108
ENSG00000136271,0.050380734843441646,0.14630831047538548
ENSG00000158604,0.9682220714966727,0.962430811172653
ENSG00000105953,0.30414383244890253,0.7092901525933455
ENSG00000122515,0.12500781227273683,0.49083321940450175
ENSG00000048052,0.8647160677217243,0.7696734274363632
ENSG00000059377,0.8944636978669261,0.7632116621584493
ENSG00000170667,0.46741336212314555,0.28676803657832106
ENSG00000270505,0.25675729116680024,0.5843348260204524
ENSG00000281179,0.25675729116680024,0.5843348260204524
ENSG00000278263,0.22945894883050533,0.8425366244073704
ENSG00000166140,0.13193548106991837,0.2764590163991813
ENSG00000104081,0.20924888620389492,0.4587132405748706
ENSG00000198146,0.11796706545048834,0.29782905376999325
ENSG00000137801,0.1166333177266699,0.41453881194869446
ENSG00000021776,0.265852813636214,0.42772692367081644
ENSG00000128829,0.8709718806161326,0.88091802469577
ENSG00000134146,0.1602360369439687,0.17041465582714183
ENSG00000188277,0.018059192345578675,0.04447526031382474
ENSG00000166068,0.19451263870340937,0.5587031166528819
ENSG00000248905,0.24059276550913933,0.4288759078754002
ENSG00000150667,0.1692978424261089,0.11144599328362781
ENSG00000051180,0.0875837838255421,0.1323924797995246
ENSG00000159251,0.015723442562700914,0.03375482633503245
ENSG00000166734,0.19382823474583777,0.37137171603592345
ENSG00000138613,0.3102011852506958,0.5009722661055388
ENSG00000171877,0.9450939372440501,0.9451271250112089
ENSG00000137770,0.07726745987741128,0.23462608932000414
ENSG00000157456,0.12475371408325506,0.17358522347478944
ENSG00000166200,0.1413088549512737,0.3144468222528888
ENSG00000137834,0.8507958226398742,0.8444304790051878
ENSG00000137776,0.07175114493795734,0.19581857050843127
ENSG00000138593,0.3781849683387689,0.7623056052236747
ENSG00000103657,0.06665267343366772,0.26254369196031796
ENSG00000129028,0.08733976883508708,0.279192865531502
ENSG00000137880,0.6036588372070404,0.6221617196124272
ENSG00000074410,0.061304157817215287,0.10543779438811803
ENSG00000157483,0.4066252751220354,0.2369753080267829
ENSG00000166128,0.3440598367213762,0.9179888873131188
ENSG00000166233,0.028056244799316964,0.13324482557562503
ENSG00000137841,0.20990360732423463,0.7298733495985612
ENSG00000137809,0.9996075451974614,0.47079185332081697
ENSG00000074696,0.06336742624879843,0.16241713601968868
ENSG00000156642,0.14365401260335833,0.39743054640447095
ENSG00000178802,0.13316251769957416,0.09468544537318795
ENSG00000169018,0.06676304807277962,0.2327178231801464
ENSG00000140464,0.7277857404010666,0.53572154568692
ENSG00000178741,0.2781800207160206,0.2387743657764953
ENSG00000128918,0.21224480561096618,0.270057443074975
ENSG00000067141,0.03273080951640919,0.16737705789862517
ENSG00000140382,0.1017872729640734,0.2541824228951902
ENSG00000140284,0.0016260632402519649,0.006650302640817089
ENSG00000136381,0.03890823542985559,0.07398628157646418
ENSG00000189227,0.06876041616261627,0.1034373610057862
ENSG00000138621,0.28979555085075404,0.5883597607076583
ENSG00000179151,0.07671012226940181,0.20424089976084916
ENSG00000137764,0.010921253718877488,0.0762208286520681
ENSG00000136378,0.2289142458192832,0.5470895372797107
ENSG00000041357,0.2780013815630204,0.2494588879332266
ENSG00000140474,0.06937673836542424,0.2647655096340936
ENSG00000173546,0.5304281532592162,0.12128116484279973
ENSG00000067221,0.2789059168874801,0.14734696794040747
ENSG00000081014,0.14815739404994424,0.3175333730311449
ENSG00000129038,0.9799371154806885,0.30816042761390944
ENSG00000285253,0.053576936997937794,0.10448221921535489
ENSG00000138587,0.16251111952592007,0.22870978960331012
ENSG00000156958,0.052740024956757094,0.07964720796847272
ENSG00000080644,0.1887946084009229,0.11859088159652428
ENSG00000066933,0.05979378721046524,0.2442808184281745
ENSG00000092529,0.38562753713401965,0.9355840222648146
ENSG00000256061,0.9039983942020616,0.9413887417168864
ENSG00000178761,0.7629305733857863,0.42957671231858197
ENSG00000137824,0.169019043050608,0.49191412652558086
ENSG00000198794,0.9875279067913612,0.7149031923361469
ENSG00000169684,0.26595313871185605,0.4121824657492824
ENSG00000166426,0.6615267994359644,0.8354625627238145
ENSG00000137831,0.26740932664254485,0.7556018371169302
ENSG00000140497,0.09538202870509685,0.30693291225383074
ENSG00000169371,0.07293452440390573,0.15551494498731575
ENSG00000166415,0.38288126815120704,0.0527614532704222
ENSG00000140386,0.00991551072860651,0.08468849818221418
ENSG00000188266,0.07922949253217736,0.07971438015919943
ENSG00000104129,0.12397316865575984,0.23697205233920288
ENSG00000140455,0.03492082892908778,0.11088024683379295
ENSG00000136379,0.06723798629729452,0.096851643489775
ENSG00000166557,0.4218322883849851,0.4077044369181676
ENSG00000103888,0.757643893465904,0.8900203453320441
ENSG00000166073,0.8275560379090721,0.6002863565143557
ENSG00000103569,0.8927019260002355,0.7015011925385841
ENSG00000169609,0.0828842142302453,0.04098175843899801
ENSG00000196547,0.3898861069689835,0.9147251075973841
ENSG00000073417,0.019607185791971137,0.0862387792037184
ENSG00000181991,0.17520278105122866,0.42215123673736654
ENSG00000166831,0.029073497790588418,0.013743370120559638
ENSG00000166173,0.9550661031215083,0.7192313315728465
ENSG00000069667,0.3514869561738805,0.6801076201845003
ENSG00000140319,0.9876426614861701,0.8281580746910822
ENSG00000074603,0.09316875384410703,0.23349642099402476
ENSG00000255302,0.6149618083536005,0.9498859724844698
ENSG00000140450,0.927704105277522,0.9080112745336774
ENSG00000169612,0.8526287508115021,0.5281314784644837
ENSG00000183655,0.16812000337577968,0.2712567019786265
ENSG00000176463,0.6632651939250733,0.9759873395918416
ENSG00000181026,0.7554240575338554,0.6741716712048663
ENSG00000185787,0.05836608742448307,0.22319382728615644
ENSG00000137845,0.10466563365945881,0.1985438354895067
ENSG00000259494,0.2977465879844917,0.37053963421181146
ENSG00000154237,0.012780639201157788,0.06232274436723627
ENSG00000168904,0.03928745553721508,0.04493636544296038
ENSG00000140443,0.5704879328660687,0.9848498910679474
ENSG00000128923,0.6781641182008238,0.5945583959156266
ENSG00000185551,0.15159348884746474,0.5788773975825445
ENSG00000103995,0.02231457189309811,0.05565848316696024
ENSG00000157470,0.4337239965799037,0.4709058261558019
ENSG00000064726,0.14223669036143283,0.2848330760604086
ENSG00000184254,0.851824803696212,0.2480069801523489
ENSG00000166716,0.3254160098196963,0.5530369187111306
ENSG00000166477,0.18864002064918278,0.3570046525564955
ENSG00000138594,0.1344525442372864,0.3251442486633178
ENSG00000237289,0.509083964547278,0.48696338882985946
ENSG00000223572,0.5432378402841773,0.38178374100221757
ENSG00000128886,0.16747229851927434,0.15647714715970742
ENSG00000140259,0.1010756450628541,0.38865549836546
ENSG00000074621,0.3228403577078918,0.3124688765700128
ENSG00000174485,0.007840996524391113,0.08060348894410399
ENSG00000103769,0.062033643427846084,0.16729953461005473
ENSG00000136425,0.3653246507051422,0.4363809527772293
ENSG00000166411,0.018711889562942067,0.06964126765185993
ENSG00000092470,0.028008468058501483,0.1150143548128181
ENSG00000156970,0.21366863452338586,0.2596392835702048
ENSG00000137872,0.006111231361932894,0.015416179342848545
ENSG00000170776,0.15534973014050987,0.45165162323152075
ENSG00000166143,0.22217232666051112,0.22259568960417894
ENSG00000178718,0.7458638213064377,0.7501748728889196
ENSG00000173548,0.09341534938441781,0.24800108818196184
ENSG00000166762,0.0787323397141513,0.09733343038072965
ENSG00000140262,0.06120817399370506,0.2361328659277203
ENSG00000134153,0.9972222385428922,0.9758424516183742
ENSG00000134152,0.029326132702666,0.05732795959662972
ENSG00000128463,0.4509848437734436,0.517855527394283
ENSG00000140526,0.3136014983792166,0.5830398396054245
ENSG00000140199,0.08761279470317294,0.36703312852117387
ENSG00000137860,0.024163532404667325,0.11157406014931379
ENSG00000171766,0.7320158766211917,0.9094834786863989
ENSG00000171763,0.44648352449823636,0.4760530333070717
ENSG00000104154,0.03203347298874462,0.13130896721269208
ENSG00000104164,0.054142320811984584,0.2191133515623483
ENSG00000137767,0.17299465414445725,0.35526493839297935
ENSG00000138592,0.021292708403355867,0.11129535983513303
ENSG00000092439,0.017055466376463456,0.06251940484504409
ENSG00000117899,0.30185814896465973,0.5375877829541356
ENSG00000114062,0.038026185651952746,0.09731058591149067
ENSG00000136383,0.7086593001398249,0.2296683354739723
ENSG00000169857,0.6888326162406423,0.8257939617882383
ENSG00000166262,0.9221796544370691,0.9318751805939912
ENSG00000104047,0.05877204116755899,0.22648289298904964
ENSG00000166797,0.058748838041731595,0.1509955727895433
ENSG00000028528,0.2821687330224572,0.5388330585677659
ENSG00000169118,0.08173247241221251,0.3018386158321942
ENSG00000166803,0.5788688090817664,0.42512686943731803
ENSG00000103671,0.13425460371955578,0.2026492629019997
ENSG00000159459,0.3933552197970397,0.5442436960190474
ENSG00000137842,0.01162259453163707,0.08296333403400291
ENSG00000168806,0.010579034976332504,0.03495791634867545
ENSG00000104093,0.05783663524896487,0.20034277097165099
ENSG00000140280,0.07065454833885318,0.24146509172503988
ENSG00000168803,0.029785707087120472,0.032770945801179965
ENSG00000197361,0.3439662152342078,0.19455637656212746
ENSG00000033800,0.05023882856654476,0.18307214005166686
ENSG00000138617,0.03933650178894936,0.10657683264756021
ENSG00000140543,0.22344890270435225,0.2541243465880949
ENSG00000128739,0.9556049889428236,0.2773305311483226
ENSG00000242028,0.6935514678611857,0.8027101014798959
ENSG00000157450,0.06304242455581871,0.22080339766814572
ENSG00000137821,0.8022883357462128,0.6274929920129191
ENSG00000166819,0.08768556242115266,0.1101535160285251
ENSG00000166821,0.20514167406399433,0.3329193635226663
ENSG00000243789,0.7451616377689906,0.8795490469898206
ENSG00000104131,0.07717688918939032,0.26000388891423415
ENSG00000103855,0.06387213385776011,0.2956080880474284
ENSG00000128915,0.006503295788198795,0.03713273227581438
ENSG00000166825,0.06851785866284989,0.022240152338244855
ENSG00000157823,0.7369056157421395,0.4933736305991744
ENSG00000250021,0.5690672330923154,0.8573106821130011
ENSG00000242498,0.4123372626060874,0.5383105201222609
ENSG00000182718,0.5843381163530283,0.5182997592934675
ENSG00000136371,0.5584885966043016,0.9835024916664129
ENSG00000259332,0.16722629677173276,0.27297454802353144
ENSG00000086666,0.12465632811264951,0.17575593950597937
ENSG00000140379,0.5192041976345247,0.9758846478485339
ENSG00000090487,0.20312646408778248,0.43026574774896464
ENSG00000103707,0.4490416863460074,0.4760647175567748
ENSG00000186198,0.025242802457745687,0.007776580308737102
ENSG00000103710,0.09093785393366446,0.02256939953297299
ENSG00000090470,0.03471900403559312,0.09981931772293565
ENSG00000166855,0.11749828466080382,0.23084222215695843
ENSG00000138615,0.18704331443591246,0.1906257401966358
ENSG00000182636,0.8799473288789132,0.22249711760128255
ENSG00000137819,0.03409132995799358,0.03569603233928754
ENSG00000137818,0.8272555425538555,0.6673383523158746
ENSG00000137807,0.10729773194565011,0.145848430944909
ENSG00000128833,0.016114849389661755,0.07284098867316911
ENSG00000128989,0.21910144025804593,0.543907029886274
ENSG00000131871,0.2443911526035672,0.299160861359431
ENSG00000131873,0.7529435557785387,0.7563395486409092
ENSG00000184277,0.7293189928777195,0.7698047829434621
ENSG00000185418,0.7573784579299149,0.8969133247737994
ENSG00000140479,0.4606173579524071,0.7566788606395967
ENSG00000225973,0.5540657399844613,0.25085653008009245
ENSG00000069943,0.07470256760190333,0.11743882579862662
ENSG00000137876,0.1479025017874465,0.2057256671607493
ENSG00000187446,0.4388333963920962,0.5444288061256876
ENSG00000104147,0.17303991461846552,0.21708865939816618
ENSG00000137804,0.6263667496704495,0.7175134314453862
ENSG00000137806,0.42592983178310007,0.6505531221844967
ENSG00000137825,0.3517596627315476,0.3116618615662975
ENSG00000062524,0.10777806140736483,0.2698863116696289
ENSG00000103932,0.028235956142835614,0.12103620950062594
ENSG00000092445,0.4562021883796241,0.53292525579492
ENSG00000169926,0.5793930312556776,0.5339235173910128
ENSG00000103811,0.17244060431696911,0.24500361727534528
ENSG00000179455,0.692616708062491,0.43740385579223307
ENSG00000140285,0.7079916126008827,0.36022629812456963
ENSG00000140264,0.06425476388209378,0.10965239214677336
ENSG00000103994,0.06243551085312186,0.3095855726721827
ENSG00000069966,0.28965729254431344,0.21699876052614858
ENSG00000104064,0.15940728524423456,0.30122645192746617
ENSG00000169783,0.7375873400832165,0.7960348519172218
ENSG00000166920,0.14013768477785707,0.3158025304502435
ENSG00000140511,0.48804052230021266,0.2458454602570894
ENSG00000157766,0.18418439175336107,0.1969464451614941
ENSG00000166949,0.1525599321248738,0.3719161085468139
ENSG00000103591,0.034319189001100335,0.12613321105712566
ENSG00000104067,0.3765127156714637,0.577794049406355
ENSG00000140471,0.10509431946600191,0.26895062787621693
ENSG00000183475,0.10529979734105605,0.1433138267097051
ENSG00000182511,0.9255623666398626,0.9116026038435404
ENSG00000197299,0.2578046114756364,0.24331832224578295
ENSG00000140564,0.6803917227364,0.8884850744825519
ENSG00000172183,0.758317104737749,0.5559033204399952
ENSG00000166794,0.9548509786525055,0.947033471154023
ENSG00000156232,0.08895514486526902,0.2992149349874971
ENSG00000166192,0.02642762188370474,0.0724454710542699
ENSG00000175318,0.01813069359176662,0.0079650590462095
ENSG00000137817,0.9356378819201561,0.7791060066969642
ENSG00000179361,0.13757877454573644,0.37934290336141496
ENSG00000128872,0.08884882458012999,0.23733527835675983
ENSG00000128973,0.5554392013501489,0.6103208291670239
ENSG00000243708,0.11072146983569396,0.15918180456704842
ENSG00000137871,0.18915471579012635,0.28284687364099836
ENSG00000137875,0.26674658834657333,0.19238707325757706
ENSG00000069869,0.2595549440639238,0.3264169317307832
ENSG00000140263,0.9271284889917867,0.7828975686317907
ENSG00000140279,0.07338946638207296,0.1847279949052806
ENSG00000140274,0.17778623629191792,0.3226834860507279
ENSG00000137857,0.7721119636710961,0.7018259132688001
ENSG00000186073,0.11303250092327131,0.23490767437722535
ENSG00000140463,0.13894673562600024,0.2668586071480146
ENSG00000159322,0.024688237530228252,0.11937944387433887
ENSG00000136404,0.5043388660012027,0.30486603976767657
ENSG00000166503,0.40376476166984987,0.436487624908124
ENSG00000137802,0.1700659717250292,0.43028420963839165
ENSG00000104133,0.2634796528517337,0.4437691954252796
ENSG00000172345,0.01818007521469006,0.07380799392458988
ENSG00000182768,0.22612333415730265,0.27112730521188766
ENSG00000103876,0.041446096166514346,0.03911018337744141
ENSG00000128951,0.10396306392155755,0.22218640424799663
ENSG00000166147,0.49860585624974263,0.9401772045199934
ENSG00000181827,0.09203304935305935,0.22937019298669595
ENSG00000198690,0.32928423074579405,0.5831869404612875
ENSG00000166912,0.02317920633952113,0.08349125097255604
ENSG00000213614,0.060329288134328155,0.23491368718919337
ENSG00000140548,0.9617816448869989,0.8817526275314894
ENSG00000182054,0.9635359436765172,0.9214841756707269
ENSG00000196391,0.13892816289755958,0.23923232846476838
ENSG00000140575,0.1448396532572023,0.39864755871833335
ENSG00000166145,0.24931544883854495,0.49555856999104175
ENSG00000179335,0.8724675053012841,0.9809551951516197
ENSG00000129007,0.08864711027897176,0.14345624838879525
ENSG00000167202,0.02661762150679524,0.1708737175136348
ENSG00000103653,0.4641586064877108,0.6818677935259809
ENSG00000183208,0.8002204692854367,0.8921904457097778
ENSG00000173517,0.08185775482087856,0.3889586823645309
ENSG00000047346,0.0851245250021183,0.4816144012577024
ENSG00000140254,0.21038242041289687,0.213490692706728
ENSG00000177971,0.15552697360290255,0.1765790436980323
ENSG00000215252,0.40836870931184155,0.5747333440623881
ENSG00000166938,0.08476539644161535,0.2510402049202699
ENSG00000075131,0.06967555458138858,0.05026450767548471
ENSG00000169032,0.3575953170577729,0.639893899190213
ENSG00000174446,0.11470455061373419,0.19959945151778566
ENSG00000174444,0.05693262365852243,0.19954760727071838
ENSG00000174442,0.06757549595148511,0.08470053515793073
ENSG00000198826,0.020891127200799952,0.10362139277424541
ENSG00000166923,0.7472356795860288,0.39646996573644355
ENSG00000128731,0.015033660071914265,0.07166459084947749
ENSG00000140406,0.8546466888842074,0.7314441259026593
ENSG00000259330,0.7996487289785945,0.29164913082798105
ENSG00000233041,0.2979060554916742,0.25413305468237307
ENSG00000140320,0.21937160971104938,0.5716376529946546
ENSG00000169105,0.9626368720815205,0.7144555443368544
ENSG00000128928,0.01583173901783564,0.05076862383125794
ENSG00000197535,0.6328405419747763,0.961568847179603
ENSG00000104177,0.6507232393096558,0.9808117663719107
ENSG00000140332,0.8246268539758721,0.7825360803565586
ENSG00000176454,0.6365189399731767,0.9389194983456082
ENSG00000172379,0.945812873825359,0.8189131677630004
ENSG00000131876,0.9749084423450414,0.8571460537340929
ENSG00000206190,0.9593660447779645,0.5030097184049918
ENSG00000128944,0.5878721452118765,0.6309083672921556
ENSG00000183060,0.29026887870004503,0.2414828382870872
ENSG00000140563,0.022713450766311507,0.0721655533793771
ENSG00000069956,0.1387099668159351,0.18388340789366586
ENSG00000138606,0.17671127362924902,0.21784698269739988
ENSG00000140577,0.7889234730853456,0.9204033713685078
ENSG00000167004,0.41784366607819234,0.5464326933768475
ENSG00000180357,0.10757432903221135,0.3824988870439905
ENSG00000180304,0.9985636154799429,0.45619894734009026
ENSG00000187720,0.12282099951776175,0.48522109147726533
ENSG00000171914,0.0015379414731199576,0.024318189791052727
ENSG00000166922,0.6268177105264794,0.4216049227473768
ENSG00000138614,0.02648701291267897,0.06953310515919635
ENSG00000137815,0.18017441431045136,0.404989830724677
ENSG00000214013,0.2504594329950911,0.7034576073181595
ENSG00000185033,0.7381112887902113,0.8492951756838365
ENSG00000188549,0.20008387003522562,0.17011601168131862
ENSG00000140545,0.4270850431793529,0.23173774570917927
ENSG00000185043,0.488711712499185,0.7901095252413266
ENSG00000151575,0.11606639977756518,0.09699452234555538
ENSG00000103966,0.11473255283700183,0.16359567899506777
ENSG00000103642,0.10688199293299072,0.37706723608082793
ENSG00000185088,0.828595484246852,0.8731921618613336
ENSG00000183496,0.6483767764326407,0.2763466548657498
ENSG00000182774,0.28729537924961546,0.31066123634023945
ENSG00000140598,0.05633055492869538,0.23181617227570558
ENSG00000140534,0.6076874657624406,0.6183583029886107
ENSG00000166813,0.82877653081605,0.8959393750181707
ENSG00000140525,0.3970794496943131,0.43541941017143315
ENSG00000104140,0.26299114772979265,0.14746676949943957
ENSG00000104142,0.49384189413073176,0.8643623378596956
ENSG00000128917,0.24156512336003047,0.8163014263801771
ENSG00000128965,0.48521530768861276,0.5924781069607907
ENSG00000128908,0.05786295502707654,0.20409814231012727
ENSG00000117906,0.11708918511086615,0.21225332886075318
ENSG00000140391,0.23622656742050185,0.1989606891416633
ENSG00000140368,0.7401243738193449,0.47634468632460514
ENSG00000260916,0.07379739938261042,0.3495876091243133
ENSG00000069974,0.025781076530730536,0.09294464588901108
ENSG00000171262,0.06721016340202883,0.1656964474792429
ENSG00000138600,0.06766373547557432,0.21457476390088895
ENSG00000140297,0.18141644824909678,0.27152550408268317
ENSG00000140307,0.176708002661363,0.26558919473517095
ENSG00000128891,0.07817101239583792,0.14478422761510604
ENSG00000166133,0.05890986100724394,0.07683499917787032
ENSG00000137812,0.01085634183630122,0.06529857127802773
ENSG00000067225,0.9838965633593422,0.8074286279064301
ENSG00000140367,0.062303523770386046,0.2064627835082098
ENSG00000167196,0.07009214873696136,0.16428039495735663
ENSG00000140374,0.10990548404105228,0.24874952038675946
ENSG00000175265,0.3726168019288122,0.10398636859972331
ENSG00000182117,0.6139140691548199,0.6945527111465617
ENSG00000035664,0.10433818662806582,0.15151762079842013
ENSG00000273173,0.6196376178707477,0.8598028899207466
ENSG00000137843,0.06824645202696136,0.1271884067200786
ENSG00000198535,0.04393329841605688,0.370896699893711
ENSG00000205502,0.0044383189913590705,0.06905014531125353
ENSG00000140451,0.38401810446055873,0.4807112775344887
ENSG00000241839,0.7353506207551384,0.6922740119424764
ENSG00000166839,0.9120194057380511,0.8269382228846742
ENSG00000182175,0.6592426186728746,0.23925837767271732
ENSG00000140299,0.3486597322616246,0.7679960394823604
ENSG00000184508,0.3304784762456926,0.22590585393231188
ENSG00000140553,0.29452106393357774,0.5685786484182244
ENSG00000166965,0.9479291338727279,0.4440926856236004
ENSG00000198901,0.4381108898664905,0.45338429197291297
ENSG00000184056,0.20063724696197213,0.29475105866597956
ENSG00000176371,0.10817232368260288,0.1885284909731234
ENSG00000177082,0.06575363099233689,0.04808590105451304
ENSG00000197696,0.855832608677654,0.8236506767142536
ENSG00000170113,0.37887135715772025,0.6465245325291831
ENSG00000140157,0.06483237175017699,0.20784998302518326
ENSG00000275835,0.06505853922536105,0.13436392933630917
ENSG00000273749,0.08113939362330855,0.23922047736312946
ENSG00000185442,0.25805601498802966,0.3423215622577172
ENSG00000258484,0.6206458233060355,0.7958226157645539
ENSG00000128849,0.9362487873473518,0.5515678987104149
ENSG00000263155,0.2918367997723915,0.2581769328432816
ENSG00000255529,0.17265442657890598,0.36563535216588094
ENSG00000137878,0.15753841562162724,0.13117288998444993
ENSG00000183578,0.8823474523066479,0.27238607807864024
ENSG00000092531,0.12134306382749348,0.3070871338298595
ENSG00000180979,0.11395988353212723,0.3326380695195153
ENSG00000137814,0.20984475371519334,0.32867710799211586
ENSG00000140326,0.037270494938397396,0.16659018515867605
ENSG00000128881,0.17098656226786554,0.4594100303592249
ENSG00000174197,0.09096753833944267,0.25394010409647616
ENSG00000167173,0.5537019266302357,0.8563668544855843
ENSG00000140365,0.3974255523384951,0.28402663710164433
ENSG00000140398,0.03014923510518288,0.06148636967563972
ENSG00000140400,0.8441042198530688,0.9887935247055746
ENSG00000169410,0.09448291522471068,0.23005826944201158
ENSG00000169375,0.05557390631504295,0.1782181990878003
ENSG00000168907,0.29853691924072345,0.27450257524800853
ENSG00000166887,0.039723437128920285,0.21282064313326626
ENSG00000103978,0.23995486295941912,0.49844288330827935
ENSG00000140350,0.032581011763673236,0.07435829383380899
ENSG00000138604,0.018062413205040942,0.035672687469982194
ENSG00000140416,0.11117451586219171,0.434093618324063
ENSG00000167178,0.08747432964731447,0.012966752078844585
ENSG00000129009,0.39794382963436903,0.12090679525771635
ENSG00000137868,0.18566369409599295,0.18775453236497808
ENSG00000138623,0.42183946707047404,0.5414226340878168
ENSG00000138629,0.33509838295129535,0.4148430607862199
ENSG00000068305,0.6966192170707788,0.9829681342043087
ENSG00000182253,0.04584854676222971,0.013951713973028185
ENSG00000103852,0.0891998609265655,0.3344434734765128
ENSG00000134138,0.06166452415888672,0.012719973506701367
ENSG00000140612,0.2829997308975973,0.43110762325014984
ENSG00000140403,0.19594115434705808,0.4443176551082785
ENSG00000140395,0.09188565517930462,0.17669916867914845
ENSG00000173575,0.06277129982100371,0.1641065210309599
ENSG00000140519,0.03448377104686305,0.047998816545543624
ENSG00000140521,0.5609529888691638,0.749286081698415
ENSG00000261652,0.4441486393648971,0.44540302598496007
ENSG00000172349,0.4067542373270546,0.910191510037108
ENSG00000129003,0.008062627268608034,0.07128715529805799
ENSG00000166710,0.36976717986877716,0.8107317965763557
ENSG00000140265,0.03535492034078464,0.12063801631688377
ENSG00000137822,0.12261784943756689,0.24379641960009565
ENSG00000067369,0.13255601396484526,0.3945351849672524
ENSG00000166963,0.4340659216337046,0.1296899242178722
ENSG00000168781,0.06087621734509209,0.11726604602943985
ENSG00000047621,0.013820612832122445,0.0628311367053773
ENSG00000059804,0.8945984024718329,0.4167132493047604
ENSG00000197614,0.5469328999712715,0.2457041094325762
ENSG00000166523,0.5836114039336058,0.871806590466762
ENSG00000166532,0.8803911507575456,0.5947975767064875
ENSG00000139083,0.2212612918699646,0.6710546443030634
ENSG00000150048,0.9059590400145721,0.7323765848202329
ENSG00000070018,0.010108648135055432,0.038043391464995545
ENSG00000139112,0.6136343017730657,0.4474763393943356
ENSG00000134539,0.8622482977852353,0.4884308967203138
ENSG00000111196,0.14835269516878605,0.1510147516443982
ENSG00000173391,0.49037835143374764,0.18093406296646214
ENSG00000060138,0.21822831645466687,0.7199481476614444
ENSG00000151490,0.180515771844877,0.5496561647868569
ENSG00000111701,0.05130513791622631,0.037280027692557074
ENSG00000172243,0.5175011541969137,0.8628639341074223
ENSG00000111261,0.14152946351850068,0.33405928609293123
ENSG00000060140,0.022020130437632634,0.15692209453576986
ENSG00000060982,0.9793953446501232,0.6629114614150168
ENSG00000213809,0.7846596390158734,0.3139924529065766
ENSG00000211455,0.05048783927985066,0.14110899552502396
ENSG00000165714,0.10462588593963978,0.21619258172910208
ENSG00000008394,0.1423984849278361,0.29986058721111997
ENSG00000151491,0.007212232516622988,0.05368257978922913
ENSG00000139174,0.606538416449637,0.34840770928967335
ENSG00000111224,0.02437249192749634,0.12334288053648793
ENSG00000130038,0.08067907385272953,0.11002855945841163
ENSG00000023697,0.0044770525383492615,0.01335969668524634
ENSG00000121380,0.0016212857174047457,0.00751691341502404
ENSG00000179715,0.388138605590145,0.5437762380463244
ENSG00000139044,0.007204300760661292,0.053729891906156915
ENSG00000139209,0.17475234389722938,0.0993631391567006
ENSG00000139160,0.08292206405203867,0.1964369086489698
ENSG00000151743,0.0742646724119098,0.09919958458205083
ENSG00000023734,0.03697677079947132,0.10823541592626156
ENSG00000064102,0.07307613721727325,0.15661716452165989
ENSG00000167778,0.6409542666270079,0.7982136130149329
ENSG00000139173,0.05609015250811426,0.0774659914053932
ENSG00000151229,0.052042729803209606,0.08150098425953088
ENSG00000111371,0.05948326969333077,0.14041035737812788
ENSG00000175548,0.02609488387208008,0.01828761531731766
ENSG00000178449,0.41679799857393574,0.2899903902188215
ENSG00000129315,0.08196157282858081,0.22857230725981856
ENSG00000134294,0.07754191120031256,0.15569877566560383
ENSG00000133704,0.027779238215289968,0.07172540276622204
ENSG00000167588,0.06046490783936848,0.010503179379809366
ENSG00000167566,0.3408692811502572,0.3810151367664898
ENSG00000182199,0.157801156889871,0.17634224487088832
ENSG00000135423,0.44861533032950174,0.6612345093513345
ENSG00000005175,0.04729007331991259,0.07228881498365143
ENSG00000139117,0.5902580857136851,0.5015875506394757
ENSG00000152556,0.34657934087276465,0.502116729895604
ENSG00000170545,0.1607446835039256,0.19483935155261206
ENSG00000174718,0.014087463327610163,0.04693140739359072
ENSG00000152944,0.043203525747677225,0.11815693163456566
ENSG00000139624,0.0210212331041738,0.10240803320793268
ENSG00000173451,0.60350337891441,0.9095284109258703
ENSG00000076067,0.45127766207846665,0.725323805052305
ENSG00000066117,0.4048845096093746,0.36097560851195176
ENSG00000175215,0.03525562797280163,0.21243455337473688
ENSG00000058272,0.7422001045231457,0.898445492739062
ENSG00000139626,0.9406778905447921,0.27439054177511923
ENSG00000139291,0.011175830175246404,0.0745251109091122
ENSG00000161638,0.6826712547186355,0.3188573302724838
ENSG00000111058,0.4148810710585906,0.9914806816904963
ENSG00000161800,0.0629874432659854,0.14094541911903935
ENSG00000167779,0.7453612499669935,0.3324639975629077
ENSG00000177425,0.017275501695889654,0.04563980822947698
ENSG00000111110,0.52945382033712,0.5332145317350292
ENSG00000135472,0.9090221514263302,0.9198207280892259
ENSG00000139644,0.10133383050355262,0.17030699159286117
ENSG00000110934,0.2120940262551219,0.6515236355909518
ENSG00000139629,0.38957137979676315,0.39280413451032226
ENSG00000133639,0.5879768744895033,0.8058094999369986
ENSG00000111605,0.07436223936717426,0.14501669138832682
ENSG00000153233,0.14840454069881426,0.1031585413018845
ENSG00000172819,0.1483729405227846,0.15867355073364459
ENSG00000090382,0.4722385456683311,0.7368602299021713
ENSG00000171310,0.9539471151943792,0.5392642950021362
ENSG00000066084,0.1353343677462038,0.2431439221331803
ENSG00000135655,0.09050845275519086,0.18119161508967033
ENSG00000186666,0.6220346028722115,0.4266457603840037
ENSG00000133773,0.06768547735715927,0.08226298586697768
ENSG00000111530,0.07816196170595151,0.1473269043959931
ENSG00000136010,0.8278776858721204,0.5812142348095125
ENSG00000079337,0.2608600440921568,0.7229408382416007
ENSG00000111581,0.031916987354743354,0.06187278673404683
ENSG00000139318,0.9150024834494654,0.9304591371624491
ENSG00000127720,0.07615559862742821,0.125694700143325
ENSG00000111145,0.7761707981486506,0.9803326975009128
ENSG00000180263,0.13438036847442605,0.3836658543816226
ENSG00000059758,0.4571767557505897,0.8024686924194411
ENSG00000111647,0.37772284563142977,0.47722480396539246
ENSG00000174600,0.6065374877559451,0.6021604615422488
ENSG00000120860,0.06843904076682471,0.2768318240259843
ENSG00000253719,0.6655811022333662,0.554613057185015
ENSG00000111670,0.5361987338731734,0.8544289489673625
ENSG00000111275,0.8501164305079538,0.24510088149867676
ENSG00000139354,0.10102256626128162,0.21417831074377178
ENSG00000064115,0.0353605199248556,0.10397027112753435
ENSG00000166226,0.07974710002277954,0.10771859796000176
ENSG00000179104,0.40878109247988614,0.8312170665243674
ENSG00000136044,0.005175062750950873,0.02359494583832638
ENSG00000057704,0.018676431369846248,0.12603046644468482
ENSG00000258102,0.8887000859468797,0.5531141173368188
ENSG00000151233,0.22880847718142308,0.26407878491516745
ENSG00000012822,0.9976900120449591,0.8540365959374707
ENSG00000080371,0.1637094452300327,0.306405647970642
ENSG00000182379,0.8482203332448637,0.9799936174341606
ENSG00000111252,0.0709118625264804,0.4109391456392859
ENSG00000139651,0.07514227374401189,0.19757814912871496
ENSG00000151135,0.15887299120111614,0.38920142298616267
ENSG00000091039,0.36088568082685346,0.5357882410006125
ENSG00000177889,0.3573247409342277,0.31121455981973367
ENSG00000139133,0.0016441527302661896,0.003075131212344979
ENSG00000049130,0.2533879505127477,0.6185237878040388
ENSG00000139218,0.030897047849152103,0.06141336018409888
ENSG00000136040,0.7405978358127452,0.7766476213859889
ENSG00000120832,0.15074476426202607,0.04895763133142278
ENSG00000111142,0.057273945875566286,0.19139695861757952
ENSG00000061987,0.06475223149825211,0.15396350234376677
ENSG00000013503,0.09342144448137689,0.11350096025794656
ENSG00000183283,0.04587185565147666,0.14755804705550843
ENSG00000175183,0.5345103483133321,0.11106359204954137
ENSG00000174989,0.01634219295074237,0.08230981006408575
ENSG00000120833,0.2098904619132796,0.29542019332846114
ENSG00000136026,0.5435710790091521,0.8461395890910015
ENSG00000102189,0.15745803037279985,0.09561410423484835
ENSG00000111785,0.10681670295522283,0.16601677513169455
ENSG00000008405,0.279107466772309,0.36120420989389035
ENSG00000165891,0.5512452977288913,0.3403457899531365
ENSG00000188026,0.4317263061408706,0.8614050895789546
ENSG00000139324,0.36001044478651967,0.3697428591031472
ENSG00000111727,0.7225212054791095,0.7642428385228899
ENSG00000188596,0.46364144741954205,0.46090865942229187
ENSG00000139726,0.0750972952997156,0.11955207342152058
ENSG00000075188,0.09610136120008876,0.13781758634755137
ENSG00000089053,0.0459011888005162,0.12435992048390196
ENSG00000111144,0.4650689201588425,0.4786389890199504
ENSG00000074527,0.5463050011907795,0.6690794257945258
ENSG00000110801,0.12892054381222343,0.34691472340204965
ENSG00000211584,0.1899118170381395,0.37467815384555736
ENSG00000127314,0.06073213942756529,0.15695813138944378
ENSG00000088992,0.07335408541857834,0.09607285127311568
ENSG00000122965,0.11422254796220827,0.14069264211374016
ENSG00000111726,0.14681237863803032,0.2516611490404444
ENSG00000110931,0.27783823951517617,0.5305986399915028
ENSG00000175727,0.07146991767002056,0.29509709014104946
ENSG00000139344,0.2971393435019852,0.16413171476629287
ENSG00000171759,0.6715849720464776,0.5613940066782266
ENSG00000151131,0.4959112817219574,0.7106611510058386
ENSG00000111707,0.8692074172522134,0.9463385997728877
ENSG00000179941,0.27128441385461854,0.10336122785865469
ENSG00000169372,0.11464655901802101,0.16271062194083868
ENSG00000183273,0.7850671818673978,0.5807267818688072
ENSG00000173598,0.2467082210226647,0.2266941670794974
ENSG00000166046,0.031149652874859633,0.10489823229655725
ENSG00000136048,0.7286335162580149,0.3590545454930826
ENSG00000127324,0.21354045650713233,0.31287737651134584
ENSG00000123384,0.2051097549080557,0.47028570921872104
ENSG00000158023,0.14646868436319768,0.12741724797096388
ENSG00000123338,0.488945507149222,0.6996217056399516
ENSG00000120800,0.4211960850778469,0.4298445997903304
ENSG00000139292,0.5458236399454661,0.9642178240835975
ENSG00000136021,0.15442356086718972,0.27738549530432477
ENSG00000111452,0.12337405448956516,0.22847490203338394
ENSG00000184209,0.18576880787220315,0.3297899684221852
ENSG00000256223,0.96284119971879,0.7364584018106244
ENSG00000084112,0.6000153882549933,0.8318760017067522
ENSG00000089022,0.018877054627957614,0.030674853084630773
ENSG00000120805,0.16934379734974753,0.24429992976683412
ENSG00000111445,0.019878378559093482,0.023220659290388603
ENSG00000123104,0.891917330614911,0.7983797756400822
ENSG00000189046,0.10742931300881095,0.07119265820742052
ENSG00000135090,0.018629544953449626,0.09674693939865596
ENSG00000089220,0.47708423484128293,0.9658072346080071
ENSG00000135093,0.004551509663727865,0.02121986404312778
ENSG00000135678,0.16585741632422135,0.23483214740249309
ENSG00000151136,0.6481400137680855,0.601614705017927
ENSG00000139370,0.13592851851429363,0.4699271734625834
ENSG00000198270,0.42175275353607644,0.39020355846730326
ENSG00000176422,0.37439824860164994,0.048331176414511574
ENSG00000185482,0.3620373491699258,0.4185334327087711
ENSG00000089234,0.18890113606371553,0.3402784640774597
ENSG00000111666,0.889202694781665,0.6644785784575296
ENSG00000135111,0.8763983824938167,0.7687750193524232
ENSG00000176834,0.7547120700913877,0.923696615023934
ENSG00000257767,0.3106183116652418,0.41427325907560786
ENSG00000111696,0.486938035947442,0.5353686757076006
ENSG00000111790,0.04859131645359189,0.12491154160948412
ENSG00000127337,0.032649661624306325,0.03256693954411362
ENSG00000006831,0.015091124847783926,0.025514040182806536
ENSG00000151065,0.015175275437110908,0.010831153016959305
ENSG00000111752,0.0518938133089882,0.26058742252339206
ENSG00000003056,0.16343800665344488,0.29681715379033835
ENSG00000111087,0.7174998384386819,0.6756765593269491
ENSG00000123329,0.20150733032656296,0.9249486075750921
ENSG00000166986,0.5949049564597177,0.37769928445411594
ENSG00000166987,0.1263973187126124,0.28274488827590294
ENSG00000166908,0.5678960455597721,0.47383607615360723
ENSG00000178498,0.4546846957032594,0.1979981599854189
ENSG00000240771,0.311499561567554,0.11087422770464433
ENSG00000135452,0.16326405676837855,0.1483361448146672
ENSG00000135446,0.23293300568777509,0.14194433391238045
ENSG00000139266,0.29145435027276556,0.62637406483616
ENSG00000037897,0.9472662908419677,0.22285553183715404
ENSG00000123427,0.0060878665605795385,0.04009523025010467
ENSG00000123297,0.1303123697608759,0.12013910402657617
ENSG00000133641,0.17330660666109893,0.10017474328374146
ENSG00000139719,0.07775877608605179,0.10325216677252015
ENSG00000166130,0.8428686850225333,0.6340666526982435
ENSG00000120802,0.12935499439629852,0.1766562534759572
ENSG00000139194,0.18746130221844534,0.5195291382194306
ENSG00000139182,0.8094259859006152,0.7182087162805302
ENSG00000135643,0.0006667421476812594,0.009006761009354155
ENSG00000175899,0.7447986725578024,0.5168535398384462
ENSG00000110987,0.4291463049294142,0.6405371275603373
ENSG00000174099,0.22297576123056856,0.04852071832912073
ENSG00000110881,0.1427820712305485,0.3539623193474628
ENSG00000235162,0.4925415234857847,0.4033622505664759
ENSG00000090612,0.19486443264579167,0.5157010450988508
ENSG00000127334,0.055288229369040376,0.18990915330149036
ENSG00000136051,0.08089172501780223,0.12367539996500997
ENSG00000139620,0.0247900093428497,0.12571529266134832
ENSG00000111700,0.12528845514623213,0.25659321335458946
ENSG00000111271,0.3256716427172736,0.25647242658077607
ENSG00000133858,0.06448795415258632,0.2294801835241423
ENSG00000139350,0.1291084413244456,0.253143376929353
ENSG00000111077,0.7574016154412107,0.32054521241807826
ENSG00000002016,0.009212572171631954,0.013153573453196517
ENSG00000111684,0.4766903120400806,0.6297360852476868
ENSG00000159403,0.9459085010270362,0.34024884902299585
ENSG00000139197,0.0360076055746868,0.09477438414185027
ENSG00000139438,0.28610842476459464,0.20498789407872683
ENSG00000139433,0.6105999293307893,0.704419409870509
ENSG00000083782,0.28900309116809086,0.3621551596867515
ENSG00000139329,0.35210436117790356,0.8331799833304822
ENSG00000011465,0.34050458052526933,0.7936240422671123
ENSG00000111775,0.6482629908932391,0.8979316862973223
ENSG00000170855,0.3039330063042163,0.29951988518592054
ENSG00000257218,0.02790139952594817,0.03045969132053751
ENSG00000088986,0.7376883435264532,0.5096981337547123
ENSG00000110871,0.1173541353886723,0.14013157639127208
ENSG00000167272,0.098664525081793,0.08062741336551606
ENSG00000134285,0.17113219122799134,0.23947582539040177
ENSG00000181418,0.023691433320653266,0.08573184843089947
ENSG00000167550,0.7558607456870772,0.9534964372281751
ENSG00000123416,0.7150812659393756,0.575603841970004
ENSG00000134287,0.48332104581217095,0.42315173159268826
ENSG00000111652,0.4937714853198458,0.5160218858807994
ENSG00000089692,0.42802425851593684,0.7580950658671977
ENSG00000010610,0.30767376870494006,0.9237910495062416
ENSG00000250510,0.6492013872491844,0.9145575095988906
ENSG00000110811,0.8353035668495941,0.6311489387689221
ENSG00000010626,0.04289509062331579,0.049323169049695775
ENSG00000111674,0.3315707921000329,0.29225296329207195
ENSG00000111676,0.9951996958797871,0.7961617556495011
ENSG00000111678,0.7955981401310429,0.2362670757866015
ENSG00000111679,0.4703631169171567,0.5391662674457276
ENSG00000111669,0.19945828938847013,0.25489549221521884
ENSG00000204842,0.819814556538525,0.7108157112943569
ENSG00000139163,0.04604904532050603,0.06383712793765803
ENSG00000187109,0.4335924856912383,0.45972509034805653
ENSG00000078237,0.44810984272242727,0.8755540075816242
ENSG00000118972,0.39477694940073194,0.6886571186647004
ENSG00000118971,0.059591745902320185,0.10123874978452631
ENSG00000135414,0.3288073899628587,0.3610995844183368
ENSG00000205323,0.9633183664992532,0.7116155821971948
ENSG00000257390,0.40591847974380946,0.33542886300081015
ENSG00000123353,0.9091737500317265,0.6539188039449957
ENSG00000123342,0.47166309238704474,0.980617194770444
ENSG00000065357,0.7935772256221703,0.9668066600176237
ENSG00000184574,0.11554890117520879,0.21669987861433945
ENSG00000111644,0.5732168600403941,0.27232471735376484
ENSG00000111653,0.02076532819840071,0.022373255025683658
ENSG00000159335,0.16147345670941515,0.2581762296335241
ENSG00000166860,0.03998926745078358,0.073877823774836
ENSG00000166863,0.6573507423291958,0.8392861176686083
ENSG00000166866,0.03104202162335824,0.02113147412209785
ENSG00000166881,0.14340230738426704,0.21681861876762837
ENSG00000166886,0.1834352316553409,0.15054118705640418
ENSG00000166888,0.1801720611014889,0.23310050425309817
ENSG00000061273,0.10694210836255916,0.42235610487934294
ENSG00000111424,0.04698435536152089,0.16419960953273335
ENSG00000134291,0.02712171536375255,0.054318318788335866
ENSG00000079387,0.07129119989107126,0.08171835251574727
ENSG00000086598,0.07013378444029598,0.12812380517188413
ENSG00000111364,0.3807876833315731,0.4679647561129755
ENSG00000111361,0.14286720285487775,0.21142395656816348
ENSG00000111358,0.05400947907923827,0.09840769243547882
ENSG00000185344,0.0541185583315584,0.11321231586690989
ENSG00000152137,0.03621532075697074,0.008343482841377222
ENSG00000110841,0.228959285491711,0.471032097403869
ENSG00000174236,0.006213778066482612,0.023379984488796572
ENSG00000061794,0.0033396116169289894,0.006269362232591567
ENSG00000087448,0.20531012895753234,0.34792865179044286
ENSG00000087494,0.5938327956875931,0.3032388921551376
ENSG00000198707,0.03296584486228018,0.025982010994053603
ENSG00000110799,0.5541858997068605,0.8482469928845671
ENSG00000198855,0.931156584010493,0.18640823923337246
ENSG00000075856,0.28876862434754663,0.48689008088000985
ENSG00000136003,0.18235539174940157,0.1550575891769977
ENSG00000183160,0.20338664280295773,0.6117762004867118
ENSG00000134531,0.5605331851499662,0.62503245598217
ENSG00000063046,0.04842128345360859,0.15185969541723604
ENSG00000139116,0.28280217803417146,0.2715751830145052
ENSG00000184613,0.3322132936826888,0.2995980375821802
ENSG00000111716,0.08824440086709726,0.2297077101397974
ENSG00000127328,0.024095324077465324,0.03528318601642324
ENSG00000139263,0.007986263491977754,0.04351132012616305
ENSG00000161642,0.2632332199610247,0.167945313843164
ENSG00000177675,0.36187579048648655,0.972394526428715
ENSG00000186815,0.36431249187466164,0.6661613174121402
ENSG00000110876,0.6187842577293967,0.3423512914137841
ENSG00000123096,0.47030435794264436,0.846303472644816
ENSG00000110880,0.782535034699623,0.9024484558640938
ENSG00000176871,0.545064132125431,0.842324878272095
ENSG00000172572,0.1381590083464087,0.4752248575072481
ENSG00000123066,0.022976872701186285,0.1282261254874417
ENSG00000205707,0.3039340656724564,0.4904470832599037
ENSG00000110906,0.5631514107599609,0.9627097454502427
ENSG00000151148,0.041699935773979964,0.1652285927662181
ENSG00000139428,0.9203877914923707,0.2923562687553756
ENSG00000033030,0.021528249996225136,0.08255678161039916
ENSG00000111011,0.42147542116130676,0.49413543122921977
ENSG00000184445,0.32115469128276436,0.2503048587423688
ENSG00000182782,0.9760501997299884,0.8855773229134514
ENSG00000255398,0.7376037678961649,0.9111327571630338
ENSG00000196917,0.13668254832168558,0.06450716859599932
ENSG00000130787,0.4506972822637375,0.5393017574760794
ENSG00000139722,0.16461348358032896,0.3148575542242917
ENSG00000139567,0.0719591324919696,0.2324217212279827
ENSG00000135503,0.11180367546865576,0.13694723672661552
ENSG00000161835,0.5099731603860074,0.94026309893948
ENSG00000123358,0.34342421758690234,0.3972698869519097
ENSG00000155980,0.5521151912127722,0.48342155138824594
ENSG00000258311,0.032735240408171724,0.03103809832816204
ENSG00000135437,0.2725005319506632,0.06250570171518642
ENSG00000135404,0.004850419706279971,0.034416089755580186
ENSG00000111412,0.6765418939344618,0.6318522701863534
ENSG00000111319,0.436447334692563,0.5220079881080729
ENSG00000111321,0.9535595473249237,0.9002229841764062
ENSG00000139192,0.0018534608537250292,0.015063294413820044
ENSG00000010278,0.2526311677384918,0.4156998021394661
ENSG00000110955,0.04413652633686972,0.13005806465120687
ENSG00000110958,0.049180699899502155,0.08611929563474804
ENSG00000285625,0.9916778185626366,0.6951010958966517
ENSG00000025423,0.6121088901663809,0.15701698039775858
ENSG00000196531,0.7246508797272755,0.6090863677872123
ENSG00000182544,0.8519318568711863,0.8495896285443262
ENSG00000135476,0.10127746947541055,0.20971064428511446
ENSG00000123349,0.292423812975173,0.43959637693960363
ENSG00000139637,0.6209168401432436,0.732530817760902
ENSG00000094914,0.010525581827664516,0.024176846227964708
ENSG00000185591,0.1508880000803575,0.303517886612729
ENSG00000205352,0.16619451236223565,0.0446734976390881
ENSG00000094916,0.7944844786392574,0.6392934779537076
ENSG00000123405,0.01798584381659706,0.11774987391972284
ENSG00000111481,0.7212750370984676,0.39132711220368877
ENSG00000139572,0.6023392835197461,0.20656180890395884
ENSG00000111639,0.2621253349414462,0.13548513393002856
ENSG00000010292,0.031262845643977494,0.06612336293035101
ENSG00000111640,0.9555071851340767,0.9140592120505746
ENSG00000111641,0.031631672600456545,0.030961191091195547
ENSG00000111642,0.3828355321684207,0.4138660429767911
ENSG00000015153,0.11428512945916001,0.160484318453117
ENSG00000134283,0.07785817629403645,0.09260344936511662
ENSG00000139168,0.08593046223519736,0.14275604247632706
ENSG00000010295,0.713526535571489,0.1853507567374891
ENSG00000111725,0.025243795274166488,0.08840769146734033
ENSG00000122966,0.163582025623055,0.3274545062749636
ENSG00000089693,0.910572247692246,0.3729295291575262
ENSG00000215021,0.09071272056970865,0.13640803676309338
ENSG00000120837,0.7702795574900472,0.961474031012548
ENSG00000149948,0.689843652222002,0.6007941019061785
ENSG00000111596,0.19031737001246363,0.25296431096850724
ENSG00000139190,0.7731166671219041,0.4844754688203753
ENSG00000135486,0.15311332219603968,0.10119766640115514
ENSG00000174206,0.30083713652365673,0.1715704496941879
ENSG00000184575,0.11215746102156972,0.1818620535610759
ENSG00000175203,0.11166147211121367,0.28971692421574635
ENSG00000184047,0.18671630057400662,0.20081906454605408
ENSG00000111667,0.024567952151249673,0.09236959109501167
ENSG00000127329,0.7134304405821645,0.3756851846503917
ENSG00000139193,0.03801366705599088,0.32381443301904267
ENSG00000166225,0.1089589399048553,0.2512300462119139
ENSG00000076108,0.052426309955310946,0.20786864197418403
ENSG00000139211,0.44277419168526666,0.6146781946197192
ENSG00000198015,0.24438624272544154,0.19864692250941496
ENSG00000185480,0.03027739757540357,0.054343569295750085
ENSG00000111665,0.4629123919267263,0.30555481144504637
ENSG00000111671,0.070833927680476,0.025468620572663973
ENSG00000177575,0.9385065415487824,0.33042297209472915
ENSG00000183735,0.2922551023319872,0.38955931458469384
ENSG00000153179,0.7607906862450357,0.4337555650125221
ENSG00000135677,0.5722755624771784,0.6868077411298855
ENSG00000156076,0.541862470767924,0.695593275603841
ENSG00000174106,0.12132406730466835,0.1555816514598206
ENSG00000073060,0.028784466630083393,0.0688665145552446
ENSG00000050426,0.02704738343658361,0.060450159681541826
ENSG00000110925,0.5028803172895251,0.589873818408728
ENSG00000061936,0.3736436634670377,0.4861346811499021
ENSG00000177169,0.7983642748296662,0.9522625542973832
ENSG00000177192,0.40903560906056624,0.13634343381475256
ENSG00000198598,0.16610260324975,0.40492583965055406
ENSG00000176894,0.017221979156831272,0.040850648121297545
ENSG00000112787,0.912866990833386,0.8426780940833771
ENSG00000166598,0.09425075268875381,0.2498966284592427
ENSG00000204954,0.2298117823657046,0.13486128626733943
ENSG00000139372,0.3869040130490783,0.23090554233483881
ENSG00000089127,0.048660484340746914,0.09895160113326233
ENSG00000111331,0.0734603615784789,0.20159146726202515
ENSG00000111335,0.6348700991617038,0.7120019411561108
ENSG00000157895,0.8413912701791121,0.9871626206874785
ENSG00000177119,0.16294226545669216,0.4873249777978499
ENSG00000168778,0.7278787547560066,0.7587064898668967
ENSG00000111229,0.8264727722782751,0.7179169792958334
ENSG00000111231,0.052909386980318704,0.14828852894186068
ENSG00000204856,0.6534203438244598,0.6879354605801921
ENSG00000111237,0.11520387457843966,0.12980018793009038
ENSG00000196850,0.21092272165443585,0.36899252249594827
ENSG00000122986,0.3795522321917405,0.9206501225133991
ENSG00000186298,0.040200873108186236,0.0746686365736617
ENSG00000204852,0.6276642691448442,0.7228862928639921
ENSG00000167552,0.4365189283975601,0.34266819064590937
ENSG00000135451,0.7757238124429255,0.5491799688441625
ENSG00000178401,0.12541688600601486,0.07373020023912184
ENSG00000151176,0.07162733724390564,0.0592138893485819
ENSG00000135094,0.6051963469518057,0.7826089430781579
ENSG00000139410,0.17742346833815614,0.06496405107980986
ENSG00000089060,0.17465594231471326,0.5630810219416124
ENSG00000111540,0.19084105365079992,0.4410553944495659
ENSG00000139531,0.1673275470185285,0.1425614541774161
ENSG00000123411,0.7205543365736444,0.967663533355071
ENSG00000197728,0.48354037512780734,0.23622650441735538
ENSG00000170515,0.19675787975283318,0.11324935440876413
ENSG00000229117,0.05984982794387374,0.20863062963722187
ENSG00000139641,0.1495489639813859,0.3558196791006998
ENSG00000135482,0.03811892369634064,0.12353523328353538
ENSG00000092841,0.3785368596322668,0.44044699028807965
ENSG00000139613,0.21363335033886263,0.3131305749852549
ENSG00000181852,0.03670781463928661,0.11637751644793268
ENSG00000139579,0.060691584082300395,0.03189522492053077
ENSG00000139540,0.004339170909672755,0.0009753743122100644
ENSG00000139645,0.17600323226078377,0.36409389088299615
ENSG00000135469,0.7388086145797602,0.6900185391744595
ENSG00000062485,0.028980187865058037,0.10309272474682243
ENSG00000144785,0.3361487763728197,0.4111073705526117
ENSG00000257727,0.15195922440518886,0.1452527091420895
ENSG00000110944,0.8437736548160815,0.3748347456736394
ENSG00000121350,0.08244076336641658,0.07135493646454223
ENSG00000004700,0.08725810809753642,0.24720171910795075
ENSG00000111711,0.05972838988160342,0.160717193985943
ENSG00000139131,0.016922914070417353,0.035046522307681155
ENSG00000167535,0.2159926050509072,0.5276755891953875
ENSG00000172602,0.07724426973676994,0.07839149917193478
ENSG00000174233,0.013000207112286182,0.07221802890711046
ENSG00000051825,0.05521562662919941,0.14858168214653256
ENSG00000111328,0.15619724768980287,0.22546179289853496
ENSG00000139697,0.23301923696483598,0.43486701104496384
ENSG00000130921,0.6650867269809138,0.5353762141449069
ENSG00000150990,0.09103573478509129,0.1601095616495762
ENSG00000184992,0.23655907820463934,0.2959829158537404
ENSG00000081760,0.11209909706270753,0.24822927677513001
ENSG00000273079,0.36297830096906303,0.419149561991054
ENSG00000139233,0.3400623290879158,0.4039659244071866
ENSG00000090376,0.15889015024690176,0.376106102121874
ENSG00000110911,0.019057936860129854,0.036749983914421
ENSG00000135392,0.18280422351723394,0.2318063803049879
ENSG00000075089,0.1750622942197425,0.24423783916667402
ENSG00000130779,0.4867668423170056,0.8947490828236281
ENSG00000196387,0.22224122044532174,0.4578386023941009
ENSG00000074590,0.34208595384914087,0.8598919314276564
ENSG00000121749,0.16117066595662574,0.19799944039572756
ENSG00000186908,0.7291764990898308,0.5644390994525942
ENSG00000120820,0.632196059005506,0.8611105149969076
ENSG00000111052,0.3404376872443816,0.1956797205881651
ENSG00000214029,0.11195221515186528,0.18883030259577507
ENSG00000150977,0.3197779856669724,0.7059776388675353
ENSG00000060237,0.1469757620474968,0.31367498299142854
ENSG00000111490,0.10289120990472263,0.1331420572603602
ENSG00000120798,0.08431603833420598,0.13897507704629466
ENSG00000184752,0.8677121013812633,0.9727838179403092
ENSG00000022840,0.06185112122754804,0.032751082419947994
ENSG00000075415,0.0960631058966065,0.23949477877283132
ENSG00000120868,0.009860566064246259,0.04846778919838468
ENSG00000111269,0.10066154587780735,0.5111782314140823
ENSG00000183150,0.08924811828855139,0.06046064144331674
ENSG00000178878,0.022883008626108935,0.1542035017608588
ENSG00000213782,0.12078901899103478,0.23210510655006458
ENSG00000135100,0.31887424585884633,0.23120575994384038
ENSG00000174437,0.03253609026257408,0.1854421364063314
ENSG00000170473,0.3941967601815024,0.8794189552437222
ENSG00000185664,0.015213465018544998,0.004342173239676556
ENSG00000123374,0.1189273620138345,0.0988810096380509
ENSG00000139278,0.8102380535297957,0.6083757096438418
ENSG00000111615,0.5586838285377236,0.44498793747216114
ENSG00000065361,0.7080048994230113,0.46229016139163226
ENSG00000111266,0.012680523862830514,0.03475098392719877
ENSG00000013588,0.2742042764001306,0.4613173367083522
ENSG00000013583,0.8479725242766377,0.8231196017206373
ENSG00000181929,0.16643896391898974,0.1489578841541315
ENSG00000111276,0.00962803554672736,0.046860817834129535
ENSG00000089248,0.4729695213588889,0.7103470150484037
ENSG00000111300,0.05967606743420536,0.09836768285051355
ENSG00000135148,0.3575902362288744,0.7010336138872082
ENSG00000173064,0.08028044056927702,0.20545385551021123
ENSG00000139178,0.359286789336536,0.4668934881140968
ENSG00000111731,0.014039221319390813,0.04961297024863992
ENSG00000175197,0.7631889126638656,0.6220893297017528
ENSG00000196510,0.34495570776293816,0.32078377916512274
ENSG00000123395,0.6376012433916618,0.5961593143788788
ENSG00000126746,0.026115889870041542,0.07001388309606187
ENSG00000198324,0.09117237567896905,0.15465851149380622
ENSG00000084453,0.9715917331812,0.33441523822078767
ENSG00000090975,0.09369791853487698,0.17981098951784838
ENSG00000008323,0.029548059911124247,0.02119344918094505
ENSG00000136052,0.056093808262023905,0.07902235461944165
ENSG00000136045,0.03221586882576331,0.07957159322233107
ENSG00000110851,0.0478516598032752,0.0957053378460078
ENSG00000197111,0.25612364812284244,0.2322963432107878
ENSG00000139625,0.9660642789144154,0.6405273382727803
ENSG00000139546,0.45813269636176335,0.27586961778961927
ENSG00000170653,0.3592551457422233,0.44433178000852913
ENSG00000135390,0.8505011448177793,0.871959176401442
ENSG00000133636,0.5137964843666395,0.3431825576660916
ENSG00000139132,0.004671086993490662,0.014295699996460128
ENSG00000118308,0.09202772344688638,0.33421048757139915
ENSG00000123064,0.08621259399908113,0.11410734478462867
ENSG00000139405,0.19172150087010473,0.23908904381904503
ENSG00000166578,0.8751936747540471,0.8948620351037666
ENSG00000135457,0.11240226283800771,0.2322582334550754
ENSG00000123106,0.5876810977651015,0.7905911351921142
ENSG00000111057,0.6897822874433734,0.4739872129135283
ENSG00000170421,0.3461162416633716,0.15101212555969112
ENSG00000069431,0.2704022287759463,0.3358577806191528
ENSG00000139437,0.044454478540652355,0.09892052027264193
ENSG00000076513,0.05112072789277011,0.2632919780457983
ENSG00000122970,0.2263858171995426,0.3243556385377145
ENSG00000070019,0.024889311318237056,0.06789053283316443
ENSG00000246705,0.5610099741050574,0.3318345949637643
ENSG00000084463,0.04503923389259611,0.12652681872632016
ENSG00000111341,0.25231592528941826,0.0720953692163557
ENSG00000139055,0.5089898987503624,0.3685335584907501
ENSG00000111348,0.5232722737538026,0.6900513424508636
ENSG00000171681,0.2785920661724965,0.5106728134536507
ENSG00000121316,0.018807410250101842,0.11399328284648225
ENSG00000110917,0.4123997575033238,0.60975065186861
ENSG00000175970,0.4039549143824306,0.9736835574743311
ENSG00000122971,0.13372750154468838,0.0468254821445411
ENSG00000157837,0.22498894420852422,0.28881316463507695
ENSG00000157782,0.6414668274124798,0.6104164916286066
ENSG00000167548,0.26491652738874255,0.46523064189750396
ENSG00000133703,0.06211865862119161,0.11307124258477795
ENSG00000089009,0.853956767697414,0.992049695850478
ENSG00000179295,0.17240826395426145,0.2354000457571388
ENSG00000174456,0.10302062576162434,0.10171049861112147
ENSG00000139718,0.17242146577273754,0.3480133962653139
ENSG00000183955,0.6706186214773804,0.7717708025398546
ENSG00000173588,0.15929430091539262,0.1341465629727792
ENSG00000170439,0.6406805460747982,0.31353832861150266
ENSG00000135108,0.15163276266363795,0.2062565998359501
ENSG00000167553,0.10981480248568315,0.04537092871731346
ENSG00000150991,0.8257227367287961,0.5812744143892925
ENSG00000089094,0.0468859946114529,0.09323503916500847
ENSG00000139436,0.7509640740089114,0.6817928308345064
ENSG00000150967,0.5048153838085059,0.49576895592787906
ENSG00000135124,0.10430321310452081,0.23232136128137254
ENSG00000205809,0.4491371832289487,0.2295723152367748
ENSG00000139631,0.7612097758950724,0.6656667772376368
ENSG00000048540,0.0708029109478808,0.06516420795082384
ENSG00000155957,0.3099007724896533,0.4204824010754201
ENSG00000172551,0.79515815151131,0.9603471685194572
ENSG00000161813,0.04817123852815231,0.08909410011457296
ENSG00000028203,0.9221602533441549,0.7962244199525953
ENSG00000135679,0.309361658933894,0.42422013000014924
ENSG00000076555,0.5643761455413261,0.652061100795392
ENSG00000135441,0.07097942559142127,0.5143438900075672
ENSG00000132341,0.09495479685628327,0.13241023483873324
ENSG00000118600,0.0790212116515714,0.047207628090035585
ENSG00000188735,0.4054897970656961,0.4782075750038851
ENSG00000139725,0.04839459734581518,0.0525787808917892
ENSG00000135439,0.6443971926213758,0.3462025074631522
ENSG00000135127,0.10613093518919199,0.12239745072669193
ENSG00000111737,0.2608574544442285,0.5152011384270451
ENSG00000089154,0.07784737818089776,0.20899236369319574
ENSG00000089157,0.17775609940383125,0.2412519458204301
ENSG00000089159,0.3730015732983081,0.526084473199484
ENSG00000111186,0.42953158798262303,0.42062065601088894
ENSG00000171823,0.0028662879162731567,0.028930498278907174
ENSG00000082805,0.03654585479133625,0.1533707083993588
ENSG00000123095,0.07438784164099194,0.26178793049811727
ENSG00000123094,0.8029396693267812,0.36009085688576215
ENSG00000135407,0.09856355000856476,0.21077924292270286
ENSG00000069493,0.9304401906233571,0.5043797192307886
ENSG00000110848,0.4704885746001709,0.8753766128752996
ENSG00000110852,0.5564306173307714,0.5529093889602356
ENSG00000172322,0.3355773782974321,0.7434531366104098
ENSG00000072609,0.8224999655992485,0.7411642077464677
ENSG00000196458,0.805983615374948,0.7106693671511589
ENSG00000198393,0.021469538736721326,0.06648043896715825
ENSG00000198040,0.7591882115875113,0.9483635680364808
ENSG00000170456,0.06888066424801764,0.09612336606622716
ENSG00000090615,0.14299685220882766,0.38129742525743504
ENSG00000111344,0.6326841733172429,0.4314945854137371
ENSG00000179912,0.023406829799397743,0.08882904497077357
ENSG00000185633,0.776415542373033,0.8206501226893694
ENSG00000139343,0.3944756237506062,0.9916854982466009
ENSG00000135473,0.01778552938390256,0.01803470513118196
ENSG00000050405,0.10029152770476771,0.16454749138220628
ENSG00000170633,0.2605548521633569,0.3695592240711768
ENSG00000111291,0.19748870096927348,0.17853670252051773
ENSG00000110888,0.9376373269569904,0.8916839051321539
ENSG00000111247,0.007289778602042925,0.01888606710399769
ENSG00000010219,0.04202235322380049,0.021725815475615102
ENSG00000139180,0.17337405088908733,0.07449156425622652
ENSG00000255639,0.0059555974904139655,0.019418616880810896
ENSG00000130035,0.0008850508959254245,0.002708829990460552
ENSG00000196935,0.7925433515718422,0.9234633194458524
ENSG00000185432,0.1655663306044092,0.1477423666040621
ENSG00000123268,0.027058585791681487,0.08530218401584055
ENSG00000196465,0.15226097321981283,0.22806579994625675
ENSG00000065970,0.06661726482514853,0.19647353972592924
ENSG00000171860,0.5183517593057483,0.8202204992971047
ENSG00000089818,0.02716766933649876,0.07698572341964935
ENSG00000111729,0.166397132039907,0.7127185662841444
ENSG00000129317,0.0042353761868372695,0.003763495063053818
ENSG00000151239,0.094931900761331,0.07310481119166157
ENSG00000198001,0.07166872746447028,0.03707510572038867
ENSG00000064763,0.15527192849542484,0.19400840392864965
ENSG00000087502,0.013410831616618317,0.06096894188152287
ENSG00000084444,0.822698107009523,0.8442461962378007
ENSG00000167767,0.4532255252394729,0.5459545823686365
ENSG00000135480,0.10092403951380235,0.19329033033628515
ENSG00000170454,0.537912850885676,0.7529038221419554
ENSG00000185479,0.238179737182488,0.3691262835257296
ENSG00000205420,0.26857566328563287,0.28579503348389085
ENSG00000155974,0.022531528632645972,0.05103081841722806
ENSG00000198431,0.2639029757856278,0.31935024952608415
ENSG00000110921,0.5650632085611724,0.5070149852887715
ENSG00000111602,0.03360941645101366,0.06558617822077174
ENSG00000170581,0.2075999715978876,0.6566806510841079
ENSG00000067182,0.0871725302100642,0.2007376013945432
ENSG00000029153,0.03927803932855556,0.09591522138855618
ENSG00000119242,0.972364748181878,0.5251532436124744
ENSG00000179195,0.14252245347634315,0.21626445801693403
ENSG00000196498,0.12554553081176142,0.3134257054387288
ENSG00000187778,0.041495334318604735,0.08113639320889819
ENSG00000110844,0.09659857653964052,0.4225855969995894
ENSG00000161791,0.5196520442333175,0.9275202938827884
ENSG00000182196,0.6433272930708518,0.6478312183139046
ENSG00000182326,0.6467054910361749,0.6365340631918517
ENSG00000197757,0.06865672989174429,0.005194147695196106
ENSG00000276045,0.224531266503596,0.4359455584564449
ENSG00000171840,0.7779447142059863,0.5893157209974533
ENSG00000004478,0.11717998306660149,0.3245401531227501
ENSG00000111203,0.10843588823396821,0.3511752732780463
ENSG00000053702,0.1451481685970613,0.6775869525457647
ENSG00000111206,0.013375633458639494,0.06540977259027249
ENSG00000171792,0.006482966907276295,0.02382369957524315
ENSG00000078246,0.07687111926990667,0.2953403699155475
ENSG00000197905,0.12165592799328842,0.27577812428510046
ENSG00000011105,0.13115379351303486,0.41179058665411883
ENSG00000076248,0.052622839564511276,0.08150782131919063
ENSG00000111325,0.2815813244420762,0.2502014386292771
ENSG00000135114,0.06898576148363592,0.17338814694321503
ENSG00000177084,0.009746382712302054,0.03455988220553144
ENSG00000189079,0.18537267847049527,0.18299589788152212
ENSG00000139636,0.9209296184733662,0.8042545007995938
ENSG00000057294,0.004843590628153149,0.026568533481905073
ENSG00000135506,0.13282163363847851,0.3822384499200079
ENSG00000174243,0.057325803247704955,0.14468425268526325
ENSG00000126749,0.2193093607484833,0.10705580721273456
ENSG00000185163,0.21814143150396562,0.22203633661084696
ENSG00000184967,0.36369086997868383,0.3731117934545757
ENSG00000183495,0.798489108733878,0.8678029432805442
ENSG00000087470,0.07269633528197611,0.06710799000236575
ENSG00000111554,0.10451158691635279,0.11008846471172777
ENSG00000178882,0.13756531154390583,0.23465578897932313
ENSG00000123415,0.6580645630416981,0.8037884536017331
ENSG00000256537,0.33709340640139734,0.40250331951718177
ENSG00000111012,0.9024588844461574,0.8062016252007207
ENSG00000073614,0.03197356474701305,0.08324340098457476
ENSG00000120647,0.01049637333367317,0.019792043106472774
ENSG00000017427,0.36862744631812217,0.32387460761982484
ENSG00000067715,0.3405076112103648,0.049339363557251666
ENSG00000176915,0.36610120066100027,0.4517463490174696
ENSG00000247077,0.171491713156746,0.12931780428249093
ENSG00000139323,0.047040391460554755,0.07824912837014328
ENSG00000259075,0.1476435859580985,0.06540528274975949
ENSG00000257594,0.09624176851850653,0.1299958875724179
ENSG00000070961,0.11766476961264154,0.1566456048767546
ENSG00000121361,0.8067512594149848,0.36426468462010764
ENSG00000151746,0.20483425783874978,0.2565536360503462
ENSG00000110900,0.20750687486250186,0.5818961573836592
ENSG00000013573,0.09875513651517043,0.05448339788173265
ENSG00000139146,0.02905231490239273,0.050769660271754564
ENSG00000111796,0.10583143198560371,0.4705457629807913
ENSG00000123352,0.15154312546344895,0.18527964433157923
ENSG00000111450,0.48372383251845796,0.5675813677798084
ENSG00000135097,0.4871670365058085,0.690588988654145
ENSG00000111786,0.1469574513052438,0.22435399887325982
ENSG00000111432,0.5919426924766396,0.6804689544307705
ENSG00000198056,0.003020126369207847,0.007088950523991411
ENSG00000139154,0.016654321697546787,0.060313912658902555
ENSG00000052126,0.08728936829143556,0.12372316832820063
ENSG00000134533,0.8571373707948968,0.7527604804992392
ENSG00000139289,0.5447153472440716,0.3523608911395538
ENSG00000177981,0.037631077201922304,0.076510250999169
ENSG00000167528,0.029335484857567252,0.14529952424445797
ENSG00000135424,0.08649884086134191,0.033482794892011315
ENSG00000060709,0.5926254247053871,0.7346589600765889
ENSG00000133687,0.6543242134585766,0.6838916120924742
ENSG00000160072,0.3003030240432914,0.6333172982977391
ENSG00000157911,0.5802586408816343,0.5210553390062892
ENSG00000142655,0.17733636650884166,0.29282982201666863
ENSG00000171621,0.9511630561844775,0.7364123581632054
ENSG00000142583,0.6855976436012875,0.32726639431295795
ENSG00000116786,0.8161713562891584,0.7001614999026633
ENSG00000173614,0.005763994896873469,0.03750385904335755
ENSG00000142606,0.9543449051891104,0.38235847737452766
ENSG00000171729,0.16501269358280723,0.1347365975721822
ENSG00000037637,0.5889420935269966,0.45586291246467503
ENSG00000159423,0.9729573920196332,0.7050603331426304
ENSG00000011021,0.7556608812239678,0.8127025320678497
ENSG00000157916,0.16239703729507032,0.2761589624279859
ENSG00000157881,0.3269027524671639,0.3238796187962714
ENSG00000048707,0.2046741206553869,0.22745148088836079
ENSG00000162444,0.3043709204564495,0.055748986916647286
ENSG00000180758,0.10052831113212683,0.17135786392019084
ENSG00000184677,0.14106152737683395,0.40844409133093484
ENSG00000131697,0.4722789369371281,0.6456523241318045
ENSG00000055070,0.7970075943534719,0.9065250150563494
ENSG00000175087,0.5326274995006146,0.6802096950129646
ENSG00000157191,0.37923705571930033,0.8221170278703775
ENSG00000162511,0.6170341484949283,0.614209160100629
ENSG00000158014,0.49899167055456306,0.2247301470995119
ENSG00000204138,0.04589227541545415,0.1924104587578587
ENSG00000142675,0.3050329892948515,0.3845483638147088
ENSG00000130772,0.05944545717313661,0.030259378295838486
ENSG00000090020,0.18446060498662264,0.3228523608780991
ENSG00000157978,0.8800416133472246,0.7033450906529185
ENSG00000130770,0.9566277959507803,0.49606301084337
ENSG00000162512,0.04725963191375009,0.03756796905659766
ENSG00000158006,0.6300817217161154,0.6037260106381548
ENSG00000126698,0.7775747789272911,0.6083940411392101
ENSG00000130766,0.018877533751244572,0.05037437561189894
ENSG00000168528,0.3982736219403704,0.6091150657197357
ENSG00000169403,0.7211091933688282,0.8888834253176332
ENSG00000060688,0.05126520882050343,0.1535777839021019
ENSG00000171612,0.531369329646689,0.4215074461720131
ENSG00000188910,0.5713629179736806,0.7496995014524591
ENSG00000116138,0.24252637844871186,0.49287619602974075
ENSG00000158161,0.30838863007302353,0.37148269661867517
ENSG00000142684,0.4170601468385907,0.8893617528841213
ENSG00000121769,0.16804895947617995,0.3170600584566997
ENSG00000142627,0.5776948319907462,0.588372572775066
ENSG00000142632,0.3222626545178864,0.378373081707307
ENSG00000189337,0.09719359321507368,0.1613174368219136
ENSG00000028137,0.10220323981400878,0.3839658476718245
ENSG00000130939,0.30847991807940833,0.5369457900811896
ENSG00000060656,0.07232979670091437,0.22988794913168767
ENSG00000163867,0.02614922055568929,0.04097041472085714
ENSG00000189280,0.26245990469846087,0.47055271218708417
ENSG00000134698,0.3572909174250469,0.542093790502316
ENSG00000134690,0.6753851923032459,0.6182035218136693
ENSG00000132881,0.05207105581547054,0.21406401958999108
ENSG00000130940,0.17269848779447647,0.3463879329796796
ENSG00000116771,0.015859661677388823,0.009892258272562064
ENSG00000163879,0.4785802009431024,0.3670678593063247
ENSG00000116954,0.2546264286629979,0.5482347893769361
ENSG00000117215,0.9727620451279138,0.22991833860773375
ENSG00000196449,0.21260329574972375,0.13156890129145754
ENSG00000044012,0.005459178706145252,0.005012557001462099
ENSG00000179051,0.2844878523697627,0.6110889256219147
ENSG00000126067,0.5796362323811524,0.25206956077266696
ENSG00000274944,0.5251991519868167,0.8308165700706187
ENSG00000132906,0.6894591557302956,0.9143423184501728
ENSG00000197312,0.23887067207244034,0.4164033800107526
ENSG00000173660,0.5476316098608823,0.6276009829502481
ENSG00000054118,0.2841144872602001,0.4358639092586818
ENSG00000197982,0.5403048771696797,0.5280660604065831
ENSG00000183317,0.016739156105030642,0.08518457634116273
ENSG00000183386,0.19810573753808963,0.10980212079933305
ENSG00000158315,0.07243039259702397,0.3625821954514882
ENSG00000204084,0.14213907476419588,0.2337365405067844
ENSG00000146463,0.27871220897993676,0.4506140015258011
ENSG00000183520,0.7746473173863854,0.8075319369460405
ENSG00000142686,0.6284369862846075,0.7816648146390017
ENSG00000117148,0.7610483988791965,0.4958116603429268
ENSG00000117000,0.1855662530281009,0.30037419689645206
ENSG00000092853,0.21584331105190488,0.21500177429952433
ENSG00000134697,0.8761065440679022,0.8075142425681529
ENSG00000187513,0.25685682468051707,0.020106070402643735
ENSG00000116151,0.1597968878913014,0.1188519663009558
ENSG00000006555,0.02164699276132827,0.02804078932323705
ENSG00000066056,0.6625481111930156,0.2267207901293653
ENSG00000214114,0.12569393287410854,0.08625131787567683
ENSG00000117016,0.0169440693519146,0.029873909929250726
ENSG00000121310,0.5361001422168721,0.9204464283908087
ENSG00000163866,0.19714115498774654,0.21636116176868475
ENSG00000143001,0.005566088964912593,0.03547253085862514
ENSG00000117419,0.6916078585025924,0.3480137277281833
ENSG00000162384,0.37866861965453624,0.7523606884781279
ENSG00000162391,0.05188580811389351,0.15941945169863572
ENSG00000174348,0.7097138623449382,0.2995178490593902
ENSG00000117859,0.4394863142827955,0.5732541912552747
ENSG00000253313,0.4303386236713097,0.3762646531931424
ENSG00000162396,0.058610005782350996,0.07603456120927392
ENSG00000162378,0.12001274163835743,0.26082606655942336
ENSG00000240563,0.03783471806460617,0.14229358500610373
ENSG00000117862,0.4062305455335532,0.4174450308840769
ENSG00000183431,0.08598707935502878,0.1290108016671755
ENSG00000243725,0.5186141289095488,0.7275520806933145
ENSG00000162407,0.39440732049145577,0.8938340083498821
ENSG00000163877,0.32607059380112463,0.45664215855477663
ENSG00000157184,0.033355602166817794,0.12712633233495066
ENSG00000198815,0.2909399083191689,0.3427534441154601
ENSG00000134744,0.3485493145380616,0.37008809739945026
ENSG00000162385,0.2037070225803265,0.08320908365552278
ENSG00000123080,0.6643348570945203,0.23907382575527802
ENSG00000162415,0.1313592583239564,0.40082695918904854
ENSG00000162600,0.00784563578102864,0.023673514209172245
ENSG00000116704,0.010689835322657154,0.04052006961059083
ENSG00000157193,0.28490339915269847,0.3673763851371936
ENSG00000116205,0.0046092101925050664,0.015190691724154895
ENSG00000198841,0.0889254178769885,0.16340924193916598
ENSG00000116212,0.2646049911220701,0.5290315715035591
ENSG00000162607,0.01936324303417041,0.08249915994824872
ENSG00000154027,0.5232029036592063,0.3842937990502995
ENSG00000137960,0.02807765109037207,0.048890175163135104
ENSG00000116675,0.369303669416011,0.6794639037668683
ENSG00000162433,0.055601962440952155,0.11508955746623854
ENSG00000213625,0.10985198287369159,0.26774444617531123
ENSG00000158966,0.8414170322946128,0.7301391625644972
ENSG00000203965,0.024832538650680958,0.09457985265742931
ENSG00000153898,0.2608913518508569,0.32736763454634377
ENSG00000125703,0.06134143815368903,0.12942119602463004
ENSG00000162618,0.7876064109504985,0.6681290461995697
ENSG00000188786,0.0663567517774081,0.24311677365254042
ENSG00000066135,0.1620822757081375,0.19778295899173043
ENSG00000117174,0.7382404181183486,0.6453695918435578
ENSG00000143013,0.8181005934624124,0.41873211693723045
ENSG00000134748,0.038737838132127084,0.10871484950748148
ENSG00000142892,0.282432161795841,0.6009929239346081
ENSG00000197273,0.03181950738293893,0.028430315565281337
ENSG00000116641,0.07088592911974798,0.24022203858810562
ENSG00000172260,0.3030035605731922,0.19750649434691267
ENSG00000117480,0.07068933509446629,0.10758332097709326
ENSG00000137944,0.17283893282521356,0.16559613932638467
ENSG00000067334,0.18145558384113375,0.1799027314590869
ENSG00000142949,0.9096316058101308,0.9537801364985188
ENSG00000116133,0.3871267068393415,0.38496383938319845
ENSG00000116157,0.32436279485545566,0.23264280619857464
ENSG00000143036,0.0861387460268273,0.12983103939769713
ENSG00000065243,0.016383996131985067,0.030823927458734142
ENSG00000117528,0.030859479799915046,0.013392735019796206
ENSG00000172339,0.08132245843584367,0.046003686787426425
ENSG00000036549,0.014817562368243456,0.08502255554663479
ENSG00000058799,0.073663207870296,0.2593058258541134
ENSG00000189433,0.4293159999223519,0.9555320104618878
ENSG00000179178,0.722272571483003,0.6583445621672055
ENSG00000162604,0.5193637699130643,0.6340655121070383
ENSG00000116171,0.5173281748518941,0.5136124628135108
ENSG00000137936,0.1198653019893988,0.22597817222752106
ENSG00000178028,0.5133210823737238,0.7378811753534954
ENSG00000168710,0.09867625354927506,0.17801713587559767
ENSG00000117519,0.7632825569623682,0.9112010950201104
ENSG00000134215,0.016194739928856013,0.049235926037367664
ENSG00000188641,0.8075433736095685,0.5656191893191168
ENSG00000152078,0.08936838135705198,0.1461952179079667
ENSG00000171492,0.08086230968117522,0.12593583313826498
ENSG00000170989,0.8075412877038303,0.5840735513390987
ENSG00000116299,0.009062527416681464,0.07858957154023807
ENSG00000137962,0.7128814821971534,0.9063321328708669
ENSG00000079739,0.012308907235977275,0.04601679085951017
ENSG00000162377,0.04227867552705077,0.08174549625826975
ENSG00000116774,0.458220448805717,0.8792460598002759
ENSG00000023909,0.14601475763172864,0.14748718367691974
ENSG00000069702,0.8915431261296833,0.8854467670925396
ENSG00000198198,0.01301970384802877,0.040701271026038245
ENSG00000116793,0.3126032428530215,0.4684410421360282
ENSG00000117525,0.033075054955150084,0.024150764175287255
ENSG00000162692,0.37373741682564887,0.9537446727343726
ENSG00000122481,0.2848928652158992,0.4387180348983294
ENSG00000198162,0.1277625366049491,0.24374587389376212
ENSG00000143079,0.014785276011409573,0.07380149279509093
ENSG00000143093,0.2343671293001638,0.3689891882220332
ENSG00000085491,0.022164725435474285,0.08048388878105558
ENSG00000173947,0.5289534504249864,0.9525002907402083
ENSG00000134198,0.912133831310082,0.8271434838406672
ENSG00000198799,0.06308714673125125,0.10848105789164857
ENSG00000117620,0.013445257073995647,0.04238839697853981
ENSG00000162688,0.03636967535442201,0.06867072136473
ENSG00000185946,0.004405063672793788,0.02618684694126997
ENSG00000162627,0.00561721245122883,0.030563268691786123
ENSG00000162695,0.025340311913914747,0.08752593463703022
ENSG00000265808,0.05862797625555709,0.07867904608950006
ENSG00000134247,0.2921191938777452,0.6005045575821225
ENSG00000116752,0.01991266355167801,0.04014442050999648
ENSG00000162664,0.00408589995446202,0.008644992110947687
ENSG00000134253,0.12082670093921556,0.08454500068128885
ENSG00000173218,0.014369425802896133,0.053837622031862736
ENSG00000183508,0.03517345958523711,0.3403609773926145
ENSG00000143398,0.6737647709999338,0.6710890738282906
ENSG00000196505,0.09792124189986201,0.1580749038099103
ENSG00000065183,0.010118547558774385,0.03542170910422125
ENSG00000163393,0.47937792713734084,0.5575239020999215
ENSG00000163156,0.01621372395149082,0.028661262475689474
ENSG00000156150,0.49128859238425915,0.31873322737462756
ENSG00000197323,0.028936195907335833,0.05696533287114693
ENSG00000079335,0.016331046056610333,0.0726475354517681
ENSG00000143119,0.18494218314783703,0.7500477034123072
ENSG00000171943,0.6028035312869638,0.36478181683236255
ENSG00000116830,0.025634929900944674,0.014857782630647893
ENSG00000081026,0.0025802822744807855,0.015541613692665608
ENSG00000143458,0.22294337513218718,0.4447823021020677
ENSG00000163155,0.7546426022891252,0.9931038039924333
ENSG00000116824,0.278923360717428,0.9447916302702997
ENSG00000024526,0.0949436452016332,0.13467068481048808
ENSG00000117262,0.17267441675689027,0.29912671665656065
ENSG00000137947,0.14247346001536085,0.19076871393041966
ENSG00000117586,0.3317398521142885,0.10113298877890804
ENSG00000184371,0.8555005385037855,0.41546954842187966
ENSG00000163154,0.7817631416663723,0.42228885761737656
ENSG00000162729,0.23526094618915375,0.23892753359555743
ENSG00000143158,0.27744591892052084,0.24004419366433805
ENSG00000271092,0.0029076301135107256,0.008492685253766213
ENSG00000000460,0.2819097992045203,0.3592971776644458
ENSG00000135862,0.570095418631679,0.25217597976639183
ENSG00000143198,0.8805472706196349,0.7657209730744887
ENSG00000143621,0.17782265993534707,0.4045198333193788
ENSG00000143155,0.2813678375230603,0.42130634999198746
ENSG00000143156,0.9657599027946012,0.9071947490657348
ENSG00000198771,0.15803616642838236,0.6593978605047011
ENSG00000213064,0.8410616855846289,0.7299882175047279
ENSG00000143179,0.8152347331339628,0.8912032258965514
ENSG00000143315,0.22217351083025003,0.232548541282137
ENSG00000143190,0.610753336751034,0.6356195686209896
ENSG00000075945,0.33282088363360013,0.6361252830982221
ENSG00000117091,0.12430735261858682,0.5395273658202737
ENSG00000047410,0.8019506878329796,0.740858809063057
ENSG00000171806,0.49164535828575007,0.4910772724652216
ENSG00000162694,0.07264302331039608,0.25125127891745086
ENSG00000118197,0.9172998117621018,0.8144529522148618
ENSG00000135842,0.07361031645666331,0.020975008819789812
ENSG00000058085,0.9903173794481374,0.6422194278843358
ENSG00000116815,0.45079054316985157,0.18262105819514493
ENSG00000143167,0.034357615993738565,0.08950233634853917
ENSG00000143228,0.8984007453121765,0.9560225408310209
ENSG00000174514,0.029861908997964304,0.10952041676015056
ENSG00000143178,0.22579903098716428,0.11693236743008428
ENSG00000116833,0.03474594112489561,0.05536499270226524
ENSG00000000457,0.46783593503308396,0.8785379248829138
ENSG00000143507,0.5772918150585225,0.7809053279571125
ENSG00000059588,0.023429818243532647,0.1352417039827156
ENSG00000162782,0.2851706974147394,0.05297588983342634
ENSG00000143653,0.10020608284440634,0.22464431469517906
ENSG00000158711,0.5024431865312957,0.37935635349932695
ENSG00000162851,0.039608368829257376,0.09852067731055741
ENSG00000143353,0.39728659097246666,0.5032023472857441
ENSG00000197965,0.3877929910492516,0.7234274281237372
ENSG00000143493,0.3002100982253464,0.2768300187571219
ENSG00000117592,0.8004142848857609,0.9628325676232363
ENSG00000007908,0.7460334765579606,0.9642771134900855
ENSG00000092978,0.1915346907990952,0.4553867851983949
ENSG00000143499,0.8539179038855106,0.6867494391968627
ENSG00000188404,0.39914713258300805,0.8967519561719972
ENSG00000143196,0.8655614872821925,0.8024411228469109
ENSG00000203697,0.03198509046831122,0.11198374459564972
ENSG00000116574,0.5297834912549426,0.718796166780389
ENSG00000121481,0.2825352595784417,0.5038885463407136
ENSG00000143248,0.5146927416810245,0.1380235766423987
ENSG00000116132,0.7848189995689103,0.5840290431546198
ENSG00000116679,0.6757395192557102,0.9209830878132608
ENSG00000143476,0.6736808435470649,0.6879492288357516
ENSG00000121486,0.7690021207679144,0.7795886539436995
ENSG00000057252,0.08882760076104229,0.344049655464462
ENSG00000123685,0.7467639157513538,0.3939515741927174
ENSG00000162852,0.05991545748647217,0.19606860197834636
ENSG00000143842,0.26046270997342075,0.11921045332404914
ENSG00000116962,0.9154737315841652,0.41601903750717295
ENSG00000181450,0.11351928196814769,0.3042539359133974
ENSG00000120333,0.5935565853787017,0.6759814833564606
ENSG00000121644,0.9737990243799312,0.6759988074806811
ENSG00000158715,0.05936680658052593,0.12587353118478734
ENSG00000162849,0.3788726845273397,0.3923953392491464
ENSG00000067533,0.8730347277575856,0.8058150420859245
ENSG00000116209,0.08929182540694695,0.31878474140607854
ENSG00000116161,0.5536763795648378,0.5035350066959297
ENSG00000152104,0.13493114600556877,0.05617408593822626
ENSG00000117650,0.5059619807261903,0.76431230438725
ENSG00000203724,0.726312263837027,0.9551651011054925
ENSG00000158764,0.1725858333820884,0.17696933892766017
ENSG00000168118,0.4955779815160182,0.7362569530171608
ENSG00000173726,0.11748327410951538,0.3458607720873714
ENSG00000152382,0.33646995101136007,0.4732294549578998
ENSG00000143839,0.9949412264036425,0.7442182661006443
ENSG00000135829,0.054930720046438807,0.19845960807165736
ENSG00000134717,0.6476474791013962,0.9807801722312602
ENSG00000116668,0.9464981174754575,0.9854780526431387
ENSG00000143756,0.26125747048029235,0.6147184357774528
ENSG00000143207,0.24965949362983722,0.501313000645163
ENSG00000026751,0.12052411506085921,0.6715979250022907
ENSG00000116906,0.2404795417641006,0.2734527015528285
ENSG00000092969,0.06630597805450271,0.11619359664256913
ENSG00000157181,0.6939641985811733,0.7842985704517496
ENSG00000076258,0.38285455564780524,0.1503041583263621
ENSG00000117697,0.13175439323983054,0.38985840672071204
ENSG00000143641,0.41893039552025135,0.8755507425356432
ENSG00000010072,0.8220549779795259,0.8341777926764209
ENSG00000135766,0.9707026540320336,0.8242749250114481
ENSG00000168243,0.34893273819827764,0.7214342210060061
ENSG00000170382,0.16393991150828333,0.46292246771994106
ENSG00000066027,0.8491459235814055,0.8239605168411055
ENSG00000094975,0.89237117967442,0.6305923145949461
ENSG00000162772,0.39987854350193575,0.6720605167759806
ENSG00000135828,0.41033447410569346,0.759217755414008
ENSG00000076356,0.09194440647079304,0.4956748679335925
ENSG00000116711,0.2030921585968389,0.11558868615475462
ENSG00000143845,0.6092999639746113,0.7468943075121408
ENSG00000123684,0.9910461824401259,0.552994288317531
ENSG00000117707,0.833665182622587,0.9737793949580364
ENSG00000123836,0.1816141540276978,0.3111496841345207
ENSG00000117691,0.1060824150519941,0.05241895331866905
ENSG00000287856,0.2470016186254952,0.14719003929217284
ENSG00000203705,0.3364278310679294,0.6031165014296597
ENSG00000174175,0.6204102862446943,0.9605834923621172
ENSG00000171161,0.38675599597364196,0.22933474364937875
ENSG00000196878,0.44391217080107026,0.5464834030899504
ENSG00000133059,0.3466634613412003,0.13216499258219297
ENSG00000074964,0.21415086932520577,0.42867520314778973
ENSG00000116918,0.26825299467576413,0.39676052125590866
ENSG00000176393,0.3426656148903252,0.616016885351361
ENSG00000174606,0.8384031107442099,0.9488838865765032
ENSG00000179914,0.010229822400180739,0.020936878469678056
ENSG00000235750,0.7207009501595061,0.3929904407322826
ENSG00000116903,0.46583633608884045,0.7468277451569352
ENSG00000151414,0.5992437003955289,0.485420073872566
ENSG00000177614,0.7651335259580505,0.5924521404051282
ENSG00000197472,0.026649196982547762,0.10748487138213357
ENSG00000136643,0.2091711484200815,0.7708806562609969
ENSG00000069248,0.08451639915288668,0.24358235017424176
ENSG00000090104,0.5071549449047814,0.9199419595179283
ENSG00000185220,0.9319242563944378,0.8367982786146084
ENSG00000162769,0.5057458429688775,0.4556136052952102
ENSG00000133065,0.27346809683394907,0.7582077849461051
ENSG00000277462,0.0626402808313087,0.17397165036731105
ENSG00000035687,0.42809288418680014,0.5941930511350584
ENSG00000163431,0.14892626516787996,0.03249964055992639
ENSG00000230124,0.8771631799078554,0.8760400148718617
ENSG00000007341,0.025172076570249866,0.01843441536736776
ENSG00000117222,0.48870242844689704,0.4240706381316892
ENSG00000143324,0.7918796647503374,0.9954398730323677
ENSG00000118193,0.18257154240769208,0.476363002938164
ENSG00000198842,0.13848657811121007,0.18966550925072834
ENSG00000259823,0.031926635457524666,0.03816494293171959
ENSG00000135749,0.7998329439754485,0.7311739059574587
ENSG00000143786,0.30018323815308534,0.10270762305010005
ENSG00000054282,0.47025852650006494,0.5394138898824168
ENSG00000162702,0.21457167121230378,0.6987917661450722
ENSG00000054267,0.6100127926542868,0.8625011671154805
ENSG00000175137,0.5128290782579821,0.9119362767986923
ENSG00000134245,0.05278761386647693,0.1870522749321868
ENSG00000069275,0.15393015567211352,0.1543887197784066
ENSG00000143674,0.3728972688784663,0.5429866964233672
ENSG00000134375,0.32947936069239037,0.6484606497257865
ENSG00000097046,0.11744229539043063,0.057143871883184046
ENSG00000185420,0.19953932214671447,0.34922363010229795
ENSG00000076321,0.2572805036506713,0.8137812817412337
ENSG00000135778,0.6505748419434467,0.7463597328384028
ENSG00000117280,0.7216534715608737,0.8749446290714038
ENSG00000136636,0.23878504121960636,0.5384154081449313
ENSG00000163874,0.07383091372040046,0.04383009255170067
ENSG00000054392,0.025420018431334113,0.03419838627364894
ENSG00000188739,0.3692051887809189,0.9794322941673241
ENSG00000135750,0.2106626248093463,0.2879119347277667
ENSG00000143341,0.5654257155899325,0.2185008813168857
ENSG00000162545,0.8552082434265958,0.9627279501311079
ENSG00000090432,0.3853579482046854,0.7242424067690834
ENSG00000158825,0.873860042380896,0.650142005568983
ENSG00000158828,0.4180060506661878,0.8028157664600077
ENSG00000134371,0.47407112790465356,0.6010363246320894
ENSG00000066557,0.10783866003353754,0.15464604786957153
ENSG00000118454,0.038301960895869104,0.13788652673800947
ENSG00000116761,0.0015142869685574824,0.0035874726821589955
ENSG00000007968,0.01826827300977214,0.033119915645162576
ENSG00000117318,0.8314218894060729,0.8203378340771235
ENSG00000142676,0.07212192328770088,0.18353379124107277
ENSG00000057757,0.2605087368928877,0.3115262944989747
ENSG00000011009,0.5856451455754692,0.9501293528096855
ENSG00000117308,0.510820648788703,0.7903596537386002
ENSG00000158716,0.4073225470679823,0.7895159857787584
ENSG00000158714,0.7559165351983774,0.4957437406202255
ENSG00000163399,0.5746671574540334,0.5155543644838281
ENSG00000177888,0.926189380013008,0.7633447457275128
ENSG00000243364,0.15545312730331567,0.17720311829177038
ENSG00000143590,0.007236572313008882,0.01216760351501936
ENSG00000169242,0.31244121804259517,0.5369390794794202
ENSG00000169241,0.5041495733021466,0.5822302046364309
ENSG00000163463,0.00267568908183135,0.019819817704241446
ENSG00000169231,0.10197768711104375,0.061724673442035215
ENSG00000177628,0.7545462912644776,0.9615793123151511
ENSG00000116521,0.18975126655601807,0.6173502037989542
ENSG00000176444,0.14104987180398282,0.08857391668300009
ENSG00000143627,0.2052888195570599,0.04849659088483411
ENSG00000174059,0.7075931423410766,0.5785313408773527
ENSG00000142657,0.41618006598612456,0.42871648365987625
ENSG00000251503,0.9513493647148167,0.49476488714836053
ENSG00000175279,0.4681417293727279,0.8448619834437376
ENSG00000160049,0.050058355630260946,0.06522079443652952
ENSG00000182004,0.13023024147706924,0.29912424363075285
ENSG00000130768,0.015143930911654922,0.03412169835360225
ENSG00000158156,0.09522164704208468,0.11100528880451059
ENSG00000182118,0.8219988366421904,0.6845919091465221
ENSG00000143633,0.937625106095819,0.8598816430426731
ENSG00000132773,0.5560071796436624,0.42144817875816765
ENSG00000070759,0.024752767850549574,0.1656805825988419
ENSG00000132763,0.008373332565230304,0.009707082441537448
ENSG00000133019,0.8835324826967506,0.733045106875004
ENSG00000162636,0.18834222216602395,0.46830835885489597
ENSG00000162639,0.15254053878523832,0.08986968744613073
ENSG00000134186,0.07372478635684937,0.2435904104621443
ENSG00000116266,0.3684478305417249,0.460932673005102
ENSG00000215717,0.41017763357525694,0.7046743733052541
ENSG00000132676,0.717404520278216,0.7569182387716933
ENSG00000132718,0.9422425091542063,0.5183552175770965
ENSG00000132680,0.1510920280444004,0.31770215671216173
ENSG00000163479,0.7739759198130252,0.5176101170543053
ENSG00000160803,0.6392764818965597,0.9405624019911092
ENSG00000132698,0.931153489356083,0.5867146602672173
ENSG00000260238,0.30255316362060275,0.08943824230079596
ENSG00000198952,0.21339701152127993,0.5190167657843484
ENSG00000163472,0.2745347547284139,0.7704055096279232
ENSG00000163468,0.8585400402633245,0.8336855842082636
ENSG00000254726,0.06463981130686838,0.12613977658940775
ENSG00000186377,0.4449286632722148,0.5108171897703642
ENSG00000162366,0.5639681630237345,0.65037197844851
ENSG00000143061,0.1794226632344748,0.2960057349955416
ENSG00000135821,0.9276746217464227,0.5332316343404766
ENSG00000168275,0.3828457220595656,0.5382729176183743
ENSG00000153207,0.2611640152924365,0.4524142405076733
ENSG00000156869,0.013542682344524354,0.01615219409783584
ENSG00000116678,0.6308419047536238,0.9834279538245363
ENSG00000159352,0.02364765787782613,0.028679697398256758
ENSG00000158710,0.7440543696294533,0.8317607815624848
ENSG00000162734,0.1580327456435821,0.03711497957070717
ENSG00000049239,0.8402265643802885,0.9662388595758138
ENSG00000186564,0.06602347304053623,0.19309794108256492
ENSG00000244038,0.7597178957658313,0.6301985962536312
ENSG00000126091,0.01819982007455816,0.014626519690771979
ENSG00000171163,0.16066300041056503,0.22345289109025915
ENSG00000172456,0.43468001390069466,0.39104358730022304
ENSG00000162946,0.5924048070407822,0.48479781542697975
ENSG00000157870,0.05343813806185691,0.17875511291338542
ENSG00000179085,0.3897852133638493,0.8001474822287877
ENSG00000173080,0.3801518350879247,0.282728005632899
ENSG00000116685,0.6629970413572674,0.7693613436179633
ENSG00000083444,0.8931023278197374,0.5969839543288933
ENSG00000116691,0.924770577071389,0.8681167030594994
ENSG00000162521,0.054811025770265906,0.11436681306448483
ENSG00000162520,0.0057252241000761515,0.022779740874476376
ENSG00000162522,0.8364698509156135,0.8126192600947364
ENSG00000116497,0.1493137486415104,0.24290733707747006
ENSG00000121900,0.6298494799351841,0.5054736034235533
ENSG00000143222,0.6712589557313333,0.635568807937982
ENSG00000143224,0.05129664987992202,0.2419481948032212
ENSG00000158850,0.4589242017507188,0.3333587437008494
ENSG00000158859,0.9642020916710723,0.34956920439545824
ENSG00000158869,0.9042746320973452,0.4120594758754842
ENSG00000158874,0.042484668074786666,0.00528904553419319
ENSG00000158882,0.27775377150459113,0.5765979638872313
ENSG00000188931,0.0902765862202195,0.3298540001260527
ENSG00000265107,0.47219406007077935,0.12951286707277992
ENSG00000188092,0.7936086192126184,0.9397488071117861
ENSG00000116688,0.07070344220268727,0.2841090484145207
ENSG00000084073,0.502002906792821,0.3599754754418175
ENSG00000049089,0.25774737377967494,0.3394901133185235
ENSG00000187801,0.03472399530751821,0.015714389016585076
ENSG00000117640,0.11432629230692193,0.14600105005165878
ENSG00000127423,0.735581385178703,0.4309110129574589
ENSG00000182749,0.5406304774003303,0.8814004478272861
ENSG00000117632,0.8299275626981178,0.8087884497444251
ENSG00000187147,0.17799221650678315,0.44430964632084335
ENSG00000126106,0.8959817293740789,0.5732021935722211
ENSG00000142945,0.4248270929753294,0.3181448145637839
ENSG00000142937,0.8697186774755585,0.5746203220993551
ENSG00000173846,0.4825946760951013,0.4898004596362926
ENSG00000070785,0.08140468615615522,0.030128152053259923
ENSG00000126107,0.9028722926746082,0.8453642360079896
ENSG00000126088,0.20416791377597157,0.44817849998676285
ENSG00000162408,0.4748203314115923,0.49114261733614706
ENSG00000204859,0.7607901392677636,0.8981018893520296
ENSG00000171488,0.8539074663430551,0.642563837168971
ENSG00000119285,0.06648271933290115,0.1843193273382739
ENSG00000117758,0.5078228468996746,0.6566465391519013
ENSG00000117751,0.5979225648250399,0.660853735965345
ENSG00000130775,0.3324838920606919,0.7399534541083763
ENSG00000117748,0.837984114296654,0.9032399533352855
ENSG00000117122,0.741816150243418,0.5290489178068922
ENSG00000159363,0.6311093683092979,0.889270894481298
ENSG00000117118,0.27407771452919855,0.35885053893173713
ENSG00000117115,0.029032163042557547,0.004540815839940054
ENSG00000142871,0.3113312936782919,0.9157233808765718
ENSG00000143498,0.07651886827354977,0.2799343204747339
ENSG00000154305,0.16943935643722252,0.7181672957082275
ENSG00000186063,0.7211101206560683,0.29070978919225293
ENSG00000162819,0.9150277583665091,0.7517755714148363
ENSG00000164010,0.04064421430468505,0.1878638803252224
ENSG00000164011,0.5554360115198657,0.36511157406927497
ENSG00000154309,0.7847572411212402,0.6866770380388154
ENSG00000143067,0.7189366637275709,0.9219905359230242
ENSG00000134240,0.32361969847281824,0.357209325219206
ENSG00000134193,0.008460136236162636,0.03934431242153383
ENSG00000092621,0.6417670162054172,0.4053452660816351
ENSG00000130764,0.6402190428442099,0.83231665813499
ENSG00000284770,0.1262816234170796,0.21151945535654143
ENSG00000198837,0.5116835854249578,0.8606813453357421
ENSG00000160741,0.02609999740248215,0.017217612915168965
ENSG00000143578,0.525145603404913,0.39371477305818314
ENSG00000143543,0.46784689442908356,0.39002009529693227
ENSG00000143545,0.07207812911729179,0.11108920325230012
ENSG00000177954,0.40977516722466234,0.874168573226521
ENSG00000162642,0.08931101405591695,0.2519563667606511
ENSG00000116198,0.32223981148942804,0.6627087464650212
ENSG00000169598,0.11578055798284512,0.2225120879340594
ENSG00000162836,0.13004205962292537,0.27377796979145697
ENSG00000116667,0.7778673963043432,0.5722515537374757
ENSG00000125945,0.9815914438601863,0.622558673604633
ENSG00000204219,0.08845541216550605,0.3331605109770064
ENSG00000162885,0.8274284932369644,0.8351022849463576
ENSG00000173110,0.37800515218261665,0.9960455515527916
ENSG00000160752,0.6604866761501363,0.9443576812850563
ENSG00000121957,0.04482375195697481,0.1407138426579654
ENSG00000116747,0.8945668951450836,0.9394035137158242
ENSG00000118729,0.01921731443982449,0.011484767765467512
ENSG00000163467,0.17464760316228134,0.14429303600392002
ENSG00000117395,0.1534709659690866,0.09831761704151583
ENSG00000116874,0.1922107918220188,0.11115394175047884
ENSG00000065600,0.919217203737862,0.8184574286233519
ENSG00000009780,0.46431356092965237,0.47704550161912973
ENSG00000023572,0.3650601921246245,0.7187010795191451
ENSG00000077254,0.09245047407496797,0.16124231281538343
ENSG00000134644,0.15600769732584774,0.2434249219072828
ENSG00000215788,0.09907007393060174,0.13152270579910402
ENSG00000117625,0.6509769805579946,0.29078851537971695
ENSG00000121766,0.7223155056337525,0.9135260668394066
ENSG00000143157,0.5386984070257549,0.9011926600277349
ENSG00000160781,0.16535619096756105,0.4008106247509813
ENSG00000143344,0.7110799907670228,0.6877274225801171
ENSG00000142856,0.7977899109992863,0.4841490474447657
ENSG00000116396,0.10544349791638997,0.2948623377562673
ENSG00000163875,0.24160114745240685,0.25427611671815853
ENSG00000131238,0.9544223566274919,0.9838025036571231
ENSG00000171680,0.16450085381132049,0.4142639579007398
ENSG00000116977,0.8060058929192262,0.9492734715098893
ENSG00000242485,0.5620605031584489,0.39763843190332493
ENSG00000179403,0.08313705741794533,0.041225984198761584
ENSG00000215915,0.38932476587957865,0.971056929779531
ENSG00000135776,0.1594577028134798,0.2720157490777549
ENSG00000135763,0.2770574994039063,0.4025573444770204
ENSG00000178828,0.2932908167353283,0.4629616555656816
ENSG00000169914,0.2057162701589165,0.4044583556568365
ENSG00000079277,0.2715464590874102,0.2659202973215896
ENSG00000117407,0.05158853689153441,0.12011004748095498
ENSG00000117408,0.4265802160233887,0.4370812373369578
ENSG00000117410,0.11087299846785303,0.29910375286950047
ENSG00000159214,0.1807544164224035,0.4507609141626223
ENSG00000196517,0.14361893270749868,0.2242956555433616
ENSG00000172031,0.0027798838803935787,0.009385284846232918
ENSG00000228594,0.6561408555532477,0.47578476717051044
ENSG00000189409,0.30304704738736393,0.1978667395201047
ENSG00000189339,0.24426896865095551,0.3265975498343282
ENSG00000008128,0.04243911086503836,0.1256657534205251
ENSG00000008130,0.48055022842638184,0.7569197244282535
ENSG00000178821,0.36839427410125003,0.5287751542977626
ENSG00000158481,0.5188452471232945,0.9330137251690267
ENSG00000117505,0.05745136674464079,0.1869353901780724
ENSG00000162889,0.23207211192951702,0.041500440166172846
ENSG00000162892,0.2645842854425603,0.23761684632527788
ENSG00000162894,0.4819419967682541,0.9415763577877956
ENSG00000162896,0.04628655731133337,0.25776012410326893
ENSG00000182795,0.7171142956818825,0.8821368121112833
ENSG00000198890,0.06977455235409152,0.059687810141892894
ENSG00000142669,0.08484076582029389,0.14545425682636365
ENSG00000169442,0.3169418496000582,0.8693321771709678
ENSG00000176083,0.3318234663134126,0.0527125847649213
ENSG00000142910,0.041598905313893327,0.19713501909319484
ENSG00000162517,0.45851237115388055,0.9544334332805682
ENSG00000085840,0.00683275890040016,0.007706382813032594
ENSG00000143751,0.29211534980466636,0.5580372980411161
ENSG00000163041,0.39502575380885974,0.765955980291646
ENSG00000182827,0.27255621446802614,0.6499951201499525
ENSG00000143753,0.03208269829452987,0.035633456916969626
ENSG00000143748,0.27529375805668715,0.6174545863598195
ENSG00000143771,0.990612073779766,0.8048777288532087
ENSG00000183682,0.8966060714167775,0.5664442119389611
ENSG00000163909,0.8014710449499212,0.46335930645716206
ENSG00000090621,0.8511460518546121,0.9733933886616611
ENSG00000143369,0.08065616123027856,0.07758988147582506
ENSG00000143420,0.5794893627263313,0.6644180532661467
ENSG00000143457,0.11133162760791242,0.3235380120357584
ENSG00000143384,0.6637622212514128,0.9767136919744206
ENSG00000143793,0.02754258119165755,0.040021888694147675
ENSG00000162910,0.14007371887549847,0.30259070178183306
ENSG00000198835,0.6839702359006128,0.3717137623803708
ENSG00000181873,0.22060927849699496,0.44503222007568566
ENSG00000154370,0.9737533772642771,0.7869786122197016
ENSG00000171960,0.24760596321499498,0.11122424694932427
ENSG00000065978,0.4668409456471191,0.26442202458629677
ENSG00000117385,0.9748666285183935,0.7428590959884009
ENSG00000001460,0.7730054652040173,0.6952979739135612
ENSG00000001461,0.25084341686083034,0.44277906685723234
ENSG00000117602,0.3812641767883651,0.3542394099532794
ENSG00000184454,0.23887091541049366,0.39002294020031214
ENSG00000177606,0.43864284846732093,0.4797368486725444
ENSG00000116539,0.8785405632363752,0.493091203933432
ENSG00000084652,0.8427106014321657,0.7946080946951788
ENSG00000160051,0.11508977094079163,0.13075532757366376
ENSG00000183615,0.5158606410671056,0.21994979182285312
ENSG00000116478,0.30524409630933413,0.12068896509477822
ENSG00000175130,0.41441018073662506,0.8089281979895794
ENSG00000168679,0.27642234565053936,0.3478745196076798
ENSG00000134248,0.7710513223238693,0.8330957392692969
ENSG00000198492,0.3190302845628996,0.34362569192339276
ENSG00000253304,0.044649520355414106,0.017685528079227027
ENSG00000116353,0.9162540769200629,0.4499533292784308
ENSG00000136630,0.10076116167086409,0.009195860831964138
ENSG00000162817,0.07247814840886534,0.1087911047474045
ENSG00000117593,0.2646638493751534,0.2910519559380599
ENSG00000135870,0.5894043363339425,0.7292361271239003
ENSG00000197852,0.22872075934093666,0.20857137978407717
ENSG00000276600,0.8640840425657492,0.47860465847156053
ENSG00000158769,0.9157870858542316,0.7437391018770418
ENSG00000215845,0.20091189159328862,0.22310139565027426
ENSG00000158773,0.9804907252620572,0.6279217181283865
ENSG00000186517,0.8484423417331853,0.4350261799926123
ENSG00000143217,0.10388913604582663,0.17923056737084542
ENSG00000143256,0.03338516861029331,0.08480318565481813
ENSG00000158793,0.6242402508298004,0.9470796479002539
ENSG00000158796,0.8095822406568024,0.9464619393555328
ENSG00000196188,0.13716818340871625,0.3014326624412641
ENSG00000163050,0.034943740879276444,0.16558147608394283
ENSG00000174574,0.13218041707247963,0.22806532880889752
ENSG00000168653,0.22429916512398798,0.5241715061221415
ENSG00000121931,0.584368201936049,0.5206226079747036
ENSG00000162777,0.01333233694049253,0.11461966729607527
ENSG00000064886,0.32515927841184517,0.6976517757353411
ENSG00000156171,0.18522886097728436,0.22757239383714128
ENSG00000169291,0.5129460831577373,0.21097583218058952
ENSG00000143252,0.2982985695631508,0.4202260674669791
ENSG00000143437,0.6162005695595842,0.9811716077075864
ENSG00000143799,0.15980604342495644,0.5060805721316748
ENSG00000158864,0.09745978783286646,0.29746900300198975
ENSG00000117450,0.4767060137258413,0.8515657538838087
ENSG00000132780,0.7948332670621658,0.8529256978914269
ENSG00000159592,0.14001066455964764,0.2908859758639501
ENSG00000159596,0.35306120735494473,0.21333784611889614
ENSG00000143570,0.10799613156860291,0.08279927104045566
ENSG00000142864,0.04864400476697447,0.12104316560753042
ENSG00000198160,0.08543070683923644,0.18266204978167366
ENSG00000188295,0.14473265556917514,0.3977905413178341
ENSG00000116750,0.4824226542254575,0.5577723666812111
ENSG00000235169,0.9967945923397624,0.7095876465483473
ENSG00000116514,0.07191403517254556,0.28760579321453356
ENSG00000162419,0.13169427658542868,0.24537768477752894
ENSG00000154222,0.8928193328968823,0.8787283748325263
ENSG00000197147,0.07329554470395735,0.14932089673382176
ENSG00000058673,0.10052386564997366,0.36898167298342766
ENSG00000131236,0.58298255203695,0.7731671730612318
ENSG00000081870,0.8941081526067234,0.8163643811301331
ENSG00000133216,0.006283979493198266,0.026078822795773424
ENSG00000143183,0.20294609799330376,0.3942307865496446
ENSG00000248333,0.8808326663159446,0.8977537590460177
ENSG00000162390,0.10336157016527849,0.0771118015920406
ENSG00000117448,0.4834662658482559,0.4735090227772296
ENSG00000143387,0.2433837980911934,0.6774562936415713
ENSG00000142920,0.8516148602739855,0.403774202130075
ENSG00000116525,0.36396265050239407,0.5378963023089354
ENSG00000163131,0.45291444076639686,0.8041617690275231
ENSG00000183814,0.37847075171093025,0.5677873651616555
ENSG00000213516,0.010721110163629009,0.03712730308010211
ENSG00000117226,0.4599805316910993,0.6835715713640742
ENSG00000117228,0.31585307943811297,0.6227302632274503
ENSG00000162645,0.4572654731770047,0.816674370988723
ENSG00000162654,0.5679301507790376,0.8071621512067655
ENSG00000126705,0.29739094132340693,0.24019118909102527
ENSG00000000938,0.9591021994165199,0.4284911730752524
ENSG00000126709,0.30452589829955645,0.11759793117610641
ENSG00000137959,0.5034295526818541,0.9559321619107047
ENSG00000174151,0.2286140254325841,0.5018251198106574
ENSG00000181754,0.14633416891862736,0.4075557767767074
ENSG00000065135,0.08963141720370026,0.14832897743404436
ENSG00000073756,0.6580344932511817,0.4826559888076998
ENSG00000153904,0.5076539899940484,0.36934310962699635
ENSG00000155380,0.23780927342991112,0.3364464128829365
ENSG00000188976,0.5329894181728289,0.5021897421158694
ENSG00000187583,0.6026254641327038,0.28257214941913594
ENSG00000188290,0.7428552776274566,0.26239037200700627
ENSG00000187608,0.7519906607419963,0.4465929939581811
ENSG00000188157,0.4761687911448206,0.23560566649718986
ENSG00000116221,0.021843466011714267,0.03664788194005582
ENSG00000135775,0.2196336917381821,0.3670008761594551
ENSG00000135773,0.06036547513872269,0.044530831413319566
ENSG00000119280,0.12730153960846324,0.13429997639797903
ENSG00000137965,0.29176886238886696,0.7897430526760045
ENSG00000160714,0.08112004965595002,0.09477798555056534
ENSG00000160710,0.15768094982022993,0.4931089248194712
ENSG00000159658,0.02488077615439331,0.1355396542934283
ENSG00000143801,0.9262065752366085,0.9990659055758495
ENSG00000081721,0.4162979579322853,0.5634727614238924
ENSG00000082512,0.5216832048323292,0.5690290834557887
ENSG00000170385,0.1625467781379187,0.34743708728913436
ENSG00000118217,0.09752504021284229,0.33993595394728593
ENSG00000137955,0.11061538645366994,0.16437058783183922
ENSG00000213047,0.766610482502358,0.9673501642425442
ENSG00000117399,0.45852270439363185,0.3033288591769556
ENSG00000066322,0.884280457545568,0.8651214847778093
ENSG00000159479,0.2051163684665342,0.2553144375338921
ENSG00000116337,0.9811617436644055,0.7430065375468653
ENSG00000066279,0.14591990076398814,0.37543351449676643
ENSG00000117020,0.6139310786240821,0.3792598143026904
ENSG00000198912,0.4166270042520458,0.6475946769196383
ENSG00000183856,0.7246601233489609,0.8054150838011891
ENSG00000163382,0.28028343305655407,0.4423319322073991
ENSG00000132692,0.7153653777245006,0.5572988252912716
ENSG00000132688,0.7092014453730466,0.8390454489744481
ENSG00000143320,0.13519017264680433,0.26200948841182325
ENSG00000143319,0.3309356377821164,0.6093625940452398
ENSG00000143303,0.9734361824094722,0.9922511950463305
ENSG00000143314,0.2211710969929219,0.257775684124632
ENSG00000143321,0.6102487781778452,0.6938604198346647
ENSG00000143294,0.39484534794801307,0.4288193430740105
ENSG00000027869,0.4178269748750455,0.5007235690095125
ENSG00000123091,0.8679488054666868,0.7480466041313623
ENSG00000237330,0.9990762583837542,0.9215784532964038
ENSG00000131591,0.7784315646901032,0.909479713659579
ENSG00000085831,0.13920336664724875,0.2171033482625935
ENSG00000187634,0.3150905077024197,0.22892554018302455
ENSG00000156875,0.1295252022299538,0.27429659171788473
ENSG00000156876,0.26096135388232383,0.204807487376219
ENSG00000137992,0.03049021678744176,0.05348336447041136
ENSG00000137996,0.0076620508962379225,0.02598356936815525
ENSG00000137948,0.2906527610780218,0.3751773046785233
ENSG00000121774,0.13191767701890345,0.15423398561706633
ENSG00000121775,0.3561692543828584,0.4740118367914704
ENSG00000025800,0.5997408870347025,0.8329216825839675
ENSG00000160050,0.8914000088347511,0.5991113610411946
ENSG00000064703,0.016065836887542765,0.07048139353082616
ENSG00000122406,0.7740080948231103,0.4773674672142688
ENSG00000154511,0.2961710861030456,0.3579461843668075
ENSG00000143033,0.5360665629610066,0.24298119301996912
ENSG00000117298,0.36562596654074153,0.5726375777500405
ENSG00000116791,0.7133827445787733,0.24458625664608677
ENSG00000162623,0.12357749313765874,0.20940615783654243
ENSG00000184260,0.10747221642680674,0.16524143261298138
ENSG00000178096,0.9843531659775411,0.9732705102367207
ENSG00000159164,0.8766122058582434,0.7599714650858312
ENSG00000143368,0.13931719672344747,0.2861220559760629
ENSG00000150337,0.656831867400262,0.19795541012169962
ENSG00000116852,0.4737559682495889,0.9739924316135642
ENSG00000116857,0.4103626345114465,0.6077819802134499
ENSG00000203943,0.08567523421477889,0.14458084621049816
ENSG00000174529,0.026367775735531795,0.02438347633982426
ENSG00000116984,0.8257936773381976,0.8384704648474604
ENSG00000143742,0.7572443051804467,0.8306706044265451
ENSG00000196187,0.6695725241064854,0.5966297231321926
ENSG00000243709,0.21464262040788157,0.3962433025762052
ENSG00000143819,0.13291749627339466,0.17978547875132525
ENSG00000116649,0.17155769698263612,0.3218124437490205
ENSG00000171824,0.20204497818768788,0.45902559700769574
ENSG00000117614,0.7857971429862379,0.7123516466814848
ENSG00000117616,0.38770853584142406,0.9193155601987067
ENSG00000183726,0.1604443569299482,0.2893928646442491
ENSG00000204178,0.47398372363052155,0.7006171176574292
ENSG00000198860,0.4277288694409541,0.6825467237851511
ENSG00000180875,0.767997597748417,0.8659942373855093
ENSG00000143382,0.41982356711591995,0.30425979106482093
ENSG00000184007,0.14663754273586618,0.14125764968924776
ENSG00000137942,0.05855845034268994,0.06596492572023159
ENSG00000157077,0.03767747593587975,0.13350492187248147
ENSG00000162493,0.30072526271182803,0.7039750275068193
ENSG00000162542,0.41168382897751954,0.7228734218952518
ENSG00000178922,0.26123921900336255,0.7126049852437755
ENSG00000163374,0.9579223178967353,0.5620666538893787
ENSG00000235098,0.07463912610581502,0.018286426865574346
ENSG00000143740,0.23171211738417968,0.6882875017763203
ENSG00000117411,0.2053150864860928,0.3872795802440332
ENSG00000162745,0.8662411590473239,0.4272386037910876
ENSG00000185090,0.9661214114359994,0.9761236933267408
ENSG00000157873,0.7351077784939615,0.28764069227734057
ENSG00000168264,0.5913864335800423,0.5956658217427073
ENSG00000162775,0.02053728687480386,0.046014251523714016
ENSG00000081692,0.9101896284468602,0.678161052595162
ENSG00000173171,0.4846873814746244,0.8771557687743992
ENSG00000143862,0.10556311108406864,0.07856251413175423
ENSG00000143376,0.16919851484203827,0.15253657634969067
ENSG00000159409,0.17005833692050112,0.3244018022578009
ENSG00000178796,0.16944640502177385,0.17674006537477252
ENSG00000143436,0.5665991014772791,0.8328315397697108
ENSG00000143450,0.0679726279563854,0.02647098822983022
ENSG00000196407,0.07507035975406293,0.17445320931203182
ENSG00000159445,0.37067904947730657,0.29560354726761595
ENSG00000197747,0.5155297674175565,0.705518301183881
ENSG00000123473,0.05412726000976124,0.11727307131562074
ENSG00000020129,0.7385370876711802,0.9723196544155581
ENSG00000186603,0.6519509659704983,0.5520937396730203
ENSG00000117643,0.13757607444221467,0.017689157099532924
ENSG00000162430,0.7782829668236944,0.3081800906297364
ENSG00000173212,0.008526328220054651,0.0415279259364729
ENSG00000163531,0.9463414555811182,0.896192175913914
ENSG00000154429,0.9311558505915141,0.5732274351276563
ENSG00000187815,0.13989612574433086,0.06186588010767892
ENSG00000117010,0.10797932998136135,0.16237683029267036
ENSG00000180098,0.42392411037390776,0.7926853070698785
ENSG00000188060,0.8397231578700151,0.3760648116719588
ENSG00000240038,0.5340273360055727,0.2418202172522776
ENSG00000117266,0.9828285594109997,0.92368886427641
ENSG00000174567,0.005274341789938825,0.01612765842925078
ENSG00000143850,0.7103285401582604,0.8221448097470115
ENSG00000197056,0.0158710130786101,0.031180081459368257
ENSG00000174842,0.07759243409973632,0.05538516593380448
ENSG00000122484,0.04006678500623653,0.06775603289516757
ENSG00000163563,0.49111493249701865,0.8449209577488626
ENSG00000121903,0.3136426708368454,0.5320858697132794
ENSG00000187730,0.9395202150689312,0.5511710899748883
ENSG00000116809,0.10130465600633293,0.08470911248870058
ENSG00000173641,0.029860819788146833,0.011741371002505037
ENSG00000142634,0.7477944764562812,0.9747304913175292
ENSG00000160062,0.08455617139090116,0.2273023939865754
ENSG00000176261,0.30886462940455867,0.2516125121206707
ENSG00000213281,0.011962055513858458,0.020845955612604557
ENSG00000052723,0.03239502067466394,0.06214604146946423
ENSG00000228198,0.7256139657220877,0.4526404012682258
ENSG00000132485,0.0069835955717958914,0.027370946123389285
ENSG00000143418,0.12932326466788904,0.20053214106804343
ENSG00000143412,0.30237076711672406,0.4816518081904737
ENSG00000143363,0.6592543804518627,0.3774452972769762
ENSG00000143443,0.18950969398822615,0.33477396038320345
ENSG00000197622,0.29780969528698503,0.20832467047817085
ENSG00000213190,0.1362648788550942,0.146172005256792
ENSG00000162783,0.2954427005508762,0.21544335961844924
ENSG00000160785,0.9243935057740946,0.7408180462748511
ENSG00000091483,0.3221912482979425,0.3447970346843441
ENSG00000054277,0.4679065397652822,0.3386006810818969
ENSG00000203668,0.12568516422778483,0.2532176357711938
ENSG00000197785,0.7480132879686621,0.5365501473269507
ENSG00000205090,0.055820465455104114,0.04947083687778471
ENSG00000160075,0.13765883152432581,0.1675527890034735
ENSG00000197530,0.815319767432494,0.9136003449351309
ENSG00000116128,0.25482733414455444,0.44016306482525824
ENSG00000174371,0.5063766599567314,0.4171834550829555
ENSG00000152763,0.7894168846358777,0.5065273483402517
ENSG00000118473,0.4533699896399308,0.9172253429231996
ENSG00000143815,0.16732964532730543,0.2942964899301169
ENSG00000185842,0.6193535690499141,0.81564213708714
ENSG00000143479,0.9118482077340055,0.5101575434459791
ENSG00000254685,0.0062103388959453875,0.031273571418835626
ENSG00000163125,0.8818351438306592,0.7182542678530429
ENSG00000271383,0.3096692383563775,0.7841310663093586
ENSG00000117481,0.1790712939325604,0.12732382665233308
ENSG00000172410,0.031743191500085144,0.0633799957160981
ENSG00000196418,0.11102044524120072,0.2741117775775771
ENSG00000160789,0.9092663687380534,0.6855572787949115
ENSG00000142798,0.997104482089929,0.541260916737565
ENSG00000162552,0.0543541084414967,0.040107952525966196
ENSG00000196550,0.3862220577261962,0.31140498707104697
ENSG00000266028,0.08336471602448872,0.03378768657774389
ENSG00000263528,0.828181035516789,0.5452137139156212
ENSG00000266094,0.9089815040776734,0.49671550263062714
ENSG00000143486,0.7315247840572896,0.7631087885346226
ENSG00000058453,0.7289530339281571,0.8277312077301089
ENSG00000143494,0.057169237960138224,0.15330230922286842
ENSG00000215883,0.07184121288704735,0.16540687529288514
ENSG00000162650,0.04985121359448114,0.062372554171262244
ENSG00000120334,0.9277689323845456,0.9542424059461525
ENSG00000162714,0.09983846055131794,0.45034941852254784
ENSG00000152061,0.38936353742725127,0.29058974253195774
ENSG00000143147,0.6269863850465447,0.8877077586497977
ENSG00000135838,0.8928915940656937,0.7806051508157147
ENSG00000180198,0.08459323505489501,0.11948297644818741
ENSG00000116922,0.1092912250535454,0.23568693357898637
ENSG00000116863,0.33029545696247614,0.36611492100003384
ENSG00000171812,0.6199447817788685,0.1723369698881133
ENSG00000054116,0.6660827295244405,0.9503772672814861
ENSG00000116871,0.7813110488225989,0.8656512061388548
ENSG00000160094,0.2819404296981859,0.22011295500044825
ENSG00000197956,0.13118111403174035,0.14728366519160205
ENSG00000196154,0.13930365296120545,0.3310378920663713
ENSG00000188015,0.5018129699893417,0.8777741717923191
ENSG00000196754,0.1975016540661599,0.16134247097446455
ENSG00000188643,0.09959974966934113,0.15997353237995882
ENSG00000189334,0.16005819676589284,0.4126162768763686
ENSG00000189171,0.021053558449237415,0.022049331264716213
ENSG00000160678,0.419434702816322,0.7046613386801625
ENSG00000160679,0.5621218747066672,0.5604961632145498
ENSG00000143553,0.6652329506047454,0.7327007791266693
ENSG00000214193,0.16061816607857507,0.055187854877831795
ENSG00000196182,0.7209378322358768,0.7226904139126009
ENSG00000181817,0.8315173682964594,0.8756973281786258
ENSG00000116885,0.8722434574676001,0.6714166682576255
ENSG00000116898,0.4261270890987011,0.9024192585148402
ENSG00000142694,0.16289592374256595,0.05364680705667633
ENSG00000232237,0.8890789098749746,0.5341168066197537
ENSG00000135823,0.33920150808631,0.32359453153249906
ENSG00000153029,0.6678257593584893,0.5121146829487102
ENSG00000117500,0.026412901513114765,0.05804888063742412
ENSG00000122483,0.050738075807952754,0.05395692164043751
ENSG00000177868,0.13631483174767203,0.45639684842359807
ENSG00000120370,0.8974016704283374,0.6541414658529372
ENSG00000004487,0.349426919888255,0.375908027437441
ENSG00000169469,0.6316194135049122,0.6497718324042481
ENSG00000163216,0.2736075593995858,0.4388176614410735
ENSG00000213088,0.9988882886274533,0.6891683385678244
ENSG00000142661,0.7868220891842478,0.4603804050002499
ENSG00000142677,0.18970079790871464,0.3006559762383614
ENSG00000185436,0.24465810006698963,0.32806026838969166
ENSG00000163435,0.14069965346843133,0.2580107379962712
ENSG00000133067,0.2827848450020915,0.38645526486545423
ENSG00000143851,0.22162166102936026,0.5324878094218795
ENSG00000116991,0.8541566042448145,0.4591268925270001
ENSG00000116350,0.7469664283648594,0.6159139865757546
ENSG00000132694,0.11411174108836691,0.39984381164945315
ENSG00000117036,0.45925652364205094,0.7509774944321403
ENSG00000163344,0.563118927556806,0.4961907354620765
ENSG00000163346,0.7053179584595259,0.42776139834254256
ENSG00000163348,0.4867811558675228,0.2867681991379143
ENSG00000160691,0.6347220191258984,0.5252174868211543
ENSG00000173207,0.7359876820935305,0.7338960541245088
ENSG00000160688,0.7037001495244024,0.9758643166959815
ENSG00000160685,0.7491820623362717,0.7233014879556898
ENSG00000143537,0.4837849169219902,0.48903109745806395
ENSG00000014914,0.17619682285144614,0.38248160536266873
ENSG00000264522,0.6409305212818168,0.9218386408446948
ENSG00000215784,0.8807362042420592,0.7021372523646159
ENSG00000131779,0.7186046018114568,0.8343799790397719
ENSG00000271601,0.5003976170102639,0.12509504785200176
ENSG00000121851,0.5888682985665528,0.561820831373479
ENSG00000265972,0.7297304851066552,0.6009908398962144
ENSG00000117533,0.6303569937210882,0.47361698231714244
ENSG00000286219,0.13556389879055172,0.27655732682557066
ENSG00000116191,0.07013929579943311,0.15800080753887283
ENSG00000075151,0.28194120896952496,0.4479483952410662
ENSG00000143772,0.9215360604398041,0.4056650859488842
ENSG00000163191,0.005667235768569639,0.028163704553283275
ENSG00000266338,0.2435688439901919,0.22908920061776236
ENSG00000143409,0.4114500025304546,0.9110031724391502
ENSG00000060642,0.34660258117926,0.5347226626238977
ENSG00000204160,0.9744554269035847,0.584572067506466
ENSG00000175793,0.21747221879943288,0.38745665265163176
ENSG00000142751,0.6501780638166749,0.4905841324199254
ENSG00000198746,0.47289277784640626,0.8318557787716009
ENSG00000090273,0.798071436343839,0.9292665468225395
ENSG00000131910,0.15431027205142464,0.16686077903751606
ENSG00000253368,0.5068533764935172,0.5204182903099736
ENSG00000130695,0.1532424027816178,0.42251772792753817
ENSG00000198830,0.7509292057684681,0.8439933251168392
ENSG00000158062,0.19684763074024147,0.27759629948648823
ENSG00000158615,0.41043197998385494,0.722075130502387
ENSG00000058804,0.029671545464267955,0.036894437646518445
ENSG00000189266,0.11615069739761551,0.12708352177669893
ENSG00000188529,0.13414340662853402,0.1487377150346405
ENSG00000158055,0.804936827936894,0.6647777980891751
ENSG00000010165,0.13586982169613931,0.38907666201231406
ENSG00000197959,0.23518231930187009,0.24198667907784832
ENSG00000135845,0.3862069648640091,0.4717036249168487
ENSG00000203666,0.024748741571402146,0.1502520177654554
ENSG00000198625,0.8549256384046362,0.9968389949479279
ENSG00000117713,0.25066520841814416,0.5768252096705964
ENSG00000085433,0.13287584812736808,0.43850999594346296
ENSG00000219481,0.01384335800512527,0.04035884490511296
ENSG00000143811,0.005467708942645921,0.022824864953131477
ENSG00000117090,0.22250694453872893,0.6744510902728822
ENSG00000078618,0.19060659269564315,0.39740403469160357
ENSG00000185104,0.8887783628428928,0.668186466483726
ENSG00000117523,0.5628744594591677,0.8183355617461483
ENSG00000132128,0.32082645118487996,0.39423432414910253
ENSG00000085552,0.4995197834306242,0.6495162524939353
ENSG00000143374,0.6623278205491876,0.7362728909011311
ENSG00000182134,0.7895228913026127,0.4959499387140255
ENSG00000263956,0.41368947869079997,0.573862012431804
ENSG00000142875,0.0574840940693082,0.10480542807526064
ENSG00000134250,0.2581520600358816,0.6528429625581718
ENSG00000132849,0.7199577892425858,0.8516088152551569
ENSG00000170498,0.09578242681239943,0.07585731113679389
ENSG00000086015,0.8737367785178292,0.9777627047311375
ENSG00000196189,0.4479864346781123,0.5955711654649134
ENSG00000088280,0.7053838581138772,0.978775871619959
ENSG00000221978,0.02578347918280859,0.07856904894117482
ENSG00000175707,0.6582184028187127,0.9370095490911918
ENSG00000122482,0.8442009877426441,0.5583101208342871
ENSG00000187961,0.300239509861789,0.699422531607701
ENSG00000116604,0.2911746805264365,0.8319162491837261
ENSG00000185499,0.15016879301385536,0.23037961097891912
ENSG00000154451,0.2738494773136377,0.8434618900043613
ENSG00000011007,0.5564217612350804,0.5712704253730987
ENSG00000117305,0.6394682592190336,0.8867182455671923
ENSG00000179163,0.8697392273945934,0.9246963348332884
ENSG00000084636,0.9467241777928752,0.6328568577639283
ENSG00000143149,0.14172123653764448,0.25101405290856205
ENSG00000203814,0.13756484844395486,0.07370240157990626
ENSG00000270276,0.5499826072507988,0.6717399883835158
ENSG00000143164,0.08864926345777023,0.339267997370162
ENSG00000184678,0.02178868198309298,0.026011851183401612
ENSG00000270882,0.3229030824174117,0.801722755323084
ENSG00000122435,0.004561835211593913,0.00613799161164625
ENSG00000120341,0.2003965713932839,0.1651015504090255
ENSG00000117114,0.5134111102265618,0.8834434881545986
ENSG00000179862,0.7047841871230048,0.8952099587797125
ENSG00000081277,0.6050857391992459,0.518781921395028
ENSG00000159166,0.7881782459527598,0.8051741608241727
ENSG00000159173,0.5102734730925055,0.8846882758010408
ENSG00000174307,0.05535112181638953,0.021419008058134282
ENSG00000159176,0.11445186682949864,0.04648352287964247
ENSG00000198700,0.7791309446059304,0.7014821097935303
ENSG00000198892,0.523174617565728,0.2813143120535091
ENSG00000134369,0.49344254508176244,0.8367210118890431
ENSG00000050628,0.2945026485929462,0.14661888947281884
ENSG00000186364,0.6046321813026498,0.6298935520385682
ENSG00000131788,0.6166684571228702,0.8874680571367926
ENSG00000265241,0.6593217122879524,0.7140560155650904
ENSG00000116489,0.18754448046355965,0.22410817554946358
ENSG00000155366,0.5959075315813982,0.5639530463398719
ENSG00000155363,0.034918390796720135,0.11186471405445673
ENSG00000273136,0.003628082893953394,0.015905845146059278
ENSG00000120656,0.7748054255763233,0.9521295158642273
ENSG00000197780,0.09319483188717827,0.26207423249888306
ENSG00000136628,0.072970612747141,0.3401163596399234
ENSG00000162813,0.031063217794834157,0.1473230212850917
ENSG00000067704,0.13832197852881933,0.3496790064461073
ENSG00000118873,0.34635061762566566,0.5871440806991128
ENSG00000143776,0.9777743800361828,0.7608707651609004
ENSG00000132196,0.10863064708181337,0.17914497128688725
ENSG00000127603,0.8298763261651446,0.724485811574108
ENSG00000117461,0.8011751191072528,0.3438984828293611
ENSG00000117472,0.2647041402096433,0.43162674977598325
ENSG00000085999,0.49272077720273777,0.23627665084587007
ENSG00000085998,0.6082103274474531,0.5639542480756721
ENSG00000117475,0.6866685493614433,0.9515185878587437
ENSG00000117479,0.562405942722436,0.5221701367042466
ENSG00000198734,0.7147418769364091,0.9788799802134566
ENSG00000099260,0.44627884648817795,0.1720887504618919
ENSG00000116580,0.391489226353292,0.7865092671311462
ENSG00000127125,0.2865311502147777,0.15215019591680418
ENSG00000009307,0.049939851774530176,0.16320236903447527
ENSG00000162413,0.8114517943967954,0.4526031069896448
ENSG00000116273,0.8744508038967613,0.8948951138269671
ENSG00000117153,0.5893592561919159,0.3785538671545762
ENSG00000159346,0.0898401951491714,0.037587743058582715
ENSG00000159348,0.20361580715837682,0.03832916051785867
ENSG00000163444,0.7371713439811971,0.648897055948735
ENSG00000163485,0.6143839051236935,0.9173503269327854
ENSG00000133048,0.5669234412222919,0.9591263517291652
ENSG00000127481,0.8389935389528695,0.9405471956813513
ENSG00000053372,0.9185822001588413,0.6375706617065098
ENSG00000162482,0.5117825112288571,0.5658281598341655
ENSG00000053371,0.5287414740078384,0.35398915300867184
ENSG00000040487,0.4821542340275614,0.6632247042312108
ENSG00000183155,0.9925641071802553,0.6633087739525849
ENSG00000133063,0.8098990066517513,0.5644742098916566
ENSG00000143379,0.25324340978166704,0.5435547903765487
ENSG00000007923,0.08827877782559763,0.18733058330458424
ENSG00000116731,0.20547175907589818,0.5500834678230098
ENSG00000127463,0.17926276235035443,0.3577922901717717
ENSG00000117543,0.05339184955355367,0.018286991076499615
ENSG00000164008,0.0929283716507642,0.17208951585392904
ENSG00000116406,0.08947494778020641,0.34098346164352594
ENSG00000162704,0.219947498577469,0.4170370986469556
ENSG00000116698,0.34325254830783736,0.31330571649093214
ENSG00000121940,0.015477975126371585,0.138431496059153
ENSG00000067606,0.06403686935601675,0.15234935200420976
ENSG00000197429,0.011169479184022283,0.03477731740845496
ENSG00000184588,0.6285993783528998,0.8980146789244657
ENSG00000084070,0.9477841131130265,0.7587163542346771
ENSG00000127483,0.353074155508177,0.593505023931931
ENSG00000164002,0.24877637873595898,0.37274544093938333
ENSG00000133056,0.2862946928589568,0.7621586645297048
ENSG00000163159,0.745316504306199,0.6744729415906475
ENSG00000143434,0.7515502128800804,0.8591444855911374
ENSG00000085465,0.42723769194562,0.24524388756142798
ENSG00000116455,0.04768074091271338,0.04412341946213552
ENSG00000116459,0.014572728442263781,0.0805775575351785
ENSG00000143110,0.3280684097122222,0.14817009480138935
ENSG00000282608,0.6856954740300583,0.43033698249719343
ENSG00000116473,0.3617278505123146,0.45853908715115277
ENSG00000143153,0.8138337215875422,0.9771828238461714
ENSG00000183291,0.11377179877946121,0.11935086899224033
ENSG00000153936,0.32648840121623535,0.24135755315667223
ENSG00000134709,0.048174918138476505,0.0749804466289982
ENSG00000134716,0.18134140453547887,0.3082184587138085
ENSG00000181218,0.6021312337381546,0.9637844945966294
ENSG00000168159,0.8645563864773023,0.7860124582516508
ENSG00000177674,0.6814798028722313,0.8802400164156918
ENSG00000177000,0.4263135869560506,0.5846168597176243
ENSG00000197520,0.011158491745675686,0.02021987373463302
ENSG00000137968,0.4610328416966052,0.28291804783669683
ENSG00000041988,0.1707886339848225,0.28752496185618526
ENSG00000196420,0.5507714676213944,0.875273517933096
ENSG00000072694,0.4934948887302585,0.15477249313231536
ENSG00000155367,0.5824447710956969,0.5267760734744388
ENSG00000160783,0.5251751519601342,0.9877717757847566
ENSG00000066136,0.21583185275223082,0.43543615455438067
ENSG00000134668,0.9364817517763904,0.7603125674714509
ENSG00000180488,0.0327827430641988,0.08530235235964159
ENSG00000142961,0.145339929876761,0.5046953421915554
ENSG00000116754,0.041719804009689436,0.0758715674029465
ENSG00000077585,0.7924061919206555,0.36488870135450124
ENSG00000086619,0.4272930599992255,0.6820452239867182
ENSG00000225556,0.3771479213769152,0.5209907212640661
ENSG00000117791,0.03069453892950506,0.09302118138691327
ENSG00000186205,0.12585802046138211,0.1298290669051845
ENSG00000123472,0.9037588360605039,0.8610014008630676
ENSG00000010803,0.164633447771404,0.12082677976911035
ENSG00000196369,0.8169852299744085,0.6990777993651562
ENSG00000143333,0.7320410556437014,0.46836799425718645
ENSG00000031698,0.081335044851969,0.19262865595862266
ENSG00000143126,0.1278469453323817,0.3541484709671613
ENSG00000134222,0.5039544798348137,0.6301036304610714
ENSG00000134243,0.04417933206568446,0.1297311429789395
ENSG00000143106,0.34461128614098757,0.2243224289330907
ENSG00000117143,0.0836371356184936,0.3367732702503452
ENSG00000163565,0.22832068414223403,0.8355485333608471
ENSG00000163568,0.901538083084566,0.8526345062999473
ENSG00000004455,0.6191071540335661,0.3358675896882181
ENSG00000173372,0.9444935602037446,0.31203293232236384
ENSG00000159189,0.5665178525817582,0.5823936954617528
ENSG00000173369,0.6644164969272663,0.5321499291926957
ENSG00000117335,0.8533662884098983,0.5808259680176335
ENSG00000180667,0.9855715575492103,0.75918194268697
ENSG00000123843,0.4794475257161459,0.8245531744597328
ENSG00000123838,0.4630437696060977,0.4602141378855933
ENSG00000123689,0.047318287462749534,0.07442759990221713
ENSG00000117594,0.9826508230805244,0.3514873945812763
ENSG00000009790,0.372946218835832,0.8987979490514932
ENSG00000162757,0.37991830845009456,0.5533527834343783
ENSG00000117595,0.6601885437530826,0.960544001242564
ENSG00000117597,0.07098315650978371,0.30336142942753325
ENSG00000177181,0.0042733681622813355,0.024872543800962044
ENSG00000134684,0.2465560951080596,0.3650495954504771
ENSG00000132716,0.19190834188773312,0.4805130194390398
ENSG00000162735,0.2875532817975886,0.5059469292551262
ENSG00000162739,0.40906333024888264,0.8133112483277484
ENSG00000066294,0.858123216496981,0.5431418902780698
ENSG00000122218,0.3013568556363421,0.5269623706756279
ENSG00000169474,0.36113567203526953,0.4171724041468353
ENSG00000118200,0.6618751717411064,0.890202441875596
ENSG00000163362,0.030659856455096682,0.16708685183235458
ENSG00000016490,0.0005866718052276977,0.0008531012459262529
ENSG00000016602,0.008398316278510771,0.010072783054507563
ENSG00000152904,0.8602354556614522,0.5555103879100932
ENSG00000131791,0.4394690397909332,0.9942477865497248
ENSG00000177144,0.01096202381189687,0.03965903856887804
ENSG00000162460,0.08397797481514242,0.0033783651842279557
ENSG00000162458,0.22483232739196457,0.6122956415073397
ENSG00000142794,0.4338193765454812,0.36030110535786697
ENSG00000076864,0.28192956744205333,0.35443547672877496
ENSG00000090686,0.2851150547706663,0.41925474589187406
ENSG00000116560,0.0861725296763584,0.15698462705334745
ENSG00000084072,0.13753079919288086,0.2794065471469156
ENSG00000116985,0.04916320740108255,0.18833165061531285
ENSG00000043514,0.8304822293969129,0.6783637441241933
ENSG00000116990,0.11169341866169653,0.25291308296130804
ENSG00000168389,0.2590161644210907,0.08009360412055004
ENSG00000097096,0.08705298247448746,0.20476239248489894
ENSG00000143515,0.7949603073337581,0.32132302764666915
ENSG00000160753,0.953014843301842,0.6855050288104012
ENSG00000116584,0.47364364489917665,0.3118444570864135
ENSG00000162738,0.3852724505539692,0.2567967642685222
ENSG00000143258,0.16684621783972428,0.49511486325247356
ENSG00000254706,0.4298365815698648,0.7649705885024318
ENSG00000239887,0.537908207992962,0.7326362248729947
ENSG00000152332,0.550744385195992,0.853701417173722
ENSG00000162733,0.4342762730606684,0.10656262224846931
ENSG00000075391,0.2176905151731128,0.2818234861148939
ENSG00000154380,0.3266759111694426,0.9452405955606661
ENSG00000162676,0.05306171342941726,0.29941936437035804
ENSG00000203667,0.12753992064574474,0.07362931017688137
ENSG00000162551,0.2620033562883165,0.4185588832437033
ENSG00000000971,0.4552341090745954,0.9149091124913529
ENSG00000054523,0.6728810253259413,0.9327688034503839
ENSG00000171793,0.5945313575256941,0.3986020103434105
ENSG00000135744,0.556183907576875,0.23483895631171195
ENSG00000084623,0.35763853991778094,0.9319540717592203
ENSG00000143612,0.8379994363980572,0.9232155309875149
ENSG00000143569,0.655723603946976,0.9348265152219419
ENSG00000160058,0.04544982007880188,0.11105129764435104
ENSG00000142687,0.14147742399115926,0.1616413666397278
ENSG00000116586,0.02399941155615749,0.0442219588673359
ENSG00000182866,0.8596911076307706,0.8512009318201357
ENSG00000130762,0.3929272708409486,0.5576921582888059
ENSG00000158109,0.5295133806402459,0.6876748566379749
ENSG00000116213,0.45271917064822953,0.3930447134482056
ENSG00000078900,0.20650955036275695,0.18886148296728378
ENSG00000162591,0.9760585744351475,0.5535221645103523
ENSG00000081019,0.004500987601753346,0.014424784484514942
ENSG00000134242,0.8488270020880828,0.9316754786181725
ENSG00000188761,0.09733289707877005,0.1573460346491258
ENSG00000134262,0.0025244819413564983,0.0010163600385028949
ENSG00000163349,0.0533467040627095,0.19556609186737234
ENSG00000118655,0.02309295426391916,0.03298677506347523
ENSG00000162496,0.715720125189126,0.5551829364232275
ENSG00000143669,0.21402139069970738,0.4360547681900532
ENSG00000184292,0.2824893625056912,0.5736692839361268
ENSG00000162601,0.08709283161552853,0.13382081901543566
ENSG00000116661,0.6779623661427517,0.9786665067822177
ENSG00000132879,0.466970944118284,0.821236628356957
ENSG00000116663,0.6670843267194505,0.9015454649114147
ENSG00000117133,0.1204392533638481,0.11562242389660876
ENSG00000174021,0.526523587570733,0.8689277005328461
ENSG00000117155,0.05026280016487713,0.06498140192529896
ENSG00000116670,0.40403641274627455,0.24060552438512375
ENSG00000188610,0.7276705625460687,0.7998215032775441
ENSG00000257315,0.3606210899593999,0.5418345765264743
ENSG00000117394,0.6428037667856579,0.8628229286571281
ENSG00000116701,0.8609175002692122,0.3942390201224545
ENSG00000088035,0.6744926710041439,0.28121793719926697
ENSG00000081237,0.15400472594210274,0.5561233974538398
ENSG00000125459,0.4578223477562795,0.7232452262782112
ENSG00000143365,0.9917275095192195,0.5964416500692098
ENSG00000162909,0.6228049010006136,0.566921725200966
ENSG00000143514,0.31305975054442925,0.6280660279741475
ENSG00000116741,0.27813300219670206,0.05540070104857723
ENSG00000143575,0.6569682462198707,0.5864021394703463
ENSG00000198715,0.5706925284276654,0.6096975434509001
ENSG00000176092,0.2767655250359173,0.42726997917422993
ENSG00000143643,0.8649273520348566,0.8848152767014438
ENSG00000173409,0.2722029734390179,0.33949198980313394
ENSG00000160055,0.3187905579279715,0.39060527604692996
ENSG00000116717,0.7954619980946941,0.8830014614653797
ENSG00000172380,0.11100612962014822,0.277143952392843
ENSG00000116729,0.35464585693979,0.5794517565642635
ENSG00000163220,0.7619654050928634,0.9492421603717824
ENSG00000163221,0.6650794149734995,0.6374857666214915
ENSG00000143546,0.6556515235283613,0.9979566852920171
ENSG00000143556,0.38921356158125364,0.6291897061858547
ENSG00000186891,0.4455056880669349,0.08977549253718428
ENSG00000078808,0.39860300589971587,0.5800029661861897
ENSG00000176022,0.2146243582146799,0.20460469457610622
ENSG00000184163,0.009665537652811,0.01774043236653166
ENSG00000160087,0.41482589243838264,0.4945394396534045
ENSG00000023902,0.26721157084417124,0.062015026766047004
ENSG00000143401,0.47671401776313593,0.5152526670680267
ENSG00000117362,0.8240534811154706,0.8189969357601777
ENSG00000118292,0.42477247925044004,0.19162794160418117
ENSG00000159208,0.41949498858621925,0.7480323506137341
ENSG00000266472,0.2413033625424883,0.6798020971557663
ENSG00000117360,0.11522275655194224,0.32062249341007226
ENSG00000131584,0.193342409758047,0.29620568386558643
ENSG00000127054,0.22885612090075436,0.42567600172295283
ENSG00000224051,0.2585751854294055,0.18828114116290967
ENSG00000169962,0.8676672524079829,0.34948323665649017
ENSG00000107404,0.5735435721603366,0.6474450604580743
ENSG00000162576,0.8990164683958373,0.3304221285362423
ENSG00000175756,0.6438270483272134,0.8576255839825817
ENSG00000186501,0.37803688917535205,0.814315518244562
ENSG00000142765,0.839378204208838,0.552956617603918
ENSG00000142733,0.0020036507780831414,0.008145666344638777
ENSG00000136631,0.49514518225828785,0.35372089627931025
ENSG00000160712,0.17307589626346426,0.32095335207789805
ENSG00000132781,0.2905322199531605,0.19531734857351196
ENSG00000117054,0.07317950366045577,0.16747262646401406
ENSG00000179456,0.3221353572279,0.493348691210291
ENSG00000188807,0.9201731621035498,0.9103507467172898
ENSG00000171603,0.1300224162428464,0.5054990494541096
ENSG00000178585,0.5824701086743533,0.6892567386079198
ENSG00000162441,0.20771715710628738,0.35358164194228325
ENSG00000174827,0.012053046406925458,0.0074921841783511306
ENSG00000265491,0.8080726416054893,0.8780545495718658
ENSG00000186141,0.049672889426593946,0.1977920452196021
ENSG00000171608,0.517048801759785,0.7106964726031497
ENSG00000269713,0.40273329967324567,0.6690199872773005
ENSG00000162825,0.07411754210621892,0.2706240327113264
ENSG00000160818,0.183190342185641,0.5243886432296437
ENSG00000268043,0.1271276208709346,0.42873060369865124
ENSG00000049245,0.1013821817648305,0.31991103645032853
ENSG00000049246,0.3870355203454635,0.4988633388270305
ENSG00000049247,0.05466630724974004,0.06886409750068191
ENSG00000049249,0.6376126310782424,0.7790747966489587
ENSG00000116288,0.5260055130820628,0.9274594903599537
ENSG00000116285,0.7407892783326748,0.7111731021288923
ENSG00000162368,0.1462015130365802,0.17733874741182726
ENSG00000119535,0.5536521010805142,0.9653840094354451
ENSG00000143226,0.7381342050763833,0.22718074900440532
ENSG00000132768,0.05483685612100702,0.10144579697018956
ENSG00000162434,0.25037252330996057,0.5384878153770609
ENSG00000142867,0.02287853884944783,0.04455156670993087
ENSG00000077152,0.8412554894736097,0.9547703641287332
ENSG00000203747,0.8581215188662055,0.4569717601883764
ENSG00000162747,0.8673374373093226,0.8368638988770869
ENSG00000163545,0.6439149999682526,0.4232182676546067
ENSG00000186007,0.011943609872255807,0.04021061432010838
ENSG00000281406,0.012484167140851512,0.07302041475435561
ENSG00000162736,0.9083823057483984,0.7937567854666441
ENSG00000196352,0.14202715937474833,0.36262068382146806
ENSG00000117322,0.4116266821248026,0.7872508731964634
ENSG00000092847,0.5565344992404828,0.5571503315953141
ENSG00000126070,0.3458506338401037,0.5542660229475085
ENSG00000143761,0.036745902557172014,0.10564479570321837
ENSG00000185630,0.44175591108518597,0.6039806061043944
ENSG00000142784,0.21598633072528514,0.4200102006076607
ENSG00000158195,0.3804760393322806,0.8513115784405801
ENSG00000142748,0.6549089314450822,0.27489134994274184
ENSG00000188257,0.7166855984065328,0.6525017250014054
ENSG00000286019,0.5822714583724322,0.6634487160240413
ENSG00000264343,0.5405316899241412,0.6838811683370183
ENSG00000243749,0.11866462259227066,0.14263046559624967
ENSG00000270629,0.18847331331991302,0.7093164634550313
ENSG00000135801,0.38393936505394743,0.6863994360759409
ENSG00000186827,0.5918636527171259,0.09198863740562857
ENSG00000162599,0.4452307549265909,0.8078164469183099
ENSG00000143162,0.6278892987406671,0.8630803970532952
ENSG00000198821,0.10217841668925816,0.6045363935064838
ENSG00000171735,0.43548929993136254,0.8823062294998759
ENSG00000134255,0.12050933484187702,0.3002237932594788
ENSG00000120942,0.19505717879465861,0.4514265410704841
ENSG00000198793,0.5663717232984218,0.744585629658886
ENSG00000143373,0.5334279850020256,0.498952215106639
ENSG00000143393,0.6397886518300215,0.35395644644838853
ENSG00000143390,0.46175314121202593,0.709676276740925
ENSG00000143416,0.10233126254072182,0.12349719023481194
ENSG00000159377,0.22520796572806,0.27044964594897425
ENSG00000143375,0.11406947425307952,0.3926704741690865
ENSG00000143367,0.4931267495003212,0.6845378834055393
ENSG00000143442,0.8392463279156656,0.9728551043886356
ENSG00000117676,0.37155149187125514,0.2190197801341269
ENSG00000117682,0.3507528478826427,0.46291882951813823
ENSG00000120948,0.29145864559514195,0.3780573728483937
ENSG00000162614,0.22110308648849764,0.05504767638691182
ENSG00000162616,0.31783842638878557,0.8390765912231246
ENSG00000162613,0.04697371847826285,0.08956460154373135
ENSG00000169418,0.9079303520869326,0.6187059941087603
ENSG00000143624,0.024959733283262408,0.1632318341297208
ENSG00000143554,0.24264686029252627,0.19730050405142513
ENSG00000143614,0.4396463883796332,0.5893906184588102
ENSG00000171385,0.6743671519224455,0.4724207099231933
ENSG00000078369,0.540610415720717,0.7596316262465345
ENSG00000168765,0.6025062413286747,0.19845649670423307
ENSG00000213366,0.3692902699509316,0.23007949722343907
ENSG00000134184,0.8023418745357858,0.8502047675554214
ENSG00000134201,0.32048167467993827,0.8829677743142439
ENSG00000134202,0.38209643993084996,0.596195831450905
ENSG00000198758,0.43619534466841414,0.2500118901749113
ENSG00000143702,0.6965829379785626,0.7984339711968753
ENSG00000135835,0.7632985222331816,0.6839134418578563
ENSG00000169174,0.5900481383582151,0.7057385953937507
ENSG00000162402,0.03886082252898924,0.15595164524656452
ENSG00000122417,0.4241081716536499,0.2174922711485057
ENSG00000183853,0.5246387073953535,0.9121148869426594
ENSG00000074800,0.6650705265933259,0.6293018995505641
ENSG00000142599,0.6850655402365522,0.907123544086326
ENSG00000143622,0.7040829820514026,0.8858089395749513
ENSG00000153187,0.9096174894576631,0.9991463895253655
ENSG00000065526,0.275218851078753,0.6055483029246496
ENSG00000162585,0.21897068843672832,0.34271456014350743
ENSG00000157933,0.9672706485117304,0.6209642546534624
ENSG00000162923,0.5391188755743095,0.9166206702083964
ENSG00000117139,0.07458929769777344,0.39023967639157076
ENSG00000077157,0.16496338260631296,0.02975678341135466
ENSG00000116199,0.3331608026902444,0.3802102293563375
ENSG00000186283,0.7509139506406067,0.7494690010614087
ENSG00000143322,0.9921359271056467,0.5647980014157077
ENSG00000169905,0.09205108288256622,0.15187570209284937
ENSG00000143337,0.89557793357068,0.4430851356750154
ENSG00000116260,0.8885950489615341,0.3378545056319168
ENSG00000097033,0.22134167479643682,0.392798417589191
ENSG00000143549,0.632889059844111,0.7410864046206549
ENSG00000169504,0.6899918898184481,0.8067246386012853
ENSG00000133226,0.6155119804876696,0.6303050341113907
ENSG00000285053,0.41680356854692224,0.5590976679759094
ENSG00000188783,0.07256646317202278,0.011239469356555749
ENSG00000058668,0.36738617010545327,0.08717453204422931
ENSG00000125944,0.057074722524335174,0.19387355501922812
ENSG00000077549,0.3873577812355722,0.581750594353559
ENSG00000173436,0.4778531026516425,0.3611177967472149
ENSG00000158747,0.3584945900177723,0.7161126764860606
ENSG00000020633,0.7473167598392334,0.4917135728745631
ENSG00000070831,0.4467315146916756,0.4630840068069616
ENSG00000122176,0.21961450754973813,0.6286438371370916
ENSG00000131781,0.7158887302115868,0.872852983566914
ENSG00000131778,0.3786468913414537,0.5538354832579673
ENSG00000117834,0.17966947591846377,0.06649095800662694
ENSG00000132122,0.6595413582466216,0.5754497399375875
ENSG00000060718,0.5447947745528834,0.9743628648438882
ENSG00000135837,0.33962518272551984,0.8424092438080161
ENSG00000085832,0.4903471335622702,0.6719380699383748
ENSG00000134686,0.921094900049887,0.6860265104603191
ENSG00000159023,0.018599561716935564,0.1017996308885533
ENSG00000159388,0.8152694499820546,0.8850360097659151
ENSG00000069424,0.7787938356211354,0.7134751468728275
ENSG00000116251,0.05673222127216546,0.13622606240518675
ENSG00000116237,0.6977209670730173,0.5802967871341664
ENSG00000158292,0.9418959796499967,0.6315203683263864
ENSG00000069812,0.8105038631377759,0.9250199387099405
ENSG00000117569,0.32979076438458427,0.38040168543168706
ENSG00000169972,0.9678654761170847,0.9750855473907664
ENSG00000178104,0.41403049335992104,0.8127269096882337
ENSG00000117152,0.2832556151317292,0.16483653140247703
ENSG00000117724,0.9559845457435299,0.5966748361384971
ENSG00000160767,0.17342151464461442,0.35120418825938493
ENSG00000162543,0.9147632007844089,0.6456351346107938
ENSG00000157216,0.712852783841269,0.7428712027215528
ENSG00000169641,0.023466468785728185,0.1030479811758481
ENSG00000179546,0.15105305439722794,0.15119536670955128
ENSG00000067208,0.052170452304322316,0.10139024039499937
ENSG00000143774,0.08420829184995698,0.16635666687859876
ENSG00000169991,0.574267154933864,0.6501613845340594
ENSG00000097021,0.8456204157345314,0.70695932658249
ENSG00000187017,0.2747810349224455,0.2657220955484017
ENSG00000162437,0.0034013718198328377,0.012987421084198187
ENSG00000197562,0.15507060523613614,0.2975117421822641
ENSG00000167930,0.21627501191586435,0.11958696670920105
ENSG00000103126,0.14010267968317208,0.11632563332208308
ENSG00000167972,0.46108289194608054,0.15919770644966708
ENSG00000267795,0.4809228306919222,0.9711288339543767
ENSG00000131634,0.7240758539530145,0.27650233091014736
ENSG00000168096,0.5813892906649989,0.7195909876056166
ENSG00000059145,0.07327195092977967,0.29510159119930596
ENSG00000242173,0.5137381538913675,0.6105910969933277
ENSG00000187535,0.19470476257443908,0.05117956755238068
ENSG00000140632,0.06222941677929589,0.0937605385879605
ENSG00000260342,0.587139318321661,0.9463240914918009
ENSG00000089486,0.5378522952577285,0.7642403415263985
ENSG00000103489,0.5408716833089817,0.7060779026923536
ENSG00000162104,0.2579796973511146,0.6205567842243094
ENSG00000103381,0.5171123901992585,0.1818197277159333
ENSG00000103199,0.0030767612067463088,0.005637430434876729
ENSG00000103534,0.15262850558887556,0.2869688671285564
ENSG00000005339,0.05424464952157375,0.20698037193473326
ENSG00000134419,0.007458957239376233,0.015041649413353468
ENSG00000076344,0.9257399489200594,0.6505614045565458
ENSG00000007376,0.26193143634548716,0.04074864904136875
ENSG00000168447,0.029463147484467017,0.06206239774932121
ENSG00000102858,0.34086134275277313,0.34999321578289755
ENSG00000103528,0.9400496649681126,0.7926576609586202
ENSG00000170537,0.037191675045947295,0.02052079585755899
ENSG00000130731,0.6768988480387237,0.8322084443071907
ENSG00000090905,0.016847786942627247,0.09415987112126714
ENSG00000048471,0.12031613093508818,0.34506642876401794
ENSG00000058600,0.011499129803491104,0.06017829119826213
ENSG00000153443,0.3571525045689201,0.36837115839001777
ENSG00000127586,0.20217508564594178,0.11673117779714227
ENSG00000170540,0.42753094454541574,0.36954705449663405
ENSG00000091651,0.8585682759054708,0.37734227361281425
ENSG00000171208,0.8663931711716126,0.9412416956310146
ENSG00000196470,0.04386126926762627,0.04674244922512579
ENSG00000069345,0.358462476756905,0.08967229907723002
ENSG00000067365,0.9500899520330417,0.6049914786593753
ENSG00000155330,0.024508150875272094,0.061464964539605975
ENSG00000069329,0.21039918444032302,0.03778854876993844
ENSG00000237515,0.7919706550501086,0.7546938953691564
ENSG00000103485,0.08715140409607203,0.03455193092924994
ENSG00000102910,0.15592384981242358,0.09999268591285299
ENSG00000156968,0.25178175425797844,0.1426912844268321
ENSG00000166123,0.10388721136528908,0.1601756732389153
ENSG00000102921,0.4147650159660069,0.5701241880606343
ENSG00000129636,0.05768010655461694,0.13770474224994178
ENSG00000102900,0.10632548303057726,0.08259900133417397
ENSG00000171241,0.07240223082045763,0.0926313174671862
ENSG00000167186,0.03876794799920486,0.04959620462831194
ENSG00000122299,0.02709892860448333,0.12056243585787364
ENSG00000087245,0.2935399801831652,0.7936762707797237
ENSG00000102970,0.6488075381274457,0.49028544172813526
ENSG00000007545,0.03469946900950559,0.12812453815788832
ENSG00000006007,0.06458965116050071,0.15156625045477432
ENSG00000102962,0.31975127038977214,0.6426210431549166
ENSG00000135720,0.16984058765084384,0.2840836828787305
ENSG00000103460,0.12835141456110818,0.23056833771340382
ENSG00000141076,0.02273609105607083,0.08129254725492133
ENSG00000087253,0.43016217744838925,0.32365869444305084
ENSG00000103089,0.14005067753291262,0.16008214832434908
ENSG00000177508,0.9887849775765051,0.2929479194962335
ENSG00000118557,0.3808082082400436,0.2078091679514279
ENSG00000178573,0.8856153335774225,0.5780052165512635
ENSG00000103047,0.029708288412663833,0.04073205302558335
ENSG00000159593,0.055340388622974905,0.027218426935795233
ENSG00000088682,0.15511298353950842,0.22804585362792543
ENSG00000070761,0.4314475495995015,0.3037215053987661
ENSG00000131153,0.5662224467750904,0.20145016267952126
ENSG00000135736,0.9925656455795405,0.7325648568580823
ENSG00000050820,0.19111607718228762,0.5807619806652123
ENSG00000205078,0.9808662832925216,0.6288225081412466
ENSG00000131149,0.042674063600599325,0.13326522235913144
ENSG00000103111,0.09728331782701602,0.147061028831654
ENSG00000184939,0.14052579143881042,0.17865128530543647
ENSG00000103175,0.7803989176792925,0.8756592742021816
ENSG00000140948,0.33119476560836847,0.2554443942848929
ENSG00000172840,0.0128088074434566,0.02006356677144439
ENSG00000135686,0.1400873082196513,0.18868510114907863
ENSG00000168404,0.13161584439218976,0.3151278709713706
ENSG00000005194,0.1980897185906341,0.26227259221708166
ENSG00000140937,0.45547456021901567,0.9075009559611583
ENSG00000140950,0.9120415820761718,0.5243057837084795
ENSG00000103091,0.028263473135843712,0.041659139136812816
ENSG00000103248,0.29023180143402516,0.15181183610532237
ENSG00000103257,0.9012030166161784,0.6731799933278371
ENSG00000104731,0.03687305796755884,0.03731174009783294
ENSG00000159618,0.9228845644483197,0.6579743718944678
ENSG00000103335,0.4289964718588368,0.7128771472489985
ENSG00000168748,0.020994130519619757,0.04978728970808065
ENSG00000006210,0.951272464402353,0.7250980679609411
ENSG00000153774,0.6832999560703263,0.5530288216993728
ENSG00000140876,0.0650710989258917,0.030452528820496285
ENSG00000176678,0.12270760800873294,0.14045001797761014
ENSG00000184517,0.044598101261812045,0.1381170824232994
ENSG00000140836,0.7315228737967755,0.7365393174327377
ENSG00000168411,0.17697373497083746,0.1553519837428716
ENSG00000186187,0.3270899238491279,0.2729359191363723
ENSG00000140718,0.1915555227039784,0.19784432340271124
ENSG00000103187,0.404181685065341,0.5512873130323704
ENSG00000103121,0.17098067931242755,0.2721904731966815
ENSG00000102978,0.2957687815030928,0.1507655111143667
ENSG00000118900,0.03222906898802134,0.137558293434241
ENSG00000154102,0.3385065683170321,0.06609411524510028
ENSG00000103241,0.7883576039715814,0.516401913331981
ENSG00000166446,0.3462660640550609,0.6814907717573708
ENSG00000183793,0.01166600492152402,0.004842339501161837
ENSG00000131650,0.6202471363537229,0.5697941565200453
ENSG00000127564,0.5508374054792939,0.8418697120852567
ENSG00000162073,0.8757881149344594,0.918176930364326
ENSG00000262152,0.14423506551191986,0.44180427366496977
ENSG00000213937,0.7617979740420716,0.796138099176976
ENSG00000131652,0.9531526347638997,0.6347331450725626
ENSG00000162069,0.25382150751319577,0.2560095028547797
ENSG00000085644,0.6681820940997019,0.6566278788614167
ENSG00000103343,0.17571811196261483,0.33590360727247154
ENSG00000167981,0.004334204090203171,0.03649930287808417
ENSG00000122390,0.3350776267750701,0.26503518272847065
ENSG00000103351,0.19417108301696462,0.41395719889002014
ENSG00000126602,0.024711353108924736,0.009476665086665392
ENSG00000090447,0.03592552712558226,0.03230710586894503
ENSG00000126603,0.2913477058838758,0.06232597730872861
ENSG00000217930,0.3622868668656384,0.11174664676051767
ENSG00000262246,0.22949198319698683,0.1993080815633784
ENSG00000168140,0.26005286655833254,0.3165934556845226
ENSG00000103423,0.04715083126845507,0.05059677938183149
ENSG00000103415,0.28932159932271795,0.1950772737447334
ENSG00000281991,0.1713637570578007,0.42300670396140205
ENSG00000156873,0.6911616032008023,0.6040975824452763
ENSG00000196118,0.18888997824813078,0.04607924563408751
ENSG00000102870,0.07435994472600854,0.08796929712585837
ENSG00000175938,0.08716306372681008,0.14845903911507086
ENSG00000099377,0.6186026351558038,0.8119018317163382
ENSG00000103496,0.7695789655089968,0.6382654394845215
ENSG00000167394,0.7681881037130334,0.903901307281125
ENSG00000167395,0.04810639438177535,0.11215375216814506
ENSG00000167397,0.6974242987623797,0.6034198122335885
ENSG00000103507,0.31634441384462186,0.18477268505435485
ENSG00000103510,0.6106370706787048,0.7652455737931558
ENSG00000052344,0.15197887804647783,0.06008778380163875
ENSG00000103490,0.5281415216075485,0.38001336582484024
ENSG00000177238,0.9067353926224717,0.7512933348818471
ENSG00000175311,0.003523226784845782,0.008535859950237522
ENSG00000103174,0.12029844941083537,0.02437115758456104
ENSG00000118894,0.13936420459852597,0.1371220214101155
ENSG00000102891,0.4552863866545699,0.12732117951714217
ENSG00000125148,0.9873192897725326,0.9222789174996665
ENSG00000169715,0.07829664664776849,0.037558415325416664
ENSG00000205364,0.1573922187275395,0.07171392446725214
ENSG00000205362,0.9355464488680794,0.43165150418381915
ENSG00000198417,0.1471467909812573,0.015065175021124184
ENSG00000187193,0.6240236715335395,0.8432677703662513
ENSG00000103316,0.11042083225457819,0.14270444895447112
ENSG00000140740,0.023213367300488903,0.06625519894041154
ENSG00000188322,0.9316200625557258,0.9051685528450495
ENSG00000176476,0.8753257022340731,0.5691783595807349
ENSG00000178952,0.023788060782401258,0.01978908899551749
ENSG00000177548,0.22525428397574954,0.11385060066918674
ENSG00000169682,0.6690073317148959,0.056983340258014194
ENSG00000197471,0.16181787082056223,0.4690346061405537
ENSG00000149930,0.37607774703288266,0.41638927188883246
ENSG00000149929,0.4392348073069555,0.23592039320102484
ENSG00000169592,0.8056377818129821,0.1187279409874089
ENSG00000149927,0.15711004551740493,0.10866589048917341
ENSG00000149923,0.5755388321352991,0.18028006661594992
ENSG00000090238,0.37520502635758546,0.3744609175749438
ENSG00000102886,0.7881646390197659,0.8446407478819444
ENSG00000102882,0.17701138979703682,0.3011283018985642
ENSG00000169627,0.4380528075320791,0.9933699959825371
ENSG00000169217,0.17595704221589345,0.18767702266717814
ENSG00000169221,0.04125848060281256,0.1443761929241745
ENSG00000132207,0.8430796592781533,0.7083188813930726
ENSG00000213648,0.6284920088617075,0.11682711632509
ENSG00000198848,0.5496847136473701,0.17709316468603517
ENSG00000090863,0.6592872194637263,0.9943200765084754
ENSG00000260456,0.014981914163448838,0.05204175520922146
ENSG00000186260,0.018019446361414528,0.0677969258880331
ENSG00000205609,0.9285387320068004,0.9656443615906914
ENSG00000225614,0.866546661009945,0.6220891708840768
ENSG00000184110,0.1289065629231926,0.1284096062998802
ENSG00000007541,0.04129211803648741,0.12296205878127747
ENSG00000196296,0.9872142442770767,0.2990040020371168
ENSG00000089280,0.3265575927803642,0.46461117170740107
ENSG00000205358,0.22656088798281301,0.03705753626989041
ENSG00000087250,0.8432885465004961,0.6236097626629221
ENSG00000185615,0.319607844705742,0.9834986282977971
ENSG00000006327,0.8950370663910056,0.7392397850502466
ENSG00000103145,0.028568816809098497,0.0688191478597687
ENSG00000181938,0.25743666236462687,0.19423707637516316
ENSG00000103227,0.03265917244916499,0.03115513864154573
ENSG00000067836,0.2812410059399627,0.4350228024175191
ENSG00000155666,0.18555860683432762,0.07700712721193582
ENSG00000261052,0.42906380340829264,0.11956367384129826
ENSG00000175643,0.08403662928638991,0.08744223459490043
ENSG00000184602,0.4756541002322985,0.60872121180558
ENSG00000166454,0.9606129204367734,0.9694107076264469
ENSG00000260643,0.9226323236693782,0.7282542675501806
ENSG00000140905,0.7191913634293845,0.2361315229056818
ENSG00000135697,0.4730169848563067,0.6590098904153256
ENSG00000090857,0.513589466352613,0.8565944602128277
ENSG00000223496,0.7555468865050539,0.7466274893277545
ENSG00000157349,0.13770021875119084,0.16543701077583756
ENSG00000260537,0.11967375017559764,0.25085211009558284
ENSG00000168872,0.5461265612574637,0.45815267245358027
ENSG00000157350,0.8225664891115813,0.7297040292654946
ENSG00000157353,0.11745255779990932,0.11149511886074329
ENSG00000189091,0.01686488333997238,0.05096210455375157
ENSG00000090861,0.1611536023908924,0.27160810601689556
ENSG00000166822,0.006307776105318502,0.02530558947904877
ENSG00000034713,0.8262844658313183,0.9581751179943049
ENSG00000166848,0.2626669270650911,0.26804100155365246
ENSG00000159461,0.7540412818609324,0.35253757084858395
ENSG00000087263,0.31579707576961236,0.2509031080152779
ENSG00000065427,0.29272486461005653,0.18220429877253194
ENSG00000261609,0.702402619272638,0.6874820735530407
ENSG00000007384,0.13641323384191434,0.09416083938622057
ENSG00000103148,0.13063612082450443,0.14527341994323886
ENSG00000188536,0.9778117515167352,0.9473218084450479
ENSG00000206172,0.9693514191992989,0.9848527532123675
ENSG00000182810,0.06097767096360512,0.03411523533528154
ENSG00000072736,0.8470606979222927,0.8101341320385305
ENSG00000103067,0.04744536230896221,0.06930923730895246
ENSG00000103066,0.968624410569248,0.8834253517414168
ENSG00000103064,0.08960898083851068,0.16365498028336373
ENSG00000103061,0.5952977875419737,0.7620072697226529
ENSG00000103056,0.0335538423850705,0.11454060862467245
ENSG00000103150,0.3081779354557033,0.26867714603755116
ENSG00000140961,0.5387366137034659,0.595134032757076
ENSG00000103160,0.09340773481862648,0.14071224638047192
ENSG00000169896,0.833643306003844,0.35980302804805475
ENSG00000140678,0.6263044121967574,0.8124882213814033
ENSG00000140691,0.5652310992412033,0.3614316967036588
ENSG00000140682,0.17252825318464018,0.04202811895897238
ENSG00000140688,0.10426116484883192,0.15934914395751076
ENSG00000103502,0.32516900620050515,0.595306959894297
ENSG00000174939,0.2252612364156337,0.4555722338857353
ENSG00000149925,0.38522973493299595,0.47954047728616644
ENSG00000074071,0.2858204793298042,0.145480137085801
ENSG00000095906,0.19922039678563122,0.1699003413284231
ENSG00000063854,0.9192042589173575,0.7168234489422771
ENSG00000103043,0.20255922143380123,0.5801476900430431
ENSG00000103274,0.1484166311153027,0.1947573622305763
ENSG00000182108,0.490965088406748,0.29105267042056077
ENSG00000168434,0.005701173918853815,0.014075028101125878
ENSG00000103365,0.06680133569444059,0.11885739475131316
ENSG00000103356,0.052833622887722406,0.08950081093162411
ENSG00000103353,0.07273589642481275,0.17395170187696687
ENSG00000004779,0.048330097757439,0.04054651195903906
ENSG00000166847,0.02871276654061148,0.09530289387443466
ENSG00000166851,0.11941047741332611,0.14081316648128359
ENSG00000206053,0.12903825787404888,0.17391846460477955
ENSG00000162063,0.11435612958228016,0.1039601398387573
ENSG00000162062,0.4970590130982624,0.27956817337473977
ENSG00000185883,0.11069827663000929,0.41275845016162727
ENSG00000205923,0.23146932531534173,0.5952405824377112
ENSG00000140992,0.0259476469662486,0.0825051840013199
ENSG00000162065,0.016023124374462946,0.06145599360184586
ENSG00000166783,0.016859175866002458,0.12716143812553188
ENSG00000072864,0.12587967936832573,0.5503983032868105
ENSG00000103260,0.38764821787933557,0.550525250002482
ENSG00000103254,0.6672447847652914,0.8889200684076101
ENSG00000103245,0.3199122859503285,0.15066158345451283
ENSG00000102854,0.07016458943348942,0.24930246438931428
ENSG00000197912,0.7657463074544703,0.6598170681239903
ENSG00000178773,0.9522419445528845,0.741754546536498
ENSG00000185324,0.9924399159354569,0.6122575130527832
ENSG00000158792,0.8548059391639824,0.7022388286933887
ENSG00000075399,0.6767840304918054,0.38741016282443996
ENSG00000131165,0.691521278808003,0.4144595539935697
ENSG00000150281,0.5849750830290785,0.6089749973685863
ENSG00000103194,0.09449537671096692,0.15322529059236123
ENSG00000064270,0.005140630032343711,0.040405766593678255
ENSG00000010539,0.06381740411592782,0.1289202674346886
ENSG00000007392,0.7586603452157148,0.9769840230687297
ENSG00000162086,0.6508997622171611,0.7035469265525788
ENSG00000169180,0.6961621959884758,0.7479038065064432
ENSG00000122386,0.5286414426425179,0.41375164580826984
ENSG00000166816,0.044156939734083016,0.0894525738740806
ENSG00000059122,0.04696562891299188,0.14972024628584998
ENSG00000166164,0.48019140794654736,0.8535496140125871
ENSG00000167526,0.3407172220672505,0.7930791856751636
ENSG00000140807,0.32834715754676796,0.5908339815889342
ENSG00000205336,0.062269225995668635,0.17939264905407626
ENSG00000140854,0.3464690502236649,0.10947431205081057
ENSG00000083799,0.10499974827805159,0.2550447109534326
ENSG00000166971,0.4439234639315198,0.6259549324735175
ENSG00000204991,0.4546131123331669,0.3335698764432308
ENSG00000141002,0.13470778572343461,0.1816904084203394
ENSG00000258839,0.019443832271555783,0.09815997012988036
ENSG00000141013,0.3284815067503818,0.46433173100866154
ENSG00000003249,0.05126021972482831,0.02554409183701327
ENSG00000051108,0.05580114306578206,0.21563660447154664
ENSG00000140848,0.040334154659171985,0.18054515150981126
ENSG00000172775,0.07754768495954246,0.06411752817770792
ENSG00000102931,0.5888666228180857,0.5059276281534029
ENSG00000125149,0.7054962398242159,0.7953777676431751
ENSG00000237172,0.9249707479986334,0.8829478367280358
ENSG00000102871,0.4367721136119813,0.6661451149151525
ENSG00000135722,0.10062644182706307,0.04955667406985328
ENSG00000196123,0.7440604609461727,0.32899289428882256
ENSG00000179044,0.3506584584497203,0.7472824409237424
ENSG00000205250,0.30886074467976565,0.17005685332500028
ENSG00000102890,0.32176757565706693,0.0700900337197991
ENSG00000168701,0.4195202325106736,0.6580954879529299
ENSG00000135723,0.8320603459109048,0.7904148352724023
ENSG00000159713,0.3889437357834684,0.8981386222059896
ENSG00000159714,0.1756297478437337,0.2917349750548796
ENSG00000176387,0.18720176982096987,0.15571019289193416
ENSG00000183889,0.6174219633680031,0.9232534131953077
ENSG00000260914,0.12118517935549895,0.3096131516573073
ENSG00000132612,0.07237765453712257,0.1603872010382373
ENSG00000213380,0.24056524698447027,0.29974039880602005
ENSG00000258429,0.03176827289070991,0.03237837954117451
ENSG00000272617,0.08448434679601691,0.06424824596407352
ENSG00000132603,0.15576802143530785,0.13597842147466163
ENSG00000157315,0.9195248952640331,0.7141593204783168
ENSG00000132604,0.3130488818419077,0.36264970747895275
ENSG00000176715,0.5094755090452321,0.6479170309102595
ENSG00000170100,0.09504498636689783,0.3173262575989555
ENSG00000103226,0.6141826004618156,0.9709845666285658
ENSG00000196557,0.6903375597505,0.41543308068528817
ENSG00000197253,0.4929893530264159,0.9752906219556309
ENSG00000172236,0.3701965308486256,0.8762140856834253
ENSG00000095917,0.5834175472591481,0.42223628920412504
ENSG00000103275,0.0947735783260503,0.059979389009261475
ENSG00000007516,0.6465250238763472,0.3765506115459236
ENSG00000007520,0.6342647361353204,0.5108354996746538
ENSG00000133393,0.23204840082418887,0.2263660304451118
ENSG00000180035,0.04007442103140588,0.06298603945710532
ENSG00000179965,0.06732475492019734,0.04631645028825507
ENSG00000179918,0.1433862651319635,0.04744240022304922
ENSG00000169957,0.5882216845054486,0.39823010771703327
ENSG00000169951,0.12851593795328853,0.05144163720505304
ENSG00000197162,0.09668044315938247,0.015204096519531573
ENSG00000156853,0.008921611166369811,0.03287407726955102
ENSG00000156858,0.4079256461410191,0.4923440301952037
ENSG00000156860,0.8583454122343575,0.7943588963145993
ENSG00000005844,0.39238097880208755,0.964732976981175
ENSG00000070770,0.7062675183642634,0.728146004284867
ENSG00000179958,0.00796655361559568,0.018667649544918594
ENSG00000103222,0.019008058807307597,0.05586908087647462
ENSG00000102924,0.48916069741461954,0.40457482624957986
ENSG00000102935,0.6245569294665299,0.5308425988727935
ENSG00000121281,0.01886062763984944,0.070910904305482
ENSG00000121274,0.01915354329040997,0.08488497013951288
ENSG00000179776,0.8239041721921547,0.534743255020798
ENSG00000217555,0.37269069491729356,0.5396770914340308
ENSG00000254788,0.6148504180389366,0.4493640143743367
ENSG00000140931,0.3748941996288132,0.13351080857320297
ENSG00000183723,0.43520633658953567,0.6918794966194817
ENSG00000188603,0.057963089680662265,0.07945299855897144
ENSG00000166780,0.5384207138631475,0.24907629417953925
ENSG00000133392,0.12155945639488913,0.04000266673900572
ENSG00000176046,0.3738362909747528,0.7677374916691235
ENSG00000197165,0.14463573203738755,0.029421011714618535
ENSG00000166548,0.11171628592101608,0.2753896138020041
ENSG00000167977,0.46859663768571747,0.4506470455556004
ENSG00000007038,0.9382095320723439,0.8217897188684629
ENSG00000005001,0.4618409224203398,0.873417702769484
ENSG00000140995,0.7948266411943914,0.5953819569074089
ENSG00000103168,0.9130549688433561,0.821133438308295
ENSG00000011638,0.8310166349843908,0.9138762219784553
ENSG00000162066,0.06685905243389476,0.04171435450780705
ENSG00000099364,0.07589573779087587,0.1391759965416193
ENSG00000099385,0.25798286333212944,0.6733114925185717
ENSG00000103549,0.04632602900521891,0.10441003227738538
ENSG00000153066,0.035248253317166356,0.13694193378622085
ENSG00000153406,0.7533739486651654,0.7656221188513591
ENSG00000103253,0.5966104308256257,0.6497108317894749
ENSG00000089505,0.989624348242373,0.9663860298673121
ENSG00000062038,0.4339139466710734,0.3529459297253824
ENSG00000039068,0.1267755341650257,0.13403292560392813
ENSG00000169340,0.44377159382584574,0.6319476561583903
ENSG00000008516,0.2299570154042988,0.4927753242608962
ENSG00000103037,0.3028725627112615,0.8250538521405727
ENSG00000125107,0.04976741507983736,0.15455260287505254
ENSG00000103042,0.8771133178209085,0.5267146292613338
ENSG00000125166,0.22478168780870686,0.14504925446825495
ENSG00000103479,0.01317322697419369,0.06605908553688991
ENSG00000103494,0.036806744753844996,0.05467338812232725
ENSG00000258947,0.4163226142002442,0.7716584782739092
ENSG00000065457,0.32099439323778745,0.9588333514012253
ENSG00000159579,0.06678380480264168,0.16941499258057152
ENSG00000189067,0.017489977442161863,0.0899332954768966
ENSG00000213853,0.7625544557410134,0.679686496312448
ENSG00000166188,0.8351958613445822,0.8859419207571213
ENSG00000229809,0.6900870146833998,0.9816574859113664
ENSG00000166451,0.5466565735670383,0.2918203778328775
ENSG00000205423,0.009472957035086348,0.0639655257688689
ENSG00000205730,0.20805701220202805,0.5359959026168907
ENSG00000196155,0.033743144062104276,0.012350923443638131
ENSG00000090581,0.8109231574688301,0.8581273273927787
ENSG00000005187,0.011651573558136336,0.011256327486863029
ENSG00000066654,0.02925310165427503,0.03894053914303876
ENSG00000005189,0.36365443900845795,0.13740097823586067
ENSG00000183044,0.10650262951651206,0.17609919193139975
ENSG00000184857,0.01416741748211778,0.00907926902010921
ENSG00000153048,0.8131862620066546,0.7398342123765471
ENSG00000086504,0.39942872558729203,0.11786640406005165
ENSG00000129925,0.8856318247946746,0.5882203000253974
ENSG00000103202,0.053166467080680034,0.1397385242554189
ENSG00000242612,0.8168620693698693,0.23438823609926562
ENSG00000125144,0.19735476734526067,0.02076726464754853
ENSG00000157429,0.1075475297118375,0.27322686325730816
ENSG00000140835,0.3013316255293699,0.304504707436653
ENSG00000140832,0.050139312122111535,0.02907740833754127
ENSG00000040199,0.05383790442588048,0.11696737315015501
ENSG00000166747,0.11381343760112707,0.2010185644333144
ENSG00000186153,0.4922077068271631,0.8879022675830734
ENSG00000175595,0.005942070995407731,0.03569221003158052
ENSG00000091262,0.2151699109394151,0.06865736216209158
ENSG00000118898,0.8137433293750604,0.7407868665750369
ENSG00000033011,0.07454002074563705,0.09879902168343369
ENSG00000134398,0.03757566393951405,0.09207864336547511
ENSG00000166869,0.001098924671672887,0.0015509380043209379
ENSG00000166501,0.628699337440147,0.801424161063762
ENSG00000122257,0.16795065501367074,0.14286994295549588
ENSG00000182831,0.07072625961514532,0.19552659870796485
ENSG00000140650,0.12014730598035037,0.02555329015716451
ENSG00000167005,0.01341521134148104,0.033906451493840015
ENSG00000125124,0.35107011446461567,0.25169363836106506
ENSG00000224470,0.1306996161190218,0.36737668820225455
ENSG00000182149,0.09589356967625352,0.3612841151362918
ENSG00000102984,0.9739948484952162,0.7775281211004751
ENSG00000102967,0.14811246470312178,0.12163240383684563
ENSG00000140830,0.15718567044242548,0.15678048305323986
ENSG00000140829,0.8737805177218718,0.8694902082813141
ENSG00000166592,0.30848475714107965,0.13690069894347098
ENSG00000166595,0.6407515326587564,0.5863400177986879
ENSG00000172831,0.05279456221757502,0.05198153935329832
ENSG00000172828,0.09789464716559763,0.17836429317596553
ENSG00000067955,0.049431799156955905,0.10432110892743456
ENSG00000102878,0.5169544718058476,0.9926982178451971
ENSG00000099381,0.24987705546160185,0.20109106507753688
ENSG00000103024,0.9726525739972804,0.6379435145830475
ENSG00000285043,0.377975965460132,0.6917261368078671
ENSG00000185338,0.6012307257042273,0.8759000766387524
ENSG00000213918,0.9754541970032912,0.6092286116433896
ENSG00000168488,0.21740071393006666,0.5606256338970685
ENSG00000167523,0.47474702909004496,0.9841934302870905
ENSG00000103404,0.13402847113118793,0.11796549511876255
ENSG00000008517,0.7963500921223454,0.47346717913488756
ENSG00000185947,0.047222310433277355,0.11402802812858788
ENSG00000270472,0.2661450236247084,0.7754641433910426
ENSG00000103355,0.07641064161898112,0.10343472422961023
ENSG00000177200,0.003112660193875541,0.015003559116185993
ENSG00000135702,0.004922717643027241,0.030189642908435663
ENSG00000174938,0.6651477454257804,0.9119280138351257
ENSG00000180917,0.015791333049786596,0.04103383927899703
ENSG00000172137,0.2224159407253018,0.2631937927311645
ENSG00000167377,0.0544739265573001,0.12921414722939903
ENSG00000185905,0.45261936579210205,0.2336491257459339
ENSG00000174992,0.004253365020653612,0.006858672184261881
ENSG00000167371,0.1861032217911789,0.12407610931711599
ENSG00000280789,0.15808727009295623,0.060220550125097465
ENSG00000013364,0.36113859331246634,0.24659662230418525
ENSG00000079616,0.1452386225711777,0.04881034386203321
ENSG00000138834,0.6348698805884307,0.3762728107460208
ENSG00000103196,0.5825743611436395,0.8808301953301667
ENSG00000153786,0.3700981172668458,0.3755593257088128
ENSG00000135709,0.11317620731054329,0.21495936906543472
ENSG00000140743,0.06488463366812793,0.1140414824539283
ENSG00000196678,0.010883967916325728,0.020430243590513198
ENSG00000188215,0.8664615091090055,0.9713541794176365
ENSG00000102897,0.6349947395451472,0.8746104993098165
ENSG00000005513,0.18157494539936048,0.2169881309756046
ENSG00000162078,0.10463537608032357,0.2085845002814741
ENSG00000132600,0.29143110987459936,0.06660387021897955
ENSG00000176842,0.19668883650499422,0.20339624155763528
ENSG00000132613,0.7243721145776869,0.8947772789627352
ENSG00000140987,0.038176474912599,0.1273460377967935
ENSG00000184730,0.18929222260186268,0.3972648786333398
ENSG00000185864,0.11465049993346965,0.16054855632490753
ENSG00000149922,0.8040718572126161,0.7660077264450931
ENSG00000167208,0.1435362027179212,0.33387297729450605
ENSG00000153815,0.3333187991379279,0.42612128652399794
ENSG00000159720,0.3933827919267511,0.3547082202674574
ENSG00000103021,0.014044806772195205,0.011773229499004105
ENSG00000157106,0.00775853708486999,0.041731474616729505
ENSG00000167522,0.8786410528506909,0.8032188963535837
ENSG00000257017,0.6735359299356001,0.8582889368983732
ENSG00000162009,0.19666719351876266,0.08554001333300068
ENSG00000103449,0.006868788705929943,0.0038940754940450044
ENSG00000180096,0.5091534768759175,0.9361167678114187
ENSG00000157368,0.2544341578925134,0.42460319551385317
ENSG00000116176,0.00651120604111631,0.013111423810996097
ENSG00000140943,0.041247702263581286,0.17997965500471588
ENSG00000103035,0.2516853813596512,0.37036787386123404
ENSG00000196436,0.6911478016170394,0.6554499415099593
ENSG00000205084,0.03531187490323275,0.040170680367373646
ENSG00000103363,0.518835927722666,0.8020825079298385
ENSG00000103044,0.3803998474602105,0.4251087257062477
ENSG00000168802,0.230346706186376,0.2265217719324756
ENSG00000286140,0.169776198380225,0.25702233771653493
ENSG00000198736,0.15928286655824012,0.46255080630177337
ENSG00000140990,0.3963225095297641,0.06620164729263245
ENSG00000140988,0.7201717209447009,0.8782877483784617
ENSG00000183751,0.018699709782165015,0.015935471547031555
ENSG00000196408,0.2967740527789972,0.22886971420555316
ENSG00000127561,0.14921587169330305,0.05083402973098142
ENSG00000065054,0.5683155601748844,0.09777196661886112
ENSG00000065057,0.1466641704509193,0.1835950514287925
ENSG00000167962,0.03009182099066989,0.08862835392917262
ENSG00000103197,0.015002379744782843,0.07990928758729629
ENSG00000174109,0.017257217045969192,0.017504748787432894
ENSG00000140750,0.7529240511509646,0.5912318432537309
ENSG00000103018,0.33554547198421225,0.2750361878876468
ENSG00000169955,0.5149156927125811,0.15107697710208032
ENSG00000197302,0.6606918020840423,0.767665635083513
ENSG00000161980,0.4609274813560682,0.2652908579104614
ENSG00000161981,0.861306907447641,0.6035950098969025
ENSG00000103152,0.9247881539408306,0.4489439265434382
ENSG00000149932,0.8265401434735491,0.7279124629944623
ENSG00000015413,0.5268206081970129,0.3597337955949528
ENSG00000166669,0.019074015341810028,0.060155122343856386
ENSG00000140853,0.21696531815336698,0.26388166426837395
ENSG00000155393,0.03318080478723716,0.02858741920238819
ENSG00000103034,0.5417648717362453,0.27985442339223854
ENSG00000168807,0.37329683861236873,0.5807284885032404
ENSG00000176953,0.04527950380282365,0.05660997090720404
ENSG00000140945,0.2323571612237736,0.3085131246824632
ENSG00000230989,0.2985731888083606,0.20852639825657326
ENSG00000103550,0.06860362581069457,0.08201818003592319
ENSG00000103540,0.17764032003877994,0.3702732640238917
ENSG00000167191,0.5233880035374823,0.6298880496925398
ENSG00000174628,0.017678997874763062,0.07643013337871823
ENSG00000102981,0.19866779300220017,0.540946457694459
ENSG00000124074,0.9840053047997744,0.7783558275090582
ENSG00000141098,0.3642826451449108,0.48250996944416924
ENSG00000179583,0.1611243879479797,0.6415621266383112
ENSG00000039523,0.49487266323727275,0.9241730929848153
ENSG00000102974,0.12643708874518583,0.2634719472791971
ENSG00000141084,0.2097853121127927,0.3063508456714533
ENSG00000102901,0.7785705905108029,0.8711234025843451
ENSG00000168286,0.07626007528934128,0.2040082691255277
ENSG00000038358,0.6019854130281297,0.8212040085892831
ENSG00000159792,0.32220417038931903,0.4494537720147028
ENSG00000205220,0.46933684089580063,0.39784825829875836
ENSG00000213398,0.33487238898087607,0.2576694290545678
ENSG00000167261,0.3916090840428622,0.9332201858377475
ENSG00000167264,0.08954989598403945,0.027225652114131867
ENSG00000103512,0.020947785168054914,0.010426746536185418
ENSG00000179588,0.9765538395784396,0.8005370135492725
ENSG00000158545,0.1925788619520627,0.16634570072668994
ENSG00000051523,0.7058746538730931,0.730808937430659
ENSG00000167508,0.8671980234853949,0.941984527960461
ENSG00000158717,0.4812593599465129,0.513514504012955
ENSG00000174177,0.44052845972775156,0.2692470149676501
ENSG00000103429,0.0019983469860055418,0.012024814308576944
ENSG00000069764,0.17605829202647091,0.23872119504936923
ENSG00000102879,0.7336671667262795,0.19059303506578887
ENSG00000158805,0.9875351762737893,0.9129651379350844
ENSG00000167513,0.13324937778606605,0.08934511039432713
ENSG00000198931,0.7880877886422438,0.7056342548965276
ENSG00000141012,0.42955067620670095,0.4923989181016345
ENSG00000129993,0.005528270164715843,0.04885135730027228
ENSG00000167515,0.6998325093770179,0.27261498097288167
ENSG00000187741,0.6158065278438516,0.452402361849357
ENSG00000077235,0.8641867731421009,0.6667898943590431
ENSG00000047578,0.06872627085542266,0.06523107846520759
ENSG00000127554,0.40876699865821475,0.33187193919841523
ENSG00000131148,0.5696647254876784,0.35652449041958
ENSG00000131143,0.5717367341477761,0.7506352940058499
ENSG00000140968,0.01638174415371569,0.09992247268542247
ENSG00000213658,0.47730458892908545,0.7621255807547084
ENSG00000169189,0.29233540634940897,0.021223141908949774
ENSG00000077238,0.02163625406129087,0.06033020722023153
ENSG00000103522,0.7446772930048813,0.49690352805229554
ENSG00000169246,0.9815511044072825,0.5411469752538199
ENSG00000172366,0.43718281839816275,0.33073035443183907
ENSG00000161996,0.716766694269828,0.8183776620982992
ENSG00000103269,0.30668481809014203,0.3386444805913034
ENSG00000103266,0.3523101790202706,0.941771761987106
ENSG00000161999,0.0830116067880472,0.14500851493145164
ENSG00000127580,0.12563471404330234,0.11190428563956836
ENSG00000140983,0.3639648637575389,0.171522584011478
ENSG00000198064,0.5524781848116754,0.5288307685080549
ENSG00000083093,0.3051622838613701,0.03405131182579867
ENSG00000140694,0.09045447514476283,0.11323534825250912
ENSG00000184860,0.011310056545044734,0.026941219170774768
ENSG00000086696,0.13794131569323753,0.0790081492901815
ENSG00000135698,0.1662688597038108,0.10761217398347882
ENSG00000271130,0.11608797621553593,0.3960108382438834
ENSG00000197943,0.9569428364760939,0.5621422285163982
ENSG00000174943,0.38213163161336794,0.8945007588770163
ENSG00000188827,0.048388956980633134,0.06722991808792521
ENSG00000171490,0.0027843196927686067,0.013218237532888996
ENSG00000103342,0.009852272203218512,0.03599688291072965
ENSG00000048462,0.16710782742853625,0.6117931296769086
ENSG00000102996,0.9428288123856208,0.5472713141041426
ENSG00000103005,0.43869120313664267,0.6436096107872005
ENSG00000254206,0.481567646464246,0.16470595559022133
ENSG00000196502,0.7621519006322227,0.22997378219155928
ENSG00000102977,0.4275702832474959,0.39977438476032245
ENSG00000167207,0.7434459471399897,0.42234968628533875
ENSG00000102893,0.024250834070218222,0.07017644993564698
ENSG00000100726,0.012602064283641327,0.023791948714211582
ENSG00000103249,0.07336624536677629,0.0750171547445889
ENSG00000277639,0.341203025274519,0.15697714579800684
ENSG00000180185,0.04280994382104748,0.0297928135987651
ENSG00000168101,0.12170479424241719,0.24911124132483417
ENSG00000243716,0.40737516802738927,0.6487584065860639
ENSG00000214967,0.20242312228795728,0.6219039458382459
ENSG00000125170,0.35858512908610474,0.12669380505881328
ENSG00000181019,0.15497500277730986,0.2635542056157018
ENSG00000141101,0.07202156195496366,0.0937761867077032
ENSG00000102908,0.07329912308173601,0.09222561391333409
ENSG00000172530,0.4084972792274837,0.6768280594528124
ENSG00000187555,0.03548358950619906,0.042769419482806874
ENSG00000183336,0.3662791765925717,0.3920001581639989
ENSG00000261740,0.6214970965981601,0.3257468468895593
ENSG00000102898,0.100488943669212,0.687295952242907
ENSG00000103051,0.9814594213048488,0.6199092865956688
ENSG00000038532,0.43208990115903667,0.41739365020905705
ENSG00000103264,0.009369329554906367,0.031059710384534766
ENSG00000140941,0.8928334338037781,0.578905937304065
ENSG00000205629,0.2754126680296743,0.08152700375619047
ENSG00000103375,0.1983250964089156,0.1157492353807358
ENSG00000155592,0.06696424708008054,0.06362919229503064
ENSG00000181625,0.5957955682024882,0.8973335067732041
ENSG00000008710,0.4793214471217283,0.8897898781973208
ENSG00000167964,0.1067324447895004,0.15446711038525868
ENSG00000131653,0.29967600798964694,0.20917832905845826
ENSG00000167965,0.14498534088450366,0.11154226717096437
ENSG00000182685,0.9173004024502571,0.9145710946719922
ENSG00000184207,0.32941424959895466,0.13033676229227015
ENSG00000167967,0.9362516488124552,0.7995533444966711
ENSG00000167969,0.4816352240127514,0.2148933968649552
ENSG00000205937,0.5659496994934801,0.18099782281694565
ENSG00000102934,0.23437657739342663,0.14723598613397715
ENSG00000090565,0.2897746269234495,0.32166506949523205
ENSG00000103326,0.05731108150895906,0.08472970617713076
ENSG00000124067,0.49343613558053356,0.14069213330872588
ENSG00000103495,0.2299333126208342,0.1773513949983721
ENSG00000006194,0.01414694557893738,0.04602540818715249
ENSG00000197006,0.019420813697457715,0.06373237683333771
ENSG00000185716,0.12227956540989522,0.2479460742802349
ENSG00000270467,0.8248837586115427,0.46291027102246907
ENSG00000271178,0.2637048982057742,0.8773443918106563
ENSG00000259680,0.17770493503719983,0.6310722346972395
ENSG00000198373,0.0970090058788201,0.13420686144072516
ENSG00000214940,0.9062936747039341,0.7655561054449412
ENSG00000233024,0.6868674882456892,0.8149514312787904
ENSG00000185164,0.061876646924668856,0.21863878805316342
ENSG00000183426,0.7394091137743704,0.5514585652088874
ENSG00000179889,0.04639185265785482,0.07703645346454885
ENSG00000085721,0.24368613184272828,0.23775907356801787
ENSG00000080603,0.014141670157336427,0.056981680025991355
ENSG00000162076,0.12598841338379824,0.24683484914486373
ENSG00000183971,0.32313984118465067,0.24576469199519957
ENSG00000169203,0.28964179364387055,0.6473344820968154
ENSG00000140939,0.4400760692914252,0.8776857211315591
ENSG00000103544,0.6947562216323016,0.5890769535593183
ENSG00000162032,0.1854505251150754,0.2689206772894801
ENSG00000140859,0.9828452817129858,0.6869459525444184
ENSG00000178188,0.20126452508485346,0.09055799233845763
ENSG00000167978,0.36488770312470475,0.6226944080629784
ENSG00000164151,0.013556627305960831,0.054996227595347696
ENSG00000171421,0.3645669653110636,0.2393131236138471
ENSG00000124279,0.003407268004059996,0.007412796853247815
ENSG00000112902,0.12437632324705504,0.1830982665610203
ENSG00000145555,0.10146105377714804,0.2513591984522684
ENSG00000133398,0.7834495764003976,0.3198364607700577
ENSG00000124275,0.023114477585164498,0.0953129489962936
ENSG00000113569,0.03143828353511937,0.03881919019535511
ENSG00000183580,0.793865144907937,0.36140913362597626
ENSG00000152582,0.2503582803998523,0.2634807996494406
ENSG00000164327,0.19513507631075414,0.2112540225438998
ENSG00000056097,0.0343297492803721,0.1445815437959805
ENSG00000177058,0.1785731816021166,0.3258808036027155
ENSG00000164294,0.5768614600336218,0.9621080079412786
ENSG00000154122,0.741085060119936,0.9988908732514519
ENSG00000113593,0.047543865333135676,0.13590824525046896
ENSG00000151876,0.021227414745499062,0.06683483234668415
ENSG00000113389,0.35719269380301166,0.09507410949965425
ENSG00000134363,0.33574498808640657,0.5912249230906648
ENSG00000112996,0.018217939971424478,0.02644687057237885
ENSG00000112964,0.7941770235796544,0.3026433326135891
ENSG00000151388,0.7459344166045033,0.785786657951224
ENSG00000039560,0.3442055491118228,0.5187146565980416
ENSG00000172244,0.5669748626000264,0.4852469760481496
ENSG00000170571,0.051470569803500336,0.16048858594116222
ENSG00000164181,0.2980706694326393,0.39108221133649934
ENSG00000035499,0.24261443649196232,0.26832022190978144
ENSG00000049860,0.1962584093610556,0.4876157550161738
ENSG00000198865,0.5383307768757212,0.5944402552998489
ENSG00000039123,0.16746061198015152,0.35911653140920097
ENSG00000174695,0.39998479922558505,0.7329199437969245
ENSG00000145681,0.08336293647607221,0.1777862940927902
ENSG00000038427,0.8100384365051159,0.8144647654242055
ENSG00000083720,0.05696377519491611,0.24772553566042793
ENSG00000113387,0.5440638248991132,0.5611613821112239
ENSG00000113597,0.11993018517466424,0.24100379174460274
ENSG00000113088,0.9012591338820481,0.5900243419079653
ENSG00000113273,0.31043808551567476,0.6362168178560311
ENSG00000123219,0.1766084727977464,0.12297390151845125
ENSG00000134480,0.050099818776023035,0.18307576843078235
ENSG00000130449,0.08525379533728336,0.1562312010740367
ENSG00000164171,0.05967358413416332,0.224005369721308
ENSG00000152409,0.15958933952152757,0.3119782091846862
ENSG00000164300,0.1556724389905882,0.24280520664423302
ENSG00000164190,0.017881685675751283,0.08212745695483117
ENSG00000131730,0.10130091081173631,0.03296243350111924
ENSG00000145623,0.7219837556611146,0.22248191584042148
ENSG00000253251,0.26762786026988766,0.17331369099976232
ENSG00000152348,0.002783803761311878,0.003254291589017952
ENSG00000113319,0.9411196426683276,0.4262864844061014
ENSG00000197860,0.7310152219541852,0.9071809088781051
ENSG00000113384,0.5476215878327516,0.5690470439306817
ENSG00000112874,0.17956057449026203,0.31818908879412594
ENSG00000062194,0.48924992323037575,0.7525966429644482
ENSG00000113318,0.04376945039900511,0.11241442009097184
ENSG00000168685,0.019328421837733294,0.11326356353881849
ENSG00000127184,0.6744206025046057,0.6747926822401831
ENSG00000152669,0.562527097121051,0.6535044112116404
ENSG00000113494,0.026752630378395866,0.040776255622852725
ENSG00000250722,0.02129806864186283,0.13699213189142861
ENSG00000164258,0.056376845335937106,0.22113288472580883
ENSG00000164211,0.04112484147078624,0.06788897844121428
ENSG00000175426,0.36784278946944426,0.47867580929127773
ENSG00000113391,0.047267999316753434,0.12503138190902557
ENSG00000067113,0.7136636981811357,0.6642050178440893
ENSG00000145782,0.15356836106072316,0.27075068877996894
ENSG00000196900,0.08750825498431467,0.3621115233503297
ENSG00000164199,0.061202015872534314,0.05905861576675138
ENSG00000198961,0.2120435120926514,0.6120695579484978
ENSG00000157107,0.07874752693264206,0.15514177761677364
ENSG00000134982,0.08273973847483289,0.3897020303042372
ENSG00000164400,0.4639779374894678,0.5806769649056375
ENSG00000155324,0.04789199104890725,0.08501537739601531
ENSG00000113595,0.06859762838481781,0.2284841379539314
ENSG00000164318,0.5161551615395996,0.18793903171445772
ENSG00000169570,0.010627210871927684,0.016238601276509623
ENSG00000146021,0.34796226454144985,0.6203662635086613
ENSG00000129595,0.06101788902801937,0.1676689098884027
ENSG00000113522,0.3319375975110518,0.0639814685766243
ENSG00000177879,0.1268898843710432,0.2346005397071578
ENSG00000113369,0.8044826716768365,0.503049290888136
ENSG00000164209,0.031083588735941678,0.08787558348068128
ENSG00000113368,0.547205703539115,0.5601552336900595
ENSG00000134986,0.922218100337765,0.5195994884658666
ENSG00000120708,0.9651307014415174,0.7621623640821573
ENSG00000271824,0.05344647985531475,0.16740157238306555
ENSG00000164176,0.10041234856343038,0.2378848060277665
ENSG00000164902,0.10046595848281009,0.29729092846928584
ENSG00000058729,0.29009536586008383,0.5338383422077195
ENSG00000184838,0.49858480717585074,0.9390615634809382
ENSG00000113361,0.36881868117322225,0.7672484108916149
ENSG00000152413,0.45496546479406474,0.38399982027566637
ENSG00000053108,0.31194407920214473,0.05637748697555792
ENSG00000113296,0.1609837378270861,0.06945195043048664
ENSG00000112992,0.05622813971738563,0.1528702596850428
ENSG00000112972,0.18160523947784518,0.16883881237261922
ENSG00000131711,0.1080270908580874,0.03570273562891364
ENSG00000283782,0.02004857667665051,0.13006070890951724
ENSG00000164283,0.7891701729775135,0.6216338492686121
ENSG00000151882,0.010467664000320773,0.021184120761770165
ENSG00000205571,0.44130963155891656,0.2904101358747176
ENSG00000173926,0.052340618084405245,0.27059465742514177
ENSG00000176788,0.7764591710906339,0.30555491613613084
ENSG00000157111,0.39320941409427046,0.5244531645146308
ENSG00000164219,0.006320530774846959,0.033541542780716034
ENSG00000113658,0.0840762930415713,0.22116174669186428
ENSG00000145649,0.21482144710546316,0.9065463458144611
ENSG00000155329,0.09653252934611366,0.16991927071977864
ENSG00000145780,0.0179524733211407,0.04853781809597292
ENSG00000082068,0.008275846407863665,0.040810824171121
ENSG00000172239,0.15539804174808938,0.1708568021129851
ENSG00000064652,0.584327134753444,0.6007469627956279
ENSG00000113532,0.44184705006427016,0.9542494566487231
ENSG00000134970,0.17684769203909959,0.23945455318529613
ENSG00000164308,0.037770353708167746,0.02251463572857872
ENSG00000205302,0.009639333858069076,0.049347290057203744
ENSG00000044115,0.1567121185157982,0.31061728159690455
ENSG00000091009,0.15771856401735918,0.31769512083774265
ENSG00000178996,0.39884575319405147,0.885348041388141
ENSG00000113272,0.025661507301843894,0.08309583525613108
ENSG00000152684,0.05874625405261108,0.27823641843818003
ENSG00000120137,0.02905096638280666,0.10235308141357059
ENSG00000145685,0.3791397175473955,0.7645516862278459
ENSG00000072786,0.018099019276848767,0.10879844826855015
ENSG00000132570,0.3509977830946466,0.5223764341403796
ENSG00000150712,0.07479501608098968,0.2886330101083731
ENSG00000113657,0.2351190241883739,0.030669771977718686
ENSG00000155858,0.0014804280694021563,0.012216147836922264
ENSG00000072364,0.0645061311616498,0.21418964713220717
ENSG00000157510,0.6398014060052212,0.8933266356786447
ENSG00000145817,0.03569249082367391,0.20648876518909662
ENSG00000164221,0.13767976939297655,0.3017353815569756
ENSG00000197948,0.034388992802378074,0.07626738649418775
ENSG00000168938,0.5010838318499558,0.7422152395048314
ENSG00000113638,0.40962654580885116,0.39764867733100195
ENSG00000113441,0.6016344823270758,0.9738219724372744
ENSG00000165810,0.07301309058857904,0.17406650574383709
ENSG00000155846,0.0037352254061625047,0.019976098919416707
ENSG00000131507,0.7726604894467385,0.8178029521108104
ENSG00000064651,0.026819872519633706,0.08109666322639691
ENSG00000168246,0.03404327993233619,0.12935503860950817
ENSG00000113552,0.26935718944277964,0.2541837226741143
ENSG00000161021,0.6038372441927933,0.6811066168021986
ENSG00000164576,0.07288592258595844,0.3016123583892519
ENSG00000113643,0.014241033569162244,0.06566678801675484
ENSG00000221886,0.05267443840154191,0.09781761096833345
ENSG00000112984,0.5486109623713431,0.7545707150107752
ENSG00000251201,0.02354078231514183,0.13569665669298975
ENSG00000174132,0.24696061782935289,0.5120025826533992
ENSG00000145781,0.2586250935871701,0.23110454736207114
ENSG00000145779,0.11502064729171298,0.31125509626812664
ENSG00000228716,0.08442154415465698,0.10651898414454151
ENSG00000156463,0.00338670487383264,0.019495397804004735
ENSG00000174705,0.5781534857458268,0.9595558319753941
ENSG00000164611,0.9558952726945654,0.8720223492951451
ENSG00000120705,0.04606275548562328,0.154594841634926
ENSG00000145819,0.07745541940364965,0.20437810865503264
ENSG00000164265,0.9262598369737663,0.904525956769443
ENSG00000081791,0.022603297530325188,0.10982954227683177
ENSG00000118985,0.20335589125967818,0.6213032855933486
ENSG00000131459,0.43489945406426844,0.14745725397174372
ENSG00000164284,0.015168288805185042,0.06079830946628832
ENSG00000120149,0.18774645886642602,0.1441942746461004
ENSG00000145919,0.0032795711021133766,0.02935122931823525
ENSG00000164609,0.0699975258598572,0.22630533578304543
ENSG00000120318,0.44838055571823576,0.6153439157910663
ENSG00000118322,0.043818054877348744,0.11470826761588539
ENSG00000113580,0.9904056269867324,0.38196474930794877
ENSG00000113303,0.022408738858432045,0.05477707970552102
ENSG00000145715,0.09779761057503364,0.34113230276346956
ENSG00000082515,0.3432249233571485,0.37682891493173254
ENSG00000164904,0.03314696962553573,0.12312551321450242
ENSG00000171522,0.0067720118424584716,0.05146027014138199
ENSG00000183111,0.28952585267943215,0.6517002900928064
ENSG00000123213,0.2679592024160479,0.37062106246335424
ENSG00000171992,0.46220974708072515,0.9694411139351222
ENSG00000120725,0.3648358687734382,0.5229187353704304
ENSG00000113300,0.05576690930307985,0.15853837283967676
ENSG00000094755,0.49733842905593784,0.5202816077426045
ENSG00000013561,0.10179867084059908,0.31191621083021326
ENSG00000214357,0.43946138914871136,0.8341304743190543
ENSG00000039319,0.019712357334192424,0.07424334948863812
ENSG00000168903,0.0002664826024271008,0.0013731964710291334
ENSG00000161013,0.028202597711813538,0.05212553990756988
ENSG00000164466,0.07556135175578872,0.17601055070679975
ENSG00000187658,0.11704323619270314,0.11663638703638335
ENSG00000178776,0.43954207030854475,0.13217114516641454
ENSG00000198944,0.004902281427163936,0.0021198261681127585
ENSG00000164402,0.1033614269122734,0.3283011685374598
ENSG00000113742,0.5733579123909038,0.9140143408627436
ENSG00000070614,0.3028260014804875,0.7646669181290549
ENSG00000113269,0.25068349693890607,0.672359378548272
ENSG00000161011,0.31121052925138004,0.5870927394047523
ENSG00000145882,0.5537555554520082,0.6994030138636509
ENSG00000152377,0.08635540100001768,0.01896907508774146
ENSG00000133706,0.0652884326162029,0.1996904300188711
ENSG00000249751,0.9989673169223926,0.4672810446832413
ENSG00000086589,0.027424948429484564,0.13675846936984312
ENSG00000164574,0.6310278012044883,0.696913769169732
ENSG00000151883,0.25800516778113813,0.10866651643646504
ENSG00000198055,0.1215899978071174,0.3029387180965142
ENSG00000131188,0.7878589433487349,0.9745485487221497
ENSG00000183258,0.18337936068137498,0.3713554264899409
ENSG00000164296,0.008262415199739763,0.04324987079181104
ENSG00000113716,0.3007623892899587,0.570800162115179
ENSG00000182578,0.40451319834931865,0.8111970472702139
ENSG00000113721,0.6438055192905526,0.7430635981786049
ENSG00000164307,0.029128696695941942,0.09339444641803392
ENSG00000164366,0.21187598542712063,0.419386250447248
ENSG00000180104,0.040620805033781814,0.10156949578663615
ENSG00000066230,0.014473863598484992,0.007313866682356748
ENSG00000112877,0.02220035730067091,0.059425357267784785
ENSG00000171368,0.7135709602005018,0.9758774487449623
ENSG00000015479,0.14210170583946655,0.3324198200608373
ENSG00000120727,0.10704031445186667,0.43736029590978154
ENSG00000170482,0.003950234964214424,0.000762688432144092
ENSG00000170476,0.060248592972999324,0.4353420128238443
ENSG00000228672,0.009558708444152788,0.03870034195382419
ENSG00000164398,0.044765190878227716,0.13161537144339397
ENSG00000177034,0.14773853175438378,0.25104992499722695
ENSG00000170231,0.039010270190200196,0.03381651401980283
ENSG00000184347,0.6928412121543612,0.41329269175491534
ENSG00000152422,0.062051164662537045,0.11329753790454826
ENSG00000145494,0.7480728312771505,0.3521179717640497
ENSG00000135074,0.7241664374652159,0.9696444033536871
ENSG00000037474,0.08285970976072339,0.16655798858267545
ENSG00000145545,0.6315246654536681,0.501931979524086
ENSG00000112941,0.29274306717469545,0.4010864526255695
ENSG00000188725,0.2556244021704087,0.3424058070904131
ENSG00000169567,0.04760647434288725,0.11356391678264621
ENSG00000186687,0.009141729476809827,0.039408702680109
ENSG00000064692,0.248218951939858,0.45373237452252857
ENSG00000131503,0.031846147809953,0.163437646561556
ENSG00000254996,0.5686942187186685,0.9452026362303684
ENSG00000243056,0.7248100285468653,0.4441335345135934
ENSG00000131495,0.7200342052553075,0.9191993571246949
ENSG00000112855,0.020850277800516247,0.08639257076402743
ENSG00000146007,0.1654596589481441,0.48323561099000667
ENSG00000156427,0.1666033517553777,0.25671376160508963
ENSG00000145936,0.04097162809701993,0.01471274232537784
ENSG00000043462,0.29270593307182796,0.8827982529073662
ENSG00000170445,0.9801210954715688,0.8729782614448728
ENSG00000185129,0.13996801000355702,0.4008283487168144
ENSG00000182700,0.671409802464628,0.410054999946007
ENSG00000120306,0.15608154281588776,0.2056973071666635
ENSG00000113068,0.6973546510948241,0.6953352169810878
ENSG00000153037,0.6364019043614242,0.6811659941095274
ENSG00000129625,0.3689746333978411,0.5195980388620887
ENSG00000176055,0.026756903087496824,0.08612780428025142
ENSG00000113356,0.6159951059209997,0.6890909938635771
ENSG00000176018,0.03003299993529618,0.14575543644479538
ENSG00000113327,0.07493135494538773,0.03245069140522521
ENSG00000168944,0.032606415454669004,0.13647658643016233
ENSG00000170271,0.9521056850950208,0.5202977535435587
ENSG00000082516,0.05847122723380622,0.1389665978526127
ENSG00000205089,0.011775824983532144,0.057999200677594
ENSG00000187678,0.8983532019108282,0.6291625462238011
ENSG00000196670,0.013167924705998943,0.07482236379159446
ENSG00000131446,0.3234088549954751,0.9864015821614558
ENSG00000153140,0.12220507427950397,0.3448796761076901
ENSG00000113282,0.011886022629343183,0.06336285451291827
ENSG00000086200,0.1117366613451053,0.24126565480545087
ENSG00000113555,0.757891803693624,0.6150263363844224
ENSG00000113119,0.8389669147949164,0.8671480897134264
ENSG00000112983,0.025968952247664198,0.11776069588255647
ENSG00000113645,0.4111351291327139,0.5815205290688997
ENSG00000158987,0.04550143953605849,0.1440287953843945
ENSG00000092421,0.10364715235230555,0.1634336687968736
ENSG00000152503,0.061296647838814236,0.09699050431167913
ENSG00000173210,0.8730801712035103,0.4652605080058482
ENSG00000132912,0.085923319835218,0.18690540355755184
ENSG00000164180,0.011940802758953309,0.03380462678045456
ENSG00000155545,0.10956871620536845,0.15507479258526397
ENSG00000113407,0.03574413116369492,0.1550660445174908
ENSG00000153113,0.0928654127217232,0.28118998787793875
ENSG00000113013,0.022540805675602082,0.11502985479620433
ENSG00000164331,0.09952734494439631,0.12246054140782082
ENSG00000164338,0.080118302610664,0.12710038561978354
ENSG00000152700,0.14266426445124616,0.2982608675818789
ENSG00000113615,0.05432347425571192,0.21465398473212116
ENSG00000164615,0.8803710090473764,0.7776297734580845
ENSG00000145833,0.014086543462125319,0.07523184120592435
ENSG00000181904,0.17024195779630796,0.3650701627090637
ENSG00000113621,0.167297948198635,0.5149715772750103
ENSG00000177556,0.7421521980482811,0.8897995819024792
ENSG00000082196,0.7524635214901849,0.5167784101154147
ENSG00000169258,0.5770437329232462,0.3863970751388702
ENSG00000048140,0.09078974589070625,0.305147244540417
ENSG00000151304,0.007105323490216573,0.01855152644519859
ENSG00000113083,0.8098162159404717,0.5203373941204381
ENSG00000181163,0.1263810461382587,0.20644085873749282
ENSG00000164182,0.8042379377400719,0.6774585561032735
ENSG00000164187,0.028832287747098454,0.09293016916825138
ENSG00000152620,0.025895698704330047,0.09607380555780559
ENSG00000145604,0.10576253416564553,0.06523264837836082
ENSG00000145907,0.187944719903437,0.2354638600067596
ENSG00000170561,0.3209569088919292,0.3279656206149751
ENSG00000164403,0.13089908598253475,0.2522814414462573
ENSG00000131437,0.9770240761909883,0.9168900047343179
ENSG00000155508,0.14107487534288923,0.3661896532034047
ENSG00000158985,0.07241950609737893,0.1835989025923326
ENSG00000164266,0.019976474879073478,0.00782257072100722
ENSG00000050748,0.022035377527013632,0.08045847070371143
ENSG00000197226,0.0871358652230133,0.24671131546060626
ENSG00000151881,0.036371352928044415,0.03504148520677962
ENSG00000156453,0.3281568459301387,0.7607921952511044
ENSG00000082074,0.12826119769549008,0.581960676842578
ENSG00000164172,0.8708050501289922,0.981825421498226
ENSG00000131435,0.24007863650976288,0.44472277635086643
ENSG00000197208,0.005683250208696112,0.0327946162520922
ENSG00000082213,0.03562627382140705,0.12607046719470213
ENSG00000072682,0.4262349848727819,0.6227427242509869
ENSG00000113360,0.017279418395193424,0.07899416881715013
ENSG00000113161,0.10430426059292153,0.16206979594755577
ENSG00000176783,0.8545336595243089,0.8119204169299203
ENSG00000127022,0.3211701203237351,0.5387614126514666
ENSG00000183876,0.27852375115105,0.1653104214725612
ENSG00000070814,0.6976992728596965,0.8014923793215712
ENSG00000164587,0.38235225163928155,0.3795669552296531
ENSG00000079215,0.9763367024526961,0.5536191298610639
ENSG00000094880,0.06782778879532243,0.16953641256605162
ENSG00000158402,0.023523808539019163,0.06403370878661689
ENSG00000120709,0.41649056558621267,0.8044867273811668
ENSG00000120733,0.12572282685650174,0.29695521973849415
ENSG00000120738,0.39217451048796514,0.6512379711818728
ENSG00000072803,0.08313557112243013,0.30295147189299126
ENSG00000055147,0.09194632829751478,0.39441736307471065
ENSG00000037749,0.09852448619427101,0.32645048099522816
ENSG00000125347,0.33682112326017705,0.7113236256090265
ENSG00000176087,0.24266475794354167,0.41636261537877706
ENSG00000170624,0.4938803700263986,0.3147500224054802
ENSG00000086189,0.3907724070052181,0.41561999764867985
ENSG00000164244,0.10633892910344026,0.24350132110235423
ENSG00000134058,0.4777592755782184,0.39813762905491157
ENSG00000183323,0.08996787587861219,0.08965451689827135
ENSG00000085231,0.3289016383457417,0.33645523222832197
ENSG00000152942,0.7016094988365195,0.47049159978420607
ENSG00000152939,0.02429259497961939,0.08224046761639676
ENSG00000183474,0.7122414035252008,0.5764401168399365
ENSG00000197822,0.9226148465447562,0.4926345227306874
ENSG00000066583,0.2578142798355196,0.3866080520586087
ENSG00000173545,0.01245831330301345,0.04598245131547191
ENSG00000171617,0.2948795109904249,0.4439145063916541
ENSG00000256235,0.21501398482709524,0.6989786733062333
ENSG00000112893,0.022755079258013393,0.1044573729755951
ENSG00000113739,0.3837488663919202,0.7838123852597281
ENSG00000177721,0.6530648038341194,0.3750445856877579
ENSG00000146094,0.514362017064236,0.1581646896342343
ENSG00000186468,0.14904565209817802,0.30917833690193447
ENSG00000172795,0.09664646548361222,0.2631674034117485
ENSG00000168916,0.10993010244152233,0.27201531211973434
ENSG00000113312,0.06198472948480086,0.15911166492618553
ENSG00000145632,0.4295872642959957,0.1737263324446931
ENSG00000145723,0.061353646154141225,0.2738004369574101
ENSG00000113163,0.18285274241428118,0.4237956740775758
ENSG00000189045,0.03091026298126471,0.008675353036423743
ENSG00000049167,0.26137526119346793,0.339229746630502
ENSG00000164326,0.14049422145340384,0.09253864292966388
ENSG00000133835,0.007834878266170362,0.04488733986205005
ENSG00000154153,0.011492856719121425,0.06236465305160642
ENSG00000083312,0.02629981279141444,0.09044174594982714
ENSG00000213523,0.8790004949039066,0.9340053241852757
ENSG00000043143,0.12656159487327956,0.6609788269432476
ENSG00000120314,0.11790275242016059,0.36106316028598306
ENSG00000113649,0.0788298169750735,0.20235587565590435
ENSG00000253846,0.23820760589873557,0.6048133965097908
ENSG00000254122,0.45727254220570523,0.18724291819354122
ENSG00000240184,0.0041168614826449165,0.0015592611753234165
ENSG00000171720,0.029493007333599885,0.14102147912476312
ENSG00000164620,0.3911925547075301,0.5902031781524133
ENSG00000276547,0.1881872582863971,0.321924777801508
ENSG00000145730,0.16275212838228892,0.03545603561952079
ENSG00000172262,0.3474625307973791,0.33010855168609476
ENSG00000164241,0.10041514570199768,0.23457929716337889
ENSG00000214944,0.14268761634573077,0.21938616346810405
ENSG00000172869,0.012793948932715704,0.06369171178729306
ENSG00000145908,0.5510197772043838,0.3143719513622486
ENSG00000186314,0.08883237945046304,0.17575872035158965
ENSG00000164329,0.251393903209033,0.30608706002393443
ENSG00000131844,0.22455734162440882,0.1289986882533241
ENSG00000146054,0.9964141521662244,0.5208388091463658
ENSG00000146063,0.18257269115805738,0.5144585621456593
ENSG00000204628,0.8114053524191491,0.9646454269506508
ENSG00000183718,0.296176322283697,0.4612415417986022
ENSG00000249915,0.7876103389524088,0.4471434129522127
ENSG00000160867,0.8868244399046672,0.7458010812453362
ENSG00000169228,0.32670759967704865,0.32341933775268666
ENSG00000169230,0.7421070829084901,0.543745614262416
ENSG00000169220,0.7016583784937716,0.49557661978530676
ENSG00000028310,0.44275086615863424,0.48778381413196314
ENSG00000071539,0.25134063102810056,0.12109321539755163
ENSG00000145506,0.24649228170709564,0.358161345269038
ENSG00000113504,0.7488254898499831,0.7120969075497874
ENSG00000164405,0.7961095366741359,0.5939869497047108
ENSG00000164406,0.03238715591331095,0.029009002372752727
ENSG00000165671,0.10547817638142572,0.29692501751622025
ENSG00000113722,0.008158063752651884,0.02651398836293002
ENSG00000161010,0.08430513363198126,0.13917661152249425
ENSG00000145743,0.12559368589551734,0.2567618874827138
ENSG00000185305,0.4533603025212031,0.7203740474229774
ENSG00000067248,0.17387769612802348,0.3738480950454025
ENSG00000205765,0.2954107742952434,0.4234029128740302
ENSG00000132563,0.024654166108332338,0.0024443118242552073
ENSG00000113240,0.10503487663835538,0.23570935014081024
ENSG00000073578,0.6434729468148563,0.4600041473561952
ENSG00000113448,0.27576195710245915,0.39407618591087445
ENSG00000135083,0.006823871398391667,0.04946175916433857
ENSG00000170606,0.10038182431197695,0.249339555112898
ENSG00000151422,0.17333399273957545,0.3732107659861098
ENSG00000131504,0.6195525580583519,0.8841994838486305
ENSG00000217128,0.09849622114380886,0.2176890620907544
ENSG00000145741,0.1176705961926819,0.1691908259950041
ENSG00000069020,0.22442804036304034,0.32828332002309596
ENSG00000113758,0.4032933435776306,0.2997512006793756
ENSG00000253305,0.5796841169327656,0.8144007276687393
ENSG00000175471,0.7995538678706022,0.3620524420181287
ENSG00000155850,0.03601617347830473,0.0605221746004952
ENSG00000197375,0.01561567894613272,0.04542600234727976
ENSG00000188818,0.86675119136817,0.6617664407082987
ENSG00000272674,0.8648356332165232,0.9802037630727984
ENSG00000177839,0.15016281081470997,0.24269558449331735
ENSG00000120324,0.5238406674904535,0.31645709609198147
ENSG00000120327,0.9033333865846641,0.5296414855426902
ENSG00000178913,0.23831931906213774,0.4410548225419467
ENSG00000273841,0.032465379963189246,0.03225443907638094
ENSG00000113141,0.2417394942775275,0.5769197502193752
ENSG00000164220,0.8397812444750532,0.3982483367184274
ENSG00000181104,0.5079626267082309,0.8309507690284874
ENSG00000164251,0.003909108414919364,0.00932692324530019
ENSG00000120129,0.389055620605708,0.7682122960797648
ENSG00000037241,0.3698473051753882,0.3670121207120972
ENSG00000113732,0.43411880831006167,0.8007856614239579
ENSG00000164463,0.2133574701240774,0.5697641125711576
ENSG00000113734,0.2309548840573516,0.2374735302004064
ENSG00000153006,0.4827088567288089,0.45334805003667444
ENSG00000113719,0.010491523909760051,0.06776692090607603
ENSG00000153015,0.0620628254400369,0.1802016510378656
ENSG00000146083,0.06973556795324815,0.20661735636293005
ENSG00000074276,0.01905438138148578,0.006969857561981733
ENSG00000170469,0.034836965933422774,0.06956724097466886
ENSG00000031003,0.14342638004955563,0.49694298585882946
ENSG00000164347,0.04482283536675494,0.13249276149533085
ENSG00000164346,0.9710081429991864,0.5747226138882473
ENSG00000198780,0.16173251276995756,0.18636855134069863
ENSG00000019582,0.44632282990054095,0.7488054061979725
ENSG00000213347,0.9581768252226949,0.9156651865659484
ENSG00000155506,0.16560688739541704,0.3777007757670916
ENSG00000178172,0.8722542828750959,0.590905456879459
ENSG00000134987,0.03764622203760326,0.09097138615892494
ENSG00000169223,0.18997567214088817,0.40151799376566066
ENSG00000113328,0.03209991962097986,0.0625656501677563
ENSG00000170584,0.051506731120832226,0.15704780407561103
ENSG00000072571,0.04805018978384894,0.08282203212377764
ENSG00000085365,0.09216472073509631,0.15402242791556994
ENSG00000132842,0.5947034177009591,0.48629452815809027
ENSG00000170458,0.7221291905308136,0.5313370357578612
ENSG00000038274,0.02730395670376285,0.11111717335193484
ENSG00000153071,0.8063641204761185,0.9839828617698554
ENSG00000131187,0.7846132126757883,0.887044039410994
ENSG00000040275,0.1232903355423629,0.1900405000383928
ENSG00000134516,0.21551372706691233,0.7587340018568784
ENSG00000132356,0.02750677120396827,0.0714856771286522
ENSG00000145592,0.4593600216675685,0.504864309593765
ENSG00000132357,0.9828496808575345,0.8197682465892402
ENSG00000095015,0.09386647182641686,0.2918671626840981
ENSG00000155542,0.21420193131753543,0.1592149207393213
ENSG00000119048,0.03714210338339401,0.14480267174199296
ENSG00000237190,0.45070157990010284,0.4497233543837579
ENSG00000145860,0.052992072277395975,0.26709803527741705
ENSG00000164332,0.022475756208984426,0.11763091337654852
ENSG00000145740,0.17138416791899025,0.15139610302565004
ENSG00000134057,0.28739157785304864,0.2825010770644204
ENSG00000155868,0.0058574769029325156,0.016656042164178795
ENSG00000151292,0.008878806953823213,0.03202784223098218
ENSG00000051596,0.4205851313393485,0.3784506424998231
ENSG00000170085,0.09594339065513675,0.14002847665582158
ENSG00000122203,0.02069359049031279,0.1321460521390393
ENSG00000175414,0.036563245994772633,0.1359210440520584
ENSG00000048162,0.6530908814970863,0.5252021123911587
ENSG00000146066,0.4756195070527458,0.57683513326571
ENSG00000175416,0.6626476303193152,0.8131435628922646
ENSG00000113194,0.07148386433006299,0.21492733236880535
ENSG00000160883,0.5720639250667796,0.9286882853752282
ENSG00000087206,0.6554386251477338,0.7966092176405981
ENSG00000113761,0.023059959028176338,0.10920105537818492
ENSG00000184840,0.4476184305986284,0.7420494446993862
ENSG00000027847,0.22070612350281937,0.2240360825113415
ENSG00000145911,0.9655105936355669,0.44606422823323255
ENSG00000145916,0.695472594538094,0.8508922384817026
ENSG00000197451,0.18112021898873207,0.22954287535024936
ENSG00000175309,0.0658862378651747,0.1378132578460207
ENSG00000154124,0.04199256185546091,0.061293755552169364
ENSG00000145912,0.08300682897342718,0.08543524231291658
ENSG00000135077,0.7439097389640087,0.4668981477567228
ENSG00000145675,0.5940758472280605,0.8390090510689231
ENSG00000145920,0.6977851014316098,0.39348712896894544
ENSG00000170234,0.05326567066620966,0.19805889531913506
ENSG00000049883,0.27961307628227755,0.2086394210683876
ENSG00000211445,0.18856993551822857,0.14120241464859562
ENSG00000145901,0.1826115755233997,0.6067564251050893
ENSG00000198624,0.6860647047348428,0.6664195211608537
ENSG00000196743,0.7437581952577941,0.697547886037869
ENSG00000123643,0.03450224848191369,0.13667015639442578
ENSG00000196923,0.1240399716073828,0.027462090447985896
ENSG00000113456,0.13403727717777061,0.2770430267517959
ENSG00000113460,0.4173136009194044,0.2840651760023825
ENSG00000153044,0.3844481573633043,0.15472312167397295
ENSG00000134056,0.737883374215008,0.5106377365114076
ENSG00000152359,0.9569320343900092,0.6327330027089121
ENSG00000145703,0.03194670429433962,0.054602415381012855
ENSG00000164252,0.055579356516534215,0.08739861528493667
ENSG00000132846,0.0945928502628528,0.0956976660811717
ENSG00000164253,0.1652326968825148,0.4934441448700282
ENSG00000171530,0.686549384862786,0.762713366967577
ENSG00000133710,0.17489312507548066,0.0501409385875334
ENSG00000184584,0.9651969945237506,0.4302794211600709
ENSG00000171604,0.8113929997200239,0.5674506961971886
ENSG00000131508,0.17137031240935116,0.3669640686442156
ENSG00000113048,0.06878264575655095,0.11086316985923138
ENSG00000164291,0.07271383184237963,0.17569610796062696
ENSG00000145569,0.002830951945720776,0.01933784741067461
ENSG00000134352,0.5263563591178952,0.22259721897881293
ENSG00000168724,0.09148293302390856,0.1582500590614143
ENSG00000181751,0.0254976332422087,0.10115994550570552
ENSG00000145725,0.015195783183188205,0.08735256908117058
ENSG00000069011,0.4204479169372004,0.13354674252876061
ENSG00000145824,0.6963668338504407,0.6931177473170933
ENSG00000055163,0.0025647846196711105,0.010258948331864947
ENSG00000087116,0.8463928023474142,0.7263570127649095
ENSG00000146067,0.5884780282422168,0.7612294156732553
ENSG00000112851,0.5768692944081522,0.6046834673444388
ENSG00000153914,0.4470632262240657,0.6625631892505318
ENSG00000068796,0.02719008868943659,0.09853857684108845
ENSG00000113249,0.004211157990786917,0.005987811011631825
ENSG00000198677,0.028205948392591464,0.11497582368930272
ENSG00000175745,0.7931955629791246,0.8561714249705339
ENSG00000169131,0.1004098880236499,0.31140976962774847
ENSG00000178338,0.04348298393588542,0.16373765378483654
ENSG00000242110,0.5189114112228196,0.24691235092165834
ENSG00000197043,0.6016748276382349,0.14072526716179784
ENSG00000049656,0.6368589711321202,0.5520184530897112
ENSG00000153395,0.06351290188058588,0.13347361670279811
ENSG00000172058,0.46142230447490806,0.3063788560601376
ENSG00000172062,0.3333106094415832,0.1616229763759677
ENSG00000145736,0.9228070062974001,0.6939749544876956
ENSG00000131732,0.10299479502880524,0.19107561682493018
ENSG00000145687,0.37087368009271326,0.394497364242964
ENSG00000113558,0.08361996460053749,0.2948348710619338
ENSG00000113575,0.15019654150233602,0.28652728195756527
ENSG00000206077,0.7437675025814456,0.7214637162808946
ENSG00000037280,0.8415664535603864,0.4570072636350747
ENSG00000133302,0.007868385416374243,0.02401325463553994
ENSG00000113648,0.3187812606817878,0.34015900045997166
ENSG00000280987,0.00510291552749836,0.02718443347291781
ENSG00000038382,0.713257805779077,0.8883374113827888
ENSG00000177733,0.13693053957087256,0.292946529610669
ENSG00000150756,0.08529688915162696,0.09239110048773247
ENSG00000150753,0.02587623555636848,0.05058782039329205
ENSG00000164237,0.1673886300959357,0.16978382787600313
ENSG00000145495,0.07744007379915001,0.16244057421101232
ENSG00000113583,0.12306586937356459,0.3335655004190273
ENSG00000213585,0.3315163034531333,0.41796418544364844
ENSG00000081059,0.6233136530266566,0.48659175425212353
ENSG00000047188,0.004905643360497229,0.021761254881913283
ENSG00000171444,0.9968201596266425,0.5744175637716844
ENSG00000174136,0.09023118701085647,0.45909022852097114
ENSG00000153922,0.039569664957892985,0.22641453458712432
ENSG00000113712,0.12268605965798245,0.3613929317502348
ENSG00000112977,0.5144166779310543,0.7255786560216693
ENSG00000113070,0.09310394943856444,0.1721477370785248
ENSG00000113140,0.3513769700293903,0.8554548508163147
ENSG00000112936,0.989902383209409,0.763986666712302
ENSG00000169045,0.043682253432378595,0.2406383482814858
ENSG00000204909,0.08518035760480015,0.06548253859396917
ENSG00000145868,0.07117019012478709,0.21298069484659946
ENSG00000122008,0.4034386647394119,0.7574002714817794
ENSG00000175449,0.8443424164348234,0.869619540387319
ENSG00000164292,0.19451546546986132,0.3255264802994489
ENSG00000173221,0.46972357512551877,0.7698629391691607
ENSG00000081189,0.6158383182199701,0.7182229334840823
ENSG00000144635,0.025866479720418865,0.07686760242137855
ENSG00000154822,0.048377625480155506,0.08376269204163772
ENSG00000070950,0.02570840285210826,0.054991851463363696
ENSG00000144668,0.9412327795800696,0.7914827908960727
ENSG00000129810,0.019999015377660422,0.01608053153961887
ENSG00000093167,0.05648759716805431,0.170997944652882
ENSG00000091317,0.4172777528307471,0.7523658139930941
ENSG00000170860,0.029011231501116543,0.036712414049635086
ENSG00000178567,0.2967501393843612,0.1057608608665939
ENSG00000182247,0.3679674597111724,0.07265137823117267
ENSG00000114166,0.16606126218604525,0.46964689966706896
ENSG00000187118,0.6382184400355901,0.514070523851902
ENSG00000093217,0.002663462417559267,0.007198509922526943
ENSG00000170011,0.0922099363013124,0.08973313999569045
ENSG00000131378,0.711156836384941,0.5669703784135005
ENSG00000170293,0.0785960143586033,0.11459035488264624
ENSG00000163528,0.06291631732711984,0.04416312984831184
ENSG00000154783,0.4634951630988675,0.48940309767412316
ENSG00000170248,0.018826428879624896,0.03856312998516011
ENSG00000144455,0.28261277656262596,0.48708551544490264
ENSG00000183960,0.8129030156722552,0.8725041232353528
ENSG00000114353,0.29004648607636313,0.2752372594678267
ENSG00000153560,0.011254720765844401,0.05819211221576222
ENSG00000163512,0.016397347461646814,0.050051113281161005
ENSG00000126062,0.21372637713504486,0.45031651668975214
ENSG00000114378,0.06318556808533934,0.04868506390152154
ENSG00000114388,0.1984808784554457,0.2470354192193517
ENSG00000168301,0.05197553747931805,0.17635866913943676
ENSG00000144566,0.08050030845779237,0.09234458866310875
ENSG00000170266,0.05402007192281252,0.10127585878328448
ENSG00000160746,0.198123036678407,0.1810027461216542
ENSG00000172939,0.09560863637122964,0.2042331114063162
ENSG00000088543,0.7025448624539099,0.553092791148752
ENSG00000114383,0.7740985531667792,0.7865347522960698
ENSG00000144724,0.0445010471979716,0.1712003895332242
ENSG00000173473,0.01730176195010133,0.07023272859764844
ENSG00000170275,0.6531442154912077,0.9863101191645963
ENSG00000068001,0.9264729745544154,0.846758957524913
ENSG00000011198,0.7610678155270859,0.9585133214331897
ENSG00000144677,0.4265034636690662,0.6603791818166509
ENSG00000163935,0.014669659951080487,0.07905597879925137
ENSG00000114738,0.07231041512314482,0.20859837124877145
ENSG00000206538,0.9947951805696992,0.7336996525216741
ENSG00000114480,0.5077650035227232,0.7181881281072993
ENSG00000172986,0.7447150780297823,0.6745865438036602
ENSG00000114541,0.111930631468835,0.3392662480092622
ENSG00000163618,0.8114404414311801,0.37096745650723084
ENSG00000163376,0.016622234529812412,0.035052420948107
ENSG00000144744,0.018111632850718342,0.052664990446804345
ENSG00000121440,0.4043373508124093,0.052432591765021845
ENSG00000080819,0.2625681315095885,0.3496597327458041
ENSG00000168309,0.8011513366701671,0.4763213823163467
ENSG00000227124,0.3046576491360624,0.3624349657758843
ENSG00000163378,0.6777861523399369,0.8115459127326903
ENSG00000044524,0.8152102694330081,0.4525426839846265
ENSG00000144747,0.038431793211044944,0.12629976537285129
ENSG00000036054,0.026636512564177876,0.12164295755752609
ENSG00000154174,0.019103770802732192,0.06247706925300454
ENSG00000138468,0.1414467642658621,0.2875777263842682
ENSG00000184220,0.05119212418122884,0.052912061216563784
ENSG00000114021,0.07033215753721289,0.10529222597977393
ENSG00000114423,0.07413667620416657,0.38423026822476636
ENSG00000206535,0.4235678880293354,0.5483319381379983
ENSG00000144810,0.952107354173936,0.3667861553715689
ENSG00000170017,0.738661402382061,0.4648637239075829
ENSG00000144827,0.3255508068318276,0.20356914267773465
ENSG00000272104,0.6695866003109857,0.5932948815722456
ENSG00000163412,0.10034045777046688,0.37648881366832065
ENSG00000154165,0.0023978286629896825,0.0028575936020409833
ENSG00000249992,0.8851964998942092,0.9427437914294012
ENSG00000091972,0.7257464357675278,0.1687588151469341
ENSG00000176142,0.017462177972992675,0.10234585511167969
ENSG00000145050,0.709578521664342,0.6754703168230376
ENSG00000113845,0.5472141807069921,0.4938095161898409
ENSG00000176095,0.17512766809381383,0.6859533515159775
ENSG00000198919,0.01732509830673089,0.08132043154656392
ENSG00000144837,0.18856824080254175,0.09102362402373926
ENSG00000163814,0.23017024492167032,0.5069338363389686
ENSG00000174738,0.0450347516196519,0.15032993747218565
ENSG00000080822,0.41404708764279496,0.7444493018474636
ENSG00000241224,0.19118633312130398,0.1312896314906215
ENSG00000189283,0.6328300511804795,0.16529824645901917
ENSG00000144746,0.37840255281429214,0.6824591188318356
ENSG00000168306,0.1369374435494832,0.34525566920965556
ENSG00000153551,0.016425257602971696,0.009863860830865923
ENSG00000163611,0.04687692282126215,0.10682940943860643
ENSG00000163513,0.21571199343206515,0.47509528870470685
ENSG00000114446,0.6596027646750399,0.46588413255243133
ENSG00000185565,0.4601175466608185,0.8444427060843536
ENSG00000114520,0.11249347522269386,0.15900417203768413
ENSG00000121578,0.4342523490811483,0.4047548333631299
ENSG00000163870,0.33503099564679173,0.32334088856896737
ENSG00000144848,0.05166225972768868,0.22301215759669327
ENSG00000169087,0.061645680184597,0.1387167022704863
ENSG00000259956,0.14331324379195645,0.3958555241130408
ENSG00000170142,0.157737966968526,0.3540886204627769
ENSG00000163605,0.10468511118696255,0.1834069746361568
ENSG00000001617,0.12242784202338677,0.03424805319210897
ENSG00000144824,0.783771290723564,0.4073856750088003
ENSG00000158186,0.6280378581412787,0.2525591447865805
ENSG00000198643,0.1941440568522748,0.6760421621265856
ENSG00000114125,0.7205578827264665,0.9682249302428748
ENSG00000144909,0.10899754032917208,0.17361778958754115
ENSG00000065485,0.4727259338317856,0.46197858152594373
ENSG00000138459,0.03455478901761677,0.12623146184223377
ENSG00000145103,0.03535291542985615,0.08229656127923174
ENSG00000118007,0.02300364145914097,0.08389421348142417
ENSG00000206527,0.18824133432445203,0.2366171860675738
ENSG00000163430,0.4976495012376372,0.9027463156350948
ENSG00000157500,0.08185349981811335,0.23687153743258071
ENSG00000168875,0.30052526526562734,0.3499911701952776
ENSG00000114744,0.21946012074442153,0.32525202682667126
ENSG00000177707,0.054841444426676725,0.1350096981832814
ENSG00000240891,0.012506242108524095,0.028095276054644985
ENSG00000163637,0.2946484172636382,0.08384709231323362
ENSG00000175792,0.19210402726070658,0.1700304822659697
ENSG00000065518,0.9317848847588005,0.7950473953147033
ENSG00000114107,0.08172421263582826,0.2306499943594032
ENSG00000163590,0.09578089929378782,0.23170292011575658
ENSG00000031081,0.5065353447868506,0.9711086167864201
ENSG00000047457,0.389085525581336,0.43967575783444734
ENSG00000173193,0.04152262958951229,0.23433303019889548
ENSG00000159685,0.019947265711187337,0.030413132397286012
ENSG00000163762,0.16890870537526617,0.42005111012213836
ENSG00000169255,0.07778822666989248,0.09879381017280936
ENSG00000158092,0.04253112641711448,0.2299486844680268
ENSG00000114790,0.18932179716723224,0.48012477440891066
ENSG00000169908,0.6597208903692116,0.8227058835232084
ENSG00000181804,0.8361260645366917,0.34967266032502387
ENSG00000181788,0.19300156652495892,0.6051334843599648
ENSG00000114670,0.15719216479658973,0.15384189519117694
ENSG00000121858,0.1045632023107898,0.35648267380178056
ENSG00000173889,0.0028593380095387616,0.02432210910468895
ENSG00000155893,0.5891675849299989,0.6350966551244659
ENSG00000168917,0.5903076148470272,0.6508256031706328
ENSG00000075420,0.1332972060052188,0.3672271976882092
ENSG00000090402,0.03842280524663972,0.06846841077722064
ENSG00000163584,0.8329057702444187,0.9411733770846518
ENSG00000069849,0.43690797804348536,0.4813267766087639
ENSG00000186329,0.3179942056618611,0.5242405646722987
ENSG00000163655,0.2303264918641553,0.2945389825454872
ENSG00000132394,0.31409845061703795,0.2722218710782628
ENSG00000169860,0.057982206952304126,0.15000674929715296
ENSG00000120742,0.1295223430364345,0.26953649202726315
ENSG00000154310,0.7931825863286348,0.814727486094236
ENSG00000068885,0.4182652033014943,0.3370485575820198
ENSG00000177694,0.45558384891740256,0.5069298936357569
ENSG00000181449,0.1391275843475356,0.17797376301328846
ENSG00000174953,0.03092244595050335,0.13184277003103212
ENSG00000085276,0.043600304564490586,0.07801959155398092
ENSG00000073803,0.1827559242175277,0.46151703203842764
ENSG00000138463,0.03153262060582747,0.1341708099697193
ENSG00000175040,0.48732597914626985,0.7949535839137287
ENSG00000175054,0.03702586812220313,0.10780817848844247
ENSG00000169359,0.04240225157678118,0.15078847227736714
ENSG00000169903,0.27119307742894894,0.14893855767848735
ENSG00000163659,0.3716298942032461,0.49386121253255133
ENSG00000157005,0.44569722231157827,0.6466484685144704
ENSG00000114796,0.10733571879888658,0.18353726149382396
ENSG00000136514,0.3146944450142585,0.8411627962369761
ENSG00000144730,0.8597283400964164,0.29481132599139914
ENSG00000138246,0.031865935252444084,0.1989165287767835
ENSG00000113924,0.1753085452596431,0.3566884583971772
ENSG00000163389,0.4834659143652592,0.7184027038468024
ENSG00000163638,0.5927380475696356,0.7383166973651671
ENSG00000176597,0.1421416940683825,0.18201313478599965
ENSG00000173905,0.023842253585654397,0.09430293513149755
ENSG00000152492,0.24161949129435578,0.5900010633370645
ENSG00000114315,0.3373741964938311,0.36900332462648877
ENSG00000175066,0.014793668739920864,0.0895304468503112
ENSG00000213123,0.6403517423773215,0.9075790517201223
ENSG00000113790,0.009988169654428522,0.017834443169310963
ENSG00000163959,0.17576969024501543,0.10823540581705804
ENSG00000145191,0.18573533689337837,0.2272149693597042
ENSG00000051382,0.012031623535420602,0.0771722860219581
ENSG00000144736,0.031480642817042534,0.04843020285398131
ENSG00000161217,0.031821880329938025,0.14210330823410638
ENSG00000186001,0.1495450220980307,0.43394804336111714
ENSG00000174013,0.22052882959291076,0.42698987611206285
ENSG00000113916,0.06667411158894584,0.017659034901468192
ENSG00000163872,0.08258185712027129,0.2827144481833967
ENSG00000163904,0.38513115502163553,0.6820707508853663
ENSG00000161267,0.17067945356223893,0.3098543779416776
ENSG00000163961,0.11223007121982503,0.34581200516589594
ENSG00000163900,0.48651654085936,0.4837038078937175
ENSG00000180611,0.16422723137808276,0.13071869410653053
ENSG00000090530,0.21094995097829192,0.47094204504574433
ENSG00000185798,0.5556506005641263,0.4889333505694041
ENSG00000163960,0.08316113474199252,0.2753752374211657
ENSG00000244405,0.3482605744796542,0.31612671728468633
ENSG00000174928,0.2092126571792516,0.269220188846102
ENSG00000181467,0.8229956166930581,0.8446367523939826
ENSG00000182580,0.1824145365145198,0.6502134080374271
ENSG00000163898,0.08105208781000059,0.1794553338343742
ENSG00000163577,0.302115721883271,0.47312429711510173
ENSG00000153283,0.1440419109427897,0.6515317000014785
ENSG00000163714,0.996238457545305,0.7493461216158408
ENSG00000144820,0.42006351810614584,0.23772323004903886
ENSG00000163751,0.3093682450907276,0.6241419433869022
ENSG00000163754,0.8710397470653232,0.9053806898118135
ENSG00000071794,0.5067935616546395,0.3678135889272167
ENSG00000163755,0.036046665648050806,0.1415022181834015
ENSG00000163902,0.4779252918638762,0.4117233375482272
ENSG00000179021,0.011707561591830798,0.029891397296914108
ENSG00000081154,0.0459688079090803,0.1011533443402849
ENSG00000254999,0.4282411908885556,0.3988668710820791
ENSG00000134070,0.03852589446909947,0.11152826819419287
ENSG00000157017,0.7288062135553492,0.31059406657338473
ENSG00000157020,0.029298260226021628,0.024504625320368012
ENSG00000178537,0.28361123046176806,0.6043683473016275
ENSG00000178467,0.7364309419266033,0.9638715947027523
ENSG00000178149,0.14450708479492697,0.48566096866669106
ENSG00000178057,0.28666482101481405,0.5943191625664421
ENSG00000163634,0.3747689130498746,0.2377880722726316
ENSG00000181847,0.25939140977661806,0.9689403407745628
ENSG00000240045,0.10893905802484784,0.29475642782786965
ENSG00000076242,0.028355710074510914,0.05450784554784821
ENSG00000151090,0.49822686093119417,0.7885434770855552
ENSG00000174748,0.044076487516380436,0.044550855911075805
ENSG00000169714,0.37115397481733303,0.4200907537609899
ENSG00000154767,0.08770049295606372,0.1708026763579469
ENSG00000073792,0.18789773116740283,0.3029376240236375
ENSG00000144908,0.49844018924226596,0.5321398365260245
ENSG00000175193,0.25489464225423947,0.6931590632135599
ENSG00000163660,0.261059268605646,0.20717909521888894
ENSG00000144959,0.38672428989806684,0.6080194074671319
ENSG00000170876,0.5191398029423027,0.8273136196709437
ENSG00000145107,0.68351550036392,0.24749298275729956
ENSG00000198585,0.028070506235990396,0.07436926036172616
ENSG00000181744,0.6562022290227216,0.705762862001462
ENSG00000144840,0.07887746290652196,0.09809927338730419
ENSG00000163635,0.011425532861020821,0.07876459179846637
ENSG00000181458,0.5808654580177304,0.25021608610003904
ENSG00000075785,0.5622130040949634,0.6562288274581388
ENSG00000151092,0.011051776141419752,0.049097809687653086
ENSG00000151093,0.006341216823172307,0.007653987873651595
ENSG00000214160,0.6216468931034467,0.4341146078994743
ENSG00000284753,0.6168979581645162,0.5121815310863023
ENSG00000175166,0.13161076469572644,0.29195408347109447
ENSG00000114867,0.039507524635253914,0.17081973022854852
ENSG00000175182,0.2701793768795709,0.5494751983655282
ENSG00000114859,0.05133104687396195,0.18630738887505657
ENSG00000060971,0.17874975384665912,0.22035024159913622
ENSG00000114354,0.062120343170585554,0.12254755047277847
ENSG00000114742,0.00955293154309173,0.03997028285742306
ENSG00000241186,0.2837093103594856,0.22382442068234076
ENSG00000178038,0.07386558452324783,0.0991577464890365
ENSG00000160796,0.8261957705633909,0.9481919634691306
ENSG00000114739,0.3556075612283648,0.5656793991977134
ENSG00000121864,0.10957650240541862,0.1797211426015205
ENSG00000171109,0.014527485841032025,0.0675027032339956
ENSG00000114450,0.9758228453926634,0.42695359893270124
ENSG00000136518,0.09866541708028181,0.16874084020286156
ENSG00000136522,0.922990952598809,0.5070844982412781
ENSG00000172061,0.4978178853688203,0.9883165448378615
ENSG00000041802,0.05819859526715725,0.09243133414714025
ENSG00000185112,0.1515378297622812,0.29450708060749087
ENSG00000134107,0.7238907672071018,0.8171240108642079
ENSG00000134108,0.3628809264289675,0.278980688165291
ENSG00000134109,0.16464307528842653,0.3751260713730439
ENSG00000180376,0.16658682367293964,0.4886075639117188
ENSG00000177383,0.42563394480018213,0.2611404935810775
ENSG00000187068,0.27388814742970513,0.6011993375503372
ENSG00000156931,0.09207257276538623,0.12715516170021746
ENSG00000196455,0.02343496154580447,0.10162509507161274
ENSG00000163347,0.7902644111572377,0.45240686028860644
ENSG00000017260,0.03555730652184863,0.1547617192089204
ENSG00000114126,0.005530979962848216,0.025431960549170612
ENSG00000114405,0.9247623325982907,0.9694481967518109
ENSG00000168016,0.005373411763703472,0.05703333349940212
ENSG00000172340,0.028542284556837893,0.02894857432271755
ENSG00000187091,0.25475946155533824,0.4116818027502839
ENSG00000114850,0.053175655234522716,0.17644087962215668
ENSG00000034533,0.019067424791817587,0.06122351000658853
ENSG00000163636,0.22376037938106635,0.27663559678695865
ENSG00000114805,0.17302405700904072,0.2166059472431318
ENSG00000018408,0.2925902568615255,0.13554948347770557
ENSG00000144749,0.08548919337485632,0.4273597001203415
ENSG00000169251,0.04763665641260712,0.12776832993989812
ENSG00000163947,0.08031997189405367,0.32724916488776357
ENSG00000114737,0.09196676791753632,0.17148659244522563
ENSG00000082996,0.486985234177973,0.6120219929193713
ENSG00000197885,0.07414806641001062,0.2874107082850988
ENSG00000163785,0.13060413270632443,0.2636204705668337
ENSG00000114735,0.17085734479899858,0.11801261551115126
ENSG00000072858,0.02670563213677023,0.3301875810914371
ENSG00000175455,0.007108140764932595,0.03257891964835688
ENSG00000114395,0.10122379283058702,0.17687742097712905
ENSG00000114529,0.5598168423752683,0.841762090347588
ENSG00000091986,0.7170059396466513,0.32380787603233036
ENSG00000134072,0.5421826412509603,0.42228315633021685
ENSG00000250151,0.23822668777501899,0.37380374663720994
ENSG00000171135,0.13260777157232734,0.056180771696601475
ENSG00000163701,0.1157101367987596,0.2554738161196366
ENSG00000145020,0.0025874412769430503,0.0035228529434693824
ENSG00000145029,0.05411304652612386,0.2817714673996216
ENSG00000164062,0.03436119423505269,0.13227333038031622
ENSG00000164068,0.8657747616677292,0.7264679726303855
ENSG00000173540,0.06625206548063435,0.12132390532269606
ENSG00000187288,0.8755107169876086,0.6328497747525039
ENSG00000114648,0.12269543202344384,0.3224779461958519
ENSG00000156976,0.06476843067398161,0.2837069119064562
ENSG00000114113,0.1262663497742483,0.07766415997341594
ENSG00000163428,0.2104775769449045,0.2647218647406503
ENSG00000157150,0.16724337723533225,0.17871891220893338
ENSG00000114209,0.03967705599960899,0.132722431089009
ENSG00000163536,0.19105603113351852,0.20370385836309052
ENSG00000114698,0.20812735125444345,0.5745433794825147
ENSG00000188313,0.06989865382192213,0.22514459224144173
ENSG00000113810,0.053077220868643304,0.22610281958362147
ENSG00000213186,0.3357392498757951,0.5440528843261083
ENSG00000186432,0.6557813189414032,0.7159617078677263
ENSG00000179674,0.006429417199881179,0.00622274525105185
ENSG00000083937,0.010310573104546647,0.0313526276388273
ENSG00000114251,0.06594488471214541,0.09346196754951461
ENSG00000114767,0.2715376814744918,0.30239610580567045
ENSG00000243989,0.4465938907925394,0.3496748957166337
ENSG00000162244,0.6232235463618037,0.9774228707838175
ENSG00000164086,0.9436383879963958,0.4023962366899698
ENSG00000164087,0.043187046722455304,0.08400069640941561
ENSG00000023330,0.40562859352968916,0.5180137470665369
ENSG00000247596,0.3330606544443161,0.5465416086453625
ENSG00000164088,0.8083364735951768,0.5207654742477017
ENSG00000164091,0.30717973153650313,0.7843126565082515
ENSG00000168237,0.32785162536769497,0.19927407911737102
ENSG00000163930,0.9629872576527042,0.8377405923935781
ENSG00000163923,0.12781589934043017,0.08670367468061443
ENSG00000073849,0.054551038409595624,0.21912732712205998
ENSG00000070476,0.021824035625176017,0.09876655227601269
ENSG00000174004,0.6677358290971482,0.6086298315641334
ENSG00000180370,0.4053977862736261,0.5203005000034246
ENSG00000174007,0.921138689202757,0.7925881690677431
ENSG00000184432,0.06761291093134196,0.22028132386702517
ENSG00000172053,0.054550671522223995,0.18393943361342247
ENSG00000172037,0.8524656507542301,0.5097137045253386
ENSG00000177352,0.11854735524257629,0.16514196707849424
ENSG00000185909,0.7711600251843737,0.5768077512747107
ENSG00000240303,0.41106001512421453,0.7116242640276993
ENSG00000144713,0.4655436573517182,0.3266203582985772
ENSG00000082701,0.10485868025516518,0.19847481755074683
ENSG00000154917,0.926629590510665,0.993628661448411
ENSG00000188315,0.4216744649105576,0.6940252182269941
ENSG00000114316,0.06374656834093631,0.38126794892530114
ENSG00000145014,0.40114462013939567,0.4965941201920372
ENSG00000090097,0.5875160546114477,0.4211676775348405
ENSG00000114346,0.21432998500111003,0.3870052370908692
ENSG00000114127,0.055935570174750524,0.17264843224494258
ENSG00000121577,0.07900221389100034,0.00940466529579797
ENSG00000138495,0.3801606497209373,0.724246002210457
ENSG00000007402,0.012049062669474196,0.04094162409546952
ENSG00000177479,0.14307757566660076,0.34447311139792014
ENSG00000129055,0.9041108267517863,0.885467137217971
ENSG00000114019,0.21790925203333042,0.32489403240008286
ENSG00000114544,0.5042049874919522,0.5997503125969865
ENSG00000221955,0.05772298891839925,0.22533030413319174
ENSG00000198836,0.6574896048160936,0.5061482911771105
ENSG00000163320,0.025962204551949346,0.06285972261094165
ENSG00000175105,0.06154097343589112,0.21230160943227266
ENSG00000127241,0.43813274815589065,0.23488044382035367
ENSG00000174640,0.31486773303470617,0.5732591368375906
ENSG00000163687,0.016327960029762258,0.028805028130525955
ENSG00000163686,0.034789650703523335,0.09053046965631847
ENSG00000163684,0.06027727045085014,0.1325557928561065
ENSG00000168297,0.06722089316917185,0.29134111908885496
ENSG00000168291,0.5425008646399178,0.5460613869303714
ENSG00000136521,0.011431067822446305,0.06257540813331397
ENSG00000058056,0.028597803668757377,0.04719589259956077
ENSG00000196549,0.19529321606028463,0.34326659471990395
ENSG00000255154,0.02437036192793822,0.09421245840087761
ENSG00000113838,0.023717508278013562,0.08171723650185991
ENSG00000283149,0.5689900820231095,0.4326148927844824
ENSG00000067560,0.17292633370843188,0.4658918269465271
ENSG00000177646,0.4512213998714546,0.4630321013513883
ENSG00000172780,0.2893548624532673,0.6428204436698446
ENSG00000261796,0.11592552146075387,0.490224353835521
ENSG00000240682,0.024547863262630705,0.1226929673458722
ENSG00000172215,0.13311029505435923,0.6336836325263617
ENSG00000184500,0.2017259508234198,0.5144303228644965
ENSG00000178750,0.11561927170313925,0.29009440831930117
ENSG00000178700,0.3918411294690415,0.301355436625175
ENSG00000178694,0.022288336656937666,0.04516124833817909
ENSG00000169379,0.4253663292736716,0.3298267396564312
ENSG00000114812,0.2157681683208419,0.36440754804354814
ENSG00000093183,0.3080705753200153,0.6055942526455448
ENSG00000008324,0.7269748102782622,0.2791699858047213
ENSG00000181061,0.03033642789332456,0.0808775218566173
ENSG00000114853,0.476959028470909,0.16388194192985317
ENSG00000041880,0.11427244153052815,0.340894713918351
ENSG00000178917,0.0010009538348607235,0.02110544760788987
ENSG00000186448,0.08794583627951123,0.218791508998107
ENSG00000169981,0.17326987609586073,0.3699947520294773
ENSG00000131375,0.009358894439557416,0.050399652251544184
ENSG00000131370,0.7573195492326998,0.8115297593753283
ENSG00000206562,0.008455904797406334,0.02444031113277254
ENSG00000144597,0.03501439200839513,0.09233619160151121
ENSG00000131373,0.0006067551448914611,0.0022033496893425664
ENSG00000012171,0.801225125076423,0.36045279473237146
ENSG00000186792,0.36175094779835437,0.6260358558905822
ENSG00000243477,0.3084534082009941,0.19269247779918267
ENSG00000090520,0.1598234183557834,0.27899006750905997
ENSG00000154743,0.023898337495606162,0.010763228096056432
ENSG00000164050,0.01054843943754753,0.052193690701933505
ENSG00000164051,0.02689294273254252,0.06522540712268614
ENSG00000232112,0.7641035516605575,0.755370318800133
ENSG00000213689,0.2318769417880565,0.1812943738785821
ENSG00000114268,0.8426232964180507,0.36717266699711404
ENSG00000010256,0.15203923181207388,0.24089663314086485
ENSG00000225697,0.6676053542124405,0.9015675804413009
ENSG00000008300,0.08288378058356659,0.11166944180603204
ENSG00000213672,0.8212580769295565,0.5169764035728425
ENSG00000068745,0.3968033398573635,0.41969073079078456
ENSG00000114270,0.12657189708367747,0.1430824649941856
ENSG00000075975,0.12060273763124753,0.1733037551075396
ENSG00000172667,0.5631356032849242,0.4313540665696195
ENSG00000121879,0.11501695651842062,0.33324756378072307
ENSG00000241553,0.22986807506302726,0.11318823499578272
ENSG00000163964,0.7933222558594673,0.6000658877055143
ENSG00000197763,0.030885247501456235,0.08710059302700245
ENSG00000114779,0.7221164094455789,0.83024822289803
ENSG00000163918,0.17097972630561822,0.14530626507210537
ENSG00000180044,0.11432599907737047,0.019110762960247375
ENSG00000144852,0.012100534960046393,0.015384620543916042
ENSG00000010319,0.7939097108265302,0.30797884784975244
ENSG00000114854,0.42291336342111296,0.7063467809511673
ENSG00000010322,0.44041701866584193,0.9109888800294127
ENSG00000076201,0.06130203921404716,0.2921397454486712
ENSG00000163832,0.28835757955772706,0.245966854820456
ENSG00000174891,0.16093725150783467,0.16704563211063025
ENSG00000113971,0.9652864176082971,0.855520351290209
ENSG00000132153,0.19336584736901016,0.24124220278439415
ENSG00000164045,0.40391738767475927,0.3835675421203174
ENSG00000164048,0.03920642702029928,0.07871286676810191
ENSG00000172113,0.017922836018104692,0.029250179588902536
ENSG00000164053,0.13279544213559846,0.23137537247557025
ENSG00000114554,0.6332044579916023,0.8138511674755007
ENSG00000120756,0.021937978402508388,0.08974733734700421
ENSG00000081307,0.026436515210186327,0.09347750902660416
ENSG00000163719,0.13080345590909737,0.0528912927501711
ENSG00000156983,0.10171820810508858,0.2337419412268771
ENSG00000011376,0.0257491563879826,0.0600323774753179
ENSG00000144791,0.021270879365171802,0.09807898251579285
ENSG00000163823,0.7080853248636971,0.690109513386912
ENSG00000121797,0.004713100496171105,0.00820890203665547
ENSG00000012223,0.30727309228510896,0.47837895256918317
ENSG00000163827,0.41042623837699777,0.3675689900565342
ENSG00000163703,0.975912720354012,0.9148564242949099
ENSG00000132170,0.044323107434939855,0.06661473662688491
ENSG00000272886,0.005156939940620304,0.04363726664259864
ENSG00000016391,0.4085770359502222,0.8354381153629782
ENSG00000056736,0.568380083163843,0.932935644767227
ENSG00000113812,0.011418293515764427,0.06472220402651904
ENSG00000144554,0.01893273515386739,0.08422061076596306
ENSG00000114491,0.06937349900618223,0.11303584878979739
ENSG00000082781,0.2275770168491708,0.5636997940474324
ENSG00000173702,0.43518396454558417,0.6123760807159793
ENSG00000136068,0.2662236021823206,0.5395231789358983
ENSG00000160145,0.04929219889331097,0.13211679312081026
ENSG00000051341,0.14664639967914136,0.16502385328290864
ENSG00000134077,0.0196935490516465,0.07294826093537246
ENSG00000068028,0.7541403957208994,0.6791428542095014
ENSG00000214706,0.7086707737062956,0.5919657175124651
ENSG00000152601,0.350672722701597,0.5119972482089564
ENSG00000163515,0.00018123518590320686,0.0020653319830277843
ENSG00000225526,0.05938803283653977,0.099550057234586
ENSG00000171148,0.049550007324917544,0.11868871676327541
ENSG00000150995,0.8038181682214193,0.7845405011430945
ENSG00000154928,0.43291367293922745,0.24141684920223616
ENSG00000145012,0.4157531664808576,0.20816417243512048
ENSG00000114654,0.15601457399345792,0.23709101412850922
ENSG00000145041,0.022003380920365332,0.11367753747670623
ENSG00000144857,0.25591190217580234,0.07241176237828525
ENSG00000177311,0.028554499948444736,0.13109062018782278
ENSG00000164080,0.5425566318229414,0.8381272058743559
ENSG00000163946,0.011018084882506654,0.06972870308415155
ENSG00000131389,0.21628168054632096,0.496241793491357
ENSG00000206560,0.0047741217736163915,0.021325634084076162
ENSG00000163539,0.020215701531669582,0.06509481500769053
ENSG00000168386,0.5466420465781117,0.22799392050613534
ENSG00000181789,0.6276679214213597,0.7513627891003074
ENSG00000183624,0.4744187478894707,0.4667467357700936
ENSG00000129071,0.22976428118959744,0.3787234859953572
ENSG00000004399,0.7646958568605551,0.5580459505214788
ENSG00000182923,0.22190074862444983,0.5038223163714832
ENSG00000088727,0.059494695266311896,0.03375668353995475
ENSG00000174946,0.28061684978622303,0.5822461493139879
ENSG00000174944,0.1480975494293794,0.48859397374117564
ENSG00000181631,0.6668491021777914,0.7966846685395523
ENSG00000160799,0.5176559288045166,0.8541045697435019
ENSG00000179152,0.1818566551273557,0.143257064531269
ENSG00000136527,0.3179836786228422,0.22650697779755033
ENSG00000118849,0.5995300895685969,0.5696476115645059
ENSG00000118855,0.08235493407532585,0.3380468939234166
ENSG00000114861,0.47403569220490505,0.7650529570563234
ENSG00000175110,0.1401568304002509,0.13904804542021984
ENSG00000144895,0.016719494709666178,0.07150541766406442
ENSG00000136059,0.00915990167151503,0.020000734639097607
ENSG00000114686,0.05310878493016242,0.0892215991576289
ENSG00000073111,0.08693295057793521,0.1289990587286256
ENSG00000114631,0.9218365147139849,0.7806158227359257
ENSG00000114626,0.8625153933010896,0.996924675222884
ENSG00000074416,0.16932847072886756,0.40184391082840587
ENSG00000180353,0.30164179360297916,0.9375347066467201
ENSG00000173226,0.01326271628514288,0.027772368369255077
ENSG00000145088,0.07544270424835056,0.12985238656790568
ENSG00000065534,0.41101005727901385,0.12758014890279448
ENSG00000091527,0.10643039360490363,0.31515194665088414
ENSG00000163781,0.08599891455867903,0.16153286726845237
ENSG00000169855,0.19293421219055004,0.301953942403247
ENSG00000185219,0.025341113437203803,0.09579623571334485
ENSG00000114857,0.20444394492941345,0.21542545797313578
ENSG00000198843,0.18892406875995485,0.41609472867320063
ENSG00000155903,0.10337576461223667,0.3019258709424745
ENSG00000075651,0.33360488811057615,0.7283655591430883
ENSG00000113811,0.4822149378353576,0.48726279865099387
ENSG00000114650,0.6840039766944327,0.7364980693304031
ENSG00000164054,0.11634463976428121,0.3741833683176228
ENSG00000154781,0.08489804389318838,0.18691956877389332
ENSG00000010318,0.43355645604109005,0.9151273737188884
ENSG00000178252,0.5455322946932579,0.6263966531814641
ENSG00000163931,0.05674548647759263,0.0732091002352413
ENSG00000248487,0.26391359680582915,0.42408904033491357
ENSG00000180767,0.9346774347532908,0.35000150094564986
ENSG00000163507,0.20657078483526858,0.31034196281993176
ENSG00000113851,0.0064244706987022495,0.019724814985459613
ENSG00000144843,0.5458611807558372,0.8269266667110876
ENSG00000163882,0.8361232545194628,0.7646087672729655
ENSG00000182973,0.002849191652088292,0.020431915524844805
ENSG00000173531,0.7945216001061197,0.5739478995797067
ENSG00000144741,0.02820562738230042,0.07773201459627066
ENSG00000181555,0.00280991123389368,0.024236456888928917
ENSG00000161204,0.13908059737689862,0.35784744930675194
ENSG00000168137,0.09634493952029864,0.21221211319936606
ENSG00000114770,0.08191202350606137,0.0920803190098206
ENSG00000161202,0.5104349199152756,0.4765412928724405
ENSG00000161203,0.3546326290355034,0.6999145199594983
ENSG00000184378,0.047601578438476774,0.14521654540157386
ENSG00000085274,0.046799725696005344,0.17495899546391822
ENSG00000114248,0.0018374005091307693,0.015489191235234534
ENSG00000008952,0.08314561226468656,0.32867872615362087
ENSG00000173890,0.0026371512273719432,0.010280648180172288
ENSG00000164081,0.35237889434361513,0.4796926709498228
ENSG00000114503,0.9037476574827881,0.866945000998947
ENSG00000270170,0.37517139548986866,0.18411537650179052
ENSG00000119227,0.28470856434575637,0.23130045856313303
ENSG00000196428,0.3865084632412312,0.40905019039749946
ENSG00000182983,0.5700229918574365,0.26891856903615674
ENSG00000163788,0.14753416067302383,0.3609710919113257
ENSG00000196639,0.030985661601659935,0.10972924559076334
ENSG00000197548,0.0125925515815505,0.05640886261003536
ENSG00000144560,0.6174811143064978,0.9871092669725685
ENSG00000077092,0.6611948877851686,0.8863964267825813
ENSG00000174173,0.022826316578221133,0.032103148561072714
ENSG00000133657,0.3132256900020626,0.3800857820324749
ENSG00000185614,0.2632265326106079,0.1658653972363048
ENSG00000182179,0.05256816821868987,0.292704256410351
ENSG00000183763,0.3305658575040973,0.3595525516159459
ENSG00000164078,0.6036774232725929,0.8803842618248969
ENSG00000164077,0.3171584222630069,0.5580008482916965
ENSG00000004534,0.8351498320717203,0.8305991213707014
ENSG00000003756,0.26601890628684766,0.862791228611235
ENSG00000114013,0.683902286867627,0.7052674432254094
ENSG00000121552,0.373693558438564,0.9598869084665895
ENSG00000160124,0.5605898770182131,0.30900295502299613
ENSG00000114023,0.7156219990427299,0.36142793706667753
ENSG00000196981,0.06948520765320636,0.029580963679945935
ENSG00000114030,0.14394883658118562,0.2003721513506699
ENSG00000138496,0.6582793328256116,0.9255409113224046
ENSG00000163840,0.15680215531745698,0.5027058397212388
ENSG00000173200,0.15535686148750316,0.26865116115345533
ENSG00000125037,0.0560331755253618,0.13385645590649722
ENSG00000144867,0.18777183719363427,0.2365936346773959
ENSG00000057019,0.7443651400942644,0.5969588590278678
ENSG00000163820,0.6173251768581844,0.8223242552716297
ENSG00000158234,0.4922479652362919,0.4957217091885514
ENSG00000151276,0.020678909374538482,0.1447482066824582
ENSG00000144559,0.05779761085014837,0.07995665890696206
ENSG00000033867,0.04434308955424117,0.07931043525627654
ENSG00000163689,0.8900121058222557,0.35610966175013237
ENSG00000114656,0.5847261313599718,0.4665684334706559
ENSG00000160791,0.5420704012386315,0.6697771986610084
ENSG00000170364,0.004481254421758659,0.02066101093401695
ENSG00000145022,0.5318703652624538,0.407697596912725
ENSG00000070087,0.2749540471818495,0.3602748779477114
ENSG00000171121,0.08664823703208234,0.41493809518310076
ENSG00000196542,0.49156221185646376,0.5814787455883857
ENSG00000156990,0.435376407481855,0.11703200199012076
ENSG00000177463,0.010982998345627628,0.05901254613250284
ENSG00000132182,0.9168383754096623,0.8826233721744954
ENSG00000163517,0.07670172405856726,0.13541924952233378
ENSG00000163520,0.9924138624752943,0.5871469614510016
ENSG00000114473,0.130372432553284,0.15842918990662672
ENSG00000182899,0.832542353580257,0.6498923139054051
ENSG00000185621,0.5350348147223685,0.47788996770280023
ENSG00000114745,0.24554748545041322,0.31490519584880167
ENSG00000119231,0.443074205824901,0.6773590338333759
ENSG00000163975,0.0018152198625634934,0.008126372264352675
ENSG00000075711,0.045532520381932895,0.13495742787079126
ENSG00000131374,0.02372237078946343,0.08191995797270085
ENSG00000134086,0.03154007973168798,0.0422821926661504
ENSG00000157036,0.16647811652867125,0.2742682029739776
ENSG00000179348,0.11553726843182574,0.587936599527241
ENSG00000163702,0.03345206640923577,0.09711592754945945
ENSG00000173402,0.4205067538444778,0.7956339918507437
ENSG00000163933,0.03975735238788789,0.09853471459723953
ENSG00000163932,0.12281968315227837,0.35359759700619264
ENSG00000144659,0.007531495990501732,0.024456139036324407
ENSG00000144655,0.4513558168233024,0.6504998500223242
ENSG00000131386,0.5634482882973063,0.6241235310253275
ENSG00000154813,0.1581069156467803,0.24849578132164876
ENSG00000154814,0.007534255233354776,0.02733385880568753
ENSG00000114120,0.17486561610556411,0.24159333353670992
ENSG00000163913,0.022730244466723653,0.1341027563851031
ENSG00000188846,0.10757582406235329,0.1426234857731168
ENSG00000177873,0.02835201513754684,0.1401972127251105
ENSG00000177842,0.003572329093366738,0.007524111629490064
ENSG00000172888,0.05606008543459125,0.08951536671447649
ENSG00000168036,0.025486179854100136,0.09281818950556545
ENSG00000168038,0.015315348792191898,0.01406906622891919
ENSG00000182606,0.16180005235141076,0.24293591742502696
ENSG00000080200,0.06405110419769389,0.21724056151415352
ENSG00000170854,0.03287015181941804,0.07289503454666367
ENSG00000163527,0.026950230512605113,0.05481807871035801
ENSG00000144645,0.37622494383043004,0.7930124847837201
ENSG00000152642,0.013058042076586394,0.052626298765708
ENSG00000163607,0.04137447515594764,0.12214295876320533
ENSG00000163608,0.09664934335929987,0.28058484945267403
ENSG00000184307,0.0015306433476763375,0.018696947419067904
ENSG00000163617,0.006300935204743389,0.006211430211177544
ENSG00000151576,0.026864597717340993,0.09335549541022369
ENSG00000172765,0.850637522761051,0.9367828522587783
ENSG00000168028,0.1078956698964968,0.059218420546145074
ENSG00000061938,0.8154570108617872,0.6767878854383864
ENSG00000072274,0.059405113193315935,0.07832367024475999
ENSG00000178053,0.7745148783359134,0.68155113410334
ENSG00000168827,0.3921159075723959,0.436132839509519
ENSG00000079257,0.19504674337912897,0.3853227377306857
ENSG00000072756,0.07625659349713228,0.15741240943272128
ENSG00000169814,0.0018714913148449247,0.010289238716667998
ENSG00000131381,0.007370742148040305,0.07423943753268467
ENSG00000163728,0.02017646701982817,0.02332002402646021
ENSG00000284862,0.01765409866719124,0.012965852203372732
ENSG00000205981,0.33815285540345863,0.18369253837661534
ENSG00000114416,0.9679369891580002,0.7112179674490066
ENSG00000114455,0.031665557048803826,0.026225925330329674
ENSG00000066405,0.24438621717619086,0.06567438045554401
ENSG00000138231,0.09078304834166533,0.2030580489719555
ENSG00000114098,0.1451249612728434,0.28081760942388895
ENSG00000071282,0.8309279324713867,0.3805662678733085
ENSG00000125046,0.04240607388919529,0.01860089865242113
ENSG00000077097,0.009088769831337709,0.06949121666334934
ENSG00000172936,0.4724154008508734,0.6635398470536709
ENSG00000173230,0.03065254254581405,0.15417429799329763
ENSG00000163818,0.0089506013430959,0.02368495754403189
ENSG00000157014,0.009088911735234288,0.03531876932695525
ENSG00000058262,0.08926307320734304,0.3124851096322089
ENSG00000132155,0.13577529646360445,0.28380105483599105
ENSG00000121542,0.02092945822221917,0.10862071266255326
ENSG00000173175,0.2312622026899027,0.15873032251552477
ENSG00000090539,0.6043327055223054,0.2041648566130405
ENSG00000182568,0.7182002029905045,0.9835007154703084
ENSG00000163848,0.032021248073164886,0.13722992734652972
ENSG00000173950,0.6094804815624776,0.8472685413004417
ENSG00000114331,0.09936998504974232,0.24375835612459718
ENSG00000184203,0.6664353063947785,0.4839229762139403
ENSG00000189058,0.07154765665479897,0.027355652472481666
ENSG00000113966,0.038289821523101175,0.12930960601776822
ENSG00000157388,0.009893019165646916,0.04419390599969309
ENSG00000073711,0.9909829927884541,0.796955070608539
ENSG00000114054,0.31284777782614775,0.25399364939805613
ENSG00000174579,0.027714833076987837,0.16993479318804422
ENSG00000163817,0.24801189765520054,0.35654647113401206
ENSG00000131368,0.09214398090184404,0.1140566688679766
ENSG00000173706,0.5842229999122941,0.7574641875976019
ENSG00000283154,0.4507592785862685,0.16043091612998306
ENSG00000163938,0.021939518226398523,0.0684501740214383
ENSG00000016864,0.08534936737245527,0.35045757160345237
ENSG00000114902,0.09005296470111986,0.233991238022567
ENSG00000114904,0.023299454085588818,0.1075826483182776
ENSG00000272573,0.07472606101382381,0.11271245851238348
ENSG00000213533,0.8237582265639589,0.6257366907071109
ENSG00000214021,0.16933143687020977,0.030736485116905375
ENSG00000176542,0.7314760063510797,0.7674001664673142
ENSG00000121579,0.031600228035228356,0.09747696194214929
ENSG00000178075,0.6100625498467,0.5415309544713698
ENSG00000178035,0.016272055891396096,0.06394351271196888
ENSG00000198218,0.014989403198597926,0.1002716827342173
ENSG00000240747,0.7502847791351221,0.9239046961085526
ENSG00000066422,0.019959386906971438,0.1102476351473323
ENSG00000181722,0.9251854439301659,0.6577281040123938
ENSG00000233276,0.6133351777784988,0.6806653302274384
ENSG00000177565,0.026920997220994183,0.12389029518375204
ENSG00000176945,0.7728342469001823,0.924131069406338
ENSG00000145113,0.289151597651725,0.47373045166319905
ENSG00000114115,0.12531397122447938,0.0473821371117381
ENSG00000163864,0.2849830494983825,0.17755006526726022
ENSG00000184897,0.5573057509217944,0.7390042394195948
ENSG00000172046,0.09861510303410989,0.3324989958259724
ENSG00000187098,0.3062352699039515,0.08464855210372796
ENSG00000014257,0.5952249607104605,0.8489833414152969
ENSG00000144802,0.03119954519317858,0.11072248321705765
ENSG00000188338,0.7759453149786366,0.6926118898523626
ENSG00000114391,0.8716473326641698,0.6495275118229462
ENSG00000144815,0.5237071049171166,0.7298293990546434
ENSG00000047849,0.6002469664747412,0.9353739950484885
ENSG00000174840,0.05729877785842097,0.1355671515321549
ENSG00000168374,0.08988555358775685,0.2692546040769188
ENSG00000174839,0.05056187173224113,0.14215713527284438
ENSG00000196653,0.08668402680953763,0.14961246262284833
ENSG00000163807,0.024673343920949258,0.09136015043325521
ENSG00000163808,0.00424878160407251,0.037983604552575774
ENSG00000169964,0.34115766686800064,0.2233679547951017
ENSG00000075914,0.15018822407462662,0.20554836322785128
ENSG00000163815,0.8992499627955889,0.4390051593708324
ENSG00000185008,0.024747752257172535,0.06615795659016682
ENSG00000163812,0.060771576899600166,0.18253721639915213
ENSG00000182504,0.1365865994289475,0.34758777011103237
ENSG00000114439,0.10024025251350568,0.2911504751930433
ENSG00000196776,0.5898011323894765,0.7073399015323723
ENSG00000144674,0.058125298640483464,0.16498045339750386
ENSG00000114302,0.0105066140782302,0.07378498306080347
ENSG00000152952,0.9659910919555049,0.6507000409456476
ENSG00000211456,0.02354941880164417,0.10756776283300047
ENSG00000114573,0.6047863170130605,0.8887522789315415
ENSG00000163681,0.4254251645393702,0.8305595398614491
ENSG00000144647,0.036393693305612776,0.11574701147091382
ENSG00000196083,0.5419308674982773,0.8583320921960416
ENSG00000114784,0.10584126785222114,0.2780817713475797
ENSG00000153767,0.06943414259503632,0.21210206265571127
ENSG00000163558,0.01667495407372911,0.08690137470134988
ENSG00000136603,0.15884054196138297,0.2257872677380422
ENSG00000010327,0.8724887915132904,0.35342415952821415
ENSG00000168268,0.8633113562742819,0.6677023992391389
ENSG00000168273,0.4591865903440253,0.5176462904783218
ENSG00000163939,0.04116964979650185,0.16041613957521236
ENSG00000114026,0.019307208933083096,0.03276492695983648
ENSG00000122068,0.08314651450235354,0.22277769514130422
ENSG00000145016,0.3449142433077518,0.8562278525188924
ENSG00000058063,0.03588436112664094,0.1883380104028583
ENSG00000043093,0.050504877102543144,0.15300512638688107
ENSG00000078070,0.031021754073179187,0.11044819702196268
ENSG00000078081,0.1619752628898336,0.40373920754605863
ENSG00000144711,0.1561291971222653,0.4527082689563645
ENSG00000154175,0.8027900059617596,0.766893429397498
ENSG00000198888,0.33772565929520937,0.4997223292140809
ENSG00000198763,0.1704485670482389,0.21128270607567687
ENSG00000198804,0.9959867377717464,0.9027582865650141
ENSG00000198712,0.25955208827905507,0.25387738142589705
ENSG00000228253,0.29428009684575035,0.2668396666198683
ENSG00000198899,0.11168485820225753,0.13859192520276495
ENSG00000198938,0.21984880720126737,0.3723624189543311
ENSG00000198840,0.10139373517823287,0.18076537324255304
ENSG00000212907,0.5668282588519218,0.6357218935778481
ENSG00000198886,0.17776060714689,0.22614988402218691
ENSG00000198786,0.8006963800135971,0.7184306769952014
ENSG00000198695,0.6887064069856585,0.6338589755699822
ENSG00000198727,0.38016213222302897,0.46805577509684715
