Gene,cox_p_staged_patients,cox_p_stage_strata
ENSG00000114374,0.14652584872669114,0.22627954765051775
ENSG00000198692,0.18057097393175364,0.2606892289986184
ENSG00000012817,0.2522615784963564,0.290569360043257
ENSG00000205916,0.9948374771522008,0.9197262552970973
ENSG00000129824,0.12363523815990017,0.1960736668392009
ENSG00000067646,0.2857057672791625,0.3777358656111235
ENSG00000067048,0.1546086082180946,0.1759834299095413
ENSG00000183878,0.2330208263574616,0.21253001772913083
ENSG00000205944,0.988193534608197,0.7999670530166114
ENSG00000165246,0.0736040963272862,0.058342380728771605
ENSG00000233803,0.4605961646514132,0.6883749703658815
ENSG00000238074,0.4573381746447637,0.6797272335886495
ENSG00000171873,0.0773509727208142,0.014179945619292138
ENSG00000101282,0.24842104884243404,0.43173996987206775
ENSG00000089012,0.5136517480160485,0.4257096266553101
ENSG00000171984,0.8450364039465256,0.4525577390873178
ENSG00000125827,0.7100013468609816,0.8810962947272468
ENSG00000149346,0.30627190734810983,0.3848501326452337
ENSG00000125820,0.21757748646172714,0.1886428836026372
ENSG00000125845,0.6330323796227324,0.6077324104282227
ENSG00000125898,0.41564786588127145,0.5470104262032733
ENSG00000173404,0.45996068436055915,0.38389652525859785
ENSG00000132640,0.20848691701030944,0.20484909602319132
ENSG00000089063,0.8172749824828731,0.6288496893491614
ENSG00000088876,0.31106109120780573,0.28263224509841833
ENSG00000101230,0.018793918651163772,0.035188070370215666
ENSG00000284776,0.6362897256567497,0.5729122939673421
ENSG00000101463,0.0721730086629943,0.09429522548359498
ENSG00000088930,0.8376185418042188,0.9069707386470278
ENSG00000125870,0.4353750503383943,0.38086162976557314
ENSG00000077984,0.3110217361797719,0.32021676379226655
ENSG00000101474,0.7561584985734257,0.8923260154615071
ENSG00000125864,0.687175143681023,0.4768545603706751
ENSG00000170369,0.003519857423075277,0.0070511237142463195
ENSG00000125868,0.6216574911079223,0.42499462974980795
ENSG00000125834,0.7517267148861619,0.6609467288109498
ENSG00000198646,0.7353560395293008,0.8623895510804741
ENSG00000172296,0.31851794799039385,0.32834327214941134
ENSG00000131069,0.9591776424450755,0.9133882452863249
ENSG00000078804,0.207095615665147,0.13491118381154862
ENSG00000101384,0.7329224420671152,0.9656452276093014
ENSG00000089057,0.8043790873509252,0.6521160242215644
ENSG00000089123,0.3401838049234897,0.3128862996661566
ENSG00000132792,0.4166520027309061,0.5690798446387391
ENSG00000149639,0.20524027907458423,0.15267132655391902
ENSG00000101445,0.600314808682862,0.4982757655488964
ENSG00000149633,0.10409015011037827,0.11212469293582787
ENSG00000101452,0.3765986224018112,0.5624127360652527
ENSG00000124191,0.15613333981431932,0.23848267076172333
ENSG00000064655,0.7680048623313954,0.9021282639725078
ENSG00000180083,0.4044811267520527,0.36187512220452756
ENSG00000062598,0.8737880834644012,0.7343403433618527
ENSG00000198959,0.08515129527128266,0.1933571031435948
ENSG00000042062,0.601628532649923,0.7233960893795865
ENSG00000158480,0.987080528902393,0.9809669993013709
ENSG00000101447,0.2536455222441506,0.2259248162372666
ENSG00000197496,0.0970660243158589,0.15332451935349833
ENSG00000158445,0.06821682769429244,0.03700896661378667
ENSG00000124249,0.6729498174325013,0.474031831852496
ENSG00000124226,0.7894035420058304,0.931807015580665
ENSG00000080189,0.8290327604494705,0.8796067216229888
ENSG00000088298,0.50789426411432,0.5027848141139981
ENSG00000124151,0.724884834662256,0.9839924837492405
ENSG00000124126,0.4645427521233917,0.7404224171533518
ENSG00000124212,0.09426376073046464,0.11698126602956056
ENSG00000182621,0.8561208197883068,0.9238811579687879
ENSG00000054793,0.7247803656280611,0.8100043657476743
ENSG00000125970,0.8846343124967375,0.6949186313972324
ENSG00000124216,0.04795773010628538,0.05234866030572976
ENSG00000101194,0.08855845919599349,0.22736989260130472
ENSG00000132825,0.10818110261776075,0.06095122232326601
ENSG00000101132,0.283586441536605,0.15560006755700903
ENSG00000101182,0.2509744226851615,0.4698260450489914
ENSG00000197586,0.1897825499157466,0.20210800807168564
ENSG00000130701,0.6187578464236838,0.6250437838200209
ENSG00000101439,0.1599667649916962,0.17238169827068736
ENSG00000101193,0.6042137651782765,0.7423305003969523
ENSG00000124225,0.1809446601763099,0.29636257070223576
ENSG00000101365,0.6320186566432391,0.61758913541257
ENSG00000124164,0.9898760986663873,0.8546373000346423
ENSG00000182463,0.3521654573092281,0.43347005625150414
ENSG00000132821,0.008019429920091423,0.022037920984939736
ENSG00000125977,0.8610249068104857,0.9687433191194583
ENSG00000203883,0.24871970951516462,0.21405923663925489
ENSG00000154930,0.4029620142085303,0.4481704143815335
ENSG00000101134,0.020257679205687173,0.02199846152950658
ENSG00000158470,0.9106519544589492,0.7189523672692835
ENSG00000020256,0.535279374654023,0.4478848249308516
ENSG00000101115,0.4963680543571244,0.6325349391932464
ENSG00000101144,0.5360232252768544,0.6538673443817917
ENSG00000101407,0.7307092213713242,0.9621653016662127
ENSG00000101079,0.6877730741922083,0.6936755146670553
ENSG00000171858,0.37091307951602226,0.5480038294241854
ENSG00000087510,0.9852713284108321,0.9834434060807244
ENSG00000184402,0.713803990474063,0.827776372081245
ENSG00000101361,0.5445744306900866,0.4014143840329747
ENSG00000101096,0.5542330182553608,0.8509530607351947
ENSG00000196074,0.40027572466521266,0.27171217953640564
ENSG00000130702,0.7323283300173979,0.4747389553697494
ENSG00000149657,0.9294341164815216,0.8077021868444205
ENSG00000087495,0.7242393299864816,0.9273881329742176
ENSG00000171703,0.07642367632858595,0.057624150953736936
ENSG00000130700,0.45894765001052606,0.697516550680537
ENSG00000129988,0.018717677112627853,0.0465782638539024
ENSG00000196227,0.3952083170841515,0.3768952122581275
ENSG00000080839,0.45530665919277347,0.32596067047964167
ENSG00000124209,0.3582613420337918,0.62486971106147
ENSG00000124205,0.525255864416232,0.6508883645361776
ENSG00000101413,0.40508076372670854,0.2585103296636388
ENSG00000130706,0.9909197283715111,0.9481518333590235
ENSG00000025293,0.8355571385807121,0.6601701648824199
ENSG00000131067,0.4026066224230105,0.25575031816464455
ENSG00000124145,0.30992532855701327,0.3111559162527427
ENSG00000204070,0.6179816541315754,0.6328036874176673
ENSG00000124222,0.9813341552094264,0.7501035265595252
ENSG00000215440,0.7859763211359606,0.5207245919847535
ENSG00000101158,0.9683817809167501,0.9327355385704473
ENSG00000124172,0.10589316461813382,0.17926930305792885
ENSG00000101166,0.8224809222073551,0.6011916459796239
ENSG00000244462,0.9934488233789162,0.7541844892504367
ENSG00000197296,0.8490875038385894,0.6474064904364545
ENSG00000124120,0.5984055075370384,0.5561450882881303
ENSG00000132824,0.3984337303414449,0.5963561630165015
ENSG00000168734,0.06316130796499826,0.043047495560907464
ENSG00000101342,0.5980886085438405,0.8146520057582332
ENSG00000132823,0.6107544164549291,0.8151348298238786
ENSG00000149596,0.258430932807549,0.1891408719661226
ENSG00000124193,0.5118147482150179,0.43574055672941037
ENSG00000101052,0.5320011744314928,0.6871624793258246
ENSG00000101057,0.947864703309396,0.846378422017951
ENSG00000101307,0.1349736475520854,0.17409213067286022
ENSG00000271303,0.5720903197159457,0.41121892474275124
ENSG00000125821,0.5906422348560418,0.6970885379477895
ENSG00000130703,0.7418625851707665,0.6380327309662772
ENSG00000101074,0.3400585609633867,0.35136960738521994
ENSG00000101098,0.15738493184363897,0.1481766832867335
ENSG00000149658,0.8830826383874355,0.6641282948713655
ENSG00000101197,0.007464818018699498,0.009331843903640235
ENSG00000101198,0.02310958276151942,0.05101824952392418
ENSG00000101199,0.9286378313623445,0.5483542092382381
ENSG00000125863,0.196348433869734,0.2093420643559455
ENSG00000285508,0.4060016012547306,0.2828898451891377
ENSG00000285723,0.07722101863370798,0.08812125882291814
ENSG00000125534,0.40850062998006953,0.36502501228620543
ENSG00000101213,0.37064894739452425,0.2507036813181669
ENSG00000125531,0.5908097789933398,0.4031762073782418
ENSG00000088356,0.8012588180762202,0.7702543367084629
ENSG00000101331,0.08126486393527778,0.07475348056872173
ENSG00000126003,0.6013403424919778,0.7049687186826252
ENSG00000101367,0.5268456267942769,0.5953828120966834
ENSG00000101000,0.051377013119621985,0.07431813217496482
ENSG00000126005,0.1371397481618387,0.01948374103601709
ENSG00000125966,0.3142084979866915,0.27904304496498117
ENSG00000198053,0.6653301948370081,0.7728571017038961
ENSG00000149636,0.9297304605317955,0.8898181411491374
ENSG00000130584,0.8818712256931248,0.9497819322288633
ENSG00000197818,0.7397587869959068,0.5462364913340241
ENSG00000101335,0.058023285963506116,0.03157100234906529
ENSG00000118707,0.7440984586742425,0.9722072771086033
ENSG00000259399,0.8752151194550426,0.7096298960128726
ENSG00000101082,0.5504742692697424,0.45895742832825803
ENSG00000125901,0.9760280959563389,0.8495219825377521
ENSG00000101405,0.20822326486218387,0.438904538316507
ENSG00000185019,0.8352009265187242,0.9742805710688052
ENSG00000198171,0.134373788041411,0.15163420328863947
ENSG00000125877,0.5624778090863343,0.7000537743937015
ENSG00000125968,0.05188000814732903,0.07616311529997281
ENSG00000131055,0.13982413881459876,0.1362378898643176
ENSG00000088325,0.8318299269739934,0.6436273663409577
ENSG00000179772,0.012208378328623287,0.018317552700144166
ENSG00000171552,0.5842668387904639,0.5459973017706309
ENSG00000088970,0.21499378138534048,0.3933317828011007
ENSG00000125850,0.10633999963289219,0.19227938327130967
ENSG00000125871,0.35485439025719756,0.40904332466535875
ENSG00000232838,0.8149262897266503,0.7612344262790804
ENSG00000125869,0.0018965289335271967,0.00268938880790334
ENSG00000125818,0.6213922441943873,0.6545062461857691
ENSG00000101298,0.20877474713284336,0.13337021286446576
ENSG00000125775,0.9949607549117917,0.9117824028686414
ENSG00000196209,0.23936091408030727,0.33519964907392863
ENSG00000124104,0.917809799947252,0.635698398727699
ENSG00000132801,0.568635968027031,0.5421777096786349
ENSG00000100979,0.007454316188146659,0.009512750866538019
ENSG00000100982,0.9183598117122843,0.8257666778088009
ENSG00000198026,0.7988084577715302,0.7373837820969276
ENSG00000100985,0.8089669396620345,0.9037426541889776
ENSG00000088832,0.17951107242494993,0.10298707582373931
ENSG00000088836,0.22163727815388906,0.1465984339629897
ENSG00000125967,0.5046119891226187,0.8745181815649775
ENSG00000101412,0.2864701124341668,0.3250445502353877
ENSG00000101417,0.768109716554451,0.49903743985773497
ENSG00000101421,0.7860465265472204,0.45416497927642674
ENSG00000242372,0.41861160878029535,0.33313773262143775
ENSG00000132646,0.20603958162148875,0.18305226279252754
ENSG00000101290,0.9657903432383328,0.970566169042259
ENSG00000089006,0.6052047858012155,0.5425836416907563
ENSG00000149600,0.2752675624974052,0.28024111453064465
ENSG00000101160,0.26475530160908556,0.4882215063211117
ENSG00000198900,0.8037664950948757,0.6267335035163131
ENSG00000171867,0.1380981597649038,0.14908173762062757
ENSG00000101265,0.1675000908890519,0.312393746926431
ENSG00000244005,0.39840249042299636,0.4030076148915447
ENSG00000125995,0.101932836634554,0.12592245019562737
ENSG00000131051,0.5074630142192276,0.5635226174909291
ENSG00000214078,0.3759826657812383,0.3586374681525417
ENSG00000185052,0.07240595031211661,0.10088614326817198
ENSG00000204103,0.5030562312702991,0.6501052995920202
ENSG00000132793,0.539318456290633,0.5768726723649894
ENSG00000124177,0.3643016321335737,0.4952199526087232
ENSG00000124107,0.7605417580699202,0.40087175735188674
ENSG00000101443,0.25013163845145997,0.4753835045129846
ENSG00000101448,0.23646554247259288,0.1825893220883156
ENSG00000101457,0.7132216433146518,0.8324082039782134
ENSG00000175063,0.8786068576365522,0.7258503747313527
ENSG00000101470,0.08071721082806735,0.10169173250692135
ENSG00000168612,0.40470775632342026,0.30811447907828643
ENSG00000124207,0.8592847895774667,0.8615461003286776
ENSG00000124214,0.8675788641142255,0.8526347124347882
ENSG00000101187,0.03810337354645336,0.03856570518612581
ENSG00000101188,0.9337991864048852,0.7458351962537735
ENSG00000101189,0.9647561501326611,0.8726562060366297
ENSG00000060491,0.4244234473085816,0.46142209705580417
ENSG00000092758,0.26645890766612385,0.3230472129165192
ENSG00000101190,0.7758825909864951,0.8254519133489248
ENSG00000101191,0.7487268223093984,0.7423559600134415
ENSG00000132622,0.045638246331860345,0.0674470673844251
ENSG00000101220,0.9314468242823754,0.8433751493528511
ENSG00000125817,0.8738825180398164,0.9172712847633906
ENSG00000125843,0.9351617933395364,0.7952243380159769
ENSG00000088888,0.2936206711930758,0.3076283190323805
ENSG00000088367,0.49355041339571826,0.4525816602811631
ENSG00000131043,0.8071664619880253,0.7530657639517242
ENSG00000196476,0.9322671892870443,0.8695604985667473
ENSG00000247315,0.8138819417075795,0.9070837722329183
ENSG00000125841,0.0918042202892695,0.04274679492700346
ENSG00000125875,0.7919922952821667,0.6842095689822815
ENSG00000101266,0.6805943667277745,0.6833504859981419
ENSG00000101276,0.0013703104015124817,0.001472883433115213
ENSG00000124198,0.7029922500376034,0.42851117858040355
ENSG00000124098,0.2915687398597054,0.32369795803856316
ENSG00000087586,0.9386768314145808,0.574381306142556
ENSG00000101138,0.5108532413090563,0.32488469946999027
ENSG00000022277,0.9343865010729296,0.9729474786537716
ENSG00000087589,0.8845080939114146,0.980566336461554
ENSG00000101247,0.39634995250066163,0.3591564101412469
ENSG00000124201,0.7932051989544211,0.5049815836950469
ENSG00000124171,0.3418865819319241,0.2197939318224401
ENSG00000124217,0.9467511424889601,0.8029620771936525
ENSG00000173418,0.6753678488294705,0.6290173443371652
ENSG00000101343,0.8935559788737937,0.6835992932324311
ENSG00000132669,0.9544597970551089,0.8826594661171308
ENSG00000101236,0.634720885881475,0.49831492146721734
ENSG00000088833,0.44628564710535057,0.2820412557998735
ENSG00000171222,0.8599660073368061,0.6367398961195951
ENSG00000101336,0.4738673443758935,0.5885996857131853
ENSG00000124228,0.6387991282715295,0.73015518954531
ENSG00000101181,0.8103830444549776,0.9549925999378355
ENSG00000101224,0.6610129005571326,0.5146296853707444
ENSG00000177732,0.5006144224747643,0.3356320440682432
ENSG00000170373,0.3232747707655011,0.3966783439759426
ENSG00000101441,0.8141869457200326,0.9022629697226452
ENSG00000171940,0.32386520004464014,0.40156299264977136
ENSG00000088854,0.07673352699586833,0.08800876092500441
ENSG00000124257,0.6639726900265652,0.7245155693322667
ENSG00000125779,0.6001448281068014,0.658372771961953
ENSG00000089048,0.7208418063139586,0.6554665537676996
ENSG00000000419,0.6806500877538334,0.5455290142511091
ENSG00000026559,0.2513767608872,0.19140663499441335
ENSG00000124160,0.44909663766543495,0.3970778419115151
ENSG00000101347,0.6663253328318406,0.7585462288741819
ENSG00000101216,0.3557057180128309,0.39003298240699735
ENSG00000197457,0.9426720301975469,0.9501482437538137
ENSG00000243509,0.2619550147632214,0.21179969782361335
ENSG00000101246,0.5993293887112887,0.5726515948656521
ENSG00000197114,0.9924556496797465,0.9055468727070295
ENSG00000125520,0.9286128462673815,0.932739902166341
ENSG00000088882,0.15810527450868211,0.24055661945894335
ENSG00000132635,0.4908762126239743,0.48242687701696974
ENSG00000215305,0.8521602283927301,0.8731735372567897
ENSG00000101363,0.41302311131656677,0.34959316422075304
ENSG00000124243,0.9239649534718491,0.9300155218759832
ENSG00000149634,0.560261073446996,0.5805546953070837
ENSG00000244274,0.9147865451325939,0.6560279549584188
ENSG00000196421,0.8091752265086554,0.9254831448898623
ENSG00000101255,0.5765051102368888,0.8874992017293077
ENSG00000125508,0.008995965239334082,0.0020188273427010784
ENSG00000149599,0.19380842501351622,0.232176954981402
ENSG00000174306,0.4526518695016396,0.27957960329080606
ENSG00000080845,0.3218449643205838,0.31174950154149544
ENSG00000088899,0.5171124307889929,0.6354013536009286
ENSG00000125895,0.3850586822207783,0.29491459039364765
ENSG00000132670,0.9780959633392943,0.9933720460333798
ENSG00000078699,0.5047806450188859,0.6361343586523451
ENSG00000288649,0.7964466703025159,0.6036449562879025
ENSG00000087460,0.00759810916520891,0.03423558898843972
ENSG00000124181,0.7084872903788659,0.8543777630819575
ENSG00000124208,0.8782732787979431,0.9741645675081385
ENSG00000240849,0.4551513323374249,0.4768958946502382
ENSG00000172216,0.31672807492787297,0.4705628874796671
ENSG00000196396,0.5441997480136868,0.8063652154327579
ENSG00000197122,0.6682130934369019,0.5770224382733815
ENSG00000132661,0.8433559543274951,0.7721715183706372
ENSG00000125812,0.6659002246094823,0.8254604589232628
ENSG00000125814,0.6827525329527,0.8989200098245087
ENSG00000101333,0.5895969676635797,0.600651515744385
ENSG00000132623,0.5741080022722744,0.7461730010856606
ENSG00000158296,0.7088532273450806,0.7121611159621029
ENSG00000188559,0.567258235585229,0.4576498431036661
ENSG00000125991,0.6151411689649737,0.5642040953816021
ENSG00000101084,0.8039343827736232,0.88568466457959
ENSG00000244687,0.29650520758519566,0.5219607019650147
ENSG00000149451,0.11113816794881404,0.12502520904670658
ENSG00000124140,0.12457221131135028,0.050004722577453684
ENSG00000125844,0.6399555115881617,0.7720430631764366
ENSG00000101049,0.45360122202026343,0.5159552173156359
ENSG00000149474,0.8463190813094308,0.6721680365900226
ENSG00000125780,0.4271834595178431,0.8826758294326834
ENSG00000125835,0.9410255389795974,0.9924134027481529
ENSG00000170471,0.8892235233444942,0.856241448348287
ENSG00000101442,0.3620270886126049,0.37858715725393854
ENSG00000149646,0.28301812298101175,0.5613597235465628
ENSG00000130699,0.8656875480742134,0.8871051840424445
ENSG00000124143,0.1309363841796866,0.08055470626383192
ENSG00000124155,0.32085953815244156,0.2729899047177475
ENSG00000019186,0.20937212090189752,0.15180828456396528
ENSG00000064787,0.8800600079406149,0.8203538926904983
ENSG00000215251,0.3196981905478827,0.20392195550274486
ENSG00000172315,0.7578319141992077,0.5597198342156955
ENSG00000101161,0.794547972875543,0.9371580711087717
ENSG00000061656,0.38492176464999195,0.5295142337744319
ENSG00000198185,0.0976295554133919,0.13462567193360234
ENSG00000100983,0.2796486260778949,0.48726366764612683
ENSG00000078814,0.797443503367119,0.9127616940746982
ENSG00000100991,0.6533791740347272,0.7887160793940993
ENSG00000124092,0.5626453838261549,0.7742185864433253
ENSG00000124253,0.7538602411379871,0.8658707564198511
ENSG00000124256,0.6896928330644037,0.5208555252905027
ENSG00000101040,0.7232138063562703,0.7269159811071493
ENSG00000149679,0.9702098757579212,0.9382532621138032
ENSG00000101017,0.43239383117876806,0.4745395059998968
ENSG00000196839,0.7187273942972086,0.7376745814644529
ENSG00000064205,0.1877842577577569,0.17750833236563462
ENSG00000078898,0.8492136877602506,0.8679222333044296
ENSG00000131050,0.24035257693110118,0.31391671143490707
ENSG00000198183,0.09917982743807002,0.2649191624082339
ENSG00000125999,0.7053261639584487,0.9004531345511654
ENSG00000101391,0.963683391972486,0.8509007179463645
ENSG00000101400,0.3305173805445341,0.1504120282224877
ENSG00000088305,0.6037919696703415,0.5755947522934792
ENSG00000100994,0.2923369928305016,0.32582792852529285
ENSG00000100997,0.54195266643002,0.6209582513469125
ENSG00000101440,0.5716768148733711,0.5350125983549361
ENSG00000101444,0.5243157006570447,0.473290976803857
ENSG00000101460,0.6175189834983833,0.3328000680353856
ENSG00000101464,0.9378721982929218,0.8682838989989797
ENSG00000125971,0.22768103798077127,0.10571989325328991
ENSG00000078747,0.41044028721943626,0.5282380978063321
ENSG00000101003,0.4695748274354413,0.40362129880761155
ENSG00000125798,0.8290469012219526,0.7776830804002031
ENSG00000132664,0.47982712823883267,0.4299087870902958
ENSG00000089050,0.04865830604875745,0.112656380102058
ENSG00000101310,0.3262033546933893,0.20409017745293204
ENSG00000232388,0.4382925908445078,0.6656138231199753
ENSG00000125826,0.6341602134231772,0.6610163806733078
ENSG00000258366,0.7589336671301306,0.7242222697980358
ENSG00000101146,0.7846988835793249,0.6678174389892859
ENSG00000132819,0.3237514462325991,0.5468572375162726
ENSG00000101019,0.9373177753633115,0.9400605763435392
ENSG00000101473,0.8533541607735808,0.9650645185297341
ENSG00000088320,0.3715974269918447,0.40007949142966215
ENSG00000101294,0.8302956425339778,0.7125950042853862
ENSG00000101337,0.5941071714108512,0.808098496837514
ENSG00000101350,0.8797603469861359,0.9263646990266217
ENSG00000171456,0.6856158414923065,0.673788076291513
ENSG00000197183,0.9515439764438797,0.8701281323459381
ENSG00000196562,0.7639490445653406,0.7961156975114209
ENSG00000130589,0.3659044186460797,0.24366066811768622
ENSG00000166913,0.7582591301376516,0.8643016866352766
ENSG00000101104,0.42155244089341015,0.5479711623749891
ENSG00000025772,0.7941306737787143,0.9837888933207884
ENSG00000124102,0.9228487853090115,0.8921831628343758
ENSG00000124233,0.8915658083761234,0.963123966371051
ENSG00000101109,0.7795502519410865,0.566631892800926
ENSG00000131061,0.9802958048051237,0.934481220503116
ENSG00000125846,0.8192753880119117,0.9975295667439377
ENSG00000089199,0.7200996740862984,0.7881265523854714
ENSG00000089195,0.2517876333089802,0.31904197654908717
ENSG00000125885,0.29501704784304267,0.3167971875530647
ENSG00000088766,0.6236925958653379,0.8331984410973916
ENSG00000088812,0.2669870625211675,0.31496113179656016
ENSG00000088826,0.6781652813333431,0.8393672346585587
ENSG00000101311,0.2105214126511984,0.2363521694287663
ENSG00000089091,0.41558388164898574,0.41813469619707533
ENSG00000101898,0.08892535171203392,0.07242651444626123
ENSG00000101126,0.7766174842245233,0.607101518728624
ENSG00000088881,0.0874708283584741,0.0869284259133447
ENSG00000203880,0.8293785169882628,0.7909857034234591
ENSG00000178726,0.015989931729089905,0.015998623265532988
ENSG00000125810,0.04276201130344443,0.07348496454748622
ENSG00000171700,0.4150094077166986,0.5990692719998818
ENSG00000125772,0.558848056892702,0.5321111531833055
ENSG00000203896,0.6834514101190325,0.6824912534687423
ENSG00000183260,0.49057191612548456,0.5588603040411884
ENSG00000101150,0.7496989479931776,0.8907073054798627
ENSG00000101152,0.44703104290129947,0.43735055075262397
ENSG00000198276,0.5664726462805807,0.6370469344932828
ENSG00000196700,0.14800481528412818,0.12727763289042351
ENSG00000130590,0.22877662714890776,0.17974731380156886
ENSG00000089177,0.30897201103666305,0.45281561060604225
ENSG00000172264,0.7310836108710288,0.934753734042656
ENSG00000125848,0.2041570576297828,0.13495623557623534
ENSG00000118705,0.6026026662455839,0.9174243602564227
ENSG00000132639,0.1706844831572019,0.1398891044500403
ENSG00000101346,0.744617731570968,0.7495948561223462
ENSG00000170191,0.9703466253205265,0.9113880116038972
ENSG00000130684,0.8697515734298283,0.8541992824280306
ENSG00000126001,0.8843697429646585,0.7044132587753287
ENSG00000101076,0.4503597819534161,0.40887072306341077
ENSG00000064601,0.9045485480994273,0.9471101815452441
ENSG00000101210,0.14724994393674057,0.24684846871115906
ENSG00000166619,0.978977068065147,0.7916329999974714
ENSG00000053438,0.8253784106801572,0.914916788216269
ENSG00000101004,0.26343111934913316,0.23731918817422248
ENSG00000088827,0.35563019256317274,0.642291367959153
ENSG00000167393,0.7706005459085005,0.9743153009028522
ENSG00000183943,0.20135377496837822,0.14063163524265532
ENSG00000185291,0.3497686085559609,0.45834425061797845
ENSG00000182162,0.9075753354315985,0.9769044319312004
ENSG00000169100,0.7811176482257967,0.9765626696247035
ENSG00000169084,0.540074132898543,0.3734000373695112
ENSG00000146950,0.4800782161533099,0.3496825542134865
ENSG00000011201,0.010859221233680815,0.02824177590547493
ENSG00000169093,0.5961369679785238,0.8081098840595606
ENSG00000004961,0.6245973541174217,0.563148733223386
ENSG00000146938,0.19104995509897751,0.18679430877133268
ENSG00000101955,0.09437309061177154,0.1520038115142579
ENSG00000147027,0.0687974319189152,0.12635020897692778
ENSG00000197976,0.2145265354423434,0.2451977811208298
ENSG00000091482,0.8206879292197162,0.5954621372631763
ENSG00000036473,0.13431067409323166,0.05128604405982402
ENSG00000147041,0.07740867408282037,0.19273369132501952
ENSG00000131831,0.10417194991822527,0.14083397571965828
ENSG00000047230,0.5734722707164455,0.76007735640496
ENSG00000102218,0.4642790325340864,0.7837226556020757
ENSG00000012174,0.10548698285877878,0.17519120475473487
ENSG00000102098,0.49325423843454674,0.38598059862295175
ENSG00000158526,0.7785280535092898,0.6766260675347748
ENSG00000180182,0.7296109689948795,0.5848597381907124
ENSG00000147119,0.04924582783981484,0.13325908921304477
ENSG00000273820,0.14321856721357212,0.1331024170757785
ENSG00000171365,0.5782560777851998,0.6974746334200761
ENSG00000169895,0.31611311432847516,0.42091895844916505
ENSG00000008086,0.4064234826552018,0.38571111772572364
ENSG00000230797,0.9040327070822307,0.7780881963037906
ENSG00000165169,0.05475756782852434,0.15867102805112548
ENSG00000069535,0.15552550611171076,0.07696095398312448
ENSG00000155659,0.23975222824739412,0.37268433038779714
ENSG00000102221,0.6443714626665027,0.7275218864866275
ENSG00000065923,0.28622324482966466,0.5182236175981462
ENSG00000187601,0.003022005260316738,0.005369749143160147
ENSG00000087842,0.26454534796330337,0.40200398133139803
ENSG00000173198,0.1378790735206613,0.24683991820163606
ENSG00000182220,0.4487332537217653,0.5502252621301984
ENSG00000147100,0.5690390551606553,0.4656716138695719
ENSG00000102302,0.04150875809944261,0.022806507580477114
ENSG00000102316,0.05390296611849691,0.05314503379946886
ENSG00000147099,0.5267632260296771,0.5464046171675242
ENSG00000094841,0.9677292423624285,0.98623733261326
ENSG00000165288,0.34936437543867715,0.2664590536931978
ENSG00000158813,0.022900244422063388,0.09115752248076672
ENSG00000188419,0.8272155485254243,0.9285290741985494
ENSG00000124429,0.08696015530081663,0.06706751112834151
ENSG00000185222,0.017802111514243213,0.08886526526608404
ENSG00000102390,0.9084044531731663,0.7628512859437022
ENSG00000204272,0.019293373853615785,0.0726731050364664
ENSG00000131171,0.05029477295530092,0.06323732853469115
ENSG00000188917,0.2893607086201234,0.3004773673661463
ENSG00000268104,0.2646427406601867,0.20723758009298762
ENSG00000047597,0.34232162860942517,0.6161937268977276
ENSG00000187690,0.31806868868727206,0.32747818465673745
ENSG00000047648,0.1450753293183165,0.16469569339219725
ENSG00000147206,0.44011144536033986,0.49046057374350505
ENSG00000101844,0.9085928449235621,0.3878976121997507
ENSG00000101843,0.9628016996483636,0.6776710723861489
ENSG00000069509,0.5401473066814767,0.6467101815318081
ENSG00000078589,0.9014399395570083,0.7038542131789307
ENSG00000147121,0.16357576614364314,0.1932434640854347
ENSG00000090776,0.6220511650472698,0.5608377002256817
ENSG00000185753,0.14772127834239282,0.09512164190178979
ENSG00000182916,0.018438837745848518,0.013800852366762805
ENSG00000133169,0.018866271002175635,0.029389904193340595
ENSG00000186767,0.14683476107105672,0.12447631720135256
ENSG00000125676,0.20798872820214068,0.11946324070888183
ENSG00000204271,0.5089455667167864,0.31525924248658177
ENSG00000078596,0.7625527336497213,0.8530714329056046
ENSG00000166681,0.0022147301287705366,0.007046163723369737
ENSG00000046774,0.8462443263117788,0.8795450310192072
ENSG00000102241,0.7716649024069492,0.5302208922576503
ENSG00000089289,0.7650445636179604,0.4209842296012366
ENSG00000131725,0.9534484900653148,0.6218058332631962
ENSG00000184675,0.711044564326172,0.7894619899439801
ENSG00000182712,0.6500769841295367,0.8482811965889623
ENSG00000010404,0.1261156231151724,0.1959578678789281
ENSG00000182195,0.11605132611319569,0.1275833462181148
ENSG00000011677,0.7843620525842314,0.7685050080755479
ENSG00000241489,0.4011906164954372,0.2955770428923326
ENSG00000185247,0.006785191248313867,0.02241108121994926
ENSG00000197021,0.9202245238750953,0.7071073086533215
ENSG00000165775,0.16157281043150346,0.11095333660155023
ENSG00000197620,0.5254346098382187,0.25317601956079117
ENSG00000133135,0.7534697364941366,0.7785717421422638
ENSG00000102243,0.17670172078008448,0.18480828631069834
ENSG00000155495,0.8441748058920906,0.8886457181509002
ENSG00000185010,0.14600787273261762,0.21882078293582208
ENSG00000198157,0.6641084180792475,0.8426234569779105
ENSG00000129680,0.03935949756936631,0.1509423753219791
ENSG00000133138,0.43449889561901245,0.5620325264949175
ENSG00000133131,0.7299230075130891,0.9517509597589429
ENSG00000155959,0.4317848694951688,0.3460938002734222
ENSG00000123496,0.444216518636507,0.8173872560995596
ENSG00000067177,0.6173304410063423,0.5675759947326613
ENSG00000204019,0.12773797673044202,0.11546939750576424
ENSG00000008056,0.011628810018177909,0.006883859942808247
ENSG00000126767,0.8645569102070015,0.7974045788975049
ENSG00000102265,0.07639045324646938,0.16850979883581635
ENSG00000147130,0.35597471700481653,0.3141266381735041
ENSG00000147166,0.4020445381920692,0.2144348280523518
ENSG00000186810,0.20836027066168963,0.17096426377044394
ENSG00000155962,0.08611302066499069,0.13100720518052733
ENSG00000185973,0.6280097376904767,0.6145141113537691
ENSG00000124333,0.9128673214878801,0.6413482259968863
ENSG00000007350,0.5197272210555902,0.3112166448801177
ENSG00000071859,0.8511465586214789,0.9685315844356535
ENSG00000130827,0.9919212423952216,0.4890088210602994
ENSG00000102178,0.5114383225671447,0.36175761269416506
ENSG00000126903,0.7787927489301543,0.9439254689568003
ENSG00000147180,0.38438410684016144,0.31980527712078155
ENSG00000158427,0.03896953377836767,0.04196482753581659
ENSG00000005302,0.956063360835395,0.7645452172415488
ENSG00000196664,0.05823214949271262,0.12681890173255983
ENSG00000204379,0.7292845552812239,0.28880357570534426
ENSG00000047634,0.9083301220132143,0.8544478889467119
ENSG00000277150,0.3000737795465384,0.12449532894972622
ENSG00000268447,0.22600504552020184,0.19493130454144886
ENSG00000063587,0.7740256832553251,0.3853851024609293
ENSG00000179222,0.0008560417305531938,0.0036979217245435396
ENSG00000130021,0.7846751595802606,0.6944209954660459
ENSG00000130054,0.03671646375907084,0.10957263586965155
ENSG00000235961,0.7778080756407229,0.33743958258053974
ENSG00000188153,0.07150256927052646,0.07542226285869191
ENSG00000134594,0.536121873332611,0.6902902225032677
ENSG00000056277,0.60075318618214,0.32298621258329835
ENSG00000156709,0.3073635032506032,0.23438586089752916
ENSG00000171657,0.7092084079070187,0.6066579777592231
ENSG00000131174,0.33023258895346264,0.3385800385243158
ENSG00000268009,0.1289855176682602,0.409118292297064
ENSG00000068438,0.5593895089640373,0.9759259412237474
ENSG00000147155,0.44131865602468356,0.52884769481198
ENSG00000102048,0.05252330637158653,0.10262796854964139
ENSG00000165195,0.8570703581877808,0.6569351049896406
ENSG00000073464,0.9530383133595383,0.7512433045125002
ENSG00000158423,0.9240726761637512,0.5160628068383282
ENSG00000130829,0.09904103721724539,0.1617398836685978
ENSG00000130822,0.2578307547417084,0.12600692005588707
ENSG00000185825,0.49992240088877793,0.37125552852553323
ENSG00000101986,0.36728091249855443,0.3766944296967867
ENSG00000198753,0.36205028384851556,0.5524800508199352
ENSG00000184343,0.1515125948938183,0.14326986241696346
ENSG00000180879,0.5104583366607396,0.1545708299802922
ENSG00000198910,0.5662747135270264,0.7268936594875333
ENSG00000102032,0.05755474272841431,0.11627224742687818
ENSG00000172534,0.12688224551027327,0.10040063905279799
ENSG00000177854,0.621796957904907,0.5748713782104438
ENSG00000126953,0.10727757449230796,0.06295727093412036
ENSG00000241343,0.8803262213454904,0.9610144587498292
ENSG00000257529,0.8822593804833014,0.3846565664268232
ENSG00000126945,0.45801607217387497,0.24571681428842407
ENSG00000262919,0.8082394682521362,0.4823257829584656
ENSG00000130821,0.582393499882456,0.7366490883614571
ENSG00000147164,0.5901167639422585,0.8331293847404396
ENSG00000184481,0.17258254649010574,0.2634593413328108
ENSG00000169562,0.28257770652330866,0.49363543432598267
ENSG00000131263,0.5053314714792213,0.20646047890534483
ENSG00000147113,0.02297200381416239,0.02260623242132506
ENSG00000147224,0.5269034014369945,0.9112514092096103
ENSG00000275113,0.7315338890580521,0.841286823558792
ENSG00000236737,0.5085446439190549,0.34273950792070274
ENSG00000068985,0.21264955598695012,0.2667889138045471
ENSG00000147274,0.9430627928631531,0.6995240211887975
ENSG00000172465,0.9879562467118965,0.8385921182738351
ENSG00000123562,0.9007547715455094,0.7801248367390016
ENSG00000102007,0.31946825913447346,0.3483560789915968
ENSG00000012211,0.297138501842607,0.2864845820049575
ENSG00000101997,0.501703773558658,0.5386521509619729
ENSG00000049769,0.1996256821399156,0.22205158859827867
ENSG00000147118,0.6292605548464261,0.9456609322481881
ENSG00000221994,0.6013712126334015,0.6302738508528936
ENSG00000188021,0.6453690995507445,0.7787404491260451
ENSG00000130962,0.35629188095369646,0.6909293846057548
ENSG00000101911,0.4582436960469588,0.393610825624944
ENSG00000085224,0.6123471810724255,0.6221561741833723
ENSG00000083750,0.28563989944100815,0.30017366359513903
ENSG00000101842,0.35659922581313375,0.675350340494425
ENSG00000156298,0.05923393790191768,0.025482077271810483
ENSG00000126759,0.3644280281360307,0.3485467662299967
ENSG00000000003,0.9803593485086455,0.874742475102644
ENSG00000269405,0.5030713816295982,0.7498193672891444
ENSG00000158164,0.015064926074238313,0.04114970051362932
ENSG00000169239,0.44144502671336205,0.44003993525552587
ENSG00000182287,0.3506021316145266,0.28272090096730096
ENSG00000169188,0.8222628975296609,0.7872281228137475
ENSG00000238269,0.9461585659162448,0.6150708223630034
ENSG00000234068,0.7214828648630334,0.7648092969164677
ENSG00000196924,0.13644357698361612,0.1664865356706528
ENSG00000147003,0.11216954901420657,0.05712767490287345
ENSG00000147403,0.8152649352106683,0.9545397642026305
ENSG00000072501,0.29944624376521817,0.20783608349180913
ENSG00000198689,0.8502058339287583,0.5809715516751335
ENSG00000134602,0.7082220512401143,0.3247050100233607
ENSG00000123728,0.7610523428373599,0.9479638937699546
ENSG00000123560,0.27486621952774465,0.19562419250925575
ENSG00000147140,0.48260015710714943,0.43409091777077846
ENSG00000120280,0.48308332095875817,0.6960731554576768
ENSG00000101868,0.9030776149015473,0.7141775728134667
ENSG00000004848,0.8736834393457065,0.9291918819438472
ENSG00000182484,0.38251575888187594,0.459110287358487
ENSG00000131089,0.6789647278190236,0.5445877822756074
ENSG00000158639,0.7563647664559414,0.2976104776204666
ENSG00000181191,0.66472796992964,0.9272477014686458
ENSG00000165359,0.5128867123844647,0.9874154556383663
ENSG00000005889,0.9683605252336098,0.830565478452699
ENSG00000126752,0.9307903479487134,0.9764817799494926
ENSG00000197779,0.7986671128319711,0.589371466776073
ENSG00000080561,0.01962137589695237,0.04574854988646603
ENSG00000147138,0.17435409772474306,0.09888971642425522
ENSG00000125354,0.7285388818442462,0.5810049735440999
ENSG00000022267,0.1894010853162059,0.16663272671607995
ENSG00000131269,0.5763497435605678,0.5277982926781464
ENSG00000188706,0.42147192255208765,0.4496204186198113
ENSG00000156697,0.5705357502314774,0.3094295968307477
ENSG00000085185,0.6280750377691486,0.9198137992985065
ENSG00000196507,0.31631664386408154,0.22209711714252872
ENSG00000123575,0.3268074506176496,0.25063604889591407
ENSG00000182378,0.7217392867648533,0.6558293019898616
ENSG00000268651,0.536396212291613,0.46845242933670517
ENSG00000171388,0.5954360087924404,0.6741734664804491
ENSG00000122121,0.36077642709071456,0.28721554883260214
ENSG00000122122,0.8763764797904151,0.6366877847900619
ENSG00000078061,0.9177557205312885,0.7892715430452908
ENSG00000101938,0.03820116596784847,0.03876150602633548
ENSG00000077274,0.2404339959097743,0.14005459780401766
ENSG00000102359,0.001850357472152045,0.007514883056816596
ENSG00000232119,0.9582734977720482,0.37207877259428423
ENSG00000171155,0.6753426220517164,0.40968004557768856
ENSG00000158290,0.4199599525504467,0.6770577932853449
ENSG00000269096,0.20979575816940035,0.17462592134376148
ENSG00000270946,0.0953766879086477,0.08395012667782217
ENSG00000046647,0.10649693632554967,0.2492707521036205
ENSG00000157600,0.16105586051175116,0.09149306608467736
ENSG00000187808,0.34711807741695155,0.3253716487187079
ENSG00000198918,0.6440708013116664,0.3479623612102528
ENSG00000125352,0.9653529648677873,0.6567030359919006
ENSG00000125356,0.8062290541254222,0.7834603636624942
ENSG00000101882,0.9457295598436071,0.967001289965654
ENSG00000183337,0.5711135673957888,0.4286621529850504
ENSG00000189369,0.05807531177407367,0.09356721848237791
ENSG00000181704,0.9721991293520982,0.7150774396084798
ENSG00000079482,0.5480291438679953,0.4095532301778988
ENSG00000160131,0.48099618293669133,0.17871696932350464
ENSG00000071553,0.833355962171567,0.7475926011875953
ENSG00000186787,0.6252719082907205,0.48761980663206284
ENSG00000165376,0.9383170777266733,0.6407309495845209
ENSG00000198455,0.60603446161387,0.2900578436068761
ENSG00000165591,0.0718366983834101,0.03348479870243554
ENSG00000147251,0.28157337609978933,0.4770653679297512
ENSG00000198205,0.8741049751912984,0.5176962105343177
ENSG00000101849,0.7457331060008929,0.7037007035642494
ENSG00000101850,0.6225908111709089,0.43548579732732895
ENSG00000198759,0.36499198253173015,0.4456807107132127
ENSG00000123595,0.757983765141419,0.6356255280434211
ENSG00000046651,0.5318167303939085,0.7254242755142322
ENSG00000147133,0.38286812234919954,0.24360681159571898
ENSG00000147144,0.47090612664808296,0.4451879524649146
ENSG00000068394,0.6299693094800602,0.6108282840444286
ENSG00000212747,0.0028118984845569017,0.001292751915302979
ENSG00000134590,0.009787616384131533,0.004309624536374615
ENSG00000203950,0.1567391706226391,0.1686246643832038
ENSG00000186376,0.7537661333850543,0.5706139402870727
ENSG00000173275,0.9061207559506941,0.8532066137801945
ENSG00000123131,0.20977815125807828,0.2884917817019066
ENSG00000123130,0.16907797123156598,0.2271248019496822
ENSG00000184831,0.9955941501181865,0.6141030269041016
ENSG00000130830,0.8047190842840275,0.9038885083824199
ENSG00000198932,0.08498471675081898,0.12461197433051051
ENSG00000198908,0.8536558153914994,0.9602910916352473
ENSG00000101888,0.492621055022764,0.30336375310978525
ENSG00000068366,0.6091165741197317,0.24370538190304153
ENSG00000183479,0.6255570302471799,0.8738270980975482
ENSG00000175556,0.2566912648096912,0.7992229620288491
ENSG00000056998,0.9946632262025418,0.8390458460598653
ENSG00000006756,0.4523038815315088,0.48314138706976895
ENSG00000187325,0.33702133275665047,0.3394853337511963
ENSG00000147050,0.45673095475162495,0.325523580870744
ENSG00000157399,0.4756074434444634,0.3334385653566957
ENSG00000102078,0.6437106552642662,0.8439566332203432
ENSG00000099399,0.6436469402600835,0.9336131653013648
ENSG00000102119,0.4880983183705998,0.5070010327033995
ENSG00000196459,0.6582829486308726,0.7537556730125724
ENSG00000126950,0.32390944648640035,0.1652323661281732
ENSG00000102384,0.20475371067386217,0.10104781128095883
ENSG00000213397,0.1956903742770173,0.06301673103524431
ENSG00000130066,0.42934003208603544,0.646278483488349
ENSG00000130052,0.01036901799723677,0.02748322636236021
ENSG00000267978,0.015980512716665483,0.009632751567607355
ENSG00000184033,0.470621631775926,0.2446666571968662
ENSG00000126890,0.5420814787370151,0.6805923721832589
ENSG00000126016,0.32773342179790516,0.31952526246697677
ENSG00000268350,0.22557675840187463,0.35264523867627706
ENSG00000214717,0.7973103589035964,0.9708056101122774
ENSG00000002586,0.06148221158133024,0.03200692324981638
ENSG00000124343,0.005591611538113284,0.004529640829396185
ENSG00000013619,0.0650536810735739,0.23832103037185984
ENSG00000072506,0.7074282611380664,0.7031757317990313
ENSG00000269586,0.036269331791474485,0.028122828049496635
ENSG00000067840,0.24456781565075592,0.24554126172817126
ENSG00000147124,0.9200907131616547,0.7734634224483375
ENSG00000251192,0.8683027662192795,0.8721077498854333
ENSG00000147381,0.2592333846971193,0.20396053913540618
ENSG00000076716,0.987576340842506,0.8544701695946266
ENSG00000184194,0.13230835588378326,0.2791141612668749
ENSG00000184205,0.794490971934115,0.858656596948038
ENSG00000126012,0.41936103827921134,0.37184765972678246
ENSG00000157625,0.5550703961281795,0.795840743271399
ENSG00000124260,0.11577158347926653,0.06639451791948407
ENSG00000184634,0.6485598163181396,0.5301703111777751
ENSG00000102081,0.9086781709562569,0.6919132180717554
ENSG00000158301,0.051360871983374676,0.07824919169351183
ENSG00000189221,0.04644299100724933,0.015827204151912792
ENSG00000101825,0.6535377878399867,0.9049311140745006
ENSG00000237671,0.36325507480859687,0.3911016386097599
ENSG00000227488,0.36325507480859687,0.3911016386097599
ENSG00000236362,0.543330489065167,0.792415948499023
ENSG00000216649,0.04423775380495115,0.015394458170781524
ENSG00000224902,0.42073698784994307,0.5416350720757497
ENSG00000189064,0.5444636353630876,0.6768186374101814
ENSG00000224659,0.36205763292718784,0.3545770954240014
ENSG00000274274,0.7541039605983612,0.9273916065698732
ENSG00000102158,0.14997386448804934,0.08589392709064864
ENSG00000221867,0.023406432577356594,0.04213104795417452
ENSG00000183305,0.1335718325430519,0.08720369642996395
ENSG00000198930,0.09783155489299147,0.054324873907596466
ENSG00000213401,0.1195640245089418,0.07007318457299742
ENSG00000268606,0.22229773811924372,0.1537970768099457
ENSG00000268916,0.2939940809914298,0.1803152833038253
ENSG00000147400,0.5751390579531361,0.586365686548082
ENSG00000147383,0.8984901819062729,0.7484309107632078
ENSG00000198883,0.1951722508335599,0.2492457358506729
ENSG00000130741,0.4878113043738458,0.3825590251691183
ENSG00000174010,0.6982048973811025,0.7630570860133641
ENSG00000171100,0.2324079727890275,0.11447013587957382
ENSG00000102181,0.1899760068334544,0.2021799129383858
ENSG00000001497,0.40624511336526803,0.4251496501843727
ENSG00000188158,0.047276177657259354,0.14025145017874457
ENSG00000156531,0.5626666715369124,0.4297579322416706
ENSG00000165704,0.6729992453119471,0.9927554129823853
ENSG00000156504,0.9246412290954165,0.5614528276301953
ENSG00000172943,0.9974674936332472,0.7704087280114829
ENSG00000184083,0.11488255265281946,0.10537394019521942
ENSG00000269556,0.2939946198269698,0.5494560587180479
ENSG00000134597,0.8135549273439557,0.7168479017519319
ENSG00000171659,0.05985017248693868,0.11756811836600244
ENSG00000102034,0.8749171317395583,0.48615809006115696
ENSG00000147202,0.6677616020526498,0.7888511852692162
ENSG00000197565,0.254934225123372,0.15622736272361465
ENSG00000205642,0.5357403843997015,0.5310518760585532
ENSG00000017483,0.059282335090102514,0.36957731271506566
ENSG00000169059,0.8622792017869263,0.6751578145658601
ENSG00000133142,0.08706683564482821,0.0997020036516381
ENSG00000185515,0.15350820450634384,0.13864320257906435
ENSG00000067829,0.9196070791112118,0.6610312408818506
ENSG00000155008,0.15386111595202248,0.12539805421650257
ENSG00000102024,0.05457885414157518,0.0879302168562813
ENSG00000101972,0.9491708559177755,0.6893573405678124
ENSG00000147257,0.0031383355758214204,0.008194432980899134
ENSG00000130032,0.6464536851219007,0.36980247923258125
ENSG00000185960,0.948177389370487,0.8783678542589912
ENSG00000102003,0.8867999469029982,0.8540543398225695
ENSG00000101846,0.6574303859484469,0.5473717403617118
ENSG00000006757,0.8840492576316346,0.5954688403458521
ENSG00000204116,0.11404897009006,0.14766111720122088
ENSG00000179304,0.7689249865923106,0.5631107239416153
ENSG00000197172,0.07106865241950729,0.10759431641491204
ENSG00000165175,0.5429578475572501,0.627955083893125
ENSG00000187243,7.372025190963832e-05,0.000244806036244375
ENSG00000182583,0.8995125759260345,0.6991788587180243
ENSG00000130988,0.0807225341331443,0.02977637698509846
ENSG00000182872,0.4555281847550776,0.4580325030889909
ENSG00000130985,0.7952364541256995,0.6742869585624427
ENSG00000147123,0.463833074145928,0.49190945534858754
ENSG00000198088,0.6657265597236105,0.998717315469473
ENSG00000165240,0.854501517261578,0.7202631372305403
ENSG00000044446,0.5454501572937452,0.4123250807731783
ENSG00000102393,0.17062431200443226,0.08818055609096727
ENSG00000101945,0.8608957805352935,0.7003107170968734
ENSG00000171433,0.5846662213769074,0.6693544579567163
ENSG00000102109,0.03451464954630644,0.04557738016721736
ENSG00000102103,0.46904476965230324,0.5626030643850957
ENSG00000102100,0.5334377332693573,0.266400678696203
ENSG00000102096,0.8671517751475788,0.5822508576893498
ENSG00000068308,0.7227381971481914,0.9190158582580663
ENSG00000102057,0.11093900440333603,0.13997699799372046
ENSG00000067445,0.03619693830588622,0.04130787990236778
ENSG00000067992,0.32204175380470584,0.3022469002792793
ENSG00000126947,0.005833088990023053,0.00643620477786653
ENSG00000198960,0.5484099685526488,0.8481331373065717
ENSG00000102401,0.1633441661239535,0.44965599126140576
ENSG00000184867,0.004905927925921293,0.008842353355839066
ENSG00000169249,0.2118515447906374,0.2326187168308323
ENSG00000184905,0.13083501485632712,0.12565824156681388
ENSG00000184515,0.2549051726097311,0.5923448476159958
ENSG00000157514,0.036478644589542024,0.06726170707976054
ENSG00000186416,0.5838150873867364,0.2681335522980417
ENSG00000198814,0.9299761924597899,0.9669913910671611
ENSG00000102038,0.02787807781121535,0.050379035584383315
ENSG00000122126,0.8636397659252065,0.9378759935652434
ENSG00000013563,0.8854420666373991,0.6767245778313571
ENSG00000125962,0.6898588048559438,0.8349341754930591
ENSG00000089682,0.7133714317970957,0.895418182415108
ENSG00000160219,0.8919304410438545,0.9498859242994414
ENSG00000102362,0.30728910763473394,0.20422677855179958
ENSG00000089472,0.8036333497139555,0.9189427170932343
ENSG00000196976,0.32500034408758266,0.29641813356557467
ENSG00000165675,0.5284516911984265,0.8783941327463671
ENSG00000158352,0.4791192307135028,0.4972585314838007
ENSG00000182518,0.29893758443427826,0.19416367426323872
ENSG00000184368,0.017505987318682022,0.007489797818890669
ENSG00000173674,0.426000755710615,0.41969145067758273
ENSG00000177189,0.27746762077809717,0.4200218560033415
ENSG00000173681,0.7080571403323788,0.709245046111553
ENSG00000130119,0.4528628611353064,0.24934678824729603
ENSG00000171004,0.0889386260094144,0.3047861808194689
ENSG00000090889,0.3574097213865707,0.26957290409056284
ENSG00000130055,0.16975081227326677,0.159593307212478
ENSG00000120509,0.9469957120501706,0.7685683478294987
ENSG00000010671,0.6975757285878281,0.9315031273296207
ENSG00000102245,0.2767968604705127,0.412483059231618
ENSG00000129675,0.29474468241963836,0.5318482547356733
ENSG00000126768,0.7742591720708052,0.7455774244300091
ENSG00000176896,0.7905694927745809,0.9769434815390222
ENSG00000165168,0.8474022825325852,0.9482230860708765
ENSG00000198223,0.07662588135707427,0.17769700778645955
ENSG00000130150,0.8456587807262113,0.7570767152717928
ENSG00000102317,0.6105145344023165,0.8594789299933507
ENSG00000101940,0.233393086370033,0.2628702702385016
ENSG00000101856,0.8980872998364323,0.67912869701654
ENSG00000077713,0.5284618806873691,0.7638623319720337
ENSG00000005022,0.4508278706847815,0.28637809391621755
ENSG00000077721,0.7418049462267959,0.6786501315475804
ENSG00000018610,0.35629012845930774,0.25619490189396205
ENSG00000131828,0.9547116276064935,0.9442920856944338
ENSG00000269335,0.7062138800354025,0.6099948066668509
ENSG00000160211,0.6874018360010523,0.9878381187848997
ENSG00000147168,0.6659047505728999,0.9843336624406692
ENSG00000125351,0.358350169189398,0.34033924143215505
ENSG00000147065,0.16126080455907113,0.2353636840672015
ENSG00000101935,0.6054890430376616,0.6072343366031097
ENSG00000130826,0.42417377795030786,0.24467440808010013
ENSG00000198681,0.35869811808797136,0.43454744618231234
ENSG00000102225,0.6448671223932947,0.6461406857103225
ENSG00000102226,0.41942058285444717,0.7319533886153635
ENSG00000071889,0.8169498495398837,0.6594057997688376
ENSG00000203879,0.6122834958706396,0.8604286987398435
ENSG00000102312,0.22225195657677824,0.29028156196667576
ENSG00000183918,0.4317540138104321,0.320627954047358
ENSG00000102125,0.15433095235142485,0.11668324941828484
ENSG00000101916,0.8176419862313391,0.8536349738970995
ENSG00000205542,0.16105473230978812,0.20106266095143763
ENSG00000101966,0.6111063032745918,0.4349086108999698
ENSG00000147044,0.5645791411342623,0.354536764396286
ENSG00000076770,0.872339186907908,0.8954968091449477
ENSG00000015285,0.9469785408439357,0.7942174500629997
ENSG00000268940,0.14638005994282888,0.11649830761871047
ENSG00000228836,0.09714172727618554,0.08789258674560528
ENSG00000130234,0.6716186631452619,0.6968513315412017
ENSG00000068354,0.33093546114887173,0.47518626817828924
ENSG00000068323,0.6485171585746525,0.7149911178246495
ENSG00000094631,0.9074374837509392,0.6888598954953367
ENSG00000102409,0.011259566128723888,0.014664819346897987
ENSG00000047644,0.23274296063553968,0.2624912504484992
ENSG00000003096,0.014642283841656844,0.006459280468877348
ENSG00000147162,0.13731844554620465,0.05760065989921539
ENSG00000072133,0.6529198736052575,0.4112588357699184
ENSG00000147010,0.4639024951726064,0.6697252832472116
ENSG00000269437,0.4850228514959838,0.7679297132839722
ENSG00000268902,0.30649115438746904,0.208912467252179
ENSG00000178605,0.32335396013035406,0.3200589027180503
ENSG00000269313,0.35637438501651864,0.524834647435132
ENSG00000184216,0.23446891786875437,0.17923265362104318
ENSG00000086712,0.6259402809159583,0.5002555781525527
ENSG00000102054,0.5825324256101395,0.5360485474458014
ENSG00000169891,0.2672151216516187,0.18240659779776203
ENSG00000156500,0.9055896235071769,0.8444564806294266
ENSG00000101928,0.13735932000467058,0.20834698330631501
ENSG00000184785,0.02112685561808372,0.029723678631607648
ENSG00000180964,0.10419860916027032,0.21286376104793123
ENSG00000133134,0.057469165226369225,0.07904645855152066
ENSG00000089820,0.34941867908895863,0.07014694911209726
ENSG00000102030,0.6970289771729741,0.49835855306481514
ENSG00000156313,0.5897675941403198,0.5103393675270341
ENSG00000169057,0.456372841927688,0.3538438756589648
ENSG00000101901,0.13673985765200505,0.1855431463174308
ENSG00000169446,0.6769608292951768,0.40414812756336904
ENSG00000126970,0.7105621570282654,0.5294111101292168
ENSG00000198947,0.04049441906891591,0.04024146184142518
ENSG00000049768,0.4575303701616277,0.26436040286057266
ENSG00000102144,0.2658865198997358,0.08526590379599737
ENSG00000203989,0.658517702505351,0.26999675230333114
ENSG00000177485,0.7607597317866401,0.4733870954412429
ENSG00000125355,0.06062495175167803,0.06775605747774785
ENSG00000204131,0.12458541622255319,0.09770348616633945
ENSG00000102309,0.8310343731788333,0.9503498475559419
ENSG00000186871,0.0462115006994664,0.01440302233340468
ENSG00000198034,0.05731233636560454,0.06943366250903318
ENSG00000125931,0.6982693852591799,0.9530077307065403
ENSG00000086758,0.7892050359027778,0.9749309791431077
ENSG00000063601,0.4269485589235176,0.2676128097547519
ENSG00000029993,0.8990092574058113,0.9556873936950537
ENSG00000124486,0.6338087814632689,0.8092264091124269
ENSG00000068400,0.6562714806393979,0.6633918243382717
ENSG00000196998,0.5660465484332222,0.39417609406581167
ENSG00000082458,0.2145560896648217,0.18035308238303577
ENSG00000101811,0.18673403383210807,0.11298806001798521
ENSG00000007952,0.6480834714112711,0.7798382951398359
ENSG00000182492,0.007431762976387169,0.012101103538503058
ENSG00000129682,0.6005039266702081,0.4008641756328162
ENSG00000005893,0.9488732741388748,0.8232893492973632
ENSG00000046653,0.1932603318341717,0.11620632633039793
ENSG00000243279,0.02863294174322288,0.024168828790242652
ENSG00000102172,0.571459190311548,0.5774145189342339
ENSG00000215301,0.8648299331017922,0.8171202857160536
ENSG00000131724,0.5800656973977095,0.45906430636455087
ENSG00000101974,0.1750332848506224,0.5438939972108163
ENSG00000101871,0.4318431846787666,0.4390116289034396
ENSG00000124313,0.6174765949620646,0.8090274502339039
ENSG00000147394,0.8488454357985395,0.8302367421015716
ENSG00000126756,0.459959978814546,0.600291693552568
ENSG00000102699,0.4732222810072426,0.23667914607379195
ENSG00000027001,0.18401345695189816,0.08568244629555533
ENSG00000102781,0.44882820675564206,0.3428276898001476
ENSG00000132952,0.5357447159407505,0.22209759053367586
ENSG00000189403,0.3728560327629401,0.2945681915917447
ENSG00000102753,0.505099577835661,0.31790250748777343
ENSG00000165475,0.5239523048853509,0.47762913156195386
ENSG00000165556,0.41095130092029164,0.5382124460988671
ENSG00000102547,0.892170326883485,0.9891056716371627
ENSG00000120675,0.35468577203738927,0.4424655712159773
ENSG00000132970,0.1388186121460849,0.17101620035560125
ENSG00000133110,0.003947442854153398,0.00463326252760773
ENSG00000151778,0.29285994736509363,0.30973558495806575
ENSG00000102531,0.457051026523017,0.16257472303700543
ENSG00000183722,0.018636746166632443,0.024196279134012542
ENSG00000023516,0.7210923875851822,0.3811060472285992
ENSG00000204899,0.3170869084676147,0.2049814125672191
ENSG00000120685,0.30438619165631986,0.07358478493657028
ENSG00000083535,0.9309414949331559,0.726769717205108
ENSG00000136122,0.1506126156544133,0.05895412854169079
ENSG00000122034,0.6214023050799447,0.4203665307227069
ENSG00000120690,0.8451631466727529,0.7897302958980774
ENSG00000136155,0.7822665195870109,0.8248211303454649
ENSG00000102804,0.9045309689566896,0.9969225077470354
ENSG00000136111,0.07376467683214413,0.23994413621062524
ENSG00000136158,0.6677751621993782,0.5627893072094377
ENSG00000120686,0.5311566063663904,0.16403900747997816
ENSG00000102554,0.08631826635806394,0.04975444600641778
ENSG00000088451,0.2909298906506145,0.2355127404294714
ENSG00000134882,0.8258234792054138,0.8019798445469816
ENSG00000133119,0.46683725186573855,0.19948913027183135
ENSG00000182957,0.05635626649141326,0.05012662307440167
ENSG00000188811,0.11507553164395642,0.02008449957756349
ENSG00000102837,0.3258008019992087,0.21522573942611142
ENSG00000065150,0.5973046181969204,0.4857769998674054
ENSG00000139734,0.583661042773613,0.4882868023067186
ENSG00000118946,0.0432841388306476,0.0653466692011831
ENSG00000152484,0.8413018807058161,0.9762694993730765
ENSG00000120688,0.42948171572394434,0.3561658454468606
ENSG00000125285,0.2339063543029967,0.2298113353396832
ENSG00000139514,0.17782458955323233,0.0732064380921992
ENSG00000088386,0.6786667297859066,0.7867061231363137
ENSG00000150907,0.6469825582064457,0.27869456371894913
ENSG00000136152,0.32020535413616086,0.12807990304134495
ENSG00000136141,0.5372278854678015,0.38979048006685035
ENSG00000152749,0.8972587593101022,0.588755366154845
ENSG00000102543,0.07140801068663155,0.07479847702871513
ENSG00000125257,0.3697379036784544,0.5325481566217051
ENSG00000083520,0.3431932799128288,0.1826485160489854
ENSG00000133103,0.13458265366981365,0.03130321107109003
ENSG00000102802,0.05515295557202408,0.10357726447517744
ENSG00000134871,0.05158287140106765,0.056967063504608964
ENSG00000184564,0.2536258132089873,0.45208256460762863
ENSG00000102580,0.664953925713349,0.34398596652624125
ENSG00000132950,0.968750807313348,0.4149586704034631
ENSG00000187498,0.041862890267954214,0.052777452383901954
ENSG00000185950,0.6580532097699294,0.8116121154232571
ENSG00000134873,0.17679676239244924,0.09633485193167646
ENSG00000088448,0.9536956928146988,0.5689093711358522
ENSG00000184497,0.2524014991452687,0.16977653231556905
ENSG00000175198,0.5100914370464245,0.6118290941538949
ENSG00000126216,0.7072998903683205,0.3846145454321571
ENSG00000152193,0.7238169164083066,0.3592474954812518
ENSG00000122042,0.48283425107064193,0.6404134813144442
ENSG00000185989,0.40474410196032373,0.6620914982952428
ENSG00000183098,0.04670679399578366,0.0694010619797487
ENSG00000134884,0.4982027504078166,0.41350517944826726
ENSG00000152767,0.2518678419254959,0.35548034673883944
ENSG00000136156,0.11501599287659162,0.19225683859883155
ENSG00000204977,0.3702199891313318,0.3164100018964778
ENSG00000198553,0.218178999083824,0.16200913499368919
ENSG00000136104,0.6796337623141604,0.5869696736998737
ENSG00000150510,0.20846314679074218,0.15822232422605284
ENSG00000205863,0.09538481248469535,0.08678880134274641
ENSG00000139597,0.7768918161537492,0.81003107390602
ENSG00000120693,0.49609001171789213,0.5407267035105916
ENSG00000133111,0.04171293891595288,0.019219032351326663
ENSG00000122035,0.4962846293725873,0.34278972881433745
ENSG00000136167,0.6680642748295803,0.8793823039935229
ENSG00000102452,0.051469646259990405,0.09441837019676416
ENSG00000151287,0.7247936826358534,0.9702459911874639
ENSG00000134897,0.17959621940129,0.1699429200233054
ENSG00000183087,0.9193056880633406,0.8004714840064948
ENSG00000136159,0.4654643154587318,0.2712087851569102
ENSG00000136146,0.14598665318007836,0.07785062020407375
ENSG00000139687,0.9643356597694765,0.6334370893871037
ENSG00000139746,0.5967571829828702,0.3770643036669249
ENSG00000125266,0.5048627982681143,0.9103641679921173
ENSG00000102780,0.7610404990317399,0.9369121254533487
ENSG00000134874,0.07532653872777764,0.06161566202150981
ENSG00000136143,0.45257198564133416,0.246199114381787
ENSG00000118939,0.46876952897281465,0.5887735675822767
ENSG00000169508,0.1108270248951024,0.18236073318071314
ENSG00000139826,0.45405648737449866,0.294438340059221
ENSG00000139684,0.06987918865394081,0.09551920923120936
ENSG00000083544,0.9478039678643865,0.9072334508707236
ENSG00000133104,0.21226174624494182,0.35281203403252737
ENSG00000102572,0.6589610213630754,0.5718617560744991
ENSG00000136161,0.17016263732792974,0.2832444593309221
ENSG00000132965,0.29472899742250336,0.31307745923744384
ENSG00000032742,0.6136284576022861,0.5000708663823117
ENSG00000102445,0.9298508293191454,0.8078647825686633
ENSG00000125247,0.9222030183760632,0.9275386284195809
ENSG00000133106,0.9560219457445904,0.7828513559493246
ENSG00000127863,0.30991552383643695,0.2884322941833442
ENSG00000139832,0.5306252951667194,0.44432631240617315
ENSG00000134905,0.442611478464664,0.2762022441304222
ENSG00000153487,0.664597130819776,0.40368896508477803
ENSG00000165572,0.7254880825191512,0.4329651935495562
ENSG00000120696,0.9308409058056657,0.7943710128311648
ENSG00000120662,0.2526742261912957,0.12105060202118585
ENSG00000172766,0.27017046928074373,0.09535905652389041
ENSG00000102760,0.2404230891052457,0.3568976899100883
ENSG00000102763,0.3928188737220967,0.30248675058838476
ENSG00000125249,0.7166733952353642,0.5837510061052427
ENSG00000139679,0.5635049670342174,0.6559120637125148
ENSG00000213995,0.6438120986980747,0.42652885604447466
ENSG00000165474,0.6173880112003121,0.4298804487795862
ENSG00000121742,0.9017981277870281,0.8035986639997874
ENSG00000121741,0.572452020608105,0.26894124935266484
ENSG00000150456,0.5526946942424227,0.6707160827801727
ENSG00000150457,0.27585170313575713,0.7854697001627409
ENSG00000151849,0.41326364779879876,0.31214327862937324
ENSG00000180730,0.10408800197146026,0.2298598333637913
ENSG00000073910,0.037460539506648544,0.06747288135010898
ENSG00000083642,0.17659704935204695,0.149243174952027
ENSG00000123178,0.42370570712582345,0.5178852056827837
ENSG00000253797,0.567965284683752,0.6627699714873367
ENSG00000136098,0.222984681146114,0.29442248668655896
ENSG00000102786,0.3673263583184595,0.30586198069657683
ENSG00000122033,0.1813311952966836,0.1191065265716504
ENSG00000125245,0.6227077212783221,0.5748051960170192
ENSG00000102524,0.985228577594784,0.877941637370241
ENSG00000127870,0.2612907665469056,0.09384823664438098
ENSG00000151835,0.503213467322048,0.7711238018954834
ENSG00000178695,0.30860344341599993,0.3196122831451523
ENSG00000102805,0.6336358479819625,0.6823153842388041
ENSG00000005812,0.8305533771629683,0.6852994106983195
ENSG00000122026,0.5233789267448679,0.28153670803815606
ENSG00000134899,0.554873053652487,0.39313347523101905
ENSG00000172458,0.7185636089923428,0.9407043368811526
ENSG00000134864,0.9691801908383115,0.942588906156917
ENSG00000068650,0.6865903154799617,0.2975797960414797
ENSG00000188243,0.6589978285817875,0.9901756148638353
ENSG00000136114,0.11947532531605852,0.17012839553657405
ENSG00000136100,0.19821892573315258,0.1474510791656156
ENSG00000136108,0.22228542880630955,0.10034069912342487
ENSG00000165416,0.3792894062249832,0.34597298506318286
ENSG00000139675,0.742639892098446,0.3793427983250355
ENSG00000043355,0.7944867227599648,0.5589582810077887
ENSG00000139800,0.3755600510801397,0.18358720574099738
ENSG00000139517,0.2994911352480076,0.1991014976417777
ENSG00000139515,0.6063700841953561,0.559741181627444
ENSG00000186184,0.5146373540030713,0.3283571647088013
ENSG00000174405,0.7012166074059509,0.37440234304271236
ENSG00000125246,0.5493258379361685,0.7558830201502486
ENSG00000198542,0.019469306556677845,0.02996771120783819
ENSG00000102710,0.825170863138543,0.9586785941778381
ENSG00000102595,0.9367073892812123,0.7578162310283337
ENSG00000172915,0.27141390325919157,0.4145234340152475
ENSG00000136169,0.34714527706428144,0.3093341270112282
ENSG00000136147,0.6593270226659709,0.6334177429596501
ENSG00000136144,0.5453920215659827,0.48339030041222064
ENSG00000165480,0.2876827636162691,0.15046577644334688
ENSG00000173141,0.486448707994412,0.4496478271874942
ENSG00000165487,0.3404242959277411,0.10825928876290405
ENSG00000120697,0.9184930212679108,0.4719596326223774
ENSG00000120699,0.22665268578909145,0.15265194124896622
ENSG00000120658,0.13246745092097226,0.11651997288870725
ENSG00000151773,0.6735311807069795,0.6916600325396398
ENSG00000179630,0.7397492844002678,0.5681660710192176
ENSG00000185896,0.7465838640733631,0.5015232484970384
ENSG00000139835,0.15205809097077624,0.24088642866619744
ENSG00000150401,0.35046776844786676,0.2631595199179237
ENSG00000150403,0.6425639519286359,0.8152545567257773
ENSG00000198176,0.19184297636234673,0.0750683005879764
ENSG00000153531,0.8350584649881149,0.6227092699193517
ENSG00000123200,0.7335307584899682,0.5346755245207604
ENSG00000132953,0.5900375302470124,0.2990312879595778
ENSG00000005810,0.5262755161535394,0.36451948262734324
ENSG00000196199,0.24524817566648818,0.10418731938183416
ENSG00000121390,0.39004346230190734,0.2642029281388551
ENSG00000139668,0.6629320971618592,0.7314524577927772
ENSG00000102796,0.2484325454100913,0.28666596966995
ENSG00000136153,0.9660070352863978,0.7640328717979795
ENSG00000139508,0.6037525360370994,0.46266989172063755
ENSG00000132963,0.2900357030217032,0.06684798067065624
ENSG00000120659,0.3803775442211975,0.3961053870979103
ENSG00000134900,0.6095025634817824,0.897883502665376
ENSG00000123191,0.6440638644400434,0.542926870917319
ENSG00000253710,0.960229414786209,0.5988374503253078
ENSG00000139496,0.4384570714664572,0.19155071749472108
ENSG00000244754,0.6068590775008333,0.26248271720324134
ENSG00000280165,0.49836629338185134,0.7026250911789473
ENSG00000150459,0.426555058848588,0.38783431655180267
ENSG00000139618,0.4502344201299059,0.16424026532262614
ENSG00000102606,0.8273734591100732,0.5595471075350873
ENSG00000132964,0.40355290754252837,0.2595210241835726
ENSG00000130177,0.9222658323599427,0.8316327166568938
ENSG00000169062,0.6632718114013131,0.8167692690261752
ENSG00000198824,0.33624374553630876,0.1569193224036184
ENSG00000102471,0.9765907215440918,0.8888008726929104
ENSG00000088387,0.8305375732157707,0.7658299596702526
ENSG00000120694,0.8216966786910778,0.6544400994960524
ENSG00000187676,0.8563675787574689,0.7267878965905463
ENSG00000180776,0.3814571446718086,0.23199706979149315
ENSG00000118922,0.42316183328766943,0.7830447555365024
ENSG00000139793,0.3002892418433974,0.4476562619743274
ENSG00000126218,0.22501110794962026,0.24176912391655414
ENSG00000126226,0.6400343136369924,0.41004398383470086
ENSG00000139842,0.13067655688297644,0.05857536674930424
ENSG00000186009,0.4276607514375911,0.3171108315095253
ENSG00000126217,0.5586026857887729,0.35808511347758
ENSG00000136160,0.03105290374378443,0.07063005446062569
ENSG00000139737,0.057991521405161624,0.15912191850506135
ENSG00000133121,0.6358502844409479,0.7224221869424108
ENSG00000123179,0.40701226533677437,0.30005314427905094
ENSG00000198033,0.17039096443081686,0.10880866704983479
ENSG00000276644,0.4121122128710607,0.6502343685055489
ENSG00000152213,0.48702088095927965,0.7315048957042827
ENSG00000134901,0.09518876991393901,0.10606828805949832
ENSG00000152520,0.26054274283101525,0.15387097861346338
ENSG00000102755,0.04664508846395362,0.11659526963706392
ENSG00000083635,0.6213990564856645,0.40345645762478566
ENSG00000133114,0.41140453402412136,0.22031987062659927
ENSG00000188342,0.6831383484218132,0.43924201541329577
ENSG00000133112,0.4707545331346785,0.92424899626498
ENSG00000174032,0.9904142940178857,0.8847546619145972
ENSG00000139505,0.903709862119809,0.5105566535532489
ENSG00000125304,0.655632810791376,0.5139476505441476
ENSG00000120669,0.0658057723756713,0.07358402469479755
ENSG00000242715,0.903429887619511,0.8752130160817684
ENSG00000133083,0.014531298142098697,0.016039884528194433
ENSG00000102738,0.3012118584593587,0.16845746842430476
ENSG00000102743,0.10184425374450996,0.07413443602913775
ENSG00000099917,0.74585222565313,0.6949648104014907
ENSG00000211667,0.6415549203745048,0.7581008049917103
ENSG00000211668,0.545283373462135,0.9485055492036631
ENSG00000184792,0.5513117341466633,0.4342656733889304
ENSG00000185666,0.8718977841264095,0.9054702944667414
ENSG00000099985,0.24461570198351673,0.2995001083273456
ENSG00000185721,0.9649292047646356,0.9674008850100064
ENSG00000100225,0.5384780217025338,0.5640659122700145
ENSG00000100365,0.5608794374246246,0.25793473692363306
ENSG00000198089,0.20971573045381056,0.15723892143600818
ENSG00000100354,0.43455077786531904,0.5173399584919669
ENSG00000175329,0.958098920839966,0.8896155560273173
ENSG00000100294,0.16254193806313122,0.28521377151418414
ENSG00000100170,0.019553871095763273,0.038146887867771026
ENSG00000128342,0.8617852328929015,0.7575455272533833
ENSG00000100307,0.7299152559329442,0.836003493508454
ENSG00000054611,0.7543702359749488,0.958273617295358
ENSG00000100426,0.5150486319179066,0.5720703667040231
ENSG00000100316,0.9655992901324926,0.9456572745395355
ENSG00000075218,0.2503354100960041,0.2036743040549795
ENSG00000184708,0.8884070635114679,0.8827466540604552
ENSG00000248405,0.07688103885380873,0.07528004196088671
ENSG00000188064,0.19250646314743838,0.4474291728111419
ENSG00000100347,0.42197422136185225,0.40710264683216535
ENSG00000075234,0.30173654620922324,0.2984721276853539
ENSG00000100372,0.12858364632455382,0.14912224655014567
ENSG00000100106,0.8784640211498548,0.9728323007991789
ENSG00000100304,0.17905693807713072,0.1617728417893239
ENSG00000186654,0.04583008855570291,0.11758095323710764
ENSG00000100150,0.5499898503895362,0.43039678476798415
ENSG00000198355,0.15610483174502984,0.13887766299451326
ENSG00000093000,0.09415137200080015,0.09292840822695772
ENSG00000205593,0.2276903956895944,0.29213886777063097
ENSG00000130638,0.6698939613073253,0.7090043981215395
ENSG00000100422,0.9269546805277262,0.9705580384675166
ENSG00000100239,0.6823900042661193,0.8107966760115237
ENSG00000183530,0.5382369846466735,0.3968426075962771
ENSG00000188636,0.732006570410922,0.6758596778803083
ENSG00000133477,0.9726666405195141,0.8323591205624153
ENSG00000182858,0.786761256346677,0.9156370733742181
ENSG00000100321,0.09846398306981972,0.050021400121842786
ENSG00000100360,0.6832268546204123,0.9276501825625577
ENSG00000100311,0.1567568285203454,0.156050362336201
ENSG00000138964,0.8652022134898122,0.947396369947165
ENSG00000100290,0.12609618661489144,0.18467573706792717
ENSG00000100271,0.6612649605677388,0.9200993126225054
ENSG00000100124,0.9455296826828957,0.8417455927557735
ENSG00000100300,0.032149324913326185,0.052965912254385496
ENSG00000100105,0.3465171660130185,0.36443800323462305
ENSG00000138944,0.40069071405489187,0.36874207607609
ENSG00000196236,0.15955484136737233,0.1596329664771003
ENSG00000183579,0.37016914663042244,0.5134925357452589
ENSG00000100266,0.6006495808356698,0.5321543802460031
ENSG00000100220,0.6802439644870146,0.530687603780974
ENSG00000128245,0.4638419306174949,0.37564145244332003
ENSG00000128203,0.1819070860358907,0.16514994410479494
ENSG00000100104,0.9841946575240301,0.8920679083731998
ENSG00000100109,0.31167206749635135,0.2629597520155833
ENSG00000133466,0.11009174835889086,0.11948465713191522
ENSG00000100014,0.9530003489186089,0.9813546445356695
ENSG00000128271,0.5165039601571649,0.5695892596505466
ENSG00000100028,0.4017197989047715,0.6765517173962521
ENSG00000178026,0.8042625697783741,0.7004690354531742
ENSG00000100031,0.5558107013247346,0.6180415748758542
ENSG00000219438,0.009711070280197652,0.013222688925541811
ENSG00000100030,0.9275898433556563,0.9144475791704763
ENSG00000100330,0.6689886966018492,0.6449186627092668
ENSG00000100359,0.39818146912582486,0.6704490377113592
ENSG00000133422,0.7788050385119012,0.82883350428318
ENSG00000283809,0.7779176245348213,0.8196634759541714
ENSG00000184983,0.7078931115695808,0.5135789801020613
ENSG00000189306,0.39992078427973,0.358402118880654
ENSG00000100246,0.5332569681492478,0.31029861772666534
ENSG00000221890,0.12192193616364799,0.224396315851958
ENSG00000183741,0.4011602972143129,0.3744655237602701
ENSG00000128383,0.7584466794517428,0.6587915151524797
ENSG00000179750,0.8216835220542437,0.6748252439172897
ENSG00000244509,0.9843282003086895,0.9828126813590284
ENSG00000128394,0.4312423334573765,0.4586670346144176
ENSG00000239713,0.985401752524415,0.8672982078019652
ENSG00000100324,0.4946568479939083,0.5479864687265115
ENSG00000128268,0.8287628468447232,0.8160741511700599
ENSG00000100335,0.1218093887394417,0.08257525172719701
ENSG00000187051,0.7941547198549899,0.8158543358972149
ENSG00000131100,0.9535409437810394,0.944412043964416
ENSG00000099968,0.6400305919241789,0.9983012606341276
ENSG00000243156,0.6001862233178739,0.7786590191547069
ENSG00000100416,0.16738930733510388,0.1374222236933998
ENSG00000075240,0.7667788708569698,0.930394169745359
ENSG00000075275,0.261005755133632,0.5805072817855009
ENSG00000015475,0.39414680570110916,0.2845551334174847
ENSG00000100234,0.039072871222921066,0.04213493515534819
ENSG00000184164,0.8196527013493472,0.7584316098355155
ENSG00000188677,0.14266023547511522,0.3228851675777244
ENSG00000100403,0.18553272876615123,0.21025582154964537
ENSG00000167074,0.14995897727093174,0.1379644421022403
ENSG00000183864,0.3718385040236746,0.2877319031422457
ENSG00000100410,0.0832157912940095,0.101551699951817
ENSG00000100413,0.2198034228298782,0.22646319819698338
ENSG00000100417,0.2475075673678316,0.0797669651839725
ENSG00000100418,0.40095808088197793,0.6814697734937232
ENSG00000196419,0.5284518642277585,0.48896405855870895
ENSG00000100138,0.986725478672163,0.983555453272174
ENSG00000100209,0.5718555324880972,0.8327520181608805
ENSG00000183765,0.37190966160428796,0.4733658433683303
ENSG00000093010,0.9788601363310194,0.7657587565612289
ENSG00000099889,0.14518004993571615,0.19328699481694991
ENSG00000183597,0.2682757098752718,0.2635460325160455
ENSG00000099901,0.24238013967851116,0.24554673048414874
ENSG00000099904,0.9299914182650124,0.820787467615894
ENSG00000100084,0.2171706558887949,0.15808967398834867
ENSG00000070010,0.6828169769213323,0.7852567067791395
ENSG00000093009,0.34846191799318404,0.267453821915214
ENSG00000184702,0.1344118002034835,0.07206194509471302
ENSG00000203618,0.09834850277532302,0.15211653606926642
ENSG00000185838,0.0994361846882381,0.10727511901659692
ENSG00000215012,0.09581947595811262,0.14600428170663435
ENSG00000040608,0.14602561941458006,0.14366902457695999
ENSG00000128185,0.2661467951272785,0.4703091773859903
ENSG00000184470,0.6794617779292534,0.6561767338282138
ENSG00000073150,0.8565268726248463,0.9600958227117217
ENSG00000170638,0.15010481475060306,0.17606045842439347
ENSG00000128159,0.628447943983695,0.6068689046775197
ENSG00000100429,0.42821480185790806,0.642561457281423
ENSG00000188130,0.47511324752488826,0.5731442099825326
ENSG00000185386,0.7617344209228238,0.6234685331793404
ENSG00000242259,0.7858393641120565,0.8660554885265633
ENSG00000167077,0.8406465776139056,0.767573511306022
ENSG00000198911,0.3934961414945014,0.3386054697601726
ENSG00000159958,0.7349484567659358,0.7211489570833218
ENSG00000100162,0.24548673401937707,0.26363800548012933
ENSG00000198951,0.4458782386541713,0.47663364895908567
ENSG00000177096,0.9261794633306297,0.7299563546995018
ENSG00000100147,0.05800735666604185,0.09226197886940778
ENSG00000100281,0.2675794450671158,0.2201996543618932
ENSG00000100297,0.2719073226179146,0.3072888076544281
ENSG00000100292,0.42575071355680505,0.4883786531076397
ENSG00000138867,0.2625355427377452,0.34225233000703903
ENSG00000133424,0.7076289995330938,0.5550041453625011
ENSG00000241484,0.0967611410092716,0.12639607450608512
ENSG00000100298,0.3903492915201179,0.3471932263085903
ENSG00000128309,0.35887061928608077,0.6121810397803537
ENSG00000128346,0.6134520224700772,0.5065373977032094
ENSG00000100142,0.9270045114546714,0.8769256428948294
ENSG00000100151,0.10182408285043804,0.1610633643415216
ENSG00000128298,0.32679555087296913,0.35132275972673
ENSG00000161179,0.6372626618224652,0.5039644316482342
ENSG00000128228,0.9326291022301467,0.9076042884551612
ENSG00000100023,0.3980593025841407,0.3794883169633533
ENSG00000100027,0.8135395590510331,0.8652061730709211
ENSG00000185252,0.22053367475063063,0.2853150859313793
ENSG00000099910,0.6747679777644482,0.7239488176999929
ENSG00000133433,0.5381418821456676,0.6320171333503315
ENSG00000099974,0.2322969615730909,0.29445349164545737
ENSG00000099991,0.47376418497940764,0.6671058394685134
ENSG00000183762,0.1346822730838104,0.24005429785042115
ENSG00000186998,0.8878346427969703,0.9735272004687259
ENSG00000100263,0.10668057610700601,0.12082549473200842
ENSG00000100285,0.34090507753878485,0.17663501834322995
ENSG00000100296,0.5687207222776647,0.5906761679359327
ENSG00000184117,0.9974903736040032,0.8160644207835729
ENSG00000186575,0.20014647946406722,0.2659207976335043
ENSG00000100319,0.966906262056665,0.37169481624353784
ENSG00000184076,0.9074537043979101,0.6331966420312019
ENSG00000239282,0.7480442616495739,0.907400195506794
ENSG00000099992,0.5592259566236901,0.5527287090909638
ENSG00000099995,0.9323675708975889,0.7504621491495753
ENSG00000099999,0.845469542468978,0.7703578627876302
ENSG00000100003,0.14681065754184375,0.0944257709499303
ENSG00000242114,0.6464928419520497,0.49984456004853917
ENSG00000133488,0.49887486975500905,0.39187858133286024
ENSG00000128242,0.5779371503953159,0.5175843257659425
ENSG00000100029,0.5004222061449555,0.4008858353687118
ENSG00000099958,0.6226902369521009,0.5778035048342511
ENSG00000240972,0.549698135434951,0.5458224308489834
ENSG00000099994,0.22949577909900248,0.19422844650070673
ENSG00000100284,0.5180822944197463,0.4246791322881084
ENSG00000100216,0.627618338839328,0.829998293630079
ENSG00000196576,0.20385969877805224,0.18205929095302903
ENSG00000100075,0.7120861622281953,0.7355476906909987
ENSG00000183785,0.38668798809399707,0.22475060375799735
ENSG00000239900,0.24232704910230643,0.3251570018190516
ENSG00000100218,0.9922432838736303,0.7106708122047536
ENSG00000128266,0.9303501054979801,0.9102612071618408
ENSG00000186716,0.41166063998014024,0.32278559400433626
ENSG00000100116,0.5160432292900753,0.5980770438855472
ENSG00000100129,0.849333461304308,0.9352254176752838
ENSG00000100139,0.5119896720300761,0.44619792119611945
ENSG00000100412,0.3819020265313121,0.4243120018758477
ENSG00000100280,0.8287100097517152,0.6963663235505813
ENSG00000185608,0.8609086575236532,0.5883437779879975
ENSG00000100033,0.613776631567295,0.7334400127113041
ENSG00000243811,0.4408575148875137,0.4650286453186928
ENSG00000215193,0.23463984801999732,0.2654938673562529
ENSG00000099937,0.8525336696995284,0.5106565852630178
ENSG00000099940,0.6693333513380652,0.7206754902826567
ENSG00000099942,0.28860367780834684,0.24584375038993925
ENSG00000184436,0.1510794059095927,0.269196643920528
ENSG00000100207,0.02950099411385275,0.03759587843351053
ENSG00000100336,0.6906889716321535,0.916251535865179
ENSG00000100258,0.975151230218473,0.7943835956404615
ENSG00000025770,0.48114190337825724,0.7622171381972225
ENSG00000284194,0.25870508406872833,0.3087669220018608
ENSG00000025708,0.7972621844054035,0.8062528686835411
ENSG00000130487,0.9665994251344161,0.6917234714609644
ENSG00000217442,0.8997046695679376,0.7389213313552786
ENSG00000205560,0.5354557651401828,0.6101259081002872
ENSG00000100288,0.0799900431062094,0.032349279015633725
ENSG00000008735,0.46086534667493584,0.4990627664928492
ENSG00000100299,0.6560431245241564,0.6967286120260279
ENSG00000100228,0.8474640803653317,0.8740772723301952
ENSG00000189060,0.6281325748541012,0.4560992903018345
ENSG00000184113,0.395198300249459,0.2667579594555285
ENSG00000100034,0.9803509927649314,0.7922428295293561
ENSG00000100038,0.4847770076551374,0.6928508805621443
ENSG00000211637,0.6318507667110467,0.4287745727940766
ENSG00000211642,0.903870515306219,0.6850849255061306
ENSG00000211638,0.3563582135971628,0.7762352346298209
ENSG00000211639,0.8411339878967606,0.7462604865346851
ENSG00000211640,0.9701837171702864,0.4919923840292043
ENSG00000211643,0.05327370946054249,0.022416645595541115
ENSG00000211644,0.41551056669692754,0.4551643535714325
ENSG00000211645,0.15202459861807358,0.2911846472191508
ENSG00000223350,0.5358888325004078,0.5932358416316083
ENSG00000211648,0.07395516081298238,0.1201831264077489
ENSG00000211649,0.8834444381820469,0.6347622668361816
ENSG00000211651,0.7319419519704022,0.9406071228665461
ENSG00000211652,0.788838690984007,0.975515540122089
ENSG00000211653,0.31909818844213395,0.5517254411269903
ENSG00000211654,0.5617367144848752,0.5428381052926946
ENSG00000211655,0.9804805636502354,0.8013027547595578
ENSG00000187860,0.5964047535851289,0.5923908159492037
ENSG00000177989,0.874371324952126,0.7845973230349437
ENSG00000100221,0.45533437572552204,0.4754602850632057
ENSG00000100345,0.6522625891998943,0.693117633788617
ENSG00000100302,0.24425850040363864,0.14456195719575907
ENSG00000221963,0.31760587475041746,0.23309175924583816
ENSG00000128335,0.7568411956932435,0.8431761719814622
ENSG00000197077,0.35946616994674796,0.3325104112537947
ENSG00000128272,0.7280165346857426,0.5605956822741951
ENSG00000100368,0.31667236902924933,0.4312489164944875
ENSG00000100077,0.44945234490028574,0.6778517876746859
ENSG00000100380,0.7177468753035978,0.8930672819462583
ENSG00000073169,0.7690798215876382,0.7951905959559914
ENSG00000159307,0.2794607361325591,0.2846239446711866
ENSG00000244486,0.0652553350937418,0.08153324288265801
ENSG00000133460,0.4431735104463965,0.43938422058250004
ENSG00000100154,0.11570584525755732,0.12298337716264503
ENSG00000100167,0.9808571596481918,0.7215220389230401
ENSG00000100379,0.5169937738926942,0.7257843741792585
ENSG00000128165,0.5240890476694073,0.6325522508510305
ENSG00000100253,0.9816335450622466,0.7057956597396683
ENSG00000100241,0.2208018754102543,0.2415745058178211
ENSG00000079974,0.1714323003868675,0.1796003941987643
ENSG00000186951,0.3343968448728777,0.2863994926218561
ENSG00000205643,0.17431449337622676,0.44012505434526217
ENSG00000183569,0.33474171679773956,0.2769409938694862
ENSG00000183172,0.7189600235271003,0.5238443792171017
ENSG00000128274,0.24307911520869793,0.15100548839579278
ENSG00000242247,0.48487120394448757,0.38135776948225597
ENSG00000100243,0.34214011382709186,0.2624629592340111
ENSG00000100348,0.15343051038688074,0.23589580224104492
ENSG00000100350,0.15938769857668886,0.10154230576950132
ENSG00000100353,0.9936883023771281,0.7961216117101962
ENSG00000100242,0.465018434099448,0.432443835672235
ENSG00000100425,0.9461288703176524,0.9400783249110608
ENSG00000241878,0.8970464002520651,0.9777985560154087
ENSG00000177663,0.0462017076098691,0.03774574074865939
ENSG00000069998,0.08255698357386337,0.09554625577209373
ENSG00000100211,0.6484352983054342,0.41446941527510317
ENSG00000128284,0.6895732794098718,0.779150856029353
ENSG00000251322,0.45187125502732983,0.5887649158751058
ENSG00000100320,0.27366914819875726,0.30156147280720563
ENSG00000099998,0.014496501743595295,0.034855706932810995
ENSG00000188263,0.9553691707050705,0.8740362034296126
ENSG00000185651,0.2491276713836624,0.3147538200545886
ENSG00000093072,0.19480643460919014,0.34233266998744105
ENSG00000128322,0.641486340628838,0.8182347448081891
ENSG00000100227,0.14966021168098942,0.13020167529808588
ENSG00000241973,0.74792272953827,0.6806965794281385
ENSG00000169635,0.5739116329986342,0.6489735880524117
ENSG00000100351,0.6467571355327228,0.5788538555979692
ENSG00000235568,0.33093090426694893,0.23849927908341195
ENSG00000275004,0.7789305322577601,0.79328358296382
ENSG00000185686,0.25327577168951954,0.46986619310956235
ENSG00000211658,0.5379460954830307,0.8436272332118255
ENSG00000211659,0.49785570667194234,0.957403203719461
ENSG00000211660,0.40459827626008105,0.6936942327844098
ENSG00000211661,0.3598977521507054,0.37431711816617985
ENSG00000211662,0.9511411189741282,0.5908096030798142
ENSG00000211663,0.6637233089008405,0.916892258547913
ENSG00000211664,0.9346141310590972,0.59577984036653
ENSG00000211665,0.9055557835547464,0.8911367974193188
ENSG00000211666,0.5263662193183557,0.8166805398034038
ENSG00000070413,0.6521401125186008,0.5397317845686054
ENSG00000100226,0.7667062646781019,0.7589678400470328
ENSG00000250479,0.3378789893299094,0.42281290676395933
ENSG00000099953,0.009265606049456416,0.02000754561171209
ENSG00000100325,0.9557763799940262,0.9657560861688924
ENSG00000100395,0.09286129040029485,0.08864475753251705
ENSG00000100399,0.03935441635271559,0.043616598880776174
ENSG00000100146,0.5612738129727892,0.3770881917013261
ENSG00000185022,0.8287900375950547,0.8626546137725617
ENSG00000198792,0.8546574458875634,0.9155603804908008
ENSG00000213923,0.4633533026250768,0.4980240644190328
ENSG00000100036,0.11392928976251718,0.09098578239276706
ENSG00000167065,0.6980961979630764,0.9010732510299989
ENSG00000185339,0.026392828498365,0.04351838594196541
ENSG00000253352,0.6507350426260186,0.5558413067797987
ENSG00000100385,0.4638742315956872,0.3066048736290254
ENSG00000184979,0.9553978657339764,0.9893708697089626
ENSG00000100099,0.29640895537975875,0.3717720319459902
ENSG00000100083,0.3735494913613967,0.4767779157830656
ENSG00000100092,0.020016588746167286,0.04158095281601651
ENSG00000285304,0.784443321981619,0.7042555738474612
ENSG00000100097,0.03837462212994016,0.05648267797066237
ENSG00000273899,0.22971560526140872,0.276933134472028
ENSG00000184381,0.6261036801040314,0.7558690773513554
ENSG00000100196,0.8642983134436162,0.7733469785674277
ENSG00000100201,0.7118285765582948,0.5626651302547672
ENSG00000128311,0.39639008124758623,0.358857022348798
ENSG00000100055,0.8644717799662673,0.8846008957170548
ENSG00000100060,0.915435088458115,0.6679281880318143
ENSG00000100065,0.49928813104452563,0.5555013763588326
ENSG00000128283,0.5161545852088579,0.6817169621575613
ENSG00000100079,0.6635953301091857,0.6489330199907287
ENSG00000128340,0.6459708529080967,0.8238969643902677
ENSG00000100342,0.760513925038909,0.8237607895024343
ENSG00000185340,0.31537933625020154,0.370211276959832
ENSG00000196588,0.36215646451708583,0.3629716274460846
ENSG00000184058,0.6618876278486634,0.9301342567697222
ENSG00000099949,0.472908562004129,0.694680142485031
ENSG00000180957,0.9329452347956693,0.8035527598259556
ENSG00000169184,0.08588058558570652,0.11574895938196425
ENSG00000100387,0.34752467499329986,0.3996184503894058
ENSG00000100393,0.7359513131377093,0.659381787948661
ENSG00000099956,0.8002490738456318,0.8607716036157919
ENSG00000211669,0.49135152892334744,0.7560750457833254
ENSG00000211670,0.22100041291264186,0.4989864223990518
ENSG00000278196,0.3215092164193873,0.5538259882281007
ENSG00000211672,0.5794207380419207,0.29744165084455143
ENSG00000211673,0.598965157333629,0.9808423292634221
ENSG00000254709,0.49484445899741714,0.7628343850482218
ENSG00000211674,0.9856428141317983,0.7485850829691796
ENSG00000211675,0.522361435738098,0.7765384377214692
ENSG00000211676,0.6024985547266232,0.9929999682572149
ENSG00000211677,0.43742989244590813,0.8122969940727222
ENSG00000211678,0.39724631159635837,0.696237464514645
ENSG00000211679,0.9453644227863391,0.7224994369600788
ENSG00000211684,0.4278675049062305,0.6027585629234872
ENSG00000211685,0.4977874218329882,0.7404334886431114
ENSG00000099977,0.3516600086193843,0.43267076960537554
ENSG00000099899,0.8686173801080967,0.5912239825116229
ENSG00000100401,0.14151541050614158,0.10288462397131484
ENSG00000128294,0.8533607715524942,0.8872652127233661
ENSG00000099960,0.9053104532492002,0.9584960295601661
ENSG00000159496,0.8759262550713705,0.8228080242860315
ENSG00000187792,0.4270646666720336,0.41518044206202687
ENSG00000128218,0.7052809687035302,0.8982925012370937
ENSG00000182944,0.20157604622455877,0.24495410548057042
ENSG00000100364,0.4221495087439928,0.5523412838269581
ENSG00000100373,0.3876303742244751,0.14422892299789122
ENSG00000100376,0.9746484389450932,0.9621033518280635
ENSG00000128408,0.8017795563966601,0.7503879296456692
ENSG00000077942,0.025230177776165923,0.017401336985839743
ENSG00000172346,0.11586351891526414,0.082102328364519
ENSG00000241360,0.3516144698394035,0.5964007156585309
ENSG00000159873,0.5176055857585122,0.5747759897576368
ENSG00000100219,0.49552656102101245,0.2888399070946788
ENSG00000167037,0.421859694422985,0.2757175430195119
ENSG00000070371,0.17054547436686304,0.21338190288374526
ENSG00000128191,0.3516561685316404,0.3214084494449084
ENSG00000183963,0.43001499728777204,0.274608457067916
ENSG00000198832,0.2411563315268292,0.2088637004305166
ENSG00000185133,0.009911992479151109,0.014127808738092162
ENSG00000138942,0.8850681530132632,0.9520603558023464
ENSG00000182541,0.5989589550543681,0.5369920946742962
ENSG00000100100,0.528430986802009,0.6010935810770816
ENSG00000151240,0.5795156354196137,0.5040738355700753
ENSG00000196139,0.16321341122265276,0.2506122837073633
ENSG00000178462,0.4212155695103377,0.4775113470881601
ENSG00000134463,0.30057035705803176,0.22115059436248966
ENSG00000151465,0.5452170349426582,0.5291323317776857
ENSG00000178473,0.7741389251938762,0.47540681093186
ENSG00000067082,0.10922318746543865,0.09051534270742523
ENSG00000165629,0.9515059264291095,0.8289844288287322
ENSG00000065665,0.6203607218123731,0.8424810558771826
ENSG00000151655,0.012324629089246652,0.007301481854678761
ENSG00000165609,0.7182419314053998,0.8383169334036612
ENSG00000151468,0.02473919138447372,0.038700047958751926
ENSG00000151657,0.5522854595822532,0.6831719928226101
ENSG00000151461,0.8005466979735285,0.7236446602014458
ENSG00000176244,0.7266611891797624,0.9698274239702552
ENSG00000152464,0.47624868847666835,0.6810886925984635
ENSG00000123243,0.0890880504174348,0.09746844314401726
ENSG00000260314,0.3966326241907431,0.5502050507824676
ENSG00000107614,0.9417712647778212,0.7896601306502722
ENSG00000148481,0.9311107373908856,0.9672600715255025
ENSG00000150867,0.19330098438078147,0.24457043163456066
ENSG00000198610,0.515737550463843,0.39793732430359263
ENSG00000204740,0.1463576512134149,0.12958157944990695
ENSG00000150051,0.5880506733287592,0.34525059956740556
ENSG00000077943,0.17636907527643098,0.1884410785749669
ENSG00000172671,0.5373510174406281,0.6094166128177243
ENSG00000148450,0.40247016483247866,0.13383558048192806
ENSG00000099256,0.04078866572385345,0.04366936913751329
ENSG00000148426,0.11033124877238143,0.05970442737463952
ENSG00000136770,0.4236103048407438,0.573839905474617
ENSG00000122912,0.24379747960114362,0.28963997750922993
ENSG00000165443,0.20362987686194978,0.08106261033429803
ENSG00000138303,0.9596233817039841,0.5135555947913029
ENSG00000165322,0.38309422373603663,0.47038307208617147
ENSG00000072401,0.2489702852592225,0.2886441279352028
ENSG00000196693,0.8181922656218157,0.8934998891210721
ENSG00000099250,0.0008101303310825941,0.0029634604083348236
ENSG00000120594,0.02436019210074979,0.03775843317651056
ENSG00000148484,0.46913380748120537,0.24445919313341477
ENSG00000165757,0.029023047196017775,0.03416711511954428
ENSG00000165655,0.8684221862435666,0.6086155147933923
ENSG00000165406,0.8475045417392545,0.8134346408894928
ENSG00000107984,0.02845100072267926,0.02157814932025311
ENSG00000170759,0.7365531663259046,0.6684385930408766
ENSG00000152465,0.1811261386296472,0.07723777649380766
ENSG00000204161,0.2470608394911473,0.3964665961182141
ENSG00000060339,0.8660767858226881,0.9091320745181185
ENSG00000122952,0.475986170916337,0.456939101007818
ENSG00000148655,0.5723289382244992,0.884792291020694
ENSG00000165512,0.003280861929316509,0.004843303428418443
ENSG00000122359,0.16953595804821947,0.10807968754563266
ENSG00000122378,0.7671027930996196,0.610041846895104
ENSG00000107789,0.36820137557396104,0.5136736039526748
ENSG00000108064,0.8847507030653383,0.836513741603935
ENSG00000138119,0.9740985018903046,0.9247877568523127
ENSG00000165733,0.8640029277686404,0.6508342364631867
ENSG00000152804,0.34008354650360356,0.4504780602656472
ENSG00000107771,0.38346378703352846,0.5566065366097019
ENSG00000165476,0.3608509321569656,0.4754996778062488
ENSG00000184719,0.2316294560206256,0.2529132985497004
ENSG00000148572,0.8639411000286789,0.5894602400811058
ENSG00000165841,0.9420814966986613,0.7793223079472487
ENSG00000181192,0.6502047557455969,0.5663174130388218
ENSG00000107551,0.47250905083135564,0.4385324349166747
ENSG00000155629,0.7886018680013078,0.9899927022878396
ENSG00000077420,0.20612011243944597,0.21598484046766522
ENSG00000174721,0.7078183241552649,0.40394563440847897
ENSG00000156650,0.969002319016413,0.658563206621888
ENSG00000175395,0.4981902626228156,0.4334764504467813
ENSG00000198060,0.9879305921179896,0.8514204345317924
ENSG00000213341,0.4155930954109581,0.17217366067823134
ENSG00000151224,0.30359065546514097,0.3991744949743694
ENSG00000120057,0.24967620660812542,0.07469135673194485
ENSG00000107864,0.5345881830194942,0.6988005619827209
ENSG00000138190,0.48169574945286064,0.30041686147558505
ENSG00000122870,0.01458233672629218,0.03227551061088194
ENSG00000122863,0.12043382867995414,0.3339947206917277
ENSG00000155254,0.021162800999403503,0.031298627530493936
ENSG00000099194,0.4788593444579279,0.7316333413721614
ENSG00000241935,0.7324335412956267,0.8022150443601277
ENSG00000166167,0.6904497854427658,0.6259947582785739
ENSG00000148468,0.3516201747256815,0.1965224993627174
ENSG00000189180,0.7742042466310164,0.8212492612514883
ENSG00000165507,0.015264153654915442,0.023570925287713155
ENSG00000171160,0.25902053418369164,0.17859341713437452
ENSG00000148834,0.03045309944438692,0.08097257455627412
ENSG00000165879,0.8089966887041138,0.45610230154810005
ENSG00000196072,0.41184273079837275,0.4876764788406738
ENSG00000165886,0.2032849640172022,0.19877230273313126
ENSG00000119986,0.9797359091029569,0.7310825223407171
ENSG00000052749,0.691374013529335,0.5729696420543282
ENSG00000177613,0.16336772510648243,0.16949462922149905
ENSG00000213390,0.3998271076164308,0.3182862562714048
ENSG00000166171,0.4632010377442273,0.42762782200778116
ENSG00000166169,0.6351074432836947,0.724361911247247
ENSG00000165669,0.7226267792990733,0.8105077506568265
ENSG00000107829,0.5676873874537434,0.8964993894873672
ENSG00000155265,0.3649775400388491,0.6117104223975202
ENSG00000148843,0.2758350475599818,0.21841608722607164
ENSG00000107581,0.7181772141040308,0.6174668542384196
ENSG00000185875,0.9018786531778307,0.6671597300607145
ENSG00000072422,0.19619550617450335,0.44328668547158045
ENSG00000120029,0.570818182192644,0.6531922922848485
ENSG00000204172,0.6266001946950011,0.5032162673992313
ENSG00000171314,0.6801724124663697,0.6553366941129056
ENSG00000148541,0.1465224410409336,0.10943590273063891
ENSG00000148841,0.008795592826107075,0.013212480614760784
ENSG00000138346,0.2855119793297284,0.17871906839127244
ENSG00000108100,0.5554947018824574,0.5099613841302799
ENSG00000119979,0.6470949535256723,0.7221420774568839
ENSG00000151893,0.9749018240220559,0.9313054262624068
ENSG00000181274,0.525909354831279,0.8161618605101214
ENSG00000107560,0.8722819284294083,0.8735602391749651
ENSG00000189319,0.06775998190071007,0.16591667620692022
ENSG00000213185,0.9240478373608951,0.9501787886377367
ENSG00000138152,0.20854381190409427,0.6161088010191991
ENSG00000065154,0.5244358681974097,0.3203487512614785
ENSG00000170430,0.8876515417565161,0.5899090693458424
ENSG00000156398,0.6197179805647689,0.7179906684468349
ENSG00000148824,0.8607195942949287,0.9868517098499775
ENSG00000095574,0.5840164195569928,0.6829491707238224
ENSG00000166272,0.2943014052453173,0.34176370019299357
ENSG00000107949,0.5211541397837829,0.6617599285617431
ENSG00000068383,0.5453782918839623,0.34873686122870384
ENSG00000182022,0.4116183606785021,0.31227663467245065
ENSG00000138162,0.9345559540852617,0.48134477845118817
ENSG00000148702,0.0023747860003527996,0.0077574531295763844
ENSG00000107902,0.9493986300917677,0.8046131632506233
ENSG00000089876,0.9684346058225143,0.7850993835743425
ENSG00000166033,0.009342017216978808,0.019750995001280896
ENSG00000148773,0.3687057120588929,0.2587194772605038
ENSG00000165650,0.28685100444682854,0.21774078986153222
ENSG00000203791,0.6898252500744986,0.7406625162389708
ENSG00000077147,0.9567333367729394,0.9094203327557445
ENSG00000171307,0.6028884649225286,0.7387035601393128
ENSG00000183605,0.24562563871837703,0.3193008324465261
ENSG00000180745,0.10743541210712372,0.2686466928638191
ENSG00000120008,0.5754707355535287,0.5172821631318771
ENSG00000165672,0.8577053096065003,0.9544820883509838
ENSG00000171311,0.6074529925758324,0.6060660749914335
ENSG00000188613,0.2500189126469538,0.17975469547211773
ENSG00000203780,0.4556448290472874,0.8217863172776525
ENSG00000196177,0.8018899121624118,0.9422662651660879
ENSG00000108039,0.712182041623374,0.6702316407609161
ENSG00000165646,0.017451876963990257,0.017643217504329872
ENSG00000165660,0.8222925362296143,0.9338443769350764
ENSG00000187164,0.79464672607065,0.5727410931660917
ENSG00000165752,0.8280877865771458,0.9244973050377208
ENSG00000188690,0.3141056892585997,0.2534142225348201
ENSG00000154473,0.6899703194252675,0.5875700367592083
ENSG00000119965,0.5129793945460355,0.43173708389804666
ENSG00000107938,0.35002219526392553,0.32786705081383094
ENSG00000198873,0.5521959101227221,0.40891708307728725
ENSG00000265763,0.971068500768979,0.8041846258585856
ENSG00000148908,0.5218876509303813,0.5388802464208786
ENSG00000095485,0.5300015628540076,0.36656024991170766
ENSG00000148700,0.6808248066540081,0.6455532743818735
ENSG00000121898,0.21768109261372243,0.2070950436077098
ENSG00000107554,0.875141592057877,0.7354266998018798
ENSG00000155229,0.6877456955245463,0.6464866719766054
ENSG00000138175,0.3238923974735696,0.14972489721442012
ENSG00000196865,0.7125638245561072,0.678675502145166
ENSG00000182010,0.48656259255522416,0.33883137958263687
ENSG00000107566,0.5227317382699719,0.4727151747103192
ENSG00000065621,0.8486420591510989,0.713206884842575
ENSG00000148814,0.6032658778971149,0.8715408728836167
ENSG00000171813,0.3211340656615534,0.36502496751391367
ENSG00000059915,0.22044593101438634,0.14079045133935897
ENSG00000107874,0.6148451640019446,0.46709434031563624
ENSG00000120055,0.38577252188182243,0.4004456157457048
ENSG00000138111,0.1684471682118024,0.282487875848021
ENSG00000138107,0.819230380082598,0.8122814465174593
ENSG00000122861,0.11458061630339994,0.237625872497602
ENSG00000148677,0.002384535991163467,0.003623082498940662
ENSG00000099290,0.9712347990735394,0.8604470157251431
ENSG00000181915,0.46732887737104356,0.29387032953495207
ENSG00000151929,0.49773435374056174,0.4933620890924145
ENSG00000185532,0.0678416233623792,0.06720328641677088
ENSG00000035403,0.2959433902882658,0.4422495582745489
ENSG00000107882,0.5762327786824075,0.5286414657161674
ENSG00000120539,0.08332460149645622,0.06778777452966836
ENSG00000107890,0.8537540960754967,0.556005158973442
ENSG00000173848,0.8328448430802229,0.9658487062978404
ENSG00000178372,0.5872312536259321,0.6647828849513253
ENSG00000178363,0.19018629866112632,0.5394268200443761
ENSG00000196372,0.4882746634999775,0.6752315477624659
ENSG00000057608,0.9988340503009228,0.9117160432728466
ENSG00000138180,0.2857476686827852,0.17300658634790322
ENSG00000186188,0.2511932170601422,0.4754300910736502
ENSG00000148690,0.33714597043096745,0.5868276088012452
ENSG00000187522,0.45699307296720715,0.40156614277988023
ENSG00000148842,0.8651296816592929,0.7884795217145291
ENSG00000156374,0.7133766058026212,0.7243518447591508
ENSG00000173915,0.8043121960966615,0.6540589429440561
ENSG00000176273,0.4318018579012687,0.4380606894860444
ENSG00000173145,0.33039903580391683,0.26074127564570077
ENSG00000108239,0.6542907175155339,0.6517147014070608
ENSG00000023839,0.572492997868831,0.6051674173718827
ENSG00000182333,0.7979056792519613,0.5306436451291927
ENSG00000107968,0.14730697330972198,0.19586299542679622
ENSG00000119953,0.7234955860139802,0.9984973998493182
ENSG00000138166,0.2545446986843875,0.3899313907546553
ENSG00000107951,0.15320448631588054,0.15596045614993023
ENSG00000122862,0.33792894228742243,0.5181375217876546
ENSG00000265190,0.0498050928085223,0.051591639282529626
ENSG00000204130,0.7179646178658308,0.9916940223737253
ENSG00000196233,0.7648899832019809,0.8303438053354198
ENSG00000198954,0.28196116063837573,0.4631367658061909
ENSG00000148688,0.12316167432892822,0.11098669774554822
ENSG00000078114,0.7011657208486832,0.694158381082987
ENSG00000150760,0.9501347925978372,0.94168982973745
ENSG00000188649,0.8769677873773483,0.8514095462565022
ENSG00000171206,0.4564540485616354,0.4274864137488037
ENSG00000187908,0.7656803076603631,0.692214228533989
ENSG00000165868,0.5958626523754529,0.7228126064244303
ENSG00000176986,0.4970743500559789,0.2867942383003087
ENSG00000196968,0.6351215488522804,0.9501777365587167
ENSG00000172586,0.9304632382197198,0.677680593896787
ENSG00000214655,0.6471243015022088,0.7556156352858125
ENSG00000166507,0.9963848883613898,0.6593423076589804
ENSG00000265354,0.60873085646701,0.5913416701718673
ENSG00000263639,0.6285801945413845,0.8986630649292859
ENSG00000122958,0.43818456280750984,0.3483582941517809
ENSG00000156502,0.2811870313857539,0.17752341827237772
ENSG00000156510,0.3947706385961177,0.577268543580042
ENSG00000099282,0.44346645028603593,0.7238117716813992
ENSG00000171224,0.7001137468383387,0.7675803520418416
ENSG00000107897,0.07492778700711011,0.08434051608537865
ENSG00000138160,0.3353007099377421,0.2411931866569152
ENSG00000042286,0.29865592751788994,0.2610431863886869
ENSG00000079332,0.40742714151332415,0.6002903567913681
ENSG00000180817,0.5054191880880656,0.301834183212099
ENSG00000156521,0.503684134244543,0.6070251700360265
ENSG00000107672,0.8506036405922092,0.5955805131860794
ENSG00000166189,0.46144542350318596,0.564756484649023
ENSG00000198728,0.5109714541083831,0.5548603345945753
ENSG00000148840,0.7490879703341544,0.9474107262452057
ENSG00000166197,0.7829715943061217,0.6003694976419509
ENSG00000107959,0.3813682638421819,0.29616730730270935
ENSG00000133661,0.23227752647695904,0.2618820968956539
ENSG00000133678,0.8887269529581897,0.9693996077567394
ENSG00000099284,0.24574595695439977,0.29487284649600376
ENSG00000078403,0.758432049637889,0.7884065958736813
ENSG00000120616,0.42506711428850763,0.6431901046800049
ENSG00000138182,0.3665825138322111,0.18772693999726658
ENSG00000204152,0.62294690997376,0.6242741180219902
ENSG00000166024,0.6839502836012052,0.4959114497181708
ENSG00000179988,0.5990723547462073,0.32302491412371986
ENSG00000284024,0.3431304186826743,0.33971903168186135
ENSG00000214562,0.2892295577816963,0.29284312277368263
ENSG00000132334,0.3606321054778283,0.49183130858128055
ENSG00000185009,0.5100370352940595,0.25049538366668017
ENSG00000148634,0.6604719753401489,0.3946070866245104
ENSG00000119950,0.7885641029388644,0.496809726880844
ENSG00000165338,0.4031688443612246,0.21975818547731424
ENSG00000156110,0.9981832234161293,0.5834942510165739
ENSG00000185745,0.08060611742847774,0.16845451814171836
ENSG00000166295,0.6023675468632226,0.47949034768584553
ENSG00000168209,0.30426103751275224,0.8993168932233708
ENSG00000165996,0.2642417691598362,0.35428561095372
ENSG00000136738,0.6555573133500043,0.6615518834544216
ENSG00000107937,0.547410487049694,0.5464766897499531
ENSG00000264230,0.02734111097050472,0.038574617617231535
ENSG00000204174,0.4983326193555849,0.5652341740181118
ENSG00000165730,0.9170338118409063,0.9875179178232992
ENSG00000107625,0.2573381989529628,0.5234279821707861
ENSG00000107738,0.8285314231015761,0.9070247544226575
ENSG00000107736,0.05775145710197638,0.155360742249661
ENSG00000108179,0.6779780116931953,0.24805325656974447
ENSG00000165424,0.08064797275788285,0.1308662568764789
ENSG00000185303,0.9250794036119309,0.6893927853630397
ENSG00000062650,0.5360709207821313,0.9316615931150798
ENSG00000138109,0.6947819824760335,0.8937047374899648
ENSG00000059573,0.24893086738718342,0.21399617686874373
ENSG00000138185,0.20980768000975739,0.3334734274870157
ENSG00000138131,0.038077238030228555,0.12386960014279111
ENSG00000197771,0.6312170074646999,0.7090977327235486
ENSG00000138135,0.10181485421622816,0.10257679709252054
ENSG00000107798,0.7182167562069126,0.9224023876986294
ENSG00000119977,0.9413410373539397,0.8743330280796834
ENSG00000119917,0.44385448338748335,0.5834219693440056
ENSG00000197444,0.2548756509838339,0.2604951072047371
ENSG00000198964,0.7485204379560808,0.9710391509740407
ENSG00000198682,0.0159289451028903,0.04649051960180386
ENSG00000138138,0.9587701955952419,0.6963063107247877
ENSG00000227268,0.10540986261349616,0.18929083135179697
ENSG00000150347,0.4375214409381687,0.7213005593278601
ENSG00000107758,0.5288684983045493,0.8201230599073558
ENSG00000166136,0.484036859248301,0.5581076484455336
ENSG00000166135,0.46218498250253937,0.3566258228251826
ENSG00000119906,0.3948943952530034,0.2903324942060935
ENSG00000107815,0.31220912803459394,0.12188829812048067
ENSG00000186862,0.36641649821532696,0.6081545026838903
ENSG00000107821,0.2170497516856792,0.24400452772018846
ENSG00000119922,0.17335412621183657,0.3332227823719464
ENSG00000095739,0.5638591349424311,0.5899848669502956
ENSG00000151651,0.3865960340434448,0.5691335277464906
ENSG00000198546,0.293848307462535,0.33604687860952503
ENSG00000283496,0.195931608286745,0.3581871920397457
ENSG00000165828,0.6819131505366491,0.571534917720957
ENSG00000148803,0.39260233778571907,0.30370661397122883
ENSG00000127884,0.500623738893107,0.5441118491822088
ENSG00000148832,0.6026553674911611,0.9883571332844351
ENSG00000225830,0.7930891316298976,0.9440028358586259
ENSG00000198105,0.3402479786093282,0.5515059427374198
ENSG00000266412,0.4791172179915053,0.7157639929388058
ENSG00000165983,0.9133208247629374,0.9437308197320476
ENSG00000227345,0.6719488394179796,0.5530491584184642
ENSG00000177283,0.2243836538623784,0.33523446243376437
ENSG00000151923,0.6654031558973013,0.5760372988426845
ENSG00000165449,0.42324774986493485,0.5806112562399083
ENSG00000065809,0.9965254638840626,0.8315013166933234
ENSG00000156384,0.19790804831677578,0.34404965144753497
ENSG00000198408,0.6735301782013411,0.5584886532381488
ENSG00000120049,0.4242383432262563,0.4618954898765273
ENSG00000107831,0.20745173166363295,0.38284092706057704
ENSG00000151892,0.018234194136666687,0.02139961365061047
ENSG00000173269,0.014403952506836898,0.0250305459873848
ENSG00000173267,0.004003136454860443,0.007705084157919782
ENSG00000148671,0.9667558208762759,0.7842137192551791
ENSG00000188100,0.5758161754926316,0.4258110034136152
ENSG00000122376,0.9090865643473568,0.676114991189455
ENSG00000099246,0.7754381952319696,0.7815979187303177
ENSG00000119927,0.9519833623869277,0.9642741761782524
ENSG00000148516,0.03959737731631352,0.06477744260000134
ENSG00000130640,0.6340477014147698,0.5180013570747128
ENSG00000023041,0.7495876059724285,0.6161808630166925
ENSG00000148730,0.843109331443076,0.885758084350343
ENSG00000108001,0.12738094327603763,0.1238835727344304
ENSG00000237489,0.46605315425878335,0.639504267528763
ENSG00000108010,0.851809663020059,0.9863652018333002
ENSG00000197142,0.6941383897805343,0.7122788540550613
ENSG00000165731,0.19789488190619964,0.31793544922358485
ENSG00000169826,0.2505356637281336,0.3956849319796365
ENSG00000198915,0.832907440784358,0.5817428127399292
ENSG00000148672,0.3166143393541157,0.4309748074414562
ENSG00000108176,0.4770649420716683,0.9901670391327256
ENSG00000096717,0.5029805745947292,0.8516515814582286
ENSG00000148719,0.861593744088003,0.6959519818076116
ENSG00000107872,0.11745336059604497,0.19365458610577552
ENSG00000172650,0.3921045318426032,0.17877628852470234
ENSG00000148848,0.014268276199004008,0.03015747683232886
ENSG00000155256,0.08335564721709637,0.0752217089822453
ENSG00000150054,0.6981163159743871,0.7003726519366623
ENSG00000095637,0.6281290337700434,0.44190978778536094
ENSG00000198879,0.4469990837568879,0.7164594676970033
ENSG00000188611,0.5718098863113541,0.5532493991135408
ENSG00000150201,0.3777164049355781,0.7427817088884179
ENSG00000169813,0.5892598945516414,0.5210497129726135
ENSG00000196793,0.4617946334766436,0.4593142405206668
ENSG00000198298,0.446084535679275,0.4341474396859343
ENSG00000169740,0.500248435727386,0.21262993325561444
ENSG00000243660,0.862138270611224,0.8617284557106893
ENSG00000107443,0.8900910700529592,0.9053272581755605
ENSG00000180644,0.23184361197199957,0.1919741693980353
ENSG00000138316,0.6844446306741289,0.5405945749916327
ENSG00000166228,0.2851946499014117,0.3203388280637649
ENSG00000107807,0.5971311386050089,0.7266738789066507
ENSG00000138172,0.12523076904201047,0.19184161462518556
ENSG00000204179,0.3507074024739937,0.10606336155560549
ENSG00000107779,0.9731115345009914,0.9785179771741875
ENSG00000176171,0.05811917344302416,0.04418413837934156
ENSG00000107562,0.4887750071945254,0.3662730227679857
ENSG00000130649,0.7999813647228308,0.7574029872740728
ENSG00000108187,0.552375542740299,0.6872742671037055
ENSG00000096746,0.7544293581152042,0.8675974763504573
ENSG00000075407,0.28653961802560496,0.31705101817937636
ENSG00000075073,0.1964192822786341,0.15166694423308358
ENSG00000108175,0.5684510939495242,0.8143383458393119
ENSG00000197746,0.17321527954529317,0.37378169806370076
ENSG00000172661,0.8724216479917781,0.8882586431999068
ENSG00000183049,0.35071590352040527,0.45020010486434225
ENSG00000107745,0.5939117863513173,0.756658039486032
ENSG00000138207,0.015205783417266834,0.029783987577002746
ENSG00000107863,0.8313962442623559,0.9824678365482172
ENSG00000171988,0.6877277647204266,0.9479176612536401
ENSG00000012779,0.2559813028309209,0.319201138932468
ENSG00000065675,0.3402481529512861,0.21549378119758483
ENSG00000136758,0.6516417686722056,0.6892757468925153
ENSG00000107742,0.9879063137586778,0.3570141226763106
ENSG00000108055,0.5283439535317371,0.4501494590937165
ENSG00000122367,0.4320278616705103,0.30517378439702486
ENSG00000188234,0.687543262439829,0.5936914582506003
ENSG00000107862,0.6503098474612667,0.8255370615829989
ENSG00000151632,0.06050552640891897,0.10309054411456349
ENSG00000095564,0.591426710828237,0.40620576095623584
ENSG00000107954,0.9609544219989519,0.9877181319299909
ENSG00000148429,0.312967042356021,0.46836536294583897
ENSG00000197321,0.18027984539853303,0.12159250898606366
ENSG00000156026,0.5352121403284096,0.30181615100438847
ENSG00000138193,0.4438025113229943,0.48660857004522273
ENSG00000165632,0.7162216405736983,0.680785214560022
ENSG00000150593,0.8337779984811625,0.8597421105932
ENSG00000214413,0.2796558892161447,0.35254595977839254
ENSG00000108061,0.9196085090040454,0.9921539290396258
ENSG00000150594,0.8970057213826885,0.9124250236341731
ENSG00000122877,0.8276019970666194,0.9728542915476023
ENSG00000148835,0.12738363108887268,0.09070646584934924
ENSG00000166348,0.3996445102298034,0.3483303285891636
ENSG00000107643,0.7351624935754617,0.7293498337219213
ENSG00000128805,0.37117551081210154,0.3813747251630677
ENSG00000165732,0.8653217285422559,0.42925667206827334
ENSG00000152782,0.4799584666339025,0.607048102198731
ENSG00000152766,0.06510292884212228,0.07575292864215223
ENSG00000138134,0.47267794929387286,0.4368735544905282
ENSG00000107796,0.0455174820710699,0.03475781384335858
ENSG00000166321,0.3046465904504555,0.1528501052064243
ENSG00000122882,0.5007058531135153,0.29927530169200245
ENSG00000138286,0.8418489380862564,0.9149347064704544
ENSG00000213551,0.13959109370822886,0.06137112533654992
ENSG00000182180,0.22246689010100987,0.12553458344328117
ENSG00000138279,0.9219673464714676,0.681214471143962
ENSG00000048740,0.7053595062954133,0.9037047246087814
ENSG00000107669,0.9667245342999867,0.9372730911257274
ENSG00000165678,0.5778800967873764,0.24313946264923886
ENSG00000188373,0.47265779067528724,0.5520235788727571
ENSG00000148600,0.9526351565326878,0.9492175431562447
ENSG00000026025,0.006625119954519362,0.007614019706782987
ENSG00000172731,0.14956747597326572,0.11521195192938836
ENSG00000148444,0.6295861927316935,0.38308713339046474
ENSG00000168283,0.7219729485067161,0.7089341320619689
ENSG00000043591,0.286763728404889,0.401077174974531
ENSG00000165813,0.445131951597862,0.3375162614785363
ENSG00000165816,0.7832460099469539,0.7697523196854305
ENSG00000204176,0.9268536397984262,0.9898733054409892
ENSG00000204175,0.49133304674879674,0.6449848396842355
ENSG00000107679,0.8282687341008301,0.6451676508504993
ENSG00000107957,0.715510270880437,0.6320659009137108
ENSG00000128815,0.8223980415938767,0.9968793703213855
ENSG00000055950,0.9473980896400208,0.9800939436761658
ENSG00000107929,0.756886446008763,0.8132332518810294
ENSG00000165806,0.1840600105878222,0.10868164880388767
ENSG00000198924,0.33699555753537963,0.29680189851517375
ENSG00000148735,0.03780380300387267,0.03200298755041056
ENSG00000107816,0.8546868824289275,0.8050945762436958
ENSG00000165568,0.5734237640544927,0.7542199395480238
ENSG00000187134,0.6919594475227787,0.627480970545979
ENSG00000134461,0.5574155719474523,0.7238363457278219
ENSG00000134452,0.42312582714167124,0.4558289810942213
ENSG00000134470,0.7092287835904574,0.7233357268879954
ENSG00000067064,0.630811866603672,0.8535813232104995
ENSG00000177853,0.6021525402195826,0.4917366343905124
ENSG00000095585,0.5343166042246428,0.7171857108633997
ENSG00000165312,0.2120114577231661,0.1333805681404568
ENSG00000120549,0.5723979182578481,0.5934934556038758
ENSG00000148498,0.21851137469231802,0.22284303086893759
ENSG00000119946,0.27053645270662,0.2655576469019039
ENSG00000120053,0.22250535964854162,0.2225890556586305
ENSG00000169129,0.9486829323281945,0.6786527487556392
ENSG00000123240,0.915026843052897,0.827967648162709
ENSG00000065328,0.39528321714281023,0.3498150951678368
ENSG00000107537,0.6753159416636362,0.6868520581583253
ENSG00000183621,0.8562537941994797,0.960893645173581
ENSG00000152455,0.4771910854236361,0.44874104407849713
ENSG00000026103,0.8230133777439638,0.7290769908931234
ENSG00000134460,0.7273913762139617,0.9938930584376698
ENSG00000134453,0.7664559669032054,0.9607076194174722
ENSG00000170525,0.26377884560407683,0.5015923439552381
ENSG00000107719,0.6875276164288844,0.7049807877059292
ENSG00000095539,0.2562690668353186,0.24040096729337315
ENSG00000148795,0.5695746468843331,0.5717355582201759
ENSG00000166275,0.27010077507636326,0.3873398897640963
ENSG00000214435,0.15356170067171324,0.11169726777221389
ENSG00000076685,0.7459593327663695,0.7773405664011416
ENSG00000107731,0.5378018156505224,0.8434198943898419
ENSG00000198246,0.8098947903395696,0.9203182802782397
ENSG00000077150,0.16789249893797625,0.1558888692849175
ENSG00000166224,0.8890832254861825,0.8930293860576115
ENSG00000065613,0.7219218764217354,0.6581137325552884
ENSG00000065618,0.24071042481013,0.3388023496257949
ENSG00000107960,0.6654813405947713,0.49128093397298134
ENSG00000107438,0.4040990439410741,0.1816878150436363
ENSG00000165633,0.0890161706570396,0.09999147650714071
ENSG00000108242,0.9861629085898471,0.9638996472809792
ENSG00000151208,0.7865592764051212,0.7262083057305739
ENSG00000148606,0.24785205860232956,0.06720576813942704
ENSG00000138326,0.5152405850187223,0.17858906350194015
ENSG00000119969,0.2853235412058115,0.2598697523555181
ENSG00000108021,0.30806264698817404,0.26872283684458687
ENSG00000119943,0.6019127880095982,0.7140629168469063
ENSG00000107521,0.8684320546485647,0.8832106118093382
ENSG00000067057,0.8852080849008707,0.6082392186782533
ENSG00000165630,0.5120444818508055,0.5768083484159479
ENSG00000108219,0.8831212309099644,0.7312567112222528
ENSG00000107819,0.4220435020879353,0.5975646818482464
ENSG00000155252,0.47941942229584034,0.5921658465243687
ENSG00000107833,0.2239420668109423,0.2143936187003744
ENSG00000119919,0.3689810714813516,0.6000013786730551
ENSG00000198018,0.6031967930506021,0.7074971499017069
ENSG00000119929,0.43657251109783635,0.3319837384126812
ENSG00000014919,0.1200749620535552,0.07289608259459689
ENSG00000108091,0.6274505516806468,0.6909054479768368
ENSG00000170312,0.8341582056745412,0.6333442141486487
ENSG00000155287,0.2561577792470254,0.2970291219705551
ENSG00000151474,0.7812964139271199,0.6577255636092791
ENSG00000151151,0.4855306094507753,0.3789423567692133
ENSG00000122873,0.2889687890691679,0.1919228396460851
ENSG00000107485,0.44963183863140643,0.9256229324820959
ENSG00000156515,0.9696903683786586,0.7058743551445783
ENSG00000015171,0.7678171168161059,0.6707535377067755
ENSG00000148737,0.9867982369534078,0.661555354958495
ENSG00000047056,0.31062644489615915,0.2670709790214064
ENSG00000107854,0.875349136525284,0.7161718783134061
ENSG00000165995,0.2945381912599586,0.25583548986782984
ENSG00000241058,0.944646720306322,0.9335243654003652
ENSG00000165997,0.44880788893198753,0.4439996646430717
ENSG00000198825,0.8364125967384971,0.9785472794987199
ENSG00000107651,0.902348773539026,0.8994648827719369
ENSG00000151150,0.4215545929917398,0.42806372272269844
ENSG00000204149,0.3809480417119937,0.2687501105615825
ENSG00000151532,0.22389218286881313,0.17761965253520157
ENSG00000095794,0.028616011103618375,0.03257431658274706
ENSG00000197467,0.40031277898166795,0.525233885359055
ENSG00000019995,0.5823972770411626,0.4643432957827157
ENSG00000175029,0.9174529044894087,0.850095432237321
ENSG00000066468,0.3113578108632446,0.3308401423997284
ENSG00000122859,0.8536972118618524,0.8842243838764597
ENSG00000095787,0.45459819612365826,0.4791420694624816
ENSG00000189129,0.20129151377201726,0.15438871632818435
ENSG00000119938,0.11094735194564488,0.04272082778641181
ENSG00000152457,0.2668733867835335,0.4168117321215511
ENSG00000119912,0.4368035908571063,0.13312942046401793
ENSG00000152778,0.64196789691433,0.6957969116699801
ENSG00000150093,0.11658211811760114,0.107364575987428
ENSG00000180628,0.49457059000802317,0.34576406762555956
ENSG00000171862,0.631510444169686,0.9088291426518951
ENSG00000138308,0.9821070392259029,0.8019000784651362
ENSG00000122884,0.7097269293447761,0.7842421532893651
ENSG00000204147,0.9459184125907918,0.8309874107913569
ENSG00000148584,0.20965443691315422,0.17007566562196114
ENSG00000148459,0.08647357716393544,0.2325613183964814
ENSG00000136754,0.7922329734241007,0.8213810720839998
ENSG00000099204,0.3842231122583929,0.2659760203072258
ENSG00000151553,0.4477500679172861,0.5008049400467343
ENSG00000165832,0.49700269022935506,0.6119753674340376
ENSG00000156671,0.64840463768998,0.8874532607306929
ENSG00000165637,0.5150679768314226,0.3350127589813762
ENSG00000165644,0.7162901574502448,0.946385890620997
ENSG00000148660,0.6849084332826423,0.6405424340250794
ENSG00000108094,0.7968132480472789,0.7209351662897323
ENSG00000086475,0.7945167284145284,0.6779757547904542
ENSG00000165626,0.6652933173173112,0.7566172414559881
ENSG00000156113,0.23283023108681328,0.19655652489142852
ENSG00000112699,0.5157429562031449,0.6050349246587363
ENSG00000112685,0.754352475985208,0.7851851192438305
ENSG00000145945,0.6006074975239727,0.5015657051828674
ENSG00000124802,0.9049850115484812,0.8748807692637537
ENSG00000188428,0.5445280625305705,0.3922475099926831
ENSG00000205269,0.37685203048048277,0.4074703076351348
ENSG00000165097,0.709658858547056,0.60589093327359
ENSG00000146109,0.9035504368573931,0.8516996965307988
ENSG00000153162,0.09060210955988673,0.27294223813792345
ENSG00000239264,0.4356034921704949,0.9271380640018976
ENSG00000181315,0.4895097488166954,0.6835850750260665
ENSG00000164379,0.34006154154731866,0.5525405825817751
ENSG00000180537,0.6834935559780235,0.9112444508618673
ENSG00000124787,0.6201893521271457,0.7205951119920087
ENSG00000124795,0.3268046406302398,0.3374370931776346
ENSG00000112763,0.5274302267033961,0.6798149160341873
ENSG00000095951,0.5772307302075504,0.7015236922039592
ENSG00000145990,0.2593006046613848,0.4479146103024617
ENSG00000152954,0.8351721522646607,0.8942590690385058
ENSG00000008083,0.3927810722429108,0.4438393823236554
ENSG00000204713,0.4315019244318413,0.7313577823218234
ENSG00000078401,0.3255589370991581,0.3236038302070188
ENSG00000112183,0.2389124263781976,0.11141914394343068
ENSG00000124783,0.9916189561015208,0.8418019401366927
ENSG00000137273,0.7263801977318275,0.6718545115668201
ENSG00000124766,0.28420395271742155,0.30789724530948015
ENSG00000145996,0.721742812305227,0.7772141372098307
ENSG00000146038,0.5825884395125314,0.9527893792072735
ENSG00000172201,0.45770675327582,0.23223528051074505
ENSG00000137177,0.8189998799063564,0.9114917938823156
ENSG00000137364,0.2688902887625159,0.3648342891253835
ENSG00000054598,0.4071814415565512,0.4085605326522288
ENSG00000187566,0.3380588061926549,0.3071653152862716
ENSG00000153046,0.4755414661240607,0.6850793720421535
ENSG00000124615,0.01449162171783814,0.011316596297614107
ENSG00000124602,0.4606585759164479,0.3790436665342162
ENSG00000112212,0.06683953894980338,0.05195330187314067
ENSG00000172197,0.2908779560665486,0.2430031132516978
ENSG00000007944,0.17746106243060825,0.15550381341819328
ENSG00000234127,0.16701103720708055,0.030213788345710632
ENSG00000156639,0.6065799272793535,0.5183716849093969
ENSG00000124784,0.7126017893826349,0.5896968835741412
ENSG00000096433,0.969761029882718,0.7880809186919613
ENSG00000111859,0.22441281472516347,0.4957425596615026
ENSG00000124574,0.4561136751714976,0.30718376509901896
ENSG00000112078,0.536497924062147,0.7209241062274407
ENSG00000171467,0.8898856347054752,0.9447643051321627
ENSG00000137288,0.34215602988068994,0.3439561473296838
ENSG00000146122,0.08411040758267925,0.07968102762499107
ENSG00000196284,0.16038733195286495,0.15703675845576878
ENSG00000146085,0.9193103789762983,0.7243951338383638
ENSG00000065308,0.18263379135285474,0.2560761213247128
ENSG00000112079,0.8808791898070742,0.8956063450007806
ENSG00000183826,0.2088271062289705,0.28379117322076897
ENSG00000112149,0.9246279352400444,0.8771059085547854
ENSG00000065491,0.961691766528085,0.9546941165970128
ENSG00000012660,0.5293000401697971,0.8613868147159089
ENSG00000112130,0.8940417920986813,0.7415279712207801
ENSG00000031691,0.6695056634870047,0.7132161813490667
ENSG00000124813,0.07380742108506566,0.23964057698758368
ENSG00000171462,0.019058423552786287,0.021395133867242625
ENSG00000096401,0.5624943199218904,0.6075933420224178
ENSG00000146166,0.796966045048717,0.6919070132655942
ENSG00000112759,0.13349049491408804,0.0625612366191923
ENSG00000154079,0.22156934846039034,0.5172198103481549
ENSG00000157593,0.39907841502219454,0.36906360945366035
ENSG00000065615,0.9738914706844495,0.9393543735809459
ENSG00000065833,0.08317604443011857,0.23571646204525962
ENSG00000146143,0.3958246246059852,0.37461350856575704
ENSG00000135324,0.9482996930590412,0.943287847595663
ENSG00000057657,0.5508193521239906,0.7987110704986298
ENSG00000170915,0.5479363004452584,0.8417588753451721
ENSG00000156535,0.0037814946189108295,0.012898580590937188
ENSG00000135315,0.530512163320956,0.8167885596887048
ENSG00000112081,0.20728257527601449,0.11887258917721442
ENSG00000118407,0.1975336403425629,0.14021503357215098
ENSG00000124731,0.11148090643513954,0.16518317989743822
ENSG00000146233,0.7298559164942966,0.9387789468917943
ENSG00000005700,0.7692968513320625,0.38569908920783647
ENSG00000124608,0.9870909294673792,0.7055791636598451
ENSG00000272398,0.07226279900572334,0.11439769315282587
ENSG00000111860,0.1638855620588414,0.35169565592921637
ENSG00000112796,0.7742874008200404,0.8423914854419481
ENSG00000135338,0.14042757998960295,0.238771358782462
ENSG00000096384,0.45955640549451005,0.4422094941574435
ENSG00000173214,0.2633480299849113,0.23808406999833953
ENSG00000187189,0.05129886145263703,0.0916703410988597
ENSG00000137269,0.9394036059188683,0.9154390754510162
ENSG00000111912,0.5457999992385101,0.2795171585445102
ENSG00000130349,0.8550915340460187,0.8546856530268636
ENSG00000146232,0.8901707899941964,0.934841092113164
ENSG00000112305,0.5078044644998487,0.6506791931014395
ENSG00000009413,0.6444624311294651,0.7331922586160129
ENSG00000152661,0.002852568932407123,0.002661961274828936
ENSG00000079950,0.8949880293372854,0.690438670763071
ENSG00000146410,0.30711112332258306,0.1289493784250252
ENSG00000001561,0.3856777434852535,0.294158671880646
ENSG00000153989,0.544120160002618,0.9783352257883718
ENSG00000112701,0.9490105925393518,0.8064295766696465
ENSG00000198087,0.2770181246366819,0.3099860962522636
ENSG00000112234,0.5461225577680007,0.46444037586061604
ENSG00000198833,0.4881325753063175,0.26668064587819323
ENSG00000118690,0.6806234199121162,0.6216588069212732
ENSG00000085382,0.38037668418893067,0.40691879866489744
ENSG00000112773,0.4942674512700036,0.8708411543324436
ENSG00000112276,0.41706671951255003,0.3175276111517178
ENSG00000203778,0.011629141168339137,0.005440851959695125
ENSG00000111879,0.2634303109374362,0.1988577109235856
ENSG00000009844,0.7532073218210533,0.357782019531401
ENSG00000178425,0.82143107758077,0.9608515967080739
ENSG00000111907,0.6533697216271572,0.5646433151441637
ENSG00000153292,0.872259079348269,0.9240602262277106
ENSG00000066651,0.9696852066019062,0.8194697725019704
ENSG00000112339,0.9204522022241062,0.5172558315649507
ENSG00000111911,0.22934312099155146,0.20270079768867855
ENSG00000025039,0.05109801807840417,0.05402687298866122
ENSG00000034693,0.9554750424874932,0.6241825516869732
ENSG00000025156,0.9128325668783648,0.6298830069801291
ENSG00000137251,0.6899600359138625,0.5985231565810925
ENSG00000112837,0.015254336761634993,0.06982451020384618
ENSG00000146386,0.21668263288018272,0.5869308897395235
ENSG00000095970,0.13436025751477657,0.15188004985523962
ENSG00000196591,0.946367439812117,0.8001144035417631
ENSG00000029363,0.6372806305426997,0.5528116472555675
ENSG00000112414,0.5578606048593244,0.9116197010721715
ENSG00000172461,0.5363450039011775,0.4964260358436291
ENSG00000111906,0.9880805723984204,0.9828668235220551
ENSG00000188820,0.8524701244197255,0.8724071669427267
ENSG00000168143,0.4577021590623406,0.399655505102535
ENSG00000123500,0.0034483986925773888,0.008140366756411476
ENSG00000079931,0.020823706409705676,0.04100722978299904
ENSG00000112249,0.9783502539525886,0.6032660591984134
ENSG00000198729,0.28523367879485634,0.3563445235148638
ENSG00000096093,0.6592100674278113,0.4320938747096015
ENSG00000112282,0.4734612108612428,0.2727303614973191
ENSG00000198523,0.14141161980233993,0.09580643720172406
ENSG00000111885,0.41571414243385185,0.5841977214935601
ENSG00000047932,0.1872676227878594,0.3518469546165982
ENSG00000155111,0.9499023170395979,0.7732997778270126
ENSG00000168216,0.6596116438645836,0.9663192335106867
ENSG00000277443,0.00037772037612377824,0.0003607789852437065
ENSG00000172594,0.25243205880267416,0.5215913965855645
ENSG00000112406,0.8610607339772995,0.7619055449655933
ENSG00000173626,0.9803764297994508,0.851674881329937
ENSG00000146409,0.41538077640205184,0.5470973487011359
ENSG00000146281,0.8793477770831266,0.745823366352184
ENSG00000146072,0.6387041431741818,0.9455171127159704
ENSG00000118514,0.36587364094897323,0.3635060960509574
ENSG00000111880,0.944280098499836,0.6214899510877854
ENSG00000119900,0.26799338824106095,0.3086276077677811
ENSG00000071242,0.08727684061945234,0.11179665706895142
ENSG00000135547,0.3187431704275929,0.25145539644236264
ENSG00000124596,0.8468791616430223,0.9708484222712968
ENSG00000285976,0.6305565000238174,0.973767857795643
ENSG00000123545,0.7664400718976268,0.8650374290649523
ENSG00000189007,0.09261010701071846,0.09120822969389392
ENSG00000112195,0.172705284507232,0.2802107291074121
ENSG00000111817,0.12929004355218796,0.3107547568225732
ENSG00000135299,0.012984095590723877,0.011617681398881507
ENSG00000164494,0.5839889019441191,0.38293671475511926
ENSG00000215712,0.7012328727273257,0.7069062891387139
ENSG00000057663,0.6462031147767384,0.4453904712405544
ENSG00000112378,0.7821483207674337,0.6870089060088641
ENSG00000111962,0.5508422643076986,0.8461602042977026
ENSG00000131019,0.6651392037804489,0.23333408355816146
ENSG00000051620,0.28137252181330535,0.5139965139447129
ENSG00000131016,0.012601486386844609,0.01651009408029857
ENSG00000155918,0.7804887619869845,0.9540103967754157
ENSG00000112742,0.984714580685532,0.6757294128723728
ENSG00000112306,0.8448575147627927,0.8635604326960103
ENSG00000153721,0.38912653516248574,0.3510707213469104
ENSG00000118689,0.39844226224388646,0.5449134009314158
ENSG00000168438,0.26659980829000773,0.13435466905045898
ENSG00000146425,0.7574440887021581,0.7753624105658361
ENSG00000112769,0.009909588467261539,0.012323255991310976
ENSG00000111816,0.7093503248565391,0.6020922218229507
ENSG00000146469,0.21745922638820336,0.13687024592497699
ENSG00000198719,0.996687851465536,0.9785949028790061
ENSG00000085511,0.9368461045185786,0.9143494899285458
ENSG00000083123,0.6714371040057032,0.6912496711450625
ENSG00000164483,0.39291913362621445,0.46940896765794504
ENSG00000112531,0.07990597584597642,0.1767768930728464
ENSG00000112031,0.7502328668282485,0.24082562669144408
ENSG00000146278,0.46249624036656,0.490658258369125
ENSG00000146374,0.13650605114298814,0.17008862640524605
ENSG00000198478,0.9214714430676456,0.7128317393890894
ENSG00000112379,0.9177773972003767,0.6037602412114029
ENSG00000001036,0.946882660885144,0.5937577028157557
ENSG00000119899,0.8856210821832393,0.9839822285482788
ENSG00000146477,0.20242915628757852,0.2530965187903544
ENSG00000112290,0.18450198194497486,0.2683941124584739
ENSG00000112029,0.19357273295461544,0.04452031621749323
ENSG00000131013,0.7837900425203768,0.5619697549670365
ENSG00000130023,0.38231983026108707,0.4684175230598754
ENSG00000055211,0.479335573520682,0.7580158169557187
ENSG00000203727,0.5997787175891738,0.9589712178351865
ENSG00000008018,0.869875332070218,0.9469781142693046
ENSG00000146411,0.9898326823517071,0.6008691270723308
ENSG00000112320,0.47335398049103805,0.2956151132975951
ENSG00000026652,0.022268165938977725,0.09174529974483167
ENSG00000184465,0.4584722713597671,0.40055427185462766
ENSG00000175048,0.5341249517301598,0.7191175421102141
ENSG00000171408,0.1432065630871373,0.25947857110758077
ENSG00000130338,0.6239265313182125,0.6099779508841576
ENSG00000130024,0.989469003673084,0.9785522064493406
ENSG00000146416,0.04136820614405969,0.07713339495756787
ENSG00000186625,0.7086877850114399,0.5416911222745067
ENSG00000074935,0.2379635240657633,0.23254129479547495
ENSG00000135521,0.43248798776565534,0.20276087797333578
ENSG00000164694,0.005555485528420096,0.015914236054892124
ENSG00000135537,0.29674010044596794,0.22242532107999352
ENSG00000118420,0.6015151736969846,0.40671722883009476
ENSG00000071994,0.21071549616320448,0.18944912872054986
ENSG00000112208,0.2551453436220136,0.23820371753928918
ENSG00000198945,0.0496227582887755,0.25431647274759184
ENSG00000124767,0.6361311676843775,0.6026330619794809
ENSG00000112210,0.21826871850719293,0.1612847079588762
ENSG00000131023,0.8580988467525797,0.9043110991703797
ENSG00000164488,0.21597292661315157,0.19304960463684132
ENSG00000164442,0.23964282540651682,0.4241793043308819
ENSG00000118496,0.7016915091731031,0.8359328749521281
ENSG00000028839,0.46158183236800476,0.390166874024923
ENSG00000118526,0.20686383343952924,0.2401133172019065
ENSG00000170899,0.711466947997305,0.29121718287336623
ENSG00000288614,0.41897580285404934,0.19110353520785764
ENSG00000112494,0.9418751849972059,0.6138537035856788
ENSG00000111913,0.5941993308189844,0.6954342502162514
ENSG00000164465,0.02958104960795192,0.09494656604347336
ENSG00000118482,0.8237880863727436,0.6444743292953703
ENSG00000146242,0.295031831243345,0.6083863704379648
ENSG00000189241,0.6994898939139498,0.386065942269078
ENSG00000124789,0.570952881680312,0.810779986539563
ENSG00000145982,0.4694532217977866,0.46689636594457495
ENSG00000047579,0.5584675241515268,0.7359691299685808
ENSG00000137393,0.9166515661083202,0.8200379367840389
ENSG00000168994,0.12314452364838357,0.10986245787255774
ENSG00000009765,0.7919613610511569,0.5927400103571587
ENSG00000203797,0.022540203271060634,0.02208175548354841
ENSG00000124535,0.5937129096552667,0.48927903796550765
ENSG00000021355,0.7555272954136318,0.9022141055987989
ENSG00000170542,0.49535404834708263,0.6721298301898893
ENSG00000124570,0.9867125674981787,0.6955107429361371
ENSG00000137274,0.4820485433466455,0.18562329540994357
ENSG00000112294,0.12544446845123425,0.17942121644495165
ENSG00000111802,0.9410223169261214,0.9322344707225556
ENSG00000112304,0.9787726735996328,0.7620569760890429
ENSG00000145979,0.9843117071563281,0.7489537122688553
ENSG00000112425,0.19388098912392288,0.12241365734185598
ENSG00000112367,0.5053939582069655,0.3687158059615735
ENSG00000137198,0.9387350202700295,0.7092680401253701
ENSG00000213886,0.8345397250490518,0.9372440837175756
ENSG00000204642,0.6936191694280402,0.5474356470873675
ENSG00000111845,0.9611340886453207,0.976290253797419
ENSG00000111843,0.15678468352556454,0.2250077310146881
ENSG00000137210,0.19352117638370697,0.09980657348398166
ENSG00000146457,0.32747477758233456,0.3466716728242003
ENSG00000120437,0.808307114255117,0.6889163785982682
ENSG00000120438,0.9874953741023498,0.8934915381541805
ENSG00000112110,0.9109303042247778,0.546950479982182
ENSG00000146223,0.5481152529049099,0.476909340049012
ENSG00000221821,0.8546186314061202,0.697020418104648
ENSG00000124587,0.8875143159035676,0.5366963774144307
ENSG00000112640,0.6113602113226471,0.76355132823732
ENSG00000124733,0.484208358767638,0.27771180754386404
ENSG00000124541,0.6178372619431247,0.5881300503829744
ENSG00000137171,0.8210295520857736,0.6248389207745667
ENSG00000112651,0.5932175321120332,0.40436210754606916
ENSG00000112655,0.7507408737025569,0.6391904992736346
ENSG00000112658,0.7416813742431679,0.5187708420576809
ENSG00000112659,0.8274297673532676,0.9474797629388861
ENSG00000112667,0.6613715290358513,0.34386992617447976
ENSG00000080007,0.7234695912310827,0.6912167585819019
ENSG00000048544,0.6037088751548938,0.5667513817039385
ENSG00000112297,0.4191567199786703,0.4053366199237771
ENSG00000130347,0.7779323819605823,0.92092613955897
ENSG00000130348,0.7952150595774297,0.4469566696866797
ENSG00000123505,0.4686370089633596,0.4375839655362944
ENSG00000155115,0.7401946618883375,0.6588556494214528
ENSG00000197498,0.7344980023036233,0.6971494597336242
ENSG00000029639,0.9381949991304358,0.8937586689809368
ENSG00000213780,0.5236119381530642,0.45315340699441853
ENSG00000168631,0.9577708534920523,0.8071474573176373
ENSG00000204544,0.283982837029152,0.6525305666161663
ENSG00000204542,0.41583074923359054,0.39051741854848987
ENSG00000137411,0.38643551439079826,0.5701619293568828
ENSG00000198818,0.31278794582145875,0.24887632551628122
ENSG00000060762,0.6265987983204729,0.6127168899217408
ENSG00000124532,0.8243423106695953,0.8287340960049744
ENSG00000178409,0.5471090250430716,0.7180900136568313
ENSG00000085377,0.5575050726759498,0.4044922286558069
ENSG00000213079,0.7285770597310415,0.507461832573882
ENSG00000112144,0.41481198881836934,0.7004881410535817
ENSG00000203760,0.5506249663927069,0.8706382184632225
ENSG00000164484,0.0031655998793395433,0.009196615870443717
ENSG00000135597,0.905785193848752,0.5360329549485615
ENSG00000112584,0.8403381169980855,0.9965306226967056
ENSG00000096060,0.20340009734784834,0.2099818656739314
ENSG00000111863,0.04143336265796452,0.024224565772007697
ENSG00000214113,0.47120741416100387,0.2965992958757935
ENSG00000124785,0.6323168887126649,0.4268742170681764
ENSG00000124491,0.057259841054929136,0.10180479247923364
ENSG00000024862,0.7240960086042665,0.5166286236354987
ENSG00000243955,0.06978826479774287,0.07593059570682002
ENSG00000146039,0.4231731393619126,0.47714283025662985
ENSG00000112343,0.9906256120598536,0.6931193514246735
ENSG00000286522,0.496370763281313,0.5669852274801048
ENSG00000187837,0.938563618067399,0.7863639465045373
ENSG00000168298,0.32008585170817144,0.40223074117591895
ENSG00000274290,0.6439484664516917,0.9863490511906894
ENSG00000198563,0.7364887187900173,0.9538407783208213
ENSG00000227507,0.4845755499125488,0.7589975875722269
ENSG00000204482,0.3748432556915474,0.2848534700165807
ENSG00000204472,0.4302040642306756,0.6347349605705095
ENSG00000204439,0.8340370636142188,0.8885086345334523
ENSG00000204438,0.11231062747570787,0.047211539173463254
ENSG00000204427,0.6535293250677506,0.6351912165317255
ENSG00000204421,0.738902391520734,0.9434456512718322
ENSG00000204396,0.7753378368433392,0.6787561693593231
ENSG00000213722,0.9760067829707875,0.7916134983498836
ENSG00000024048,0.9598535986909085,0.9898055818819639
ENSG00000124659,0.7943991667579586,0.5655971161437159
ENSG00000112357,0.7871981096976767,0.7633443029323818
ENSG00000182747,0.8084194038655927,0.6691967049021745
ENSG00000242574,0.6247977510671285,0.4440377520316373
ENSG00000204257,0.33042744370842614,0.17370722487448353
ENSG00000180992,0.3731696562807616,0.1873645862330116
ENSG00000137216,0.8710441037206975,0.9212101063961928
ENSG00000171453,0.6350883560673213,0.7401038159853347
ENSG00000137207,0.1656568226819689,0.09070624382399321
ENSG00000124571,0.8800560639823175,0.9947975480853601
ENSG00000170734,0.16580168613640198,0.1666780808607305
ENSG00000172432,0.7642771072679112,0.5394137525198145
ENSG00000124688,0.73016515708525,0.7381110835052286
ENSG00000096088,0.7025372168377937,0.9241734033693202
ENSG00000137218,0.5647736637030326,0.30565796194730166
ENSG00000278224,0.4849962501808517,0.418886950399911
ENSG00000156508,0.7965222550861568,0.9583587106710652
ENSG00000204394,0.4500221734953237,0.3173214967585044
ENSG00000204392,0.7654620056262325,0.5281831476529066
ENSG00000204389,0.6467305787415691,0.4717252082434624
ENSG00000204388,0.0415129080930627,0.038616835495294294
ENSG00000204366,0.7441309135435583,0.8681572638956002
ENSG00000204435,0.9929309202817452,0.9654878814482935
ENSG00000197081,0.9625731196350971,0.7274312590184226
ENSG00000112561,0.57140192923236,0.4665789577290088
ENSG00000204386,0.9809054218863764,0.9945082251510736
ENSG00000135316,0.6468440351451226,0.4256762028904624
ENSG00000204592,0.899395621170272,0.6755200680386992
ENSG00000204569,0.21387777539641342,0.3727226000353815
ENSG00000204568,0.5325154360097555,0.8058546631631944
ENSG00000137343,0.7916791299870547,0.7494103379549442
ENSG00000204564,0.14294321105220528,0.28117751346682
ENSG00000204560,0.5061072261326316,0.3326042034584101
ENSG00000204574,0.3140221843497397,0.24652668862197122
ENSG00000082269,0.7028176285752763,0.9184947790721907
ENSG00000183137,0.39892623553798734,0.31997022743423664
ENSG00000124786,0.995758087960747,0.9851550052423997
ENSG00000214736,0.3098064458460203,0.2091672145997224
ENSG00000152894,0.8505845912290313,0.7108764522931146
ENSG00000096006,0.34577594857382443,0.5238903733154514
ENSG00000120254,0.8432492037339524,0.4148231533247809
ENSG00000096080,0.8980714854815841,0.9246066786175885
ENSG00000112146,0.5025019797277527,0.6082607143093708
ENSG00000137203,0.3080979055120563,0.263565257017035
ENSG00000112782,0.9183552325501338,0.65845575649642
ENSG00000137275,0.9851959353067897,0.9792664858744384
ENSG00000225921,0.6112120428291046,0.597682274368472
ENSG00000010017,0.3518332765644533,0.46725401823498014
ENSG00000130340,0.7263406669867445,0.9144270112436522
ENSG00000078269,0.8128807882823375,0.9140990422710328
ENSG00000112818,0.9099716906815432,0.8982342371096314
ENSG00000156711,0.8857310697378706,0.8454197730572188
ENSG00000096070,0.40226895057523593,0.5419601429451826
ENSG00000189325,0.117266832813937,0.07799116622076532
ENSG00000010030,0.3831514126077995,0.4571064742644737
ENSG00000137200,0.7000099846867568,0.6593099971237345
ENSG00000198937,0.4554466718452759,0.3094577738808512
ENSG00000112139,0.18001145135673655,0.225998208668642
ENSG00000124523,0.4522983660006953,0.5040278426063505
ENSG00000241106,0.2586913535704305,0.2772401302363335
ENSG00000250264,0.7533681117254374,0.7401956798775269
ENSG00000240065,0.7299933771275535,0.7516567079041394
ENSG00000164430,0.09917340735084,0.035692015610058955
ENSG00000010704,0.7363520520322335,0.4201257294220734
ENSG00000135541,0.28471581747853664,0.1841635782922594
ENSG00000135334,0.9108148224572941,0.8241799107114076
ENSG00000135336,0.4307064914727654,0.41912260661447986
ENSG00000112308,0.48013869533619924,0.3163660973315103
ENSG00000112312,0.6398701387872191,0.8383565304032157
ENSG00000182952,0.6952238626030466,0.5357116233001806
ENSG00000276903,0.4302699198773803,0.5384609181761395
ENSG00000184357,0.1074447087278336,0.20546484249492017
ENSG00000275379,0.4642062270762435,0.6547437179199871
ENSG00000278677,0.6384394036002129,0.7557346570898693
ENSG00000274641,0.10298016397328175,0.18638298896046074
ENSG00000066379,0.8261449726645316,0.9556007698485198
ENSG00000204619,0.27205722791859066,0.47825428722976837
ENSG00000204616,0.8750490000278475,0.8521791766636191
ENSG00000204610,0.2610320241689744,0.09714243766036298
ENSG00000204385,0.8966634908278284,0.6920556429069449
ENSG00000213676,0.30466393986408447,0.5198627888163954
ENSG00000204315,0.23829788793105094,0.5007442558729971
ENSG00000221988,0.07931484843406837,0.22200412215271992
ENSG00000204310,0.3068156147115247,0.36200645194258385
ENSG00000204308,0.6417392378880689,0.7824676808794625
ENSG00000204304,0.6487176448531702,0.5686096734260035
ENSG00000213654,0.3752867411783559,0.6414342068352942
ENSG00000204287,0.06870538017719978,0.19133160948275793
ENSG00000146112,0.5301815165358603,0.7153464822278739
ENSG00000196230,0.018162035668297615,0.01585681191574524
ENSG00000137312,0.15519958938771705,0.2649360527093343
ENSG00000137331,0.941035006748892,0.9649346086328313
ENSG00000137285,0.21815860389408817,0.1798834115173408
ENSG00000180822,0.9221919996954172,0.7876617793179905
ENSG00000137266,0.4694956732396688,0.6074495033388074
ENSG00000137267,0.056894337728637695,0.025052841755761796
ENSG00000111799,0.051658239832230154,0.07772653407109316
ENSG00000112697,0.3618542080068414,0.5348887642415339
ENSG00000146197,0.17610496890765331,0.2488756431383887
ENSG00000065029,0.4354910958648176,0.31958356880348543
ENSG00000112033,0.6542863894598351,0.5988321814766653
ENSG00000198755,0.3202523343146216,0.5207366225164901
ENSG00000007866,0.4568415091785957,0.38888220787312555
ENSG00000130363,0.6081358836915062,0.5914879912226625
ENSG00000164691,0.3979289611826494,0.5230097883602602
ENSG00000146267,0.4968373247359388,0.23853624875762694
ENSG00000132423,0.26535687052855705,0.298357815114895
ENSG00000132424,0.26392642326179255,0.20481925828295733
ENSG00000123552,0.6891920016524794,0.6167161795426637
ENSG00000279170,0.5319987839906769,0.6392668860890642
ENSG00000112237,0.6066102051923388,0.4901243831516118
ENSG00000153291,0.710691376526974,0.7925260585770058
ENSG00000146070,0.4932238676989249,0.760618646058741
ENSG00000069122,0.05366118904368408,0.10342560044104199
ENSG00000204356,0.3625819982041544,0.19508752417721537
ENSG00000204348,0.9702937996267184,0.7458416802502637
ENSG00000224389,0.5929842311612272,0.9998099710594088
ENSG00000180573,0.4567041581648973,0.40823619761840224
ENSG00000282988,0.25379938714908884,0.20344036329403045
ENSG00000196866,0.46224434571530915,0.616595854608962
ENSG00000124575,0.6414251846960033,0.6541195431335957
ENSG00000186470,0.815304335523912,0.9961779868154591
ENSG00000124508,0.6760802796047912,0.5046546989428405
ENSG00000026950,0.856205440927213,0.8505317555967856
ENSG00000111801,0.9849244925616295,0.9806907561726125
ENSG00000111875,0.46948975040996466,0.7312873712990612
ENSG00000111877,0.8247674910261709,0.5941458146401173
ENSG00000135333,0.39945267211332547,0.3355120821799035
ENSG00000135297,0.4042511119705161,0.24386477825081018
ENSG00000124588,0.323265394695792,0.3716581353278037
ENSG00000151917,0.08633954005137205,0.07418754862567943
ENSG00000168116,0.2959929329339892,0.31101219439195654
ENSG00000197062,0.39852843999102616,0.4407095347526009
ENSG00000164674,0.913177318594884,0.9486894470134883
ENSG00000186340,0.029501478509610102,0.07094299611919005
ENSG00000124701,0.8787839356452639,0.8644211179024001
ENSG00000204520,0.7943238151440218,0.9970770607205682
ENSG00000112739,0.7173284251600305,0.5622631203146065
ENSG00000198721,0.8200338809012973,0.3663682322791687
ENSG00000249141,0.22800989813771697,0.3103857713181177
ENSG00000026297,0.32469250831108665,0.3786229951760912
ENSG00000181472,0.966278569437593,0.6267279717152505
ENSG00000155906,0.5139132926072993,0.327147565301531
ENSG00000146476,0.48065338180042216,0.2901612401915133
ENSG00000120262,0.1272390550543388,0.11272505297515167
ENSG00000197061,0.15011242963504504,0.33486662455083654
ENSG00000183807,0.006800815715489812,0.02383997305250907
ENSG00000118523,0.007581552146265704,0.021673695078301042
ENSG00000118518,0.24901369133969636,0.48234990330067273
ENSG00000198315,0.44301950015123515,0.6383406048752891
ENSG00000118432,0.23635221771844792,0.19274753049785578
ENSG00000204252,0.5421760654784443,0.5928341319534562
ENSG00000223865,0.6285843387423646,0.9678138317384192
ENSG00000204231,0.44553686316068963,0.20368717885446644
ENSG00000204228,0.37792363765185766,0.2533773923420427
ENSG00000204227,0.8469429509388023,0.7817408966393892
ENSG00000223501,0.8953748988603594,0.9347606066967231
ENSG00000231500,0.3406720791206959,0.5608653223023197
ENSG00000235863,0.5146454556961825,0.4087164212419824
ENSG00000227057,0.853541019994327,0.6604958951255221
ENSG00000204220,0.6903138784677101,0.5230782345778299
ENSG00000237441,0.32794547899574106,0.25853026198115014
ENSG00000236104,0.9873927828141652,0.9670086158769249
ENSG00000204695,0.5979445977921871,0.4813869099977992
ENSG00000146215,0.36951037049654045,0.3088824483834276
ENSG00000197594,0.5519489265420472,0.5586846947960111
ENSG00000237649,0.42558158485764097,0.2748753268559345
ENSG00000112511,0.529393944713961,0.4158908669513983
ENSG00000112514,0.7325990298364827,0.6480327223419591
ENSG00000197283,0.24261251856074448,0.4417338306621871
ENSG00000120253,0.4667530009076004,0.2245202657228021
ENSG00000120256,0.7716928131112137,0.895274947279678
ENSG00000131015,0.9169398609481599,0.46591666999722625
ENSG00000135317,0.9648406443233629,0.6956047923268691
ENSG00000124788,0.1980148693221234,0.21079083502745674
ENSG00000096696,0.37053932143759827,0.23199965123786861
ENSG00000168566,0.8559680740797552,0.6221048228414495
ENSG00000112578,0.9244239255494497,0.8669996201409483
ENSG00000112576,0.7010184441321199,0.7666614511635148
ENSG00000001167,0.7238592870268021,0.6978378132778582
ENSG00000204618,0.5628701073401379,0.45520240908058407
ENSG00000146373,0.01608946358507437,0.02579478136932902
ENSG00000204580,0.8251744784345622,0.9922666771082099
ENSG00000235109,0.21617302622682755,0.12167328608557525
ENSG00000053328,0.37008359938792446,0.29268000727143373
ENSG00000135525,0.22382398328518263,0.1292547496631944
ENSG00000016402,0.21442411772678582,0.3228058315962183
ENSG00000118515,0.48533889270091135,0.8947375585158105
ENSG00000204590,0.5598850583436341,0.3048711867636825
ENSG00000172469,0.8457264977607833,0.739661721888244
ENSG00000135318,0.0017394466509014737,0.005823687116485603
ENSG00000137338,0.4926930124146205,0.5328536279648901
ENSG00000137404,0.5102564611604283,0.33544339447419363
ENSG00000155085,0.6471401066805913,0.538444002160531
ENSG00000274750,0.528031258271302,0.7224005213992498
ENSG00000112245,0.4613092646790131,0.7163480376623057
ENSG00000146426,0.07348543866489787,0.04210699366143959
ENSG00000158691,0.234533297245908,0.23681840797608353
ENSG00000146433,0.7238614811938272,0.570742741411103
ENSG00000014123,0.4435534038416912,0.3724867834271307
ENSG00000112214,0.08437126759843108,0.1371120249800431
ENSG00000122335,0.11170994478842759,0.1466861353158165
ENSG00000272047,0.9733618301021474,0.7257694507313395
ENSG00000241370,0.7208276069863535,0.5300190918807898
ENSG00000276368,0.5437971361352754,0.5944392658540683
ENSG00000273703,0.2957801561066991,0.35587630187590547
ENSG00000273542,0.8349837687653785,0.7487586096644903
ENSG00000112799,0.3439658340844498,0.5701518237725657
ENSG00000278828,0.9305372901005786,0.966012367860944
ENSG00000204525,0.9422969495905493,0.8933091928464791
ENSG00000146376,0.3673512425401728,0.8952164650362586
ENSG00000112541,0.14360966522080945,0.36304679479116253
ENSG00000231389,0.42178617138664487,0.5503230817955926
ENSG00000198502,0.2517523689411057,0.3882314167309421
ENSG00000196735,0.8973517476547768,0.8087477156041066
ENSG00000179344,0.8488258294091017,0.5686716174274146
ENSG00000196569,0.018425776805919235,0.041435795701753514
ENSG00000196586,0.8278224230385492,0.63967795251277
ENSG00000137337,0.9230567634136073,0.9686589380605941
ENSG00000112592,0.9860220533434573,0.9712548810154804
ENSG00000111961,0.38603260346962653,0.4052354412333471
ENSG00000112242,0.9888707064938027,0.713764135441044
ENSG00000030110,0.6753061746360625,0.6186160205457302
ENSG00000172348,0.04882997664361069,0.06252075595426766
ENSG00000124782,0.4301516626527555,0.4403211709732512
ENSG00000112761,0.08488015535394688,0.1663298095496491
ENSG00000185345,0.42293679336885315,0.7158150014501272
ENSG00000204531,0.5599591466131755,0.5912368009541414
ENSG00000112562,0.10241452940584521,0.0623986411770971
ENSG00000112394,0.8582260844364631,0.8713433354839596
ENSG00000137161,0.8239604232381467,0.6372516588605135
ENSG00000124702,0.4441722390129713,0.23780641365996757
ENSG00000118513,0.005486424763957059,0.009360214397673084
ENSG00000092820,0.6770439576132308,0.5720350166844606
ENSG00000111846,0.9090340459016333,0.7455332233784226
ENSG00000118495,0.0639824026441647,0.10780657111488005
ENSG00000124641,0.6067997492549657,0.49959266059171903
ENSG00000112530,0.8657319326275643,0.920173735800788
ENSG00000135540,0.4993966091282309,0.4673591790694086
ENSG00000197261,0.02457874761755583,0.05934521613902628
ENSG00000112624,0.7562533338293035,0.7406160555450811
ENSG00000196747,0.460333079992722,0.5196014031079479
ENSG00000273802,0.8162064322911977,0.8130430283298136
ENSG00000185130,0.10665756536432948,0.12781114143946748
ENSG00000233822,0.6241004560317722,0.7891207496632688
ENSG00000277224,0.1365973848822937,0.1333565282236874
ENSG00000275713,0.9183063043967161,0.9524306874010455
ENSG00000180596,0.5027690556378479,0.6372739872568366
ENSG00000276966,0.9203054767504972,0.9506964631446891
ENSG00000158373,0.36325314170266,0.46599243421131353
ENSG00000120279,0.05247341371616442,0.04416408163483317
ENSG00000164663,0.344324444470992,0.5440685969850136
ENSG00000197279,0.8530337590033663,0.7230233598902592
ENSG00000044090,0.8202198927378728,0.6652627625210814
ENSG00000153294,0.002398619825706716,0.0022452628106367275
ENSG00000196812,0.41087819602875286,0.43556494651933586
ENSG00000137185,0.1564648632387307,0.23220072981658044
ENSG00000187626,0.7293128413793513,0.8773915961796235
ENSG00000124635,0.882363198638281,0.735348119560047
ENSG00000196787,0.5506053744657335,0.5583852058248784
ENSG00000276180,0.8729629185140452,0.827768531931517
ENSG00000197903,0.9361591376180349,0.9617470801699971
ENSG00000112812,0.5646643802265938,0.6756759218337685
ENSG00000124613,0.25692059719241334,0.1966149093251802
ENSG00000096654,0.40715390174477684,0.336080938179102
ENSG00000137413,0.9886307738577559,0.930034318555878
ENSG00000064995,0.701606192081152,0.6047336364449251
ENSG00000111850,0.5925852809585781,0.7566197104654381
ENSG00000164414,0.5666169695346419,0.3576673024104171
ENSG00000146282,0.8942619646312235,0.8094949814689839
ENSG00000146414,0.7967471555708769,0.8056498338631397
ENSG00000112186,0.11401657218658702,0.07055989443878846
ENSG00000137414,0.21286705383161542,0.18333551711994103
ENSG00000112137,0.6575893900217253,0.48829129012853767
ENSG00000112559,0.7649575384219306,0.6142468722169871
ENSG00000172673,0.3391311412878977,0.48659576531734494
ENSG00000050393,0.569977088388666,0.4928901175521496
ENSG00000112419,0.4626162374429329,0.6293565577743185
ENSG00000204536,0.7164815610751804,0.9643598114606444
ENSG00000074706,0.5126599570978404,0.5414845152498762
ENSG00000204463,0.9147422976251555,0.8934033443186082
ENSG00000080546,0.9024505591577102,0.8888564101045333
ENSG00000112486,0.7349588189849319,0.7736624068481661
ENSG00000124762,0.3037734481151897,0.632922571262537
ENSG00000137168,0.6294654369156759,0.8532382012656823
ENSG00000198663,0.30218016978742956,0.3369215390934924
ENSG00000164530,0.5069151887510863,0.419779265264427
ENSG00000137409,0.4011716108063208,0.38007582711168986
ENSG00000137193,0.042909080652324544,0.057175348948826574
ENSG00000124496,0.5301138437400363,0.6462959819402363
ENSG00000112299,0.7173875335343876,0.5439987891694206
ENSG00000112303,0.5653051956175554,0.5308321996309157
ENSG00000188112,0.6973717654337137,0.7603176181713165
ENSG00000213719,0.7196240052968181,0.5220660169460898
ENSG00000120278,0.78781177371347,0.8284525871799197
ENSG00000234745,0.36682299727764855,0.2834801269935132
ENSG00000111897,0.10362579731793577,0.306932421367336
ENSG00000135549,0.6291801748257957,0.914542130337164
ENSG00000204140,0.8089492209367818,0.8980428744154869
ENSG00000137392,0.6011910899018329,0.5785819052708906
ENSG00000197753,0.8795606832782177,0.9002024824491062
ENSG00000096063,0.6432624059857737,0.4512169521638756
ENSG00000189298,0.7810661001472345,0.8219294769160741
ENSG00000112679,0.8768353285665285,0.7045952561520732
ENSG00000137265,0.5024420108528349,0.3103188643604042
ENSG00000027697,0.3778375376984545,0.26593212994881893
ENSG00000001084,0.7091450557618203,0.7820065434123675
ENSG00000204264,0.759588650885764,0.6175752599505476
ENSG00000178033,0.04762249329245482,0.0959944900328567
ENSG00000111832,0.5762747888205194,0.37708844323826307
ENSG00000153975,0.909684729070823,0.6419643698473148
ENSG00000196911,0.3672962238353872,0.3779408357973689
ENSG00000204351,0.738233711168868,0.6662045008196082
ENSG00000146285,0.6546435846431278,0.663206590363226
ENSG00000025796,0.7291801184290441,0.8260880012678558
ENSG00000146263,0.5741995553862447,0.45208770698229794
ENSG00000146192,0.9731095736420672,0.7797130374276443
ENSG00000118503,0.8391796551638667,0.9012228459889148
ENSG00000169976,0.4334420006505615,0.2508031142974086
ENSG00000135604,0.7670477040647177,0.9980286811428601
ENSG00000083097,0.9588306596354942,0.7817545407361453
ENSG00000013392,0.09806105783205062,0.08096035053308157
ENSG00000168394,0.07176407864977746,0.09672674389159229
ENSG00000135535,0.5266080274558544,0.649215530394978
ENSG00000185250,0.7218207279065904,0.5703068047509106
ENSG00000135587,0.8029774270436898,0.8124407076091908
ENSG00000135596,0.6051717733594253,0.655041586278861
ENSG00000112365,0.4108809266719675,0.2562031136903338
ENSG00000013375,0.9442037571665093,0.7226108627943602
ENSG00000243649,0.7959995307814838,0.8978439173610155
ENSG00000112473,0.8228290388643764,0.4658200524098891
ENSG00000112695,0.8001250670670723,0.9898404024542472
ENSG00000124562,0.3930665657704314,0.5415598705850868
ENSG00000065060,0.9500879671316147,0.8178137035831845
ENSG00000064999,0.6910614512921912,0.9131242157589916
ENSG00000096092,0.6175846227966661,0.2847409543079869
ENSG00000244067,0.042892125071328675,0.03343884975262329
ENSG00000197442,0.6884896064409503,0.4852485570201315
ENSG00000023892,0.31221288459685403,0.3823758294813828
ENSG00000112039,0.2714120888202641,0.23312779663618008
ENSG00000112335,0.36362885391766686,0.48498518537253177
ENSG00000081087,0.20034259703250543,0.35751632253070054
ENSG00000244731,0.8117105113404521,0.9889818185616325
ENSG00000231925,0.3609701928017178,0.555776994661995
ENSG00000056972,0.48039030028340024,0.7908482240107626
ENSG00000135346,0.7716607523435997,0.9657099508509088
ENSG00000112118,0.24487619714733777,0.24603265398255408
ENSG00000137221,0.9916937822945817,0.8539317264276476
ENSG00000196126,0.3889529894374574,0.566559671851772
ENSG00000185127,0.3690620853256784,0.40061147029497224
ENSG00000204599,0.13807822843081757,0.19017731607679267
ENSG00000240053,0.9230088935518044,0.7251036160950606
ENSG00000204371,0.7941577843716441,0.8171605893218314
ENSG00000204052,0.7255814906582266,0.8653640039855198
ENSG00000277075,0.7968911422448554,0.7941055227372709
ENSG00000188994,0.690170321442108,0.794966879511342
ENSG00000146243,0.443982193067196,0.3650296086865974
ENSG00000130396,0.17525336007892986,0.22845745941323897
ENSG00000146247,0.7051887102532857,0.4900035535574947
ENSG00000083099,0.899591882685022,0.95888325786155
ENSG00000079691,0.39595227307766,0.2193395520382353
ENSG00000112159,0.8552706820997321,0.7196375931752421
ENSG00000135341,0.5795464588722623,0.9087628745260858
ENSG00000124772,0.44113626297630537,0.6576430760935924
ENSG00000178199,0.3171103052344527,0.19262585837934768
ENSG00000055208,0.5140866562602747,0.780011627192327
ENSG00000093144,0.8385148138261751,0.9159386769937792
ENSG00000224531,0.30464267367391135,0.24152918203432658
ENSG00000079689,0.11034541962878025,0.10061268698228036
ENSG00000112167,0.9652168319398232,0.6703793273227112
ENSG00000164626,0.7228722542451447,0.9782256706336132
ENSG00000161904,0.6545295565241027,0.7429730812565271
ENSG00000096395,0.3434199332245831,0.3462906771333748
ENSG00000189367,0.257747773552875,0.15327655806980897
ENSG00000184530,0.7447553298110328,0.5762157555470369
ENSG00000186577,0.1561011946300463,0.13088481330522655
ENSG00000272325,0.6321062632520845,0.7879725899215979
ENSG00000137309,0.8627060946739552,0.9764938522939108
ENSG00000049618,0.6968565232203203,0.7553624278481534
ENSG00000010818,0.4315894134050874,0.7259237179589364
ENSG00000131018,0.20382341953228592,0.25910991726019006
ENSG00000270800,0.7972023035952052,0.9368003718996015
ENSG00000124614,0.6748138338795798,0.9682748913560723
ENSG00000124664,0.5087625193466678,0.2605223632666768
ENSG00000196821,0.3371953021062275,0.29325456304477066
ENSG00000137166,0.8555215650447628,0.7673811190203126
ENSG00000204267,0.8981026006264579,0.9161521307162575
ENSG00000166278,0.48655177360466695,0.38105886150530777
ENSG00000213066,0.1192673066742944,0.1959442415553754
ENSG00000152818,0.3456938518226469,0.5392884807174037
ENSG00000204209,0.41390316713250463,0.4542024968210422
ENSG00000151914,0.03424656454547761,0.018641866446474836
ENSG00000112200,0.5227486714171508,0.4521072783675464
ENSG00000112280,0.3663827898844464,0.40187969681625935
ENSG00000112062,0.1466195284405088,0.17547374895664436
ENSG00000079819,0.1461795231762721,0.4246049237741797
ENSG00000010810,0.3677487899471238,0.5034594289502345
ENSG00000204681,0.760218636506648,0.9473957288761962
ENSG00000204469,0.6305201565851022,0.7399986395608383
ENSG00000118508,0.2654191487524266,0.47451443156652995
ENSG00000118418,0.4294687961745247,0.2769480803863553
ENSG00000164506,0.9142490604876683,0.8273094543023335
ENSG00000206503,0.5790114089511785,0.3484958121028272
ENSG00000204256,0.41626751691356045,0.2056599888034918
ENSG00000118507,0.9343083043162735,0.7088723240433523
ENSG00000137310,0.9776016331710189,0.9676800884936557
ENSG00000120265,0.6225710427348317,0.9647330989459302
ENSG00000168477,0.13639988079752105,0.237700076097769
ENSG00000112715,0.6554065467801622,0.6617314103156615
ENSG00000141934,0.2623633501376404,0.20613717252739208
ENSG00000099812,0.3285726480071526,0.2867721217405322
ENSG00000064687,0.17548893615417485,0.12998443739204227
ENSG00000116017,0.6727182632712194,0.8238800056906622
ENSG00000064932,0.08634111712203879,0.07465353090128116
ENSG00000205922,0.41251264175292335,0.15628517685863774
ENSG00000064666,0.4257829407409922,0.5976079524151657
ENSG00000104953,0.7114964319063092,0.8980767877495724
ENSG00000099864,0.09138497029006824,0.054907358225797974
ENSG00000125910,0.5533623582458799,0.43301814952693163
ENSG00000125912,0.04205297098537324,0.0336170730273559
ENSG00000011132,0.5297272459079174,0.6235281727000008
ENSG00000105289,0.09331777128820173,0.05721145328278807
ENSG00000095932,0.08805140364837719,0.0740823012962152
ENSG00000167476,0.7360249723432457,0.7904558313088393
ENSG00000141905,0.7604748467004002,0.7815328292910149
ENSG00000031823,0.7922132769203858,0.817047782162134
ENSG00000176533,0.9404064855438947,0.9107109744366859
ENSG00000105248,0.055736727072159306,0.044174151166569635
ENSG00000060558,0.919917518631906,0.8765827472303583
ENSG00000160633,0.4200925262053562,0.35916754774673487
ENSG00000105519,0.31413266350562885,0.3194321906989377
ENSG00000171105,0.3471526448714425,0.3839368547848414
ENSG00000127663,0.8981884049302863,0.9313143841164258
ENSG00000141968,0.4958623881919696,0.6605157913470222
ENSG00000175691,0.9612361049588267,0.7393466968770088
ENSG00000088256,0.22620108811076597,0.3511716077246735
ENSG00000133243,0.2734856009414185,0.320618394540279
ENSG00000007264,0.5674748369020861,0.6372203691930558
ENSG00000142347,0.8641879018125995,0.9620359313861422
ENSG00000182087,0.1363911097986395,0.07442822979650579
ENSG00000065717,0.9881981032328684,0.9594912844143992
ENSG00000183617,0.4607512705432115,0.4446711165256253
ENSG00000129932,0.16205664416384405,0.3005156813618773
ENSG00000167785,0.09117250962013694,0.06792725706685906
ENSG00000142303,0.06262984469484903,0.1328588235861286
ENSG00000074842,0.9688185324618079,0.6784072530300591
ENSG00000181143,0.04766029525819228,0.12707240204026746
ENSG00000065989,0.9768153247325817,0.6114260865718346
ENSG00000105401,0.03418021667148598,0.03657174873379644
ENSG00000197933,0.018137849638121907,0.030403116212171736
ENSG00000171295,0.17619304064632363,0.11081765796976402
ENSG00000197044,0.37619132425653723,0.29899716148240213
ENSG00000123136,0.34141621371990843,0.33697888560344713
ENSG00000123146,0.20407851357714343,0.052321957814240344
ENSG00000105137,0.02715377654065233,0.02847262072852663
ENSG00000127507,0.891593150757342,0.8286287185863452
ENSG00000123159,0.5547047691140196,0.4602639975345061
ENSG00000186115,0.9858964286930756,0.9332692140627669
ENSG00000186204,0.4151681727221789,0.43840049214852417
ENSG00000160951,0.3784942929431395,0.6029889981260728
ENSG00000105135,0.27599345753263,0.2681396121758634
ENSG00000198551,0.6085333397483171,0.5470815031231684
ENSG00000160961,0.7822296393070106,0.866963475176408
ENSG00000099330,0.46481125048626504,0.29779613424895207
ENSG00000127220,0.5462572785505555,0.44921701891104526
ENSG00000127527,0.6859352646872938,0.5886859784229808
ENSG00000130300,0.026521175195663202,0.03764759124175116
ENSG00000160117,0.7111527864217454,0.6805214586553426
ENSG00000064490,0.3072056094613702,0.43478558349512497
ENSG00000130299,0.08923408414065614,0.07942278409923496
ENSG00000074855,0.3882614773631301,0.39069903067913825
ENSG00000105058,0.6995214837341577,0.5090942744224671
ENSG00000105393,0.8500480501933749,0.8987223459952367
ENSG00000186010,0.9514885064819929,0.6353512497054835
ENSG00000105705,0.1010277749942646,0.14795728508581174
ENSG00000105122,0.9941748743182031,0.778163892406887
ENSG00000105750,0.9589842434826871,0.6993665726353595
ENSG00000160229,0.7221011936590574,0.7250281519624213
ENSG00000105072,0.9222842099599706,0.792087721064024
ENSG00000130307,0.4339305428823237,0.34170873605264485
ENSG00000256229,0.19991329296758706,0.19484635348034768
ENSG00000197124,0.5814700045957852,0.711536245700431
ENSG00000085872,0.26345139051665506,0.2006707764174039
ENSG00000160352,0.27337872142432196,0.14589516709992945
ENSG00000160161,0.17459771928050571,0.2003498248271025
ENSG00000105662,0.5797229534844726,0.7497908681282714
ENSG00000167487,0.6357674906298902,0.7796297930032302
ENSG00000127526,0.6042494671106541,0.4927844272866685
ENSG00000064545,0.05000336586168487,0.04509300956262184
ENSG00000105676,0.6784643075924536,0.5571334259999506
ENSG00000118620,0.34159428523199636,0.17776721197149492
ENSG00000167232,0.14957895525135467,0.19402327365551153
ENSG00000186529,0.3147245935827281,0.342680023534044
ENSG00000197372,0.2453266520267192,0.34211467712718785
ENSG00000130311,0.7278535184374142,0.5838639622606456
ENSG00000213996,0.6869688235478558,0.6211687053940774
ENSG00000064607,0.08866109533268905,0.04958959014228213
ENSG00000213999,0.25602907878931486,0.08349649521665455
ENSG00000196705,0.8472555816823928,0.8502607778476556
ENSG00000182141,0.2714089071275088,0.16477868083539376
ENSG00000283201,0.41167416778191135,0.5265229905018421
ENSG00000121297,0.06516502757505956,0.07112221267914641
ENSG00000130304,0.499273931152417,0.48932970202560877
ENSG00000126249,0.4425334567244472,0.642606145229634
ENSG00000161249,0.44806767983388973,0.6658236292917428
ENSG00000142279,0.1258272979156667,0.19046288120969035
ENSG00000196357,0.698165913682103,0.6661959643219848
ENSG00000161558,0.608689106697834,0.7191382237927202
ENSG00000237440,0.1944489286540421,0.324664135387452
ENSG00000267041,0.5350075600157596,0.3934660916224222
ENSG00000204920,0.9930619656164197,0.8799385669895083
ENSG00000167637,0.4300045170226885,0.26316438199972514
ENSG00000176222,0.4354833087774991,0.28974243172069897
ENSG00000105176,0.6494473492872751,0.7373463911921372
ENSG00000159882,0.5895128972416893,0.4356186675295307
ENSG00000124459,0.37282217069107804,0.3330688351661443
ENSG00000131116,0.9707939675068156,0.8599959643256357
ENSG00000159885,0.9354513330848543,0.9627744772351614
ENSG00000131941,0.6041124612246918,0.539226402370531
ENSG00000269858,0.5484278798394913,0.4364984220371593
ENSG00000105767,0.6598019398557606,0.9064049365949625
ENSG00000105738,0.5902613057082903,0.6365008846323845
ENSG00000168813,0.7693990213507875,0.620961830369375
ENSG00000011422,0.11266377043262342,0.2149524105601923
ENSG00000178904,0.3882339181831347,0.7494924891975716
ENSG00000105771,0.6154466100624754,0.5186142511858138
ENSG00000099326,0.519701233241195,0.5093127520755782
ENSG00000268533,0.6824805520840099,0.6740386317440413
ENSG00000189114,0.6667317955904525,0.753319310414404
ENSG00000186230,0.6272312315815097,0.4948162938545192
ENSG00000161281,0.08850344590958176,0.0566029247008282
ENSG00000197408,0.5629447888501624,0.46494893885519406
ENSG00000134830,0.6951128776468045,0.6521965126923791
ENSG00000105220,0.6826913050170238,0.49765545478424456
ENSG00000126261,0.2842518939588666,0.43182211163604745
ENSG00000197050,0.321755156100489,0.4572107850354311
ENSG00000196263,0.6407337935764594,0.4650214377862455
ENSG00000159871,0.5649343961409192,0.6154905680835006
ENSG00000196867,0.15483864415390963,0.07042931403917567
ENSG00000188508,0.38097057107718935,0.22268357780363873
ENSG00000197016,0.33608582860321673,0.2610719162956077
ENSG00000083828,0.7329059714406616,0.8286346854979554
ENSG00000159917,0.20836190936416332,0.25975733254369565
ENSG00000171606,0.7573187529092656,0.6214005258914016
ENSG00000105173,0.7810572517612954,0.8265166773669967
ENSG00000167751,0.8264811171759537,0.9462026377823094
ENSG00000083844,0.3291268503363759,0.3466293510980204
ENSG00000161243,0.8845385566189762,0.9668164639775438
ENSG00000121289,0.6605080075945468,0.5414264638897153
ENSG00000204524,0.7358116971504796,0.5730409333592432
ENSG00000204936,0.7937531179090757,0.9643905421273589
ENSG00000167578,0.8660856351776735,0.5943235864519675
ENSG00000105063,0.445190937270027,0.5267848823817983
ENSG00000197714,0.928466063911819,0.7190927768989492
ENSG00000133265,0.7077902853411251,0.9894063862353282
ENSG00000178229,0.9921074902781186,0.8718244667315238
ENSG00000169021,0.9797092622201679,0.8298031506318797
ENSG00000063127,0.9876510501563698,0.9283414363692342
ENSG00000160469,0.4578494029153237,0.18640785510085514
ENSG00000256060,0.24279659176587323,0.15317145601791607
ENSG00000258405,0.09572276167344354,0.187704205517601
ENSG00000197405,0.06303235805387448,0.11201039435459093
ENSG00000125503,0.7515222209049752,0.5169746370450251
ENSG00000104894,0.37089201103421965,0.556172600825898
ENSG00000254901,0.42725979552023885,0.371685354154466
ENSG00000188785,0.9282364203043186,0.9274623938410431
ENSG00000012124,0.6657968557268716,0.8741020608833472
ENSG00000129991,0.9984946579394294,0.900848816777763
ENSG00000129990,0.3283554188296149,0.6767580746037
ENSG00000104866,0.9205755188437335,0.7555117580447434
ENSG00000080031,0.5330259158224271,0.4905555917208664
ENSG00000105171,0.44717598715396933,0.48336568886742326
ENSG00000181035,0.9225420092562953,0.8823103944457041
ENSG00000180089,0.5263231842874473,0.372813239476654
ENSG00000188505,0.7994182509279238,0.4428337658226319
ENSG00000130755,0.7681675909219243,0.9965304328988845
ENSG00000006712,0.1286374790448455,0.10285043429015911
ENSG00000063322,0.08314439707485535,0.09098189743217501
ENSG00000128016,0.04282173939965823,0.03121421600531568
ENSG00000090924,0.2877408562329171,0.33282793431235375
ENSG00000105193,0.24952223332626774,0.25514517267982195
ENSG00000196235,0.5971700454021004,0.754360969070149
ENSG00000105197,0.7668849376598907,0.8497584579247471
ENSG00000176401,0.4488006776242196,0.36169410972725613
ENSG00000176396,0.6769641836568604,0.42306120262289926
ENSG00000182013,0.31892943582558136,0.3236249981376576
ENSG00000160014,0.697754437815913,0.7464695118482223
ENSG00000160013,0.062327154778882336,0.09801455611611139
ENSG00000197380,0.33431070399167717,0.24215262895177161
ENSG00000128011,0.05753907659986187,0.037145822136296025
ENSG00000130545,0.09931670831000665,0.08927237468930187
ENSG00000205744,0.8554069071454702,0.6752635563903038
ENSG00000104833,0.10366478803836772,0.09424127263793959
ENSG00000125657,0.7375608297244768,0.46851165164507536
ENSG00000125726,0.966922857313415,0.7544741851918392
ENSG00000125733,0.4749158438306744,0.4841368879366681
ENSG00000125731,0.7830835861673979,0.51288131177604
ENSG00000125735,0.8153544472068629,0.9936753738640443
ENSG00000125755,0.8171111319145783,0.9984653548704001
ENSG00000170608,0.6376040273646368,0.7772020038466764
ENSG00000170604,0.4251011349679341,0.5589506403379316
ENSG00000176182,0.18683406058596747,0.3295387935958809
ENSG00000104983,0.7104925933356787,0.37724645306581917
ENSG00000185800,0.5734546059384655,0.5726969042563002
ENSG00000130818,0.5758678153072238,0.6048918396140938
ENSG00000171469,0.5180610383180599,0.46047897333708254
ENSG00000171466,0.130443941959253,0.04323093904999478
ENSG00000127452,0.3718561889090457,0.2818696607437594
ENSG00000024422,0.03925477970187977,0.0398450081229079
ENSG00000105373,0.9953738245360616,0.993991482127571
ENSG00000178935,0.12754012329629066,0.16022306323744426
ENSG00000268750,0.9924961819483794,0.8900232387499284
ENSG00000269343,0.39617715678039156,0.24149146460389134
ENSG00000198466,0.8736220654706145,0.6820689636967661
ENSG00000173480,0.8166513389589929,0.8493016855244694
ENSG00000152454,0.6367281662415221,0.5536489738182131
ENSG00000104951,0.578474725417078,0.5382530403528565
ENSG00000105053,0.5124639155171202,0.7125796245468161
ENSG00000142528,0.7696189199167569,0.6377964975134293
ENSG00000131409,0.2066478707368474,0.14333904066553765
ENSG00000167748,0.8442533314849775,0.7219426505998962
ENSG00000142065,0.8761751963528603,0.9054318458355154
ENSG00000181007,0.38980565480794427,0.24958703115602981
ENSG00000254004,0.9876437391363766,0.9897450717713596
ENSG00000186020,0.34757915609086587,0.24637672710622766
ENSG00000130164,0.6968384383472375,0.893087401422206
ENSG00000197019,0.8208180063452568,0.75818470292867
ENSG00000167565,0.7553296351498694,0.6849548526124787
ENSG00000187912,0.9450951148300145,0.9388369226308938
ENSG00000074219,0.11114000974541278,0.0852985896682164
ENSG00000167646,0.016081337311470188,0.009657760006566212
ENSG00000161677,0.5419824443093454,0.9349563091403337
ENSG00000196081,0.25982972018228184,0.37299934280419456
ENSG00000012061,0.7561825843776302,0.5435157981085452
ENSG00000123143,0.7087826825561188,0.9940755397615104
ENSG00000198521,0.8706375248688188,0.7503026602966211
ENSG00000105085,0.29253174536668,0.29309246922349536
ENSG00000127445,0.5205009827424227,0.5819171392837864
ENSG00000073050,0.5709191698584757,0.48161122671002166
ENSG00000127528,0.38442893575308534,0.5152861761337875
ENSG00000065268,0.500411714988724,0.5504988231025547
ENSG00000152433,0.6329636996884493,0.6125088339517559
ENSG00000184162,0.2071846165890391,0.3005036145396735
ENSG00000142453,0.35992330537853934,0.3750921127363045
ENSG00000105227,0.7068309984254684,0.8062975150944365
ENSG00000105552,0.5872137113622062,0.7993445336948474
ENSG00000087076,0.05736674561525763,0.014893374041680054
ENSG00000104808,0.3104776289010854,0.3601559206214273
ENSG00000087086,0.5969576456574702,0.639566781108774
ENSG00000196967,0.22191135153075867,0.18975357804798648
ENSG00000245680,0.8344172028078676,0.9228427901998274
ENSG00000180884,0.6602794259554702,0.9210705369090265
ENSG00000285526,0.20028278276250533,0.2762717852747361
ENSG00000153902,0.16884244061785894,0.12411001558095813
ENSG00000089327,0.7137624477649049,0.8930107914638934
ENSG00000179115,0.1732812237819567,0.12832904651336577
ENSG00000179262,0.06731173452806169,0.19715682079336377
ENSG00000179271,0.7567989153901089,0.8600893441403447
ENSG00000180061,0.5883555659727826,0.6120405771894009
ENSG00000133247,0.48037419451771024,0.7788157073314226
ENSG00000160471,0.9080325852081942,0.8537758481796701
ENSG00000095752,0.29894070461589783,0.4517352941817041
ENSG00000160472,0.7412035220894071,0.7069209500873987
ENSG00000233493,0.09174481236047705,0.12765088967546737
ENSG00000108107,0.593669341234487,0.40209191108832165
ENSG00000108106,0.9037741460476744,0.769784460613398
ENSG00000063241,0.5964053694422353,0.3685589298445662
ENSG00000197483,0.6236345546483713,0.7827542778383088
ENSG00000090971,0.2877577613522805,0.302967562859643
ENSG00000179954,0.05430643109291476,0.06966842349429936
ENSG00000218891,0.8990044060957609,0.923943364166347
ENSG00000179943,0.44303888617555376,0.6950100033577584
ENSG00000171443,0.30210520303653243,0.5241465329566347
ENSG00000179922,0.7466338352855673,0.7950017519151993
ENSG00000213015,0.7289824143831358,0.8913537767172254
ENSG00000171425,0.8592657733517266,0.809927707559158
ENSG00000173581,0.8219370967804699,0.32366466321972404
ENSG00000063245,0.8324328874446467,0.8178393484824911
ENSG00000130005,0.002009368157460368,0.0014575967441193558
ENSG00000071626,0.05496752625884301,0.06784126249962152
ENSG00000119559,0.1859182532769927,0.09891293120037367
ENSG00000071655,0.2745262097691439,0.24653323868794333
ENSG00000013275,0.3177530847087837,0.3280189678705013
ENSG00000128000,0.9608085530221037,0.6275666947491563
ENSG00000196110,0.545365202738777,0.38033527499150865
ENSG00000198440,0.10657919288127912,0.08356783629976285
ENSG00000080573,0.25561771522794163,0.26606546466708775
ENSG00000130813,0.6584507490891387,0.7477446353191429
ENSG00000243207,0.20405128800841354,0.11883944250396622
ENSG00000130810,0.15271258946507074,0.22847505197466103
ENSG00000244165,0.10705343926945941,0.0554878882123625
ENSG00000130811,0.18281612804330286,0.14111071560955427
ENSG00000267534,0.20208839118921013,0.2054494780394313
ENSG00000105364,0.027392733174598973,0.03629258091993686
ENSG00000090339,0.7442727926108533,0.5558061766650778
ENSG00000105371,0.14905406241352262,0.18804228223627245
ENSG00000198482,0.38476334055831696,0.6036154839240953
ENSG00000213020,0.5140684156751127,0.5597033218385596
ENSG00000198538,0.7349901287721559,0.5768140146979136
ENSG00000152439,0.5529275908046691,0.6607744662022734
ENSG00000121406,0.4401845346861071,0.31771617087321835
ENSG00000083817,0.9035921742581545,0.734212258924753
ENSG00000171649,0.4644020361023419,0.5445568284878066
ENSG00000213762,0.24306896430351596,0.20422042201115323
ENSG00000121417,0.7469564266508121,0.7389211583006434
ENSG00000189164,0.5748638858346784,0.8549900591567131
ENSG00000196437,0.7610200879185003,0.4781327219425555
ENSG00000180479,0.37299315514562825,0.24588187641534648
ENSG00000198182,0.9588319652180292,0.7761365683164883
ENSG00000167600,0.8167163649795122,0.6722811442539673
ENSG00000167601,0.003900376148683561,0.006498471207764737
ENSG00000142039,0.885949991953024,0.8456456305876354
ENSG00000142046,0.13046772845467844,0.07236293012764489
ENSG00000123810,0.9501063021156105,0.9721225426126252
ENSG00000248098,0.897536800357278,0.761083352860144
ENSG00000105366,0.17320714161086104,0.20440892943338915
ENSG00000254521,0.5242131409529701,0.4877446172842852
ENSG00000105492,0.06306675360053607,0.10435631316865054
ENSG00000105497,0.49273937776277554,0.6255028485424515
ENSG00000171049,0.2663576821256088,0.3131750695346992
ENSG00000187474,0.37049884981698233,0.641418560901295
ENSG00000104967,0.997064374920642,0.6491051361717908
ENSG00000096996,0.4549653946819072,0.35512242803407945
ENSG00000105647,0.37107010415401964,0.3461759149215199
ENSG00000216490,0.6030753018426512,0.6921892710871937
ENSG00000254858,0.7070354150898069,0.5794246956864475
ENSG00000105649,0.8442079661253292,0.7847458699208005
ENSG00000130522,0.8213482297642299,0.6848739801305223
ENSG00000130520,0.6659387911798798,0.6457108599225463
ENSG00000130517,0.17688924532539177,0.09299190611602358
ENSG00000175489,0.7582024069065858,0.9092153446669807
ENSG00000130511,0.2653023900353316,0.24976485539130006
ENSG00000105655,0.3504531291872116,0.8431372557309238
ENSG00000010361,0.01851389493271644,0.011131393734853166
ENSG00000039650,0.9698698491092044,0.6547255503481562
ENSG00000104973,0.6573360648845868,0.5493036763667487
ENSG00000178078,0.20354293749458324,0.38878271979425627
ENSG00000204673,0.902139470717972,0.8797336793314107
ENSG00000159905,0.8075643054686111,0.8153422573972362
ENSG00000130733,0.3330739856415753,0.3631353404476986
ENSG00000105341,0.7239554152692598,0.6059208002402007
ENSG00000266964,0.15238638763373805,0.11386959131985981
ENSG00000198258,0.732144352838273,0.9019080448511583
ENSG00000072958,0.046845921685454074,0.05888038372381359
ENSG00000115268,0.4186865087769731,0.3903523323946281
ENSG00000007255,0.4885177023533487,0.22976290274236158
ENSG00000168661,0.5828480067681149,0.593103093701981
ENSG00000166398,0.1921203307685962,0.3713069163980126
ENSG00000131845,0.40739391881752074,0.48847911679153355
ENSG00000213096,0.6213406982198837,0.8126078971636639
ENSG00000196724,0.6564870624294116,0.6238588088554149
ENSG00000197951,0.2096092322204112,0.10253366180047956
ENSG00000171827,0.7101739112659193,0.4241712900402249
ENSG00000126246,0.9637058036716407,0.8714331769740584
ENSG00000161265,0.2548125193258339,0.35835223880290046
ENSG00000205155,0.6936419000511463,0.3298641707921508
ENSG00000267796,0.688705877548026,0.5401701704809756
ENSG00000004776,0.09953043936350559,0.07282206896171027
ENSG00000104903,0.3823581113144129,0.42654616244406296
ENSG00000090661,0.13891117730968774,0.05475837909779273
ENSG00000167775,0.3606882055825473,0.13878005173567018
ENSG00000267855,0.6630103421025925,0.9306450742404826
ENSG00000233927,0.7706842763638152,0.5111235701575422
ENSG00000167772,0.09215148490484902,0.0812654453392086
ENSG00000185236,0.3127664623583736,0.46196298465306884
ENSG00000099783,0.15397007855055603,0.11870230308443337
ENSG00000133246,0.3199155016393074,0.2738578587546802
ENSG00000133250,0.398106131637162,0.6173402630411389
ENSG00000105467,0.49783636963513345,0.3355248349636909
ENSG00000105438,0.5632846921228041,0.5226660780452378
ENSG00000105447,0.8681108775003187,0.6466103781768239
ENSG00000182324,0.9845684420229263,0.8777723729121426
ENSG00000088002,0.23191241310975055,0.38316399057682704
ENSG00000177202,0.7734686563733886,0.8116417772738077
ENSG00000063177,0.8105252773048209,0.9078613777820623
ENSG00000063176,0.8984698152286876,0.958534445076829
ENSG00000105516,0.20633346361982394,0.13516218744608277
ENSG00000063180,0.6231657388754261,0.6012734552073675
ENSG00000176920,0.016640172319880676,0.03684982371290397
ENSG00000176909,0.3309729834112061,0.12301853153014249
ENSG00000105518,0.4956795849153427,0.621349006629543
ENSG00000183401,0.785236501886406,0.9336786351005731
ENSG00000173928,0.004707109616753364,0.014081641572243783
ENSG00000187266,0.7968323219025606,0.6997621105304349
ENSG00000205517,0.4226947414843413,0.5519818591228665
ENSG00000161914,0.41307563994158114,0.588406939835066
ENSG00000130176,0.15181645793862178,0.10167853356301634
ENSG00000104872,0.4225158776733694,0.29555598035009223
ENSG00000161618,0.5653852344872748,0.8560686870330438
ENSG00000090554,0.9641969545694444,0.8635803025447641
ENSG00000142534,0.8851663357057558,0.7804018507167072
ENSG00000104870,0.35436329912049624,0.24945751165818175
ENSG00000142552,0.18210946623479893,0.14370856002593402
ENSG00000142546,0.988467285321467,0.9976042493421181
ENSG00000126460,0.39281790606625744,0.43382826114031936
ENSG00000126458,0.14110199476447413,0.10108152150611087
ENSG00000126461,0.49086069551697253,0.4293303793041128
ENSG00000126456,0.9827438357507454,0.9616236464897268
ENSG00000169169,0.10733752331676984,0.15182296597255715
ENSG00000167625,0.9275608354653798,0.8458278423716541
ENSG00000105722,0.9050284583876352,0.9057117898944467
ENSG00000167619,0.051655539522151,0.07425126933932528
ENSG00000008382,0.054196088843516475,0.12251778679259401
ENSG00000141985,0.7223041517971993,0.6980212066336294
ENSG00000167670,0.011105112965607606,0.0037351218948491623
ENSG00000167671,0.9184104653280668,0.995105102822485
ENSG00000167674,0.5601243694350863,0.6479002889497902
ENSG00000214456,0.6299547587840386,0.6992876415655767
ENSG00000171236,0.22113844912591207,0.09959149189049678
ENSG00000185361,0.39669454806363,0.4817605991379127
ENSG00000183207,0.7497232429124803,0.7816283873640759
ENSG00000189052,0.00033824745940853494,0.007062468686311538
ENSG00000104852,0.3657684839719939,0.3593025346650204
ENSG00000104863,0.7550847966917261,0.3717457369202162
ENSG00000221916,0.2745147846482083,0.734735686896951
ENSG00000213799,0.5131381108322097,0.3874531694356754
ENSG00000203326,0.2332907568530402,0.3219804283402413
ENSG00000196417,0.4560619798435962,0.2791928363418395
ENSG00000198346,0.6274458498067633,0.37094721236331274
ENSG00000079313,0.20099227589761512,0.17233156105549238
ENSG00000129911,0.27381406534636565,0.17801425284265188
ENSG00000129968,0.5336473902081524,0.7058168432645473
ENSG00000213638,0.005894398258060336,0.008841276070096118
ENSG00000133275,0.19469313587346662,0.16854771935356974
ENSG00000130332,0.12204715277020478,0.1293066642370595
ENSG00000099800,0.3251489313854013,0.30050300819513576
ENSG00000176619,0.07789330221528318,0.052408027816941705
ENSG00000099860,0.0349629816112434,0.10002270358589764
ENSG00000142409,0.31105636764298245,0.5496770453200968
ENSG00000167685,0.4455251863232369,0.22597243060097463
ENSG00000099797,0.3120623566464579,0.3700960671015706
ENSG00000099795,0.46789562041328725,0.5357327533916562
ENSG00000105429,0.854739092672548,0.743361265352715
ENSG00000105427,0.4392969291929705,0.8627609017023744
ENSG00000079435,0.9465744906845461,0.8822222810819117
ENSG00000189377,0.3432368744161338,0.5142251186799001
ENSG00000079385,0.9461608904259632,0.760346160010495
ENSG00000132002,0.44899528207210504,0.40450256271030804
ENSG00000076826,0.3121231888873442,0.350342816601921
ENSG00000076924,0.8539057868043318,0.651837237266942
ENSG00000104918,0.04094015708574539,0.07398426097372643
ENSG00000269711,0.1700407474089868,0.2085213760016901
ENSG00000181029,0.833039347788628,0.7065550859950513
ENSG00000104921,0.762046450591902,0.8187926131480476
ENSG00000183248,0.21475358870916458,0.2879188335906653
ENSG00000171017,0.06863652152655016,0.04972078508503342
ENSG00000076984,0.41346884446967647,0.7512870762272553
ENSG00000178531,0.5014157498662083,0.48505693890003365
ENSG00000104980,0.28181778293342225,0.3044475540956698
ENSG00000005206,0.2935110205826047,0.3779990974870502
ENSG00000196268,0.139559126909185,0.15127285399096357
ENSG00000090659,0.9092862713222349,0.713769597810483
ENSG00000104883,0.43745640866389746,0.5304603818516564
ENSG00000267952,0.8064401112639663,0.7215134459816996
ENSG00000198816,0.44457299699694974,0.17344764628934944
ENSG00000090674,0.7684730750835459,0.5302742196428889
ENSG00000032444,0.23347267844465766,0.2586883693123611
ENSG00000011304,0.5695763985637502,0.3710661613375994
ENSG00000142541,0.9418718556411061,0.927845427672324
ENSG00000249709,0.10529220236099163,0.11128550762272595
ENSG00000188033,0.0690726549628836,0.04666788504885663
ENSG00000173875,0.28000297823906467,0.2045965898844584
ENSG00000104774,0.9858359403791751,0.9227409946581863
ENSG00000123154,0.3190187490644231,0.5664867993298137
ENSG00000105583,0.8663178827555355,0.7987684010293026
ENSG00000132004,0.11453262545811248,0.13875031865294138
ENSG00000123144,0.1940231595184187,0.3523903693159064
ENSG00000198356,0.5830806399077243,0.6892115983028708
ENSG00000039987,0.422644504736746,0.418115637755207
ENSG00000171223,0.6060867738369103,0.5049130963489796
ENSG00000167815,0.19853526266831334,0.1810607578617197
ENSG00000104889,0.41730839094618266,0.4305999386529715
ENSG00000095066,0.1266247864966483,0.14320711341519743
ENSG00000074181,0.07096093576987429,0.11321472433334343
ENSG00000105131,0.06512808104817623,0.056024482511797896
ENSG00000160410,0.9967146698701339,0.9273382342787326
ENSG00000090006,0.07423078059869521,0.11495363183005698
ENSG00000105245,0.1994072880151531,0.18396061272494815
ENSG00000123815,0.8891199836956052,0.8050530892230621
ENSG00000130313,0.600708752392283,0.5772846633192625
ENSG00000142444,0.03407944103226275,0.025916401374718095
ENSG00000104964,0.06028893711747889,0.10370060287174368
ENSG00000105290,0.1796496718041367,0.2060691787400915
ENSG00000126264,0.8300203326310523,0.6600068032232664
ENSG00000011600,0.30630014894522467,0.40441703837931153
ENSG00000132005,0.8936308438827831,0.9491428800340821
ENSG00000104998,0.1249375895574538,0.1224223467388041
ENSG00000187867,0.9500514659309376,0.9089021000301127
ENSG00000105011,0.07271603546866105,0.05023297915614999
ENSG00000105669,0.9712139465288082,0.626035972614093
ENSG00000105671,0.31611097329574545,0.17968557731615473
ENSG00000051128,0.10754410531997415,0.20197265341646156
ENSG00000105329,0.018925899307232756,0.03531014264063506
ENSG00000130175,0.1807331875692232,0.1919462496903097
ENSG00000141933,0.32378534649455465,0.5565024296443309
ENSG00000099804,0.13357449708344513,0.1871873432756305
ENSG00000197540,0.5663831492772924,0.6355826693732922
ENSG00000176490,0.37679207794739245,0.2741926241403338
ENSG00000267001,0.5401964112198278,0.6575015085161422
ENSG00000141873,0.28794916948312194,0.36841685493923904
ENSG00000104969,0.289643157736071,0.23714791048184367
ENSG00000172009,0.1127862435465079,0.12249273127679242
ENSG00000172006,0.5675696949978326,0.8639054059130247
ENSG00000186300,0.9951381630962491,0.8618913513991107
ENSG00000079999,0.1134573647439894,0.14592628033302266
ENSG00000130734,0.10225721918817773,0.10682999088717803
ENSG00000129347,0.24149081923623258,0.16490733815432182
ENSG00000129355,0.9911908270859813,0.8490270552321625
ENSG00000129354,0.4473641734461775,0.3703773992009153
ENSG00000129353,0.6636961731077402,0.7350399703716253
ENSG00000213339,0.3460176334975489,0.4200751005937753
ENSG00000099203,0.4320198909014493,0.36761004645444106
ENSG00000214212,0.30107178535728235,0.15614795704592935
ENSG00000130844,0.02266053746597951,0.017569928905628602
ENSG00000105723,0.8926454813818995,0.9548492677331875
ENSG00000268643,0.2436747152121027,0.2703168010548532
ENSG00000105732,0.7597278790488005,0.7548644126745605
ENSG00000160570,0.9466779622348905,0.9205168648466701
ENSG00000010310,0.9042496568368171,0.7474216617812801
ENSG00000011478,0.17545269521725604,0.1339976766923334
ENSG00000177051,0.5617556220717893,0.6627595700334329
ENSG00000167680,0.14941890261112029,0.258431934825201
ENSG00000197961,0.05130862571364914,0.037596770750681255
ENSG00000197256,0.3294895713534378,0.30344199388885523
ENSG00000261221,0.508482228426955,0.555444555371706
ENSG00000186272,0.7814636413181737,0.5779502504350356
ENSG00000126262,0.2875962044499667,0.29854856656550494
ENSG00000196684,0.24547859146887588,0.10889295345084787
ENSG00000283632,0.1517322359566988,0.19439280691178504
ENSG00000126457,0.7273237078111281,0.858192809815134
ENSG00000079462,0.8699683122796593,0.9782574557226216
ENSG00000167635,0.5396770686662744,0.7423435846942489
ENSG00000105287,0.8775907402546558,0.8902141717304924
ENSG00000130312,0.3473059798769107,0.541058045883077
ENSG00000104814,0.6618511435211105,0.5467548875813923
ENSG00000178982,0.7766043286660971,0.8226182372899531
ENSG00000182472,0.144470712530428,0.26451734950670625
ENSG00000178934,0.32669531905150045,0.3805302486264548
ENSG00000171747,0.9270143502616809,0.9473353241190507
ENSG00000125746,0.5645430970064822,0.5415908735008652
ENSG00000011451,0.6412125546692589,0.626161570156309
ENSG00000160953,0.6858092408848335,0.6481074072115718
ENSG00000115255,0.5928379451577002,0.43067715080156876
ENSG00000141867,0.6694771545247453,0.5453521835691555
ENSG00000104915,0.12565157866158655,0.17749057127277815
ENSG00000160888,0.4249111220412066,0.5249330271282633
ENSG00000141837,0.766310316654971,0.9620950476563673
ENSG00000179218,0.9266602144756935,0.8267025036240648
ENSG00000130303,0.6906255886291496,0.5232800513311945
ENSG00000141971,0.49796861758549027,0.2969952811308283
ENSG00000105538,0.09439963149859787,0.09281345581742532
ENSG00000156413,0.2917877499387491,0.373897905103761
ENSG00000099866,0.6580253299675489,0.7078997828571973
ENSG00000172270,0.526389269832417,0.4854812521683253
ENSG00000105464,0.7609572708915932,0.8264316763380775
ENSG00000105523,0.46910056799657085,0.45283262794875667
ENSG00000006638,0.16958547936694002,0.16007545921539734
ENSG00000105298,0.06165311087071415,0.05553943965984982
ENSG00000186111,0.8589506922097886,0.8703350548841214
ENSG00000105127,0.34124432391463216,0.16666462239448196
ENSG00000089351,0.23274830884192504,0.20711095956857734
ENSG00000087903,0.6244905802673304,0.4335721073194878
ENSG00000130382,0.2887321895656063,0.3084175064733228
ENSG00000125656,0.4028175702835276,0.4765093016221259
ENSG00000125652,0.29186262738346036,0.5247056704679416
ENSG00000125651,0.37987138726740655,0.44366660511588896
ENSG00000125648,0.2921732063379187,0.49204693203693717
ENSG00000011243,0.7965414430180415,0.9536904248074618
ENSG00000104957,0.14340574319031343,0.15703325601551396
ENSG00000037757,0.08281570122891449,0.07391322598489455
ENSG00000104979,0.6904948550618394,0.4603663794839409
ENSG00000132024,0.126900386195142,0.19921662511970809
ENSG00000131142,0.5342526094836219,0.33988583931586613
ENSG00000167642,0.46406193787164207,0.6599489790996397
ENSG00000167641,0.03911596536741657,0.022903327488569204
ENSG00000267748,0.6122195745124912,0.8871734572606267
ENSG00000167645,0.7060878525822025,0.6599042915139326
ENSG00000167644,0.14576420532848713,0.21344479196769386
ENSG00000174951,0.9167744357925217,0.8691989471487811
ENSG00000104907,0.05907481818539359,0.07697802170265886
ENSG00000105270,0.053182647994401304,0.039745806722699145
ENSG00000161277,0.3284512447705731,0.060639205561448556
ENSG00000105258,0.31055030917964144,0.15778605900022566
ENSG00000105254,0.17422123639860992,0.049571599605641274
ENSG00000126247,0.26463194087942843,0.09889149128040901
ENSG00000204604,0.8556124217603779,0.75097020334316
ENSG00000075702,0.37319859478297657,0.3825172147620868
ENSG00000170906,0.9780465593218653,0.8108420608326619
ENSG00000105618,0.8994407136000333,0.8346702021639628
ENSG00000167608,0.9813316121119988,0.9594104837617107
ENSG00000125505,0.2783196183854633,0.20904910320757641
ENSG00000170892,0.27274752543298947,0.20386088925618567
ENSG00000170889,0.968285857549864,0.9664800984814474
ENSG00000131042,0.7520325602190175,0.4862439876072583
ENSG00000104880,0.9176509675846695,0.9437760612342132
ENSG00000099785,0.8038440895351735,0.5617268985719528
ENSG00000189144,0.7315700609677962,0.8290372546547586
ENSG00000257103,0.37987591914563745,0.4222025661664063
ENSG00000099875,0.003628778749660403,0.004513151055926992
ENSG00000132026,0.8013902455086548,0.9948419452713381
ENSG00000105707,0.21691212273458965,0.302603244757127
ENSG00000188368,0.729054994354515,0.4956341963154126
ENSG00000188321,0.4366515942069611,0.41411138407219283
ENSG00000125743,0.5122152473084081,0.6814214907900622
ENSG00000180448,0.8161812473028507,0.927813999285974
ENSG00000186723,0.7905603905102442,0.6437661215920318
ENSG00000160113,0.7147326276307719,0.6569783213281426
ENSG00000105619,0.7369350589122432,0.7805445725854133
ENSG00000130202,0.8887984971092527,0.7161773800474063
ENSG00000130204,0.7249373594634703,0.7529189760844677
ENSG00000130203,0.11250154034847054,0.11153373346165214
ENSG00000130208,0.05863069739260109,0.06907224582933412
ENSG00000234906,0.20209991589932516,0.2358469045807721
ENSG00000104853,0.9931252615514198,0.8979361289791254
ENSG00000188868,0.41851236389744384,0.6484587253526152
ENSG00000196466,0.44177208971488946,0.41372452901555035
ENSG00000180855,0.15591458515680137,0.15916844483476855
ENSG00000105607,0.31226349780992524,0.27018827456812633
ENSG00000161860,0.063912615243641,0.03609940554386346
ENSG00000179820,0.0799323370374056,0.06321564089940922
ENSG00000126583,0.3485189418269671,0.4158584578869068
ENSG00000105643,0.9758621624331997,0.6929190752700738
ENSG00000105325,0.26456914640057033,0.22662045998350341
ENSG00000161091,0.08200799211149815,0.04349708375122088
ENSG00000064961,0.07225734993261307,0.12251670508549059
ENSG00000179855,0.016658833899338896,0.020109625175730332
ENSG00000007080,0.8497688671584238,0.9472198317995884
ENSG00000183397,0.0426629164203658,0.018045296386408956
ENSG00000105701,0.382419220018997,0.29082510559961194
ENSG00000105700,0.7949331420683807,0.953750764763998
ENSG00000221983,0.4804559855809898,0.6203676327480699
ENSG00000006016,0.10299929605092001,0.19806026863915766
ENSG00000006015,0.8191167125735996,0.5981386863010087
ENSG00000105696,0.12440144148550805,0.19118308592101552
ENSG00000198429,0.9995351003389661,0.7716842199122868
ENSG00000196757,0.2521469700637779,0.17515105506143044
ENSG00000197054,0.8947996333828542,0.719469857604838
ENSG00000286098,0.9742708041451486,0.9478393366895073
ENSG00000132010,0.2781041191680315,0.21329791033346995
ENSG00000257591,0.6008426418582169,0.3591147663374248
ENSG00000104892,0.8098782699687445,0.6465916377532839
ENSG00000104881,0.47731660190596104,0.4205164892108575
ENSG00000117877,0.17626904030432536,0.1317499381310503
ENSG00000104884,0.48608801497621035,0.43193226191007994
ENSG00000198093,0.185350113842285,0.28307144893840624
ENSG00000176024,0.8268558001205073,0.8564417924376456
ENSG00000256683,0.8184613059718602,0.9719805408179882
ENSG00000079805,0.22156761376925097,0.24644948730975946
ENSG00000130803,0.1347506029053939,0.09766760108508149
ENSG00000079432,0.7110487618093166,0.8190992066839952
ENSG00000166289,0.8584961534010939,0.886785459844552
ENSG00000104936,0.5526328718151792,0.3931367512432623
ENSG00000127511,0.5997394374461884,0.8678311675368748
ENSG00000127533,0.05560854467420551,0.0743040732473834
ENSG00000131351,0.23193486971696012,0.10690495509329583
ENSG00000099624,0.5620990805209052,0.5541959607347358
ENSG00000105711,0.0805797955490059,0.07116540921828239
ENSG00000089356,0.4883475123020974,0.5009646821865352
ENSG00000132000,0.05509721239888864,0.05577530998660161
ENSG00000129946,0.041633222869843216,0.03100199392180492
ENSG00000181588,0.7936762733599512,0.8057465571310647
ENSG00000223802,0.3016494974675406,0.25613748646839696
ENSG00000213030,0.0023291451151081595,0.009567276152941685
ENSG00000205076,0.9020783983949974,0.8810909260854303
ENSG00000170954,0.8401235360101175,0.6871761771509111
ENSG00000171903,0.3321101097000451,0.3060452569729264
ENSG00000142235,0.7469929803323476,0.9261467730956332
ENSG00000104827,0.03809519806037467,0.05559775908417042
ENSG00000105556,0.5478815711553167,0.5693707956487917
ENSG00000174652,0.377344291439638,0.3962224131249954
ENSG00000172687,0.2329452289423453,0.20045836609491682
ENSG00000099331,0.8411477288715726,0.6397375790205395
ENSG00000131848,0.5141610657508324,0.5236106216775382
ENSG00000153885,0.5647369422957915,0.6773253731479876
ENSG00000171291,0.9979632385128183,0.6580980808022459
ENSG00000105576,0.1177585098566313,0.15232121713237354
ENSG00000167491,0.3972689395432505,0.18910906655451612
ENSG00000160336,0.07041546935468414,0.041545781567057564
ENSG00000188283,0.36020135735781433,0.3153482153337405
ENSG00000204519,0.8837709168435819,0.8785125678739186
ENSG00000179909,0.9656460612907805,0.8302854745576422
ENSG00000083814,0.7655134833535809,0.7169334756703416
ENSG00000152443,0.6916874901940504,0.7164662736213099
ENSG00000197782,0.9219271537916951,0.9640389092645066
ENSG00000180257,0.5091437440855863,0.48347182229655117
ENSG00000197937,0.6818879342036247,0.8063512885093594
ENSG00000197928,0.4187203435589385,0.28913718538976996
ENSG00000170949,0.9258559822876153,0.957473602720853
ENSG00000178386,0.8042445903434041,0.7912659657636203
ENSG00000186026,0.4900200393209233,0.39030662170197183
ENSG00000267680,0.35039751183385726,0.24997305706415146
ENSG00000256294,0.3711902964438881,0.2704375810463883
ENSG00000263002,0.3316665492961041,0.24711563975544024
ENSG00000167380,0.6434393111094252,0.5025703809391331
ENSG00000131115,0.8104690170367935,0.6750248617905821
ENSG00000159915,0.530086936818755,0.7074712420118101
ENSG00000129451,0.6478947206958254,0.6217056646216145
ENSG00000167757,0.36701422878050616,0.27904038566568573
ENSG00000186474,0.21790176646311063,0.5365980021056944
ENSG00000167759,0.7044278153658121,0.4159149912787643
ENSG00000129437,0.6626774918116911,0.711350230064741
ENSG00000142544,0.5480132159970658,0.6799594962677251
ENSG00000129450,0.5245617440647607,0.636489878838073
ENSG00000168995,0.29173269107649846,0.49816421981753645
ENSG00000105383,0.6834962840373848,0.8027369515172632
ENSG00000186806,0.6405065068820331,0.3258367264437995
ENSG00000105379,0.2350513333566983,0.20752355213131038
ENSG00000160318,0.3357935819932142,0.5663720415685205
ENSG00000105374,0.7293360898035742,0.6197179400427812
ENSG00000142512,0.9909857611588146,0.7737631168713608
ENSG00000204577,0.9441246934378081,0.9124410525414356
ENSG00000187116,0.8171493228117604,0.9568467927891771
ENSG00000167613,0.05130499996450304,0.05737737652428398
ENSG00000167614,0.8437912792135812,0.45292650789281763
ENSG00000167615,0.9741283268858387,0.7006428769418271
ENSG00000275183,0.5535018201951414,0.9046554768337298
ENSG00000167617,0.572277110644394,0.6414343490207548
ENSG00000278129,0.8095314076752941,0.5148367508402205
ENSG00000198131,0.6903364399577676,0.6369845627533212
ENSG00000131398,0.4032804693097759,0.5361177814236782
ENSG00000131408,0.8391699279930164,0.8852102213546867
ENSG00000269404,0.907801683201149,0.8745061327846806
ENSG00000142530,0.7918357239768924,0.49435179663800155
ENSG00000161671,0.10100453764171537,0.13086664133361067
ENSG00000121413,0.13962911487909022,0.061416188019129396
ENSG00000181894,0.7425234232765741,0.9717990266249538
ENSG00000177191,0.7181230292332481,0.30252362936220323
ENSG00000130255,0.5899750679208677,0.5714642438538846
ENSG00000174917,0.7171101790971306,0.8205423849708064
ENSG00000167733,0.8029003948394449,0.8282166152539513
ENSG00000196365,0.2708719621102361,0.23909716456141547
ENSG00000212123,0.09325498064010686,0.055375883723603636
ENSG00000141994,0.4045272502720544,0.22583814777008768
ENSG00000171119,0.8995589635102035,0.5550870816778819
ENSG00000267740,0.3232364815759525,0.5067088881865518
ENSG00000174886,0.858845706527116,0.9961798630049168
ENSG00000187650,0.8059578439329558,0.9310591506972739
ENSG00000167657,0.8860937146006753,0.8744973411323497
ENSG00000167658,0.42700373752372534,0.3644853285788159
ENSG00000105229,0.11201383341615521,0.18037043010759155
ENSG00000178951,0.021046212061556834,0.016448278758993504
ENSG00000126934,0.22914497526482946,0.22356997044099447
ENSG00000060566,0.0082464528035093,0.005215720463203174
ENSG00000077463,0.37425067490322295,0.2778200687769666
ENSG00000167470,0.7542199835544515,0.4846970532983097
ENSG00000099622,0.6889498731510433,0.9322064425188372
ENSG00000228300,0.07002363627066606,0.05148188904754821
ENSG00000008441,0.38214905718509573,0.5004000178720949
ENSG00000196172,0.9321679369940962,0.9405991219905958
ENSG00000198300,0.25173039990700186,0.25454650233701814
ENSG00000189042,0.48111395950665115,0.4731021320602622
ENSG00000272333,0.6219223058145287,0.6497687905829472
ENSG00000196646,0.5079631889344829,0.47268763021088755
ENSG00000004777,0.506867284617809,0.7233034773052821
ENSG00000167378,0.4893866164606807,0.4051761960619913
ENSG00000124444,0.36197612143955127,0.42226527139153114
ENSG00000062822,0.3913701943103147,0.42415649570031877
ENSG00000169136,0.24992963290570488,0.3923847008390814
ENSG00000095059,0.4953860590215994,0.6811842662675176
ENSG00000104885,0.12288951230653815,0.08567295807048601
ENSG00000104886,0.3002382212231003,0.29159177381878265
ENSG00000104897,0.39791161041922174,0.5181110090665536
ENSG00000104899,0.3909172228336313,0.1984741666244874
ENSG00000105202,0.8406899531487692,0.8107908626988554
ENSG00000223547,0.9336454464149312,0.8690466387707332
ENSG00000129933,0.4069810137491652,0.28994965286220575
ENSG00000130544,0.03610947835681478,0.019908554675976808
ENSG00000167414,0.07167433336468426,0.07276489144423001
ENSG00000197013,0.6134452324809598,0.7186776728814932
ENSG00000160321,0.8403567332604012,0.9312078993072587
ENSG00000053501,0.15708021869911543,0.11117630980189606
ENSG00000118046,0.23766517241430918,0.31142235361367665
ENSG00000178980,0.7719150212692483,0.6150582858616938
ENSG00000188227,0.8947897845498565,0.8555747701711883
ENSG00000105323,0.9948962800833661,0.97670771635712
ENSG00000167562,0.4547233350103459,0.6837096002895657
ENSG00000105146,0.7909393079972364,0.9577105351193386
ENSG00000126464,0.9377187797298504,0.9729389158216285
ENSG00000197128,0.42005383433983334,0.5442295893804718
ENSG00000171970,0.17975075064770563,0.1349475048552038
ENSG00000177045,0.8983413347334928,0.9265785110496976
ENSG00000161298,0.545568085264466,0.38228263295679876
ENSG00000197020,0.4326576958901147,0.20458878502561623
ENSG00000007047,0.5287482717906558,0.44955593636376134
ENSG00000105048,0.32987296766723184,0.3509268973765751
ENSG00000186994,0.16260748429489075,0.1664078011947944
ENSG00000204514,0.9454813048138114,0.931129983683355
ENSG00000105472,0.11638272285745802,0.11472210621807122
ENSG00000105136,0.7051689330976361,0.7974715960299689
ENSG00000104783,0.5518893099047636,0.4254566541482918
ENSG00000213967,0.7808631480586762,0.99384503140537
ENSG00000188171,0.15405586853383085,0.1417796542925602
ENSG00000130518,0.12568405185676107,0.1735462602663907
ENSG00000197808,0.4012561905522589,0.21243658339888485
ENSG00000115286,0.7100664113851727,0.7294889451116313
ENSG00000087088,0.3673196876246698,0.42770034133621815
ENSG00000204869,0.0891762354297329,0.20768386972247602
ENSG00000188293,0.46320216239402034,0.9895810738610605
ENSG00000196218,0.17829052262919118,0.3040952755702139
ENSG00000224420,0.9099417433951851,0.9981607318622264
ENSG00000275395,0.36927134610206913,0.26727167196666884
ENSG00000204866,0.26329008661708025,0.21058869522196882
ENSG00000141854,0.00034493693077481774,0.0021531212749745046
ENSG00000105737,0.2861556201563406,0.249377788664566
ENSG00000072071,0.06276075537947044,0.04571539296458578
ENSG00000132017,0.49778525874927126,0.5046361679926061
ENSG00000099337,0.1312490893106037,0.07463732662580808
ENSG00000187556,0.8592076501815523,0.9072288583398735
ENSG00000132016,0.005500159946789106,0.00991921712350909
ENSG00000131943,0.141077454296613,0.14832394459006076
ENSG00000214046,0.3904184785300683,0.7599077943647319
ENSG00000072954,0.9234513873009664,0.8873172644263563
ENSG00000099822,0.9418319979335321,0.7891813127891707
ENSG00000099821,0.20183626072658703,0.1782671463951178
ENSG00000070423,0.309946556864557,0.35368809434472226
ENSG00000070404,0.1281438357664876,0.22698379220278234
ENSG00000105514,0.7518181844325387,0.7204239716854216
ENSG00000105246,0.8208433601905465,0.9023496077825341
ENSG00000132003,0.9940013468361156,0.8597961029801295
ENSG00000130309,0.948585085694754,0.650629342139093
ENSG00000125650,0.16070641631174887,0.1571693562482148
ENSG00000088247,0.4212179025944407,0.589444352343365
ENSG00000105520,0.20168243975314018,0.16174813993340842
ENSG00000130726,0.7835893454438527,0.8447952751958998
ENSG00000130725,0.5942216153042633,0.7478620840288566
ENSG00000130724,0.2710348352160745,0.21491521991824553
ENSG00000167676,0.15724952032342346,0.10221931310324318
ENSG00000063169,0.47882981056081886,0.4474992248958264
ENSG00000126243,0.3411722062665354,0.5589270680765688
ENSG00000205138,0.5988153951494019,0.9886508127602417
ENSG00000181392,0.4225237180828769,0.3555307570334335
ENSG00000028277,0.781328709303247,0.58021681311263
ENSG00000239382,0.6155294805361545,0.9804629527896209
ENSG00000130159,0.08800343824120736,0.19323661182353338
ENSG00000077348,0.8935547036636827,0.7390064392776425
ENSG00000183019,0.045399577307704685,0.06703141483721022
ENSG00000142459,0.7797579438326925,0.9259393931745227
ENSG00000066044,0.7198180003384301,0.6900588343460855
ENSG00000130479,0.5975982849755477,0.6536356067093093
ENSG00000179913,0.7409416083214333,0.46215063236913556
ENSG00000248099,0.27759729311213205,0.14000361758630855
ENSG00000130513,0.46704650666173675,0.27406280002289957
ENSG00000105656,0.9438209315575932,0.5379294770208267
ENSG00000181666,0.37282702888484387,0.4130389595510868
ENSG00000183647,0.47996495413333917,0.6029838038657037
ENSG00000166704,0.3821282054596955,0.26047871273658185
ENSG00000186017,0.9465293317924731,0.8292795197013428
ENSG00000197647,0.4043204270744225,0.5195813691289567
ENSG00000124466,0.31988186658265316,0.47785251598019085
ENSG00000176531,0.3456854505243814,0.182711653426269
ENSG00000105755,0.4392697275650246,0.3689912417632184
ENSG00000176472,0.9188254507471096,0.7218929560876447
ENSG00000134815,0.41681891123389925,0.3102608476242441
ENSG00000105419,0.07926429739178567,0.1612332027380415
ENSG00000118162,0.625583507880457,0.504893071748499
ENSG00000105402,0.36028125199140293,0.26998794131615583
ENSG00000188766,0.010575137923717118,0.028379126738372742
ENSG00000189190,0.21412732256351732,0.20878400408105174
ENSG00000182986,0.8807769444774936,0.9982157862635446
ENSG00000167754,0.2593714796836795,0.05040953091071709
ENSG00000167755,0.9215194701187351,0.9044060384807948
ENSG00000169035,0.7039266515992317,0.6990666472754423
ENSG00000179134,0.2997479151853735,0.32846078387165367
ENSG00000125734,0.7015415994573322,0.7372823352903664
ENSG00000254415,0.9094233950795503,0.9391817172173207
ENSG00000099625,0.23010151495614678,0.2769068887738007
ENSG00000213793,0.6483928251825034,0.7542436511038546
ENSG00000170909,0.8055386898422429,0.8271676858568209
ENSG00000130244,0.22321558843696265,0.36255239296560404
ENSG00000161888,0.1482426311155813,0.22138385848353398
ENSG00000167749,0.877632643803713,0.7614551362388036
ENSG00000130669,0.6453800925424005,0.6216166279373966
ENSG00000167618,0.06537849243780969,0.29791761642300485
ENSG00000186818,0.932882202624948,0.9986437288566494
ENSG00000105185,0.8494033155649838,0.8173272502488997
ENSG00000105186,0.8232067377561016,0.6421560750805526
ENSG00000213965,0.20373754083115128,0.20434630402065698
ENSG00000021488,0.8374417837763122,0.8917554096813272
ENSG00000125730,0.1362263204484475,0.24620761618242895
ENSG00000249115,0.06741319810314633,0.11245192963086893
ENSG00000126254,0.7633527968300197,0.5491046248196791
ENSG00000105672,0.004903017385107726,0.03553623605176527
ENSG00000126267,0.8954207284825372,0.6571463462889566
ENSG00000105668,0.46056260649756087,0.7685507388273634
ENSG00000102575,0.28014468628591094,0.2944764387292573
ENSG00000129455,0.8432554499889875,0.9673208337192517
ENSG00000175221,0.1765332677282241,0.24342341708594487
ENSG00000172232,0.3479758144766878,0.37249891348456043
ENSG00000196415,0.719777642673797,0.9982129252988462
ENSG00000167595,0.9627256811433063,0.7847352264496409
ENSG00000167664,0.8282048189831017,0.8922015755496878
ENSG00000198858,0.16884789927888677,0.16017914609285971
ENSG00000197561,0.20463234091264756,0.07556824757026395
ENSG00000089639,0.13838564836284858,0.08628232042608239
ENSG00000105726,0.372700358780075,0.21925943980031012
ENSG00000181896,0.00491878741601719,0.007125666283015214
ENSG00000105708,0.9398741657974379,0.9211705999592259
ENSG00000064547,0.049645266691543594,0.03253591832338456
ENSG00000125744,0.2598818139071765,0.20708283435447167
ENSG00000213889,0.4214963901464829,0.3206215051528712
ENSG00000125741,0.83281712860981,0.6736362314925888
ENSG00000177464,0.034949362499571604,0.06125581111355285
ENSG00000196605,0.8795711560324837,0.76070232760077
ENSG00000197766,0.7468524818329847,0.7891148694242874
ENSG00000105639,0.8216720992814565,0.47752556594345674
ENSG00000105640,0.5490120849893695,0.5371000300664361
ENSG00000105641,0.08651319586983958,0.06680908770876323
ENSG00000269825,0.8260619349784771,0.9388945033942079
ENSG00000197857,0.3168409155591137,0.3035477484043688
ENSG00000022556,0.35574783083047135,0.44695636758318014
ENSG00000160439,0.13090646064631611,0.11409588186652275
ENSG00000124440,0.38342545312721954,0.29927995234612775
ENSG00000011485,0.8112170151027293,0.7488579340697417
ENSG00000169515,0.03735016936283875,0.032866194477683026
ENSG00000141965,0.044932391284217096,0.05499265227051101
ENSG00000127666,0.21348614118559447,0.40071107523846183
ENSG00000105355,0.525292324841313,0.6903189907525933
ENSG00000276043,0.08213083471720965,0.03767911145029333
ENSG00000127540,0.6458908575582536,0.3177956128217935
ENSG00000171124,0.6181053628594986,0.600802959829623
ENSG00000130881,0.3960430245673485,0.39471191061512123
ENSG00000153879,0.8440587946892051,0.8162488002369144
ENSG00000104904,0.34483564987488313,0.39508186251516253
ENSG00000220008,0.5175895131778736,0.5705092122913233
ENSG00000229833,0.2870910432289592,0.3546282330953131
ENSG00000076944,0.6805168583518103,0.4683372072635774
ENSG00000124299,0.13011141200370976,0.22174782798297157
ENSG00000105698,0.33294600723752676,0.26545923104619296
ENSG00000105697,0.13409482581001692,0.14700891845327077
ENSG00000105699,0.5699953885501874,0.5152949277183172
ENSG00000007306,0.31314701879635004,0.37726541394951296
ENSG00000105388,0.7862680684909413,0.8799523563763821
ENSG00000267881,0.5222573101994956,0.7669310432090811
ENSG00000086548,0.5752225452794328,0.6756953577721525
ENSG00000105372,0.7500409670585961,0.9127266265771938
ENSG00000105404,0.15011649715564565,0.18859479774987256
ENSG00000105409,0.08658534772267061,0.15627707890855322
ENSG00000105369,0.40924191579558866,0.5641235629057613
ENSG00000126453,0.6887999110760318,0.7976232177767738
ENSG00000105612,0.11580198292053695,0.15310460620159622
ENSG00000130165,0.15758385494540367,0.33169293536091676
ENSG00000130475,0.10361794732425571,0.041910890210266595
ENSG00000072062,0.8571843706842938,0.7039963589516443
ENSG00000171051,0.17506033505391866,0.28534617032937865
ENSG00000105397,0.11585293814786894,0.10801257600813499
ENSG00000251369,0.32013785602514816,0.3450127906393826
ENSG00000105398,0.27816137712449757,0.058889316493308363
ENSG00000188493,0.5379032125964063,0.42033132312429977
ENSG00000077312,0.30986025982504734,0.3583318208051578
ENSG00000261857,0.5026939040449767,0.28099932608958944
ENSG00000086544,0.6013341554972786,0.5826585415024258
ENSG00000105499,0.17196776283642046,0.0962511678556939
ENSG00000185453,0.9470235439771211,0.8205105789658806
ENSG00000105483,0.5760006836957583,0.6916798454617709
ENSG00000178150,0.5961914309119583,0.7446508495414168
ENSG00000142227,0.0537300152811686,0.05762388151507458
ENSG00000105486,0.5252215126460735,0.44293678707046247
ENSG00000172081,0.6080989188962945,0.6611315581822241
ENSG00000099840,0.6471301330854293,0.6296845748188691
ENSG00000131944,0.3682760315118524,0.5506148071651817
ENSG00000142396,0.8472270001927906,0.9548862927470242
ENSG00000234465,0.07998097488260802,0.05954585436928173
ENSG00000284638,0.38347782829587296,0.351732643849455
ENSG00000160007,0.7844347035935993,0.6705924243332572
ENSG00000130751,0.48094535294292384,0.8151743008629035
ENSG00000130748,0.568529319006421,0.4020904325214735
ENSG00000130749,0.6436831917276824,0.6639495253134557
ENSG00000142230,0.999732634162575,0.7831997991199404
ENSG00000105327,0.12096237372044397,0.08470084069514765
ENSG00000105321,0.5313600039039974,0.4825730307960784
ENSG00000257704,0.33816394033172403,0.2514136610193822
ENSG00000160877,0.325378566674788,0.2660005889676078
ENSG00000099341,0.3844366541707538,0.40594768491721467
ENSG00000065000,0.35267403090117744,0.24320036734864922
ENSG00000104856,0.26005461764764354,0.29345844534097004
ENSG00000104859,0.6617086373057968,0.6317162273594065
ENSG00000170684,0.11774988230281531,0.24735735321002345
ENSG00000142252,0.8640040208390358,0.8797202657829771
ENSG00000104946,0.8394485932294525,0.4843356330154308
ENSG00000213024,0.44943920398891113,0.5651315100858118
ENSG00000063244,0.3130106399838253,0.34904131941106753
ENSG00000130758,0.2745826581918308,0.3585658598628889
ENSG00000105219,0.5750499547845833,0.5759642087250191
ENSG00000105221,0.9328263074632125,0.7894103156839687
ENSG00000160392,0.9495479627731755,0.7102374608430618
ENSG00000090013,0.871553882939481,0.9180230617103717
ENSG00000088038,0.8009803192860512,0.796453092003241
ENSG00000130816,0.04852929961963688,0.04428624611124786
ENSG00000130158,0.7813089589629532,0.822293362553469
ENSG00000099617,0.9551413071822196,0.8884465057503993
ENSG00000185761,0.8137943646071547,0.8300307448772102
ENSG00000142556,0.8163102430006488,0.8857552624065353
ENSG00000256087,0.2044069673778404,0.09916523310498175
ENSG00000197608,0.8115314878290214,0.8520259622311623
ENSG00000204611,0.4325204908498921,0.3016556760226248
ENSG00000196267,0.6216243808017264,0.7176272081013034
ENSG00000196214,0.4080836390288418,0.2805740818710672
ENSG00000198464,0.2545965005612403,0.3114838063742432
ENSG00000167554,0.6082947485667152,0.3007891357346206
ENSG00000221923,0.2443438056373198,0.21940624043927884
ENSG00000167555,0.26082507190766596,0.1531077694709712
ENSG00000105568,0.994571147425644,0.722483206568684
ENSG00000089335,0.5545858304736782,0.8838175672601116
ENSG00000197841,0.7950617284662775,0.7273069926786968
ENSG00000153896,0.6005749552101416,0.33171370449620274
ENSG00000081665,0.2295368643768545,0.16098861880551357
ENSG00000256771,0.24487215479521968,0.20931974183770066
ENSG00000184635,0.6915175356669192,0.4259457071265008
ENSG00000120784,0.6803081234426915,0.9541466895851449
ENSG00000161551,0.37265070675605405,0.4978788242034854
ENSG00000182318,0.13937051452500346,0.07866421070681703
ENSG00000174586,0.47146598267875506,0.4625195199198606
ENSG00000152475,0.326269819010434,0.6615655009000976
ENSG00000083845,0.25924407087150636,0.28693614401289913
ENSG00000171574,0.7637973328680846,0.699617090628458
ENSG00000249471,0.4253508772120176,0.4740527877999793
ENSG00000083812,0.6331524710293622,0.6837408326682917
ENSG00000083838,0.8433561771867009,0.9970517128856272
ENSG00000083807,0.5882615841237784,0.5031187199223603
ENSG00000119574,0.8268279131284149,0.7144180836990043
ENSG00000142002,0.2001027784384529,0.14878005992669727
ENSG00000087074,0.6307460017711449,0.8349730053240889
ENSG00000104976,0.4871130159746715,0.577260350302667
ENSG00000127616,0.5288525461351361,0.5309129060565136
ENSG00000099308,0.28459191759966357,0.2615385916837561
ENSG00000105357,0.46570947348403136,0.5877449732270847
ENSG00000105664,0.22988167959097092,0.3661391899820948
ENSG00000005007,0.6580059190440832,0.4019237567840023
ENSG00000105088,0.5720507275223883,0.5548547772066763
ENSG00000105443,0.25784979738985875,0.3543025865696561
ENSG00000071564,0.059343137030555215,0.06121827482833499
ENSG00000130402,0.8284542845053615,0.925083884285557
ENSG00000196961,0.7117901542976433,0.6544602279592889
ENSG00000167460,0.2983658719511959,0.5813503257059811
ENSG00000167461,0.6071676315425958,0.32948888862234116
ENSG00000105205,0.43245478002711246,0.5884476604608443
ENSG00000125740,0.2769549994556708,0.2954843557530531
ENSG00000125753,0.5596948894956042,0.5808748624485875
ENSG00000227500,0.5228971967830979,0.42255132618954205
ENSG00000076650,0.9128252808027302,0.7478005998383341
ENSG00000245848,0.4581974912008636,0.39082435047110753
ENSG00000197619,0.31277409843498744,0.40120307890157336
ENSG00000197863,0.7245928659171785,0.5450953225110196
ENSG00000251247,0.5879257179782301,0.363534366893708
ENSG00000198453,0.40708143915751516,0.2501739111634011
ENSG00000167766,0.7617165476961475,0.9883554200716427
ENSG00000104812,0.4280509033227555,0.43728067074196586
ENSG00000177380,0.01225698161076924,0.05529347350940587
ENSG00000130529,0.14751778877432747,0.28127493743599336
ENSG00000189001,0.4721417726307183,0.8127602684572021
ENSG00000105679,0.9383875858658888,0.9514671781703253
ENSG00000105677,0.7174015659018869,0.6236473114382761
ENSG00000105675,0.10532815118916224,0.09256543908699282
ENSG00000188629,0.5124313834831788,0.690022415432954
ENSG00000062370,0.8929982621320905,0.9124205756574217
ENSG00000167384,0.8419453485510228,0.8184284218872719
ENSG00000216588,0.3282894508899996,0.1652279105603148
ENSG00000073008,0.5327269664213938,0.673016930313884
ENSG00000186567,0.1579788396270799,0.14723661103723676
ENSG00000069399,0.615832546627928,0.43190350616040707
ENSG00000142273,0.9303300784360329,0.8865111181407964
ENSG00000187244,0.19433475701094918,0.1693949004387803
ENSG00000105223,0.21941674284331486,0.18836444061958282
ENSG00000267673,0.8147397847455295,0.6184293021095072
ENSG00000161847,0.13633772825232038,0.09719625383971782
ENSG00000076662,0.8333820263737839,0.5322712373378995
ENSG00000099817,0.8721019814983036,0.8977203587988422
ENSG00000167468,0.10543743072169824,0.10910824710021497
ENSG00000105559,0.5262475918469616,0.5588103660612278
ENSG00000105426,0.8120197419664985,0.9384379954637073
ENSG00000104960,0.8106866473161489,0.6779021990852199
ENSG00000131037,0.10173773385795581,0.1316282733509004
ENSG00000104823,0.0019398164859102817,0.0010540033014507992
ENSG00000187994,0.9468463878050857,0.7583456272376553
ENSG00000068903,0.7152284950480486,0.4853957893164177
ENSG00000104825,0.9473754535559663,0.9235896406669671
ENSG00000104835,0.7868961567161765,0.7722596669169078
ENSG00000128626,0.9797404333548619,0.992653953011094
ENSG00000269190,0.0709163372448292,0.027610663877681584
ENSG00000104824,0.6072786302248838,0.6749586794710911
ENSG00000129351,0.10270868853025304,0.09331066938098899
ENSG00000141858,0.06926905524517514,0.11664403188601356
ENSG00000167604,0.44346804661898287,0.4106502878830526
ENSG00000076928,0.846156026527349,0.9437186459481673
ENSG00000105204,0.7037933700825305,0.47174388217620133
ENSG00000090372,0.6756946974193456,0.6580709129400508
ENSG00000181027,0.7540018276002945,0.6904518208453805
ENSG00000105281,0.10012267254732396,0.0916708628976755
ENSG00000042753,0.7307609076894153,0.7697380203905926
ENSG00000104805,0.8823734115950236,0.7661412501149186
ENSG00000130254,0.207417301239055,0.16079160106551194
ENSG00000223573,0.794126284607525,0.8682112746890066
ENSG00000211825,0.791436617669278,0.9316602547530859
ENSG00000211840,0.6623000815007758,0.6334732267384366
ENSG00000139910,0.038520856930537035,0.07938354101924869
ENSG00000211829,0.5749503429816665,0.49795640152967335
ENSG00000151413,0.6045806825811898,0.831698264319664
ENSG00000129515,0.8332102597439617,0.7163545351685314
ENSG00000211844,0.3138539876699755,0.33994187472271364
ENSG00000087301,0.7632123918631121,0.6450446661837721
ENSG00000073712,0.03206802060582659,0.027593568467806612
ENSG00000129480,0.2564869510485364,0.24997159519785114
ENSG00000100519,0.6255976917894537,0.9801108490325859
ENSG00000180998,0.4296796677330422,0.26392867441330914
ENSG00000126773,0.6273199160815626,0.9724099106337332
ENSG00000126778,0.5314062675701945,0.32547177759639334
ENSG00000154001,0.816096636296996,0.6964683829191873
ENSG00000198252,0.4872117737086027,0.6331754935174682
ENSG00000126790,0.5371306117030408,0.8878898505945096
ENSG00000100625,0.8603339614661751,0.683307737540602
ENSG00000100614,0.7802454240403431,0.9429857990013445
ENSG00000100612,0.031421644921843864,0.08045505651860584
ENSG00000100731,0.26043237931470153,0.6067244993892227
ENSG00000020426,0.9097594080058948,0.5063786561065
ENSG00000179476,0.6633396327579253,0.6860097420588681
ENSG00000119599,0.46085506379556074,0.34230710159252165
ENSG00000050130,0.4374043887277814,0.9122211945426512
ENSG00000126785,0.05055218782611101,0.051739343559668916
ENSG00000180008,0.35030668220139216,0.11097173379621088
ENSG00000100647,0.20991838115199773,0.3439819153007918
ENSG00000258989,0.22709888397450756,0.2410114917208472
ENSG00000129521,0.8492198934144974,0.7148638876592625
ENSG00000165389,0.32462725319732766,0.1581778292941331
ENSG00000170345,0.38339550188271376,0.46975551596369836
ENSG00000119681,0.015142116364624753,0.03766723775188601
ENSG00000165898,0.1936462018073738,0.20283694260901255
ENSG00000140044,0.6787582849404836,0.8478144409210169
ENSG00000042317,0.1434603270754011,0.1874424996907206
ENSG00000198718,0.11220834305737158,0.151486357292471
ENSG00000053770,0.6493397834688288,0.3435479808782037
ENSG00000125378,0.11041887298556954,0.15598772449676757
ENSG00000100650,0.6927826424487227,0.6135658051484725
ENSG00000033170,0.9108604255236047,0.9150502021701412
ENSG00000197930,0.7808147477006887,0.6894473131721499
ENSG00000139977,0.4867631219853523,0.2042822456257562
ENSG00000176435,0.05755252964309344,0.05551137874273031
ENSG00000070778,0.26363747172994917,0.3421405280870143
ENSG00000100523,0.7354168156056093,0.42647560822401964
ENSG00000139921,0.35256490840484966,0.13530318073065536
ENSG00000198894,0.9483596769300916,0.8336769866365783
ENSG00000087302,0.9347420885811162,0.43790663491493254
ENSG00000151320,0.5381891959412564,0.45310326273205936
ENSG00000139874,0.9876096701522546,0.8648712716799644
ENSG00000100629,0.32406110675362093,0.5646721658132337
ENSG00000070367,0.7659677056765548,0.8019717338717357
ENSG00000119720,0.9523852295630723,0.8244997424652867
ENSG00000205476,0.8531117039732656,0.6372247417779875
ENSG00000080823,0.7774202738171218,0.6657975308263712
ENSG00000196663,0.1664192666129436,0.2349891968136813
ENSG00000100764,0.8655473342740123,0.7172512317712938
ENSG00000125384,0.4829099002915551,0.8731689002114695
ENSG00000066739,0.22715493171338771,0.5226986022250181
ENSG00000211949,0.6041784347709902,0.9070571499138899
ENSG00000100784,0.8347052734025324,0.9904273791551907
ENSG00000211956,0.9383224599024971,0.8132363128237895
ENSG00000182512,0.1671364699295937,0.18031561962029774
ENSG00000140057,0.438815524386989,0.5670672693359958
ENSG00000088808,0.5185299411040826,0.6706513872937865
ENSG00000066455,0.15110067688741846,0.5154534940683343
ENSG00000070269,0.5620514070549932,0.26504248006632924
ENSG00000054983,0.23759964060952857,0.3248416000421286
ENSG00000100739,0.5813964979202765,0.5322837804176435
ENSG00000211958,0.24435983941775605,0.3802803870388285
ENSG00000170779,0.7808945668968437,0.9869593303789846
ENSG00000211952,0.5253409328642953,0.7513292862610165
ENSG00000211947,0.48191335923773704,0.43341392439648907
ENSG00000282639,0.22282086961260336,0.3209985867592656
ENSG00000211957,0.6135809714998173,0.9489688182920226
ENSG00000211943,0.8074670257154104,0.9848585948111076
ENSG00000100600,0.17681936420728614,0.43077583722011614
ENSG00000090061,0.5751973606516785,0.9638427634867744
ENSG00000140104,0.14466655455320981,0.3222682342589086
ENSG00000183576,0.3539472834837396,0.42144883608692485
ENSG00000211946,0.4055519876303798,0.5805800919772415
ENSG00000185567,0.11700730098041083,0.22092327971145376
ENSG00000100865,0.029778055694814093,0.07175883926946926
ENSG00000211950,0.48234609578984156,0.6105356901492492
ENSG00000211955,0.49568964570180374,0.7116531355272213
ENSG00000165914,0.07489182688700742,0.08770271556620357
ENSG00000270550,0.4956551444380227,0.985385712808628
ENSG00000119714,0.35747593465574334,0.33756031771270023
ENSG00000211895,0.3969269857945642,0.5709847840066369
ENSG00000282651,0.12578965805284908,0.18494865115774042
ENSG00000211951,0.8427471051941983,0.9391114953955084
ENSG00000042088,0.9438511275934512,0.7826057123331369
ENSG00000211945,0.453052840039061,0.1775269326948245
ENSG00000231475,0.701620514955922,0.8528143881607435
ENSG00000131966,0.7449341239043871,0.9487612009144356
ENSG00000100744,0.6333687325293536,0.3719511595345938
ENSG00000211942,0.6927846090273839,0.7490615515544914
ENSG00000126777,0.5772371425936698,0.8992667853581778
ENSG00000140025,0.7468251223450074,0.9556322398542382
ENSG00000100599,0.1846684292897694,0.4416798700788901
ENSG00000211941,0.5867875023418947,0.7455895557084142
ENSG00000100522,0.22637370703726073,0.10594230552056585
ENSG00000211847,0.8140684894528516,0.7735965628827449
ENSG00000211850,0.2807748739532236,0.19572533385379698
ENSG00000278661,0.6981095755030856,0.4706553482125251
ENSG00000276699,0.6242368996514852,0.5819242867863792
ENSG00000211854,0.8476235102492768,0.9493523172967648
ENSG00000211856,0.9491501853196123,0.9532412379470838
ENSG00000211857,0.6695240027024221,0.871956235551284
ENSG00000211858,0.36135525150487835,0.20561642877015493
ENSG00000211862,0.8805008747586862,0.7804845370857849
ENSG00000211866,0.36573326814026985,0.21863830641372023
ENSG00000211870,0.011435462065746584,0.008203606349804602
ENSG00000211871,0.5929238982068199,0.6610112735685365
ENSG00000211877,0.7898511730754518,0.8762671602493807
ENSG00000211879,0.7890307414929529,0.8854048792528457
ENSG00000211880,0.6119308088255301,0.8297965807572648
ENSG00000211883,0.5334217605340157,0.6256849033358458
ENSG00000211885,0.7876160901848799,0.956589135411687
ENSG00000211886,0.901252353184644,0.9160655649577593
ENSG00000211887,0.8349054448860546,0.4715612617449505
ENSG00000211888,0.8792435308441378,0.8512795277508307
ENSG00000277734,0.8525957180290507,0.5714588403551941
ENSG00000129562,0.5333278629725067,0.8203119502703576
ENSG00000155463,0.664319096453309,0.9740103225712388
ENSG00000197324,0.5236519388982452,0.8457119722332127
ENSG00000100461,0.9204101862179185,0.9287837525398331
ENSG00000100462,0.8386845865893251,0.7088486888801575
ENSG00000259132,0.03290735032118204,0.10727422100104798
ENSG00000129474,0.7650269029688535,0.9151672637027786
ENSG00000100802,0.6163158577807237,0.726293604225229
ENSG00000100804,0.2589398718741546,0.48017056854812346
ENSG00000179933,0.301267418458379,0.9683768732289617
ENSG00000235194,0.7909576360088286,0.9355728396383407
ENSG00000100842,0.038887074744312106,0.023062976059684704
ENSG00000259431,0.5038171132597348,0.5919419263331008
ENSG00000213983,0.3540102701663268,0.2150412520017091
ENSG00000157326,0.5760200921295799,0.6913994394760639
ENSG00000100721,0.9366263267977188,0.961289152261388
ENSG00000100604,0.6768264436893772,0.7913132440544871
ENSG00000100605,0.9275775590527311,0.7054083567883589
ENSG00000165943,0.5986333057763218,0.5761600434042369
ENSG00000153485,0.7639838209033287,0.6143874147788929
ENSG00000170270,0.8579132535001049,0.9670490137816696
ENSG00000012963,0.9435463491973233,0.7516632675296597
ENSG00000100601,0.6494980041820589,0.8072096122559286
ENSG00000119705,0.6364780701443753,0.6673975024468682
ENSG00000063761,0.9023317004649413,0.974447306599095
ENSG00000151748,0.5395687479195355,0.4198254049318182
ENSG00000100504,0.10217092503653503,0.1836454062896164
ENSG00000119689,0.8345239739421795,0.8294563974716546
ENSG00000198208,0.7306776727984585,0.49408520500777964
ENSG00000119630,0.046230337041665855,0.03176733444256526
ENSG00000119718,0.6244114675031408,0.8139768050508376
ENSG00000119684,0.9582811823113973,0.6599266891622092
ENSG00000119640,0.1184936797054579,0.09253360416541069
ENSG00000119703,0.7999631272344754,0.9926337926514991
ENSG00000170348,0.5704496622883137,0.9329888179929101
ENSG00000100665,0.2157098797305988,0.3047441194308042
ENSG00000188488,0.003710318409310997,0.013998614420491731
ENSG00000196136,0.12899448823846665,0.28232469562398177
ENSG00000100528,0.7461900183802447,0.6531683107699775
ENSG00000197045,0.8381440564156921,0.9497089894749564
ENSG00000020577,0.2361938108172155,0.2049631239092254
ENSG00000198554,0.422835859353222,0.19038952708828427
ENSG00000187105,0.9844306639321314,0.8561659363925156
ENSG00000139926,0.010435088726765258,0.00980858556235266
ENSG00000156411,0.1616276124590448,0.20777325285238127
ENSG00000100867,0.8485382653960932,0.6253958343220987
ENSG00000119655,0.00938254395808774,0.010379808013211587
ENSG00000100603,0.7942037824075492,0.9399334244854538
ENSG00000179454,0.9865469734764087,0.6851717196858327
ENSG00000166428,0.4101928221469753,0.45127240395607593
ENSG00000136319,0.3607842523017324,0.7287703854236286
ENSG00000100814,0.751146215907576,0.8937056385037362
ENSG00000129566,0.8449964656708209,0.4756481099574854
ENSG00000092094,0.3392926978333413,0.6629077118470414
ENSG00000100823,0.22379164896525813,0.47138092856386415
ENSG00000258818,0.0781193644712603,0.07194018250369154
ENSG00000259171,0.254055137860701,0.3601763987833162
ENSG00000169413,0.2910856786473535,0.6158265243251662
ENSG00000129538,0.004641769721734598,0.019402789627335007
ENSG00000169385,0.05196204320805268,0.16287446784266166
ENSG00000165801,0.17549102809025222,0.23625308977287932
ENSG00000165804,0.5744911100772739,0.5880890046309178
ENSG00000092201,0.8904509094810404,0.3790179213184435
ENSG00000214274,0.11130278009812283,0.12322808199853846
ENSG00000166166,0.7012730711281654,0.8327974605240847
ENSG00000256500,0.3654320786071442,0.3027465255085505
ENSG00000126215,0.8938660212041437,0.811359948072766
ENSG00000119699,0.03993166561759265,0.04551672115839189
ENSG00000185215,0.03678563828411349,0.017408869216926207
ENSG00000165959,0.6699581366337828,0.9649264135920057
ENSG00000184990,0.13460234510145114,0.2667363246915167
ENSG00000179627,0.9220923405142984,0.9246385473953347
ENSG00000100722,0.6381518431878301,0.9631076230613704
ENSG00000165533,0.13375679698606413,0.18886075127378102
ENSG00000203485,0.5700014960371251,0.8921653940222527
ENSG00000131979,0.15481357546524857,0.09236648204804514
ENSG00000100889,0.8825551175310409,0.7924551723354933
ENSG00000100897,0.8518343518745677,0.7747056381689778
ENSG00000092010,0.8232220815041406,0.6102323865133574
ENSG00000100908,0.9481955676521524,0.661232069786426
ENSG00000100911,0.2926834103380227,0.1899079771592132
ENSG00000196497,0.6581626258353327,0.9682015870044222
ENSG00000100926,0.6030450535584189,0.9725049500220496
ENSG00000254505,0.9535601682002361,0.471694254962134
ENSG00000213920,0.010525271332239761,0.017918117455017913
ENSG00000129559,0.11893596004415553,0.3709659915489507
ENSG00000092295,0.9607562588021396,0.785010982103795
ENSG00000157379,0.26104489955479054,0.21313006323213546
ENSG00000196943,0.34857488806083625,0.09022117429913735
ENSG00000213906,0.697211189159751,0.9140710683802149
ENSG00000213903,0.8514713776439107,0.47560736352008526
ENSG00000129465,0.8923659929101029,0.8213436061004307
ENSG00000100968,0.10671874980947949,0.2069521652682308
ENSG00000100888,0.7673869253926027,0.7910356061248863
ENSG00000129472,0.9681157694081909,0.9902385566192778
ENSG00000100567,0.8433458658958428,0.6260518735708758
ENSG00000032219,0.9905449621574435,0.7846072840601762
ENSG00000100575,0.1260953057280102,0.40329432429554146
ENSG00000100578,0.5168710022959044,0.8726285926036641
ENSG00000100711,0.015425887366925425,0.04383662880692707
ENSG00000165782,0.6230440765432839,0.9320417766524179
ENSG00000140153,0.14070972416627667,0.2702498163718543
ENSG00000100592,0.20448088736508874,0.16483529621282084
ENSG00000100557,0.12020214266621815,0.4318344391580846
ENSG00000171723,0.9668911286119747,0.966967580495686
ENSG00000185100,0.6254790927371814,0.3702170915995928
ENSG00000165792,0.28391545212598124,0.10986468002484885
ENSG00000133937,0.6430028504875718,0.8392029198345379
ENSG00000256553,0.9205652056295643,0.8654728263241313
ENSG00000211776,0.9556876981581722,0.8308448281169043
ENSG00000211777,0.4091109338242187,0.4892236452820685
ENSG00000211778,0.8643204183856981,0.9921855562303665
ENSG00000211779,0.8661715908293695,0.9178784329912636
ENSG00000129473,0.8883861633073626,0.6786206314136107
ENSG00000165409,0.3393007085493172,0.2800692970552962
ENSG00000165417,0.37914294374562707,0.5957749905070878
ENSG00000134001,0.8072017394640043,0.34908872367166244
ENSG00000100558,0.6947952046707537,0.9903611805545461
ENSG00000156127,0.9604955920007777,0.9920575873007342
ENSG00000119686,0.37810569885319,0.5593860947353952
ENSG00000119685,0.9205874968187047,0.9031120610264561
ENSG00000133935,0.66942649357949,0.4972473044002482
ENSG00000089916,0.7602378698699985,0.9904931751079938
ENSG00000119650,0.7287082570914432,0.5858288323453198
ENSG00000054690,0.4681104543666924,0.32976917896252317
ENSG00000100564,0.9697873415323485,0.6896497617672483
ENSG00000081181,0.8834866857215492,0.9864629716673956
ENSG00000100568,0.08460890206300911,0.3088516910755927
ENSG00000072042,0.39600420054245944,0.9738159567081458
ENSG00000139988,0.018425879728643624,0.012616190148796705
ENSG00000198807,0.6339355032171753,0.7727494408688104
ENSG00000072415,0.9911531265816055,0.6348619179889542
ENSG00000100554,0.48631319475659796,0.8824719456946156
ENSG00000100883,0.7950900907133852,0.8932828242803442
ENSG00000211959,0.7788279580977322,0.8793817099438885
ENSG00000232216,0.9844173142697645,0.9074757133876609
ENSG00000211961,0.0991902306228202,0.17041523149439877
ENSG00000211962,0.6732777862661721,0.9626512949112193
ENSG00000211964,0.9313343504446189,0.8760075602964146
ENSG00000211965,0.7073787426068407,0.6305415791084055
ENSG00000211966,0.15634016970122128,0.050884590961430075
ENSG00000211967,0.8729743432405894,0.6007759508320357
ENSG00000211968,0.16193252835577043,0.3813179145148119
ENSG00000224373,0.4617381124419694,0.7194538488471754
ENSG00000119638,0.559316907166741,0.8842729017743488
ENSG00000075413,0.4767203219913567,0.8142502978491559
ENSG00000205978,0.1627899638975329,0.27226261809602215
ENSG00000139899,0.2987951783925772,0.42486157144352255
ENSG00000100441,0.9481800942406386,0.7078794355626834
ENSG00000100450,0.7556455027760854,0.7398558222216938
ENSG00000100448,0.2511611872027325,0.25341631939085146
ENSG00000021645,0.17699142631665357,0.1543536882434171
ENSG00000139990,0.2977045558761034,0.6105325569945561
ENSG00000092140,0.4989751190839724,0.6816344312671794
ENSG00000092108,0.4390086128357621,0.792177956221426
ENSG00000140093,0.04942648375008553,0.025592343747863552
ENSG00000170099,0.959609657210891,0.931112512468192
ENSG00000197249,0.25186495837701084,0.340787813634527
ENSG00000170054,0.487509564549648,0.37114939546274284
ENSG00000129484,0.9481423851755606,0.5555038100562923
ENSG00000133943,0.47527749479704806,0.607490296296318
ENSG00000129467,0.2517137487177916,0.3312337915111531
ENSG00000227051,0.06204074541049778,0.04667339831105029
ENSG00000168398,0.3275111907821567,0.4032445458706887
ENSG00000053254,0.2248641442231146,0.21078325616467564
ENSG00000157227,0.11072179281488902,0.1619347544150902
ENSG00000165929,0.408712608998105,0.17973577559071693
ENSG00000100815,0.9373545604968293,0.657169306312845
ENSG00000183648,0.39276955054067986,0.5436722234935277
ENSG00000165934,0.5826616925588981,0.9623354206866915
ENSG00000092203,0.7707544837439628,0.9412160518670997
ENSG00000165819,0.8070467582687775,0.5333508852434146
ENSG00000165821,0.061941941339798766,0.06438059503192
ENSG00000100483,0.37843971069427373,0.9711502252304799
ENSG00000100485,0.915077135222739,0.5855239382928592
ENSG00000087299,0.30137233002473895,0.3461342854643532
ENSG00000100490,0.6055418851829115,0.7608089607025282
ENSG00000133983,0.7717289078661517,0.9428716308048263
ENSG00000258644,0.6579758986490514,0.6175804922750736
ENSG00000213463,0.5060443849236631,0.3393473678919338
ENSG00000133997,0.5392452386802999,0.3667016866188392
ENSG00000133985,0.5509116977045069,0.6240403500441293
ENSG00000006432,0.15705090463297627,0.08631844166712488
ENSG00000100934,0.053074734239167705,0.0935414484889521
ENSG00000182400,0.41867182507181944,0.7091937011289569
ENSG00000100941,0.45425677719547486,0.27022240742220965
ENSG00000119682,0.5542554572454803,0.298558000497124
ENSG00000119616,0.7725383702347484,0.8952624332945094
ENSG00000119596,0.3490709507294154,0.5096092101666553
ENSG00000168175,0.6593759441701968,0.321963165381841
ENSG00000131981,0.8234748544935091,0.6398889978786273
ENSG00000126787,0.5670199954999469,0.2446399346757992
ENSG00000178974,0.21527388359876196,0.12347473660263243
ENSG00000126775,0.7202479835058977,0.44571830385921085
ENSG00000072121,0.5567426388027344,0.25354042780600655
ENSG00000100916,0.1415907149544421,0.25600976891235144
ENSG00000022976,0.145721320851332,0.1672593131429706
ENSG00000100949,0.3478410662825201,0.5359395271011134
ENSG00000100796,0.6202002938390252,0.4547385285498601
ENSG00000140009,0.9041515535099343,0.9924151695059017
ENSG00000092036,0.2379698126363769,0.3783816355123375
ENSG00000174373,0.996203577789517,0.8459185821738691
ENSG00000012983,0.6205624709847626,0.7480551257914525
ENSG00000197102,0.8995264562381265,0.9042270692935751
ENSG00000100813,0.295529389262094,0.19801978323955924
ENSG00000139998,0.38773662866824665,0.43513694274904957
ENSG00000257365,0.40475037141741443,0.7085220057949869
ENSG00000125952,0.6186433890420155,0.6246134489280328
ENSG00000172590,0.7550077675607529,0.8995920847124868
ENSG00000100577,0.7840155581256028,0.7299051732265787
ENSG00000100580,0.34366503820116845,0.3638535348637839
ENSG00000183828,0.30224689672628885,0.2473573719990622
ENSG00000165807,0.8050595384007193,0.8732317433005992
ENSG00000126822,0.5734314690995836,0.39193462437229
ENSG00000009830,0.28079587467841133,0.40634520023143184
ENSG00000142208,0.8638159882584335,0.9358854459773887
ENSG00000184887,0.2007305803899188,0.2696499346522748
ENSG00000198513,0.592599507715682,0.48385095053426463
ENSG00000100473,0.11807962671516317,0.3300787525701339
ENSG00000196792,0.7268591871491276,0.941194970856806
ENSG00000072110,0.1675671077569229,0.15232884984732212
ENSG00000100478,0.1059184934786824,0.12224988433206131
ENSG00000185070,0.023315498884761417,0.03868819896617269
ENSG00000090060,0.35769241598274015,0.650451088261482
ENSG00000258289,0.41994518423156324,0.9399584292783324
ENSG00000092208,0.9097232354514703,0.9741175361489283
ENSG00000100836,0.9564545737727719,0.797742934616394
ENSG00000100445,0.37568702761235817,0.5267625313484972
ENSG00000211780,0.6001944794060683,0.6678363062617667
ENSG00000211785,0.947298662931975,0.9829504167063062
ENSG00000211786,0.7798643477530374,0.7101760635633001
ENSG00000211787,0.9568332361763546,0.772134118522583
ENSG00000211788,0.9076103856117939,0.6941691797633258
ENSG00000211789,0.6249787627245935,0.4435947116005958
ENSG00000211790,0.9428866771667156,0.845544947963613
ENSG00000211791,0.7732878806635515,0.7275442750577343
ENSG00000211792,0.9731471803075281,0.8649160299407698
ENSG00000211793,0.9360825556612731,0.7451433220466246
ENSG00000211794,0.852538033900665,0.9631318137994085
ENSG00000211795,0.7716423062918667,0.8694106125171212
ENSG00000211796,0.6583923384758226,0.7258406536348317
ENSG00000211797,0.8954248465922009,0.9251064991155726
ENSG00000211799,0.32981084893846896,0.19292663570877297
ENSG00000211801,0.7488603104590146,0.8992306971962847
ENSG00000211803,0.9971968069464423,0.9828148564973349
ENSG00000211804,0.16170701731856504,0.12676120303112984
ENSG00000211807,0.9951567015064342,0.9991645550380525
ENSG00000211810,0.8491781550094055,0.6235423534397357
ENSG00000259092,0.928875621522656,0.8695924670261671
ENSG00000211812,0.5006283218807379,0.754836002842172
ENSG00000211817,0.6355671539353056,0.5519246540262788
ENSG00000211820,0.954375379077432,0.8266311011177911
ENSG00000211896,0.5670787241253309,0.9487602897970421
ENSG00000211897,0.1156558335330408,0.37124078203112276
ENSG00000211898,0.22349671683540695,0.5349832885592447
ENSG00000211899,0.8550571227054024,0.9094307519830972
ENSG00000211900,0.7668408503634793,0.4558273757605583
ENSG00000242472,0.04822257264228883,0.09816561876231938
ENSG00000240041,0.10907970723458212,0.05799324810750313
ENSG00000242887,0.35680649295502587,0.37037712179640425
ENSG00000211904,0.5776368907317322,0.3872659977099776
ENSG00000211905,0.4043629390753808,0.545471474749092
ENSG00000211933,0.22848946321739558,0.49288717917053626
ENSG00000211934,0.19337944072353616,0.3558003890531143
ENSG00000211935,0.8687535736314501,0.9696140769749833
ENSG00000276775,0.8271147814261636,0.8606605779185053
ENSG00000282122,0.7791363703898415,0.9011259477840909
ENSG00000211937,0.10002648884408154,0.20124781677728457
ENSG00000211938,0.2133615628419982,0.0961920060856036
ENSG00000211970,0.3188214285526723,0.4519988070365165
ENSG00000223648,0.3942724665340547,0.7053863883800304
ENSG00000211972,0.5948265395165163,0.7400010597130029
ENSG00000211973,0.35767445575949974,0.26457384994485245
ENSG00000211974,0.30761102925786904,0.4346677208572358
ENSG00000281990,0.2863659672813366,0.3684986824958606
ENSG00000280411,0.33474885425645357,0.6720346690313265
ENSG00000274576,0.44021391790280506,0.7835695403227656
ENSG00000225698,0.28233905714574736,0.19720057106956956
ENSG00000211976,0.2745437800466484,0.18811022443671432
ENSG00000224650,0.940403071261252,0.9118974350946925
ENSG00000211979,0.3414038842049175,0.6897072266727367
ENSG00000176438,0.8866728447873586,0.8741095073766053
ENSG00000197555,0.7179754609741864,0.8135130761491278
ENSG00000126804,0.5727098768616685,0.2600843638956303
ENSG00000100644,0.13576621932493885,0.42911507664840387
ENSG00000023608,0.6612839942304687,0.9149954198971094
ENSG00000100918,0.6069511929702252,0.9688569071381484
ENSG00000176473,0.4495166935353405,0.639092543799415
ENSG00000100628,0.8750055008395543,0.9076655534756038
ENSG00000089723,0.7501455438536231,0.6519342135707296
ENSG00000165948,0.9410821690788062,0.9350957223865405
ENSG00000119632,0.3541519013144312,0.5058249077574254
ENSG00000126803,0.2995744641233982,0.2980157534866248
ENSG00000183484,0.461520255081067,0.7389947349410303
ENSG00000184916,0.4893661058379353,0.6732290860064611
ENSG00000179364,0.49439047253166213,0.67624749791825
ENSG00000182979,0.6510459219830185,0.7778130120381112
ENSG00000182809,0.10604975643672643,0.06720883722273689
ENSG00000213145,0.6319162832999171,0.7754818577772412
ENSG00000185347,0.8660845131203478,0.636910250768769
ENSG00000184986,0.35028205308434035,0.4571283998116278
ENSG00000211890,0.8552558853053305,0.7081624556961675
ENSG00000211892,0.3342321429408845,0.48129585497142957
ENSG00000211893,0.7734633933836346,0.7554671229197865
ENSG00000183092,0.9966278844844007,0.3789901945239649
ENSG00000071246,0.5834402026345842,0.7861818279177378
ENSG00000013523,0.6190285472185239,0.6465608452311324
ENSG00000119669,0.8176476887683072,0.7523957604780676
ENSG00000166165,0.49306726419833036,0.7783156377586435
ENSG00000256053,0.6849069678160618,0.7469107923558188
ENSG00000184304,0.007999574705552662,0.016629956649957953
ENSG00000125375,0.8675943572202394,0.7683317212908165
ENSG00000211448,0.8011534411244016,0.9100223125487488
ENSG00000139970,0.17467087931504524,0.24290488006405306
ENSG00000100526,0.589396464523009,0.41129148010632577
ENSG00000100852,0.4731670069920839,0.6362691724289964
ENSG00000165795,0.47046031216926665,0.27296032994743263
ENSG00000100453,0.3368615978496115,0.25561837515811603
ENSG00000054654,0.9313870320988505,0.8167600268884581
ENSG00000099814,0.8801577725689345,0.7405425506750449
ENSG00000187630,0.16530336201514223,0.23050803192826433
ENSG00000185024,0.8957148133846184,0.8372817862186163
ENSG00000087303,0.004631156898314111,0.011180490576970762
ENSG00000136367,0.7111437792330755,0.7356625087849266
ENSG00000015133,0.4088000748074153,0.2173148707613466
ENSG00000100938,0.715520792489577,0.6138762843436021
ENSG00000139880,0.5816385822467756,0.39245990796809493
ENSG00000151332,0.8557895321504017,0.9789184479585638
ENSG00000066427,0.19757866453332354,0.3368725233224482
ENSG00000089737,0.49606874259235,0.8511814380610078
ENSG00000027075,0.20009283616202422,0.44305374361403127
ENSG00000092068,0.8189146788409739,0.5004947635333961
ENSG00000176153,0.35716106427989425,0.3361061928251737
ENSG00000198668,0.7890063433236363,0.935725770462195
ENSG00000129518,0.5866614053215815,0.7538773220122863
ENSG00000092199,0.5057313162649064,0.216319267763939
ENSG00000150527,0.8220451644600071,0.7446084711002007
ENSG00000136305,0.12348684291629769,0.09332814886988518
ENSG00000100439,0.317454423922355,0.40444878103571924
ENSG00000186469,0.2451128064211027,0.2604815841513533
ENSG00000156050,0.557462594802951,0.3086758567010675
ENSG00000119723,0.5739857816265665,0.668663809033395
ENSG00000187097,0.40217919314353234,0.5727997001291995
ENSG00000119636,0.6468906138392096,0.428361928229378
ENSG00000119711,0.41505789191695863,0.35105693548409855
ENSG00000119688,0.5619739109167009,0.5894099655144638
ENSG00000205659,0.7296229639188551,0.7280978652885158
ENSG00000197776,0.7186648092293215,0.47130977793667383
ENSG00000165525,0.9213719673281707,0.5912650239594007
ENSG00000165527,0.4483190608938298,0.34903019712700856
ENSG00000165410,0.10960884357627468,0.07999114387759182
ENSG00000198604,0.8581126522055099,0.5867490559121477
ENSG00000092020,0.9612171433061405,0.8670460269304306
ENSG00000100890,0.4598394992685467,0.2704948872993923
ENSG00000100902,0.8935659431243246,0.6315514585112066
ENSG00000151445,0.1425046086033021,0.22174926082598234
ENSG00000100591,0.7787672128908424,0.9756942820643668
ENSG00000100596,0.5471363010388043,0.6170048967380313
ENSG00000100626,0.0657458975711049,0.15145455352627013
ENSG00000100632,0.6644356715905005,0.9859691046083793
ENSG00000029364,0.761319833460522,0.5997861253074042
ENSG00000081177,0.8445934630074844,0.9374652760916711
ENSG00000140006,0.5366302906244175,0.2529507153045729
ENSG00000198133,0.24197960288250536,0.21190459229404665
ENSG00000071537,0.557493140282836,0.9799821305855384
ENSG00000140022,0.027428948535261215,0.07189495775173065
ENSG00000165949,0.7716888323619417,0.8700887068907778
ENSG00000205436,0.32586651710210085,0.3773902455475696
ENSG00000129493,0.6426045816551174,0.4547060929224438
ENSG00000184227,0.019215586368983215,0.02891582720042876
ENSG00000119673,0.06710564809964531,0.05079425784106329
ENSG00000177465,0.5525578186381457,0.5509140162807107
ENSG00000119661,0.17285205292522796,0.2182717001445066
ENSG00000176903,0.014135409809274012,0.030476629761378847
ENSG00000140043,0.9035151551180303,0.700948201212612
ENSG00000119725,0.7475687661947397,0.9003454537535046
ENSG00000168952,0.49881916996962483,0.4952982830817464
ENSG00000182185,0.5823520311449015,0.9182510149163933
ENSG00000165355,0.6057161920661382,0.34003447264455694
ENSG00000092148,0.561435526894926,0.8743748720783175
ENSG00000166170,0.6988118210949579,0.9012021354511162
ENSG00000126214,0.14282952909544924,0.24318378018839165
ENSG00000080824,0.3117235122651639,0.7557333713349048
ENSG00000078304,0.39447712698584947,0.674036984816925
ENSG00000129514,0.4608427388264431,0.5313583249167435
ENSG00000011114,0.39246061967353885,0.5087355261551996
ENSG00000175785,0.20283212679863383,0.11676010816261168
ENSG00000182521,0.5246913165295927,0.48150101985678717
ENSG00000156030,0.8435525423384909,0.8627594443067561
ENSG00000092096,0.01015254443277373,0.01604375883351082
ENSG00000139865,0.7933370391487444,0.8424784121688951
ENSG00000185246,0.5484939452938367,0.5501417723146149
ENSG00000100442,0.8790163903541788,0.8053117115469576
ENSG00000129534,0.5562593800970391,0.34934987116535954
ENSG00000187790,0.7270550343000597,0.40287738753395075
ENSG00000182545,0.5682595102516657,0.4437273456670948
ENSG00000100532,0.6753390680605977,0.9607272213988882
ENSG00000182218,0.3820506704846208,0.39156596309600566
ENSG00000066629,0.13566888190398815,0.10981707862848772
ENSG00000166183,0.44338317650870107,0.3937002535497732
ENSG00000066735,0.6801375285911858,0.5471505324077275
ENSG00000089775,0.6393305887798166,0.25667576263575076
ENSG00000179841,0.0031711946934487507,0.0016070582987539374
ENSG00000100714,0.4333729267520695,0.1622701795913592
ENSG00000100697,0.9935630472906709,0.6504897585201406
ENSG00000198805,0.9640638392202437,0.3834421434132882
ENSG00000165861,0.3138270493534902,0.39128072967822236
ENSG00000119707,0.895663767211681,0.8607099092825292
ENSG00000100767,0.12630308651676925,0.18377522395459842
ENSG00000133961,0.8234455184168484,0.8764073944552349
ENSG00000170468,0.6815986799911954,0.843537371826738
ENSG00000100906,0.7736222005810267,0.7713227788997647
ENSG00000151338,0.6704218893789835,0.6637119826715432
ENSG00000155465,0.10020440089258746,0.21196588774649025
ENSG00000213928,0.8579395234314604,0.9662536620203747
ENSG00000127152,0.07154106831099931,0.06068605059686927
ENSG00000092330,0.3532424051106252,0.6348038708320193
ENSG00000092098,0.7555652200656863,0.4015246233514046
ENSG00000156381,0.9571427630609357,0.9036722303088213
ENSG00000089902,0.7391425259800282,0.9579957643232381
ENSG00000166126,0.7528606454259172,0.9359760522284905
ENSG00000131323,0.48948320989083405,0.2874313607856099
ENSG00000232070,0.809721021673645,0.6513218188617741
ENSG00000213741,0.7296593287445328,0.9595883251672749
ENSG00000165501,0.6065454306914492,0.22037882496371472
ENSG00000165502,0.8604641144747229,0.4106589034225979
ENSG00000168282,0.9430685739283291,0.734196502670887
ENSG00000165506,0.7352231521362547,0.6833479600895882
ENSG00000100479,0.5711509585770623,0.4275881757157929
ENSG00000165516,0.21477893049241256,0.23521722900917708
ENSG00000080815,0.8094931197072698,0.8777806211714305
ENSG00000258643,0.4683352675181306,0.3182299673249143
ENSG00000198752,0.4919171774501935,0.875071778472471
ENSG00000126814,0.8162557679827775,0.6845981739965068
ENSG00000139974,0.21911870065585648,0.5609598082599772
ENSG00000182107,0.9617078267554551,0.4559097190167595
ENSG00000151327,0.8900269626440844,0.8436861321013751
ENSG00000129460,0.7801252702139642,0.6385300844393887
ENSG00000140030,0.829031084911177,0.8709236326742098
ENSG00000100433,0.9096959740747912,0.8060830134466153
ENSG00000197119,0.18407943183318254,0.07918881842856565
ENSG00000140105,0.16883412157850017,0.06935107703550199
ENSG00000100811,0.1609723811423068,0.2629681556346086
ENSG00000139946,0.7149561620369567,0.7070457117263798
ENSG00000198732,0.2877437671189073,0.5788017859152979
ENSG00000185650,0.6366147894286482,0.7597001585839918
ENSG00000196405,0.14044347236592994,0.21610517609343471
ENSG00000126821,0.32379912785004455,0.8342023813450334
ENSG00000133962,0.27541116977079333,0.13947887247687243
ENSG00000140092,0.02125263190560675,0.03905140959290442
ENSG00000100503,0.7089419870966372,0.5386321093339419
ENSG00000168350,0.08235771659913763,0.12332679986878747
ENSG00000100664,0.6560648501833515,0.9378277350012432
ENSG00000165617,0.029559142539567124,0.04637844293500519
ENSG00000197406,0.9778235900751175,0.7651368217343996
ENSG00000100749,0.7667431392424051,0.434788426686996
ENSG00000158270,0.13841265217961182,0.15020809672545565
ENSG00000141401,0.9289481245892279,0.8000720492434855
ENSG00000168461,0.03436811741224763,0.05799853358178191
ENSG00000176105,0.9752904718778364,0.838913736171742
ENSG00000166974,0.57945693158158,0.6137058549507308
ENSG00000178127,0.8477483228529561,0.774117215602782
ENSG00000154889,0.7412462811976694,0.6828025065475096
ENSG00000101489,0.9597376895498406,0.7450938182415318
ENSG00000017797,0.7090432046459985,0.5340065726806044
ENSG00000141380,0.4459454558501017,0.7316170169191427
ENSG00000101745,0.8881435706693749,0.8915622849646628
ENSG00000152242,0.6244324717907485,0.8117067950396248
ENSG00000154839,0.0246038928279364,0.014414031038871448
ENSG00000141425,0.8524448496762932,0.8992248960030056
ENSG00000101773,0.11528993607892839,0.09714225098674817
ENSG00000168234,0.8162867116907577,0.7754103889448547
ENSG00000141639,0.03100187366097036,0.04638937306038173
ENSG00000067900,0.23697822834827179,0.4352514603912353
ENSG00000176641,0.11597988395731859,0.16544255538419855
ENSG00000166510,0.1141830037433991,0.09537080861788305
ENSG00000175387,0.8208181459694157,0.525611206960475
ENSG00000041353,0.7770016750707975,0.9015522560622784
ENSG00000091164,0.7521719979123584,0.7191976867358993
ENSG00000134030,0.4240430658194895,0.5267701082636865
ENSG00000082212,0.33046845912289136,0.20799650893367969
ENSG00000141441,0.7588567984899959,0.8368794568341517
ENSG00000184828,0.41937538389668916,0.369401786448465
ENSG00000101782,0.9120933672486686,0.7501325125897795
ENSG00000141458,0.7583619662194873,0.9910968303477664
ENSG00000172466,0.7631950206618279,0.4156581856386783
ENSG00000166562,0.557340878980503,0.48421015924833544
ENSG00000134779,0.290306194171445,0.4077618734232107
ENSG00000166479,0.8534744139122702,0.8772423667541933
ENSG00000141452,0.5038703778011442,0.4228996446865666
ENSG00000175354,0.7389659149193336,0.42015007623231615
ENSG00000186496,0.9882008072003196,0.9196721753249529
ENSG00000081913,0.7790098882657474,0.9238529600229929
ENSG00000141428,0.44855541254023834,0.4508661550628347
ENSG00000134504,0.2645611098100589,0.38400309506060815
ENSG00000141424,0.731662428606352,0.3499102458660275
ENSG00000198081,0.7788771792442801,0.5612734261892292
ENSG00000198795,0.010918442822553772,0.02858424935792674
ENSG00000154059,0.01887218248433638,0.030809660932371176
ENSG00000197971,0.8453296294263029,0.8434110822586123
ENSG00000101493,0.3764348639244741,0.3956347966447281
ENSG00000186812,0.29825954501908064,0.17698489396787107
ENSG00000134490,0.2772291062292897,0.3828847607889696
ENSG00000134759,0.6866539265924226,0.4116062230267056
ENSG00000150637,0.5180822446398741,0.3662530223687642
ENSG00000101695,0.6841978822865811,0.5584517813520239
ENSG00000197563,0.31797405825415,0.36834874762517344
ENSG00000075643,0.9223202776343693,0.5020871418202835
ENSG00000133313,0.1702806605775405,0.1865559365125001
ENSG00000186814,0.7898817047795226,0.939627248507861
ENSG00000128791,0.36356926894593344,0.5100673993712981
ENSG00000150477,0.3728594804858142,0.4014555973564712
ENSG00000154065,0.18367159856854495,0.08033822264806609
ENSG00000078043,0.9106348774012676,0.5696742131942155
ENSG00000167220,0.9735514070132418,0.9238261984705973
ENSG00000134049,0.6321582025076253,0.9685289099183579
ENSG00000177426,0.7778060060372758,0.7182802332015972
ENSG00000141384,0.4006935582151907,0.683796588606699
ENSG00000141682,0.9692305458787154,0.782633577403792
ENSG00000134757,0.5450125817657381,0.4796442027766066
ENSG00000118271,0.04285252809606244,0.047761775735677615
ENSG00000170558,0.005710434724309207,0.00400725825486555
ENSG00000215472,0.8047682320004016,0.9945461842288731
ENSG00000101670,0.16701339724161962,0.22773506697086038
ENSG00000141627,0.8638545671173725,0.7897139168002145
ENSG00000176624,0.8250710210492184,0.811849408879955
ENSG00000196628,0.11855144030285716,0.14586751476411133
ENSG00000119547,0.14532369995160113,0.22339435186206605
ENSG00000134440,0.31496449029806467,0.24566809270410095
ENSG00000081923,0.7218011612091522,0.6014361651548874
ENSG00000153391,0.31334536531393586,0.40871247061855775
ENSG00000173482,0.02499212580110022,0.05996790344723455
ENSG00000154655,0.6137580891629217,0.700726149647009
ENSG00000141448,0.4071716328487629,0.41524063320904925
ENSG00000088756,0.16448265774354628,0.24677270145283683
ENSG00000134444,0.23093360751781408,0.16626138384722616
ENSG00000074657,0.3244638155013596,0.46816731548500223
ENSG00000177576,0.7159562166778883,0.6133432859926089
ENSG00000154856,0.1457151539322905,0.3024911891156534
ENSG00000134265,0.3106639752335269,0.17434501959389412
ENSG00000170677,0.4661036341176925,0.45470747758971075
ENSG00000141446,0.6620787525890213,0.5101721782474906
ENSG00000167088,0.5399837455923785,0.3425934462198164
ENSG00000158201,0.3811016289936925,0.2883111731874963
ENSG00000119537,0.5984584860864879,0.6368209698426257
ENSG00000119541,0.888738018304022,0.8033513125677195
ENSG00000206075,0.9043313028010674,0.6892322340436766
ENSG00000171791,0.9377857310527499,0.9731337348502296
ENSG00000176014,0.016387877774393506,0.015989774212333975
ENSG00000177150,0.631450002629133,0.8903751482600045
ENSG00000101654,0.7993554768273714,0.7565765314641728
ENSG00000132205,0.5415415982766799,0.7739468312369792
ENSG00000101608,0.3227689924038137,0.5511003044395992
ENSG00000118680,0.8328852621924312,0.5494784071774879
ENSG00000134762,0.7524186787548057,0.5106268199649979
ENSG00000154845,0.439625972020242,0.6382078834247884
ENSG00000131196,0.9511316031320496,0.5119549009665296
ENSG00000153339,0.7324713585739835,0.92741791526648
ENSG00000150636,0.1032947524470403,0.17946572640026884
ENSG00000154040,0.18950825769116547,0.22888313049603218
ENSG00000053747,0.5403927708914132,0.8432208065669808
ENSG00000141404,0.5912974933268026,0.8897896742427334
ENSG00000134758,0.4153519426549569,0.2938691613069373
ENSG00000176225,0.41546735027170023,0.2959266928401392
ENSG00000197641,0.6071746980739773,0.995726517787447
ENSG00000206073,0.4536971045391305,0.4373525342733555
ENSG00000206072,0.42646871546844023,0.1544704943804967
ENSG00000057149,0.5902821315171052,0.6231863471413277
ENSG00000178690,0.7503157529938597,0.33876571080570944
ENSG00000082397,0.14839433347545317,0.20370102906170315
ENSG00000075336,0.4217440390262861,0.3463095081064519
ENSG00000166347,0.5967561192104491,0.9512137908169476
ENSG00000134769,0.1343419832137687,0.1421192547922414
ENSG00000171451,0.2341557918659239,0.41023229508821035
ENSG00000141391,0.8421648439249317,0.9714965320151925
ENSG00000122490,0.8225540412379415,0.931765420050138
ENSG00000134755,0.7320841654230057,0.8343731594554156
ENSG00000206418,0.8400622131569951,0.812941137594813
ENSG00000066926,0.4522928039167403,0.36679296985253185
ENSG00000046604,0.5443606923058274,0.7110486347869385
ENSG00000134508,0.6947500471725144,0.8577707634502676
ENSG00000118276,0.8980940976173973,0.7983657378905721
ENSG00000265681,0.4895849755849433,0.24765552575640573
ENSG00000101665,0.6471921398640328,0.5873876724622384
ENSG00000141429,0.769426286309272,0.8192503875675274
ENSG00000215421,0.5564299614156418,0.7477076067317234
ENSG00000226742,0.6782645977935404,0.6810770537608009
ENSG00000141759,0.7210931876292146,0.814124867616824
ENSG00000101546,0.6977296282943117,0.5343597925845547
ENSG00000101544,0.722678761467825,0.5759166231176076
ENSG00000178184,0.9085782842916346,0.7484885439747941
ENSG00000101557,0.8612553749845885,0.8335329348803273
ENSG00000141642,0.6788264323943545,0.44092269057985034
ENSG00000141646,0.7842769215115885,0.5423954310187338
ENSG00000101574,0.9757551657966916,0.8802648106411016
ENSG00000080986,0.46448897081056195,0.28336264937764877
ENSG00000101596,0.5836757276709923,0.39012486085576226
ENSG00000166377,0.2152065332827282,0.23300456125153193
ENSG00000078142,0.6927835626194359,0.9684834730639311
ENSG00000079134,0.8283987007475135,0.7537915923106895
ENSG00000141447,0.01229120472654615,0.024507589661740402
ENSG00000101605,0.3155253904880511,0.2642564023509824
ENSG00000091157,0.6048273414104937,0.8275921242295025
ENSG00000101680,0.87658544516567,0.9601213065148692
ENSG00000176890,0.2765645653877083,0.1656744422478215
ENSG00000132199,0.7121255229239605,0.7766576125423916
ENSG00000134775,0.42625786628344575,0.6693411714279691
ENSG00000141385,0.9621763695865361,0.7549953293808745
ENSG00000060069,0.3537951351319033,0.3124920548541914
ENSG00000152217,0.05090948830483338,0.06785309062065603
ENSG00000049759,0.614437567001735,0.6954853339125389
ENSG00000101558,0.9568421686302946,0.8832794486056047
ENSG00000154864,0.0046388208788446265,0.006314310869789658
ENSG00000167216,0.7396429399797129,0.6578295102373848
ENSG00000134046,0.5174269490901837,0.5482066702890545
ENSG00000101751,0.7790977305725644,0.7787719192500342
ENSG00000166845,0.8893515284249598,0.8997139743294815
ENSG00000134278,0.05852019696571628,0.15074887256428235
ENSG00000101752,0.6901528076812629,0.7864739504049714
ENSG00000168502,0.9848203129161957,0.7466109888246021
ENSG00000134443,0.0007570984411302437,0.0010571906465448079
ENSG00000074695,0.23936332767641139,0.46748687471371264
ENSG00000141469,0.3069510604035989,0.6154939377871409
ENSG00000197046,0.5462765868093435,0.6512088187108067
ENSG00000152229,0.2177506618409898,0.1335100559140252
ENSG00000152234,0.5350844650725619,0.3580958285887662
ENSG00000152240,0.7718890427128221,0.6850276803593083
ENSG00000152223,0.7337288014636678,0.5561019770949958
ENSG00000101577,0.5617033393586155,0.42932582252436324
ENSG00000172175,0.5119132988188673,0.5542670442733899
ENSG00000166396,0.16887304073587078,0.13629455043866331
ENSG00000197632,0.577153389341273,0.4941468870455935
ENSG00000221887,0.18679658208480956,0.07651952816812238
ENSG00000166401,0.5501993276873738,0.8493493904933818
ENSG00000167315,0.41946131972984624,0.3856502657220394
ENSG00000154832,0.34642457156327877,0.29488988493615337
ENSG00000167306,0.5660758661564085,0.441711253381188
ENSG00000101624,0.5097863349346924,0.4068028360348017
ENSG00000128789,0.8475610690526372,0.5820021023783022
ENSG00000085415,0.8281125612563389,0.9474762492296039
ENSG00000101639,0.6350672339304515,0.32523766249169983
ENSG00000168675,0.3848574773978215,0.34302085747128286
ENSG00000079101,0.14537850244273445,0.1517427948151601
ENSG00000141655,0.38604110406518766,0.3799185417159443
ENSG00000141664,0.785316120367012,0.6207383310852259
ENSG00000255112,0.22477852216220892,0.3542214148462295
ENSG00000179981,0.7663864797454139,0.7586638172624838
ENSG00000141644,0.5029954872552033,0.3841848481448782
ENSG00000130856,0.9304374510885859,0.878394610947942
ENSG00000180011,0.764227038330495,0.5737019519900239
ENSG00000171853,0.5473798580742409,0.46609188480812414
ENSG00000182551,0.7365961214631676,0.8512246118128861
ENSG00000171865,0.4598524318268751,0.298320052490924
ENSG00000151353,0.28032382701276587,0.0882144987901377
ENSG00000171863,0.644546151105324,0.5213855670130292
ENSG00000163029,0.7791408330532363,0.7819110556128935
ENSG00000162981,0.397810908032722,0.5820020436278577
ENSG00000151693,0.9218518974767517,0.7316502521253265
ENSG00000084674,0.06575047866639883,0.04541077450723273
ENSG00000084754,0.8420712818661061,0.45910111306483725
ENSG00000143867,0.6764687884185865,0.5953460727524815
ENSG00000183891,0.5795410343312428,0.899298953823795
ENSG00000084710,0.4922551911383004,0.48769244329063566
ENSG00000196208,0.2186127540583685,0.22952179681230744
ENSG00000178295,0.7191034997304475,0.4571845255080703
ENSG00000163032,0.04058878661267507,0.11184680260624416
ENSG00000138061,0.0332018090958287,0.04865242425412935
ENSG00000118961,0.7180333317858942,0.9679385632157093
ENSG00000132031,3.094875394042842e-05,8.716041262091611e-05
ENSG00000118960,0.5755480217843233,0.35437876856163886
ENSG00000119778,0.47406204178843314,0.60275437941758
ENSG00000068784,0.7394825796528004,0.9674449541008416
ENSG00000162949,0.5886315307739608,0.6317706883211094
ENSG00000049323,0.1360778366083856,0.13182110263950333
ENSG00000214711,0.5784948317201497,0.8936739587527692
ENSG00000158125,0.18511256173928814,0.1931800234135816
ENSG00000171132,0.3461238335835123,0.33946341950250364
ENSG00000115808,0.9834532029836945,0.9548337462832411
ENSG00000115163,0.45653890799754226,0.3188358006843187
ENSG00000115380,0.007525288879682763,0.008379884395929679
ENSG00000013016,0.019918702612850895,0.017209834407156642
ENSG00000115421,0.9454744706310163,0.9071866939675184
ENSG00000138029,0.6663115280248815,0.555675393672931
ENSG00000171055,0.3823208365363864,0.37189928781821624
ENSG00000138079,0.3604133298271276,0.2623732576283246
ENSG00000196975,0.991613646653813,0.8051423239715151
ENSG00000143951,0.46243383099035607,0.339308523895971
ENSG00000115944,0.6423995501428119,0.6304160231043854
ENSG00000144040,0.45993501650980473,0.6618095540963219
ENSG00000075292,0.9537666467361672,0.9181087729670986
ENSG00000119787,0.5193067261611921,0.47911761342650305
ENSG00000275052,0.5345318111594679,0.44480881382844517
ENSG00000115464,0.85612798617442,0.9855387602292988
ENSG00000143971,0.38007391490402254,0.23963234378055612
ENSG00000213626,0.0009787686872527947,0.00352301000867143
ENSG00000243667,0.5824939043266149,0.5854495736458375
ENSG00000186854,0.594651258356817,0.8290597801941694
ENSG00000115363,0.36856191810888483,0.26210166546910657
ENSG00000143889,0.8995876905124194,0.9478814242699657
ENSG00000115946,0.7224628824080883,0.8837759082010836
ENSG00000138035,0.9664548131893669,0.7583168821777801
ENSG00000170577,0.4558152076180185,0.36421333989227145
ENSG00000138083,0.8834289201569467,0.9363858605659164
ENSG00000213699,0.40051987901975217,0.3048606456315715
ENSG00000115350,0.16110542377642437,0.1916544175662348
ENSG00000143954,0.7886303345069936,0.7974850963089387
ENSG00000115386,0.3205495265652005,0.2138084128571962
ENSG00000152147,0.5098676126886659,0.4055456627527282
ENSG00000115239,0.5943983103054535,0.5817547804770229
ENSG00000116016,0.12951040077578946,0.17517123199717397
ENSG00000143919,0.16520921990931794,0.26217532817592354
ENSG00000135631,0.6000261681522201,0.8889943656016066
ENSG00000176407,0.6205585536721931,0.5102021417438989
ENSG00000119866,0.4532148218553259,0.24924115757186857
ENSG00000034510,0.1820550346808679,0.4005879529859946
ENSG00000115364,0.9630809716776316,0.7246257974949399
ENSG00000124374,0.05628056970794495,0.04557313688690838
ENSG00000163586,0.3969390880432202,0.4491716554750569
ENSG00000121152,0.5032894999645605,0.32348337210665873
ENSG00000162878,0.5724549688263768,0.4927877142655315
ENSG00000172023,0.7838675583905802,0.9788829226611684
ENSG00000152284,0.12447381726203358,0.06997080892170007
ENSG00000159399,0.9324591021055458,0.5566410178205364
ENSG00000158089,0.46062520243004756,0.530927782246256
ENSG00000158435,0.959636947383557,0.9839015883049783
ENSG00000138032,0.3123795106359888,0.31235682458158687
ENSG00000135972,0.6499288042785198,0.605647120137495
ENSG00000119801,0.18621687874161194,0.15322000045443288
ENSG00000115616,0.9000093298506071,0.880748032220508
ENSG00000071082,0.12538175297431808,0.2611464420928483
ENSG00000075568,0.4186686238071424,0.4308343130349428
ENSG00000135974,0.47420698632989133,0.47172758944776283
ENSG00000163162,0.18613180226508913,0.2188961327066801
ENSG00000005436,0.8671655260703761,0.8987856025678572
ENSG00000068697,0.1579087019447589,0.20216793701253963
ENSG00000143995,0.6176027675279867,0.44611932280297895
ENSG00000172086,0.9313263962461196,0.6938834342488835
ENSG00000184731,0.6321764702462468,0.6595530024917118
ENSG00000115507,0.4098432005208885,0.34703188829583587
ENSG00000173960,0.3480551618969199,0.42529995155612743
ENSG00000163235,0.9158956861953184,0.7539941868022821
ENSG00000115875,0.9554731962444479,0.7584936858099383
ENSG00000163121,0.6035394669320755,0.6809802689276659
ENSG00000173557,0.6205119246374852,0.6485912001227242
ENSG00000135638,0.055721605386409946,0.04125607388935339
ENSG00000162869,0.9360350336997436,0.8324550137803509
ENSG00000135953,0.79485461591561,0.8176453949016952
ENSG00000125538,0.47961673837384844,0.7717228367681038
ENSG00000150938,0.06539400478565452,0.08793619155562764
ENSG00000163541,0.7283814179590437,0.5714096721759372
ENSG00000243466,0.31157713746951676,0.5405681738795461
ENSG00000143924,0.6472321236170946,0.9677419412735814
ENSG00000172985,0.08118344781085089,0.0918702393005539
ENSG00000144021,0.5218559411699039,0.7658879923092978
ENSG00000170417,0.8283069967034297,0.7939108085097334
ENSG00000143891,0.7225746727715908,0.8390106693884665
ENSG00000150551,0.049449588470410415,0.16335379348422568
ENSG00000211599,0.7327992858517859,0.8202930664755381
ENSG00000158050,0.9570269584071431,0.8212785754044183
ENSG00000115091,0.6416212708664673,0.8909203527259981
ENSG00000088205,0.6343825429537793,0.9616445628026056
ENSG00000115593,0.40166355614949056,0.25944401821600055
ENSG00000240857,0.49190522965917416,0.2715300457281662
ENSG00000186132,0.3896331766592095,0.23167233997180453
ENSG00000116096,0.24845894766623833,0.20582754681205528
ENSG00000091436,0.6545996173629638,0.48918286413259204
ENSG00000136720,0.5700453847741662,0.7267240649965384
ENSG00000226479,0.6062687640334096,0.6224941877456871
ENSG00000198142,0.5365922970798354,0.514124963168709
ENSG00000071051,0.6525085259932824,0.4692277711124263
ENSG00000071073,0.6298973223476001,0.5140486673311375
ENSG00000170485,0.8937706926529131,0.6166960159442609
ENSG00000115641,0.5305288746036955,0.6016521309518625
ENSG00000088179,0.3056604424378392,0.5524357603300328
ENSG00000144028,0.7216986781408468,0.5107749014296882
ENSG00000136718,0.7014113763791152,0.9240754045459789
ENSG00000162989,0.8746427833579042,0.7220432289553538
ENSG00000144120,0.620115537967745,0.7776563361312004
ENSG00000128708,0.24075856376417376,0.1371996131563945
ENSG00000072135,0.5440301783606665,0.6571501743843482
ENSG00000115896,0.008296425471164978,0.01855475450129042
ENSG00000135966,0.9229436555952639,0.9849190335635816
ENSG00000081320,0.78279073946029,0.8953761873041708
ENSG00000152127,0.22557305070059097,0.16532332075488068
ENSG00000116120,0.3670011943891388,0.4863436684281589
ENSG00000150540,0.2615574241269263,0.3271116089554661
ENSG00000187957,0.49631840300863117,0.8846301353677657
ENSG00000076003,0.9674400197654985,0.7905779458667307
ENSG00000198612,0.08260813868404382,0.1409537891878132
ENSG00000163075,0.14714831273466583,0.10426323333762744
ENSG00000091428,0.10275117291416913,0.13799983268743113
ENSG00000186522,0.28033399704674355,0.3346810790867311
ENSG00000172878,0.05323535891323631,0.03112649686894685
ENSG00000114948,0.1001826923225387,0.07855138093515136
ENSG00000144228,0.32866954887082217,0.5798167462104412
ENSG00000136542,0.3416304378498567,0.5025923890828976
ENSG00000152128,0.809204010927604,0.889032439525317
ENSG00000248672,0.933755585483184,0.7306309345486688
ENSG00000163510,0.9973882831750163,0.6392692331234575
ENSG00000138411,0.03342497423129018,0.04403925850893361
ENSG00000198369,0.24395725061711226,0.38763815125038514
ENSG00000162944,0.13491750677765396,0.17943745326034943
ENSG00000163083,0.7256899976784621,0.42146685113850113
ENSG00000144320,0.8602505037160776,0.7728140757562181
ENSG00000144331,0.8450373166106071,0.983432007185677
ENSG00000144118,0.7263382264089093,0.5856743360546517
ENSG00000188042,0.31018797261023184,0.3928905150007437
ENSG00000135632,0.771405337449489,0.9663151068046235
ENSG00000135960,0.20351550639464633,0.17854737797442322
ENSG00000163600,0.2748340990495643,0.13174271078079694
ENSG00000138376,0.2488923310489223,0.20339214671080807
ENSG00000170035,0.10272103053868327,0.22718998140364713
ENSG00000054219,0.7511502712150064,0.8867349524254668
ENSG00000115425,0.6747141865596071,0.6542509763380306
ENSG00000124019,0.10287989210326424,0.10680497491711972
ENSG00000138434,0.4613937446389297,0.8259255780484247
ENSG00000115020,0.9342431823079544,0.7873047607316683
ENSG00000115109,0.38556333657982533,0.4302399052080744
ENSG00000136732,0.18812852572854669,0.17585941237019126
ENSG00000154252,0.36735257100774255,0.4311524884734115
ENSG00000115221,0.07846002897354266,0.2512115137704402
ENSG00000153107,0.857726233940435,0.9855752877887826
ENSG00000115539,0.6411668207879982,0.41617822969965124
ENSG00000163082,0.09922149758409579,0.025813474306434003
ENSG00000233608,0.11473171131707297,0.09370824617112804
ENSG00000196872,0.9364758087506665,0.9149088926678806
ENSG00000115183,0.8263646428072708,0.6572674817645061
ENSG00000115107,0.8077666433641534,0.8167246977874543
ENSG00000153246,0.003464144173187161,0.01651714891801331
ENSG00000144452,0.7726288723580745,0.5638761265155271
ENSG00000114933,0.5701483456216908,0.6056402781092969
ENSG00000118246,0.8953148122204806,0.7539933894414742
ENSG00000079246,0.8866830509692629,0.7406933921775932
ENSG00000115165,0.9626406022825255,0.9115302396366183
ENSG00000136560,0.6562207360553509,0.8061082919433948
ENSG00000169629,0.94356236703205,0.9376386078131624
ENSG00000064989,0.08739912665664569,0.15528698405498548
ENSG00000065413,0.4198979801682402,0.6049283758998751
ENSG00000233999,0.6365218624029132,0.766524867290401
ENSG00000187699,0.5042772550170469,0.6391182589009823
ENSG00000115233,0.7928728246758037,0.7121955870464637
ENSG00000130147,0.12149004196847289,0.13940594445706045
ENSG00000135916,0.32101043235435045,0.5989225045708415
ENSG00000198586,0.5637060082337825,0.2891972237602095
ENSG00000122085,0.8269292890447297,0.8682805905574305
ENSG00000196950,0.45145744960293077,0.9518214733795357
ENSG00000003436,0.017816778052001568,0.03492492935375031
ENSG00000183840,0.4763040565488267,0.7740698783794233
ENSG00000176720,0.5373814144883735,0.6611159735123309
ENSG00000136710,0.4550217343579268,0.3359304898207529
ENSG00000115840,0.48319292170517225,0.6258928371809782
ENSG00000079156,0.4314552642690088,0.5914226921929895
ENSG00000136731,0.4861639631977066,0.8981297173166993
ENSG00000135617,0.5247623027852598,0.3436932848418648
ENSG00000144476,0.013005282563054438,0.01864835444801041
ENSG00000168393,0.9682906767869176,0.7494877167095431
ENSG00000241399,0.04211906837714074,0.027102931905470015
ENSG00000144445,0.29553202536443246,0.30664782066189894
ENSG00000221823,0.4891935046665641,0.48434879495170835
ENSG00000184898,0.5510432059715047,0.5044497985337595
ENSG00000067066,0.6194375199284418,0.8343148273147019
ENSG00000118242,0.14447529672969664,0.13966881457010488
ENSG00000186889,0.29788806620885616,0.16582059361490073
ENSG00000196141,0.20651079868133923,0.3845849213925119
ENSG00000178385,0.8656602421515014,0.9234699746981953
ENSG00000168918,0.518139869035003,0.3923863345365519
ENSG00000115084,0.6206629317252577,0.8031279510262145
ENSG00000170340,0.7531526331429885,0.7509552871893992
ENSG00000115685,0.6333672728364586,0.6717320316305854
ENSG00000125633,0.45080937331162985,0.2892680977204334
ENSG00000128654,0.6236560721736657,0.5929441661181422
ENSG00000115368,0.6428968392582057,0.48128700774291966
ENSG00000006607,0.932959090760984,0.9837372067624198
ENSG00000170745,0.08174688170734871,0.2682260556235402
ENSG00000168754,0.7312740177919652,0.5936136767257945
ENSG00000162804,0.37361224149524874,0.4529962782207356
ENSG00000180902,0.1728403869631358,0.13423205949734013
ENSG00000171227,0.06886254046082725,0.07278179580828299
ENSG00000136536,0.6341122210441892,0.7494132527434358
ENSG00000204262,0.007226354085872983,0.01718010897148037
ENSG00000115694,0.8686027274631883,0.9546239681308047
ENSG00000168397,0.46913964129661045,0.4096280195368517
ENSG00000128641,0.22145530726948084,0.3248864434494089
ENSG00000168385,0.28651690972047117,0.4065531186564161
ENSG00000162975,0.14309458995516677,0.10521427629472432
ENSG00000162976,0.9565665490448827,0.8968727919034147
ENSG00000169016,0.3418680103522027,0.42756459846794037
ENSG00000115159,0.9981792482419202,0.8156850582739201
ENSG00000138386,0.22380511347087115,0.14198546549020782
ENSG00000138378,0.8662922566221645,0.9087566941723263
ENSG00000250565,0.5140423270944631,0.6311934691637686
ENSG00000119729,0.09197454264851913,0.08269345040868825
ENSG00000151665,0.7693995070041209,0.5457626755909148
ENSG00000119878,0.7705714627526399,0.5836495844608419
ENSG00000167165,0.8004963992078534,0.7150634102106351
ENSG00000241635,0.9887228784580607,0.8017153337462808
ENSG00000123485,0.43183415261813085,0.2989349835856807
ENSG00000152102,0.7693322809077261,0.9699921080511617
ENSG00000008869,0.5521216831373773,0.49849943745880654
ENSG00000218739,0.27323136254487146,0.3878488654099196
ENSG00000115816,0.5126330028631547,0.25301970382130373
ENSG00000003509,0.26668370646316686,0.2504035288750903
ENSG00000115825,0.177841506647721,0.2982799975413337
ENSG00000115828,0.2994349923757113,0.47388325090807726
ENSG00000163171,0.08870280422100103,0.06891030271257446
ENSG00000173166,0.955590795354354,0.7790591357110098
ENSG00000005448,0.17736300658833326,0.356649801493527
ENSG00000115274,0.23653446293561797,0.397965750823444
ENSG00000239779,0.14675151736247005,0.1495717036729606
ENSG00000204822,0.11060870391059725,0.1332422997263585
ENSG00000135637,0.47852406439269635,0.48573559830689217
ENSG00000115282,0.6751533318731624,0.7338827645181227
ENSG00000115289,0.7794559545985572,0.6261799855603702
ENSG00000144045,0.24883304393602573,0.3688639406091687
ENSG00000115307,0.5698279931210437,0.6153019625518931
ENSG00000138363,0.59321179823117,0.36486177888976057
ENSG00000152253,0.6396725471428373,0.5287806218002447
ENSG00000168542,0.014010154249639436,0.030078582842262253
ENSG00000132300,0.0857121818480652,0.06640894784438724
ENSG00000132313,0.5485835067451952,0.25972831787127676
ENSG00000115548,0.8860190582106091,0.7180798183213716
ENSG00000132330,0.44526641141918577,0.5111868052779043
ENSG00000178752,0.5452663661770814,0.8903184911986316
ENSG00000132323,0.7139360609323941,0.6580985328354276
ENSG00000144485,0.2178285549380735,0.23389257544840522
ENSG00000204104,0.7604936116352196,0.7426494967692707
ENSG00000156973,0.17359864557685395,0.2610598903702544
ENSG00000144535,0.5236247538200265,0.5079074430713819
ENSG00000163283,0.8162970137571405,0.6684417640854696
ENSG00000163286,0.6665342020449576,0.4810364947327328
ENSG00000163295,0.6055334273867732,0.678834860711178
ENSG00000171551,0.5025593365034728,0.7247960626151394
ENSG00000237412,0.03405839198530277,0.03123563601952202
ENSG00000143952,0.3317222146857426,0.23785607539394665
ENSG00000197329,0.9709067040726486,0.9022750065977676
ENSG00000173272,0.7113895670360977,0.6755464510281941
ENSG00000136002,0.12365104350053302,0.2719988750010659
ENSG00000163331,0.8823983965851735,0.749567820473686
ENSG00000115841,0.11180816542663119,0.0955291649274607
ENSG00000138078,0.6789419818548327,0.8448019803938549
ENSG00000144199,0.2986056421316096,0.24662992086333244
ENSG00000152256,0.45231954362626026,0.2746427190391145
ENSG00000080293,0.24902296626519244,0.14769604326707908
ENSG00000138449,0.8823938729361809,0.6689027977185877
ENSG00000115687,0.09936901585477567,0.09674354899938865
ENSG00000144036,0.135724284265641,0.14867007846861174
ENSG00000135956,0.800773039947501,0.9308758417074213
ENSG00000168395,0.612060625782618,0.5148812005928691
ENSG00000204128,0.4364393740742971,0.4957664271059824
ENSG00000135914,0.1383636032917906,0.16358204815793947
ENSG00000156966,0.4858858236642024,0.6828435607360812
ENSG00000171596,0.19190965381134265,0.21212862372139404
ENSG00000142327,0.7027563045128996,0.6970731978685618
ENSG00000142330,0.411396125809935,0.47324938569543595
ENSG00000172478,0.5037165604188922,0.7200212779200581
ENSG00000135925,0.7794179739187731,0.5799250536938894
ENSG00000171450,0.729871676503387,0.6975945032485459
ENSG00000163497,0.6230228630057804,0.6868522938891706
ENSG00000163499,0.523081916244774,0.23126392930833684
ENSG00000163501,0.7854368885256319,0.6149717241479862
ENSG00000213901,0.8065140927625462,0.985010229726463
ENSG00000115649,0.5160389534440215,0.7270836495490345
ENSG00000144567,0.619438495432908,0.8091494521292353
ENSG00000158552,0.45641986731999407,0.717170656047098
ENSG00000115657,0.9693112339862401,0.8077907257194896
ENSG00000198925,0.7690501553185957,0.8652628529894587
ENSG00000163516,0.1739559582929062,0.201573382342002
ENSG00000163521,0.28726014906777503,0.24897349768226393
ENSG00000115661,0.9479619354257917,0.8061169625092384
ENSG00000054356,0.5649489732874955,0.5873560869746162
ENSG00000119147,0.36798096348984655,0.3282776048720245
ENSG00000115652,0.1208936399197839,0.1725797440404883
ENSG00000152082,0.5123440978356135,0.6376019407236055
ENSG00000188542,0.3321714690227104,0.303825965794263
ENSG00000162961,0.5257990748009086,0.4206902804778291
ENSG00000152683,0.8498777411321473,0.8274858989031568
ENSG00000153832,0.6481034305806334,0.5922677573065829
ENSG00000163053,0.7383669133121451,0.8645691057016887
ENSG00000135917,0.6047810038373815,0.6901629164545775
ENSG00000115009,0.6960317984484028,0.9673049204666824
ENSG00000074047,0.17001653045216866,0.2742850429672997
ENSG00000079263,0.9054990777350397,0.9706064825882262
ENSG00000134324,0.4378856383233123,0.6200854699988796
ENSG00000162994,0.4358327445343775,0.6105059279484834
ENSG00000085760,0.30386979095578515,0.28446622540827493
ENSG00000014641,0.48265164466999755,0.5808408201014301
ENSG00000144034,0.6057707070534823,0.5788752915634598
ENSG00000115234,0.6689839975714801,0.6141961103731162
ENSG00000163795,0.7255083090805157,0.978446595936267
ENSG00000115241,0.6452575496822786,0.48530060889174387
ENSG00000115216,0.23637037944115666,0.19174190446682277
ENSG00000157992,0.28976654514057143,0.3376969317979083
ENSG00000115226,0.03547331813157637,0.0122118723223793
ENSG00000138002,0.9286356766925851,0.8652579510970991
ENSG00000155438,0.9525879563556577,0.9834557269538198
ENSG00000211460,0.5684011005961002,0.7928869137921375
ENSG00000121989,0.5229174820977175,0.7383193893651292
ENSG00000115947,0.7892842147058897,0.9496619778839899
ENSG00000204406,0.9385113563944517,0.9336634621480702
ENSG00000015568,0.7174794630464949,0.8514968688933393
ENSG00000144063,0.37013197060757697,0.4672229396751115
ENSG00000144061,0.13547897112627894,0.14668308940245636
ENSG00000172954,0.8373127893588512,0.7296952310720088
ENSG00000163072,0.9011188746730048,0.8341833160108496
ENSG00000196151,0.40051985411984814,0.2148359457753845
ENSG00000115504,0.17531753005587286,0.3045519401970683
ENSG00000028116,0.3950518148433586,0.4022778293285848
ENSG00000243244,0.07851398817075506,0.07810698802542017
ENSG00000136541,0.4438343723951229,0.44168617694637535
ENSG00000172292,0.20018725645963684,0.35553413463611605
ENSG00000184182,0.15403221434778674,0.2346885257595335
ENSG00000077380,0.8500021228177469,0.9752887826213565
ENSG00000057935,0.49768297402945527,0.37827827447829765
ENSG00000138413,0.7166542287782602,0.45043850492814697
ENSG00000032389,0.5667019226729189,0.6351107525145536
ENSG00000221944,0.9903610794486073,0.8960148964497956
ENSG00000163001,0.7247529122793308,0.6961835446648497
ENSG00000119041,0.6277653415058416,0.7787552700992713
ENSG00000197121,0.4090123289353349,0.36818089008319066
ENSG00000115594,0.13386845785279888,0.2059255374089521
ENSG00000115598,0.09588443709435523,0.16046275637547147
ENSG00000115602,0.14343732194301229,0.31186391591789653
ENSG00000180251,0.636811074900985,0.7020583187788321
ENSG00000144182,0.7201059706523223,0.7026412473831142
ENSG00000158411,0.8564387852963742,0.8915051160316173
ENSG00000185414,0.2701432127508066,0.28413397561292864
ENSG00000144214,0.654404084718768,0.48269634097069114
ENSG00000115514,0.024083990747325933,0.06821209838563752
ENSG00000178074,0.13616141247229346,0.10125631990830485
ENSG00000162971,0.9659874493060696,0.8444394269335225
ENSG00000115112,0.5999214739035608,0.5611695177369733
ENSG00000115524,0.914751899979719,0.4938719848149412
ENSG00000115541,0.9779736675354923,0.7373019791980984
ENSG00000270757,0.25163877121438377,0.18509639381327841
ENSG00000115540,0.4985442200672974,0.6994761517931315
ENSG00000144362,0.8028594413810702,0.9803404945491839
ENSG00000213160,0.9281128174108702,0.7095282770397482
ENSG00000138385,0.913157911836042,0.8916041872667373
ENSG00000138382,0.7235903013790277,0.738680510968295
ENSG00000144381,0.847839905664739,0.6054184133232481
ENSG00000144357,0.9606530652812298,0.7494105039380163
ENSG00000115263,0.059841346740539,0.07569030590133193
ENSG00000196659,0.6933496262409726,0.594796869672294
ENSG00000197557,0.3100811870663741,0.2724466706940281
ENSG00000197635,0.20329101513182374,0.22177481300199758
ENSG00000079785,0.29274475082718704,0.4361590949982347
ENSG00000115053,0.4801084796377145,0.40503451604318375
ENSG00000172428,0.6486431708070348,0.8299019528915419
ENSG00000130414,0.5635829117599129,0.3987234760491839
ENSG00000180228,0.6437009156244295,0.6065510488578202
ENSG00000116095,0.7908104777239408,0.8215450012362996
ENSG00000143977,0.7601678293700529,0.9019051535380567
ENSG00000173692,0.41476229699811984,0.20967213226437673
ENSG00000163093,0.9528240684596837,0.959690507389098
ENSG00000138399,0.13695890385785953,0.12281009233497374
ENSG00000138398,0.4735075631803026,0.4487821646523573
ENSG00000115750,0.4158500628849874,0.4101598845123796
ENSG00000134317,0.9770096784032869,0.8151628781011169
ENSG00000172059,0.5159248828014471,0.38088315414866936
ENSG00000171848,0.3290898340415922,0.19223759854649317
ENSG00000115756,0.5267745129987496,0.5386860855131361
ENSG00000072195,0.3697328655779203,0.38880028912261755
ENSG00000124006,0.06348410845892628,0.07286918269393886
ENSG00000123999,0.02315490498466429,0.07099870741726172
ENSG00000144589,0.20957490273208781,0.18641227979772254
ENSG00000114923,0.558466908268218,0.6208050018345548
ENSG00000115884,0.6415291160337925,0.7532064439995176
ENSG00000143878,0.33848094431322606,0.2938883877754676
ENSG00000138430,0.4254168773798638,0.3570609440853685
ENSG00000138433,0.7048598375531957,0.6513696185921327
ENSG00000144306,0.870090876428467,0.8920398168947701
ENSG00000204120,0.49757812764292164,0.4428005778156773
ENSG00000066248,0.365797022599071,0.258374944548497
ENSG00000162980,0.8497164347957471,0.9994556360538154
ENSG00000163214,0.8633513536818731,0.964115231915301
ENSG00000163170,0.6348606282921666,0.44474556436987245
ENSG00000114978,0.40880558042329584,0.2528082536557531
ENSG00000065911,0.5732711004395281,0.3426968726121886
ENSG00000135913,0.7835019030196676,0.6361415440671369
ENSG00000144580,0.16407665661004947,0.1045894048913905
ENSG00000074582,0.6640951516838753,0.6594388777885961
ENSG00000163481,0.635882030413836,0.7251385596157394
ENSG00000163482,0.7348194116414517,0.6921796313690801
ENSG00000135912,0.5755341406076923,0.5898447809262068
ENSG00000135929,0.2638817004760973,0.11045604923498217
ENSG00000169599,0.8395409442208189,0.7765173769962753
ENSG00000115568,0.2911490059672405,0.25063790375710004
ENSG00000188760,0.43629450266769676,0.4679184614240748
ENSG00000198885,0.47429343317801975,0.4326871179803744
ENSG00000163040,0.044021917805776876,0.02944398774310488
ENSG00000204634,0.1376951634252952,0.2733566684665665
ENSG00000163013,0.6885950055981839,0.4255930915038276
ENSG00000154518,0.8668534440904146,0.8078545325672666
ENSG00000187514,0.26981140491597927,0.3324274058231236
ENSG00000118257,0.05176137773721831,0.07384147874425953
ENSG00000123992,0.2739003494126745,0.22807174342688424
ENSG00000185404,0.2832029940664261,0.17274230005596697
ENSG00000273045,0.22900614960270707,0.1482034419707775
ENSG00000163328,0.6674691628854215,0.7693998518959477
ENSG00000197223,0.3406947204746624,0.395547715187504
ENSG00000115414,0.015797742402227727,0.009449971198679042
ENSG00000169679,0.7654148864100649,0.4857444371745817
ENSG00000153094,0.5843296923452875,0.6193627566810196
ENSG00000118965,0.13014705817266378,0.17738749630158415
ENSG00000183607,0.707489916710454,0.6849606576763486
ENSG00000169605,0.5707553549509614,0.557507529189913
ENSG00000169604,0.010411272029504235,0.023201182435655852
ENSG00000172016,0.6504653858364378,0.620954153114753
ENSG00000115271,0.3549813687543566,0.42668442441201415
ENSG00000055332,0.9727729809963558,0.7772951718515715
ENSG00000077232,0.7261010718770189,0.33060443933288053
ENSG00000134321,0.245284270556533,0.42268380148344464
ENSG00000151692,0.003864824115519744,0.015710025867283706
ENSG00000162929,0.5099169524912218,0.5007399991189174
ENSG00000123609,0.5058936771029366,0.42197217433572454
ENSG00000123610,0.10795549884734425,0.12978841095808213
ENSG00000080345,0.9542275749750379,0.6115153887551774
ENSG00000197872,0.11114663119861118,0.14967556182715508
ENSG00000196843,0.33447405205564124,0.49658765816897255
ENSG00000114982,0.805836540153481,0.7997977693388215
ENSG00000114988,0.19709269101565474,0.23358409179392187
ENSG00000158158,0.7605791175543017,0.5257435702446338
ENSG00000168763,0.8888996706340723,0.9216902650059895
ENSG00000213337,0.48387635113881633,0.33483415144950246
ENSG00000168758,0.1718994752395769,0.24482545615904533
ENSG00000132329,0.002986743152305473,0.002587850694225413
ENSG00000123983,0.5989695496061478,0.8468771513042422
ENSG00000115318,0.10455309877196525,0.16422906597644024
ENSG00000204843,0.5554154150567571,0.5134997732265281
ENSG00000082898,0.5251551869256681,0.3565846035037885
ENSG00000115339,0.6951681404286205,0.7269758691512158
ENSG00000123607,0.9914642602981171,0.8701477821159961
ENSG00000115993,0.8241655620418509,0.7115797338906285
ENSG00000082146,0.8751412776445138,0.5735154744992068
ENSG00000003393,0.6763919216723278,0.74818470248919
ENSG00000018510,0.42797166258649977,0.7084470574561599
ENSG00000138092,0.7060598008454608,0.5376259342753121
ENSG00000115137,0.6601413390196278,0.6791304355822392
ENSG00000138031,0.7212908753008653,0.5100750033549197
ENSG00000136709,0.45172724632841055,0.650930834484573
ENSG00000144231,0.9930196797359213,0.8980280987175929
ENSG00000136715,0.8414803484950025,0.9354817492447712
ENSG00000125637,0.05785454526856749,0.05121743157584662
ENSG00000231292,0.4123941604696546,0.6499727089490297
ENSG00000143947,0.9462404647400227,0.7019511418338946
ENSG00000198203,0.873114648164311,0.7844966011403134
ENSG00000198075,0.1468280523038883,0.10717318944484483
ENSG00000135945,0.5180549431044494,0.7247671116569203
ENSG00000173559,0.41480676408511064,0.3500140992273524
ENSG00000168497,0.2169771199215149,0.1690572840092111
ENSG00000163017,0.2698445802204558,0.1935092205262175
ENSG00000114956,0.8885340051429962,0.8665510559953387
ENSG00000187605,0.9982205624890392,0.8987464232510005
ENSG00000198380,0.3767587053247876,0.26172095528517136
ENSG00000135999,0.35060105245679485,0.5138162815973697
ENSG00000150556,0.9734882809381568,0.5760984269241328
ENSG00000187123,0.7779479316315163,0.49449273116176284
ENSG00000168288,0.7936107697654837,0.9866613606330097
ENSG00000175701,0.8141871605182539,0.7887812703254675
ENSG00000144115,0.3510899445519664,0.4996053391779146
ENSG00000176204,0.6453559009776275,0.5879750743034354
ENSG00000115963,0.5568692212576183,0.7426100780352463
ENSG00000155760,0.014387517496232514,0.024077154632887978
ENSG00000115970,0.496247039507012,0.5605613767916523
ENSG00000115604,0.709776285206076,0.5560702216380878
ENSG00000019169,0.67089314248969,0.731434456253925
ENSG00000184924,0.7827200359286142,0.6350905425058924
ENSG00000162959,0.8913510410284313,0.898229940117593
ENSG00000084090,0.7377295242217303,0.6466854363844885
ENSG00000003137,0.5226645728733019,0.8724311390144857
ENSG00000134326,0.5974023135789577,0.5806030919046751
ENSG00000115942,0.6260265478888263,0.7022814030772685
ENSG00000119013,0.6085680752297469,0.5671408782034268
ENSG00000152527,0.06504996942896624,0.09391745011636625
ENSG00000138036,0.7176901655463186,0.42370702385714043
ENSG00000143921,0.2506603893647971,0.2518773843429624
ENSG00000138380,0.7849743927900995,0.7806694716458313
ENSG00000138095,0.6047906274668902,0.6380482849257981
ENSG00000068654,0.20488538601559717,0.12818162525348015
ENSG00000115232,0.29012800950213563,0.5687056339390373
ENSG00000153574,0.9144234859856707,0.6823150166516896
ENSG00000211592,0.4810946928422952,0.7702267621837067
ENSG00000211593,0.04021322216108603,0.05484206126875837
ENSG00000211594,0.5442654617482582,0.7837821931610125
ENSG00000211595,0.346173244253811,0.3960078422253226
ENSG00000211596,0.47215973990590265,0.7039358736356288
ENSG00000211597,0.25118891979431596,0.3959436978791535
ENSG00000211598,0.989311734063644,0.6531556641431167
ENSG00000087338,0.09880670121768237,0.07153168531258129
ENSG00000124380,0.895308613558238,0.6183854337011645
ENSG00000059728,0.9800242510414239,0.7904829308780984
ENSG00000169564,0.9174224767338576,0.8989885154238348
ENSG00000115998,0.5387968401527282,0.39043194244984614
ENSG00000115827,0.8285681196465541,0.6816734236524066
ENSG00000071967,0.10832084957457773,0.15104300651238944
ENSG00000237651,0.11738849826286271,0.14404399068938956
ENSG00000124356,0.8525649514132083,0.6442635031023596
ENSG00000123612,0.9608455875947326,0.8609137040861428
ENSG00000115170,0.20424212435684758,0.22966411344717436
ENSG00000128710,0.6591700846520133,0.807821564127147
ENSG00000128709,0.3369815857865129,0.34864817617376664
ENSG00000175879,0.07631673377275532,0.06518392298852349
ENSG00000158417,0.9195632545940948,0.9674614797615799
ENSG00000144218,0.47307270239279653,0.49502224698854447
ENSG00000115526,0.04778524631940878,0.03466071422388903
ENSG00000127824,0.6337186997973359,0.7175725825105554
ENSG00000135924,0.6018222629537233,0.8458746918322555
ENSG00000138381,0.6853555299839,0.9196637068862779
ENSG00000286053,0.5903610618149757,0.4238685443087129
ENSG00000128694,0.8228025005171586,0.8533076759818246
ENSG00000128699,0.9504142860343224,0.5821480308560192
ENSG00000144224,0.8118954984599347,0.6347960570658747
ENSG00000048991,0.6377362089762947,0.44832129757745776
ENSG00000169047,0.09421635842364207,0.19356196175202192
ENSG00000144468,0.6147380356670042,0.6483967257453211
ENSG00000168955,0.4885118205768185,0.5355640210095733
ENSG00000173744,0.9444538703235421,0.861703441681979
ENSG00000143970,0.5896536629847855,0.4287547576375199
ENSG00000084731,0.08622227873258838,0.055826937203495616
ENSG00000084733,0.714630258095598,0.9917823453993291
ENSG00000157833,0.5419991473923493,0.5905363499789522
ENSG00000135931,0.1534460273314625,0.29530428142513127
ENSG00000115138,0.3996654325210065,0.40099182871341954
ENSG00000081052,0.3844348855043508,0.7285865339072843
ENSG00000188389,0.02514576844264415,0.019051458627396746
ENSG00000163359,0.03888814163302738,0.06773304573727781
ENSG00000175084,0.30859753449801236,0.32177640002656777
ENSG00000138081,0.9626707982463901,0.7082809187106838
ENSG00000172071,0.6987607004821017,0.48580681479021115
ENSG00000162992,0.8138726745830156,0.8284873332540732
ENSG00000144591,0.1956437389183772,0.1043862370214253
ENSG00000172845,0.7416077617055622,0.5006847695972056
ENSG00000115677,0.15130324395823205,0.19568208800654327
ENSG00000030419,0.6362999504671869,0.6307407789110038
ENSG00000071575,0.4106391714880442,0.38967483205217524
ENSG00000239855,0.13719356399241198,0.3005042924999151
ENSG00000243063,0.2374332626277344,0.396818847723596
ENSG00000240671,0.22504429608117077,0.5430418701422968
ENSG00000241755,0.3878721994674914,0.7636649288349938
ENSG00000241351,0.24265863762726975,0.46066775698239193
ENSG00000243290,0.39241084404172244,0.4869029904632072
ENSG00000244437,0.41871320279979096,0.6660949069971303
ENSG00000240864,0.8118343788462326,0.7263070964538985
ENSG00000240382,0.9227229751398137,0.9224201811040327
ENSG00000239951,0.5310005570637941,0.6987000809749694
ENSG00000211611,0.7408943094616159,0.32795747819917714
ENSG00000241294,0.890385187953631,0.6577569506983963
ENSG00000244575,0.2961085230635219,0.6393046691385886
ENSG00000244116,0.5581367054294153,0.9677687048825876
ENSG00000243238,0.8913372105101603,0.878885366173539
ENSG00000242076,0.37373665448128846,0.6378620305109255
ENSG00000239862,0.42898277536428586,0.33354365966615757
ENSG00000242371,0.8018121559819085,0.9858362068545895
ENSG00000273962,0.29699014518813743,0.5142017970323491
ENSG00000251039,0.293311526024798,0.4792513278375845
ENSG00000251546,0.3495060469700869,0.5263261052674728
ENSG00000250036,0.6309247964989464,0.5277996748311782
ENSG00000239975,0.5958555190308514,0.5241348234984885
ENSG00000239571,0.20530557275090033,0.12224608967833599
ENSG00000243264,0.9644760535298271,0.5878075163287262
ENSG00000242534,0.9472076236643756,0.7562131544240525
ENSG00000241566,0.6517744832879852,0.7590702079896998
ENSG00000225523,0.7652617309729675,0.8676437936737376
ENSG00000211625,0.33028565581181185,0.5734544869726022
ENSG00000242766,0.28953942041150116,0.3312719645178083
ENSG00000241244,0.5616538776270196,0.6479131077068907
ENSG00000224041,0.26250177854465595,0.5016931915369284
ENSG00000276566,0.28566106073414604,0.5635447233733006
ENSG00000278857,0.6708238395008358,0.5879429892501566
ENSG00000211632,0.7474053628323134,0.9537969960550784
ENSG00000211633,0.22507127338135782,0.4825987409371697
ENSG00000242580,0.39458533079847646,0.4761992428776144
ENSG00000239819,0.7763061096816384,0.5387481804860241
ENSG00000228325,0.5004648350775585,0.4301613869421983
ENSG00000144426,0.8547127674839041,0.8444857929793486
ENSG00000123600,0.23743558250547464,0.3750187756782508
ENSG00000169967,0.8577013970205555,0.8680651677402077
ENSG00000144134,0.3820524900451927,0.5701803180199685
ENSG00000084676,0.30549023866791974,0.2730391978242057
ENSG00000284308,0.8614811506151584,0.9121929421341449
ENSG00000155744,0.3280588524020341,0.2790866934739278
ENSG00000115718,0.018594663309456413,0.016351043803187602
ENSG00000072163,0.10982489249033492,0.07894184527913044
ENSG00000116127,0.8726416146988143,0.8287629322054924
ENSG00000068024,0.805699654840714,0.9436817067761487
ENSG00000115738,0.2286558577267376,0.32876469808846825
ENSG00000143797,0.79863012782524,0.9486431335824131
ENSG00000152049,0.038327437018773766,0.06055099635056527
ENSG00000134313,0.4148829656889905,0.4296035929498625
ENSG00000119820,0.7434545517660192,0.4798467798126129
ENSG00000018699,0.3726737294687995,0.44935167075173243
ENSG00000085978,0.5127532386793096,0.46089427441507225
ENSG00000077044,0.45262335360499495,0.35180398463393003
ENSG00000183091,0.4139022652819083,0.6354441732357592
ENSG00000115275,0.7968395085025788,0.8862264585864137
ENSG00000115590,0.932286859762554,0.8217163831328014
ENSG00000138442,0.08649684828143693,0.08268995823417287
ENSG00000116030,0.4621408588245688,0.49745455222564994
ENSG00000055044,0.29006875188197784,0.17539385414864758
ENSG00000204217,0.13730521616411928,0.25456753252534325
ENSG00000138439,0.3335047083190048,0.2522525883855748
ENSG00000243943,0.4211388779414691,0.4672182879055897
ENSG00000176714,0.8887659645457672,0.5962707819854479
ENSG00000198522,0.8324712387119707,0.9995373459101407
ENSG00000119760,0.9864365240137218,0.7570151070001419
ENSG00000011566,0.19494047914017865,0.3745295156057611
ENSG00000132305,0.3176933781265142,0.18805980005572817
ENSG00000013441,0.03562875160413145,0.12286802488982827
ENSG00000135932,0.5153092930708656,0.6989836831513021
ENSG00000115966,0.4299347460389118,0.6664789651530776
ENSG00000196290,0.9737136099780329,0.8240772140896087
ENSG00000119004,0.44451499077952983,0.5060188406098775
ENSG00000176946,0.7305068315030281,0.6602528715079063
ENSG00000064933,0.7998932036631771,0.5862018329570784
ENSG00000135976,0.10648770854455522,0.12563022603385332
ENSG00000003402,0.6759041829158525,0.5304661093957738
ENSG00000153250,0.017665934895260704,0.05177005951856865
ENSG00000123636,0.9993654175674506,0.981806530615962
ENSG00000125629,0.8396484827860785,0.9649781493785174
ENSG00000138018,0.9472342373334688,0.7461717097452183
ENSG00000136682,0.2650743660665,0.28605582427880255
ENSG00000155368,0.4318185871240767,0.4079080620299185
ENSG00000144451,0.026984294130628823,0.07358207631082585
ENSG00000135624,0.8980984613071945,0.8023747597806583
ENSG00000115468,0.18547142585064819,0.10909651973558565
ENSG00000170802,0.25795050573536754,0.16863258401595135
ENSG00000171303,0.08740291971827797,0.07654494201955332
ENSG00000115355,0.21820128222653012,0.36040735327567486
ENSG00000078098,0.012213867866044968,0.027342154177414233
ENSG00000036257,0.7516974512432908,0.5294286841130027
ENSG00000115904,0.9163359327459815,0.9259512681044884
ENSG00000169994,0.6782793167027805,0.721663119051867
ENSG00000185304,0.32052495161651295,0.1846015010984308
ENSG00000188010,0.5840392419386717,0.4786563284504112
ENSG00000242515,0.9771294056250354,0.9550596584135204
ENSG00000115520,0.8992337662886816,0.750921214546266
ENSG00000119772,0.6290215819724052,0.6968484026772942
ENSG00000115648,0.43199113468966965,0.6301949429986391
ENSG00000124839,0.34571784782553516,0.23866330658574875
ENSG00000084764,0.2827815733363862,0.23784015362443447
ENSG00000119777,0.9225264598685886,0.7372004237616121
ENSG00000084693,0.8017215465362948,0.8458312265883391
ENSG00000228474,0.17453297210399285,0.10912262711361867
ENSG00000138080,0.24305258124805934,0.24214737003881945
ENSG00000138028,0.7884926607601176,0.9038693403921311
ENSG00000138073,0.5844708072323821,0.6513804972453836
ENSG00000138074,0.16631097586460886,0.17319402881913695
ENSG00000084774,0.6794728576618843,0.5872669481813786
ENSG00000138100,0.29738316028617084,0.42880276647629145
ENSG00000163794,0.3499626924456525,0.307527079407087
ENSG00000115204,0.2872858653179101,0.23682334074188013
ENSG00000138085,0.23746795998654974,0.303415541714543
ENSG00000155755,0.39592767570894716,0.35567488414533366
ENSG00000177917,0.7888904769360165,0.8838388002359091
ENSG00000135940,0.3171563086160416,0.21636711095734817
ENSG00000115073,0.7044414198193764,0.2693581650900308
ENSG00000196912,0.3688202103367907,0.316254986373004
ENSG00000169554,0.36591639057932257,0.5239606472573475
ENSG00000174501,0.2706977788756184,0.37184560907239483
ENSG00000115839,0.6155392721120149,0.7335984801211526
ENSG00000144152,0.12758513241170316,0.1825083725920597
ENSG00000144161,0.9338429619645483,0.9827358152761543
ENSG00000188177,0.3445200536996339,0.34531386904807726
ENSG00000136546,0.27655505277141945,0.30769570472576924
ENSG00000116117,0.8018843736178127,0.8823548925631333
ENSG00000023228,0.5458933313752377,0.43533310169835315
ENSG00000114942,0.7693276501633447,0.5536952344956576
ENSG00000138356,0.12563518762052314,0.17361527652314618
ENSG00000082153,0.4849374204551983,0.865607688254617
ENSG00000115295,0.016408571405467323,0.015883016265387507
ENSG00000163466,0.6425438428950673,0.9663761730380171
ENSG00000179921,0.12746094554080287,0.12093388798988465
ENSG00000127837,0.14273690422501129,0.13761036104699104
ENSG00000135926,0.8132177657229599,0.6971707578887474
ENSG00000018280,0.8517179909882396,0.9555487631866935
ENSG00000144579,0.5918513386203619,0.5503382968319872
ENSG00000127831,0.3360602551549868,0.2157166069488302
ENSG00000127838,0.4214002907201889,0.5082201231829735
ENSG00000152291,0.7463059366116822,0.4256813695164716
ENSG00000042445,0.4759814537547835,0.5330786255279065
ENSG00000115459,0.8698336330583581,0.6544332473056689
ENSG00000042493,0.056509559325331166,0.07033028663641894
ENSG00000168906,0.8905832860297356,0.5854260128464467
ENSG00000118640,0.8745156814493115,0.799143612818321
ENSG00000168899,0.14935623263367864,0.19519779943301163
ENSG00000168894,0.22808382782098252,0.422600975327056
ENSG00000168890,0.05380322873185114,0.05340523158397199
ENSG00000168883,0.535452512738563,0.35053326041855193
ENSG00000168887,0.9930980436867825,0.7920955649247947
ENSG00000168878,0.8259999879631318,0.8347008324214007
ENSG00000115523,0.37749538588738873,0.3727790602426131
ENSG00000169507,0.8560049259976878,0.8646692294342982
ENSG00000135930,0.7783911809817292,0.8466040407098925
ENSG00000143942,0.576767965031406,0.3781017513376168
ENSG00000119737,0.5636846522122765,0.45688478834162716
ENSG00000068878,0.993061645325085,0.7798122658654907
ENSG00000068912,0.9135839664523305,0.643543102313381
ENSG00000152689,0.09582651195080018,0.12384310515319609
ENSG00000119812,0.7333894890093431,0.6994482887115288
ENSG00000115486,0.07441018586351222,0.138890155127196
ENSG00000119771,0.11642990881671166,0.5143611172671667
ENSG00000073737,0.3201224173555322,0.4699245058353043
ENSG00000082438,0.2501520226987062,0.18725462461292203
ENSG00000079150,0.0022492668305550173,0.002822532610720336
ENSG00000091409,0.3525150739857712,0.25435064903746785
ENSG00000115762,0.5818837658955199,0.29936286063240836
ENSG00000123989,0.823971877152351,0.917558122295449
ENSG00000205795,0.056914840548032176,0.04064157798242235
ENSG00000146205,0.544684664208103,0.6162029279976853
ENSG00000256977,0.4692721069289919,0.3639880970351016
ENSG00000162972,0.9207959514921524,0.7899243146085289
ENSG00000138101,0.34883802102873973,0.3499624534378991
ENSG00000155636,0.2159805263238768,0.2674270026458102
ENSG00000116039,0.5306505053547723,0.7388575888689064
ENSG00000124357,0.42605799164500624,0.41897369691792885
ENSG00000124370,0.6863174685398801,0.5538106203486707
ENSG00000136699,0.9157385407109884,0.8486220492754674
ENSG00000162882,0.14207008503604973,0.05990322904378248
ENSG00000162881,0.16774097072965968,0.09161326390685134
ENSG00000172005,0.7818463590520491,0.8869006210979166
ENSG00000275111,0.12665491010097735,0.10964162210206377
ENSG00000155066,0.16778022608228263,0.14192820574107143
ENSG00000115042,0.38692129974405187,0.5149078806368736
ENSG00000115207,0.7237701772457362,0.7287434787369028
ENSG00000143882,0.973255717000208,0.9528468080416329
ENSG00000143870,0.5331634659880837,0.6904225103931332
ENSG00000115761,0.8723025732535827,0.7993422944784123
ENSG00000135968,0.725035062259261,0.7235773335211276
ENSG00000163006,0.6920687786953733,0.5050409560384108
ENSG00000169756,0.30489847812256266,0.38269215253402766
ENSG00000118260,0.30721885240689595,0.5379721812882392
ENSG00000144401,0.7080935028045354,0.8444680634959087
ENSG00000163249,0.44651139820363295,0.43733774085337085
ENSG00000163251,0.8670432706424713,0.6193008031177976
ENSG00000182600,0.0030517852024708795,0.010023914974915959
ENSG00000119862,0.3832313445052491,0.5694851430002305
ENSG00000179833,0.49557125490945564,0.5051027018390807
ENSG00000115252,0.011372450923787079,0.01769444204461886
ENSG00000188687,0.9799312926663908,0.8344523751853488
ENSG00000152133,0.5473602727278566,0.3898238768255704
ENSG00000197756,0.9552419606639698,0.9088814944796976
ENSG00000115457,0.8731806227878449,0.9927510025402151
ENSG00000115461,0.028523044594543672,0.05320061138043674
ENSG00000119844,0.3727190915203308,0.1767511119152296
ENSG00000178562,0.5848680708769336,0.8456123772001514
ENSG00000144048,0.6352269551139018,0.6439830778295002
ENSG00000064012,0.5397206587014685,0.4487229299773696
ENSG00000247626,0.3522956375340508,0.26772949783481714
ENSG00000003400,0.3310896943389545,0.25801171417956437
ENSG00000121966,0.009247310825757506,0.060535424951563166
ENSG00000183054,0.051350304633026304,0.04830095746391491
ENSG00000115392,0.19418028291015907,0.09757390068198168
ENSG00000163599,0.08771337140931085,0.08638800106735108
ENSG00000115317,0.7311844743797655,0.5443388649915657
ENSG00000115325,0.6875138262631942,0.860911769453546
ENSG00000115484,0.6739592314974675,0.2954858269956913
ENSG00000136694,0.4035804715457604,0.8215691249999209
ENSG00000136689,0.5886903248410331,0.48143341925807315
ENSG00000144354,0.1584436479889046,0.12164798153094018
ENSG00000144369,0.06070376261782939,0.139822767399166
ENSG00000138448,0.023208471674473735,0.06167143736260012
ENSG00000114993,0.727951541504429,0.6642839835267276
ENSG00000198648,0.6239329402477104,0.8124634125792789
ENSG00000115267,0.4354096159218247,0.40739508154595827
ENSG00000180871,0.5289368705166437,0.5151633532847031
ENSG00000204335,0.13106962084171178,0.31947037685473095
ENSG00000128683,0.015365838892974727,0.006731452105892757
ENSG00000115806,0.9743255537663131,0.7333219445973074
ENSG00000204334,0.6290625611549083,0.6506247053166445
ENSG00000153201,0.8806147174851071,0.9071247524957851
ENSG00000134318,0.8123844088775141,0.7579473579987523
ENSG00000163219,0.7768070526917956,0.9289130828855077
ENSG00000144524,0.39631117999079235,0.39502505203475624
ENSG00000115866,0.12745931691607695,0.13192815130952534
ENSG00000159374,0.48781588143814203,0.9600320447042325
ENSG00000135622,0.2686349152891081,0.33294316657162915
ENSG00000116106,0.28815136711612055,0.3911433985150632
ENSG00000151689,0.863547008769853,0.5961827552479477
ENSG00000198130,0.6032010239367754,0.5305705703975867
ENSG00000187231,0.696146273703152,0.9780316436928992
ENSG00000121964,0.9148193916506926,0.894444592674828
ENSG00000114999,0.6955199395557352,0.7738234478822623
ENSG00000125630,0.8055578543481473,0.855378999456176
ENSG00000125611,0.15867578515507796,0.2657345403140348
ENSG00000169607,0.8209068176690529,0.5445063141405886
ENSG00000115008,0.03494021485936582,0.03958060850424213
ENSG00000115211,0.42721683483639683,0.44084196092995054
ENSG00000115919,0.017139390649325195,0.041390404400006894
ENSG00000075884,0.3637813206107492,0.534526865381201
ENSG00000163596,0.5913114540095508,0.6300608238526373
ENSG00000173163,0.017284124211310748,0.025214507074122355
ENSG00000153208,0.10619722045605128,0.10449596819051771
ENSG00000144136,0.1699968197641605,0.5741777765138703
ENSG00000116001,0.5869167268980784,0.5341970551591564
ENSG00000116005,0.6809563302026468,0.6004929634337248
ENSG00000152154,0.20664530902136558,0.1378636479088297
ENSG00000138050,0.7152418806160341,0.4266319607259126
ENSG00000115525,0.23168929543413466,0.29147207785077134
ENSG00000084734,0.8271538689830501,0.7640301150500656
ENSG00000243147,0.8628663432940544,0.7989032879766547
ENSG00000171174,0.5140833340801438,0.9822650466934696
ENSG00000075426,0.7135845127446738,0.5346940621652375
ENSG00000163803,0.3309690756956184,0.26448000516305276
ENSG00000171103,0.42418867671305094,0.279343584580891
ENSG00000163811,0.8771469602692047,0.8662670592720714
ENSG00000138375,0.9622502610204912,0.8493354480194057
ENSG00000171150,0.4816826544987862,0.559510044115535
ENSG00000180398,0.17628662680734516,0.2839294403772591
ENSG00000143933,0.06392611733820966,0.10001033843965779
ENSG00000119888,0.4921281283406338,0.5567580088601229
ENSG00000135636,0.1334584125800271,0.1434414952753883
ENSG00000115041,0.455134543996666,0.497767007850885
ENSG00000135905,0.4079385903971072,0.7220714017533264
ENSG00000124831,0.5586883547225332,0.8689034309220441
ENSG00000135899,0.5191296644640842,0.612909529106102
ENSG00000115415,0.7286800225205283,0.5861526054876304
ENSG00000187736,0.42738201268027487,0.6270853380033788
ENSG00000124383,0.988271800588893,0.8768712085887483
ENSG00000068724,0.760828860315009,0.8205504271677886
ENSG00000115085,0.3983512114220541,0.25515121841876853
ENSG00000115935,0.21090200521721558,0.3390097372502233
ENSG00000144029,0.8259685896077543,0.7726908414224338
ENSG00000144026,0.6294747692653568,0.9421644466020241
ENSG00000196504,0.5874672764934578,0.4572582199039851
ENSG00000163026,0.5210621946505984,0.7876535867648327
ENSG00000119782,0.29449082442242036,0.2540405575009936
ENSG00000115128,0.36262870707980144,0.49852920458832173
ENSG00000219626,0.04013827708544685,0.005832396120378781
ENSG00000115129,0.06799995276681998,0.014590861225196835
ENSG00000198399,0.6019283113428036,0.47137670950684474
ENSG00000163798,0.9870498628373667,0.9775014037184933
ENSG00000115306,0.9242904235172391,0.8571586711494131
ENSG00000115310,0.04336707582734983,0.06055558030331257
ENSG00000169764,0.474208901797764,0.5799921051317605
ENSG00000068615,0.23458230124663734,0.26426981591761073
ENSG00000115561,0.36082279012679985,0.3621564627629311
ENSG00000239305,0.8103771331171056,0.8592134770824589
ENSG00000144233,0.5613440019882291,0.9267740027307346
ENSG00000063660,0.5323329741835057,0.5496200905016875
ENSG00000178623,0.4609140859553923,0.4115229759330781
ENSG00000162927,0.5929826970959098,0.5215853704424147
ENSG00000162928,0.8562283919728579,0.7049548499314986
ENSG00000162924,0.5396325640007119,0.5886106351731905
ENSG00000144504,0.7237003279608727,0.9828273753093274
ENSG00000119185,0.7469899278343961,0.6642070191344702
ENSG00000119203,0.975429647296852,0.9919275820779677
ENSG00000134330,0.7086142042519405,0.6611604952201977
ENSG00000134308,0.5272392225829353,0.4730290201079884
ENSG00000151694,0.4817075966959252,0.30263723951718946
ENSG00000157985,0.2542550340596271,0.3024624717150702
ENSG00000171951,0.11284555532852703,0.14755831602236336
ENSG00000085449,0.8895362653872424,0.8317692418375773
ENSG00000135900,0.23125817407091911,0.18989653497904302
ENSG00000135919,0.027585218334323883,0.10425286470111553
ENSG00000152056,0.32021046055124647,0.23856646045912736
ENSG00000153561,0.36846940160516906,0.2919641690217757
ENSG00000172116,0.6519861400777069,0.5513967141445599
ENSG00000153563,0.4451423300864932,0.37207814888210056
ENSG00000116044,0.12018730218552429,0.13464616345339525
ENSG00000115758,0.41758619007608533,0.21092128014486403
ENSG00000170144,0.28738326135387793,0.298640603778689
ENSG00000071054,0.01686508797863046,0.043116925579482074
ENSG00000144366,0.0039001869416440396,0.04252875437999866
ENSG00000116062,0.6223390754700423,0.5610294532001077
ENSG00000151779,0.2627587126817879,0.30264733760116663
ENSG00000119042,0.5786764925056718,0.8350741770496409
ENSG00000153234,0.8504794103780369,0.5148769839308109
ENSG00000189362,0.7046736320993805,0.9591777681825799
ENSG00000115760,0.9826216894454903,0.7609215385831792
ENSG00000074054,0.6453289729158276,0.6240795730981868
ENSG00000151690,0.4929714228100578,0.3293040267650244
ENSG00000134323,0.7256572167077168,0.8140047102800436
ENSG00000065548,0.9955801565087385,0.5101750852438993
ENSG00000213639,0.7636722281320614,0.5472469912310005
ENSG00000186281,0.8562113899654963,0.8136830793292708
ENSG00000157827,0.6190215212454341,0.8957395370629845
ENSG00000226124,0.5613318757562004,0.6852149084282043
ENSG00000118263,0.012572430117587342,0.034691448931965345
ENSG00000144043,0.8426073337117785,0.9739128591936033
ENSG00000162999,0.573654708107846,0.7825391461267296
ENSG00000163002,0.5325014757289319,0.8122364174484804
ENSG00000061676,0.3549915079472643,0.5553674914097291
ENSG00000130294,0.17756555769923996,0.08131486849419964
ENSG00000163166,0.3433495965848975,0.48063287296171
ENSG00000115902,0.11130448945749112,0.11390801917136256
ENSG00000138069,0.7136951857010059,0.737730751848934
ENSG00000138071,0.4744665731814838,0.3947290888912319
ENSG00000085982,0.8090476635643853,0.894911230618609
ENSG00000115365,0.5674389326540741,0.5827329566316493
ENSG00000021826,0.9983375361835486,0.9966739398167977
ENSG00000021574,0.571548902663026,0.5588382952585177
ENSG00000197713,0.7084088270425055,0.8448204986960217
ENSG00000078018,0.047827235191582294,0.0855388835887755
ENSG00000153827,0.8505340277820339,0.6023428425286079
ENSG00000153214,0.6063303938796393,0.40783015887575214
ENSG00000055917,0.7687259639591864,0.6352773828148086
ENSG00000130508,0.011363746625431437,0.011066744644133101
ENSG00000035115,0.1075323589095464,0.09974340519145738
ENSG00000143727,0.21446348112506386,0.2068978887394427
ENSG00000152518,0.6191110305309808,0.5137142689208396
ENSG00000170634,0.8232950067658696,0.9177693943836904
ENSG00000079308,0.16521853928450303,0.18413001383335173
ENSG00000183281,0.9615917455155093,0.9448753049035633
ENSG00000136717,0.09369197236972794,0.08547833726613523
ENSG00000163161,0.9207858432358961,0.8211062733524827
ENSG00000183023,0.23343505791005242,0.276141868707644
ENSG00000153823,0.1334489199974788,0.09920080572546029
ENSG00000119865,0.07326001053677121,0.07855347608263291
ENSG00000115956,0.9704640356144578,0.8382123190085626
ENSG00000204923,0.041603471569299284,0.11112567008076792
ENSG00000115145,0.7563288832725047,0.562907962553325
ENSG00000082258,0.8369303622587432,0.6289217524802709
ENSG00000128656,0.1282103847050534,0.12671700541776015
ENSG00000155729,0.8633136688954505,0.8831725436226509
ENSG00000163535,0.6616449794055346,0.4133300053410027
ENSG00000011523,0.8500913354628581,0.9881914047496687
ENSG00000162998,0.11710300092554346,0.11649525716025076
ENSG00000115419,0.506337018911777,0.6575820226086522
ENSG00000240344,0.927098642441872,0.9293715229298913
ENSG00000179528,0.5145791565562856,0.5117603413364593
ENSG00000125618,0.7817913061038384,0.6409037634065271
ENSG00000095002,0.2523925611457956,0.24174872560655788
ENSG00000040933,0.30779692538618414,0.5900894273485257
ENSG00000183513,0.5296215810403327,0.5655408560978588
ENSG00000115446,0.763651503734889,0.9986176732813923
ENSG00000158019,0.4546823201046616,0.6687412524520404
ENSG00000118004,0.23121144122476667,0.2138623163189613
ENSG00000138030,0.05140744400322946,0.06956607242755837
ENSG00000144283,0.4913151121710403,0.48903006524556625
ENSG00000168958,0.6908492634423142,0.6368530162079108
ENSG00000035141,0.16515165314897837,0.108239135979505
ENSG00000115977,0.6461473149275824,0.7260772566468198
ENSG00000138443,0.4855084345862424,0.6233447357889598
ENSG00000153093,0.5674807154323374,0.7343124876525459
ENSG00000132326,0.9764464314698783,0.9359372676349342
ENSG00000065802,0.7300848332197984,0.6471963493197666
ENSG00000174227,0.5573665936477794,0.3468915061322937
ENSG00000109667,0.2727337898366459,0.24954446780754053
ENSG00000109606,0.31164508203667973,0.1118393314772669
ENSG00000272602,0.08746574108094032,0.0669091150499125
ENSG00000109625,0.0032131850759355303,0.008545435253385636
ENSG00000152953,0.1800960647779655,0.19006700358913647
ENSG00000163132,0.14250718140130914,0.11782636540152659
ENSG00000170891,0.00878613006451899,0.012570422309909979
ENSG00000155275,0.2949512962279702,0.24226439710103115
ENSG00000169744,0.0036226572230946457,0.011642059009732378
ENSG00000152990,0.9155149093213385,0.8554368776882937
ENSG00000154274,0.5997637291711506,0.47102010533545746
ENSG00000109680,0.10802787952999679,0.13915504144772436
ENSG00000109819,0.9897128229999527,0.9847231905706498
ENSG00000145147,0.018579271851158506,0.02039377832381401
ENSG00000171476,0.12265025435902004,0.17239547077127065
ENSG00000091490,0.4896032624890305,0.20358520858430576
ENSG00000182903,0.3362534053854382,0.2532480635793096
ENSG00000169019,0.8141386562743047,0.7626762463523583
ENSG00000109171,0.7443556229185171,0.863672311917473
ENSG00000131127,0.5444325788518325,0.5664484129579889
ENSG00000145247,0.7530044093246989,0.39487913658251494
ENSG00000163694,0.20650932250881118,0.08616483737050254
ENSG00000181826,0.6234986356101331,0.7692725512734874
ENSG00000157796,0.8065192181835411,0.7427212872916225
ENSG00000002587,0.38404547182897053,0.30619840604554194
ENSG00000250312,0.7208500786075231,0.7673386074362376
ENSG00000145244,0.06843670525773128,0.062359610324997955
ENSG00000134852,0.39534576880863526,0.46980198191052713
ENSG00000087008,0.6952291394493484,0.9492950532039156
ENSG00000145241,0.6011709568487604,0.5783519665310194
ENSG00000064042,0.9718876815169936,0.6678699642398616
ENSG00000157765,0.43127368325539495,0.6552184856320656
ENSG00000173597,0.9171714149523363,0.88142819818624
ENSG00000198301,0.9331723494305731,0.7200062489647686
ENSG00000170516,0.5123234042269444,0.44199380225696727
ENSG00000138771,0.2140203263423537,0.1523136699554261
ENSG00000145284,0.6947507952606333,0.5271907867863471
ENSG00000109787,0.42962649720083346,0.369437952760006
ENSG00000189308,0.1815571385535751,0.115137405854563
ENSG00000168152,0.8673030049445313,0.9495422820820284
ENSG00000170502,0.8296717930124324,0.857022390300645
ENSG00000035720,0.8433310539933915,0.9594301809167627
ENSG00000145246,0.6171388062356694,0.7605441221785069
ENSG00000153802,0.5269967558840639,0.8629229264033746
ENSG00000196616,0.07436207232265378,0.11969958354855496
ENSG00000074211,0.6711226606103018,0.9069265183194472
ENSG00000163138,0.03077692870159689,0.019569489452764776
ENSG00000171234,0.6702145330379272,0.8580663983774109
ENSG00000172955,0.5130580836108496,0.4974975255717985
ENSG00000164038,0.9630695846573302,0.7298855789470152
ENSG00000169116,0.753797561723467,0.7939727734804056
ENSG00000153064,0.9669983904060697,0.7315048892700508
ENSG00000138678,0.8156961381975573,0.7423509911416282
ENSG00000174796,0.6648527108332953,0.5788366754348704
ENSG00000145354,0.2685308694571729,0.4024833310038256
ENSG00000164032,0.843016277170257,0.620095197835127
ENSG00000169288,0.3149301242031699,0.19126833092129236
ENSG00000145348,0.24457082526999002,0.37687784684065484
ENSG00000138801,0.6491883534179211,0.6400086018137184
ENSG00000138663,0.6465575150112666,0.48739136783699666
ENSG00000155011,0.10002627817188216,0.1430387311372738
ENSG00000236699,0.06049960226126721,0.07504388939883026
ENSG00000174808,0.6907651678943922,0.8240742653378788
ENSG00000164039,0.07117332014772944,0.06690641975970035
ENSG00000174607,0.2167645917282132,0.28799586775464897
ENSG00000248144,0.7523620233264354,0.6586059265887396
ENSG00000138780,0.4113002226976412,0.30270869564798897
ENSG00000124875,0.398528917384835,0.4597735847885772
ENSG00000081051,0.029087917668876254,0.010448507789217758
ENSG00000138777,0.5702469893044995,0.3454474112629409
ENSG00000033178,0.7972623903590998,0.5658645258109807
ENSG00000173376,0.03975843078502915,0.05182663566382319
ENSG00000135220,0.3319630504391791,0.3867625147677509
ENSG00000050730,0.31909044604224496,0.2252353843287694
ENSG00000138802,0.653656774313073,0.9463886308424345
ENSG00000138674,0.22517196898869665,0.20500024217244786
ENSG00000172403,0.2641440176996683,0.2997513638409236
ENSG00000164099,0.22047177856370603,0.6507461021462646
ENSG00000005059,0.8119623782325044,0.5504326022049326
ENSG00000198856,0.4556411169193363,0.6700258803013917
ENSG00000150961,0.24181581823273723,0.40657594670662955
ENSG00000164109,0.4138084106735809,0.21574178295173166
ENSG00000138814,0.6451138335566877,0.842523292445066
ENSG00000109270,0.5517532025206877,0.6096293750359218
ENSG00000151012,0.07244781262084332,0.01139766367096801
ENSG00000249242,0.6097375330091943,0.9878416406105299
ENSG00000134853,0.03512537659118561,0.06697413607328218
ENSG00000164035,0.05791878152454237,0.08102988216352022
ENSG00000164066,0.895052886982907,0.721742741215704
ENSG00000187758,0.22705774554369443,0.2083498717830059
ENSG00000151470,0.25956465809637275,0.2324094457935813
ENSG00000163631,0.12007861962267924,0.1127196858085821
ENSG00000151466,0.619726841559449,0.978421173000028
ENSG00000138639,0.19930368014367136,0.2128846198904011
ENSG00000138640,0.5061158887692971,0.5047190469938551
ENSG00000070190,0.6577231580877974,0.7803948194746018
ENSG00000170153,0.08505853119005151,0.0669039506224478
ENSG00000109445,0.8598816125804025,0.6913723616922198
ENSG00000138641,0.5970241969349525,0.6670603935245493
ENSG00000059691,0.7757102562047371,0.7546651968190707
ENSG00000151623,0.7875688307185695,0.7874314236113231
ENSG00000145425,0.9162431308144263,0.8046555323947584
ENSG00000164124,0.4088782108693366,0.4977565464154142
ENSG00000138764,0.7146397788278511,0.5079333169253837
ENSG00000164169,0.6384621111691856,0.39708764381191697
ENSG00000177432,0.1515169815952855,0.15026750741738648
ENSG00000151458,0.06775101992412738,0.2055607370709773
ENSG00000077684,0.33471645028971825,0.4838899310148119
ENSG00000163629,0.0968613857313711,0.10155890014067431
ENSG00000164117,0.7596945203716577,0.8192467002883359
ENSG00000154447,0.5007142925212511,0.2883328883042098
ENSG00000170390,0.15488290454438514,0.13984320186886015
ENSG00000153147,0.9525800193450256,0.6977565481177364
ENSG00000121210,0.46268513010424883,0.6202402450450437
ENSG00000145423,0.01775455661647212,0.03600962002904602
ENSG00000168785,0.09828286385233606,0.07784598778750608
ENSG00000163644,0.5456703622273797,0.6654777530736784
ENSG00000052795,0.529468780144656,0.5590830135795407
ENSG00000164128,0.0018420512248640037,0.01091873434580697
ENSG00000198498,0.87876383627063,0.5606156420890562
ENSG00000163110,0.33397066640214346,0.44587005766334853
ENSG00000164118,0.978297514800529,0.8947193212811354
ENSG00000168556,0.6714084661926278,0.43716336902796415
ENSG00000071205,0.054662778862598384,0.07576172450358383
ENSG00000182552,0.7378840554363267,0.5430573909082461
ENSG00000164168,0.851105923331364,0.5526952247478393
ENSG00000164136,0.6705914038768375,0.8718130164960842
ENSG00000164114,0.10285405845091679,0.21056451988537173
ENSG00000109576,0.3445534609753971,0.8107526800844249
ENSG00000109674,0.46284220084223326,0.2706390545394466
ENSG00000164122,0.20879359075581017,0.08922705961046559
ENSG00000150630,0.02368438664507266,0.04049663413356682
ENSG00000145414,0.9089791652981923,0.8579299499389775
ENSG00000164144,0.8704915499215842,0.7104349598903075
ENSG00000218336,0.02440041781515835,0.10025842383818451
ENSG00000173320,0.19783875496555706,0.16606087522782098
ENSG00000129128,0.6353217151335024,0.28593861843462687
ENSG00000151617,0.009210059899934998,0.010698826646230869
ENSG00000198948,0.11542756624567917,0.245874442791331
ENSG00000109466,0.6733850121248386,0.49034516684994467
ENSG00000151729,0.5977323329520132,0.888112689679555
ENSG00000038002,0.9951376106769286,0.6724983599052654
ENSG00000164031,0.6465840425344573,0.828909806545918
ENSG00000145431,0.06937635086313455,0.110571108824514
ENSG00000151612,0.10706357673226324,0.18115991427255257
ENSG00000164142,0.2909329095167134,0.3642056898007028
ENSG00000168564,0.6243376411977106,0.4322772477336494
ENSG00000182168,0.11192283642228985,0.1424329541002202
ENSG00000151718,0.12279636467028489,0.30170593721882816
ENSG00000164120,0.4098920514125405,0.5540651001747263
ENSG00000168538,0.9380284579122835,0.5680081388066403
ENSG00000164024,0.9589030189367966,0.8452785921068356
ENSG00000109536,0.03361554848340204,0.015508740410562338
ENSG00000170448,0.2602912967108526,0.11130500071342227
ENSG00000163293,0.43691825806865703,0.36948658425668635
ENSG00000226887,0.5888329663510714,0.9785405737208719
ENSG00000128045,0.3197271806515103,0.1833960964027425
ENSG00000248771,0.45946172154508247,0.48233324228060137
ENSG00000183439,0.9798948133118958,0.9691935890718771
ENSG00000132467,0.23607200909327014,0.20500975933595475
ENSG00000018189,0.7588720626801913,0.7371196135932891
ENSG00000170917,0.293029249227793,0.49626050309237146
ENSG00000138698,0.7171976716686466,0.8347068298384472
ENSG00000196503,0.06234933872426811,0.08238571675906595
ENSG00000173542,0.9393666211892393,0.8014963538258075
ENSG00000164104,0.14293735786520476,0.120903733921649
ENSG00000164105,0.6412827346418921,0.5904316195858148
ENSG00000164106,0.29886515053774027,0.22814144897922323
ENSG00000164107,0.21593523465998457,0.17280908295717234
ENSG00000118579,0.47772193832760457,0.2759203872882432
ENSG00000163257,0.21762244896009858,0.13268186665282158
ENSG00000109805,0.5447570006140512,0.2293869282932995
ENSG00000151014,0.9945770088340344,0.7648558999641912
ENSG00000109390,0.7021357018988592,0.42982382248488593
ENSG00000163950,0.35021540982789234,0.28346578691722973
ENSG00000168936,0.8716660011739856,0.9159795920428458
ENSG00000168924,0.06440029916969632,0.02513989735667903
ENSG00000004468,0.8761112225191026,0.8264076170031938
ENSG00000137440,0.08910986354569815,0.14808084887657733
ENSG00000007062,0.11096978173984756,0.07768819876438947
ENSG00000169762,0.7288631163373953,0.5849888249614442
ENSG00000145375,0.7042952044573723,0.5620709174899795
ENSG00000164056,0.022664536739038694,0.02124826968493689
ENSG00000084092,0.8295270731441644,0.607365886396015
ENSG00000047315,0.6588615795877687,0.38563085595328506
ENSG00000163453,0.014224128273670806,0.018756362307031527
ENSG00000084093,0.9069937061918356,0.7516831155981777
ENSG00000164111,0.0016018556785328513,0.005194647938713518
ENSG00000123737,0.6828040976989531,0.6920111147017198
ENSG00000145386,0.8030970294317294,0.5517442812797293
ENSG00000138686,0.5592591273240008,0.7261943413178646
ENSG00000118564,0.2532845049455271,0.4995445488463248
ENSG00000237765,0.31690873174933737,0.41082093294468036
ENSG00000109743,0.00353707479368233,0.014518078287045537
ENSG00000109193,0.8768512162259117,0.9993064021939735
ENSG00000132465,0.7272967369794019,0.9352545405725289
ENSG00000186212,0.4936639909932973,0.5682333394452244
ENSG00000118816,0.7924776580990446,0.9874243862654157
ENSG00000121897,0.38726904352393565,0.5176340634607576
ENSG00000109814,0.5927445530592534,0.5987944524406656
ENSG00000163682,0.06346869679360695,0.03823426349820829
ENSG00000145331,0.9550495505620074,0.9731935576072864
ENSG00000109339,0.2898377194124649,0.2938695981782554
ENSG00000151834,0.6911386245768052,0.5368430149120249
ENSG00000128050,0.5426694382469288,0.38873505166360456
ENSG00000137462,0.422226600332847,0.6164058881476415
ENSG00000168743,0.1569998658054582,0.3696663029108015
ENSG00000053900,0.46663425310571294,0.2941198337366132
ENSG00000163145,0.05391733144591813,0.05240626629829353
ENSG00000164116,0.07216039181391243,0.09689863580120503
ENSG00000061918,0.03235696005935602,0.04057675742303194
ENSG00000196159,0.17709760973242689,0.20103908881359778
ENSG00000134851,0.8450076698571736,0.7715436370168764
ENSG00000109654,0.2756510431183543,0.17085991097628112
ENSG00000121211,0.3389592222515849,0.2216863846358283
ENSG00000285458,0.5686834798535001,0.4680472820128313
ENSG00000145332,0.9975886826908644,0.9356697354197836
ENSG00000198189,0.43769371463224027,0.284691055440857
ENSG00000198515,0.4994749364064456,0.2843024373752
ENSG00000164306,0.3191438779982645,0.2809775659684839
ENSG00000151725,0.09396182181544803,0.05035830496849045
ENSG00000168769,0.5946258989024511,0.5595884381235592
ENSG00000181004,0.500403568589229,0.7638435134442687
ENSG00000185049,0.40946107219372485,0.4102955441003535
ENSG00000109685,0.1677420114495614,0.10604900107302609
ENSG00000138768,0.8963660825690726,0.9270084960808704
ENSG00000138744,0.4546943688658446,0.48151398922073585
ENSG00000090316,0.3867950722870307,0.34552713120690615
ENSG00000163945,0.09428074380329209,0.1137037722480298
ENSG00000170801,0.002331311628032858,0.004712090557520266
ENSG00000163995,0.9023783064187412,0.8662339653989608
ENSG00000138646,0.22243554821882236,0.2661343776605198
ENSG00000145337,0.6424604800410061,0.5311643780043032
ENSG00000255072,0.6424604800410061,0.5311643780043032
ENSG00000187054,0.6204714204270905,0.9846343498695982
ENSG00000164125,0.007183904839801796,0.01588036665020818
ENSG00000137449,0.4294872997339456,0.520165312490499
ENSG00000152785,0.28125174565515804,0.15466163970126598
ENSG00000109686,0.7094188306328024,0.6235397985049953
ENSG00000109180,0.3644925089987837,0.2759737302170114
ENSG00000138758,0.6011776014255803,0.9169137905138692
ENSG00000138738,0.0031703433485226005,0.005119038901467855
ENSG00000189184,0.03753778167468409,0.08001528094051048
ENSG00000138757,0.9065424355243987,0.6084202166489909
ENSG00000138795,0.28633485086063587,0.42329792411128564
ENSG00000138696,0.20242382370130518,0.3150093906787878
ENSG00000157869,0.8531965491718928,0.7083782366706721
ENSG00000151790,0.5984387626137918,0.8907707665853108
ENSG00000256043,0.45257352268277284,0.40885384535855407
ENSG00000170522,0.42472366917683424,0.5684218609185052
ENSG00000138660,0.4766468273744999,0.4627197472573039
ENSG00000109736,0.6968411784021156,0.5561056165020435
ENSG00000087269,0.21141371855835953,0.0681694385183068
ENSG00000125388,0.2049423449487779,0.2378172150361199
ENSG00000145287,0.49744606883219655,0.4090022552521714
ENSG00000173085,0.5569414324369968,0.5249665697671382
ENSG00000173083,0.22472513316800555,0.13330095075795645
ENSG00000163312,0.6233857696270597,0.8714491294779553
ENSG00000163319,0.20189814695311933,0.1282214643221976
ENSG00000163322,0.8696404288360552,0.8338811867477094
ENSG00000109511,0.20150807003105908,0.44429289247463233
ENSG00000137628,0.8111342586154989,0.8713259158850204
ENSG00000128052,0.23599612033518044,0.2533148396560004
ENSG00000163297,0.0645754722845115,0.13571375584812645
ENSG00000128039,0.39032980181073673,0.3165758976509679
ENSG00000153012,0.828989699293859,0.697943552299102
ENSG00000038210,0.5944721746581632,0.46423011759314325
ENSG00000109618,0.5487517697423412,0.3508591293431129
ENSG00000048342,0.006009002050756928,0.007900085764320042
ENSG00000153132,0.012571237806662127,0.01037026341742401
ENSG00000179387,0.6971557552158436,0.8909236455386502
ENSG00000121895,0.8910060730976002,0.5948857623201524
ENSG00000138794,0.3763111042982261,0.5449300672970158
ENSG00000123739,0.7724006435638967,0.6634420811371292
ENSG00000285330,0.3422056482633784,0.754121561721212
ENSG00000109534,0.5074876678635244,0.4194712948770014
ENSG00000138823,0.027431979028396725,0.017889534115263964
ENSG00000170365,0.40471075685123015,0.32829030111293006
ENSG00000151611,0.6378176992199864,0.8943669273009749
ENSG00000137460,0.6171356927399871,0.7477112927388917
ENSG00000129187,0.829761495131212,0.508186130808094
ENSG00000109475,0.8037940465854907,0.5416559708972732
ENSG00000138756,0.7867874315371345,0.8727325067655418
ENSG00000153130,0.19055595795653724,0.2302797351025479
ENSG00000151247,0.4909082853423432,0.29053154789688895
ENSG00000152583,0.05306784164026025,0.05366370598196845
ENSG00000205208,0.6161025167602827,0.5650482748649039
ENSG00000171503,0.5279038633183057,0.5316300366593777
ENSG00000171497,0.5050046126456077,0.546878850316698
ENSG00000029559,0.20218191630538435,0.13604502623387998
ENSG00000118762,0.05173891853330804,0.08484021232695058
ENSG00000118777,0.25519561011536934,0.294708477907607
ENSG00000196526,0.14647276297440995,0.20837574964819325
ENSG00000138772,0.7745942669423894,0.6116439699235136
ENSG00000138759,0.6742513112261718,0.9164242542949368
ENSG00000155016,0.006721410675038071,0.009108056347188321
ENSG00000138821,0.7235833769009977,0.5148421956343093
ENSG00000109323,0.49704861148001456,0.35891842685548025
ENSG00000109332,0.7308573025167129,0.8797322866895131
ENSG00000170185,0.6105697784258246,0.2448065879395758
ENSG00000145391,0.11600181974583812,0.2463818041530229
ENSG00000085871,0.6894527482105666,0.5440883919255946
ENSG00000184985,0.01778120916638261,0.054027681412639486
ENSG00000164022,0.37889497945030104,0.24624830567248948
ENSG00000157426,0.8622188041418151,0.9217955119708913
ENSG00000128059,0.9074335113722596,0.5959749704510704
ENSG00000081041,0.3418823446356788,0.4477829642458321
ENSG00000138796,0.6404916164534362,0.685923120378936
ENSG00000138755,0.4002566901904785,0.29058173659088155
ENSG00000169245,0.8803505299961044,0.7099885364206598
ENSG00000169248,0.6866582856470731,0.5417737471472543
ENSG00000189157,0.22449224601401643,0.11561307803641023
ENSG00000118804,0.3529830339360598,0.45025495076456323
ENSG00000151806,0.035548706030660536,0.012034841439153402
ENSG00000163281,0.1925393525298765,0.20446745695760327
ENSG00000180801,0.6269509992342912,0.5898745382878449
ENSG00000125089,0.4498074868998022,0.6107748797281232
ENSG00000118785,0.25312636475294287,0.3189471505407085
ENSG00000109501,0.5834610377859316,0.8128027343752332
ENSG00000172493,0.5314917143595528,0.7386579223709927
ENSG00000196344,0.929763238609709,0.5987050140440784
ENSG00000197386,0.41406926706332403,0.3287621941333982
ENSG00000109790,0.32242656787327967,0.3507836112663214
ENSG00000197894,0.30445461450961947,0.4193177090845227
ENSG00000163743,0.8892598943276978,0.564291759752445
ENSG00000197888,0.3044012101846751,0.4398926458255553
ENSG00000196620,0.06445707854863496,0.20378003681013823
ENSG00000013810,0.5353157491970348,0.40968099808291547
ENSG00000156234,0.2759676447761314,0.1784319697697447
ENSG00000150471,0.3392227548146702,0.35901172336851805
ENSG00000164023,0.2404846322393147,0.3669628594253379
ENSG00000138688,0.8926897549355898,0.7627999535968545
ENSG00000132406,0.5557972455677197,0.41787024192432776
ENSG00000168826,0.54425622874543,0.37712279723222697
ENSG00000168818,0.23124055350506265,0.2570712825278346
ENSG00000168824,0.8061535211381019,0.5522956670127066
ENSG00000157404,0.03582374498527969,0.09493434874343756
ENSG00000013288,0.6387033879730948,0.36598253505640277
ENSG00000163993,0.7244692981091992,0.5146681117791314
ENSG00000178988,0.7802919639174362,0.9563575685933022
ENSG00000186222,0.5248791169762519,0.5526479599454774
ENSG00000170871,0.9384228585966202,0.898048533843046
ENSG00000243449,0.005453398491076908,0.03261889779200353
ENSG00000137601,0.6509725696834513,0.4766782797191672
ENSG00000056050,0.5893524861071618,0.641819306347043
ENSG00000181381,0.511607334922838,0.7326247944532331
ENSG00000180346,0.4795732009940419,0.6882113659584623
ENSG00000168214,0.8291140845973054,0.8436483773118411
ENSG00000164096,0.2569392090471778,0.16576796688118928
ENSG00000145384,0.8741765848772736,0.824965969810523
ENSG00000145390,0.14896230507734196,0.24486157990918053
ENSG00000035928,0.23422785612950023,0.1341053161640984
ENSG00000138670,0.36607508509735776,0.4482619705469143
ENSG00000047365,0.3607853293108366,0.17447497326315828
ENSG00000132463,0.33995021031196043,0.18088502238466228
ENSG00000198099,0.010769913463578067,0.020248200109516785
ENSG00000132466,0.42678220426463354,0.26039145463312646
ENSG00000196782,0.579752698430287,0.6211730503426414
ENSG00000168228,0.21801290062226256,0.17958195381838202
ENSG00000138785,0.7616537872447482,0.6223304056076829
ENSG00000138642,0.7609270221456541,0.9423576169482741
ENSG00000145293,0.8458491037423498,0.9686601246037884
ENSG00000179010,0.7687984351331392,0.8576925589346839
ENSG00000138778,0.4666005620007697,0.2904705752742228
ENSG00000145220,0.4310409280729597,0.32978627301307556
ENSG00000150625,0.2234545321834751,0.49320676113435036
ENSG00000164093,0.35132763825216906,0.49487980824213873
ENSG00000164167,0.6437102296297552,0.8104186275004345
ENSG00000120519,0.3559430410639749,0.23708797622494746
ENSG00000163739,0.14234056248145946,0.15429386359892736
ENSG00000163737,0.8631322034170696,0.7262216063304856
ENSG00000163736,0.4010322032772343,0.5528079598266014
ENSG00000163735,0.6723761263360731,0.6715615173163015
ENSG00000163734,0.041307714784586745,0.059417744601771516
ENSG00000138767,0.36591529273894763,0.3072128554857038
ENSG00000175920,0.02140636505662181,0.007142339346687071
ENSG00000163956,0.6183595769666751,0.4138143792470903
ENSG00000159788,0.9610114302311599,0.9500564365940397
ENSG00000109381,0.6442281353588183,0.8524546704626773
ENSG00000109205,0.6393230403623509,0.3710917925181324
ENSG00000181617,0.9196445641129519,0.7241973475729255
ENSG00000164323,0.76797678630706,0.986086410919397
ENSG00000109762,0.5392096605386321,0.35359925319583585
ENSG00000145476,0.11091277133435541,0.1021933554481082
ENSG00000250317,0.9941922359111158,0.7154065019025955
ENSG00000145416,0.3436629689531189,0.6917127367982626
ENSG00000138658,0.13920014604881323,0.0947099518547988
ENSG00000174720,0.3026643481891683,0.35333229461238147
ENSG00000178177,0.11515617804877468,0.058671639211131096
ENSG00000109610,0.2836780118733754,0.5357737414485615
ENSG00000181982,0.4872603268364738,0.5688665046222617
ENSG00000138760,0.6857725960363628,0.6679486138551163
ENSG00000205403,0.16328328869985811,0.30066178991796916
ENSG00000133256,0.7901052610657107,0.6600323877399179
ENSG00000169020,0.7506403141361139,0.809263893505545
ENSG00000169026,0.4578498059711723,0.45606834179820055
ENSG00000168993,0.4246642323974209,0.45808877393450753
ENSG00000215375,0.8261696493068003,0.8934707598217364
ENSG00000169435,0.5030606383903758,0.4535470495962155
ENSG00000169429,0.6458203181338817,0.9926374236064766
ENSG00000072840,0.04962601316760544,0.07094530956819466
ENSG00000174123,0.9454984086875096,0.7858544191797792
ENSG00000174125,0.1246946976974114,0.21887097059776986
ENSG00000174130,0.13844291960791585,0.21964282157344106
ENSG00000197712,0.8357197545653295,0.9738877919072995
ENSG00000168310,0.18040526911299654,0.19836850095189434
ENSG00000198589,0.8012588419432134,0.6779610817907021
ENSG00000145335,0.013900771589875563,0.06032108772500345
ENSG00000138722,0.027931362738175085,0.031142775069201437
ENSG00000163738,0.2536353644337737,0.2809183226295931
ENSG00000124882,0.13689515078999737,0.19970230371145606
ENSG00000109321,0.3785714246015085,0.25046880515988795
ENSG00000052802,0.7728200801413898,0.9871677961494701
ENSG00000109472,0.006624665122896355,0.008782800037338945
ENSG00000073331,0.8713989764821115,0.6898365385401082
ENSG00000109189,0.833623896539707,0.612053388163501
ENSG00000170088,0.5991045944567708,0.7321994478107352
ENSG00000083857,0.3816920600753527,0.11834708707087832
ENSG00000002549,0.6181771577775703,0.4083185466937077
ENSG00000123933,0.9239653386418762,0.8723760260110057
ENSG00000159733,0.3963380696725082,0.1516628971285488
ENSG00000172238,0.36430271472114373,0.3060842281578027
ENSG00000163104,0.991434170288383,0.6399481479136324
ENSG00000163106,0.1455133731878946,0.1454933821905194
ENSG00000109133,0.36012434130696935,0.14075203083746723
ENSG00000014824,0.7582374533227971,0.4204568946087447
ENSG00000178343,0.41442069001239223,0.39109158437965263
ENSG00000185477,0.49993131701618,0.3861635701062587
ENSG00000138792,0.034346402923529196,0.03211866148013757
ENSG00000178950,0.22583279072016715,0.28137166219048576
ENSG00000127419,0.5518031144499762,0.7306336341043791
ENSG00000145214,0.21588217547077085,0.14360637073077642
ENSG00000145217,0.5018810828848329,0.4781395841989017
ENSG00000127415,0.49815420832720003,0.43209064158561783
ENSG00000127418,0.46187627406963705,0.2874293576254507
ENSG00000125386,0.45459716567284814,0.3467116601983833
ENSG00000168884,0.7776245431449238,0.6790156027544436
ENSG00000087266,0.2175182904507746,0.1246134061544277
ENSG00000087274,0.42837851183948383,0.5573014417115707
ENSG00000184160,0.3046342474882917,0.13336223537963954
ENSG00000109320,0.5413686968385392,0.41569290000420556
ENSG00000178222,0.37923566020697363,0.5164858978226422
ENSG00000156136,0.07434109729021482,0.08678025340094661
ENSG00000145321,0.058922211635267,0.09255801791755577
ENSG00000186352,0.6371846390149654,0.5571137042930845
ENSG00000109775,0.5099790753520903,0.46775790004853823
ENSG00000169851,0.025998698947363483,0.07348421527168118
ENSG00000164342,0.6202983086091206,0.6885994053113815
ENSG00000169299,0.21947314505133353,0.268875824581973
ENSG00000135605,0.2074505245575948,0.15861358010603055
ENSG00000109689,0.43242606725964405,0.24784886421972058
ENSG00000065882,0.5405165911458232,0.6526767785352989
ENSG00000138750,0.3659525635203691,0.20647178149238982
ENSG00000109184,0.9364956826228025,0.8315897846765561
ENSG00000188993,0.83089691732443,0.7906731386094848
ENSG00000163069,0.2862147469817715,0.30602074584197264
ENSG00000163071,0.8240051534618793,0.8265054547273217
ENSG00000179299,0.8669815140362431,0.832614348726765
ENSG00000163697,0.3348297629893717,0.4661859134263586
ENSG00000154277,0.08967244462595891,0.048057350238751205
ENSG00000071127,0.28662390167288354,0.4049485264419368
ENSG00000170846,0.9872603411528985,0.6178403457869566
ENSG00000185619,0.7463790160848603,0.6296735377447951
ENSG00000168421,0.5464793574757988,0.6829513301878096
ENSG00000164305,0.18564295447555718,0.14031117964281806
ENSG00000164134,0.9045893078637827,0.6920522337409493
ENSG00000164161,0.07344744695606628,0.10708427932802203
ENSG00000164162,0.38878240629106264,0.3948765908729701
ENSG00000164163,0.8092652988330062,0.7798562501409788
ENSG00000164164,0.9850234827563429,0.6856210327922903
ENSG00000124406,0.4303058982650647,0.22475387435094202
ENSG00000109705,0.689815278207816,0.603272873313385
ENSG00000038219,0.734684233645545,0.8594239695930892
ENSG00000159692,0.5222820007835507,0.6663287538449858
ENSG00000109436,0.2322041543103996,0.4454362938891637
ENSG00000063978,0.42724268374556174,0.23818669465327028
ENSG00000184178,0.344699432039837,0.4797098647069151
ENSG00000072201,0.672028201867996,0.46745370916209994
ENSG00000109220,0.5600554946526566,0.6292956470590565
ENSG00000145216,0.5619762039269085,0.898437896827322
ENSG00000109670,0.7850713341540934,0.3342847997711874
ENSG00000075539,0.4905776873426849,0.26537944747048453
ENSG00000109586,0.8281501263791691,0.5091125541950305
ENSG00000145388,0.5397866135916494,0.4175651455470708
ENSG00000109738,0.043122812176960824,0.03621229888780611
ENSG00000138735,0.18337348162165834,0.14333017626093347
ENSG00000214367,0.40717188775553337,0.2933211646592713
ENSG00000178163,0.6111174923269964,0.7942356402041022
ENSG00000109265,0.9973539718529478,0.9561572684156637
ENSG00000174780,0.5926426265448056,0.8897485542552747
ENSG00000138668,0.49204418301759467,0.5931904840795896
ENSG00000152795,0.9803595041144179,0.9443147712526988
ENSG00000164070,0.6233514989206599,0.43363272058464875
ENSG00000142731,0.5267110421025576,0.2616307986377657
ENSG00000164073,0.4046373661024494,0.2648884377725041
ENSG00000164074,0.34663610932340294,0.22054798811016205
ENSG00000164040,0.45618046667142376,0.30491830055042035
ENSG00000138709,0.30549340588297164,0.2015555524131482
ENSG00000145439,0.2842567557244118,0.2807389055029529
ENSG00000129116,0.4333890714430292,0.41468068142898573
ENSG00000154553,0.02986406380248399,0.025063661291183613
ENSG00000080493,0.833077110021591,0.9440736198860151
ENSG00000109756,0.9558200621546956,0.7387851006652446
ENSG00000170006,0.5437426394676657,0.5769034287544397
ENSG00000145362,0.07580330439339489,0.07375497482121289
ENSG00000174749,0.0880723707941449,0.09312152145129195
ENSG00000163624,0.536598080583643,0.5878938650260107
ENSG00000163625,0.37012472028577115,0.5962641207487069
ENSG00000145349,0.9460164368679629,0.9652573253417508
ENSG00000109572,0.3795940849335737,0.2708801172848995
ENSG00000072832,0.12049008933902935,0.25313407955786865
ENSG00000185873,0.22932684673178644,0.4846517186982958
ENSG00000083896,0.3788296760780162,0.32112605121534094
ENSG00000087128,0.9909606080685084,0.6196571552728658
ENSG00000151726,0.771338546576027,0.5928890766016164
ENSG00000171566,0.7190997973715647,0.47018253087849027
ENSG00000171564,0.19783092204582772,0.23002837798097642
ENSG00000171560,0.24524975573933602,0.1841858051624163
ENSG00000171557,0.15643093560428703,0.075145893658391
ENSG00000138685,0.2672005201391806,0.2614832340559351
ENSG00000068078,0.6255957164699797,0.5647652891336659
ENSG00000159674,0.0612814819894137,0.04464511750405742
ENSG00000109458,0.3652038864175211,0.3451734485402165
ENSG00000151552,0.39768108000341074,0.5092888797162358
ENSG00000163683,0.3408398491149643,0.4123675759802946
ENSG00000078140,0.4909694081253647,0.3937383620733097
ENSG00000121892,0.7511524297629448,0.4821030384056385
ENSG00000078177,0.9123259197226423,0.8812081740356521
ENSG00000132405,0.39400543647481256,0.2777383199432548
ENSG00000173011,0.7008071572638221,0.6112866783573876
ENSG00000109519,0.9714625828802012,0.6134141385032355
ENSG00000178597,0.03468275094653749,0.1437985949866948
ENSG00000172007,0.8658209337735125,0.7391056593647773
ENSG00000145365,0.29572325460675747,0.1897466258306821
ENSG00000109255,0.8513993694240386,0.8187317987044553
ENSG00000090989,0.6955830943560508,0.9131934087358645
ENSG00000174799,0.864939402095805,0.8325144304582264
ENSG00000154556,0.6108331953790902,0.48299345465365084
ENSG00000109452,0.039112762698186775,0.06367052566560834
ENSG00000109794,0.40815533553396044,0.4057238657417708
ENSG00000152784,0.28831093696660737,0.4583705155652019
ENSG00000154646,0.012736726466388952,0.009877970725832526
ENSG00000154639,0.32290691840280616,0.30704286619614696
ENSG00000156265,0.011432710314141498,0.010758031981756596
ENSG00000142207,0.9612508503338777,0.8068740847651475
ENSG00000154721,0.17865215544074295,0.18528995983701912
ENSG00000156256,0.6883610038662559,0.7484310679816384
ENSG00000166265,0.032533940856742605,0.037445509606350305
ENSG00000243927,0.19817547107469588,0.2158605392477337
ENSG00000198743,0.9350796141017301,0.9735120677293687
ENSG00000159259,0.22663267926048547,0.205862055895285
ENSG00000156304,0.9254340612664245,0.8734648253160315
ENSG00000156261,0.6943665724979607,0.6413997529564835
ENSG00000198862,0.5668239351233032,0.5689675970720405
ENSG00000142149,0.9533039895854054,0.7650931827899978
ENSG00000154642,0.9156221571006216,0.9560418668376313
ENSG00000159256,0.30929707470263545,0.5900687087825138
ENSG00000159086,0.7859360135904808,0.5352574487911447
ENSG00000205726,0.06934475229873306,0.038080699194811454
ENSG00000159261,0.8753417691430656,0.63885509277439
ENSG00000241837,0.7213660228576656,0.4822945498565
ENSG00000160307,0.4145915061915235,0.6147112744041026
ENSG00000156273,0.9106300528194321,0.8574561438251224
ENSG00000157557,0.9821626659327075,0.9317667144744397
ENSG00000157551,0.03285435309212327,0.05044306581343585
ENSG00000205758,0.5523240597834649,0.4651317137165938
ENSG00000156239,0.16273678158239763,0.14955737495649124
ENSG00000249209,0.19234156112464387,0.2306820857252152
ENSG00000154736,0.025917348655567374,0.03387216941250198
ENSG00000157617,0.6153401303272081,0.9184244107630465
ENSG00000173276,0.4771643049571328,0.527654800259935
ENSG00000159228,0.37451875247333977,0.38947873631150587
ENSG00000159231,0.626272625015917,0.41048872724298335
ENSG00000159216,0.31836780903075973,0.4699788132996653
ENSG00000166979,0.16197376637940294,0.263881883721123
ENSG00000159079,0.6385858268809219,0.8896716947676021
ENSG00000265590,0.40220065236125635,0.1933877038313509
ENSG00000154640,0.27263459307545995,0.28753692653563656
ENSG00000184900,0.10446639915946489,0.09313851225873161
ENSG00000154719,0.677090246417049,0.8094307253332438
ENSG00000155307,0.993086761607593,0.6416957070354756
ENSG00000205670,0.18012717705773737,0.17601359287549517
ENSG00000159263,0.4348120744402125,0.45440931389436856
ENSG00000160208,0.9916284838737731,0.9001377164046469
ENSG00000160209,0.14426570752585474,0.10225398068036302
ENSG00000160213,0.4803023262683289,0.3001669630154193
ENSG00000160214,0.7248521613768765,0.9426297699303674
ENSG00000160216,0.5576867856146069,0.824269276842198
ENSG00000160218,0.4122655397770937,0.6338200089805277
ENSG00000241945,0.0046652699458220575,0.007091772447612046
ENSG00000157540,0.6340829692805368,0.8035827549760576
ENSG00000141956,0.7717878020315707,0.39431918376437425
ENSG00000160199,0.5710779546314435,0.40578653035629353
ENSG00000160200,0.07435909846557645,0.09755117643834356
ENSG00000160201,0.8444788463303745,0.955124956913796
ENSG00000185917,0.5698370581348804,0.46852214344398346
ENSG00000173638,0.6648017256637855,0.7306257951477917
ENSG00000182871,0.03236288116802509,0.03310892962381404
ENSG00000183844,0.5231618673206402,0.43799063566315943
ENSG00000154734,0.01587758509781435,0.026297549027398243
ENSG00000159055,0.8693547350486771,0.9098365075145485
ENSG00000160193,0.32880888491275106,0.2235367280941647
ENSG00000160194,0.805711906856187,0.7911065781609602
ENSG00000154727,0.9377796882963645,0.8411445450763174
ENSG00000159212,0.3579123289737888,0.39312417875990535
ENSG00000185808,0.23122197018048182,0.15508911771342385
ENSG00000159197,0.8421957391580409,0.8103882050767823
ENSG00000159082,0.16457389150261392,0.19891960413586032
ENSG00000155304,0.9575915713199432,0.723758130571025
ENSG00000183527,0.6405495656702482,0.7142970125997796
ENSG00000185658,0.46199514553030385,0.4353159987729682
ENSG00000205581,0.6931677919886001,0.8269645240327301
ENSG00000182093,0.14644640140291443,0.08733857592647001
ENSG00000183036,0.46658517815145095,0.8453221803390178
ENSG00000182240,0.8219565416036798,0.8509801037081038
ENSG00000183421,0.9855078988154228,0.9944944079964368
ENSG00000160179,0.04342114989456051,0.0454855957155556
ENSG00000160181,0.20425516085651482,0.40447990918777466
ENSG00000160182,0.2937545033686327,0.47485949617763623
ENSG00000160183,0.1480044795747778,0.18211071852807342
ENSG00000160185,0.7325044537445791,0.5470340097747746
ENSG00000160188,0.19087824001788278,0.38328773944286254
ENSG00000160190,0.23445331862673624,0.4528699107332882
ENSG00000160191,0.02172137548534982,0.06191077952189216
ENSG00000142178,0.6022443635319334,0.9828506833851439
ENSG00000141959,0.9815645450220654,0.8889598225498618
ENSG00000160226,0.7604423757896646,0.6221451521141246
ENSG00000160233,0.23701081469281945,0.20720489229324343
ENSG00000184787,0.4917558816751769,0.6253012541916869
ENSG00000183255,0.01670356352777152,0.04006265083457807
ENSG00000160256,0.7357228487011094,0.6440795744987584
ENSG00000186866,0.34495746532824234,0.46583032752707987
ENSG00000183570,0.19268391921750938,0.21450334170651586
ENSG00000184012,0.37231149211079917,0.2844029332013426
ENSG00000157601,0.5697220806720917,0.5556708549662612
ENSG00000183486,0.07186621195106713,0.10793799829862431
ENSG00000154723,0.8369356317756528,0.44960621779902477
ENSG00000160284,0.14553864570287398,0.10334317576070477
ENSG00000160285,0.23529024648976177,0.3225336785379356
ENSG00000159267,0.721467293355075,0.804249497556384
ENSG00000142156,0.18193875183796088,0.30215864884134525
ENSG00000160180,0.8951572417337481,0.7491618502868493
ENSG00000155313,0.5043810347880842,0.5215854929516864
ENSG00000142168,0.36595450635877613,0.26469999651137366
ENSG00000142197,0.22777816884946478,0.22029514209623646
ENSG00000160310,0.12410474584139987,0.12814818338317777
ENSG00000157554,0.014413156260147534,0.033948105662595894
ENSG00000142185,0.33752923388129996,0.6509354552941289
ENSG00000183778,0.46845027017876684,0.5570797103277503
ENSG00000160294,0.6809642532111246,0.5820302437400915
ENSG00000182362,0.2401634812786045,0.3882736055996572
ENSG00000160298,0.966038542420424,0.8577733287106553
ENSG00000160305,0.8226822977430466,0.9261793927682269
ENSG00000159131,0.6639282404590863,0.5545722801691271
ENSG00000159147,0.6257114808338737,0.6544977238034295
ENSG00000142188,0.7764795360675553,0.7724046703704144
ENSG00000243646,0.7897571754774398,0.6487442831242474
ENSG00000159128,0.6513594113639982,0.46186393448628016
ENSG00000157538,0.7574330398016047,0.742873795619518
ENSG00000182670,0.38449265400900634,0.5829440921632785
ENSG00000160255,0.6251712560620151,0.8118474236292632
ENSG00000156299,0.1749672764424485,0.14455406643053537
ENSG00000185437,0.6692014480194471,0.2529236202659549
ENSG00000160221,0.02300743290097572,0.04205614220414155
ENSG00000160223,0.963377606748618,0.7056810058295897
ENSG00000159110,0.16599994177622618,0.26428444538223056
ENSG00000160299,0.9361503402379783,0.7466404708002905
ENSG00000142166,0.6235198053978792,0.5735422765424618
ENSG00000159140,0.3254589159809951,0.4143573366618214
ENSG00000197381,0.034049646315898595,0.05099903152988845
ENSG00000249624,0.3833087289563353,0.45673845164897264
ENSG00000142173,0.04866835325237925,0.05478186609057196
ENSG00000180530,0.21000729974429314,0.25872143607062287
ENSG00000159200,0.03578885395836961,0.05087062505549594
ENSG00000142192,0.8554037712935955,0.8453246918972162
ENSG00000147853,0.9290291650043664,0.9806163518819997
ENSG00000120158,0.33069753907013066,0.38420198652286264
ENSG00000106993,0.16155178224578348,0.15026234965007162
ENSG00000183354,0.20487470855752524,0.1888079725414464
ENSG00000106688,0.8320171358093817,0.9945276931876116
ENSG00000205808,0.33808552776845835,0.5592577307988208
ENSG00000044459,0.3161721089736943,0.41419654975754516
ENSG00000137040,0.564482437101432,0.36024929155369534
ENSG00000147874,0.38846668771030346,0.297188634628591
ENSG00000122692,0.35152364359357013,0.1301876019202525
ENSG00000164985,0.12605545304701785,0.12265057747079443
ENSG00000137074,0.648300539606255,0.29016476292336024
ENSG00000164989,0.8650088103814195,0.9744151703103475
ENSG00000147854,0.5115344492206366,0.673509440866616
ENSG00000153714,0.9787564939848328,0.8783253325458701
ENSG00000086102,0.897890698703899,0.612682408416968
ENSG00000137106,0.1672713269874354,0.13416479217684343
ENSG00000196092,0.9414624875373875,0.8437734906351935
ENSG00000156052,0.9418734388127803,0.8882592862344099
ENSG00000165092,0.9759113966869022,0.989443083651876
ENSG00000155621,0.5875941581235516,0.5290228899843014
ENSG00000197506,0.15525604981586572,0.16971264256505897
ENSG00000154330,0.273263340967841,0.27399101045514507
ENSG00000135069,0.24125052457844584,0.10938782541459117
ENSG00000148057,0.37265524982901965,0.21416483421322632
ENSG00000165105,0.7327091356355179,0.7775308821957401
ENSG00000106733,0.31938235431107015,0.30381078736760714
ENSG00000137054,0.3991949575652539,0.21671908288871233
ENSG00000135052,0.657220744739937,0.9677780048167614
ENSG00000083223,0.18335768564492655,0.12486041103827634
ENSG00000107165,0.6284205120728152,0.775528648298907
ENSG00000156049,0.12436299203600495,0.14603693075143956
ENSG00000107372,0.38539899873351235,0.49700926868667894
ENSG00000156017,0.5284446408120349,0.5291165779356957
ENSG00000168795,0.17972135132507425,0.09439781909063726
ENSG00000135040,0.41288973150795416,0.3151900529638176
ENSG00000165233,0.6300655594178766,0.4767341896825589
ENSG00000134996,0.9383376617140234,0.7726982119519675
ENSG00000172159,0.7189141336079586,0.7987856033329936
ENSG00000135048,0.7424846803501183,0.5818794532661793
ENSG00000130222,0.7932714324114806,0.654266759966815
ENSG00000135045,0.4735170288474526,0.6399906124925949
ENSG00000136842,0.08516360798216285,0.05438738248855887
ENSG00000135018,0.4491233576147764,0.4356353810760185
ENSG00000136891,0.632776129714081,0.5073840408132285
ENSG00000165030,0.3894921947937877,0.6409522213476305
ENSG00000204291,0.0402536171937074,0.03482633391161386
ENSG00000095209,0.8491971421772799,0.764443540894673
ENSG00000131668,0.23940688654268538,0.2759206110049799
ENSG00000136810,0.7947957898674978,0.8973175518005664
ENSG00000165138,0.4545433148181166,0.36324062374667376
ENSG00000131669,0.8875302796668382,0.9402639821128531
ENSG00000197969,0.40382933023477463,0.3397036334992842
ENSG00000165072,0.13714132903115794,0.07671171973361017
ENSG00000119318,0.7228221905499848,0.8574798575150545
ENSG00000196730,0.5219165776101348,0.837566825193535
ENSG00000136925,0.7103241140191514,0.9684678361774776
ENSG00000136937,0.8077101608693757,0.5714578152732372
ENSG00000135046,0.64934094774264,0.7793121174403963
ENSG00000187210,0.9288962233920983,0.6043906441228467
ENSG00000086061,0.8521378522311382,0.32475418370095804
ENSG00000196781,0.4322983443007983,0.7283213474751887
ENSG00000148331,0.08934578716658594,0.0557684557184692
ENSG00000180447,0.042256435136329436,0.04826256329987481
ENSG00000127084,0.9176868087422778,0.6779255214238076
ENSG00000137038,0.41179785260531443,0.7537309105719082
ENSG00000119509,0.7638500172200091,0.6941570490445848
ENSG00000136824,0.2419175329729014,0.13346757727176764
ENSG00000251349,0.13118749702849478,0.20070643401245405
ENSG00000157303,0.928177292482789,0.8656084530124968
ENSG00000148200,0.2967639514480856,0.5660962724579598
ENSG00000148175,0.02701598931904093,0.06259570402580786
ENSG00000165025,0.08175997721510059,0.07069956102110703
ENSG00000106723,0.4028911806120262,0.6050289601501104
ENSG00000187742,0.697254626871427,0.5413271394894233
ENSG00000197859,0.7834079889563952,0.700400247776669
ENSG00000196739,0.6840417720124089,0.6576625034986079
ENSG00000136942,0.7646794829285358,0.5490456591266919
ENSG00000169925,0.5926330748659315,0.5012908253433825
ENSG00000106771,0.2941868838390527,0.40173733603248396
ENSG00000136826,0.8728109237279752,0.9583440290136988
ENSG00000167157,0.555477718651987,0.6535709415820663
ENSG00000135070,0.9587403767766562,0.9756096100644532
ENSG00000160563,0.8038728999028456,0.906333778251764
ENSG00000136950,0.7918761861962123,0.5460050404063699
ENSG00000147872,0.022707259548585455,0.007888415709824867
ENSG00000186350,0.2845955813397423,0.3140011119737899
ENSG00000167081,0.2544036289317436,0.2245127975256544
ENSG00000119487,0.9242254450006199,0.8309007209304512
ENSG00000136940,0.44686450462729665,0.38648799817708335
ENSG00000119471,0.9244132576661476,0.913406792179042
ENSG00000169071,0.018273028276868903,0.02342689517611296
ENSG00000165113,0.9648231487592169,0.6574961505119055
ENSG00000136935,0.220236196151977,0.1900986195014491
ENSG00000130559,0.7333798413160786,0.4857782763902617
ENSG00000070159,0.5706476799497138,0.4530832757599792
ENSG00000165304,0.3383195011505703,0.16545451996461033
ENSG00000181090,0.16410376971338067,0.11118052311945713
ENSG00000160293,0.9427967215120732,0.49834445793197146
ENSG00000107290,0.7423829284434754,0.43837445052649904
ENSG00000148344,0.9625945709885437,0.8223065582795797
ENSG00000125482,0.09415365616246954,0.06306252563832611
ENSG00000235106,0.6349762456785791,0.6021005794915809
ENSG00000136828,0.3605748172760501,0.35840145076503305
ENSG00000196814,0.6578703286285047,0.5466537225382753
ENSG00000182752,0.040187666405690534,0.07347403832645415
ENSG00000119514,0.5899813216246554,0.8670730954720878
ENSG00000185585,0.0420789280206722,0.020389482836761695
ENSG00000136856,0.32943336695089476,0.6549752236963572
ENSG00000196152,0.2751885921541816,0.25940704774537454
ENSG00000197958,0.9804372301640156,0.7617206126975564
ENSG00000136830,0.7101617337000812,0.5705241593165655
ENSG00000187024,0.39198982306631136,0.49113748902787535
ENSG00000160404,0.5442455569312303,0.47153079907827156
ENSG00000095370,0.2823057038520238,0.36210648478789564
ENSG00000136807,0.8089760042333578,0.9623609407581447
ENSG00000136877,0.5015615598498382,0.23745659561385402
ENSG00000122694,0.4101835498474349,0.38489230182454404
ENSG00000171169,0.8058987823203076,0.6452201662083855
ENSG00000148346,0.5264642034045373,0.6236750699035787
ENSG00000171159,0.2805531013965619,0.4966588842802895
ENSG00000167112,0.05123424232221848,0.05182255046357552
ENSG00000167113,0.40516313342048227,0.5049889744714533
ENSG00000167114,0.7275496871816252,0.6745031839316891
ENSG00000167118,0.20194933609125143,0.16202654862819818
ENSG00000198000,0.3470313946102458,0.17272711366441315
ENSG00000188312,0.6152671934377338,0.6167038308641604
ENSG00000106809,0.08965853867724995,0.08513588363893447
ENSG00000106819,0.010040363983446774,0.010696395542791342
ENSG00000127080,0.5275343774177585,0.3176514181755185
ENSG00000165115,0.33339637382129633,0.36031516614223447
ENSG00000165118,0.16473683796038247,0.2633499696312545
ENSG00000107140,0.32955397101760475,0.3161022629560015
ENSG00000159884,0.58285650977144,0.5753938424561613
ENSG00000137135,0.103818788446154,0.08733613033424506
ENSG00000198467,0.1571306043889637,0.14308566556586536
ENSG00000107175,0.722266193446986,0.4466417692355519
ENSG00000070610,0.31060361225328104,0.18312276445512626
ENSG00000107185,0.21724471328632025,0.1661264206787118
ENSG00000137133,0.5385932674079579,0.5159206158301997
ENSG00000137103,0.5092002431847136,0.7082148201351941
ENSG00000196196,0.9966154594010268,0.7271613117491191
ENSG00000171843,0.5434086970372112,0.7923112599779742
ENSG00000187609,0.04180462338467722,0.05862305679437551
ENSG00000188833,0.027575570195405047,0.03131869830537117
ENSG00000130653,0.43272189238621983,0.46289360499422627
ENSG00000182154,0.48671176746716593,0.4611739471611215
ENSG00000148399,0.02064136247365592,0.030394358817523122
ENSG00000165724,0.34859457060998933,0.3088051209294579
ENSG00000197070,0.09055706505677388,0.09528380846410581
ENSG00000188938,0.8224754635233561,0.8181443078259583
ENSG00000056558,0.3589350494586706,0.2329372421447088
ENSG00000136897,0.3056756778309743,0.3171136415788264
ENSG00000165152,0.8657030204320267,0.8817590220530697
ENSG00000155827,0.8356010203048254,0.8993522397207936
ENSG00000136881,0.8169857743620368,0.961837304179836
ENSG00000120159,0.1420588186254503,0.12598636343136493
ENSG00000137055,0.34642710524036846,0.2924410827678032
ENSG00000184434,0.5899881211410274,0.6842080008722742
ENSG00000178445,0.24622020590051413,0.0750557246192174
ENSG00000136936,0.17319061142523465,0.4292543373659695
ENSG00000165802,0.06340081153592464,0.07055451562792535
ENSG00000173611,0.3519851577544283,0.3684175786988525
ENSG00000154529,0.110761424755,0.0744285320546986
ENSG00000148019,0.12092339940662129,0.08105226045708483
ENSG00000148090,0.13663653264093534,0.14306220945656223
ENSG00000119125,0.6365545811816075,0.8535448351438053
ENSG00000096968,0.08692654493577136,0.12540669132280957
ENSG00000106868,0.0775141212796287,0.19860208815247207
ENSG00000181778,0.8737312884308446,0.5778792374449965
ENSG00000136895,0.37940595324322035,0.48811974048629814
ENSG00000159069,0.5622344305608943,0.6627814228093158
ENSG00000176919,0.9876045904778488,0.9001215393065518
ENSG00000107317,0.37063085692853925,0.5509248287184414
ENSG00000148362,0.16189839725355007,0.1919942625435684
ENSG00000169583,0.6632456478060832,0.9421409036560711
ENSG00000107281,0.05419263358440704,0.025396409743221198
ENSG00000054179,0.021916936001288193,0.025643864881512348
ENSG00000186193,0.12438279544964281,0.08357839701046606
ENSG00000197355,0.35712447547622506,0.2143755657205054
ENSG00000261793,0.2101672533337443,0.10752501350832826
ENSG00000176248,0.07432611148920985,0.06782672425839255
ENSG00000176101,0.37304660454210026,0.4982220574465521
ENSG00000176058,0.11839990740820305,0.12690535254638635
ENSG00000187713,0.3067085642721393,0.32689040365962185
ENSG00000188229,0.326264998393202,0.19728074369502585
ENSG00000188986,0.26876631792653727,0.25103158185275726
ENSG00000198113,0.6936344953818498,0.5183417851211296
ENSG00000198435,0.13886377190084767,0.15486558228777375
ENSG00000120156,0.03938112510625984,0.08223071534115929
ENSG00000148143,0.1609737900735384,0.19356289001220922
ENSG00000070061,0.7662580889392998,0.5194969143264336
ENSG00000119328,0.7774923370392879,0.6928384940310199
ENSG00000119326,0.004953490545141201,0.01448897517784612
ENSG00000130720,0.5233314654574877,0.1998011697501138
ENSG00000188483,0.0618910954903866,0.07804558313784465
ENSG00000136867,0.410353517687704,0.3905121404593509
ENSG00000056586,0.9595356310601537,0.6383562911007188
ENSG00000186130,0.3128869493231363,0.14298658279558107
ENSG00000171448,0.9958186403233924,0.7973555331583637
ENSG00000011454,0.7232229103137944,0.8959819764138436
ENSG00000165209,0.20990724271919575,0.16958074433809345
ENSG00000285130,0.4595370065061518,0.5385728700679053
ENSG00000165060,0.677663069906856,0.5725817448016426
ENSG00000119139,0.19541482394504472,0.19525682644293468
ENSG00000172889,0.2429709790171162,0.3305377585382708
ENSG00000169692,0.6006682551395264,0.33121451097977805
ENSG00000165716,0.08348938308273017,0.05094429138468069
ENSG00000177984,0.9863679953217646,0.8265100845700941
ENSG00000244187,0.6993450799029304,0.6054505484478454
ENSG00000196642,0.14145812270253819,0.13844612284346416
ENSG00000054148,0.7574960481258104,0.6531695108368669
ENSG00000177943,0.01031312744426089,0.007780531484195949
ENSG00000107223,0.2210204039203268,0.21959223865416455
ENSG00000165689,0.12175425664141436,0.04018654208221322
ENSG00000148384,0.9659747508851846,0.8785337453110266
ENSG00000106701,0.7512578052436529,0.7366600425631432
ENSG00000156345,0.5423906624484955,0.5925676743791748
ENSG00000135049,0.5768700494841417,0.4335692783818549
ENSG00000165185,0.249579891747339,0.1647834961203122
ENSG00000136866,0.6020317032645712,0.9986052961994708
ENSG00000148335,0.08298232329239003,0.02989794225439778
ENSG00000066697,0.8416741340336693,0.8208420128034326
ENSG00000130558,0.538451894376045,0.4499536482456339
ENSG00000147905,0.12024333990809008,0.06700449736312111
ENSG00000107362,0.9214742595780478,0.8047811199420444
ENSG00000107077,0.4466636504600753,0.4539846523727282
ENSG00000196873,0.19652077642950794,0.12375084882265817
ENSG00000119314,0.4086266238638392,0.4025977975506776
ENSG00000106692,0.7373675131061992,0.7164882021313673
ENSG00000147912,0.8379145988169758,0.9881481880333476
ENSG00000175768,0.5047569501738719,0.3496800361650503
ENSG00000070601,0.26078509860414395,0.2663346609661782
ENSG00000165275,0.10301019588626803,0.07868098901544288
ENSG00000107371,0.34397342047363577,0.26623951314147154
ENSG00000122741,0.49330699241887666,0.45650318540451507
ENSG00000122696,0.6482300615711956,0.376112716520108
ENSG00000107338,0.3692023775635831,0.32359038956167635
ENSG00000126878,0.742276320217961,0.7195984706032514
ENSG00000050555,0.6265108233372931,0.7337511945787605
ENSG00000130717,0.8137703868905855,0.8753000408468724
ENSG00000106991,0.03607687794922409,0.05533134858333658
ENSG00000106992,0.01643495037153235,0.016606960823663534
ENSG00000136840,0.058315853073166515,0.05323713355949315
ENSG00000136908,0.4958441413208622,0.5064723366460641
ENSG00000167106,0.7721646357675243,0.8180533849647711
ENSG00000158122,0.39279040097947204,0.34834748095796164
ENSG00000196597,0.5837279111353908,0.5744092657440885
ENSG00000188152,0.5089951020119392,0.45915752060270676
ENSG00000119421,0.6994867030487544,0.7375277405162501
ENSG00000185681,0.3709240725563979,0.22000025519997135
ENSG00000119446,0.5636524985322411,0.4157341729655344
ENSG00000148187,0.6894535275918718,0.4691588060297336
ENSG00000107186,0.027276538898241727,0.035303869764309215
ENSG00000160539,0.16304312660972214,0.07017613950267808
ENSG00000157693,0.19579331616276857,0.19723779274437916
ENSG00000181634,0.29776810660024944,0.22378524431610364
ENSG00000136888,0.5955866527682732,0.685901138250561
ENSG00000095261,0.9449601398282205,0.8792244881768371
ENSG00000119403,0.7375767097768355,0.5191182744205098
ENSG00000119401,0.5829506140874298,0.6810683826628741
ENSG00000107341,0.19378210163004797,0.149303045900584
ENSG00000198876,0.1688509121886587,0.1377642415611498
ENSG00000135047,0.09367200980765741,0.20440817274667428
ENSG00000164946,0.0391641812609929,0.033982208441575415
ENSG00000148334,0.31544779392037986,0.34914911375357605
ENSG00000198887,0.2553777137290742,0.1801547694038164
ENSG00000136783,0.8727697898346287,0.5246950415085849
ENSG00000165029,0.016814209397069877,0.02944767686369222
ENSG00000148358,0.382083243207601,0.20434743080919274
ENSG00000096872,0.5815211752012102,0.5134184856849767
ENSG00000175893,0.9466831440386251,0.7655515678867932
ENSG00000174038,0.7167926838865779,0.8089786738028242
ENSG00000165283,0.3366333826876161,0.3628638231284034
ENSG00000005238,0.6748848169601966,0.8311393446719034
ENSG00000155876,0.5062873406988396,0.34565195069223786
ENSG00000178031,0.12680641130619028,0.12752494176713094
ENSG00000122756,0.8103929765236141,0.9879264557332507
ENSG00000164967,0.1272949025886345,0.10833462072068732
ENSG00000137100,0.9037857110034473,0.8553644003197227
ENSG00000213930,0.24232106970929332,0.1506881377583922
ENSG00000187186,0.890036032693944,0.9468708789003063
ENSG00000172724,0.38578184220717615,0.49308115964134336
ENSG00000137077,0.14472885974668576,0.22181503900344285
ENSG00000147955,0.9935050141111197,0.8945365175122728
ENSG00000148308,0.18358139735222004,0.18926359367872037
ENSG00000170835,0.5228588560155811,0.48659349142846375
ENSG00000160271,0.23001408440077165,0.1648717986980904
ENSG00000148288,0.7583155998037823,0.6825104514664339
ENSG00000175164,0.1216509101642228,0.20673809683826075
ENSG00000148296,0.0645733061627163,0.09386412680466075
ENSG00000148297,0.1738584140370471,0.1436021881262286
ENSG00000148303,0.559471112121564,0.38695262838292266
ENSG00000148290,0.5938478316404213,0.4406008647029378
ENSG00000148291,0.8134673741500895,0.9149645407007008
ENSG00000148248,0.5866745625594798,0.35761388548457373
ENSG00000148300,0.348988039164394,0.3205335320843948
ENSG00000160325,0.9222115640959172,0.9978478687892208
ENSG00000160326,0.7562688654062422,0.46769668671967735
ENSG00000136943,0.050152063411650884,0.023738374916603563
ENSG00000122707,0.011766661960709638,0.021058555179574827
ENSG00000159921,0.5784974862101591,0.43414826542508433
ENSG00000119414,0.8168139538506487,0.5314056938547256
ENSG00000136933,0.6531920217810909,0.5643708671225265
ENSG00000044574,0.8695027513859865,0.7217959292594347
ENSG00000122729,0.8859371632222682,0.5504788544601467
ENSG00000165264,0.499289452484765,0.3013559176376329
ENSG00000107201,0.7595442522065878,0.8349354297481496
ENSG00000197579,0.24285782092297628,0.08260657665913095
ENSG00000148400,0.13663054762950716,0.11335449491293645
ENSG00000125484,0.4573926957924429,0.33018581525478713
ENSG00000165695,0.3747674086172573,0.4711400635844012
ENSG00000165698,0.9707714366132549,0.8829220819236162
ENSG00000165699,0.3867009934234785,0.3043501591277119
ENSG00000148356,0.8995333168829623,0.9240712777878352
ENSG00000165280,0.3926326013952832,0.32925868306767775
ENSG00000147852,0.391614127785732,0.43072818404167956
ENSG00000148341,0.19305586151144014,0.21328410217186156
ENSG00000167130,0.5391926793639528,0.4270956313146741
ENSG00000160447,0.4420161117485466,0.2087229417156242
ENSG00000160446,0.3041655359490029,0.39251786128672117
ENSG00000160445,0.7943114325854239,0.9778133867717602
ENSG00000107021,0.35571728624481813,0.25290778083891186
ENSG00000167136,0.4013914669764438,0.36755757556273916
ENSG00000198917,0.3269241285242987,0.2446526524340696
ENSG00000171097,0.3059315445681324,0.44858740185631996
ENSG00000136802,0.7977277114503845,0.8672598301786781
ENSG00000175287,0.0528722825590309,0.01858534053401216
ENSG00000175283,0.9385596025216575,0.9932488920674061
ENSG00000095319,0.31785205858647375,0.23061512238678666
ENSG00000095321,0.9834569734210766,0.899635483031647
ENSG00000119333,0.30615945630501146,0.23844875660435055
ENSG00000187764,0.1937270731789551,0.13673567875232642
ENSG00000081386,0.4578860393565002,0.3893657646763441
ENSG00000148219,0.2485325162177667,0.1695016458165133
ENSG00000196363,0.10946263462019501,0.07286736606195568
ENSG00000204136,0.38007651729889,0.38256965392513986
ENSG00000188959,0.6709084725813285,0.7189706908768609
ENSG00000184709,0.009316711006649528,0.010883452297356273
ENSG00000095203,0.32174746183901953,0.21422801464002827
ENSG00000127083,0.03265725110499234,0.024632235346417085
ENSG00000160360,0.17924537202580293,0.21687421260213152
ENSG00000130714,0.20958270579021143,0.26090936325624003
ENSG00000188747,0.27130724711918275,0.38799103089327236
ENSG00000137073,0.19722390882155366,0.1638071562965921
ENSG00000010438,0.13244624708646932,0.05373698407556667
ENSG00000148339,0.4404079050527977,0.3211639698110286
ENSG00000137094,0.4097604536063305,0.3284905890280462
ENSG00000177239,0.7126536020554448,0.513878407991013
ENSG00000107249,0.3259541781735811,0.4132236452932563
ENSG00000175787,0.4189014845077266,0.4098814963682287
ENSG00000130957,0.3719394362301579,0.5131769238221291
ENSG00000165140,0.4939543116843734,0.6195940500395198
ENSG00000106780,0.8066793600939426,0.8179481281384419
ENSG00000119402,0.9882559162828984,0.7079995103785417
ENSG00000119392,0.03887509952731885,0.02685025156338765
ENSG00000165006,0.864499727054677,0.9523439941070241
ENSG00000164978,0.13452958050484573,0.151059851027704
ENSG00000164976,0.1202188799237,0.14292825561080502
ENSG00000186638,0.03867220783411847,0.02960236759299767
ENSG00000173258,0.7480115977012758,0.9310521851390521
ENSG00000106853,0.8817438368956347,0.7558043606819342
ENSG00000059769,0.46701313194122507,0.3424007507879541
ENSG00000244115,0.8202673918169623,0.590126740579705
ENSG00000242616,0.3349550345691035,0.3000902238215474
ENSG00000148154,0.7200119281335527,0.7642273150184629
ENSG00000107130,0.8112553135451573,0.7689345470910587
ENSG00000130707,0.24396315198418853,0.2077886357331186
ENSG00000148120,0.8704814724798537,0.7074667510109113
ENSG00000136870,0.9374631437801334,0.9419318415692305
ENSG00000160408,0.16999826398120865,0.16607857827318329
ENSG00000274349,0.31080948324690805,0.4445895388219314
ENSG00000135063,0.5155952024423591,0.6451880176547515
ENSG00000198680,0.7370998963724363,0.8097300806722838
ENSG00000215126,0.6841355474035655,0.6571798353874865
ENSG00000119138,0.04366909689249606,0.046519958008897716
ENSG00000080608,0.4160512153119944,0.3499099158659008
ENSG00000137033,0.20351069871356614,0.2825031900290697
ENSG00000136813,0.6806473216398504,0.7157141789308159
ENSG00000188566,0.06372878431451233,0.027871568077379585
ENSG00000148343,0.02964940313850709,0.017029463254594483
ENSG00000196305,0.5648115338707858,0.36896107807241885
ENSG00000136868,0.22835187084909397,0.1323245792476245
ENSG00000176386,0.8896731817574626,0.7947365689040427
ENSG00000136875,0.44651657740455797,0.29424244715945225
ENSG00000165188,0.6886088877622791,0.5262704483370256
ENSG00000148225,0.4314733922158184,0.7279608958882126
ENSG00000119411,0.027911573709647648,0.0464836830072398
ENSG00000119431,0.9835119046866752,0.7596336482850499
ENSG00000148218,0.6116474736841363,0.9789451311549897
ENSG00000148229,0.3924547235904875,0.2521858222010912
ENSG00000188352,0.8358670931323869,0.8757088569113243
ENSG00000188921,0.10565545376334953,0.12348450654062457
ENSG00000235453,0.9098121732416432,0.7893821068919316
ENSG00000148396,0.23980707881677435,0.08940471773117047
ENSG00000080298,0.3476160970208557,0.2741599518771558
ENSG00000107104,0.9344504273740368,0.6317030493663329
ENSG00000148357,0.7155434432060721,0.6467617170604769
ENSG00000095303,0.3215523110805171,0.32124334525095155
ENSG00000175764,0.40762620756556733,0.42537922172812814
ENSG00000106927,0.00650709480537359,0.009810864658865737
ENSG00000136883,0.45780338298860024,0.3112039020426028
ENSG00000159899,0.3699756257389297,0.42744090376201105
ENSG00000185920,0.625410562588624,0.652298886587288
ENSG00000164972,0.8046435868060325,0.9775375304806544
ENSG00000164970,0.906935552525989,0.9448322459219876
ENSG00000165238,0.21371960500334367,0.3739861649274039
ENSG00000125485,0.20650387580980084,0.11701772812556269
ENSG00000136872,0.7923941066812915,0.6811314375296256
ENSG00000136932,0.7441569038760888,0.549221561961534
ENSG00000107159,0.23816221020429698,0.23512080489991147
ENSG00000123453,0.7283370026069819,0.5289287618220768
ENSG00000148337,0.4440505848755286,0.5533344939505231
ENSG00000165219,0.6879980124626941,0.43237852028295065
ENSG00000147862,0.8117227788889665,0.8699418250620496
ENSG00000198121,0.15140128995273594,0.1877621701030389
ENSG00000165124,0.034977148757723966,0.06146352958899676
ENSG00000167123,0.019622119809031304,0.024948662664656774
ENSG00000106772,0.2269283439593906,0.20522923162228005
ENSG00000148110,0.9197045084921354,0.8398415205129333
ENSG00000137078,0.6400316282423635,0.4954620609236762
ENSG00000137101,0.8898466443757915,0.7824839914923399
ENSG00000148053,0.5868497051016968,0.3132126096177078
ENSG00000165272,0.7238164835321197,0.8398851318507923
ENSG00000122133,0.0497441021952516,0.07893868394459011
ENSG00000127191,0.10731620593419004,0.07773685774842404
ENSG00000232434,0.11602293235107775,0.14099746284052125
ENSG00000119335,0.34023431649939256,0.2715541313297288
ENSG00000157657,0.36523145985748706,0.3313231436743584
ENSG00000107099,0.8123414890916575,0.9652135715446923
ENSG00000090054,0.6273161231171844,0.423778017052288
ENSG00000119397,0.3156619763502138,0.246823110623412
ENSG00000107331,0.14899608705643427,0.1038892010265638
ENSG00000137124,0.8576282731280586,0.7883910835783403
ENSG00000137142,0.701109267395451,0.7733733692800991
ENSG00000214654,0.1411812697792256,0.14375416072034225
ENSG00000137145,0.6387293258944715,0.6525125548296971
ENSG00000137154,0.3989799733717232,0.4600031588039072
ENSG00000177076,0.576517653239319,0.5419117746318973
ENSG00000107036,0.9441223641784641,0.780949976979425
ENSG00000099219,0.22970508852922253,0.14610038681276885
ENSG00000137070,0.9042456346372462,0.9843542557859182
ENSG00000119321,0.7310343669369402,0.509660760924757
ENSG00000178966,0.05137766215579262,0.037868741521131524
ENSG00000165269,0.052508602901422764,0.08259621271908185
ENSG00000165271,0.412176403925698,0.12897617191276092
ENSG00000130713,0.22978638103700968,0.18341672062050376
ENSG00000212864,0.6762419108822488,0.7180227187207257
ENSG00000165684,0.13241048800588512,0.07290475215036088
ENSG00000119508,0.07178898481697131,0.139940385191256
ENSG00000136874,0.8192011990941332,0.8437445018907104
ENSG00000136861,0.7150274703104376,0.7317467335489263
ENSG00000164975,0.9710166082159024,0.9035166121389422
ENSG00000130045,0.5579119801725403,0.6251236408637574
ENSG00000198722,0.5474802442828839,0.45230434891307236
ENSG00000106823,0.007792579212874855,0.008871592249417156
ENSG00000106852,0.02537780665929973,0.07532718883912891
ENSG00000023318,0.9542313107609411,0.8072686893286375
ENSG00000196422,0.041238753652653025,0.016595540794658647
ENSG00000160345,0.263902869333532,0.1999349907738008
ENSG00000126883,0.8599281206747399,0.8779151993496045
ENSG00000169155,0.5831028816618611,0.3502112299044976
ENSG00000136859,0.06190272639997803,0.0736023569835758
ENSG00000172785,0.29233058410502216,0.32320612896247736
ENSG00000147996,0.6002021223359162,0.5914717515121037
ENSG00000181404,0.9764936275153834,0.9085920676001235
ENSG00000187796,0.4901056971791945,0.346679894883102
ENSG00000158169,0.08105081697695515,0.10714063989384262
ENSG00000119408,0.7028811517154828,0.8769645980445928
ENSG00000136930,0.9775083373307194,0.700856910229317
ENSG00000175854,0.973328915213395,0.8822540983812541
ENSG00000182150,0.30966821429559643,0.20720012088143386
ENSG00000221829,0.34348322543854903,0.26863405497223825
ENSG00000198642,0.2993371397803945,0.2920644358349175
ENSG00000099810,0.3196945135252891,0.2561559557184672
ENSG00000147889,0.992845642624432,0.7455031353907307
ENSG00000147883,0.18138301754078223,0.14043305055836752
ENSG00000198853,0.2550067716930308,0.20730446275224432
ENSG00000122140,0.16106492923350169,0.1057738753998219
ENSG00000107014,0.2267110406837448,0.20785561204540703
ENSG00000107020,0.07342210265019211,0.10942430762866374
ENSG00000120217,0.16944968001775076,0.14534741094895326
ENSG00000197646,0.48489294751428536,0.7294094898037147
ENSG00000120162,0.8625802155371465,0.8474935462318589
ENSG00000147894,0.9210411160765772,0.9699359018414385
ENSG00000177125,0.4949002116953639,0.77750932888743
ENSG00000213694,0.24950629328166443,0.1386248413267074
ENSG00000123975,0.2795216715634047,0.18758838724796126
ENSG00000119523,0.23011379997756343,0.1624423909419166
ENSG00000106803,0.772193532122946,0.5973811268614371
ENSG00000106799,0.10477511546353391,0.22640144823173078
ENSG00000197724,0.7934020892537827,0.6480924756577371
ENSG00000048828,0.6867097377358695,0.4531892725785176
ENSG00000285082,0.7284934666734948,0.5544378938418204
ENSG00000107282,0.3540328537154883,0.467794464078504
ENSG00000188647,0.5732836115753039,0.5207666085340283
ENSG00000070214,0.6832405241882151,0.6627128313125449
ENSG00000119383,0.26418610107529267,0.31819906389995406
ENSG00000229314,0.9568380976530454,0.901969676153414
ENSG00000228278,0.9272075316590451,0.7523562166528504
ENSG00000106948,0.16626895660635602,0.12216187810657411
ENSG00000095397,0.13904336873533946,0.16506541148003886
ENSG00000119522,0.5404325574114142,0.18954045493580085
ENSG00000136816,0.6722918497643786,0.46743522964189943
ENSG00000136827,0.9468297005230423,0.8245110976592104
ENSG00000136819,0.3779667804954394,0.349156856525889
ENSG00000136878,0.5661335412081046,0.5668449651325214
ENSG00000148180,0.2623417198572516,0.2598498084363495
ENSG00000106804,0.04163454774702663,0.07488699514631462
ENSG00000107164,0.5846722190285584,0.4370708237686257
ENSG00000158079,0.16477251267012202,0.24675720736306683
ENSG00000136848,0.10717108159945152,0.11293063879457856
ENSG00000283526,0.8621267094372999,0.8531073777125464
ENSG00000157654,0.0385057003718839,0.09510036605742239
ENSG00000284976,0.24138346229309438,0.19269093449330052
ENSG00000167110,0.34992830656162943,0.3744388142794123
ENSG00000136869,0.27314098080177474,0.5726385206835984
ENSG00000165282,0.5882126453431105,0.5010955779628817
ENSG00000173068,0.10648788126660128,0.11426351859549103
ENSG00000180071,0.7181639302117002,0.47069736759798564
ENSG00000230453,0.983297094405311,0.613576226513896
ENSG00000185963,0.3283359784170209,0.5501141139206007
ENSG00000127081,0.9622250285077844,0.6454867089314618
ENSG00000196116,0.6813245372048627,0.721038483409371
ENSG00000136938,0.48427186451656945,0.4701181753293969
ENSG00000095380,0.5138843393427766,0.29950283748237205
ENSG00000106785,0.43123739709374664,0.2970483974109826
ENSG00000106789,0.5357394556596325,0.480984106110494
ENSG00000095383,0.35490436256466273,0.46717645122988216
ENSG00000107242,0.19078736053784026,0.2539015637279212
ENSG00000187866,0.31529934583542885,0.4467583081526696
ENSG00000187239,0.4178188519096304,0.6301912198687595
ENSG00000155158,0.7634794722856715,0.8282653688535997
ENSG00000138835,0.9859014438939925,0.690481991498594
ENSG00000119396,0.7285776793474488,0.5559238316157589
ENSG00000197694,0.698530281622185,0.6346577749647051
ENSG00000080503,0.7075359622236163,0.5654812773329216
ENSG00000165119,0.2749752582689508,0.263863372365537
ENSG00000136854,0.6067459843807383,0.5478327417278819
ENSG00000126882,0.333534272296753,0.19629134385700298
ENSG00000097007,0.9945641140345264,0.9691564564665777
ENSG00000106952,0.30104552786588545,0.4286253350967708
ENSG00000041982,0.15000237233161828,0.13847464651634603
ENSG00000197191,0.6350942837296492,0.7105191262040089
ENSG00000106976,0.3434697537053081,0.3227028081389232
ENSG00000137075,0.5480099128708292,0.4751213746487677
ENSG00000122705,0.8754506546955296,0.6514195793915696
ENSG00000130635,0.015124670266364045,0.02603394088356073
ENSG00000085265,0.16129127581296657,0.10551451994457996
ENSG00000106829,0.6755598550720141,0.8577197540231966
ENSG00000213221,0.6835183147638028,0.8480368382003131
ENSG00000130560,0.1121746534251461,0.09093966217821435
ENSG00000148411,0.9739774555276612,0.8300916717404532
ENSG00000238227,0.36023788358822173,0.3293199614735029
ENSG00000165661,0.24765219444613626,0.11371994990521597
ENSG00000148153,0.05028990597164907,0.03566651711519752
ENSG00000148158,0.5985193641487185,0.6912180525579186
ENSG00000107263,0.9187537357804549,0.7122252976848291
ENSG00000176978,0.5980132780477319,0.4772412869440854
ENSG00000130958,0.5946072993988996,0.9940107372907181
ENSG00000165244,0.05037462969766254,0.05142329662335698
ENSG00000130956,0.4664212659681267,0.7776203516998905
ENSG00000081377,0.09709368723752645,0.08356871925778647
ENSG00000086062,0.6995801993359242,0.9525090400291406
ENSG00000122711,0.8569235655172744,0.8698861242860828
ENSG00000107262,0.25601476777124205,0.14575375070870228
ENSG00000086065,0.7797809380692069,0.405758303629138
ENSG00000137076,0.5374951718544925,0.6157630364275596
ENSG00000136811,0.462792923211938,0.339150786897864
ENSG00000165688,0.24474354073666968,0.13888720293045503
ENSG00000099139,0.17002150704118954,0.169997758211837
ENSG00000135002,0.536832505789122,0.7372043115896314
ENSG00000078902,0.7414144794517918,0.8894820217035544
ENSG00000117983,0.7681972985584725,0.7777223111522751
ENSG00000174672,0.26196313467562415,0.41357165816178365
ENSG00000053918,0.02629747529707836,0.015691344032978786
ENSG00000132109,0.3459497932128044,0.22474636717691465
ENSG00000149054,0.1515314224665741,0.513686033988457
ENSG00000110328,0.10282175144109465,0.31492932599933654
ENSG00000177054,0.426719190311446,0.32083770428858543
ENSG00000215182,0.9853337039580364,0.726211338129447
ENSG00000183161,0.7942121115487493,0.9052142617549166
ENSG00000167333,0.3824244385497737,0.30032358913961893
ENSG00000152219,0.9017728897280199,0.6808240241949884
ENSG00000129158,0.9186433962299101,0.9778914639524887
ENSG00000121691,0.6202110204021549,0.8767504926664659
ENSG00000149100,0.6192834010733034,0.8270054442644956
ENSG00000166478,0.2986593240338247,0.6314476952447969
ENSG00000179431,0.021865656238385347,0.05828507037004205
ENSG00000133818,0.1555662711124847,0.4101487194368738
ENSG00000262655,0.045587620125511936,0.0840438051245283
ENSG00000086205,0.3647506587659918,0.33919266379398144
ENSG00000198168,0.1878671759070702,0.14465546385489533
ENSG00000170946,0.8010881508584444,0.82967595837694
ENSG00000205213,0.5114598367224321,0.6754071697778025
ENSG00000183134,0.8018034159915037,0.7147817077484868
ENSG00000166326,0.506726391807208,0.6239286130999498
ENSG00000110048,0.34599880749274337,0.21075023364866752
ENSG00000167996,0.8948941456022806,0.9148645343056512
ENSG00000149503,0.07233521306167506,0.044590176142842365
ENSG00000135362,0.182368624396487,0.22038085882161382
ENSG00000110442,0.9147518127132463,0.9887842097106652
ENSG00000285283,0.5940492807266116,0.9907261964288326
ENSG00000186660,0.27628986656595533,0.18893703741386184
ENSG00000185238,0.9181592302668619,0.6725315944174826
ENSG00000162174,0.3722032925869255,0.5066368876921596
ENSG00000109911,0.9028940682696988,0.39200338225272713
ENSG00000166016,0.30879891479699717,0.4044064425638181
ENSG00000166889,0.26450415399559785,0.1731463782565774
ENSG00000134827,0.6270883129382057,0.7964062969466625
ENSG00000152270,0.12622997559560134,0.33741233975336216
ENSG00000124942,0.3680897695484231,0.4932258165449134
ENSG00000167995,0.10328766906285933,0.19253943581564867
ENSG00000011347,0.8699027041972536,0.8864653021169789
ENSG00000149021,0.6663354550675575,0.3371150192386802
ENSG00000129173,0.1749662540402305,0.10244569672329495
ENSG00000157570,0.09200647443780344,0.06388147040136014
ENSG00000254772,0.24537542484989272,0.1685915962945016
ENSG00000148950,0.4004899168525299,0.5099905311592173
ENSG00000134812,0.9976285283578795,0.8991425803913102
ENSG00000124939,0.81650737204919,0.6703850882906228
ENSG00000176971,0.018133880798140094,0.02881080568020203
ENSG00000110107,0.7703458426233938,0.7066056085208803
ENSG00000169519,0.4299079255748677,0.40321960723758743
ENSG00000179241,0.22063933282463255,0.3041885507462802
ENSG00000166902,0.2583701475220207,0.35346563249500496
ENSG00000110104,0.5410055403450775,0.4222959158313426
ENSG00000148943,0.8149581923258266,0.6044809005262561
ENSG00000132749,0.49492284461827196,0.47160074247925643
ENSG00000173227,0.0011482533623913304,0.00702150239285683
ENSG00000169550,0.09625492524619104,0.02987268016360663
ENSG00000021300,0.7138531842844456,0.6846659074982762
ENSG00000186895,0.03559759887328192,0.14291518237635234
ENSG00000077514,0.08274402191984118,0.07574056270054422
ENSG00000166012,0.21670662561633453,0.12523439433300254
ENSG00000137478,0.6261278328876868,0.914044285952704
ENSG00000166025,0.04691006733096709,0.04320069110826948
ENSG00000166004,0.14488349546079882,0.0924295206547771
ENSG00000184384,0.6297141241242143,0.7736455956525452
ENSG00000178301,0.3728002182130973,0.38885978885859995
ENSG00000137691,0.2853689185765259,0.44709618568036624
ENSG00000165895,0.714366538849512,0.835961273088647
ENSG00000023445,0.28584671670614853,0.2123223816381269
ENSG00000149289,0.034819020526394746,0.0836626152681377
ENSG00000086991,0.006388640629939126,0.012271454218590301
ENSG00000173156,0.28731359642001997,0.410410787734954
ENSG00000284057,0.6932495855173813,0.5469771011525872
ENSG00000042429,0.1928073993807193,0.15851313095587752
ENSG00000214376,0.7457941324446349,0.3408273389467036
ENSG00000123892,0.26474443115572655,0.315664391482389
ENSG00000069482,0.5505120136511262,0.9647914636397273
ENSG00000137673,0.3061674924647652,0.45044704994007
ENSG00000110660,0.4961570747148648,0.9837696613100182
ENSG00000054967,0.5291387317737354,0.21962088575980748
ENSG00000166575,0.3914467997564368,0.6663216445708133
ENSG00000137672,0.1803618258252684,0.3528240131549928
ENSG00000137693,0.8330791462560491,0.8643351712881441
ENSG00000173120,0.6468142131479071,0.8987883509993199
ENSG00000170962,0.020700861613461873,0.04968686956663586
ENSG00000166266,0.4395179904910984,0.23789650127245537
ENSG00000168010,0.5611863315109176,0.3956510690593129
ENSG00000137713,0.8311680856193742,0.7277980626650357
ENSG00000166682,0.42345156966118125,0.41037752773330993
ENSG00000110237,0.044659303420533834,0.10690399770361565
ENSG00000198382,0.6561140121391507,0.8449506708137695
ENSG00000166002,0.7164192904273935,0.7099757658133484
ENSG00000149380,0.01580801033332957,0.031093555825599997
ENSG00000152558,0.8104997344151975,0.7026360283809485
ENSG00000074201,0.7443966246170144,0.7955253305368337
ENSG00000166900,0.9317360544850302,0.9213752065798214
ENSG00000109944,0.05213428047667052,0.10284318657233667
ENSG00000186642,0.020311629715483486,0.01533990456977885
ENSG00000137714,0.24770669013629557,0.21255259070766988
ENSG00000137699,0.05657366954214829,0.07913956973728872
ENSG00000196914,0.7884268293248203,0.581942404739067
ENSG00000154144,0.46266692224213646,0.5716360504657075
ENSG00000137642,0.8140785919236249,0.9030072422412396
ENSG00000110013,0.5338924030474226,0.21552884333459796
ENSG00000109971,0.9388962521067792,0.4585944669932811
ENSG00000043039,0.9356100117401571,0.7516967565746316
ENSG00000166250,0.13121375770768934,0.13487140083137777
ENSG00000149557,0.036159164753427675,0.030676114654500056
ENSG00000121621,0.7159519228433195,0.41135454019850226
ENSG00000149256,0.043143325257787586,0.08174144496788915
ENSG00000154127,0.8626520442302656,0.4832222763837374
ENSG00000134910,0.5993804524801283,0.2754290397120161
ENSG00000109929,0.45399240903932025,0.3896719179112431
ENSG00000149547,0.4119946613759887,0.39112455528554513
ENSG00000197798,0.6975297889448547,0.9077667075983044
ENSG00000171561,0.8852999917044659,0.6795381799491401
ENSG00000110172,0.8312134753307848,0.5769180800093596
ENSG00000149328,0.6203193997371319,0.7451637356099713
ENSG00000085117,0.04865222952418997,0.06588119874664321
ENSG00000109881,0.9139640672098631,0.7372485900584929
ENSG00000110318,0.34507594234653005,0.36050080325339917
ENSG00000149534,0.15318774285747536,0.2038851374946428
ENSG00000149273,0.8123711892271116,0.6081866116835675
ENSG00000158555,0.7712679258435386,0.5204010189200948
ENSG00000166391,0.11907116839290148,0.12360311774576112
ENSG00000149257,0.08094899491653133,0.20363367511090388
ENSG00000166927,0.1709186940345548,0.3219038401917155
ENSG00000166928,0.29675309249349224,0.553929367771083
ENSG00000184232,0.6940943028999813,0.7557239488575165
ENSG00000137709,0.3366399714257581,0.8531545585771041
ENSG00000173457,0.3430857689369072,0.3329204989173665
ENSG00000219435,0.6979633002878822,0.34813957841214016
ENSG00000126432,0.8670163681906354,0.8588314880848453
ENSG00000168071,0.19220199835209995,0.16257363089385263
ENSG00000162302,0.26009724878173196,0.15769382534891593
ENSG00000068831,0.3618034649587708,0.4248019410857985
ENSG00000068976,0.2116283269893993,0.13958634239762688
ENSG00000168067,0.4119444382319726,0.48210027977390013
ENSG00000110047,0.9251361561320196,0.7975350259512651
ENSG00000110046,0.33822466992641453,0.42884513201608676
ENSG00000068971,0.9334869278363707,0.7911408059289616
ENSG00000168062,0.03776259436848022,0.04403970516430337
ENSG00000213465,0.5414868055051202,0.31145076219503903
ENSG00000171219,0.3044301556174987,0.30091170717273025
ENSG00000244734,0.1319414732067568,0.09079034662457447
ENSG00000121236,0.12236107692840838,0.109510987764667
ENSG00000005801,0.634586369050497,0.44626810500037895
ENSG00000189057,0.22697048460187372,0.11355638129016392
ENSG00000110042,0.44835465471827585,0.3464957346580645
ENSG00000197629,0.6414963149490354,0.9179327567195403
ENSG00000110002,0.3214804623459116,0.4457027805702245
ENSG00000177156,0.8072910930422463,0.5474047727513109
ENSG00000177225,0.07237235169524378,0.05782132921953638
ENSG00000177542,0.40863603974637897,0.2962967603362949
ENSG00000177600,0.4953956354827448,0.6735264636833606
ENSG00000177666,0.7194447756661072,0.9008538302573127
ENSG00000177685,0.04115527921735109,0.03456962466949683
ENSG00000177697,0.09571513872995507,0.19341595982417287
ENSG00000177700,0.29661884649033887,0.454127314570986
ENSG00000177830,0.698661187081784,0.9976190967173033
ENSG00000120457,0.8940941201153683,0.8755435669185757
ENSG00000149308,0.2521158358220235,0.10872186326146933
ENSG00000109846,0.08980782995758738,0.06268388377310438
ENSG00000170276,0.03771154851884603,0.032109561221456556
ENSG00000149300,0.4143714099400305,0.5995253613389855
ENSG00000150764,0.4906688690310895,0.3059066063436044
ENSG00000150776,0.2718307370263648,0.19780424723881831
ENSG00000150779,0.8698947726497895,0.9266503364732599
ENSG00000204370,0.19969447422208308,0.1647117352641874
ENSG00000150782,0.5975542084910617,0.43613519884868346
ENSG00000150787,0.4535085188303577,0.36721372629326443
ENSG00000184956,0.46034249972696384,0.3288387685043816
ENSG00000198788,0.3926407750834413,0.25608340772532606
ENSG00000214026,0.9205071001381812,0.6260853057633253
ENSG00000134955,0.039440987672244895,0.0894548651900817
ENSG00000181264,0.05739675088292303,0.061043915992023065
ENSG00000170242,0.43674389986051876,0.6802353091840082
ENSG00000135374,0.49855625361451616,0.7480553523846449
ENSG00000149269,0.7703111317214926,0.7693500720611917
ENSG00000049449,0.8498810692648466,0.8280538387853669
ENSG00000137710,0.10517690724156992,0.1690965514729498
ENSG00000149179,0.8653048821005545,0.7510680888066228
ENSG00000167771,0.7165507873660724,0.6536521827900531
ENSG00000110583,0.21226944824424407,0.16839026106458183
ENSG00000176340,0.33157039169084385,0.4669081719322902
ENSG00000133315,0.2571886782329298,0.29319337511987165
ENSG00000168439,0.6542143619235322,0.5644549428403243
ENSG00000130592,0.6220823661597313,0.7638774246298318
ENSG00000137522,0.769969943824617,0.9306457940422859
ENSG00000149357,0.42288563129029444,0.5625175520226389
ENSG00000110628,0.8059269162506327,0.8424336664906871
ENSG00000181649,0.7993743002761978,0.8069488463920216
ENSG00000133789,0.24313934174984614,0.3972229993412463
ENSG00000148926,0.05077535257827597,0.06705402773299562
ENSG00000110315,0.6431300517631253,0.6915245550594413
ENSG00000121671,0.11613810152514759,0.11967351016486641
ENSG00000121653,0.5116086208917512,0.47579315385584675
ENSG00000121680,0.6695063832175341,0.8894753900784088
ENSG00000165905,0.886430240914892,0.9864018330815697
ENSG00000157613,0.7496196125581729,0.9541403159510615
ENSG00000077458,0.4740184322740606,0.355049771334768
ENSG00000166037,0.2706066274860239,0.17129198351516015
ENSG00000172638,0.027144251609096604,0.021484570426201624
ENSG00000172500,0.7256871159700272,0.7267840950536414
ENSG00000175602,0.706184471141319,0.718348882709483
ENSG00000175592,0.3226542164811718,0.5368076942945617
ENSG00000175573,0.6942170681391229,0.5027133375039909
ENSG00000175550,0.7528223447315019,0.9509655604535139
ENSG00000175467,0.38649814477716504,0.34102078200912433
ENSG00000175376,0.11485726023348616,0.05621746686297588
ENSG00000175334,0.6292852863013634,0.6775456415776877
ENSG00000175315,0.007194305515950974,0.018740402190569137
ENSG00000087365,0.549558537936812,0.46163461129365135
ENSG00000174903,0.8402396456390984,0.7951361510000623
ENSG00000174871,0.8411406137062069,0.6229366948914454
ENSG00000174851,0.8108533835452875,0.8861058482588564
ENSG00000179292,0.3000127892019075,0.2995833845573968
ENSG00000174807,0.046393419636438615,0.05862754119954567
ENSG00000174791,0.2721862774659836,0.23170852553963037
ENSG00000174744,0.3556335201413333,0.2129990444627072
ENSG00000174684,0.4742590448161387,0.3719736875985593
ENSG00000174669,0.4462538442237518,0.28621666504232873
ENSG00000175115,0.1404482299752272,0.21763639863944742
ENSG00000134780,0.5687099875494681,0.6007111548077387
ENSG00000134825,0.7914830208373195,0.6927536192753802
ENSG00000168496,0.08859052198852668,0.029609996375148724
ENSG00000149485,0.11079673444497824,0.25841667848115824
ENSG00000221968,0.8546360600625272,0.8527093881351685
ENSG00000167994,0.04491633344713348,0.061825150933397556
ENSG00000124920,0.4207710827297978,0.1923124069459108
ENSG00000075239,0.6662664750096818,0.7280376257198244
ENSG00000076043,0.6967859123812413,0.888918029530506
ENSG00000137648,0.5409517127653718,0.4398371125740542
ENSG00000160593,0.4672280288862658,0.6573201287237396
ENSG00000149573,0.36455202118753793,0.22360484149596851
ENSG00000110195,0.9242798500099251,0.8670481829731893
ENSG00000087053,0.8758626149680688,0.9341378732539377
ENSG00000168092,0.8695073664965983,0.7395469238769221
ENSG00000149577,0.2713272598655075,0.44730382693654536
ENSG00000149591,0.07790766588043671,0.05327130041060596
ENSG00000167257,0.6979569067146255,0.4906873797176976
ENSG00000110274,0.45598359119257237,0.42186391169000625
ENSG00000149115,0.8624381476119118,0.8452475213289369
ENSG00000149136,0.5779272213277592,0.49778571002494354
ENSG00000149761,0.2899091749286197,0.2336449333319244
ENSG00000173486,0.9446764864581939,0.8564276852302937
ENSG00000021762,0.8132448595913916,0.7982048232802381
ENSG00000110619,0.9383633153377003,0.8949588914150483
ENSG00000110090,0.9502974191325778,0.6111252209028548
ENSG00000197345,0.9546949315387978,0.6238991440414705
ENSG00000172935,0.14620698872728877,0.1279031805816664
ENSG00000162341,0.5885588925379356,0.4081233505174111
ENSG00000110344,0.4988918094963811,0.3005833419137072
ENSG00000132740,0.36701384709079843,0.2371954997533375
ENSG00000225805,0.9043630683856818,0.78065451005026
ENSG00000080854,0.3068020093542574,0.19701984855851362
ENSG00000149292,0.1956041552843864,0.2677977589750729
ENSG00000258659,0.895788884075669,0.7843318996706223
ENSG00000175582,0.9579244318318691,0.6957707139233391
ENSG00000134802,0.5221643073842692,0.5753522563702824
ENSG00000129084,0.9649572890700215,0.7537289279580102
ENSG00000182919,0.361804614870464,0.42527965858302663
ENSG00000174996,0.430512015670221,0.29684790265023775
ENSG00000175274,0.1862604000943459,0.1904222301221485
ENSG00000064199,0.995482482292564,0.8917720599256176
ENSG00000135373,0.041524166947326184,0.022513751629707576
ENSG00000286264,0.9975514077329781,0.7853960238967819
ENSG00000110031,0.5046112972530962,0.2945051695582558
ENSG00000166741,0.011090459041518487,0.03262386845047531
ENSG00000129083,0.5692471588726705,0.978061081931286
ENSG00000149782,0.19457463540802808,0.21097173482593398
ENSG00000086848,0.17421975581392796,0.10406915907121095
ENSG00000255561,0.10271728078851454,0.13227502147570733
ENSG00000137720,0.6097349648001975,0.5307981178308412
ENSG00000133321,0.9922557738271084,0.8967705785171183
ENSG00000133328,0.2099117159202051,0.14453634649039612
ENSG00000184743,0.4595716632969997,0.7838714397726996
ENSG00000133318,0.39144297677305007,0.3904159805078058
ENSG00000188070,0.6715352680581894,0.7685895104262899
ENSG00000168005,0.526851654386683,0.5100439997969155
ENSG00000166788,0.7396872243849371,0.9596426736618371
ENSG00000148965,0.7807026457971398,0.5951287102077459
ENSG00000255071,0.8233430246395592,0.7076537488698903
ENSG00000134339,0.5208137515474834,0.370281984721059
ENSG00000181752,0.3670125777798988,0.31976169465186105
ENSG00000185522,0.7621961453553867,0.6871122037381814
ENSG00000099849,0.9712995046992453,0.7958411042461659
ENSG00000070047,0.5634554376589306,0.5010267964787594
ENSG00000099834,0.34362648560041664,0.5045369006439515
ENSG00000070031,0.3598679246076508,0.4629766855746541
ENSG00000288675,0.5175090649420959,0.5314103142680587
ENSG00000197702,0.1365641423670552,0.12400728089563084
ENSG00000162222,0.11921006589529679,0.10394679284548658
ENSG00000185670,0.43166349181545194,0.4334327284263212
ENSG00000168002,0.8476654117508857,0.8521581443651767
ENSG00000162227,0.08364652389998592,0.1792942009764915
ENSG00000168569,0.9098507972027295,0.8411176333499765
ENSG00000185475,0.8329696436727267,0.8376728109052356
ENSG00000162231,0.856333162736644,0.7841719651753329
ENSG00000156599,0.8609930863092178,0.786821887203133
ENSG00000175581,0.762892339126899,0.5562576423046901
ENSG00000181924,0.8763748332811506,0.9064691747069598
ENSG00000175575,0.3190513361681924,0.39511578232294653
ENSG00000214517,0.9448135288519453,0.6398962246012377
ENSG00000175482,0.030408555283589378,0.07607777686973832
ENSG00000256514,0.15675838079470825,0.31362271962130456
ENSG00000175505,0.010840915623428786,0.06991323682837296
ENSG00000172531,0.648064861218671,0.8819655005959203
ENSG00000175463,0.6245934539852684,0.502145404239178
ENSG00000175634,0.5440137929805472,0.5295079591393398
ENSG00000213402,0.5536879680821569,0.41915670982285047
ENSG00000172725,0.8666206482720032,0.8548649763131255
ENSG00000172663,0.7067998213832805,0.8995485864807593
ENSG00000162236,0.33885164515670135,0.26988285510509746
ENSG00000166402,0.062434323951366145,0.08334561758396926
ENSG00000182934,0.7828057161671719,0.532730370762408
ENSG00000110063,0.18974379516666753,0.1939504832193987
ENSG00000110080,0.1780841928453614,0.32327424971461144
ENSG00000133800,0.4762987019590429,0.23603681494559461
ENSG00000198730,0.39760138699007264,0.2700771801708508
ENSG00000236287,0.19291414169450796,0.2870342799237952
ENSG00000175390,0.9052737565557065,0.9675613870103398
ENSG00000149743,0.9616880654941291,0.9132723681625907
ENSG00000002330,0.7860787911159741,0.9365403770212548
ENSG00000173153,0.16018362913947176,0.14120872091859904
ENSG00000109861,0.829063679683933,0.5383460925967268
ENSG00000184545,0.3635518536243033,0.48912097666529186
ENSG00000250644,0.24687672464121038,0.1996341854268351
ENSG00000117984,0.7228742650879756,0.9035161858217489
ENSG00000174547,0.6651423108333177,0.5811251050567505
ENSG00000174516,0.7708462836778572,0.5209374840880768
ENSG00000256349,0.7812414611366851,0.7714430478773485
ENSG00000174483,0.30794152151924215,0.47998460408403565
ENSG00000174165,0.22661028557303806,0.10764183816477606
ENSG00000066336,0.5999177430883722,0.7010582122714701
ENSG00000165915,0.4885505051192113,0.4817972562722239
ENSG00000213619,0.1848453648024775,0.19495784650177705
ENSG00000110536,0.46294922674904515,0.5467986118630198
ENSG00000123444,0.7248251970077764,0.6392341598456732
ENSG00000109919,0.45514996739581726,0.3476732815510034
ENSG00000109920,0.7975681261855092,0.5352150798181278
ENSG00000165434,0.640392900758265,0.8702450353387365
ENSG00000175536,0.5273632543136593,0.49445684039172255
ENSG00000175538,0.5758991847218513,0.929999958649844
ENSG00000174080,0.17331419201430673,0.13131198912136224
ENSG00000186907,0.09580875616970493,0.11355364105429651
ENSG00000149150,0.10616211454253985,0.15574418881414762
ENSG00000134809,0.563826867980642,0.44190739965407744
ENSG00000156587,0.3421590653041547,0.24532498489942686
ENSG00000213593,0.3610506441585798,0.19428522528312517
ENSG00000149131,0.1275739912383958,0.1820247272301936
ENSG00000109854,0.22950199814099287,0.43468234861045174
ENSG00000168004,0.36119823668356843,0.28747057355735856
ENSG00000110075,0.7911632705593996,0.43302893373187146
ENSG00000180425,0.11621698198640637,0.20152266204196498
ENSG00000076053,0.3073868204138564,0.12823128181022794
ENSG00000133794,0.8282195698361017,0.8090974435987777
ENSG00000182985,0.44446210232825567,0.38800748939216734
ENSG00000175567,0.547429860960171,0.6935861018631616
ENSG00000131626,0.8481164681499497,0.7047662728859434
ENSG00000120451,0.27792260898150345,0.30759039768121477
ENSG00000054965,0.9133748533269019,0.8996620619045249
ENSG00000175544,0.17722133079220842,0.3838266585059439
ENSG00000149294,0.19759021874552365,0.09323376662028379
ENSG00000173511,0.035628088068879,0.0199456321430088
ENSG00000110079,0.04111551057774372,0.09651180899465787
ENSG00000166670,0.2833647318785518,0.5443526641085368
ENSG00000172977,0.8588851522614558,0.7750920361788164
ENSG00000172922,0.9924969489904868,0.8608870770431815
ENSG00000254470,0.2305556610651177,0.17377004755966294
ENSG00000172818,0.4689246734847544,0.5047627768319523
ENSG00000172757,0.9632929577749009,0.9528017990723875
ENSG00000172732,0.27660777417358196,0.4103495953820995
ENSG00000172543,0.8899381220918958,0.9745078930723284
ENSG00000180773,0.2589547390733259,0.32031130572593475
ENSG00000196611,0.05912905961478081,0.22285652812118587
ENSG00000198331,0.8259146965413446,0.7675751187491598
ENSG00000110060,0.38833604890019713,0.35920145307678975
ENSG00000165526,0.4080970229115677,0.26151192993108885
ENSG00000166483,0.9527804485495229,0.9183385137825308
ENSG00000110108,0.9720176006388571,0.9803528772000892
ENSG00000006118,0.46967696430626293,0.6134336814248067
ENSG00000013725,0.8435623621747317,0.6478450461976182
ENSG00000110446,0.7259756886194921,0.4807667644622493
ENSG00000148985,0.173598824808865,0.34326605381954933
ENSG00000177105,0.5197577621019106,0.5804810309647723
ENSG00000167325,0.317288326273561,0.12769617212184547
ENSG00000187079,0.12155265306581244,0.08636624920851958
ENSG00000085733,0.4383274633069697,0.255381112377685
ENSG00000137509,0.3955034959307414,0.42374541551575695
ENSG00000165490,0.10200060131881993,0.0381685942365008
ENSG00000137502,0.6210777294177866,0.5943137770444822
ENSG00000142082,0.5314296871171487,0.543061609795483
ENSG00000174885,0.31872889878504185,0.38325080440317183
ENSG00000142102,0.24149616571749513,0.166507347272368
ENSG00000182272,0.8099208477371724,0.8935163144021725
ENSG00000184363,0.8928558150499314,0.8314177225884585
ENSG00000185187,0.07947560849751967,0.09823551497062143
ENSG00000185101,0.2462065194868495,0.363202588465081
ENSG00000175591,0.5704970257261494,0.7318067360448717
ENSG00000171631,0.08583425491678078,0.19071445720623725
ENSG00000288681,0.6770630372103446,0.9647088049615441
ENSG00000185885,0.5760690660876,0.22543374050777604
ENSG00000166261,0.1758081821694787,0.11440596369343452
ENSG00000171204,0.7022207252124038,0.44450751619545603
ENSG00000171202,0.35838410474591464,0.3133157155328511
ENSG00000142089,0.34494931515088345,0.5382482120418293
ENSG00000151364,0.13166081509940808,0.2067369926317373
ENSG00000259112,0.6803115109595538,0.6386868188622029
ENSG00000151366,0.5743855783387166,0.813847769074206
ENSG00000132275,0.5072748053077567,0.7359575707479662
ENSG00000166333,0.2395638194777274,0.19460712173766362
ENSG00000158042,0.8917507738598116,0.597150079278764
ENSG00000166341,0.09567970243643831,0.11967795515490073
ENSG00000159063,0.7170693092408393,0.939184846350767
ENSG00000137507,0.020675511192495468,0.03891488057264993
ENSG00000182704,0.9194863893543507,0.8751925431391316
ENSG00000078124,0.8871385204817188,0.5727447554641754
ENSG00000198488,0.7512624572164708,0.9969385451430902
ENSG00000149260,0.2591421981490247,0.20152397427619548
ENSG00000254550,0.052967232724509435,0.03663887173598532
ENSG00000168014,0.7128295339023264,0.7932856600387802
ENSG00000149231,0.5255959560072927,0.4768978661509713
ENSG00000183340,0.5194713477240455,0.32451840258827247
ENSG00000151715,0.13836832652216877,0.13888271935169214
ENSG00000170325,0.5902672172777876,0.44506341729963117
ENSG00000149418,0.3554092152816938,0.2560679899056543
ENSG00000172409,0.451072498842068,0.3271353057131323
ENSG00000166452,0.3352101181236984,0.2946113957889981
ENSG00000175348,0.6151935792061738,0.7519221121998017
ENSG00000175356,0.03635413392276578,0.02020980880881229
ENSG00000184014,0.0552059298970344,0.09707860415141771
ENSG00000166471,0.7487031718965284,0.6588858509789732
ENSG00000205339,0.958581500383981,0.8349824693729697
ENSG00000110448,0.43496522146058225,0.42385080471847514
ENSG00000167987,0.9233848607949777,0.9118400976961333
ENSG00000229859,0.552349944665474,0.3307517279495326
ENSG00000256713,0.21018390741419782,0.09659893819987307
ENSG00000167986,0.7654570580926465,0.9655832535402203
ENSG00000149476,0.5678914627135002,0.4827466547149003
ENSG00000162144,0.7121394073615442,0.5736150275508549
ENSG00000149532,0.8865769312226182,0.7818593147861826
ENSG00000256591,0.5779547127017058,0.4343516182830268
ENSG00000167985,0.5124763408226847,0.37445800362479864
ENSG00000162148,0.5703399503882889,0.8638422250285882
ENSG00000204950,0.4887767957552551,0.395429058254841
ENSG00000149016,0.3219543754313647,0.3862318041564089
ENSG00000149480,0.057679333087358405,0.061412381402221466
ENSG00000149499,0.8723830766646834,0.8122706229494687
ENSG00000149489,0.70053486983758,0.7525026092865135
ENSG00000149541,0.31340623171887383,0.3835664894121542
ENSG00000089597,0.654689214110217,0.37461820108650823
ENSG00000185085,0.551202212862731,0.5383810087631071
ENSG00000278615,0.22963313007206368,0.2982688231326221
ENSG00000204922,0.6764112747460611,0.9834081045296973
ENSG00000162191,0.9254170569706305,0.893886556212512
ENSG00000177363,0.23194898114221055,0.23113617983956672
ENSG00000214753,0.3295759474221507,0.3906144198482131
ENSG00000150768,0.4179715033943381,0.26850670610863037
ENSG00000166352,0.2330690060574086,0.13616671975885292
ENSG00000150773,0.23960157062185017,0.19070060261258795
ENSG00000186635,0.9055384873158702,0.6622677732136745
ENSG00000176485,0.20990204590953443,0.4312333484198234
ENSG00000133316,0.8377648405858464,0.8759240296173502
ENSG00000072518,0.19135038685351183,0.15824540815098553
ENSG00000165916,0.9403284366161841,0.8718635986585517
ENSG00000171533,0.020534719498604685,0.025328104481605992
ENSG00000214530,0.8037224105896528,0.9718862454578822
ENSG00000196954,0.37175930113576305,0.20565943230281822
ENSG00000137757,0.1982073805751028,0.11089822374930515
ENSG00000186166,0.1250954230429445,0.06800172270681046
ENSG00000118181,0.7892234427504339,0.8113838669214568
ENSG00000196655,0.9110397426793793,0.950285001099772
ENSG00000172375,0.5904494237704224,0.35985949713367626
ENSG00000172273,0.14415353056126826,0.14149368127265524
ENSG00000076706,0.09184209027548601,0.05993503006757819
ENSG00000173020,0.4619167957768556,0.7283115162689182
ENSG00000172932,0.4166616107891872,0.4903159325998281
ENSG00000172830,0.48169808812903314,0.6578717870029595
ENSG00000172613,0.9644250837518034,0.8617816030907304
ENSG00000110697,0.2258620897459816,0.07988049888610624
ENSG00000167797,0.9853748974776011,0.9722602399885348
ENSG00000084207,0.3814749150200375,0.4914512506567744
ENSG00000167792,0.2288963350405988,0.2246202390139083
ENSG00000167799,0.16329309534401465,0.10431370965699084
ENSG00000132744,0.9139296708716264,0.7925050667311563
ENSG00000132256,0.26551901583355075,0.1093800536940298
ENSG00000132254,0.4065657311709915,0.15987735079347523
ENSG00000132286,0.6429003054977414,0.39780503330812755
ENSG00000166340,0.06919248624230154,0.20491053621723343
ENSG00000134824,0.5324155636764247,0.8494066153655466
ENSG00000173113,0.6553942876265051,0.6553755255997353
ENSG00000137504,0.4174876588369427,0.2119324171183347
ENSG00000188211,0.5520655988598131,0.15722956232941707
ENSG00000109906,0.17927577206196255,0.1310374745632518
ENSG00000006611,0.9455608722130686,0.885115932839416
ENSG00000183801,0.0222586132818062,0.03024784247912414
ENSG00000166387,0.7724558421803943,0.8191567871266867
ENSG00000166394,0.7401523702268993,0.7679917098982585
ENSG00000137656,0.2937632303391135,0.20730718238959844
ENSG00000109917,0.8608636740339717,0.5316526489190512
ENSG00000110244,0.10764058789652964,0.111970215296546
ENSG00000110245,0.01630110641016427,0.009007310984200254
ENSG00000118137,0.01763567978476783,0.01869794044561311
ENSG00000160584,0.8730398297557042,0.9478169135114161
ENSG00000168000,0.6877894493630328,0.5199545224755215
ENSG00000173992,0.8115158251387806,0.7283544890887473
ENSG00000239306,0.21064447411407886,0.1815403311783183
ENSG00000248643,0.6959917765674906,0.8233761449851864
ENSG00000173933,0.8739199530728098,0.517593187088714
ENSG00000173914,0.3461786030310251,0.22227102756306952
ENSG00000134909,0.7390612607825001,0.6431023693810853
ENSG00000171714,0.11917853406693292,0.22205427432198716
ENSG00000187486,0.048685615136320644,0.07554410880970697
ENSG00000110711,0.3501441015155763,0.6812635646911689
ENSG00000172890,0.26526872293043774,0.07136362067835642
ENSG00000137492,0.9525309526869746,0.5949821075984185
ENSG00000179240,0.3936201183393031,0.4874108428419024
ENSG00000198561,0.4136559436080479,0.4084299369958646
ENSG00000074319,0.15032021429177986,0.2486782044542513
ENSG00000151116,0.9625866467524443,0.6738012894989893
ENSG00000179119,0.43901096396692574,0.20300109756378135
ENSG00000129757,0.6291131432427319,0.44059401285715394
ENSG00000166199,0.4602153491974711,0.5083273148225926
ENSG00000110455,0.6997794860233013,0.6586372535029793
ENSG00000151348,0.13767890506443145,0.25397729381247625
ENSG00000166801,0.08258509435089464,0.05042601993208433
ENSG00000173898,0.6374190959174207,0.9079557910040679
ENSG00000166441,0.4223346740340924,0.4954846007991406
ENSG00000149968,0.8307335124300923,0.7649374059654505
ENSG00000262406,0.17993582217581422,0.10339002963749293
ENSG00000137692,0.4952337548943655,0.561156049468263
ENSG00000174915,0.09617915370898293,0.10326163377756158
ENSG00000149089,0.43231589415279337,0.5469858235614995
ENSG00000110435,0.7836837710885833,0.9221397147659028
ENSG00000019505,0.021593992467908517,0.025521132425777027
ENSG00000177595,0.07171868677812114,0.07228240190856693
ENSG00000186318,0.0955292708100307,0.13460957362137632
ENSG00000048649,0.8053498071930029,0.8907399587276843
ENSG00000110077,0.38923749854205425,0.6523002724417057
ENSG00000166106,0.03601359798545267,0.04357699161108085
ENSG00000177042,0.40835563535464436,0.3923046717008627
ENSG00000229183,0.371057232547526,0.23087210626617094
ENSG00000181785,0.7604934753867947,0.6373429659792872
ENSG00000149554,0.23263099001710297,0.14687692121119822
ENSG00000072952,0.14714718117942405,0.1667294924868635
ENSG00000167800,0.5079457180481477,0.5170799853808132
ENSG00000177963,0.9747942571970329,0.9109686106427435
ENSG00000172269,0.6384577339395646,0.5970837972199543
ENSG00000182667,0.014557438332557578,0.031807341243520144
ENSG00000170322,0.48751150971275947,0.37258587570087
ENSG00000110497,0.9665881431260344,0.8580939756720138
ENSG00000154114,0.027639762705487955,0.04881698927476562
ENSG00000050165,0.18482177567014932,0.1378066109920485
ENSG00000129167,0.8149411548341091,0.9256386331603547
ENSG00000150433,0.05737271887379371,0.09105785613035176
ENSG00000110693,0.8855304232505335,0.9868820040972051
ENSG00000137491,0.28519902801328795,0.3777596352465782
ENSG00000137486,0.9363304056062961,0.885779267426078
ENSG00000149243,0.7126562278871684,0.2999207200317427
ENSG00000064309,0.6740144173054836,0.5802279456491068
ENSG00000110700,0.41404254672455987,0.7340985014895217
ENSG00000011405,0.6721845075310473,0.9147560932669113
ENSG00000110011,0.8954104346305778,0.6967041765749884
ENSG00000156603,0.7143276904630713,0.6410720027709942
ENSG00000149582,0.8862552950328118,0.7486945235625759
ENSG00000118096,0.9454254747519186,0.9921389354401897
ENSG00000198851,0.6582527703783092,0.4520989035347249
ENSG00000118058,0.4921571724276236,0.2916920439971298
ENSG00000135365,0.700532033008583,0.6471802813398491
ENSG00000232268,0.6770503967624871,0.9743762254089877
ENSG00000133895,0.26850903987664176,0.24407834706567685
ENSG00000156689,0.3079657467876033,0.24806553477625823
ENSG00000173465,0.6802888906446154,0.951519333292019
ENSG00000176973,0.8905125403365994,0.6480382367553577
ENSG00000173442,0.44580668776571164,0.3869480489766718
ENSG00000173327,0.4024850792152369,0.5331969637158289
ENSG00000197136,0.13535288247115285,0.08888483672858334
ENSG00000213445,0.6709458811660863,0.756247810670361
ENSG00000214787,0.798866415980625,0.7152389896391078
ENSG00000168056,0.11747781602064776,0.20650595479277978
ENSG00000168040,0.7980772946472254,0.7978880992470766
ENSG00000131620,0.8964327187360815,0.8093360095117133
ENSG00000160613,0.03234338992162928,0.022302987095132922
ENSG00000110367,0.4032276131967518,0.2014304484863364
ENSG00000095139,0.8546945706666349,0.4685297081386752
ENSG00000149196,0.1165620812061957,0.0921691994191126
ENSG00000137497,0.822097689212396,0.8937928898314499
ENSG00000110330,0.48516676506299905,0.6192546900436189
ENSG00000023171,0.5399196567937943,0.46799885092101734
ENSG00000137745,0.17698949074749779,0.12786727110567045
ENSG00000177106,0.9593758531418072,0.8589059712319866
ENSG00000185627,0.6849763539822606,0.6141178242957464
ENSG00000110171,0.6302854736871167,0.6746663837355389
ENSG00000211450,0.40957856272166104,0.3621606484355018
ENSG00000110492,0.7918246983345418,0.9920876513368987
ENSG00000130598,0.09507823009215186,0.03362322302055138
ENSG00000142186,0.6628908223347009,0.8102726066610532
ENSG00000019144,0.1312536722437364,0.2043094138490614
ENSG00000085741,0.14696553248535313,0.3330875047954698
ENSG00000165457,0.06382685522392477,0.1256109869906684
ENSG00000165458,0.9630974057928594,0.7717270839061885
ENSG00000026508,0.12091891346824711,0.3435143705926321
ENSG00000137474,0.47676856064271245,0.2250320770486848
ENSG00000166833,0.22559915040946177,0.14307428200643535
ENSG00000070081,0.7575326204996706,0.8984444583678517
ENSG00000110218,0.4951828475464838,0.6198400119160632
ENSG00000254986,0.18832990175760803,0.09659201160956361
ENSG00000110429,0.27427812153887393,0.41785105496273756
ENSG00000133805,0.6827062505481905,0.8130278351600009
ENSG00000177951,0.5896337128572912,0.986990827405338
ENSG00000148935,0.5439548095276404,0.3705781237376652
ENSG00000188486,0.3241232368799887,0.2850669618732166
ENSG00000134817,0.0655665995670418,0.10571849157524503
ENSG00000185201,0.5926595792411173,0.9367544334940967
ENSG00000110200,0.8747654432039131,0.8217572582913772
ENSG00000184154,0.9767034346775119,0.9516690594184544
ENSG00000110756,0.9490735131650174,0.9677006971024404
ENSG00000110768,0.772803237150193,0.8521688908303156
ENSG00000173432,0.29666829332236516,0.22338861402692967
ENSG00000110777,0.6055913282141814,0.4177570192607041
ENSG00000204381,0.08094721134014894,0.08057999253768858
ENSG00000170145,0.3960117715903153,0.7307951282435513
ENSG00000151117,0.13260625755786629,0.23283037409334686
ENSG00000166086,0.021833751228167612,0.02663791013058957
ENSG00000151502,0.5243255405809211,0.548850035482187
ENSG00000151500,0.9836794509403337,0.9769663434221136
ENSG00000151498,0.5949995189523483,0.5418725645419187
ENSG00000149311,0.9110520199159583,0.6798913997146047
ENSG00000177030,0.5937606673101566,0.5104395798774106
ENSG00000162105,0.3924142034889726,0.39474136936424975
ENSG00000151503,0.4476256254763633,0.6568839275539229
ENSG00000183020,0.7584078425389915,0.7643893531731328
ENSG00000172893,0.7664017173725596,0.9974647681841431
ENSG00000110074,0.6482527555677626,0.5569068105664159
ENSG00000214063,0.11416359816834497,0.18846861506241333
ENSG00000166337,0.25031664996268244,0.31684947850131717
ENSG00000187049,0.7805395465224265,0.43517689682849725
ENSG00000166444,0.6301453420558003,0.2764333998686231
ENSG00000133812,0.9498478849702241,0.8610573491768021
ENSG00000160695,0.714601622934756,0.5540456201786148
ENSG00000150750,0.7035349827505561,0.5099099202553394
ENSG00000214290,0.08724152334073829,0.18139584844470816
ENSG00000178105,0.768572274549627,0.6231831586336101
ENSG00000173456,0.6126947799208975,0.4906238044178908
ENSG00000223953,0.021215445776188842,0.028814818537492834
ENSG00000036672,0.27923128916474943,0.2791415175130698
ENSG00000154096,0.031950657707861485,0.02649229740430733
ENSG00000248712,0.7660668397923182,0.6250012226039586
ENSG00000172927,0.7513793970852622,0.4905551661433941
ENSG00000110092,0.21523647862926118,0.1131650586745805
ENSG00000149716,0.4336325209005226,0.36750580454456705
ENSG00000162344,0.37476618294906394,0.5871594157368971
ENSG00000160683,0.7701901422175876,0.5349014854338814
ENSG00000186174,0.7221388992788107,0.5061488618736345
ENSG00000110375,0.03029480570135315,0.07837123811226421
ENSG00000256269,0.3939447430734665,0.24417128053501308
ENSG00000149187,0.6169088581655778,0.534050077875778
ENSG00000156738,0.9411922084548288,0.8705291936383487
ENSG00000149483,0.8847318154553007,0.520482712942443
ENSG00000166407,0.6327385246339747,0.4601038962972548
ENSG00000130413,0.5143903390304146,0.3275239930724198
ENSG00000172508,0.5179836971199991,0.4054095465476021
ENSG00000137494,0.1892287896472974,0.11150625756948761
ENSG00000165494,0.32965148947140793,0.26808835235185535
ENSG00000247595,0.7318022718422305,0.8381639334410985
ENSG00000149043,0.18195836282999348,0.09819563949291701
ENSG00000162194,0.9146789295534262,0.8125834146497548
ENSG00000152404,0.4408854130216028,0.3875305588788479
ENSG00000007372,0.17016547480159516,0.08167680975167933
ENSG00000137501,0.8404004017293467,0.6382846198113372
ENSG00000030066,0.6096436826333063,0.3752041796081984
ENSG00000149428,0.6158583718468202,0.4001351183540576
ENSG00000188997,0.36901865128658673,0.4908318773143683
ENSG00000118369,0.4022524690395296,0.6029801180111287
ENSG00000033327,0.38073536028682564,0.3124435538478853
ENSG00000167283,0.41425242761553593,0.35438860242705605
ENSG00000137513,0.8970361549907196,0.9479268396900122
ENSG00000158636,0.6002376159974638,0.32589390214555053
ENSG00000183734,0.06057793654902291,0.17156385501201843
ENSG00000149091,0.8136554183335513,0.7071916290857849
ENSG00000167286,0.5817481349393847,0.345059317139611
ENSG00000160654,0.33794544025809387,0.2711462430288378
ENSG00000285827,0.08770794211271411,0.038875803420995024
ENSG00000137752,0.2651827066605267,0.25471659839393157
ENSG00000162129,0.7610593900844267,0.4156605399648884
ENSG00000110025,0.490023421553773,0.7474815428223971
ENSG00000168061,0.06430792472685398,0.07936084269492993
ENSG00000168060,0.0185196795040047,0.01287127962651662
ENSG00000146670,0.23327347943157795,0.1611490751395253
ENSG00000162300,0.7279920170953723,0.903793980986724
ENSG00000149823,0.14493990599540624,0.18431368128138464
ENSG00000149809,0.5493402255682645,0.3729566121745117
ENSG00000174276,0.261356803882904,0.2564616075774003
ENSG00000149806,0.717386533556037,0.7423509420927255
ENSG00000162298,0.4464021340807941,0.2654139624858562
ENSG00000149792,0.7242454504724454,0.47795877617696203
ENSG00000014216,0.7671435713206758,0.5950634074388623
ENSG00000184281,0.8725801083969148,0.6869803666621499
ENSG00000137731,0.3140702311685915,0.3420724016455481
ENSG00000137726,0.11688105715654103,0.09792102138209553
ENSG00000110324,0.8806790151440738,0.8420299137882472
ENSG00000170955,0.0903594878718007,0.11991326443204381
ENSG00000166311,0.021501235121789357,0.025181349027434796
ENSG00000175352,0.4266694943019266,0.28631061327431884
ENSG00000110696,0.7551841260868113,0.9774600211932319
ENSG00000134627,0.6364680649838792,0.5575941857874654
ENSG00000196371,0.28830902606142883,0.2286726148086792
ENSG00000204710,0.4618170462658838,0.4919769605999177
ENSG00000149262,0.8260462176076235,0.47715365396187515
ENSG00000086827,0.31843046589764973,0.17999769281692138
ENSG00000110400,0.30799393330623837,0.44330899433742377
ENSG00000151702,0.4820630254794974,0.622045634703517
ENSG00000048028,0.37808679574101567,0.2409572204898933
ENSG00000182208,0.8367912365024324,0.8554899852786375
ENSG00000150316,0.8359437026951382,0.8189748530598734
ENSG00000263465,0.8393530958961428,0.6109691629571267
ENSG00000149218,0.4551862719957067,0.8300846438058416
ENSG00000149212,0.6443199638691754,0.8918194665824895
ENSG00000175104,0.885429849457279,0.6912215756850937
ENSG00000175264,0.08088956582288,0.09702964348784143
ENSG00000181830,0.7688240526556912,0.6619691477715037
ENSG00000173715,0.13354277422938327,0.18785833934761842
ENSG00000173653,0.370775973488514,0.27699784209303147
ENSG00000173599,0.08753086622318615,0.13441293467029874
ENSG00000173621,0.12861956963862312,0.04586236759611648
ENSG00000173237,0.1750625504814936,0.4863933087293204
ENSG00000137700,0.15518990437067037,0.18049246247343945
ENSG00000149798,0.04221929692823821,0.11191015150707821
ENSG00000162241,0.666006355668078,0.5795027142147896
ENSG00000126391,0.15692374259784528,0.12924744822333234
ENSG00000173039,0.7876833471492172,0.7657882628717547
ENSG00000023191,0.40363877931267045,0.37060604242474127
ENSG00000006534,0.26917901291789936,0.4248287012197902
ENSG00000110717,0.6343695801495727,0.8637657752212982
ENSG00000110721,0.6674626872087228,0.8265996091966386
ENSG00000171067,0.265739245801119,0.4971663006726106
ENSG00000162337,0.8712167224771108,0.8417632450272545
ENSG00000084234,0.04145822020515358,0.05533193752044052
ENSG00000196323,0.7808944400892355,0.6119133976012836
ENSG00000134917,0.044393927268785126,0.05368031037835703
ENSG00000020922,0.623458472210276,0.7505326415704942
ENSG00000168876,0.252520073628549,0.16888988348345535
ENSG00000185507,0.7202205653617222,0.4375278507773088
ENSG00000173264,0.23515716891008148,0.34435124945426476
ENSG00000137760,0.3735765351194593,0.1761147159285162
ENSG00000110719,0.18410738694364773,0.17296309457868966
ENSG00000019485,0.43711354597050656,0.4333775209329319
ENSG00000137500,0.5454233625522049,0.6277776055363741
ENSG00000166689,0.9012312907301689,0.6754238871956895
ENSG00000149177,0.1125019092642608,0.043933548530304206
ENSG00000149781,0.11630095023975777,0.12975210557147535
ENSG00000167323,0.48784544019584586,0.5091401443816197
ENSG00000132274,0.44436027433676395,0.6283740129045732
ENSG00000087884,0.4183121358235953,0.2911115106660528
ENSG00000110651,0.7747763959005225,0.9530994104857401
ENSG00000166405,0.6598609754282796,0.6474640103760483
ENSG00000110057,0.94085753561028,0.8488482422419249
ENSG00000254469,0.37515381266369574,0.3360277892948175
ENSG00000137496,0.8157116896371608,0.5877332056403504
ENSG00000132746,0.6171034600304006,0.7678479096218418
ENSG00000189431,0.9201113367200472,0.9915935238080085
ENSG00000165912,0.2982202853591946,0.4697396176019526
ENSG00000134574,0.08467396913696291,0.08610767735247322
ENSG00000134575,0.8040779917572619,0.7056826284934463
ENSG00000025434,0.4676747297475583,0.5394648460803649
ENSG00000149182,0.7885847519102039,0.7298657498912616
ENSG00000110395,0.6436995664872991,0.41680811099218107
ENSG00000168003,0.4786566635150594,0.24539464322301383
ENSG00000150455,0.12480737617103657,0.08113103890790488
ENSG00000110066,0.7805624712626776,0.5073806642896059
ENSG00000149084,0.822121469057894,0.8373673441656805
ENSG00000187479,0.03859212385774408,0.06125856161299324
ENSG00000148925,0.7158428056801412,0.9149494308849718
ENSG00000197601,0.849699913488164,0.7144528459426562
ENSG00000137747,0.49516620882193507,0.4228377464537264
ENSG00000133884,0.9203698155358261,0.9915205117822131
ENSG00000166439,0.7515392697658592,0.5117641021389052
ENSG00000118363,0.7458332496557478,0.3174021213766784
ENSG00000162139,0.9622238068570864,0.886351280482651
ENSG00000170903,0.8551647116533786,0.8610318018006017
ENSG00000182359,0.7573439499246419,0.9425864231228162
ENSG00000149313,0.9874997013884578,0.8546058110380239
ENSG00000205531,0.6832402902075345,0.4316075538378492
ENSG00000154146,0.6436982583976552,0.927877248671206
ENSG00000019102,0.7589851722860137,0.8560348788248084
ENSG00000149564,0.12683366137143462,0.18630535092682488
ENSG00000120458,0.9456299048646959,0.8195603381124019
ENSG00000154133,0.07297919429502253,0.08267945918854412
ENSG00000149548,0.17826799509284083,0.24934352143999158
ENSG00000165478,0.49554920744957864,0.7556522793873128
ENSG00000166181,0.39415570408893574,0.2530178614266064
ENSG00000052841,0.468918793343034,0.23804889423515935
ENSG00000176148,0.30840792947525963,0.3184275301385737
ENSG00000176102,0.46910350551809865,0.4509439256853979
ENSG00000110422,0.3184267601529925,0.3979033838720605
ENSG00000110427,0.008139631467708859,0.00737066971535174
ENSG00000135363,0.9877065541011676,0.9769165987813019
ENSG00000135387,0.9570831364143356,0.8853304171589668
ENSG00000135372,0.6957138540548556,0.47341674799590505
ENSG00000110076,0.13649841689355738,0.2330484042915432
ENSG00000284969,0.059746874402322674,0.21345151556671757
ENSG00000051009,0.7563772377409301,0.9572490256891014
ENSG00000166313,0.050442135771936576,0.03938279102756879
ENSG00000054938,0.0974548376458393,0.17951501523987776
ENSG00000166435,0.5364175786976066,0.7874801760911793
ENSG00000062282,0.6841843957071576,0.5335688904589189
ENSG00000166436,0.43289802403759203,0.2696231371052551
ENSG00000186104,0.17762754923776042,0.24759599220601844
ENSG00000110680,0.7235609796479069,0.4592997577236968
ENSG00000110321,0.5209621988843645,0.9823456541942439
ENSG00000134954,0.28416954981314396,0.4187636581236368
ENSG00000085063,0.020717474697872253,0.06041744098367823
ENSG00000167244,0.6135879275202535,0.4964519841359015
ENSG00000150672,0.8560488120237684,0.599172219017177
ENSG00000110723,0.13523879131670224,0.11630755765111575
ENSG00000178202,0.18451646980974712,0.33928652081285554
ENSG00000014138,0.03010251515823885,0.027090984531691006
ENSG00000160588,0.9327095227548576,0.8822633145704653
ENSG00000134333,0.362737425292171,0.6647867050014868
ENSG00000168066,0.8845937919955995,0.7551496950800953
ENSG00000151376,0.25883296613905854,0.24702079909929286
ENSG00000160703,0.453521543063799,0.462077225313552
ENSG00000166959,0.9927770459862598,0.8595438086105964
ENSG00000166961,0.46816916009553344,0.4361055836089982
ENSG00000149090,0.003358239284075721,0.00532378114630167
ENSG00000110514,0.6542170379562245,0.6590470333191496
ENSG00000110713,0.9597311776148619,0.7145823154206503
ENSG00000133816,0.7812440182732774,0.848912360648999
ENSG00000180423,0.6030571829937337,0.41732191218659553
ENSG00000175224,0.6803501294552794,0.5355999537712337
ENSG00000175220,0.4462751568126406,0.4819655250913395
ENSG00000175213,0.23921501919785154,0.2300525443118377
ENSG00000180210,0.008482481038517935,0.006064167164464376
ENSG00000175216,0.9667675704393099,0.7366216913749573
ENSG00000134569,0.5520403186164706,0.46859033686452267
ENSG00000073921,0.392729533651746,0.5975663316309083
ENSG00000074266,0.11105008045740067,0.03940132665044064
ENSG00000150687,0.026762686211457932,0.020190014263139423
ENSG00000174804,0.06762289062371853,0.1138972078361972
ENSG00000135378,0.3544515048597998,0.4240712880967974
ENSG00000060749,0.4322081439666483,0.7001274440215501
ENSG00000121690,0.8132570301994799,0.9545567180707707
ENSG00000167770,0.7213160617222105,0.7076309896092523
ENSG00000174775,0.9206250475678743,0.9066135878130634
ENSG00000141258,0.9050570325552124,0.9178063666452544
ENSG00000185722,0.8936257575033701,0.7714806662954556
ENSG00000074755,0.4525208316576198,0.31479999873528886
ENSG00000167193,0.7132859944208765,0.8275009015771746
ENSG00000129195,0.6454076811168987,0.5036896861168221
ENSG00000004660,0.8732670281936536,0.9482130541027982
ENSG00000108405,0.7026138335677675,0.7470566707036259
ENSG00000187624,0.37805742486508886,0.5406639219606022
ENSG00000091622,0.26926609829180226,0.2762439006426764
ENSG00000256806,0.8315843022343792,0.9800712509947554
ENSG00000141040,0.21661199507212187,0.0774294214005679
ENSG00000074370,0.2740351887252741,0.2979017713209861
ENSG00000141485,0.11392658217789456,0.058242889205511066
ENSG00000171953,0.2576033349794548,0.23380933865723244
ENSG00000129235,0.9413518105415959,0.6432919720281257
ENSG00000198920,0.552598535346533,0.32855578615361575
ENSG00000181350,0.28441690404910197,0.2909198287071311
ENSG00000074356,0.48030605774903856,0.8786188608480882
ENSG00000189152,0.9519791476792638,0.8044663127943943
ENSG00000142494,0.9908177094549774,0.6782922512595543
ENSG00000109046,0.11251904935102176,0.26526660045661554
ENSG00000133027,0.8217573854200868,0.744641197398598
ENSG00000108590,0.6823440834434791,0.8784920934707969
ENSG00000124422,0.4769318261453326,0.35723173344555925
ENSG00000091542,0.2822289611299247,0.18689149755693057
ENSG00000108591,0.8822650365093356,0.8998392470104386
ENSG00000274180,0.8031264922803892,0.9208512578913743
ENSG00000108582,0.17999765717391736,0.28190104173795644
ENSG00000108578,0.01633709565744777,0.03204526772382253
ENSG00000198783,0.701432709220018,0.713019665160099
ENSG00000126653,0.7685525744756806,0.9141750591628305
ENSG00000167693,0.0901625211027945,0.07959250945999287
ENSG00000141034,0.6065684477769342,0.6912646170936303
ENSG00000006125,0.6495988404819388,0.9063730168618317
ENSG00000132141,0.5143132548107785,0.6249188822930087
ENSG00000141127,0.3234167906371807,0.3883216938596695
ENSG00000005156,0.6801915814493682,0.7616628151362719
ENSG00000141738,0.5109070744214009,0.46109617898893374
ENSG00000278540,0.9586915912077857,0.9264482113451236
ENSG00000171532,0.48900634737225224,0.2974531501772577
ENSG00000094804,0.9766941687069363,0.7210003780705405
ENSG00000108344,0.48349333233931246,0.33032435410673455
ENSG00000161405,0.661559219302245,0.4388875612130547
ENSG00000161395,0.11461935115034359,0.1439045703179391
ENSG00000171475,0.5110064493134236,0.43641707900293514
ENSG00000108599,0.449540461969563,0.32303566635803876
ENSG00000276234,0.371361575137234,0.5844207343621555
ENSG00000125691,0.2637779464460017,0.3146829074048817
ENSG00000131771,0.44315526876976996,0.5247419451553942
ENSG00000278505,0.2908156891735343,0.16332811832073652
ENSG00000183153,0.24638699594048166,0.20411366038226292
ENSG00000108306,0.41613792236060254,0.4674952307203356
ENSG00000141741,0.28431131162685463,0.27837124012106235
ENSG00000188895,0.38314401179683,0.2817650413679983
ENSG00000131759,0.06664687522950477,0.0627247182525347
ENSG00000126353,0.9980396671937236,0.7277647245505898
ENSG00000141744,0.13429731575910633,0.16938870109654144
ENSG00000002834,0.6194137294279219,0.5491237504277955
ENSG00000167914,0.9205514014127599,0.5491216738912741
ENSG00000172057,0.49915012898651,0.40591567143869345
ENSG00000131746,0.7108596679009493,0.8031310716710227
ENSG00000172301,0.11823478851113645,0.09727674716357818
ENSG00000186566,0.998410016178091,0.6705282103547882
ENSG00000131471,0.1312538942096364,0.10630886003133778
ENSG00000188522,0.03252372806135289,0.04511154728719949
ENSG00000131748,0.18179848744294244,0.2875585230745402
ENSG00000125686,0.7588597706685163,0.9878580994465241
ENSG00000141753,0.1437904233401228,0.15748539118110574
ENSG00000126581,0.4879535240500058,0.6375322936208851
ENSG00000197566,0.3523132731363655,0.39076965934840757
ENSG00000183688,0.2558070600001584,0.24917564479226417
ENSG00000126562,0.6511350653458172,0.708458996542436
ENSG00000229637,0.7787069627418398,0.6714042084756461
ENSG00000108848,0.29646097909628516,0.2703654149559442
ENSG00000132530,0.9863305308955761,0.7451974419693299
ENSG00000108349,0.5257740253658274,0.45743660308672784
ENSG00000167183,0.006587416634323086,0.005998013778961149
ENSG00000126368,0.0046781171258907005,0.014735289626834324
ENSG00000108651,0.8994399743271126,0.9648850139699948
ENSG00000154945,0.38116796335982905,0.42944168994135057
ENSG00000108465,0.07615259104461582,0.07301735482497938
ENSG00000108798,0.6773913356242262,0.8836327666300574
ENSG00000159202,0.6504138157948541,0.498146159051046
ENSG00000189120,0.006440061552056606,0.012618799211206537
ENSG00000183978,0.8810542185809979,0.7383379412902596
ENSG00000167083,0.6660949065959842,0.559117850475884
ENSG00000005243,0.024372234620181545,0.022199084418365916
ENSG00000108846,0.8470432066768867,0.6292437546811636
ENSG00000005884,0.1699424561965479,0.46399351400049227
ENSG00000073584,0.4002813535867785,0.33752292534366646
ENSG00000011260,0.6448875132107211,0.7189149008897913
ENSG00000108423,0.16843657361414924,0.39970814596968784
ENSG00000108443,0.6212631458255353,0.5801345894079242
ENSG00000011052,0.8409582916711689,0.9276169563344253
ENSG00000189050,0.7703936574361476,0.7520808213391083
ENSG00000121068,0.20221704881052785,0.2023682956973116
ENSG00000108984,0.2735977913530979,0.31067983695746343
ENSG00000154229,0.8440379508958418,0.8103466740779587
ENSG00000141198,0.520784991895362,0.4937853578079432
ENSG00000064300,0.16737115486307372,0.1517478306629603
ENSG00000141232,0.40611978059074083,0.36567498810857646
ENSG00000075461,0.07033616608899884,0.16039196328439576
ENSG00000159210,0.9705591219477672,0.6006408238948606
ENSG00000069188,0.23687357674612355,0.18704680610730057
ENSG00000180901,0.2725781184870851,0.4053763628085404
ENSG00000198265,0.9384810606539957,0.7540683990318162
ENSG00000166260,0.8428061210594129,0.7107925064283387
ENSG00000108468,0.7217752184824906,0.5323442646629203
ENSG00000108510,0.5253886612124774,0.4181023430430443
ENSG00000082641,0.7881676831132485,0.7890274937821586
ENSG00000108671,0.9829034198685974,0.8928139163038543
ENSG00000034152,0.45778224858881833,0.26809350049196334
ENSG00000141293,0.6054723182768175,0.4336784322077166
ENSG00000131747,0.7312444960662576,0.6086555917439531
ENSG00000167434,0.24413990663940083,0.3432451051381459
ENSG00000159199,0.13869541705795957,0.2417687635401233
ENSG00000120063,0.7134157471050944,0.49149112902538383
ENSG00000169696,0.16384322807003707,0.29993625058101525
ENSG00000141570,0.4541276058215806,0.2863601041288242
ENSG00000159217,0.19664347611722507,0.26457063988555657
ENSG00000062716,0.8772264867606002,0.8425659679506446
ENSG00000011258,0.6125213579973032,0.5875089316716658
ENSG00000170832,0.6711639811031872,0.8040665411374253
ENSG00000267318,0.6365699711623796,0.979125194543511
ENSG00000141568,0.6670487253543922,0.644422379620585
ENSG00000154265,0.8186598809016773,0.658695661005302
ENSG00000166263,0.7430640070435572,0.7572649337979881
ENSG00000141179,0.5471594818887504,0.68309915304348
ENSG00000141298,0.8982969092779578,0.5324319475709116
ENSG00000166292,0.10534817886149646,0.09909945963534403
ENSG00000180340,0.05926466974915211,0.12582653324964807
ENSG00000266967,0.014323721408134617,0.018403036663702705
ENSG00000130935,0.47552969624668995,0.41058432291634184
ENSG00000070540,0.2761553470251751,0.4357064985212016
ENSG00000072210,0.00574610155109703,0.013405802670435462
ENSG00000108602,0.5621018606529595,0.6697464982266454
ENSG00000083290,0.5662291462192868,0.5134848124471835
ENSG00000181610,0.8255835222032674,0.6154278299061522
ENSG00000171916,0.35618524133501106,0.5164688429779367
ENSG00000171928,0.7990978498585619,0.7486693303373659
ENSG00000161956,0.9613704869153262,0.9506469666840239
ENSG00000129226,0.679201184177872,0.8634908131881892
ENSG00000129255,0.6499748848195008,0.45809490502462036
ENSG00000129194,0.5270476546753396,0.34473575885053087
ENSG00000141504,0.5606526458919241,0.5220822715197766
ENSG00000129244,0.09291633755223218,0.10974655425976926
ENSG00000109084,0.4695375780170147,0.5338150689249399
ENSG00000109079,0.15012129959835174,0.3166460116225836
ENSG00000004142,0.3654588488282067,0.3353300841950244
ENSG00000244045,0.7392986947241232,0.8685518031985318
ENSG00000109072,0.0033115129406902444,0.016104962067657085
ENSG00000197879,0.9551923756063925,0.9546357616975005
ENSG00000132376,0.8918027615065495,0.918841335760332
ENSG00000167705,0.8400412077546813,0.867233096769579
ENSG00000185561,0.2626054627924632,0.16454141734786468
ENSG00000167711,0.9001447061255651,0.7588360460450432
ENSG00000132386,0.009365078029713378,0.011641355102910603
ENSG00000186532,0.19545695549010825,0.11119041535922605
ENSG00000132383,0.44723177257065694,0.30748755948662504
ENSG00000125398,0.1846518558017109,0.11148661878610064
ENSG00000121067,0.7861671324434207,0.9799585296524956
ENSG00000121073,0.33902542090551746,0.20663296432076766
ENSG00000121104,0.4041549893691251,0.3198240155043404
ENSG00000064195,0.0996110978039467,0.1260503467714547
ENSG00000141577,0.6441900542041359,0.6590966385849475
ENSG00000224877,0.17292621109267134,0.20909733565026156
ENSG00000157637,0.5685129236357896,0.689341597745071
ENSG00000185504,0.8642986386007715,0.9558873558100444
ENSG00000240505,0.7803858175185516,0.8631778493912883
ENSG00000179598,0.7697240220143359,0.7899276320599838
ENSG00000154803,0.8973077416994076,0.8741245979195773
ENSG00000141030,0.9968934169905507,0.9002085932405215
ENSG00000141026,0.2445451923125929,0.32956427067350796
ENSG00000108551,0.17904180891789057,0.22650284101672133
ENSG00000131469,0.3579967902048228,0.4983043364471409
ENSG00000167080,0.10971943158373375,0.0954680055304231
ENSG00000068079,0.992041624048208,0.9564643695686708
ENSG00000178307,0.2936323775270437,0.43451804717680775
ENSG00000108774,0.28057213300898787,0.3088729109321449
ENSG00000159184,0.8123402347353941,0.8562722223654902
ENSG00000241322,0.5959575878717751,0.333103897570511
ENSG00000182575,0.37666798295331005,0.2391728959633045
ENSG00000167258,0.5593639165472992,0.8149968568052915
ENSG00000108439,0.48414404729873906,0.37852530515137384
ENSG00000167740,0.8418084128326646,0.9419093596025778
ENSG00000167703,0.6732202701706405,0.9642939444551287
ENSG00000108342,0.4349509277300576,0.7338536110569118
ENSG00000126351,0.430499110837107,0.2950895892344247
ENSG00000133030,0.5730165326215934,0.6312183154270627
ENSG00000187838,0.1386048682778002,0.18000701145202458
ENSG00000205544,0.27410084254573935,0.21728726526567693
ENSG00000169992,0.4275746737978715,0.5732088064907341
ENSG00000181284,0.017012341763828178,0.016776817683076765
ENSG00000161958,0.9670702811419013,0.8717889991980301
ENSG00000170175,0.7790845743240643,0.8915076175179063
ENSG00000167874,0.09446108608380026,0.09160242833418165
ENSG00000182224,0.29932398748559774,0.1318867142167035
ENSG00000170043,0.2014765390904733,0.23059252981858283
ENSG00000170037,0.1647765200541533,0.12014058483882296
ENSG00000179593,0.2529179321386942,0.17098850142693842
ENSG00000179094,0.02605076954872935,0.040331242837630905
ENSG00000263620,0.26541777131284655,0.39966767827031446
ENSG00000220205,0.6033661290554899,0.6219518601649894
ENSG00000179029,0.9679387009638578,0.7311631370728632
ENSG00000196544,0.6360920455889747,0.4588462062094676
ENSG00000178999,0.6402288207190874,0.48419722854540614
ENSG00000178921,0.30484926080776953,0.2433069904860983
ENSG00000125434,0.0663763609153877,0.07510262389053403
ENSG00000108961,0.7195620399747875,0.9235614979957678
ENSG00000198844,0.05058492419864632,0.06949978151860084
ENSG00000161970,0.9542715473634964,0.42931287817298436
ENSG00000185156,0.6064474482515088,0.5444412800645503
ENSG00000276231,0.6599552685330199,0.8847800107469195
ENSG00000065320,0.14971689979899147,0.1773234885651942
ENSG00000170310,0.8456720577443584,0.959632017972023
ENSG00000154914,0.5098437870232406,0.366333249825623
ENSG00000133028,0.2714283103386448,0.1380702823921576
ENSG00000170222,0.7110051818618014,0.8351491911340033
ENSG00000187824,0.706608533244264,0.941740488714124
ENSG00000154957,0.09275337850094631,0.07036389938204853
ENSG00000065559,0.9462626321899892,0.6982921135104572
ENSG00000006744,0.7572643598398373,0.5563500628345375
ENSG00000153976,0.07889188879888574,0.06643375626920073
ENSG00000006695,0.03495163470570546,0.04272462674735742
ENSG00000125430,0.8854734477808573,0.8794634612186509
ENSG00000161542,0.7187794470033203,0.7277946739811985
ENSG00000176170,0.8219355376480142,0.8324816939335596
ENSG00000175931,0.6486155700564908,0.5358568332868112
ENSG00000161544,0.07219197326897608,0.07114890954937347
ENSG00000284526,0.8368237156894507,0.5979383512433931
ENSG00000070731,0.22535390170647915,0.24151402184555207
ENSG00000070526,0.9993247069799155,0.9206161029552434
ENSG00000161547,0.5327510506584033,0.3817371222257244
ENSG00000129667,0.30520535817700056,0.4634040704858903
ENSG00000129657,0.3904579934210288,0.5554975225878507
ENSG00000180329,0.8089351199859546,0.576168157874261
ENSG00000161692,0.6191140638500257,0.4208669346672915
ENSG00000182963,0.1687491909836181,0.1117429862463746
ENSG00000131097,0.005775810363530158,0.031266339403114685
ENSG00000108883,0.8587862875861381,0.6149413468716415
ENSG00000186185,0.20222798593049343,0.10055312350982587
ENSG00000131094,0.2937092605310062,0.23298150471275594
ENSG00000173762,0.7864402253794545,0.6771900387097373
ENSG00000141574,0.397737271367844,0.4685834209822245
ENSG00000181396,0.8136638938186884,0.7902781517609446
ENSG00000109099,0.0994120194957087,0.16931248734367202
ENSG00000132507,0.8378184019924242,0.716179444459895
ENSG00000132522,0.4094190632060304,0.477651030286357
ENSG00000215041,0.2916295202990901,0.18983482842738206
ENSG00000072818,0.6109320754840389,0.42017688900087946
ENSG00000174282,0.7182411714061975,0.7461216073491048
ENSG00000166484,0.3351166830434916,0.41360969768771183
ENSG00000166482,0.10316200175118395,0.13763219661707327
ENSG00000185527,0.42328812246733527,0.32390113127478337
ENSG00000204237,0.5018469691173264,0.5621804470004492
ENSG00000185298,0.8004109726941542,0.6961194241264488
ENSG00000262814,0.6550451055942506,0.6548799731910707
ENSG00000262660,0.5728163498742223,0.47109359852099186
ENSG00000183048,0.8460211654070172,0.92361192275495
ENSG00000108469,0.563318266065647,0.5752459233917702
ENSG00000259120,0.6749578037300656,0.6297333889039735
ENSG00000161526,0.7619041988143583,0.6612592146614885
ENSG00000132475,0.6497540558306019,0.687099183017988
ENSG00000132478,0.7430618069669419,0.8164213146140827
ENSG00000132471,0.5596452254417188,0.44039567414163716
ENSG00000132481,0.7078484959008862,0.8214029350646574
ENSG00000141569,0.46132978195837937,0.5128499439037962
ENSG00000204316,0.7025120198761177,0.7286053302068751
ENSG00000257949,0.715633947703247,0.7024854417607203
ENSG00000167880,0.7498253683902248,0.7959962424776746
ENSG00000167881,0.82990404549681,0.8546180927437012
ENSG00000070444,0.6850661901816617,0.5461419750071335
ENSG00000127804,0.5756167861722108,0.40604715323754825
ENSG00000007168,0.5315571126774,0.7775247494072974
ENSG00000121058,0.5897483092022846,0.5300014146681955
ENSG00000121064,0.1402512561071049,0.09546710770139302
ENSG00000121057,0.6788015039079787,0.6424330827645921
ENSG00000153944,0.040944368552371664,0.015981815399813457
ENSG00000180891,0.8655548253303665,0.9984883484328285
ENSG00000136451,0.887332605116008,0.9872790117635544
ENSG00000136450,0.2803025304489697,0.26884532522311333
ENSG00000264364,0.6922822130248036,0.5937042177024721
ENSG00000167117,0.53159869629047,0.647596981778553
ENSG00000243678,0.43872584323182695,0.7260241264849139
ENSG00000002919,0.44321019227284597,0.3961686007856292
ENSG00000108352,0.46096289075944596,0.658762376730599
ENSG00000166579,0.7149614894033627,0.874489736154416
ENSG00000198740,0.4015001376748346,0.29564552126518256
ENSG00000167716,0.7887603336096222,0.5601355219910318
ENSG00000136436,0.3993705862594338,0.46816857818782
ENSG00000070495,0.7716275604217776,0.8443058754070555
ENSG00000173868,0.5262368331978794,0.4992545879048701
ENSG00000108587,0.8127856255390165,0.978740448806012
ENSG00000175662,0.7602886435560183,0.9320396902561122
ENSG00000169660,0.034281880411043575,0.10698029614405793
ENSG00000109083,0.11998152754927574,0.14559150063790363
ENSG00000239672,0.985259748786605,0.8020590077447866
ENSG00000141052,0.2931136984762543,0.22755650577401426
ENSG00000154016,0.8856781432924463,0.6919305365603827
ENSG00000181038,0.09431684298357294,0.13221721075090262
ENSG00000011143,0.08303845814444326,0.1211483749810875
ENSG00000004139,0.47909291954865785,0.7847042887908218
ENSG00000076351,0.6271607084285745,0.8169723797879276
ENSG00000109103,0.6756099452299448,0.7757663737499529
ENSG00000109107,0.1718703123230287,0.1709705113484579
ENSG00000076382,0.8864978965822625,0.9925753599757746
ENSG00000007202,0.5382327511440881,0.285986696123154
ENSG00000132581,0.00858688689094711,0.045715142245492286
ENSG00000109111,0.6735750688065076,0.8388317816639789
ENSG00000109113,0.0014727748537003663,0.0015241829612495181
ENSG00000198242,0.07382323764123572,0.1352359064865016
ENSG00000160606,0.2132394487381501,0.2179808949446949
ENSG00000160602,0.8043220648374794,0.5542486770422349
ENSG00000123700,0.19636186898314256,0.48454149580477857
ENSG00000182473,0.6852016810146234,0.6442805614639743
ENSG00000129654,0.6097165060675008,0.5221650868097685
ENSG00000182628,0.9044644470010326,0.8148782317007005
ENSG00000068489,0.9188664679712034,0.5806726295629127
ENSG00000108963,0.6225102111383942,0.8463728113628983
ENSG00000262664,0.8772517683142651,0.7541152097043489
ENSG00000177374,0.18523518203476383,0.2654251929943847
ENSG00000070366,0.9146642109418804,0.7224885652703563
ENSG00000167720,0.785901928379299,0.6160845040188037
ENSG00000167721,0.4684163499882559,0.2584538449727801
ENSG00000008283,0.3461360075467941,0.2391701726792973
ENSG00000159640,0.7623384466696281,0.5552393788763573
ENSG00000198909,0.13285824789731673,0.15902992529972554
ENSG00000136490,0.4639223681690493,0.4563072093394803
ENSG00000108424,0.9574353624951255,0.937376825688914
ENSG00000006025,0.8573701418920021,0.9538215434882493
ENSG00000159111,0.5557096864482506,0.7820297122543614
ENSG00000141295,0.5210298843308796,0.9414096003427812
ENSG00000182481,0.4651941997730725,0.2388451951924088
ENSG00000261371,0.07359790359663788,0.09959996322141107
ENSG00000271605,0.3372186085009745,0.4935486421765467
ENSG00000256525,0.6714614039558322,0.6081116250853764
ENSG00000108854,0.4630928268623731,0.7350580412519672
ENSG00000108654,0.42037629792895737,0.3088602418451546
ENSG00000185359,0.30316841298905783,0.39503253766965163
ENSG00000161714,0.8240965600529182,0.8818008168102502
ENSG00000181513,0.8820027534409122,0.8854824536843788
ENSG00000186834,0.7439466888585746,0.9975639897108046
ENSG00000136448,0.73915137240307,0.5979303878581317
ENSG00000161381,0.013092981414357286,0.009091547746986966
ENSG00000170190,0.2791200071032128,0.294152550936988
ENSG00000125449,0.20918646812041675,0.20501468749033053
ENSG00000125458,0.6458148796919553,0.4913299741571021
ENSG00000189159,0.5910461698082563,0.9065727504751256
ENSG00000188612,0.8391347158760507,0.8833521290248573
ENSG00000125450,0.4470759851496655,0.4554145853732223
ENSG00000125447,0.36346597515122736,0.29377142450155636
ENSG00000125445,0.6577810112416482,0.6122618804542546
ENSG00000125454,0.9347051263883221,0.9742459562625042
ENSG00000177885,0.6220134685704766,0.6778397839415684
ENSG00000108666,0.8088986336654143,0.9104249293500637
ENSG00000108298,0.2595163985459472,0.32607930093581333
ENSG00000181222,0.4634909425530148,0.45819016321285855
ENSG00000183018,0.098000266466635,0.15428181248046213
ENSG00000132382,0.5320677355763235,0.2671830877318532
ENSG00000167741,0.5572692778138963,0.7919656249305063
ENSG00000188176,0.1363180230172626,0.08998056842435431
ENSG00000161905,0.5506636550008321,0.5708076660210893
ENSG00000141456,0.4731263246685342,0.3804173899696327
ENSG00000141480,0.4823876582639768,0.6799151459451414
ENSG00000161920,0.36067723910437544,0.5437877650034821
ENSG00000141497,0.674205044130193,0.4500357049831921
ENSG00000142484,0.039128166231794693,0.05719456251132283
ENSG00000182853,0.36470052585506274,0.9098043030914498
ENSG00000182327,0.29423422955973094,0.5038649281161485
ENSG00000142507,0.4450725183408857,0.6987126896891448
ENSG00000129219,0.4373640220750722,0.3794327110649214
ENSG00000141503,0.35108893782516404,0.22209657434888858
ENSG00000205710,0.31165567494809615,0.3590830223697413
ENSG00000108784,0.3628930160739656,0.3996359274908504
ENSG00000108786,0.42699298302700195,0.5399331237876956
ENSG00000068120,0.6488400512226162,0.6945962011642961
ENSG00000131470,0.7614002035340268,0.7575865351324336
ENSG00000141699,0.42162554701623955,0.5878302278052888
ENSG00000037042,0.07236988063513587,0.05998631106242148
ENSG00000068137,0.9684258676985599,0.9996493123615889
ENSG00000167900,0.3361693451625389,0.2437759700069598
ENSG00000089685,0.40514949974371905,0.28332350432306314
ENSG00000184619,0.7414111579900748,0.8396018929950102
ENSG00000177469,0.05801837289889701,0.04971397844326502
ENSG00000168610,0.7237096282954638,0.8341828665371782
ENSG00000167925,0.5735727787799869,0.4182592215345011
ENSG00000010244,0.24158224190179386,0.4471856239003644
ENSG00000132361,0.23560557427893195,0.15316209580572965
ENSG00000240445,0.5518764496037629,0.49734506381859334
ENSG00000125457,0.854029332143926,0.7517677727821731
ENSG00000186665,0.11412416145793852,0.1395939611625735
ENSG00000141736,0.3952809133973826,0.4495643947953367
ENSG00000108639,0.25224877517915956,0.13579037990457415
ENSG00000141376,0.6341071061497299,0.5325662610497434
ENSG00000108788,0.6752232682559376,0.8002114503499113
ENSG00000007237,0.23512466351366035,0.2818248838665437
ENSG00000006062,0.74215203306508,0.5928322234606489
ENSG00000186395,0.38494355707464,0.25350744487099286
ENSG00000171431,0.5356067939742839,0.7149581793431624
ENSG00000108244,0.7937908036631871,0.4848103766773453
ENSG00000108622,0.2395142934132397,0.3994543251421787
ENSG00000178607,0.9223781345519565,0.8824672060308104
ENSG00000141526,0.7224841165696779,0.8381996872652036
ENSG00000161653,0.8237296450506224,0.3886805507393206
ENSG00000091947,0.7596505016663655,0.7697321345396141
ENSG00000161654,0.23320636498812497,0.20935729153024124
ENSG00000125319,0.7688468212814169,0.6041031181017933
ENSG00000161664,0.9646401654502789,0.7995788488455672
ENSG00000168591,0.394637213779198,0.38707922588629573
ENSG00000275700,0.5039865898813953,0.5616252328790601
ENSG00000225663,0.09295965242565346,0.045081140122318106
ENSG00000141522,0.5742062901608974,0.656810355030427
ENSG00000183684,0.15294838120982152,0.1590904970592207
ENSG00000141552,0.04168699642519537,0.06811217830217194
ENSG00000183979,0.653245351162602,0.5333489728785079
ENSG00000185813,0.4980727842758058,0.4913675045493874
ENSG00000187531,0.47138715196979386,0.45707875737304826
ENSG00000197063,0.5032692928420242,0.5454815021903765
ENSG00000183010,0.436818297156942,0.32098202335458165
ENSG00000185269,0.28917885411043665,0.4831783433707887
ENSG00000184009,0.2559054170445607,0.4999104284010172
ENSG00000185624,0.4504435241197752,0.5309505848435535
ENSG00000131462,0.2558732595297818,0.3528975206659717
ENSG00000184451,0.4155072754439991,0.7160507228960471
ENSG00000108797,0.03847759344768483,0.07801553569504785
ENSG00000108799,0.5101287931100316,0.6079557224383264
ENSG00000131477,0.02391385582991001,0.018590254066968362
ENSG00000131475,0.2902634656655666,0.28510700428090324
ENSG00000167695,0.529300579010156,0.37188915282384294
ENSG00000179409,0.5395874359189724,0.5380235274937075
ENSG00000171861,0.5167903553726166,0.4315600673201351
ENSG00000092871,0.9548964217473439,0.7664209751976534
ENSG00000073536,0.9628271857694327,0.8460925510008054
ENSG00000166750,0.7031615314598934,0.981047132835363
ENSG00000185379,0.40547533416491466,0.25361142947299975
ENSG00000120071,0.8795043434776649,0.43876046215672027
ENSG00000141252,0.3451941828919308,0.17841686059812023
ENSG00000214087,0.4759362139891943,0.4439743771930974
ENSG00000141576,0.423429239860987,0.4991323314860857
ENSG00000185262,0.5068949322558047,0.5843993926337863
ENSG00000132510,0.6704824303425589,0.8092234420075971
ENSG00000108950,0.17438240994923246,0.21818973373134143
ENSG00000141337,0.7115941256587502,0.9070846069673668
ENSG00000196704,0.4037888069457345,0.36688370663618386
ENSG00000177303,0.8567832150244323,0.745869471794777
ENSG00000182173,0.14472445791277905,0.22510384038142464
ENSG00000073350,0.3116990509346243,0.3413304124503892
ENSG00000126858,0.3130491494700725,0.4288985097966266
ENSG00000126561,0.2126934639531997,0.14542633454458123
ENSG00000213859,0.6525206324576345,0.6467705964660613
ENSG00000167447,0.5144358435177363,0.4126182765755767
ENSG00000204323,0.884140990289903,0.8679425304495466
ENSG00000179859,0.19688040697672118,0.27931369937242295
ENSG00000184640,0.8657718974515185,0.6600983061242858
ENSG00000176108,0.3078601880313218,0.22770128376306867
ENSG00000181409,0.034155109464116026,0.03265127884626833
ENSG00000167302,0.8534735459286245,0.889621356166031
ENSG00000108479,0.7144178476718901,0.6034444519965084
ENSG00000177370,0.6506405137161717,0.8322941906480933
ENSG00000108953,0.6010564150244362,0.315307580266452
ENSG00000159842,0.867085856097554,0.5318269758879077
ENSG00000214226,0.645670727999746,0.9512917069259174
ENSG00000153933,0.6875913243457075,0.2870110715724617
ENSG00000121060,0.012547610644067843,0.004611532127329962
ENSG00000141580,0.620980353310177,0.6214103384908599
ENSG00000141542,0.1346282506647226,0.2387578918528241
ENSG00000141560,0.6967507351945829,0.42936886740182956
ENSG00000167363,0.25161920396949405,0.4876031179002255
ENSG00000141556,0.4041460177317263,0.5434527682486063
ENSG00000141579,0.331666295278937,0.674502003778843
ENSG00000176845,0.6964318473534243,0.6269695587776214
ENSG00000267060,0.6824342847772804,0.5026891530031758
ENSG00000005882,0.8826470233119894,0.628805635780469
ENSG00000167100,0.023759327337133342,0.03980784681847775
ENSG00000108819,0.9894384595630181,0.7787244967052169
ENSG00000108821,0.011945909603411704,0.023724119626071807
ENSG00000167105,0.6228874867075713,0.8768984808945083
ENSG00000015532,0.7778116200963461,0.6223358428356989
ENSG00000108826,0.19948928886861286,0.2100422942171068
ENSG00000154920,0.9072755461286831,0.719069120234294
ENSG00000108829,0.8331878150758438,0.8695479668649283
ENSG00000108823,0.21389990675441228,0.16912541427181993
ENSG00000087995,0.029602273507324472,0.04316926276275836
ENSG00000011028,0.10429054600289207,0.1158304434572856
ENSG00000146872,0.9265695143466466,0.8458521406928138
ENSG00000004939,0.36661779855581356,0.5500991851961637
ENSG00000108309,0.2289933517622775,0.25704629993134703
ENSG00000013306,0.6763569659619187,0.7257031213747638
ENSG00000030582,0.5401657895306122,0.6396312126922764
ENSG00000161682,0.13207927683761556,0.10692334018482406
ENSG00000275066,0.9417576847870046,0.6946845514255882
ENSG00000278053,0.7084898961365139,0.6696128337847619
ENSG00000275410,0.9077035384721538,0.9689909408488028
ENSG00000132591,0.38008245600997725,0.3379564487802528
ENSG00000167536,0.8943071385655609,0.9298446840710644
ENSG00000109118,0.406154445291382,0.5677971690714625
ENSG00000161513,0.18704122492889505,0.13934646587061975
ENSG00000172782,0.4617635925317479,0.5812517695652328
ENSG00000167861,0.5157928017443267,0.4025510096005591
ENSG00000109089,0.6659258017703484,0.5239823967919659
ENSG00000167862,0.7684838278833879,0.5672708945497543
ENSG00000167863,0.8864971315642922,0.9845917362425672
ENSG00000184166,0.7015803272389871,0.6518631335810687
ENSG00000108506,0.05230985348208844,0.06024761933468689
ENSG00000108389,0.4862056292417678,0.37215054307956774
ENSG00000136492,0.1200279781000722,0.0982943965548445
ENSG00000108381,0.13131182275574996,0.1340471638250425
ENSG00000108839,0.7146057310962965,0.9873485090963972
ENSG00000219200,0.970649958039622,0.8453246397419434
ENSG00000258315,0.2506124604436699,0.30500767145965657
ENSG00000161940,0.05439807874916093,0.08700487934292887
ENSG00000174327,0.4295484412873388,0.3946449471004251
ENSG00000132514,0.9760201120123231,0.8578098093331068
ENSG00000141505,0.7549329179227773,0.7207741554008591
ENSG00000132535,0.30393168272244037,0.3048644004758349
ENSG00000072778,0.5863756957781053,0.6833545108684812
ENSG00000004975,0.9751273312375445,0.9529837553727383
ENSG00000040633,0.934830929768175,0.8938221771466295
ENSG00000170296,0.636288892055233,0.4876755170315076
ENSG00000175826,0.7747410757234134,0.6592496259550488
ENSG00000181885,0.34597513299735594,0.2862379013151392
ENSG00000181856,0.6385948419199083,0.3885913177541225
ENSG00000006047,0.26337899469193626,0.5610980657762233
ENSG00000270885,0.30787940767346916,0.19839382008206585
ENSG00000271447,0.47398067229046736,0.6374187243534355
ENSG00000271503,0.4339531851241095,0.3525879365629734
ENSG00000131095,0.30682713982005877,0.3601865963370595
ENSG00000168792,0.3001395576452786,0.45285485899073963
ENSG00000167543,0.5121190432840561,0.4966168400988553
ENSG00000108262,0.9124700803982209,0.800738408101784
ENSG00000198720,0.2564587757478303,0.15034301356404903
ENSG00000173065,0.2686560368822445,0.2489513596503553
ENSG00000179761,0.17785494126896084,0.20183365577524015
ENSG00000108387,0.006318045883865128,0.010988104989126325
ENSG00000182534,0.07126166999078613,0.03202650288212725
ENSG00000175866,0.5556188207421198,0.634156186430048
ENSG00000153822,0.6386769920641844,0.56556025860495
ENSG00000170703,0.9787379738648351,0.9065514534609717
ENSG00000132388,0.5363016336159595,0.3748135207078236
ENSG00000183011,0.5957567722304371,0.4811392168793911
ENSG00000108395,0.9283286605436822,0.7863691200285337
ENSG00000153982,0.48712714473511576,0.6163679174123275
ENSG00000175155,0.9731937669710978,0.6973560794940696
ENSG00000161955,0.4919337890994657,0.5037930436094462
ENSG00000170412,0.5142338318152408,0.48136996429669643
ENSG00000167851,0.23468280000210281,0.43332718817520854
ENSG00000167850,0.5548823941142531,0.8143353793354158
ENSG00000169733,0.9544058640165727,0.7652409417254005
ENSG00000169718,0.8470568458939959,0.960833319989726
ENSG00000169710,0.9282778392187302,0.8365449722659626
ENSG00000212901,0.41655935486638773,0.6132724407822467
ENSG00000141506,0.3635923824115579,0.5475263424889425
ENSG00000108840,0.07408822178250267,0.06427034780007519
ENSG00000172146,0.3999559673778922,0.29990565468798164
ENSG00000072310,0.37549129530680203,0.2883299003730733
ENSG00000176809,0.95279728593951,0.816227533784943
ENSG00000073605,0.9659006935561669,0.9687491766400482
ENSG00000221926,0.8789402579007354,0.8723334468351778
ENSG00000187607,0.583683045944879,0.5566237869830595
ENSG00000184060,0.1898434572803205,0.3343949986125701
ENSG00000181481,0.2354946972708556,0.3193677050824187
ENSG00000154258,0.07038627392872666,0.06253660971912932
ENSG00000154262,0.008216699231354053,0.01692329675919859
ENSG00000174292,0.09000937088390067,0.037579151154446704
ENSG00000172123,0.16948384746302506,0.295080722706198
ENSG00000154760,0.1324827040096558,0.28064336285182867
ENSG00000172716,0.6198207583001454,0.9924123927690702
ENSG00000171401,0.2624794148620773,0.2773872370043561
ENSG00000171346,0.1716807473379225,0.19490500567575927
ENSG00000171345,0.43241513408763155,0.31914100119041616
ENSG00000186847,0.6144515536097767,0.721988761666978
ENSG00000186832,0.960473883498617,0.7733464233498429
ENSG00000173812,0.7821137375040847,0.6916386916288626
ENSG00000172809,0.9690140451794134,0.7738771863156846
ENSG00000141540,0.08783769864770283,0.1408887165843972
ENSG00000108679,0.7669995427541652,0.571297182527361
ENSG00000171302,0.5590547137917306,0.4829850212115834
ENSG00000173918,0.07580554250557268,0.13113626320362662
ENSG00000167280,0.039402171094620846,0.03007421373014173
ENSG00000167281,0.6609587810505538,0.3976713407684541
ENSG00000173894,0.6284009610724088,0.917554929805074
ENSG00000133026,0.11009260376204903,0.15257137590833794
ENSG00000185862,0.4334813259439243,0.6691019045404571
ENSG00000265118,0.4685596478328431,0.503910390804728
ENSG00000126860,0.3650923172366648,0.5614376802961092
ENSG00000131242,0.09831575492764814,0.12486663855828682
ENSG00000274512,0.5227593623595699,0.38527744134566255
ENSG00000092931,0.973747263254597,0.9999549985227753
ENSG00000179314,0.09788165812346335,0.07657593604326673
ENSG00000062725,0.9649514906736878,0.9331191758236307
ENSG00000108474,0.45599071185479934,0.5542697768883458
ENSG00000166582,0.6993402242965285,0.8921757411916893
ENSG00000170315,0.75609742236899,0.7822170669446782
ENSG00000187688,0.15401443952153573,0.23509282901251577
ENSG00000108946,0.94031503975368,0.7567388397030929
ENSG00000178502,0.5723192854216688,0.83524628187332
ENSG00000131473,0.043823655312835594,0.10134656629577733
ENSG00000173786,0.38758565192395233,0.27755713790811004
ENSG00000168259,0.7605674260552178,0.8379687165272234
ENSG00000168256,0.4417752861484915,0.33738539528351125
ENSG00000267221,0.7476271108058339,0.8399322331391392
ENSG00000108771,0.5879574325253722,0.5787379784219353
ENSG00000108773,0.6382491317526464,0.6371034012925743
ENSG00000170836,0.43556591235990916,0.4678447502383464
ENSG00000108557,0.4352649894051962,0.29684308571781837
ENSG00000136478,0.7653720023012324,0.7152912200954527
ENSG00000128422,0.7599652836289938,0.9669884655875093
ENSG00000185245,0.702286972396077,0.9642407308232183
ENSG00000076604,0.9753183133819503,0.9035028285727688
ENSG00000131899,0.5914069341032583,0.6064402185048707
ENSG00000141338,0.0230834332507334,0.0418950091091956
ENSG00000108932,0.9021849709577817,0.8707053654934465
ENSG00000006740,0.1027244185362572,0.05154807869536905
ENSG00000174238,0.9411158691934303,0.815281891731517
ENSG00000258890,0.7040732157457102,0.510782120395811
ENSG00000063015,0.27041886205218607,0.17745546388620625
ENSG00000068097,0.3160675494266913,0.2511952355483893
ENSG00000008294,0.08607978437216818,0.1946864426022385
ENSG00000167182,0.36694846913263146,0.31994254062261107
ENSG00000108852,0.4098213146240244,0.4497987773170099
ENSG00000131467,0.6119305495727719,0.931486908416766
ENSG00000141562,0.9148322274686771,0.9391718802367945
ENSG00000008838,0.9145051923367644,0.9632795211463997
ENSG00000108641,0.8710820345487806,0.9783877587507939
ENSG00000175711,0.37463826391585664,0.4627955423046969
ENSG00000180616,0.9885091450543773,0.9923750276706247
ENSG00000166685,0.7718909640558207,0.7551956595899346
ENSG00000141219,0.4878526998256174,0.40449563237653197
ENSG00000179604,0.5024623459268738,0.5788867514800778
ENSG00000133193,0.30105687037245077,0.2890428182735429
ENSG00000183077,0.5640019194699801,0.5632682986944082
ENSG00000109016,0.11108240393889998,0.0987347971336914
ENSG00000167699,0.12291800889814375,0.12542230861232298
ENSG00000183914,0.23904548000099654,0.639797824094551
ENSG00000133195,0.1962133493248246,0.09727202701014914
ENSG00000170291,0.9869193628958,0.9232578958365312
ENSG00000055483,0.8057363840470977,0.6560282174297165
ENSG00000270647,0.16735248936480093,0.20537827660509816
ENSG00000161944,0.04451296304140454,0.023289521716179745
ENSG00000131096,0.029160910412514365,0.0652526824534186
ENSG00000273604,0.6229852055906553,0.9617230593437798
ENSG00000275023,0.49273429986243555,0.5736842327179281
ENSG00000277972,0.8956697411418456,0.5299539903745583
ENSG00000277258,0.06287978864593849,0.167945527276594
ENSG00000277791,0.5481733533345425,0.7959361681686423
ENSG00000276293,0.5380282039113815,0.5597042549514625
ENSG00000273559,0.7235907149620358,0.6352050831645273
ENSG00000136485,0.23644746495589544,0.19444736778502608
ENSG00000136463,0.5456924425117302,0.4195789946627899
ENSG00000198933,0.46798777635415933,0.4443620386317042
ENSG00000087152,0.2432443756796812,0.25664416419577396
ENSG00000168517,0.2574602285905566,0.16237547428982313
ENSG00000172992,0.39674369036453205,0.530835278091606
ENSG00000188878,0.7643915624905541,0.7726370277370395
ENSG00000205045,0.686082482364414,0.6375554414413065
ENSG00000128487,0.691328074905178,0.2830629452603291
ENSG00000250506,0.6349805596801996,0.6953096103743512
ENSG00000141068,0.3194398827602452,0.39104043716584924
ENSG00000072134,0.8974090112621125,0.9392265448389618
ENSG00000198863,0.43173202757176166,0.21437930641423178
ENSG00000170921,0.15116975121537338,0.3159550470565495
ENSG00000176155,0.9983652444033395,0.837283003622012
ENSG00000108528,0.8362077869210085,0.7368390206839577
ENSG00000108523,0.6340202793057221,0.7796777411843889
ENSG00000108518,0.7382323124727561,0.8620983025376933
ENSG00000108515,0.8577234284721288,0.9215815398641747
ENSG00000091640,0.09896733419409516,0.08807214610471668
ENSG00000108509,0.9521342233886234,0.7323246329297897
ENSG00000129250,0.8671216861718509,0.901506506463017
ENSG00000132517,0.5420389634684317,0.3219714114595014
ENSG00000180787,0.7242879845536939,0.8199418300844465
ENSG00000196388,0.24640983521541804,0.1474287676975368
ENSG00000173818,0.7566363495495265,0.9527330886586798
ENSG00000171246,0.03505407056875288,0.10438696651391333
ENSG00000141519,0.41732176988019765,0.4065385810830253
ENSG00000171298,0.8306101225469834,0.8672562250113024
ENSG00000141543,0.5107880986495208,0.9519262218855528
ENSG00000108688,0.8845481953162226,0.8710830713746676
ENSG00000172156,0.250386263339303,0.41570059835643813
ENSG00000108700,0.8914996860411881,0.6571286459916437
ENSG00000181374,0.8170590193722909,0.7285289567240911
ENSG00000108691,0.38788834270876915,0.6065901257310783
ENSG00000167085,0.29449187885550526,0.2836231139287666
ENSG00000141349,0.6262618597229883,0.543502099350734
ENSG00000180626,0.7494173381461486,0.9993522132244398
ENSG00000161929,0.9475876607693926,0.7001323563946816
ENSG00000078687,0.538985112340417,0.9262909976577844
ENSG00000167840,0.439725291973462,0.5142453084886014
ENSG00000108256,0.7850587429716317,0.9722318295643809
ENSG00000259207,0.10757870751249472,0.06358181987355703
ENSG00000178852,0.925300467669126,0.9604932018960141
ENSG00000168961,0.07625450029328482,0.07477642069388606
ENSG00000232859,0.16525465121955438,0.21790282932119767
ENSG00000007171,0.7707318669585196,0.5047885054534536
ENSG00000178691,0.819732130378196,0.6438581445536148
ENSG00000272636,0.115373360573309,0.17669191226559106
ENSG00000181031,0.3414335790795567,0.42934271152906733
ENSG00000185158,0.9924033370755488,0.9349658464344509
ENSG00000132359,0.3407399462602829,0.2709478838132818
ENSG00000196689,0.7506079077298425,0.5443586927510677
ENSG00000040531,0.9970451432244614,0.5730181008357031
ENSG00000197417,0.988564395048611,0.7157989285146804
ENSG00000213977,0.13761272371171682,0.09059416664734195
ENSG00000127774,0.7120949203831051,0.7538270964127844
ENSG00000083454,0.7437128948737,0.9599193212713958
ENSG00000083457,0.40890317927293107,0.2970667964499514
ENSG00000177602,0.24100280348440456,0.09111057474754103
ENSG00000184557,0.1507041624613453,0.1976482152797552
ENSG00000087157,0.7256577809281619,0.7778574773973326
ENSG00000170160,0.7743685100080235,0.8822387289991735
ENSG00000108433,0.6443739375079107,0.4671867522310421
ENSG00000004897,0.44627242296141,0.6918803244124536
ENSG00000108384,0.442084774804655,0.48625011859298506
ENSG00000266173,0.6735238025949646,0.664568040955029
ENSG00000108588,0.6787377999098305,0.5328159638150527
ENSG00000198231,0.8929597307590685,0.6664254694121231
ENSG00000108592,0.47758208752612774,0.3022968840574355
ENSG00000187595,0.10660244570315448,0.10824316512706958
ENSG00000108604,0.27818355504367703,0.3094764371843931
ENSG00000273611,0.38948515936912054,0.7386330675325095
ENSG00000278259,0.49197934785134545,0.4155852399853316
ENSG00000277161,0.544007416686586,0.8523221822399101
ENSG00000278311,0.9223993451403222,0.9627776284461008
ENSG00000278535,0.6105328872376301,0.7500168093826084
ENSG00000278619,0.6601141743943482,0.7143049436525901
ENSG00000141510,0.20624234168983907,0.2180432308164799
ENSG00000167895,0.255138844438551,0.11355977093575668
ENSG00000007312,0.8618616517388623,0.9492936447867023
ENSG00000007216,0.5913527920440791,0.3275305880652444
ENSG00000141499,0.48315577599327597,0.2632984208680792
ENSG00000266074,0.5154529752520345,0.9181666112622346
ENSG00000141524,0.14665024126031295,0.07930209226809522
ENSG00000173757,0.3103166493027339,0.31386753349592134
ENSG00000178927,0.8657169592367031,0.9983450962615734
ENSG00000141564,0.8785153676497678,0.9079467579006295
ENSG00000005381,0.012931579347409967,0.022829532511582925
ENSG00000005379,0.6088540236214477,0.7009791901198412
ENSG00000213246,0.7846957190731163,0.869798123328806
ENSG00000108375,0.023567630388538135,0.05200157798949094
ENSG00000092929,0.19627622515331913,0.5983644219720956
ENSG00000286190,0.3358493926201861,0.3522455539854946
ENSG00000178971,0.7764880543123542,0.4426955861404872
ENSG00000091592,0.31332257349700704,0.5279974305771324
ENSG00000263429,0.8435484035058565,0.9556234731020843
ENSG00000239697,0.1857027825301285,0.144355805792032
ENSG00000248871,0.1984263533818742,0.2455314273670625
ENSG00000108828,0.03499047040892393,0.04499901091582654
ENSG00000188554,0.5528902372815735,0.7633304305555646
ENSG00000184988,0.823133256264583,0.9743425460439709
ENSG00000236383,0.6349231287201145,0.8348540095882447
ENSG00000225190,0.14412232643007286,0.042362182682798455
ENSG00000012048,0.7111423908832285,0.5637548258435561
ENSG00000167107,0.23934152645046006,0.2729314004197815
ENSG00000136457,0.8635581148520822,0.7955529120996401
ENSG00000136444,0.7969787413154464,0.9699191206849773
ENSG00000049283,0.5045273559530844,0.5229216403366796
ENSG00000006282,0.3669456616247533,0.23458933960828424
ENSG00000141279,0.7012545066853655,0.8289342866761416
ENSG00000029725,0.5668912815619844,0.8130475610649213
ENSG00000129197,0.4421930298980191,0.4474303115496777
ENSG00000108561,0.7152692902689199,0.46768327296012924
ENSG00000005100,0.6687290604971418,0.31771002089744454
ENSG00000072849,0.9221463788954692,0.986319546219735
ENSG00000167842,0.8750427613418604,0.3161396504312616
ENSG00000108559,0.8502952569744622,0.8281339939927395
ENSG00000108406,0.7902314843901579,0.897209996186687
ENSG00000141378,0.4758964510127869,0.38725459387926653
ENSG00000141367,0.8968442636344376,0.7733367431909528
ENSG00000108861,0.16368848314623605,0.13866857919860942
ENSG00000239704,0.40914050032927984,0.476199085243994
ENSG00000259024,0.7605016252643291,0.437862294655461
ENSG00000175106,0.8828501280012191,0.8697425372671865
ENSG00000278023,0.6726308496721976,0.6969074036186609
ENSG00000276409,0.07103562388287757,0.03894301091014348
ENSG00000275718,0.7876447129132139,0.6471821938161244
ENSG00000274736,0.844904736674145,0.8032279969672376
ENSG00000275385,0.778906242036,0.6622378833447042
ENSG00000277632,0.5477560779313302,0.5613036244961085
ENSG00000275302,0.38957660567386887,0.2386145681225274
ENSG00000276070,0.978425504203228,0.8979622865789575
ENSG00000170004,0.39369181606534986,0.7476132184463907
ENSG00000184922,0.5800329715185986,0.9641838540850175
ENSG00000174231,0.8499688899946676,0.9565536596298723
ENSG00000181523,0.20510114210561922,0.23624421025308476
ENSG00000181045,0.1843946537655107,0.24067484241503231
ENSG00000087095,0.3634001918819282,0.5077132557400358
ENSG00000087191,0.6732041138270171,0.9274217238093501
ENSG00000170298,0.20501439693218107,0.14011583473762115
ENSG00000177731,0.9346578517542662,0.9601116464068883
ENSG00000177427,0.5039821915628913,0.6416527313030629
ENSG00000177302,0.17199525767070564,0.11786399216071959
ENSG00000176994,0.11274841128836649,0.08971209262852675
ENSG00000176974,0.1235347814792869,0.2654590841862014
ENSG00000159314,0.5829295888946568,0.7102955307818426
ENSG00000278845,0.5770205447429432,0.367516488733885
ENSG00000274211,0.10605035492286244,0.15373866441878073
ENSG00000277363,0.6815401310978462,0.7566872249629647
ENSG00000033627,0.9524494703813751,0.8851873217255171
ENSG00000006042,0.13420425471511852,0.06422590023067393
ENSG00000176749,0.33392901967128613,0.18435789988782805
ENSG00000176658,0.49423451432809895,0.5672878629227072
ENSG00000266714,0.6074410634537538,0.670031100975619
ENSG00000196535,0.5155768941710216,0.42873101363176225
ENSG00000173917,0.9347191923505775,0.8102966895165103
ENSG00000120093,0.33187800990515837,0.39567790874313324
ENSG00000182742,0.6886079399519773,0.5587417002488284
ENSG00000120075,0.1087772927902507,0.0928942289812701
ENSG00000108511,0.14941228150874938,0.14370041317299817
ENSG00000260027,0.6738628596886662,0.866833053792992
ENSG00000120068,0.9025583558884861,0.8375487331011356
ENSG00000170689,0.6167845891184756,0.6334853625905383
ENSG00000170425,0.7255707450060105,0.9618115443243512
ENSG00000214941,0.5421289267740574,0.30807340216811707
ENSG00000011295,0.5481537742293345,0.36302440768989785
ENSG00000141027,0.33783946561823813,0.32775864895671714
ENSG00000108312,0.695651981403287,0.6144265024460638
ENSG00000160551,0.3012106191708784,0.5559863700983836
ENSG00000129245,0.7839111834042409,0.7461851976073249
ENSG00000161533,0.7111824132594,0.7472053648320609
ENSG00000186407,0.7366483037722316,0.9201111674471494
ENSG00000172794,0.45968604050052886,0.8034982284660767
ENSG00000186074,0.555487720766578,0.7260844249742355
ENSG00000109062,0.7102892931076399,0.8416115957749714
ENSG00000109065,0.292636206197857,0.28017456784578876
ENSG00000109066,0.9203243108112509,0.7225294431020427
ENSG00000177728,0.34423837065034724,0.2724009344169221
ENSG00000182446,0.9717410225377044,0.9162432397596357
ENSG00000108669,0.7518475874289736,0.7151648503493353
ENSG00000197170,0.26135226223108904,0.20163684547073568
ENSG00000154217,0.8556272699202943,0.7762603277234179
ENSG00000067191,0.27610655934577694,0.5909452823669201
ENSG00000087111,0.5615022133184588,0.7240231430712194
ENSG00000141551,0.8082961804453607,0.5985477359160403
ENSG00000141582,0.5212031013587972,0.2744261791052336
ENSG00000167291,0.9158063856732562,0.8526020694653881
ENSG00000173821,0.2739784842233129,0.252098102905283
ENSG00000175906,0.08669659008751765,0.03955051824679546
ENSG00000067596,0.5015111304133122,0.8848928704990351
ENSG00000175832,0.3361698783585739,0.4693129276216458
ENSG00000005102,0.18625757270855703,0.2062304049972065
ENSG00000185829,0.5001045408872897,0.4211876193784817
ENSG00000228696,0.9337149760558634,0.8095253007826742
ENSG00000073969,0.846928386754729,0.9544637914648283
ENSG00000171634,0.7171014854451434,0.5652850609266328
ENSG00000132589,0.12469936963397715,0.15622834613239595
ENSG00000161921,0.5158685803893364,0.8240441620899462
ENSG00000108813,0.16348549094749534,0.14524716559340503
ENSG00000136504,0.9278866678467698,0.7966581684596817
ENSG00000275832,0.07008440753117233,0.1565530333459839
ENSG00000169689,0.3611775652178517,0.45240115156473315
ENSG00000169683,0.13773803964069756,0.19416746443832622
ENSG00000169750,0.44194295119325255,0.4329309137179307
ENSG00000169738,0.6076733912325263,0.4956871943854353
ENSG00000169727,0.3566013631280296,0.4309288824823131
ENSG00000184502,0.39265201988822385,0.5861573876782505
ENSG00000173801,0.36904944088172287,0.3814224764555785
ENSG00000141696,0.10741882956548722,0.2531742784726909
ENSG00000141756,0.005141440579563649,0.031452652862074916
ENSG00000141698,0.23692215608332712,0.23632220657024658
ENSG00000141527,0.5273477822882331,0.7094580546737812
ENSG00000108733,0.7431614023225361,0.7194397481301676
ENSG00000168646,0.02507443075073313,0.044364005547940705
ENSG00000154240,0.5570957270747166,0.5877478092278907
ENSG00000091583,0.013237348645455357,0.003947431570359483
ENSG00000108924,0.45464000750649325,0.273796645837207
ENSG00000108960,0.03861838847189315,0.04796563256391589
ENSG00000035862,0.003651077395014076,0.011806710138120246
ENSG00000214447,0.6069352504208192,0.5790429992637703
ENSG00000132470,0.18506807305681408,0.1936543928558546
ENSG00000161960,0.6970694670423709,0.7894399671564465
ENSG00000176390,0.7626286225085921,0.6214904975510582
ENSG00000176208,0.2698074675058095,0.17510121484567434
ENSG00000172171,0.8280519678362074,0.6004517509703335
ENSG00000196712,0.4309555311978924,0.7112874769068376
ENSG00000253958,0.1629858085216632,0.1571114023620236
ENSG00000173281,0.008913011596303264,0.012258087925480353
ENSG00000173273,0.9512923726373965,0.7053721005070979
ENSG00000154359,0.7007553873741855,0.6860740338090385
ENSG00000175806,0.6629431824252671,0.8009676377225805
ENSG00000275342,0.6760810941227801,0.8764834683157279
ENSG00000164741,0.040811883678346275,0.04132255036332368
ENSG00000147324,0.8609818325837474,0.7297052688091086
ENSG00000254093,0.7481435785757165,0.7353714054544309
ENSG00000198791,0.8302102612399247,0.5183601228243877
ENSG00000179388,0.31762474797584456,0.35168299467300634
ENSG00000104714,0.6715060785368254,0.9111326781110444
ENSG00000155975,0.5919500838257543,0.3433720611496718
ENSG00000159167,0.0019338217321032494,0.01157051654241125
ENSG00000104228,0.37571768169970265,0.7045065175986767
ENSG00000198042,0.3169636771663718,0.38846641166375473
ENSG00000175445,0.016893229372966622,0.059042655002662064
ENSG00000147421,0.3197444637628717,0.5052253537404305
ENSG00000156006,0.405193334177824,0.47238957130492976
ENSG00000171056,0.21134251817738933,0.0721235955609734
ENSG00000036565,0.27503437912138307,0.4111046292626567
ENSG00000172728,0.15749227566587248,0.22523795311764624
ENSG00000038945,0.2524435050450695,0.3655174497261021
ENSG00000092964,0.2621365714632417,0.2831223794250453
ENSG00000164825,0.8140689916085107,0.92317431891237
ENSG00000147454,0.5967592346620094,0.8471522715334829
ENSG00000104626,0.5657361399740239,0.6770249432113256
ENSG00000147459,0.5092864305916309,0.6657420228282436
ENSG00000104660,0.9006747222872429,0.669292938090144
ENSG00000167034,0.4018542968679292,0.5747163951831802
ENSG00000147416,0.9209191871092067,0.9335979200203565
ENSG00000104756,0.5088769774892028,0.8361665578901071
ENSG00000134013,0.11215297265580963,0.11550744352387983
ENSG00000061337,0.03361583536405305,0.036091200412592714
ENSG00000184661,0.17289905251890775,0.19637032775242802
ENSG00000104219,0.07535699033701682,0.19046498581451046
ENSG00000250305,0.7687699046495933,0.7000357841037521
ENSG00000168300,0.287567854503436,0.22820327289616102
ENSG00000104765,0.3082146202963998,0.2779806626579206
ENSG00000197892,0.832412000280482,0.9925819267756453
ENSG00000104613,0.13359944945488642,0.330011929943255
ENSG00000164822,0.23978021649748285,0.6267166449027735
ENSG00000104671,0.9421814951605603,0.46481556210392394
ENSG00000221914,0.6110144529061062,0.7388339899094702
ENSG00000197217,0.600959466983696,0.7556779531262281
ENSG00000164808,0.7453935757536998,0.9085075932419522
ENSG00000171044,0.06835891155891162,0.13763062248443314
ENSG00000147437,0.33083468627465273,0.35535616255944125
ENSG00000168575,0.5892985289901141,0.7066687506582896
ENSG00000104611,0.2412566816691167,0.4351537386324892
ENSG00000240694,0.03373454935714048,0.08637580218222216
ENSG00000254087,0.7804565172795443,0.6845289195334003
ENSG00000133872,0.7100725790503439,0.44013445391789463
ENSG00000172817,0.03416842077430561,0.025844451237209458
ENSG00000178538,0.39601361612041874,0.5566331351562763
ENSG00000133874,0.44882590713586856,0.4626134952795087
ENSG00000121005,0.14711313567009923,0.14532872224755097
ENSG00000104679,0.6766759538877638,0.9506726442528278
ENSG00000164751,0.8467474838725754,0.8287228412037726
ENSG00000091656,0.11488524807824596,0.18140060986367343
ENSG00000104442,0.769617409293661,0.6702383507204748
ENSG00000221947,0.8106581837328226,0.7160024231025943
ENSG00000076641,0.7449859266668589,0.6144461413230089
ENSG00000137573,0.05749900771972919,0.13086383601263937
ENSG00000165084,0.7966230458236084,0.7350332427634496
ENSG00000164879,0.6443183363243448,0.4743908924864414
ENSG00000164749,0.36899951001491516,0.2925449494486273
ENSG00000104331,0.16389310818720765,0.1970761664324421
ENSG00000176731,0.8166006087052968,0.9849386860755771
ENSG00000040341,0.5647302083822384,0.6068977874249175
ENSG00000104327,0.5335585000229663,0.6177122840531009
ENSG00000123119,0.2939175513757899,0.19775158211015822
ENSG00000164949,0.03310716017451866,0.07029824211910313
ENSG00000205189,0.009410570551205694,0.023397301185409388
ENSG00000164687,0.7809294975233998,0.8471911881485585
ENSG00000164951,0.6335757351386282,0.6289144238169238
ENSG00000104321,0.8765021105797959,0.7093137608223945
ENSG00000079112,0.8403633695944206,0.7473218921657978
ENSG00000035681,0.702597042611308,0.6751362516554318
ENSG00000147649,0.2639000224924297,0.17020674794693935
ENSG00000104356,0.19937432567664834,0.12014524090168156
ENSG00000177459,0.6337954511653766,0.7443611137394159
ENSG00000147586,0.8831119776843233,0.952811825159964
ENSG00000137574,0.3611717125598298,0.3159261823195683
ENSG00000120963,0.47598200837854876,0.4523726845349527
ENSG00000164924,0.48189050368588293,0.6628801999948004
ENSG00000165392,0.05515583590027479,0.1511337604188326
ENSG00000156482,0.9909076655826804,0.92288125789074
ENSG00000185015,0.4533462085024422,0.5170832770218209
ENSG00000265817,0.9411971614140222,0.9756981123676766
ENSG00000180694,0.6969555684249586,0.8735122082182445
ENSG00000104361,0.7662862555058096,0.6412756286188528
ENSG00000104267,0.6812969518660978,0.9723698566087156
ENSG00000132541,0.7911020343581604,0.7953744858102745
ENSG00000147669,0.5227573237769186,0.5166142929214095
ENSG00000123124,0.608333126230003,0.8856706043088413
ENSG00000205133,0.350512325810136,0.32399395406922576
ENSG00000133740,0.5754854565166638,0.37013844810832297
ENSG00000156467,0.8208601051348977,0.7631086742467166
ENSG00000104341,0.4182588704085404,0.4669825366834104
ENSG00000180543,0.20812242091871164,0.2662003033114112
ENSG00000133739,0.40593169585141453,0.44931158264925963
ENSG00000197275,0.5276777623109219,0.46138650675635384
ENSG00000104517,0.8256724721605171,0.8052597991535309
ENSG00000147570,0.7769447500918718,0.6657046111838325
ENSG00000156471,0.20344103154416904,0.1378892289905616
ENSG00000164761,0.26016038181115925,0.382019537475066
ENSG00000019549,0.0111838056909804,0.007827004697383766
ENSG00000172167,0.14568184648492885,0.09890766115196536
ENSG00000156469,0.37189677728635007,0.48265888014590197
ENSG00000136982,0.4004171688502841,0.3349590413169751
ENSG00000172172,0.2076604909145989,0.18334057232042464
ENSG00000136999,0.2668856567829388,0.8229962328945626
ENSG00000156804,0.26044328699537234,0.26189159420996455
ENSG00000137547,0.3027585823879315,0.1761314373809031
ENSG00000120992,0.5768463405472908,0.5441094350666722
ENSG00000132561,0.970769059832591,0.9588042011617305
ENSG00000137575,0.4892400376744136,0.7819450815353315
ENSG00000155792,0.8730834385997277,0.5469915792024094
ENSG00000215114,0.6636700272069637,0.818315954133819
ENSG00000120899,0.9402383846119561,0.8977932433318039
ENSG00000155097,0.5406625798336628,0.7675949501736461
ENSG00000104490,0.1434837602177584,0.10770001049593625
ENSG00000104537,0.9853617897498155,0.9542374549994187
ENSG00000023287,0.21713255652411054,0.18032920824399928
ENSG00000164758,0.2528652580338225,0.3635306684999927
ENSG00000121039,0.5620241920756612,0.5131325767253763
ENSG00000164961,0.7016823347668337,0.5248949386392275
ENSG00000034677,0.9535804512483164,0.6785170318955218
ENSG00000104388,0.47540608584667965,0.3681044450905493
ENSG00000104375,0.6275145303749664,0.7410419179418952
ENSG00000147614,0.34176527003846513,0.37663648339978395
ENSG00000198846,0.7669555043525376,0.9896629917434132
ENSG00000153317,0.34078747777288304,0.6154293393159005
ENSG00000147676,0.2558314816584616,0.15328354796102525
ENSG00000176853,0.868561378328057,0.5669650539040201
ENSG00000155926,0.9752017612239016,0.8261778803550646
ENSG00000046889,0.04483599754827643,0.06993571068913372
ENSG00000156787,0.3322079048347302,0.27635387697757746
ENSG00000169946,0.07389372969069245,0.09039659538900068
ENSG00000169439,0.0015719281631441568,0.0007824415540362792
ENSG00000083307,0.1685694011998897,0.11577074278971278
ENSG00000158106,0.10654847494959042,0.03700786871968828
ENSG00000147592,0.5890021064407374,0.6534152978297487
ENSG00000198576,0.8766768799887242,0.6300184284827142
ENSG00000067167,0.2502017216989652,0.40856535978262065
ENSG00000167656,0.8086248277467399,0.9667739783854503
ENSG00000140396,0.8556808602150812,0.7529698179581137
ENSG00000164930,0.24272975441781747,0.5630361279055107
ENSG00000164764,0.283057227703567,0.3998278200484765
ENSG00000184428,0.664300220927799,0.6824257908974258
ENSG00000234616,0.39156365029009366,0.2619254772446295
ENSG00000197353,0.9589454771853122,0.7438164262862172
ENSG00000283992,0.6321296175620154,0.9959199422043702
ENSG00000171045,0.19616966569621938,0.31595649890167693
ENSG00000126233,0.7968859200700565,0.8838312195697653
ENSG00000008513,0.15357049662933064,0.5089814719318653
ENSG00000180155,0.17087265064437485,0.15731808199961012
ENSG00000284505,0.25485238396476123,0.3804342103994821
ENSG00000178764,0.19218289179549797,0.5616155545680672
ENSG00000147604,0.7342635468773998,0.582195489330622
ENSG00000104324,0.06761187974653272,0.028638766129957378
ENSG00000136986,0.2147092435899903,0.1318070534619589
ENSG00000066855,0.5414582628183098,0.6663685039024979
ENSG00000160886,0.22462750255566621,0.17360188969523307
ENSG00000130193,0.2053550449700578,0.097777420025793
ENSG00000164929,0.0019477254002214913,0.0023506937431135052
ENSG00000167653,0.4029063784338106,0.47788571179573447
ENSG00000172164,0.4722896878617583,0.3843089725933394
ENSG00000047249,0.4576987746683685,0.38948624755683625
ENSG00000156831,0.8426485521016094,0.8308865988122807
ENSG00000181195,0.08991212810613552,0.03612368646122782
ENSG00000182307,0.38262795312553544,0.3907332083627807
ENSG00000066827,0.44926653317816345,0.4790343221775807
ENSG00000156795,0.9767298210816436,0.7745545753921013
ENSG00000104332,0.1381469751327327,0.13071855922378925
ENSG00000173334,0.7959141925320136,0.650386294793734
ENSG00000170961,0.2389734049522367,0.2216531613875852
ENSG00000156802,0.2520314127109121,0.13412254871297855
ENSG00000147535,0.7570850382323553,0.9200431465674414
ENSG00000147548,0.7183598764701329,0.8935218654546216
ENSG00000079459,0.540915071234293,0.6602148752284362
ENSG00000104415,0.05430540595621018,0.10630744813688471
ENSG00000129696,0.28392591898367797,0.39260300801787473
ENSG00000205268,0.5853928784979423,0.5003099753813102
ENSG00000104450,0.30587759020028127,0.16379601315606226
ENSG00000104435,0.08384650251570866,0.060003056998061334
ENSG00000154328,0.9028162346337579,0.8072256533589209
ENSG00000104369,0.23081485165680393,0.35761294383268705
ENSG00000104760,0.02974827509019416,0.045779809296068896
ENSG00000104763,0.1547190645646439,0.09149961366855001
ENSG00000137561,0.007491339111495332,0.013284993775147302
ENSG00000185728,0.7998814962614007,0.9988230750041253
ENSG00000137558,0.10249162732531014,0.17655352133315041
ENSG00000104381,0.7756145862089774,0.9162860922922945
ENSG00000260428,0.26666812880075114,0.25008374006538514
ENSG00000185122,0.9595735191681215,0.9922732302880829
ENSG00000185000,0.7051873639290309,0.9634019254208879
ENSG00000182325,0.6882143191200409,0.8665585950891712
ENSG00000173137,0.6650618045919885,0.9854996641311817
ENSG00000071894,0.5463527319446105,0.37272592582946873
ENSG00000147804,0.08290648799669291,0.14700054617626798
ENSG00000261236,0.76040723599127,0.7428318002734786
ENSG00000185803,0.9632781081959825,0.9546117031930048
ENSG00000171428,0.8596073729045277,0.8375241775838658
ENSG00000022567,0.15154581784479187,0.0676066749044927
ENSG00000204882,0.7078491271659066,0.7396086663263104
ENSG00000181690,0.16762580836544352,0.22989476568336936
ENSG00000170791,0.11437980660471736,0.1219434489764834
ENSG00000104419,0.9129153019520242,0.9314768230570001
ENSG00000133742,0.2822608976316027,0.47074005116134776
ENSG00000176209,0.2450252675941419,0.248234555892587
ENSG00000104447,0.6620170656464851,0.3858293690842798
ENSG00000120910,0.9155786169851843,0.9238714635111657
ENSG00000168522,0.3679280129005519,0.5397076221217463
ENSG00000165102,0.24961476771800586,0.31526003982615697
ENSG00000185900,0.6370717480318205,0.7566498468548486
ENSG00000129292,0.9333186705112746,0.8692472609763602
ENSG00000136960,0.16193374474475367,0.24653006973572933
ENSG00000165046,0.010466753226464358,0.02734038420521053
ENSG00000214814,0.9556723450311897,0.9977999602471606
ENSG00000121022,0.738093534412354,0.8937817140755075
ENSG00000066777,0.8601883265345713,0.8045748427072567
ENSG00000181135,0.4726073977957733,0.5084773439306678
ENSG00000181085,0.5240891087316832,0.44524327462951696
ENSG00000180921,0.12957702082094863,0.11668143417839702
ENSG00000180900,0.28529528296572476,0.290592182537982
ENSG00000185189,0.39217476831338216,0.5912061025665436
ENSG00000261150,0.21867963115651495,0.19333443836851869
ENSG00000178685,0.290268924279489,0.3489807417873686
ENSG00000178719,0.1631108180795053,0.22250019706415833
ENSG00000178814,0.049241340742947524,0.07232064374586794
ENSG00000179091,0.9880354211562157,0.8692477014056286
ENSG00000179526,0.5250642233293465,0.368442755253097
ENSG00000179632,0.8914999572807736,0.570037618204732
ENSG00000235173,0.40613345279650526,0.5272356370801101
ENSG00000164941,0.9345886654307669,0.9306860111503958
ENSG00000164938,0.4836395607610866,0.6728371327719918
ENSG00000175073,0.5833563157228767,0.3414689588874124
ENSG00000288602,0.742006972411231,0.8630641988524484
ENSG00000104205,0.19626232312820627,0.2889710170238758
ENSG00000178460,0.772310654373693,0.8221866218484521
ENSG00000147364,0.9060129300720053,0.8442724994350519
ENSG00000120533,0.4884645924969373,0.6332646708020525
ENSG00000120526,0.705810558228479,0.9877907687104195
ENSG00000186106,0.20368590491261684,0.3803801910419895
ENSG00000070756,0.391515835993123,0.5746968902919706
ENSG00000104412,0.18424924102268767,0.08608713159343817
ENSG00000104472,0.9804863323282108,0.767807355877408
ENSG00000104408,0.5431696469508585,0.7400028155437293
ENSG00000008988,0.10629711229514474,0.04194719236409664
ENSG00000164733,0.9993732872376571,0.7069938428983378
ENSG00000169499,0.3394370250483964,0.255317426087254
ENSG00000169495,0.8135754567541933,0.7760329617527697
ENSG00000169490,0.9701968326733884,0.8614374232136297
ENSG00000147601,0.49319501306646796,0.5311907638651348
ENSG00000137563,0.23568202317323803,0.3417079659996358
ENSG00000104218,0.9468361593700751,0.7988000065389179
ENSG00000083168,0.6844575338035859,0.6469093742903542
ENSG00000070718,0.9326689289006278,0.8497764243941007
ENSG00000104368,0.0342466716268314,0.05384474778058833
ENSG00000070501,0.12604494747567335,0.1488210949547125
ENSG00000104371,0.5746891223421027,0.7376193991121164
ENSG00000078668,0.2545653655001989,0.31476814908720474
ENSG00000183665,0.9489468658264231,0.9795674547820057
ENSG00000170881,0.5286252585807587,0.6684236795139666
ENSG00000147687,0.745968916081547,0.6284822357337161
ENSG00000147684,0.5264523659101976,0.6104778595431302
ENSG00000170873,0.5188659416003407,0.3914281806283001
ENSG00000104687,0.12202081136399379,0.421737850164571
ENSG00000104691,0.7257922020343245,0.48208930855802545
ENSG00000104695,0.4532575342361106,0.15369665226017287
ENSG00000165071,0.23457163772523779,0.2887317683627313
ENSG00000168615,0.8886072026447971,0.7605241670775702
ENSG00000185942,0.6914285765713073,0.6473171037106108
ENSG00000105339,0.7015207312486249,0.9393203372884121
ENSG00000203499,0.3048493726438921,0.232514247715715
ENSG00000177570,0.1665129490368413,0.0827986862946674
ENSG00000104635,0.4383976719566818,0.7842224114140057
ENSG00000158806,0.7269180335412306,0.770813445203126
ENSG00000158863,0.25541706625523447,0.3386666259979582
ENSG00000275074,0.35833235279324727,0.43690954263585036
ENSG00000168453,0.11897150056788384,0.1203594116948067
ENSG00000168476,0.9912120711575185,0.858692733134292
ENSG00000168487,0.048900990379778395,0.05852453092056858
ENSG00000168490,0.0041226827955317446,0.009857719808142486
ENSG00000168495,0.5791251595864806,0.35090707117107345
ENSG00000164919,0.47650361928510254,0.5000866639001346
ENSG00000176623,0.8255766121423787,0.6322715026531796
ENSG00000085719,0.9316600535528328,0.976649369111593
ENSG00000104290,0.9128408730140725,0.5095185598897433
ENSG00000104299,0.4061366450813637,0.7742840510332749
ENSG00000104365,0.050196582174567426,0.03935638065368638
ENSG00000164830,0.40588342923440845,0.3610535095021715
ENSG00000184489,0.6806107541360564,0.42036585479216537
ENSG00000170786,0.7143566083299617,0.6247760173951027
ENSG00000175305,0.08760207129169036,0.03486623811000659
ENSG00000180190,0.0345681450241688,0.04148904254359027
ENSG00000147650,0.018778223189309374,0.07003237289732488
ENSG00000014164,0.9330409249740896,0.9639883065300705
ENSG00000104518,0.8819727993007536,0.9126696143098567
ENSG00000204839,0.5579331165648973,0.5770061481197473
ENSG00000147813,0.5633636156430304,0.39858626545891684
ENSG00000179886,0.6532078540302986,0.9183412133355598
ENSG00000104524,0.444896877069063,0.4384415352907606
ENSG00000104522,0.3324659831186823,0.3994074621672501
ENSG00000183309,0.5031214216437785,0.6322491846973497
ENSG00000164953,0.42632801241663076,0.34685900544961557
ENSG00000155090,0.2493150479493293,0.4018671653032977
ENSG00000132549,0.7277058121464478,0.6175438942986038
ENSG00000196378,0.25465061300531205,0.209132131775136
ENSG00000161016,0.3696489713225819,0.2963096471554928
ENSG00000170619,0.8564616584627647,0.8506606914462831
ENSG00000196150,0.4840791032282129,0.663226440554118
ENSG00000170631,0.34292422674616524,0.42346578613243535
ENSG00000179832,0.20316637176481073,0.21194129036764234
ENSG00000182197,0.8862851300802376,0.8515663240405102
ENSG00000104643,0.24024653682563418,0.4305381688403076
ENSG00000154319,0.7229814926816099,0.9433775829994763
ENSG00000182372,0.5835304040332274,0.4495528569022271
ENSG00000104728,0.11607511844747172,0.11573844298502152
ENSG00000176595,0.8128829213691641,0.9994115729180669
ENSG00000076554,0.6482881356285842,0.7213856851003692
ENSG00000185697,0.6524759452146704,0.7431455505252539
ENSG00000120896,0.4366596106343138,0.3483040570226197
ENSG00000172748,0.3391212307475123,0.6163680623789775
ENSG00000091879,0.08415483736581698,0.08333790378261152
ENSG00000155189,0.9956355564341225,0.869155883664138
ENSG00000136574,0.8674656737349641,0.6801427910792655
ENSG00000147316,0.3283662153413505,0.4556069736796433
ENSG00000169122,0.05709586257158899,0.03970946981511205
ENSG00000131203,0.24228710471123927,0.20024820187382802
ENSG00000132294,0.7360667926774542,0.8654152470521395
ENSG00000147679,0.6666015708590596,0.47823800212505707
ENSG00000008853,0.6367216640175113,0.8800185332415617
ENSG00000120889,0.4443073636710687,0.38426854378830566
ENSG00000284956,0.9437889258426501,0.6017220213483951
ENSG00000173535,0.9501306834088342,0.9296986603370196
ENSG00000173530,0.7264399345378276,0.7671093835140346
ENSG00000104689,0.2943297289036512,0.38683632675621116
ENSG00000147457,0.4228383497047258,0.5937503256855219
ENSG00000167702,0.3695572801179505,0.3155725893038409
ENSG00000160973,0.9949354610441863,0.7060209805214306
ENSG00000160972,0.2727047350332119,0.3336824063561184
ENSG00000167701,0.40917450705073366,0.32678788887007965
ENSG00000167700,0.5476580301102922,0.5880732270846812
ENSG00000160957,0.2912683781538338,0.22857384237867145
ENSG00000160959,0.2690062018919238,0.18703177078182434
ENSG00000254402,0.3074909946957822,0.21294399342945416
ENSG00000213563,0.07486741456743376,0.09122788375556726
ENSG00000198169,0.37148898434415945,0.4247460184613405
ENSG00000197363,0.6812093481493484,0.8060564803533914
ENSG00000147677,0.7724606469397851,0.47613139339372035
ENSG00000187955,0.041147519233994456,0.040970758264786446
ENSG00000187735,0.0867007880445705,0.04940141904403393
ENSG00000129295,0.03705627299097245,0.0813836366880747
ENSG00000104497,0.29783386524580596,0.3571293876302857
ENSG00000147439,0.4112269824637155,0.6937027322078269
ENSG00000160949,0.39575670246711425,0.42867765937925817
ENSG00000241852,0.9634169485935706,0.6081224307333082
ENSG00000156011,0.4214679833708215,0.39834639529456173
ENSG00000188343,0.12716462037499981,0.2398087205729608
ENSG00000167904,0.6488201135573617,0.8972612307249712
ENSG00000048392,0.7548783121362989,0.4764731027863386
ENSG00000164754,0.6121388936701135,0.39412743612220713
ENSG00000178209,0.7625391869203161,0.9202308103493025
ENSG00000064313,0.34938833070885233,0.2718598255116129
ENSG00000104343,0.7275911807353261,0.6767060984585181
ENSG00000154582,0.9995171926136679,0.9583955225371504
ENSG00000175606,0.5386233539795694,0.5444953733769549
ENSG00000154589,0.037386087341003106,0.05813050164485732
ENSG00000183808,0.9002095340704803,0.5845270501252137
ENSG00000147789,0.7946595298391561,0.6995900017727852
ENSG00000196711,0.17258555549110827,0.30908715179322016
ENSG00000147443,0.7265748153857603,0.5853408856346622
ENSG00000130227,0.8805529475352746,0.8820283173834942
ENSG00000189376,0.7007410330891681,0.36508962295033287
ENSG00000259305,0.5416592727676214,0.5602472437622312
ENSG00000165156,0.25185439468019,0.27341051840768016
ENSG00000147689,0.6583706051809439,0.7903804998412878
ENSG00000129422,0.14797805232665237,0.1534763211521359
ENSG00000104529,0.7386031298457969,0.6873188206636198
ENSG00000164920,0.6813238041063786,0.6730945190821718
ENSG00000158941,0.41418271264420614,0.6895545189500467
ENSG00000170323,0.060196597262085705,0.08033073292036368
ENSG00000133731,0.7097404373716154,0.7807694248868574
ENSG00000253598,0.40826751428404007,0.45130302113273535
ENSG00000104231,0.6000772148822162,0.5223213626090208
ENSG00000164695,0.049518735652253155,0.06668161465704184
ENSG00000147536,0.07271552907433318,0.05020096865533692
ENSG00000158669,0.4395511852120392,0.4253883445340316
ENSG00000147533,0.2162043986583457,0.27862038377473536
ENSG00000147799,0.5957605505897194,0.529707731421073
ENSG00000158856,0.6162782628163852,0.7196405539577215
ENSG00000176907,0.046354756793547,0.04781626898698197
ENSG00000136573,0.4896843346971228,0.6402475404983731
ENSG00000012232,0.8211024617153266,0.3795523035767362
ENSG00000169139,0.42756359814738265,0.258344885448621
ENSG00000168672,0.18061438529478466,0.07104131862059661
ENSG00000123908,0.6322897008555869,0.5407652147781838
ENSG00000078579,0.32363160457504003,0.30516398514393506
ENSG00000164932,0.0018853105352550084,0.0032268778253244285
ENSG00000164934,0.8560497069017867,0.8842002873646849
ENSG00000169398,0.41519085764090535,0.40329387037137965
ENSG00000253250,0.07608781061810363,0.06327561444493303
ENSG00000155099,0.010120710018250306,0.012004344882708056
ENSG00000155100,0.5117582559744569,0.8145051064257162
ENSG00000104738,0.756166250798163,0.6011681488501878
ENSG00000104312,0.23018980040937845,0.4086011010342213
ENSG00000164823,0.9571459723510249,0.7512121283280799
ENSG00000104325,0.9533465603461295,0.9515698461559973
ENSG00000104320,0.7201597834082907,0.7476156513538528
ENSG00000221869,0.5054485118335893,0.24195753238667173
ENSG00000253729,0.9904587230223724,0.9893333490845067
ENSG00000169436,0.38267195292736933,0.29722592931974123
ENSG00000104723,0.016504523766369995,0.02058388759773136
ENSG00000183779,0.944410371768273,0.7593653958312266
ENSG00000147475,0.5507320664924238,0.4327001542979282
ENSG00000147471,0.5088042994758506,0.7371555807221926
ENSG00000020181,0.0557567517586497,0.06991363675428561
ENSG00000104221,0.45901003888630976,0.8715931289641126
ENSG00000156675,0.46226010906740267,0.7918651021442168
ENSG00000187840,0.7076442126720299,0.9927241225100727
ENSG00000175324,0.5726262710322494,0.3802867792836718
ENSG00000156735,0.9648545180787558,0.9523403608489146
ENSG00000085788,0.7309425412971973,0.5715621997594111
ENSG00000157110,0.13907085234645847,0.0770134105611758
ENSG00000197265,0.6987100000062805,0.8056372670411605
ENSG00000120915,0.3907975318017787,0.9429997824185276
ENSG00000120885,0.37004749755025446,0.3265125337986638
ENSG00000168077,0.23755780949828215,0.18513510989703896
ENSG00000147419,0.4510816800261711,0.9868909252546706
ENSG00000171320,0.3214477306324772,0.4141314255883477
ENSG00000168078,0.5450997937677501,0.6643339002580699
ENSG00000168079,0.5963158362201222,0.4649411894286515
ENSG00000189233,0.6482203455260218,0.6165050019196792
ENSG00000134014,0.7083210730005056,0.2877496493615986
ENSG00000168081,0.8147810119511761,0.9507970517269189
ENSG00000186918,0.8454842121058415,0.287593978268862
ENSG00000214050,0.8669429080658677,0.5377709068297025
ENSG00000167632,0.9307820924117263,0.9437013243082994
ENSG00000042980,0.16528054801777503,0.17159817085677273
ENSG00000134028,0.9465426390548451,0.6977234027471102
ENSG00000179041,0.5558076877359461,0.43458687574215993
ENSG00000164684,0.23181413844180926,0.20690352032108097
ENSG00000155096,0.7611053495119079,0.9211141831815641
ENSG00000171711,0.3256438823121229,0.09017449683317366
ENSG00000147654,0.5961097806045591,0.8205123713212491
ENSG00000147642,0.37362582014111745,0.46971001012550895
ENSG00000129691,0.7256019981025132,0.9403219563135372
ENSG00000164944,0.8493348215597446,0.5909596059413855
ENSG00000104413,0.5216949850521864,0.3337271130378474
ENSG00000156162,0.6734336954959965,0.7895772861925909
ENSG00000156170,0.42559283014198857,0.38702550647721146
ENSG00000156172,0.15477846329893546,0.09947207272528215
ENSG00000147408,0.2646860101200249,0.2324138612174322
ENSG00000120913,0.9349091000221382,0.5642969997735783
ENSG00000171316,0.511804867637025,0.5446392078197912
ENSG00000175895,0.4727213795927603,0.3609872471397735
ENSG00000153310,0.4121946165714214,0.2853533562997505
ENSG00000077782,0.0454020832500244,0.03034454010266397
ENSG00000104549,0.34491928641057146,0.3962766241255994
ENSG00000178896,0.907526598813461,0.9941350365834859
ENSG00000131931,0.6771042059059321,0.8320953486382338
ENSG00000120925,0.25130486526157153,0.352487180102381
ENSG00000168172,0.7399471119908573,0.8418631193908519
ENSG00000179950,0.5318050330803852,0.5421522554625453
ENSG00000131773,0.8831949716387854,0.7235518179184262
ENSG00000164983,0.578122019165962,0.528204301233484
ENSG00000197858,0.6142632602015514,0.4735375739195745
ENSG00000078674,0.9650254401692303,0.7025045088166172
ENSG00000165066,0.5355349853468998,0.6046181781285467
ENSG00000029534,0.9227919460111423,0.9133181792841664
ENSG00000003989,0.0004495106042806011,0.003789193506448712
ENSG00000104213,0.002755795825520762,0.007726969198789299
ENSG00000198363,0.9497127452922469,0.9313582579028457
ENSG00000171033,0.03079945692604633,0.08973562929210134
ENSG00000104432,0.42742823649243333,0.44087509529764035
ENSG00000104427,0.025245488387834303,0.09237530150162579
ENSG00000160932,0.4852084260201537,0.5229069466790619
ENSG00000181638,0.9231127251425947,0.9230495705745569
ENSG00000250571,0.8106777080779375,0.9941307081758437
ENSG00000185730,0.8206595724355695,0.9477770900826504
ENSG00000147526,0.010928160432511444,0.01679080381572835
ENSG00000154188,0.07879731249077589,0.07601934876938013
ENSG00000120875,0.8872612438979732,0.8080336887794697
ENSG00000178860,0.06303641828818216,0.13893163021751367
ENSG00000164683,0.548417883834611,0.5068798467152655
ENSG00000164816,0.17295091959412395,0.38071245655561325
ENSG00000079102,0.05145745232098999,0.06163721980673145
ENSG00000157168,0.997433396316094,0.9510067815171735
ENSG00000187954,0.9916668984898911,0.8108302552940747
ENSG00000136997,0.526727812967293,0.4884575177161844
ENSG00000164933,0.9241743653683964,0.6134624652340309
ENSG00000164736,0.09299533231308398,0.08018947506517142
ENSG00000239857,0.7218343849948321,0.6822498466695655
ENSG00000164880,0.8138805833935298,0.9388906290859949
ENSG00000086232,0.5302129468466046,0.4883771633350209
ENSG00000178381,0.0447071171872909,0.0705290149908037
ENSG00000164654,0.9945621138901319,0.8720368925963804
ENSG00000106511,0.04250014744166311,0.046893287519766874
ENSG00000177706,0.06537419212386422,0.10384689550189556
ENSG00000164916,0.5903391706836112,0.5256030751459564
ENSG00000146540,0.04510414865351109,0.09010132915102573
ENSG00000164828,0.07212829249540544,0.08927488954015227
ENSG00000003147,0.6369575721109446,0.5862820228402154
ENSG00000106537,0.3722582343397435,0.2957696969413325
ENSG00000106399,0.24297916285108898,0.4070755782576527
ENSG00000106392,0.9998639784065428,0.7709816658971779
ENSG00000157954,0.37698163205000035,0.3637378450337593
ENSG00000242802,0.3095220261639745,0.5154389369186978
ENSG00000189043,0.1786695865120367,0.24735913957328584
ENSG00000006747,0.5507263535921345,0.4979668105847097
ENSG00000164877,0.9052108824448402,0.8059909562082951
ENSG00000240230,0.9235306124569514,0.9404052078150323
ENSG00000122585,0.24213088708001534,0.34491919765179957
ENSG00000122644,0.8529354088952066,0.8303929407588262
ENSG00000164849,0.018879370947779455,0.012357486757434553
ENSG00000106066,0.006033344546559631,0.010845706226208807
ENSG00000105963,0.4018430875568709,0.2920525845102086
ENSG00000105928,0.029253583473359462,0.12742495489136407
ENSG00000070882,0.6559175039994376,0.491610387579024
ENSG00000071189,0.9980815519427357,0.7403746339371979
ENSG00000122550,0.587360181666803,0.7683865233863212
ENSG00000106546,0.755868148317163,0.3192951281028345
ENSG00000122691,0.08333614903282728,0.09807500498441397
ENSG00000156928,0.17215838241931797,0.17173908647312974
ENSG00000153790,0.19737638715592049,0.14847654071063004
ENSG00000106541,0.5317535424615327,0.24726138242977116
ENSG00000106100,0.5186253014796678,0.5299066677912153
ENSG00000008256,0.032812082392304646,0.059623035644701505
ENSG00000105866,0.8077329571444376,0.9185204010525035
ENSG00000105855,0.9890787460556397,0.9755835258906645
ENSG00000173467,0.46855998224599016,0.32494895620419434
ENSG00000136231,0.6232595823122109,0.4632243731027632
ENSG00000122679,0.07726422656754571,0.09211450721324517
ENSG00000106415,0.7915088245844522,0.8045075687233597
ENSG00000164649,0.42705215799910956,0.6620723225822638
ENSG00000146592,0.5837451811742612,0.3768804707286396
ENSG00000002746,0.42835002824219914,0.372449786799394
ENSG00000011426,0.6740257078094469,0.4943998733086272
ENSG00000180354,0.9610605847188866,0.6528872758587592
ENSG00000187258,0.7532009051375919,0.6716078307079514
ENSG00000241644,0.08297702769191799,0.12397167705415166
ENSG00000164742,0.2721825958297872,0.4072338967581587
ENSG00000073067,0.9935554920011335,0.8873213979608187
ENSG00000106483,0.021250791973074046,0.03006453931353416
ENSG00000136270,0.8518091200303523,0.6230701141626952
ENSG00000078053,0.21365027124213268,0.21346315072836297
ENSG00000126522,0.6237545141416689,0.7392179905144275
ENSG00000106524,0.29399330581611,0.33652288430017024
ENSG00000146731,0.2696238810655198,0.48067618139629853
ENSG00000255690,0.2613392338741691,0.3226543539285044
ENSG00000136274,0.049288420159243146,0.026057483261937537
ENSG00000146729,0.1360829147582812,0.09823924304804377
ENSG00000146733,0.642865825843767,0.46637467173575253
ENSG00000178665,0.8083894907594239,0.6278896854512328
ENSG00000136250,0.618209856916323,0.9662840389953324
ENSG00000106070,0.023632617544342222,0.05708883562810414
ENSG00000005020,0.6604480079529056,0.629098960768697
ENSG00000164543,0.19474877631432141,0.5666015093824875
ENSG00000187546,0.35899347142896043,0.29330397754183307
ENSG00000075213,0.8704947755536243,0.6488953622009734
ENSG00000196715,0.5201657511258814,0.6550456080809504
ENSG00000106605,0.0855747805359115,0.1370693918682108
ENSG00000185290,0.17902017443865895,0.05845003702588005
ENSG00000157259,0.5115442870457163,0.6150732909923318
ENSG00000154978,0.341287401980647,0.35612117325202974
ENSG00000105829,0.34486164361459926,0.5115444040936075
ENSG00000196636,0.5533175965698028,0.5220950804046673
ENSG00000164715,0.5429587953185727,0.7842329427924061
ENSG00000122547,0.5145478058125437,0.48183668500270016
ENSG00000186472,0.3865959989680855,0.5530789905281721
ENSG00000122507,0.5843527619480922,0.3669828194707866
ENSG00000005981,0.43700138998011884,0.9999157255254613
ENSG00000127993,0.8229103635507206,0.968662635734157
ENSG00000127989,0.8854490468906849,0.7983439146958874
ENSG00000106236,0.17276746666842874,0.19088974951677196
ENSG00000242950,0.6642410265600263,0.9221034976130326
ENSG00000106261,0.9753110674326235,0.9650325402746195
ENSG00000006128,0.32505050856235274,0.182180256636216
ENSG00000132432,0.04908029665919357,0.16019898476378866
ENSG00000128581,0.14828503753543426,0.13594067843027774
ENSG00000239789,0.18140629522491905,0.2187604072019381
ENSG00000172115,0.5942130952856362,0.46284880480179436
ENSG00000169919,0.15291092880681184,0.22554052211647954
ENSG00000127980,0.9778026749589487,0.8987149779775107
ENSG00000004766,0.769729464992369,0.9667046089617349
ENSG00000106384,0.9668503193868141,0.9820314505100302
ENSG00000249319,0.6010276990332839,0.40556582526942997
ENSG00000006715,0.3344121030616708,0.4856746973203411
ENSG00000001629,0.5301801754415862,0.7816486365991135
ENSG00000105825,0.007989971176837043,0.020252394648807525
ENSG00000164659,0.06859457050628776,0.16771810873073614
ENSG00000158528,0.4709879792632844,0.6897770998142702
ENSG00000105852,0.19724761076135564,0.5065954473288847
ENSG00000106366,6.373152122284925e-05,0.00021187319660628988
ENSG00000019991,0.03394330019690157,0.07753266898214922
ENSG00000180233,0.9737777428993066,0.7636726295066668
ENSG00000234545,0.28308060989864686,0.22080329218333258
ENSG00000169902,0.04899746961831419,0.04831282254197661
ENSG00000070669,0.7766240882894745,0.8738597643028789
ENSG00000242265,0.02689991209218748,0.05093343053422193
ENSG00000135249,0.5036797163771247,0.3041740902319025
ENSG00000154678,0.2693030017909852,0.2657212552585438
ENSG00000205356,0.36243761653434514,0.4690423030804871
ENSG00000177683,0.6329654303481629,0.662107536452264
ENSG00000135185,0.06869801099746747,0.1590898372642819
ENSG00000106355,0.9475222412978865,0.7925097950115757
ENSG00000106367,0.1362764311395878,0.09826478709033282
ENSG00000106397,0.4959609262152147,0.703647205447024
ENSG00000135218,0.007742070049330832,0.016134518699357534
ENSG00000160862,0.39020954065961866,0.22711442050588182
ENSG00000127920,0.005041333657524789,0.005011472391922408
ENSG00000075223,0.08574487209838952,0.11640796152728788
ENSG00000146802,0.9436122868156371,0.9531020173533705
ENSG00000135269,0.43858989851090824,0.7461821126612033
ENSG00000135241,0.43188791001305693,0.702557440984242
ENSG00000105854,0.40635674324813775,0.682111799032089
ENSG00000127990,0.015549692223217622,0.012686245156069685
ENSG00000105971,0.0471662030176099,0.10178964936437775
ENSG00000128590,0.8706288028280863,0.667826135150849
ENSG00000179562,0.33781059035723,0.2766328062430996
ENSG00000198839,0.9755437499590025,0.939112107460613
ENSG00000184903,0.36276924271571387,0.2682621904754987
ENSG00000146955,0.013730197209699266,0.013455682575611977
ENSG00000198420,0.840861082113403,0.8106721188674829
ENSG00000197157,0.8528879582783129,0.927855983458022
ENSG00000105880,0.17161724699272596,0.08590430912399559
ENSG00000004059,0.7617437546354302,0.9549212702879067
ENSG00000196937,0.2208962902075365,0.3708068188497128
ENSG00000214194,0.19525012313194995,0.16389704864196142
ENSG00000128536,0.8009489435536228,0.9746264386831757
ENSG00000006453,0.12477955554888863,0.2854276796718217
ENSG00000106086,0.9325041875931842,0.7168282364250389
ENSG00000269955,0.5108633911259972,0.33356980743860065
ENSG00000105967,0.9378406335261742,0.7113431509177799
ENSG00000106049,0.9763717895941408,0.7338892693840171
ENSG00000170632,0.45973028608940203,0.6957205500396728
ENSG00000243317,0.3035008970939144,0.1547186390679939
ENSG00000059378,0.5081846945960427,0.43257013612637396
ENSG00000128567,0.6507952160772899,0.894177822350134
ENSG00000126870,0.9063725512002416,0.7682558295717676
ENSG00000133606,0.21343521444992392,0.2600772005035224
ENSG00000127955,0.0036775949858343622,0.003848629866418168
ENSG00000133574,0.5977872845894925,0.8077564173939503
ENSG00000128607,0.7474746970073103,0.6813159943184253
ENSG00000128578,0.15243091619711246,0.043350011121749056
ENSG00000006377,0.3298518287504223,0.34272206882761397
ENSG00000127928,0.1393783733091625,0.2739561539326939
ENSG00000196335,0.642603566524237,0.7837091512298238
ENSG00000128513,0.40858418172946176,0.49643403243537887
ENSG00000105887,0.8915952988723372,0.7177036948643947
ENSG00000164603,0.6191575729800409,0.7208168549615389
ENSG00000282939,0.2526389825670638,0.24916240583680146
ENSG00000170260,0.4387751141669929,0.4792192214023775
ENSG00000106153,0.21085660696510952,0.2670040545840694
ENSG00000146842,0.31089085132237604,0.38343022200060173
ENSG00000105993,0.7500656356661723,0.8132547525678283
ENSG00000128594,0.4073161866435959,0.2543675749134245
ENSG00000146918,0.22134733103080795,0.17151925530631407
ENSG00000204946,0.2072813203681646,0.11478468133139147
ENSG00000185055,0.5199954224723238,0.46128523563581125
ENSG00000236279,0.18294236458721594,0.11468821940685812
ENSG00000211710,0.5035732132613755,0.5174550462316971
ENSG00000133561,0.5867698691316454,0.7313628929392824
ENSG00000106028,0.5655318848014681,0.641142409960997
ENSG00000155093,0.27042026754349147,0.206857595847652
ENSG00000009335,0.5743322141086454,0.3752985567104381
ENSG00000064393,0.8893295095602927,0.7990045140365192
ENSG00000214253,0.11368771070151448,0.21078284272180633
ENSG00000257093,0.2819498562751175,0.3953283570139461
ENSG00000106025,0.6062771842401755,0.5871664570425283
ENSG00000237702,0.3737515373614412,0.3649775855438139
ENSG00000181444,0.1273388639778139,0.31430156554118444
ENSG00000106278,0.22120829291965605,0.3415351252118851
ENSG00000164713,0.4215054191803619,0.5268763031188175
ENSG00000227471,0.7402493709226505,0.8165142299649835
ENSG00000179144,0.8366885553581422,0.797165663655993
ENSG00000157800,0.6151664465961602,0.7246437128683954
ENSG00000241258,0.7201574830405308,0.5198755356629392
ENSG00000106034,0.12629034501385414,0.17434137683580272
ENSG00000146963,0.09711943756633791,0.14651887581132472
ENSG00000106615,0.6578915776101304,0.7053092420145268
ENSG00000136286,0.992685962878145,0.6860665087536583
ENSG00000071243,0.7874508764480757,0.7621926790755252
ENSG00000240204,0.20875031885973186,0.1552441734200752
ENSG00000106617,0.7378413251485638,0.5431837985793256
ENSG00000226660,0.8438605942972878,0.8183645752638831
ENSG00000106479,0.41235656065002724,0.4322506745083924
ENSG00000172331,0.6028587525808999,0.3670676360548367
ENSG00000006530,0.5767788108623544,0.8533595437557102
ENSG00000186480,0.9422700566267852,0.9182268487530028
ENSG00000133627,0.17084402739352123,0.15701075563553749
ENSG00000085662,0.0002105025024701705,0.0004090505447139932
ENSG00000122779,0.8298998399421225,0.9818166119361678
ENSG00000006459,0.4951623291815136,0.5171769198454772
ENSG00000183742,0.462217339478318,0.4223191952276649
ENSG00000198074,0.48106654792977066,0.4880028629750537
ENSG00000091732,0.6991909172792381,0.7051679274402285
ENSG00000164898,0.36768752712733155,0.7887543215001261
ENSG00000106554,0.7645794794194559,0.8471727309983146
ENSG00000106400,0.2427081542290705,0.21176488004215957
ENSG00000170265,0.19763367251503608,0.23301973399849288
ENSG00000146966,0.38984955366283547,0.4305738920159049
ENSG00000197024,0.5179898529884779,0.4630610646083274
ENSG00000128585,0.9916376925689964,0.8795458269931395
ENSG00000158623,0.8052969751602719,0.9767546356215757
ENSG00000189320,0.07253579718149147,0.08786008994553383
ENSG00000106018,0.16218337324432883,0.08552686661660715
ENSG00000215018,0.24624679162171842,0.3650974369681981
ENSG00000168303,0.9179069874441073,0.9679932739718902
ENSG00000105856,0.47777993985389366,0.6629663032395203
ENSG00000175600,0.009669164460778694,0.008592957270590543
ENSG00000258227,0.34511786606970773,0.3654420481287284
ENSG00000168090,0.07032029246360189,0.06922292361007952
ENSG00000166508,0.9491875807918865,0.8531481004641248
ENSG00000221838,0.6323457792547604,0.36934413188917126
ENSG00000166997,0.15066509690096958,0.11024933089549453
ENSG00000214309,0.2658363778158723,0.15508393484425814
ENSG00000146826,0.8770186587648576,0.9291762526912999
ENSG00000197093,0.05535870994534302,0.10368513285101415
ENSG00000160813,0.6265633147832472,0.6524521732243105
ENSG00000166526,0.14729177781230307,0.18316928636569876
ENSG00000105810,0.6264521422421514,0.848027741438192
ENSG00000122778,0.9015438696949628,0.6478236890013529
ENSG00000136235,0.051103349307114715,0.10933967221956879
ENSG00000004864,0.17987605171064366,0.2527675252512981
ENSG00000136280,0.34491654887165757,0.5001726432927014
ENSG00000146757,0.6761246541964262,0.9915693250756866
ENSG00000187260,0.3388677814032291,0.3905008791188701
ENSG00000006652,0.5561539571940508,0.4988216505788866
ENSG00000288634,0.14094686592660963,0.2526217871373475
ENSG00000164867,0.004761880643352493,0.01472538672847661
ENSG00000164885,0.15783897960917176,0.2575457927167807
ENSG00000164897,0.19979059553444412,0.3191641246643801
ENSG00000133612,0.8530027875202351,0.8058544978276678
ENSG00000033050,0.8067460086582431,0.7301504223999575
ENSG00000122557,0.29043116651324846,0.3695724700349243
ENSG00000187257,0.9278109781750459,0.8690637687925034
ENSG00000135211,0.43201141390734765,0.26173778300870265
ENSG00000187391,0.2132664385759907,0.17412501146555026
ENSG00000006625,0.7760859952632506,0.6482400433920872
ENSG00000281039,0.6032068517623723,0.542332816252857
ENSG00000106105,0.9517623346663303,0.6014864068198221
ENSG00000241127,0.17578415081460155,0.18997288138151838
ENSG00000006451,0.13261137351856941,0.15539785902455758
ENSG00000106560,0.8300527698430958,0.9750137083344865
ENSG00000213203,0.7915247316468608,0.9169335521906334
ENSG00000106565,0.07338763532294472,0.052478445166436634
ENSG00000002933,0.046430501657651654,0.027211760365527048
ENSG00000133597,0.6495150704187878,0.8356960099681833
ENSG00000090266,0.4722107275116708,0.45951043590511453
ENSG00000090263,0.5542587383656865,0.47668519464990555
ENSG00000105865,0.5493597393617808,0.633301839026911
ENSG00000158516,0.8130505422964568,0.6828938407475025
ENSG00000106484,0.18871917042616143,0.20742477745011648
ENSG00000178234,0.7228704431485595,0.5782047140293651
ENSG00000160917,0.7250660305418057,0.8421959006588198
ENSG00000241468,0.42010884795092884,0.5376574854004994
ENSG00000198556,0.6985089201007855,0.7876285261882054
ENSG00000160908,0.8817253188431909,0.7371706049493167
ENSG00000221909,0.21904746429743463,0.23445995760604005
ENSG00000197343,0.6524036269550788,0.4933455141021369
ENSG00000197037,0.6144317371377591,0.6780925717734702
ENSG00000106258,0.1091003200103457,0.1999208927069249
ENSG00000174469,0.32587049562783493,0.49432870129143136
ENSG00000170027,0.17486700991202153,0.17349802617594634
ENSG00000188372,0.8422854196711165,0.5816365099448
ENSG00000106211,0.15329145379248182,0.1123048410265584
ENSG00000214960,0.13875086247042664,0.1262000626940294
ENSG00000171243,0.7988487197541783,0.7727392130443065
ENSG00000075624,0.2633285010344094,0.2243537315566778
ENSG00000075618,0.17827541286150955,0.36641372061556066
ENSG00000082014,0.028954789493727637,0.04537511898448294
ENSG00000135164,0.5627580156014858,0.8587134382927135
ENSG00000106404,0.9026120653001006,0.7635929502547363
ENSG00000196652,0.9878643820453887,0.7035987583379735
ENSG00000166448,0.3011858972324327,0.31665976701137044
ENSG00000002726,0.6719140676110664,0.49783895657340294
ENSG00000129103,0.0682298855577559,0.1114880223612306
ENSG00000011275,0.8228314090227735,0.8133047793104198
ENSG00000164542,0.14823884579345062,0.22008335632287843
ENSG00000106443,0.6816374783909773,0.5730013663763429
ENSG00000106477,0.035654386580609355,0.08216943678761371
ENSG00000091136,0.05524292898675116,0.16729845600158594
ENSG00000127399,0.14219560204262757,0.18886922578018336
ENSG00000106538,0.13246267133358433,0.1883701047904057
ENSG00000155561,0.5085070145326887,0.3540320486402494
ENSG00000136193,0.15519671115821826,0.2604378163757227
ENSG00000106080,0.18316353174376213,0.2307560020105229
ENSG00000106624,0.007530268600225923,0.01747120156037756
ENSG00000176428,0.7785614536112039,0.5210561100673395
ENSG00000176410,0.9300027460742125,0.5884264265502047
ENSG00000106089,0.11951090827089707,0.16743466229589027
ENSG00000165215,0.8721511451767323,0.9110951814429291
ENSG00000165171,0.5596578173886579,0.26648265470822124
ENSG00000106344,0.26479627965488983,0.3015174654761816
ENSG00000106348,0.4013323149401138,0.6688201845865711
ENSG00000135245,0.2619207486349598,0.2145674019614516
ENSG00000165055,0.09308852920757912,0.057959001771509616
ENSG00000160993,0.9858263117462522,0.9736714246978382
ENSG00000161036,0.7390816657226564,0.9416605272355126
ENSG00000267368,0.11923334412879204,0.12616667675730586
ENSG00000105792,0.7824239833984374,0.8004370363587485
ENSG00000105793,0.1756327907532036,0.30818199594494683
ENSG00000157224,0.3082510582952984,0.2359651844950826
ENSG00000058091,0.01819745966094349,0.05528525259531058
ENSG00000157240,0.051513030983811575,0.059023767352170485
ENSG00000105974,0.01835464734315062,0.02931836292008626
ENSG00000211721,0.07313505166759789,0.07464033863441698
ENSG00000278030,0.6063030853926086,0.3323178794327375
ENSG00000275791,0.3457416296363459,0.7233910629819065
ENSG00000105976,0.1072929184890949,0.35994842999132337
ENSG00000050344,0.040463445868440306,0.021108484668787897
ENSG00000122565,0.6015589565622327,0.36338616454699146
ENSG00000106588,0.9180782605290916,0.5823616844689647
ENSG00000106591,0.4907382658751607,0.24175591453926007
ENSG00000105821,0.5484765933560769,0.8608568649993849
ENSG00000106683,0.8604571174834169,0.9560987775582398
ENSG00000161057,0.5771522362258676,0.8737374988058109
ENSG00000005469,0.13119988553438494,0.17773382269652904
ENSG00000085563,0.5975947656048108,0.4173824340868125
ENSG00000196262,0.4087689961483474,0.4915866129302221
ENSG00000105968,0.487276427263465,0.7115277849978455
ENSG00000146676,0.6148918478967014,0.5389259290901751
ENSG00000136279,0.5012608895508055,0.7754881312104613
ENSG00000164708,0.22306982085728636,0.30364108850030963
ENSG00000122678,0.40149263293935544,0.3712879568346127
ENSG00000106636,0.7676290774223511,0.9805737258765156
ENSG00000127951,0.767976324368065,0.786548820704813
ENSG00000146535,0.31071956677154233,0.31729091054103115
ENSG00000086730,0.45105365442384615,0.5129892162302961
ENSG00000049541,0.6932959505811893,0.7122367169243715
ENSG00000106665,0.9831629451133927,0.8783259059617237
ENSG00000122641,0.008608655268135378,0.01856625555785606
ENSG00000282320,0.9111586443432189,0.9337573180236978
ENSG00000282420,0.5717036668696803,0.7146869107281604
ENSG00000282133,0.7477646708475342,0.7134393209201313
ENSG00000281958,0.7807857740630475,0.8105333119611418
ENSG00000282173,0.7994289726206727,0.7540834738482334
ENSG00000282780,0.49764177612885074,0.3877658178054919
ENSG00000211751,0.8233980552193416,0.6512317191437442
ENSG00000211764,0.4781300309193527,0.6601982286228167
ENSG00000211765,0.9682887167368066,0.8168538893264746
ENSG00000211766,0.4475848229264312,0.32919995676604524
ENSG00000211767,0.6390293858915117,0.6572349011990773
ENSG00000211768,0.8108902489865801,0.8491439049361921
ENSG00000211769,0.6877813165110869,0.7802436926501739
ENSG00000211770,0.5452169425290411,0.6402968501033975
ENSG00000211771,0.4922945698409059,0.4694388970061286
ENSG00000211772,0.04525126055479311,0.09431053113223409
ENSG00000237254,0.6947989696995219,0.5706231867636922
ENSG00000106123,0.6680516321996917,0.8332190793500558
ENSG00000165125,0.139825506229534,0.13240671117611974
ENSG00000128609,0.7617501739603953,0.93714022225123
ENSG00000106299,0.7472544068847473,0.7812533019531855
ENSG00000106333,0.09577400509481891,0.07697891466006031
ENSG00000106330,0.33088015625973977,0.234433360082876
ENSG00000106327,0.06175776588378343,0.05769060846850304
ENSG00000172354,0.6437602812733992,0.7756289116502734
ENSG00000172336,0.7375379111584983,0.9131683139234918
ENSG00000196411,0.9138242148657079,0.8822671092452024
ENSG00000146828,0.6546090119386367,0.736526562622402
ENSG00000087077,0.4556907155869989,0.21848215707419025
ENSG00000087087,0.3284844940285564,0.30418103883186715
ENSG00000146830,0.63708309776725,0.5859135484944707
ENSG00000178397,0.17218694340064886,0.145969662291738
ENSG00000164535,0.45581244151999933,0.6690208840873918
ENSG00000136240,0.13088912654106427,0.17813550540547327
ENSG00000164889,0.46935484495660085,0.46223433893215504
ENSG00000128596,0.13671197591701265,0.15838654080640743
ENSG00000128524,0.622194122540463,0.4982907087640577
ENSG00000158457,0.6044234602716037,0.45473315702267614
ENSG00000128602,0.03870006411712573,0.05178517309576559
ENSG00000106571,0.09143943181639905,0.06554794850284622
ENSG00000105926,0.5027931970763868,0.37283411937882627
ENSG00000004866,0.7967917806176751,0.8767125544279251
ENSG00000128591,0.1267366678343415,0.1652471563247697
ENSG00000164597,0.3301286441166277,0.4191245698186318
ENSG00000197150,0.8132429212513019,0.7117594421119321
ENSG00000154710,0.6928689543431208,0.9120123199411055
ENSG00000146833,0.8687644194198114,0.9510742494773612
ENSG00000243335,0.6032907287147634,0.645462316779432
ENSG00000180535,0.23292550804194917,0.30564028399574844
ENSG00000198742,0.6267758782525863,0.7530357148732901
ENSG00000146574,0.9625262417362049,0.8331130208743127
ENSG00000136237,0.09663437178266612,0.18270532098911327
ENSG00000087085,0.3299415470922326,0.41321406096976443
ENSG00000257923,0.9677971629832044,0.7605067008933116
ENSG00000105835,0.7558150129310316,0.9173454826085901
ENSG00000181072,0.14129450428206836,0.1045045005480604
ENSG00000146858,0.698257035612539,0.5686251378509815
ENSG00000105939,0.12456761042489436,0.0909209086758987
ENSG00000105948,0.6519751257415157,0.7537413454411516
ENSG00000157741,0.22314490748924737,0.3107946265021255
ENSG00000128610,0.41391857154156586,0.5808295196491364
ENSG00000008311,0.050747221095163435,0.0817883309716435
ENSG00000128563,0.5923297546495958,0.8010913100909202
ENSG00000164815,0.8360568321523192,0.8109467724208506
ENSG00000122687,0.6717965588427568,0.9656151274265627
ENSG00000106266,0.9106488315105586,0.975825433148759
ENSG00000136213,0.24484378276496718,0.3087173946649428
ENSG00000002822,0.30489600371508285,0.41158111524725927
ENSG00000122674,0.8696642227317535,0.6912148392938104
ENSG00000106125,0.6974467806406424,0.7114810015067832
ENSG00000240583,0.2433193778030971,0.08548440832370731
ENSG00000185467,0.0030750880419833045,0.005385497875639434
ENSG00000013374,0.21786920665508686,0.19412806429247823
ENSG00000197448,0.21436424547358957,0.3723683654072778
ENSG00000178826,0.8314117817185582,0.9339470106895325
ENSG00000106144,0.20395013913079854,0.15162304928603285
ENSG00000159784,0.2272901304518981,0.3410080307444617
ENSG00000159840,0.47542961777300097,0.4383859936415899
ENSG00000146904,0.6138145697829146,0.6915648237889731
ENSG00000127914,0.4670301897075786,0.6576596858518902
ENSG00000122591,0.037057461475405354,0.05169145119281793
ENSG00000164604,0.49862176847382234,0.48887071200670773
ENSG00000106268,0.19685008966274348,0.2352728527542255
ENSG00000106682,0.31077481333365065,0.2832340848812133
ENSG00000164638,0.13416427068171574,0.10617883413326432
ENSG00000155849,0.07030208120738596,0.08609053341243622
ENSG00000189143,0.6587712079009631,0.579081475640066
ENSG00000146776,0.9479901313021295,0.9665566555670536
ENSG00000161048,0.7249973152478288,0.49996148079157254
ENSG00000132434,0.1118674115820778,0.15094701427471832
ENSG00000055609,0.7698825738176637,0.6938366979867329
ENSG00000146678,0.004506145576778579,0.003554779577324236
ENSG00000146674,0.08322602299816773,0.22562865097186352
ENSG00000122642,0.11209749530848614,0.18041220981309636
ENSG00000122643,0.7540395689558086,0.5833137207031979
ENSG00000164610,0.8959359740769418,0.9732148963705002
ENSG00000197008,0.5253529975190083,0.6496948588665168
ENSG00000187416,0.1524367340590479,0.1653614368063093
ENSG00000075303,0.7506812553658921,0.7474350249258057
ENSG00000075142,0.09332709881608585,0.1534483053267035
ENSG00000127954,0.044013556674425684,0.08334294084585847
ENSG00000008277,0.44669188120587255,0.5343385781315628
ENSG00000186088,0.8765156476403979,0.841889974048829
ENSG00000127947,0.1444479071740817,0.2732174777709737
ENSG00000122783,0.8553748730310258,0.8952128419816257
ENSG00000146859,0.3205729037668815,0.5283435885673111
ENSG00000105875,0.6400118314514965,0.5277031482017329
ENSG00000243896,0.942659992354459,0.991553687091577
ENSG00000050327,0.38551568178533113,0.42676124482373023
ENSG00000184863,0.7224831666629052,0.6327891049395995
ENSG00000164690,0.7483406129997663,0.9220128417404699
ENSG00000105982,0.5144010600375297,0.5110591239512989
ENSG00000105983,0.9733222522001087,0.8913000053109637
ENSG00000146909,0.19381136783877198,0.14386494789759582
ENSG00000130675,0.29704493201766996,0.30129835027124785
ENSG00000106462,0.05275469210267394,0.03304545271159226
ENSG00000055118,0.4008722448884372,0.23446622825927588
ENSG00000135205,0.03761167097117227,0.03764231808398998
ENSG00000236609,0.11386649611784279,0.07529538203502702
ENSG00000205903,0.34520705785350536,0.3026824853010542
ENSG00000164631,0.4384860954574329,0.6789767590660019
ENSG00000106077,0.3257703368513706,0.4915376385407696
ENSG00000169894,0.6877829592689915,0.8632174249137174
ENSG00000169876,0.7466587100811183,0.8131108644470649
ENSG00000169871,0.3753645174682121,0.32714876946698057
ENSG00000105991,0.8269168347028439,0.7298618345691963
ENSG00000105996,0.3195706735294488,0.41047666666990423
ENSG00000197576,0.12037397259859965,0.10712592563200961
ENSG00000106004,0.523343245805842,0.6133446879033089
ENSG00000106006,0.37925345637510677,0.25267469089996153
ENSG00000122592,0.7122290020960063,0.8575299288348734
ENSG00000078399,0.1325975622599042,0.10714232977457083
ENSG00000005073,0.15203126314975246,0.07633284601619596
ENSG00000106031,0.14954383105577604,0.07930359810475596
ENSG00000106038,0.9164409007623124,0.6698254395434315
ENSG00000130305,0.8610674208369773,0.8697620935231594
ENSG00000153993,0.43818970626124,0.6322925209250987
ENSG00000274070,0.5469053715334253,0.5329604658689763
ENSG00000274523,0.5488693701906386,0.565682085056336
ENSG00000146587,0.7145897077731256,0.4124941821972641
ENSG00000171130,0.9861117118746061,0.9301132594933453
ENSG00000106052,0.7749378738996144,0.6854509532548223
ENSG00000091073,0.5779731923318938,0.8737660353125765
ENSG00000064419,0.830470757746181,0.8685439734395007
ENSG00000182095,0.9718809513117103,0.7342711242911288
ENSG00000205277,0.2812767425096947,0.2573413346312471
ENSG00000078487,0.6973557077587672,0.6725480921661262
ENSG00000170379,0.6736826234276305,0.6685846136951001
ENSG00000219545,0.38624182912593796,0.5450914670603593
ENSG00000105997,0.6422422120352604,0.5450926598926773
ENSG00000234444,0.8361996216157581,0.9322718747497296
ENSG00000173041,0.5719598841191844,0.5187133334531455
ENSG00000214022,0.07478996736689325,0.15258754412767178
ENSG00000196456,0.09667186451262368,0.22556413271487094
ENSG00000171115,0.7117046834468346,0.779944606923584
ENSG00000106526,0.20152549602944042,0.2848946620843268
ENSG00000213462,0.28570658246759767,0.2107079514299463
ENSG00000164548,0.4054501933580499,0.46267225988276717
ENSG00000169193,0.6298135119463144,0.6925576028534208
ENSG00000188732,0.5814746884802371,0.867353064333886
ENSG00000105808,0.03751351959503439,0.06826718493000349
ENSG00000001630,0.4662597117756294,0.7100151444584195
ENSG00000213214,0.2709043474528849,0.227130570308475
ENSG00000001631,0.3200873703007772,0.48067173842312794
ENSG00000285772,0.549096723264646,0.9370166613568413
ENSG00000285953,0.9442538848246743,0.5521198604112424
ENSG00000196313,0.5686563424996433,0.4191005995567728
ENSG00000009954,0.9331691809754848,0.9507938280094815
ENSG00000106635,0.7010086701669482,0.6303495534561265
ENSG00000006704,0.7764639096828448,0.872788428685691
ENSG00000272391,0.9615010675706064,0.8058656956158493
ENSG00000127946,0.5078125625182237,0.602398613747821
ENSG00000006606,0.6326955955318915,0.5882632278790291
ENSG00000106178,0.04426576055025622,0.041985782053817484
ENSG00000005486,0.736653908870429,0.7633380466150416
ENSG00000189077,0.05725035999117602,0.013192545666130864
ENSG00000127952,0.10081703098186238,0.10416332274011843
ENSG00000146701,0.6367600642574769,0.6335366924831425
ENSG00000062582,0.5456347237816191,0.574128367850832
ENSG00000106608,0.6110345026536953,0.6358332153000974
ENSG00000078967,0.9271565840302773,0.8580112091084261
ENSG00000243566,0.4738558093584505,0.459354932782131
ENSG00000146707,0.7974743707205791,0.4999355202124839
ENSG00000196247,0.975247978170405,0.9933567848259965
ENSG00000136273,0.5542801430684976,0.8676351632581536
ENSG00000158517,0.9959751168988927,0.890344068524711
ENSG00000285292,0.6177168393086676,0.472684923497672
ENSG00000106263,0.36162380875781575,0.43938214126822117
ENSG00000106009,0.9539611566552055,0.9837658190865497
ENSG00000128564,0.5057017479922212,0.6247156822226756
ENSG00000164651,0.8316258751662879,0.8900014922239888
ENSG00000048405,0.449140614093517,0.37682338718396213
ENSG00000128512,0.35716466500589183,0.3648629408975086
ENSG00000166529,0.5151218824502246,0.4954992370292268
ENSG00000164896,0.9530869680824111,0.7872024965908012
ENSG00000198874,0.6925140185879559,0.8572537658757756
ENSG00000155034,0.6159366899524596,0.6259734547907619
ENSG00000055130,0.8178378247052784,0.6661428844198666
ENSG00000198898,0.4151835235304838,0.6155715212165798
ENSG00000196511,0.9524424057393317,0.6880699006445964
ENSG00000146555,0.5005005800831384,0.5853009793210899
ENSG00000136261,0.6415448462336204,0.471299948542826
ENSG00000136243,0.18524501229984797,0.14969426974362499
ENSG00000105778,0.65460970328696,0.4005567332960127
ENSG00000106003,0.13223273959241494,0.1691470230426196
ENSG00000160868,0.38709241170691966,0.7348605572415347
ENSG00000106638,0.7198343383384047,0.8440172481859414
ENSG00000152926,0.2587670888169094,0.26808629642181286
ENSG00000091140,0.8865047570525887,0.8793183956311188
ENSG00000253276,0.12018627580144463,0.24929095607064092
ENSG00000174428,0.28766227012017936,0.2830569250642126
ENSG00000170852,0.09465966207919431,0.20332382826256676
ENSG00000091129,0.14396239832564717,0.08029553758578493
ENSG00000196683,0.19969281387091065,0.3783327043230996
ENSG00000117868,0.3964942394919746,0.4888807339845941
ENSG00000164776,0.0033801382497593772,0.0025947444258713997
ENSG00000164850,0.7041858280597846,0.5609863645773794
ENSG00000253293,0.23510807464796818,0.19647903777298906
ENSG00000275896,0.23584139064552315,0.1849592092157702
ENSG00000081803,0.5486793126290639,0.6708859898457322
ENSG00000122574,0.9135013878007748,0.6151976792390402
ENSG00000136197,0.35641910751907857,0.4486056637000003
ENSG00000133619,0.4514750126787931,0.2905169199789258
ENSG00000257743,0.30849702454323463,0.41153660723280483
ENSG00000158467,0.07809683267288874,0.12047926689445504
ENSG00000106346,0.7655844858480906,0.6621011764802949
ENSG00000121716,0.4563714068160034,0.3211554452968881
ENSG00000049540,0.028452785668606706,0.041124816728917574
ENSG00000173678,0.878210526523638,0.6407158576571519
ENSG00000170092,0.9474127355799733,0.9861603524684942
ENSG00000185040,0.9791296129609021,0.8623184250629172
ENSG00000136206,0.9667536829136514,0.9024996982018996
ENSG00000106290,0.2327567796646695,0.2716530562605335
ENSG00000176532,0.2863596382310688,0.3210993998182706
ENSG00000263001,0.7803166398073708,0.6848297145768659
ENSG00000196275,0.027955186933220882,0.019268290824223523
ENSG00000127922,0.22867247291689172,0.35606970277459205
ENSG00000173852,0.7720526031933221,0.9244670137068421
ENSG00000105989,0.22632490294753835,0.3207487467928496
ENSG00000077063,0.5768177356567636,0.6704081755156486
ENSG00000033100,0.6110769536698413,0.8114172663126009
ENSG00000160991,0.27803367863563155,0.3849238644286558
ENSG00000164647,0.3494433257984343,0.2381274551321132
ENSG00000157214,0.24191360080135485,0.22805563257289546
ENSG00000196453,0.6862050873355781,0.6438757045989137
ENSG00000181220,0.3798031803017371,0.28594604023435394
ENSG00000004799,0.024751051528457146,0.05027097347542484
ENSG00000158560,0.03036335090766354,0.01599495078371165
ENSG00000260097,0.5464756948822305,0.7419028368773591
ENSG00000188186,0.2062645363977394,0.22938129892397563
ENSG00000135272,0.08639938831714113,0.13830413344898473
ENSG00000005075,0.5090474656598528,0.5130268934414763
ENSG00000221866,0.4088605238277202,0.2775547647804198
ENSG00000198517,0.31634891611680044,0.45991991505169805
ENSG00000164855,0.6261649705771939,0.7252635803380494
ENSG00000157778,0.22571717928017063,0.29851239003356167
ENSG00000225968,0.04766332510009179,0.10744599796281372
ENSG00000128606,0.03103929326996099,0.045812025434500324
ENSG00000222011,0.23684022484250408,0.21622505945172962
ENSG00000106351,0.7805888126576208,0.5935197726602639
ENSG00000205307,0.19202291817796993,0.360330231647241
ENSG00000284292,0.3929112755492431,0.44349743208690495
ENSG00000241685,0.182868727167922,0.3238643632897027
ENSG00000130429,0.24429473936390622,0.46784986541257756
ENSG00000106244,0.5098815884941337,0.5461407515319182
ENSG00000106245,0.23984079649750228,0.31678962138780664
ENSG00000146834,0.8716869488751997,0.9526109288018014
ENSG00000166925,0.5197906058226023,0.5674544547782481
ENSG00000136247,0.2781800736619424,0.49585794292622254
ENSG00000146576,0.6691856557097802,0.7065282706614542
ENSG00000136244,0.11207586124178201,0.252245842819206
ENSG00000176125,0.5223720467506474,0.5638887289560506
ENSG00000106603,0.5956450906863774,0.6899408313264714
ENSG00000183696,0.024064632808187693,0.08855591774090321
ENSG00000284691,0.18160111533157167,0.4030242762959044
ENSG00000164692,0.012223565038164103,0.02540152153908013
ENSG00000127995,0.11572700964471587,0.24695703725358342
ENSG00000106609,0.6919320077409509,0.6802073158293493
ENSG00000153814,0.023509450887253328,0.043643745866018775
ENSG00000126524,0.06430130449281628,0.06877548842308367
ENSG00000205238,0.9011032286015837,0.6416767100226046
ENSG00000086300,0.2780588385271413,0.15386578685611874
ENSG00000010270,0.09160181259444629,0.09936887494108312
ENSG00000227191,0.43587180037185114,0.439837726601768
ENSG00000211694,0.6271395686550951,0.5035711331599951
ENSG00000211697,0.46679017270654144,0.5151758723103286
ENSG00000211699,0.821421614870998,0.9328209372867035
ENSG00000196584,0.5096754109843695,0.49172937653102
ENSG00000132436,0.9655995071557064,0.6369768959766582
ENSG00000132437,0.11525211828050386,0.08098355219640778
ENSG00000185811,0.7025425277140522,0.9542176691590235
ENSG00000211746,0.8041605555705342,0.7864948688794631
ENSG00000211747,0.4981375168733191,0.7448300288324204
ENSG00000211752,0.9394021505680432,0.9476350703326413
ENSG00000211753,0.44867036313129294,0.37394190402893024
ENSG00000232869,0.7274377403728813,0.8584055054080599
ENSG00000204983,0.0415526067699054,0.0784113992963737
ENSG00000198286,0.01603323009140879,0.14509649616646533
ENSG00000277149,0.8523569030411778,0.9422947430116945
ENSG00000105879,0.7942741046127445,0.8921777849513817
ENSG00000091138,0.2643251055764125,0.2413224685488568
ENSG00000160999,0.7990682902944776,0.8414793087090726
ENSG00000106628,0.8012575820332541,0.8904884896955405
ENSG00000205060,0.4456686188598844,0.5645567810276458
ENSG00000122566,0.4905421676678807,0.3257711144946665
ENSG00000197362,0.3336154611721826,0.36099402924649093
ENSG00000204947,0.42985679530958965,0.5593436280114841
ENSG00000155660,0.971668668350906,0.6572447983175435
ENSG00000105894,0.7905083800917746,0.7090363002414278
ENSG00000105851,0.5024395044644483,0.6957208284488361
ENSG00000106305,0.7470474741917588,0.6073290418641626
ENSG00000001626,0.7501109361071044,0.9836260821007277
ENSG00000205413,0.6490402745861575,0.997025243835153
ENSG00000188175,0.8237475077483892,0.9080569192942622
ENSG00000177409,0.6750684233021629,0.9200421267095309
ENSG00000170381,0.08327179938894046,0.08524421280385006
ENSG00000122512,0.6563236229959897,0.5830979425874108
ENSG00000197461,0.13085516346042456,0.15506181951335007
ENSG00000158321,0.5166480912627595,0.7959876123995867
ENSG00000146648,0.09062253951541933,0.1456910914485595
ENSG00000128604,0.7937611253906587,0.5898191728922726
ENSG00000015676,0.26887628582300677,0.2502086779907426
ENSG00000058404,0.8838991726116637,0.9674008906285257
ENSG00000065883,0.8944215018306932,0.9517774809034174
ENSG00000005483,0.8500117749918323,0.6130804856411192
ENSG00000154997,0.6688388291967424,0.6440931258177938
ENSG00000106078,0.6425199483977613,0.42928917002340183
ENSG00000288558,0.3085026833872754,0.27361043736100676
ENSG00000075790,0.9121030657560928,0.9529757839945792
ENSG00000187037,0.31230690109097714,0.46433783196042067
ENSG00000086289,0.03131367573280226,0.01572283443205301
ENSG00000131558,0.394613230855415,0.4629594124786377
ENSG00000085514,0.30698938084986216,0.4048712339565417
ENSG00000106246,0.3942553562079685,0.3972984939406896
ENSG00000248919,0.7478168857761991,0.616473908125325
ENSG00000164818,0.21862802593593017,0.34826811857713
ENSG00000188191,0.23166009072401822,0.3882884022187164
ENSG00000128573,0.056606666432508515,0.029145981659810125
ENSG00000196329,0.9522727605150958,0.6466306522397042
ENSG00000128534,0.9444638477602892,0.5504036399987818
ENSG00000106012,0.5289537452529585,0.5324054404011231
ENSG00000136295,0.5245778079831782,0.7437432539590512
ENSG00000213413,0.8337816764152348,0.9304995934508661
ENSG00000286075,0.693754706984095,0.5160283947105391
ENSG00000136238,0.2537441722842618,0.26358974030846954
ENSG00000009950,0.7201316887987925,0.47251883445809995
ENSG00000106460,0.4949528544681543,0.5343331437829197
ENSG00000106459,0.7852501311014961,0.7992070738025964
ENSG00000186591,0.8876463894421271,0.9318293779463849
ENSG00000196367,0.8118510167257819,0.9292414565264698
ENSG00000168255,0.47909174071884864,0.6458531603442148
ENSG00000284981,0.8988368969587354,0.9696531735813888
ENSG00000285437,0.3234874396104524,0.19480166372170452
ENSG00000228049,0.8839668379130698,0.8123525336839026
ENSG00000136205,0.781418024315045,0.9078305831386005
ENSG00000122545,0.05917781001275595,0.0838357409743163
ENSG00000091127,0.8336997701364748,0.6718422224416543
ENSG00000157764,0.6227321249040529,0.7089817477848287
ENSG00000153956,0.09339763688919862,0.12754351089035015
ENSG00000122786,0.038692368841778554,0.03336591086517773
ENSG00000128595,0.08982234570428621,0.17319056657413948
ENSG00000157212,0.5831984489494506,0.5489797056728076
ENSG00000130226,0.347120573234871,0.1788775249713533
ENSG00000077454,0.5771398876065832,0.653033986232505
ENSG00000135250,0.8875924327737492,0.6285492629776748
ENSG00000008282,0.8960727534211407,0.7818402653585659
ENSG00000006468,0.19617528161766198,0.31335949897592014
ENSG00000105819,0.9029832754563312,0.8431927808903674
ENSG00000127948,0.6001305264090009,0.4867113102149013
ENSG00000005249,0.4879463129139142,0.6023443924865566
ENSG00000006576,0.35110982303121885,0.47649998921908177
ENSG00000106069,0.7166974077905013,0.5997390222541434
ENSG00000182158,0.2172770969353732,0.36325535599082825
ENSG00000105849,0.9280952694635415,0.6971725270331752
ENSG00000071462,0.7749049998844164,0.9108412003462665
ENSG00000080802,0.6716410947303717,0.5497465095160079
ENSG00000015520,0.12154067266298677,0.19325656885961648
ENSG00000136271,0.5411254392792938,0.5973893805148406
ENSG00000158604,0.46694181630878284,0.6420493315649554
ENSG00000105953,0.6565179109547854,0.7487562556844394
ENSG00000122515,0.4392769466408678,0.23887848040122198
ENSG00000048052,0.7089918806074843,0.7805518188805874
ENSG00000059377,0.351572775981027,0.5388813303160056
ENSG00000170667,0.0226473619322083,0.06442962598274402
ENSG00000270505,0.17161663486588166,0.20898861778527375
ENSG00000281179,0.17161663486588166,0.20898861778527375
ENSG00000278263,0.17429522854741897,0.0651713151390657
ENSG00000188403,0.8782055937697613,0.656025958654342
ENSG00000166140,0.4306699935439835,0.27533249482192884
ENSG00000104081,0.21666090215455017,0.16038842063610614
ENSG00000198146,0.691477718367999,0.4959217943821088
ENSG00000137801,0.009183998309629206,0.03487826901184344
ENSG00000021776,0.9558700256921315,0.8773535008209173
ENSG00000128829,0.14240184623585214,0.17022785183557027
ENSG00000134146,0.14759327259103014,0.19249888989124217
ENSG00000188277,0.9800179606689082,0.9707407249348073
ENSG00000166068,0.021996955711241464,0.1052751333936677
ENSG00000248905,0.9797635075281594,0.8133931009776518
ENSG00000051180,0.5958229107470742,0.4931284045998502
ENSG00000159251,0.377966232299482,0.4289154049359082
ENSG00000166734,0.8455609333611985,0.8863102836708103
ENSG00000138613,0.011632173177727233,0.00909946809132166
ENSG00000171877,0.9315895279503089,0.5367721006593733
ENSG00000137770,0.5699211710110423,0.3858998042370466
ENSG00000157456,0.8241186661820454,0.9143111840597526
ENSG00000166200,0.7880271187291386,0.946764114941993
ENSG00000137834,0.5022319872199524,0.5006818371230082
ENSG00000137776,0.470682723187135,0.42906130356131167
ENSG00000138593,0.5259740644932558,0.5665771228152403
ENSG00000103657,0.9416392947042096,0.8706927398449094
ENSG00000129028,0.8225637605181638,0.8630001594559316
ENSG00000137880,0.8464208537067672,0.6137426930225042
ENSG00000074410,0.5736670268501114,0.6911569550083905
ENSG00000157483,0.8651766165335316,0.9464022058372618
ENSG00000166128,0.17614684173879086,0.2738338129563241
ENSG00000166233,0.9202564304506045,0.9819470458326234
ENSG00000137841,0.3644686280274958,0.6500935500370835
ENSG00000137809,0.030318510527738603,0.07505441226779513
ENSG00000074696,0.7411668840049096,0.5188152476197389
ENSG00000156642,0.6540804828544899,0.6954865100370147
ENSG00000178802,0.3819780489525545,0.4890042325753313
ENSG00000169018,0.2818436481034346,0.3775297162517096
ENSG00000140464,0.491400080035725,0.3922005794334561
ENSG00000103599,0.6679674643099331,0.6903465943673575
ENSG00000178741,0.7456560151006691,0.6221300055842596
ENSG00000128918,0.018159866456664977,0.015204548669166571
ENSG00000067141,0.6445255592984571,0.8537189487992726
ENSG00000140382,0.7614267441160227,0.8794014379713435
ENSG00000140284,0.12502670036458105,0.05042836513071805
ENSG00000136381,0.7804728103437928,0.34338586061140863
ENSG00000189227,0.5817226606591182,0.4322207502897063
ENSG00000138621,0.3627058000533505,0.40016712733370263
ENSG00000179151,0.6828368150047853,0.8400667162151391
ENSG00000137764,0.6847379738165938,0.800788171442232
ENSG00000136378,0.0661239685280099,0.08394044669513952
ENSG00000041357,0.7509361450984131,0.3957577773842229
ENSG00000140474,0.3004076385555899,0.5551505567946928
ENSG00000173546,0.30541819450567587,0.15788336464676403
ENSG00000166035,0.9449233691842283,0.8108569522043614
ENSG00000067221,0.6735238780941313,0.5742114940778515
ENSG00000081014,0.61994460059742,0.840288071864743
ENSG00000129038,0.1631135779965865,0.3042257253065172
ENSG00000103742,0.3194594141874125,0.5051937628415812
ENSG00000285253,0.3971458889654128,0.2444235065833877
ENSG00000138587,0.9447535542672284,0.9170876647348832
ENSG00000156958,0.26379677053356626,0.35108039575540273
ENSG00000080644,0.10060367980667108,0.07832731475805338
ENSG00000066933,0.9867268283463381,0.9301245981488674
ENSG00000092529,0.2893143000304412,0.265046996769904
ENSG00000256061,0.6978756873875873,0.5180572942534736
ENSG00000178761,0.7491804476355015,0.6848279570225023
ENSG00000137824,0.7636802468321111,0.8498254050446464
ENSG00000198794,0.7434306895916443,0.6231527556462106
ENSG00000169684,0.8420902553558263,0.7893072961325179
ENSG00000166426,0.21301854498084247,0.2674547045505535
ENSG00000137831,0.2151425526163336,0.21456101881830497
ENSG00000140497,0.9807576217227323,0.8130075472149011
ENSG00000169371,0.9639589925975791,0.8877739352004118
ENSG00000166415,0.3015794502755077,0.5497781247168279
ENSG00000140386,0.6724115303198981,0.4777416648584989
ENSG00000188266,0.9778616006633194,0.7894636078327165
ENSG00000104129,0.9874388304815942,0.9650820218160817
ENSG00000140455,0.21005737217911252,0.25104550918769897
ENSG00000136379,0.8235117827628841,0.4961875219323235
ENSG00000166557,0.7495275772046539,0.5693945968796248
ENSG00000103888,0.9735702658982236,0.7056317366603706
ENSG00000166073,0.011719173761429771,0.029880670842848286
ENSG00000103569,0.33812599431829116,0.3983322336368804
ENSG00000169609,0.9630249137053115,0.9081309836344955
ENSG00000196547,0.13553609824346108,0.06373405670393532
ENSG00000103942,0.4443250850532835,0.5378595931306143
ENSG00000073417,0.8580339384027177,0.87603866074795
ENSG00000181991,0.41492276433167563,0.7319815767746192
ENSG00000166831,0.09240635139748626,0.08468344250233839
ENSG00000166173,0.012561889886483924,0.009612105318061037
ENSG00000069667,0.3036246879471435,0.49885722757168904
ENSG00000140319,0.3673561041728375,0.292514434278466
ENSG00000074603,0.9331348765113459,0.8309747737593696
ENSG00000255302,0.03680594704652566,0.03080468211938285
ENSG00000156218,0.06799690422045587,0.13374340651865363
ENSG00000140450,0.27453944626999677,0.5823467703571071
ENSG00000169612,0.6466805069559798,0.9134592054650117
ENSG00000183655,0.7862799117482333,0.8449372473895873
ENSG00000176463,0.42434734357138104,0.5476993184830006
ENSG00000181026,0.20675958494296376,0.03723164475909715
ENSG00000185787,0.7366858801883582,0.999719179961111
ENSG00000137845,0.28365895902837274,0.25717959225227915
ENSG00000259494,0.5666366869665841,0.31369487552561964
ENSG00000154237,0.6846320232409641,0.35649267772503457
ENSG00000168904,0.12287441289223557,0.10727468448270272
ENSG00000140443,0.6379388715739394,0.7587383012608465
ENSG00000128923,0.9584057363134175,0.9969641964599463
ENSG00000185551,0.15942738025928443,0.4542858144136488
ENSG00000103995,0.543753300390881,0.33731281027954474
ENSG00000157470,0.04604009957158098,0.038420980711257935
ENSG00000064726,0.9711588001011392,0.6996155953358705
ENSG00000184254,0.11450365713918674,0.18517206517208648
ENSG00000166716,0.7749406539911817,0.838995628952677
ENSG00000166477,0.896869829578564,0.8232626879138681
ENSG00000138594,0.43260943377940964,0.5098060637283344
ENSG00000237289,0.8934133469773485,0.7451460609782811
ENSG00000223572,0.6157772037280886,0.6781877937476302
ENSG00000128886,0.40874598059134903,0.5123191901886868
ENSG00000140259,0.2772761813761152,0.215452811737583
ENSG00000074621,0.0995571713225329,0.058098380441718174
ENSG00000174485,0.8779013712223799,0.7810119509025906
ENSG00000103769,0.9563603651161025,0.7627042898776175
ENSG00000136425,0.451026480439804,0.2621334586212333
ENSG00000166411,0.2298720510160559,0.16586915705936198
ENSG00000092470,0.16622408382220308,0.11243606592059775
ENSG00000156970,0.7216048334042153,0.4792450082278852
ENSG00000137872,0.136632047634238,0.07261125570303749
ENSG00000170776,0.8855378167116282,0.5415549906715116
ENSG00000166143,0.3947982726500724,0.36485452875261537
ENSG00000178718,0.4776659761282529,0.3486901016684132
ENSG00000173548,0.16521249596294124,0.24495369202669837
ENSG00000166762,0.5443881946638389,0.36593362562915366
ENSG00000140262,0.44508628837990416,0.5205661989259931
ENSG00000175344,0.011964282113422361,0.017679613305439157
ENSG00000134153,0.6135747354193626,0.9352300049539201
ENSG00000182405,0.453389002642955,0.5017320464350992
ENSG00000134152,0.3666832417262108,0.38497806910286747
ENSG00000128463,0.12948019522618695,0.22204794480678078
ENSG00000140526,0.7952862125893128,0.9500168290588685
ENSG00000140199,0.924018950363108,0.9980302250937653
ENSG00000137860,0.5085752250069062,0.8108717232677966
ENSG00000171766,0.9006183793449081,0.874808263514195
ENSG00000171763,0.8153019658053369,0.7115895500139677
ENSG00000104154,0.23100926124330234,0.2015776399402056
ENSG00000104164,0.9762421252145188,0.7696425032385645
ENSG00000137767,0.33771131959229816,0.38599962131087995
ENSG00000138592,0.3128089888063673,0.27407316343432186
ENSG00000092439,0.6103879106369573,0.4020129600280449
ENSG00000117899,0.643487364714381,0.942169040080688
ENSG00000114062,0.38102012447141276,0.6630500929795162
ENSG00000136383,0.12974231415768323,0.1974968187251786
ENSG00000169857,0.1594507714108007,0.1712080432377099
ENSG00000166262,0.5024365427251847,0.7776906375675796
ENSG00000104047,0.4233233271236948,0.5997942971292022
ENSG00000166797,0.999287365145153,0.8292602398950301
ENSG00000028528,0.9168701762865232,0.8402958025015342
ENSG00000169118,0.4207355551565406,0.2925397191874221
ENSG00000166803,0.4419903726345489,0.335821189974548
ENSG00000103671,0.7949516054278591,0.9599350421285517
ENSG00000159459,0.9351493708727034,0.6402432880430322
ENSG00000137842,0.6292414569849863,0.46948766841424516
ENSG00000166946,0.4393365027605102,0.52697282820291
ENSG00000168806,0.3046369470452465,0.38430373268416307
ENSG00000186417,0.14442671027033033,0.38920277768274925
ENSG00000104093,0.49517261970130355,0.8452716787858795
ENSG00000104112,0.6936082309265059,0.492445470596407
ENSG00000140280,0.7540076110393719,0.8399363998072559
ENSG00000168803,0.7316430086961354,0.8816227011576976
ENSG00000197361,0.499779807097688,0.2736468693172218
ENSG00000033800,0.9478395304758163,0.8959241789681348
ENSG00000138617,0.17743722354134123,0.2271583546979102
ENSG00000140543,0.17498586776222533,0.1905493840923253
ENSG00000128739,0.08184917279373587,0.12200148626642597
ENSG00000242028,0.926186627933029,0.8015460469713914
ENSG00000157450,0.8040744216241288,0.9133095496832216
ENSG00000137821,0.42464673651811147,0.2323029069115854
ENSG00000166819,0.13215852685012314,0.16116862270473614
ENSG00000166821,0.1077006475202532,0.12115770204732372
ENSG00000288625,0.07851650779737238,0.09339590127724712
ENSG00000243789,0.92140731527347,0.9205358564276304
ENSG00000104131,0.4452689465383294,0.39403204460428387
ENSG00000103855,0.4351777964675536,0.6726220806042025
ENSG00000128915,0.5665860338920352,0.3388346996285779
ENSG00000188095,0.9579172189853264,0.6982680716587423
ENSG00000166825,0.25079954875635646,0.29147217365914935
ENSG00000157823,0.6686446421888201,0.3129042375904149
ENSG00000250021,0.7647350076567772,0.5737272151946173
ENSG00000242498,0.9294555277384401,0.8272247848452547
ENSG00000182718,0.9332182765804553,0.720591998882578
ENSG00000136371,0.1656874375821377,0.21236228124965492
ENSG00000259332,0.7200110609086103,0.9165659487709235
ENSG00000086666,0.7520189777173778,0.9820600463242447
ENSG00000140379,0.8343134759293782,0.9795715313377892
ENSG00000090487,0.7233044892732807,0.75433897018159
ENSG00000103707,0.5759242928536539,0.6485785685497092
ENSG00000186198,0.7421170406727666,0.6909720518113124
ENSG00000103710,0.18540852727204374,0.14849918035449006
ENSG00000090470,0.4390664945061694,0.38759040151908986
ENSG00000166855,0.4137093055242689,0.4103368363665576
ENSG00000138615,0.11982575425583623,0.11478965232393941
ENSG00000182636,0.05836361825411259,0.04851727375089177
ENSG00000137819,0.03557869441207337,0.09215675687771369
ENSG00000137818,0.8881594434908808,0.8123600132377828
ENSG00000137807,0.4902385230145003,0.22807833133476546
ENSG00000128833,0.057759637398932084,0.03196524587378307
ENSG00000128989,0.5939872226018112,0.6655351563516877
ENSG00000131871,0.8022796902369558,0.6609620829777878
ENSG00000131873,0.28569174085831966,0.5642647006590107
ENSG00000184277,0.42055790811156923,0.3028337659619218
ENSG00000185418,0.5704670126268531,0.7414501905699926
ENSG00000140479,0.6170427387636283,0.9617528160336757
ENSG00000225973,0.33265169384276866,0.2925604663654728
ENSG00000069943,0.639128603146868,0.5467520792356133
ENSG00000137876,0.9010060400181904,0.6516308059554583
ENSG00000187446,0.7143125004312234,0.9725414192151004
ENSG00000285920,0.6581223880637748,0.6998862737935552
ENSG00000104147,0.5566666910598989,0.42494819738814205
ENSG00000137804,0.407608962799636,0.2897907653749346
ENSG00000137806,0.6167732262202237,0.622747348644122
ENSG00000137825,0.9716850077424491,0.6296435107355669
ENSG00000062524,0.3237937950321543,0.8226561158660255
ENSG00000103932,0.9942565454004462,0.9583395042698448
ENSG00000092445,0.7283402355752253,0.9395526579922276
ENSG00000169926,0.29177945917198517,0.14644306844579785
ENSG00000103811,0.6675466925057416,0.7043692474809347
ENSG00000179455,0.5222838938418066,0.44005525181077954
ENSG00000140285,0.05224782470353001,0.15178758424520386
ENSG00000140264,0.18958255649116407,0.09962894093455178
ENSG00000103994,0.8663834235376269,0.7218613037558357
ENSG00000171016,0.010406082644476827,0.016294620208682206
ENSG00000069966,0.08792221956312286,0.13235129591971628
ENSG00000104064,0.4558011949000247,0.6480998751966457
ENSG00000169783,0.6860169497643004,0.7705517046412975
ENSG00000166920,0.6989540416393469,0.37704277247603724
ENSG00000140511,0.9364515926605851,0.8079330595189675
ENSG00000157766,0.7970126686783359,0.9910545057260807
ENSG00000166949,0.6677399777217046,0.8768442738573345
ENSG00000103591,0.4871186644233242,0.165889867821071
ENSG00000104067,0.45966513623589444,0.5984287472394865
ENSG00000140470,0.804294894202125,0.9736829762575359
ENSG00000140471,0.7796845378037476,0.9333930344082226
ENSG00000183475,0.8933854893158807,0.4774807300232152
ENSG00000182511,0.07114973756826075,0.12151350808974294
ENSG00000197299,0.508858253949947,0.23800224323871055
ENSG00000140564,0.12378578986571975,0.2689527750659531
ENSG00000172183,0.6229616769718596,0.32939427510896213
ENSG00000166794,0.2807938457874197,0.5214852973935677
ENSG00000103723,0.3808594684320594,0.4930493713426113
ENSG00000156232,0.2622971645477793,0.13361683945790334
ENSG00000166192,0.19184918396013967,0.15053198363597942
ENSG00000175318,0.5884400494254374,0.645177188308131
ENSG00000137817,0.2898942721115362,0.3403165956445045
ENSG00000179361,0.7415075348191731,0.7325903523729025
ENSG00000128872,0.09229540334457584,0.07307654657606688
ENSG00000128973,0.36513595877202876,0.35240970477897204
ENSG00000205363,0.28990451088571323,0.24079537081760327
ENSG00000243708,0.8420358607065613,0.9325229948457303
ENSG00000137871,0.9782370695674034,0.6285047679543154
ENSG00000137875,0.15751293201568164,0.17759870361964433
ENSG00000069869,0.10751037508786979,0.20119668595421425
ENSG00000140263,0.559213003952632,0.5405590180739273
ENSG00000140279,0.3631953768271178,0.2865512494918246
ENSG00000140274,0.472887129081485,0.3964398304145377
ENSG00000137857,0.23236342435308516,0.1638376368447535
ENSG00000186073,0.4605185770267963,0.3525038536095687
ENSG00000140463,0.8979165802646236,0.8491221193424718
ENSG00000159322,0.7934811665885496,0.3836619637298506
ENSG00000136404,0.039543850530245735,0.0872252014742683
ENSG00000166503,0.01754202482228921,0.019188773933190573
ENSG00000137802,0.755549014698741,0.7353313253939264
ENSG00000104133,0.8598448594748592,0.778336663826585
ENSG00000172345,0.5731612664230088,0.5715610911228102
ENSG00000182768,0.3991972825560709,0.8828323511531405
ENSG00000103876,0.10159970790988618,0.08604167069175205
ENSG00000128951,0.5806121616886069,0.5478656115571853
ENSG00000166147,0.008879120309992598,0.018810765386103868
ENSG00000181827,0.6952169132788714,0.45350663028136085
ENSG00000198690,0.502804891682081,0.4963124558260794
ENSG00000166912,0.9597839225418461,0.9986441156358781
ENSG00000213614,0.4139784448473759,0.6101201159655892
ENSG00000140548,0.5976417952387588,0.4731915764281279
ENSG00000182054,0.4318006416121518,0.5034397279485343
ENSG00000196391,0.6639542212116152,0.4536981770658969
ENSG00000140575,0.5919937393079686,0.8151226591867392
ENSG00000166145,0.9960205060551462,0.8530347638281988
ENSG00000179335,0.6370418212983917,0.7661864309741668
ENSG00000129007,0.22631794559266025,0.31978722334977633
ENSG00000167202,0.3122595526510391,0.4586806705513713
ENSG00000103653,0.1217426377451032,0.17029728566856378
ENSG00000183208,0.027662603782982863,0.017166303505509732
ENSG00000173517,0.39667697242042477,0.5377564010037669
ENSG00000047346,0.8202449100635549,0.8090827250040168
ENSG00000140254,0.24026978609723268,0.16141797300647773
ENSG00000177971,0.6797886295492798,0.6047383292461872
ENSG00000214575,0.09467235728303251,0.058544844710696424
ENSG00000229474,0.5929693294218434,0.604542286988254
ENSG00000215252,0.7897502361969306,0.6086476417834361
ENSG00000166938,0.7207098100266806,0.7529690939859733
ENSG00000075131,0.3559965602050581,0.21813871521707853
ENSG00000169032,0.6826882491661392,0.8044333023212297
ENSG00000174446,0.570945040803309,0.7025439733640158
ENSG00000174444,0.8255233719156563,0.9074571607601134
ENSG00000174442,0.33255047836004875,0.1476669391585631
ENSG00000198826,0.7007228521064763,0.3451404115382365
ENSG00000166923,0.12341788466615365,0.240565821191956
ENSG00000128731,0.8472113384406125,0.6428092804507954
ENSG00000140406,0.6549555317425986,0.5628075137481057
ENSG00000259330,0.21033839036297947,0.1811583965485786
ENSG00000233041,0.5515899752899793,0.5782811288495827
ENSG00000140323,0.555343946744329,0.6609992747851641
ENSG00000140320,0.6661566564605204,0.5108654826776089
ENSG00000169105,0.06649283051864842,0.08650297201602952
ENSG00000128928,0.26055091955142917,0.4331505920087413
ENSG00000197535,0.05092235664820534,0.12424201252033755
ENSG00000104177,0.23659628711109734,0.2853495270884532
ENSG00000140332,0.8980870971081845,0.8663176136767483
ENSG00000176454,0.5126143904616749,0.33838057395205906
ENSG00000172379,0.8328436326156019,0.8406958533890289
ENSG00000131876,0.9316734536136603,0.6385011297801724
ENSG00000206190,0.7995839997872903,0.9222723361322317
ENSG00000128944,0.7873136709570835,0.9054694785358915
ENSG00000183060,0.14255917432853102,0.2628871488687977
ENSG00000140563,0.7568257446892871,0.4284306420354381
ENSG00000069956,0.7141700453811003,0.8264915747188143
ENSG00000138606,0.582554829688134,0.49773666838272734
ENSG00000140577,0.49415931732218976,0.8438756449402196
ENSG00000167004,0.3430472166660873,0.5780994113809023
ENSG00000159556,0.8668115512015999,0.7817000858816265
ENSG00000180357,0.6029293549176966,0.726885265891105
ENSG00000180304,0.8923116880832787,0.8491224473311987
ENSG00000187720,0.6899326652117435,0.6755635857143167
ENSG00000171914,0.06314467886418501,0.05374717329779586
ENSG00000166922,0.28313437133050195,0.5498336750321473
ENSG00000138614,0.6122316367930679,0.4168794786473694
ENSG00000137815,0.8828783867139351,0.8421568950085125
ENSG00000166823,0.5306869575244424,0.22576437855749187
ENSG00000214013,0.6329349739415855,0.6668226434966111
ENSG00000185033,0.5347714934496364,0.1847019513814375
ENSG00000188549,0.31199089443548333,0.3796765268936475
ENSG00000140545,0.019821695502645332,0.02072160115051073
ENSG00000185043,0.8927422302901795,0.35182255059218837
ENSG00000151575,0.9850300694278386,0.9789347575649999
ENSG00000103966,0.3254849312703978,0.5124015355823273
ENSG00000103642,0.786533233980661,0.8216583113901625
ENSG00000185088,0.42793314105289015,0.3247218347496876
ENSG00000183496,0.11814732413602712,0.14140051997489742
ENSG00000188659,0.3612107870508813,0.732056801843983
ENSG00000182774,0.8069345288061947,0.9764771159273098
ENSG00000140598,0.3548587711281288,0.40902942502672834
ENSG00000140534,0.3531387074508421,0.11249138026788674
ENSG00000166813,0.9981516673801469,0.5195487022408994
ENSG00000140525,0.597132938057843,0.2590643030191526
ENSG00000104140,0.3357730514100316,0.37085330834825814
ENSG00000104142,0.7867141892387092,0.6108002743814382
ENSG00000128917,0.1586745999772427,0.21114609899192055
ENSG00000128965,0.029893892371124987,0.022171177996548073
ENSG00000128908,0.8181044787905168,0.400177804413987
ENSG00000117906,0.8032032968487027,0.9247635763563373
ENSG00000140391,0.6504519469738166,0.7921225622109483
ENSG00000140368,0.7445814081026547,0.7155050114533967
ENSG00000260916,0.40593296667887946,0.5940437393973408
ENSG00000069974,0.5291970043471393,0.7201355344051459
ENSG00000171262,0.5695828331466377,0.7315314170856839
ENSG00000172575,0.44335102154416606,0.5078789256839897
ENSG00000138600,0.46948738538117574,0.35369641985157174
ENSG00000140297,0.4635891147670763,0.6706177216865523
ENSG00000140307,0.6575395916128114,0.6353186490044722
ENSG00000128891,0.9612463065831083,0.8768274917196393
ENSG00000166133,0.7341755770912703,0.7280312390698591
ENSG00000137812,0.28381112277242965,0.15747251787461444
ENSG00000067225,0.8299648297014378,0.4945059177829402
ENSG00000182950,0.5294422019533402,0.40639647547928504
ENSG00000140367,0.0659166026944155,0.10338850721019091
ENSG00000167196,0.9846763744777433,0.7747198168134148
ENSG00000140374,0.716159506532025,0.8433675318820824
ENSG00000175265,0.9151268205814802,0.7931370049164257
ENSG00000182117,0.8249499993675472,0.9162634321288481
ENSG00000035664,0.9053173079721812,0.5824246014629617
ENSG00000273173,0.37071065462619246,0.398721214067118
ENSG00000137843,0.33503361247020547,0.2677137183524371
ENSG00000198535,0.6786632602525968,0.7234980604948966
ENSG00000205502,0.646697411050692,0.5200661094587155
ENSG00000140451,0.2914753034643576,0.22558047952092983
ENSG00000241839,0.3418381371696812,0.5114422780308611
ENSG00000166839,0.2758445631332148,0.3912856079776914
ENSG00000182175,0.22908067291560624,0.19258000988894242
ENSG00000140299,0.2792908505815625,0.3698665016764515
ENSG00000184508,0.3950133322929531,0.5732351662280016
ENSG00000140553,0.9994086179959065,0.6552126775783627
ENSG00000166965,0.033973648121170694,0.007055408187702316
ENSG00000198901,0.7875724033270721,0.4052727159020256
ENSG00000184056,0.6350857122019778,0.32764985791764206
ENSG00000176371,0.23439476652738997,0.1725577276239598
ENSG00000177082,0.6870625328706206,0.9824590749915401
ENSG00000197696,0.07036877986265987,0.12488061030814385
ENSG00000170113,0.9732411508389391,0.7336454034441142
ENSG00000140157,0.5592764569688673,0.9438529982134869
ENSG00000275835,0.26637104881838175,0.5712768395728286
ENSG00000273749,0.7457993310315422,0.7855690399621906
ENSG00000185442,0.21334508181591486,0.4211751539966414
ENSG00000258484,0.022972099357388608,0.01278468529760546
ENSG00000128849,0.1631088390852244,0.11463241707320297
ENSG00000263155,0.3845482978409889,0.21873825501397798
ENSG00000255529,0.45230689902597176,0.40221169374750443
ENSG00000137878,0.8852869489055509,0.4480516991682465
ENSG00000183578,0.07859502457219017,0.06563516978482452
ENSG00000092531,0.22064767719446798,0.3507596824381045
ENSG00000180979,0.7113931255097552,0.5724983291873194
ENSG00000137814,0.341416036420459,0.19557484144270143
ENSG00000140326,0.5617934718323735,0.6357813782408617
ENSG00000128881,0.6200930895931165,0.6111607182164838
ENSG00000174197,0.9869420984495952,0.866986109503521
ENSG00000167173,0.27600727843589445,0.42706679568176964
ENSG00000140365,0.925724144010957,0.9172394971951793
ENSG00000140398,0.3374060746297608,0.3876194526065917
ENSG00000140400,0.8709921721222817,0.9232003165619879
ENSG00000169410,0.7743517293671421,0.8724031529765692
ENSG00000169375,0.5487248055100149,0.9258992961676363
ENSG00000168907,0.7392410459665558,0.85992166677965
ENSG00000166887,0.658047011396044,0.8900776416079357
ENSG00000103978,0.356097656496015,0.6935553393790415
ENSG00000103647,0.03865117168876083,0.05889313506911408
ENSG00000140350,0.3967693235360299,0.4414226081053604
ENSG00000138604,0.8831134775024574,0.8274313688609032
ENSG00000140416,0.5858158952642816,0.38906960885992836
ENSG00000167178,0.050971675625836654,0.05828056005394823
ENSG00000129009,0.018947451618159215,0.034331838798808856
ENSG00000137868,0.8748531308737065,0.7771216515688837
ENSG00000138623,0.21786137559088709,0.24960706796140095
ENSG00000138629,0.4716997614178091,0.5118361603373218
ENSG00000068305,0.09604842872348542,0.20532987288335866
ENSG00000182253,0.39436336318943377,0.3373918235688407
ENSG00000103852,0.5434227224215212,0.7271104613244959
ENSG00000134138,0.30759186553836965,0.45814187423619146
ENSG00000140612,0.19154973590878346,0.4061977167806168
ENSG00000140403,0.597330097361055,0.6731229805259096
ENSG00000140395,0.38894605668837945,0.8363245229173704
ENSG00000173575,0.8667153786369431,0.511626748655852
ENSG00000166206,0.5151491020722716,0.8757845056541235
ENSG00000140519,0.6139842849542174,0.7816278473031886
ENSG00000140521,0.6156094627493223,0.4280155925007866
ENSG00000261652,0.9906012934146795,0.8842891447299531
ENSG00000172349,0.6510382316828764,0.9286844887368149
ENSG00000129003,0.6735638359503824,0.5204096161093643
ENSG00000166710,0.6139077366635493,0.8116142764501738
ENSG00000140265,0.6537265352758582,0.46583994871613665
ENSG00000137822,0.7836095832056637,0.9982016733795529
ENSG00000067369,0.744378783848276,0.6173585585495485
ENSG00000166963,0.22629437334657335,0.17788531783532419
ENSG00000168781,0.471471899474288,0.32608845971555944
ENSG00000047621,0.753410871261246,0.5015959961652601
ENSG00000059804,0.018463262190615302,0.04360220262447132
ENSG00000197614,0.0157430369148541,0.017811440870491968
ENSG00000166523,0.9852861851639166,0.9623768558902882
ENSG00000166532,0.19617364701072015,0.5356348973625051
ENSG00000139083,0.059697897708327924,0.02844344216562142
ENSG00000150048,0.11041096094574573,0.12038610918409283
ENSG00000070018,0.30126963900401993,0.2500566497260143
ENSG00000139112,0.042363351024653904,0.08682189558135742
ENSG00000134539,0.9094533244051121,0.7542647169082544
ENSG00000111196,0.49267391332582666,0.2915770138984879
ENSG00000173391,0.10759640419235772,0.12514972556929047
ENSG00000060138,0.8207106554940041,0.9792954586807613
ENSG00000151490,0.62633199200319,0.4095455092223652
ENSG00000111701,0.40061847054696,0.4676791197614617
ENSG00000172243,0.5228503955134791,0.7347938428646827
ENSG00000111261,0.419948442824143,0.5053454248470257
ENSG00000166535,0.9019871114130029,0.8594214291210083
ENSG00000060140,0.29116348798787123,0.16324034232205803
ENSG00000060982,0.07565170144196125,0.13452441566527865
ENSG00000213809,0.355016006074378,0.31294153059713875
ENSG00000211455,0.6085769087795803,0.7990028463411326
ENSG00000165714,0.48460424925120926,0.4895030755020252
ENSG00000008394,0.7605743245196959,0.6600835980102921
ENSG00000151491,0.5146211867073275,0.21045131292605535
ENSG00000139174,0.012442372340225744,0.03817552174252206
ENSG00000111224,0.9013967120531052,0.8180099170213717
ENSG00000130038,0.3113857669130851,0.4467281660119278
ENSG00000023697,0.8951208275025221,0.8892081988994724
ENSG00000121380,0.07141575862004775,0.04067422671939318
ENSG00000179715,0.08901117344261407,0.22273148061819842
ENSG00000139044,0.32699105717097504,0.27606406535429245
ENSG00000139209,0.15216058617174455,0.13015358015962364
ENSG00000139160,0.39330593140028547,0.4260468809540595
ENSG00000151743,0.403326569796301,0.31254314937572947
ENSG00000023734,0.6800384150193111,0.29690407704558996
ENSG00000064102,0.584404380347602,0.8162936616745187
ENSG00000167778,0.3765392319177816,0.5332132013576643
ENSG00000135447,0.041638729356954,0.026769015267404342
ENSG00000139173,0.5547510055212519,0.7581522485241424
ENSG00000151229,0.501847718475643,0.29078015507918414
ENSG00000111371,0.9550872102764816,0.610313064155029
ENSG00000175548,0.3424032179788845,0.5265484921359926
ENSG00000178449,0.902575848632659,0.9401535192715981
ENSG00000129315,0.8414225109251594,0.3613475386632157
ENSG00000134294,0.7126617146637453,0.8851935807088068
ENSG00000185652,0.1668095478229572,0.04263195667450068
ENSG00000133704,0.9885081089501979,0.6390326091157271
ENSG00000167588,0.9108103640216301,0.7628545648298884
ENSG00000167566,0.12480541420307276,0.24433492782972158
ENSG00000182199,0.8803429343696058,0.49157506679623986
ENSG00000135423,0.04039155264329804,0.009800107597739421
ENSG00000161634,0.5519141086290538,0.8080849135786953
ENSG00000005175,0.9337172220445252,0.7473958743374298
ENSG00000139117,0.00018159783016301545,0.0017363789144501124
ENSG00000161798,0.9190950609160228,0.9130643609874485
ENSG00000152556,0.3635011379598283,0.5314337331092531
ENSG00000170545,0.2067374844510584,0.23205032329080566
ENSG00000174718,0.7839956595380873,0.783666807390172
ENSG00000165966,0.1947448259870522,0.1321405768698578
ENSG00000152944,0.6949221452085289,0.9262198251164321
ENSG00000139624,0.5152465775229451,0.8139131752852313
ENSG00000173451,0.8499958546319581,0.9326718551974944
ENSG00000118596,0.2488893036015978,0.3894510380842692
ENSG00000076067,0.36126904956528705,0.5744643575086439
ENSG00000066117,0.9635268612422664,0.6754547455672641
ENSG00000175215,0.2750549371439065,0.5180865747806271
ENSG00000166896,0.4252369715241454,0.35168879871770364
ENSG00000058272,0.6410955008788464,0.8101217932618799
ENSG00000139626,0.8878920147209539,0.641907533248061
ENSG00000139291,0.465893351624322,0.3576243551212409
ENSG00000161638,0.11857208182256107,0.0824772038791077
ENSG00000111058,0.007440709643177405,0.01581686561905893
ENSG00000161800,0.40336273261621236,0.18760393611687934
ENSG00000167779,0.011341178805615214,0.007141365566890339
ENSG00000177425,0.7995122786160638,0.700255891645909
ENSG00000111110,0.27836182374493773,0.18494962777144205
ENSG00000135472,0.8208193751653593,0.6270389180653833
ENSG00000139644,0.7016744884784482,0.8246405546592508
ENSG00000110934,0.7884286858176188,0.9280661932684771
ENSG00000139629,0.17275527224520426,0.10690837144540233
ENSG00000133639,0.8552395591202142,0.8550180915022001
ENSG00000111605,0.8256195684782485,0.8514394264299641
ENSG00000153233,0.33601425468272117,0.6293326507114986
ENSG00000172819,0.762081181761856,0.7517663366293793
ENSG00000090382,0.8965386082854256,0.9013767550048749
ENSG00000067798,0.1905669140578294,0.17309000183441986
ENSG00000175782,0.7383259348334105,0.7209433134502301
ENSG00000171310,0.23074683848785246,0.34926674280582304
ENSG00000066084,0.2559133979589262,0.4442593431262052
ENSG00000135655,0.9874575153682464,0.6237155609142571
ENSG00000186666,0.5156702320611888,0.7583142104515571
ENSG00000133773,0.9617345016940988,0.734665101281683
ENSG00000111530,0.5984842418834326,0.8076596755227216
ENSG00000136010,0.14587273351221033,0.1957966105923671
ENSG00000079337,0.9539702045931748,0.9000625048371784
ENSG00000111581,0.7179170561636299,0.2340072910116008
ENSG00000139318,0.4256963314826132,0.8399548095920937
ENSG00000127720,0.034293245402950395,0.03631346014468849
ENSG00000111145,0.02953733482751523,0.05223218121780253
ENSG00000180263,0.02757720801562507,0.03327312982076812
ENSG00000196091,0.48003303274536335,0.79812401920683
ENSG00000059758,0.28320655729487043,0.5085700836674607
ENSG00000111647,0.7484778848066889,0.9161541426970022
ENSG00000174600,0.5842190072776097,0.8961192183182786
ENSG00000120860,0.5145961047523872,0.5079777297121162
ENSG00000253719,0.5179280673734341,0.23354279475058198
ENSG00000111670,0.9566301019798295,0.9422187706319869
ENSG00000111275,0.32921052306839854,0.6271447409874662
ENSG00000139354,0.5003510677778202,0.32025637530039813
ENSG00000064115,0.7093373676786029,0.4665932410152679
ENSG00000166226,0.6604563211229746,0.7345128846063249
ENSG00000179104,0.6659655506572141,0.5529107716162509
ENSG00000136044,0.7543176901390887,0.9520880881962053
ENSG00000057704,0.70372800278344,0.7980243542587089
ENSG00000258102,0.5182967828060544,0.8151083710633922
ENSG00000151233,0.8364877922563283,0.6506269700369961
ENSG00000012822,0.4034285404099731,0.4891264480487204
ENSG00000080371,0.7557526251772037,0.9457491637332521
ENSG00000182379,0.9586599340827873,0.3981234297795635
ENSG00000111252,0.6547824606188236,0.8316569757201828
ENSG00000139651,0.35885932947396737,0.1958717410920799
ENSG00000012504,0.986039940944361,0.9420813635148364
ENSG00000151135,0.3987270103575127,0.7404512463662587
ENSG00000091039,0.337140825495319,0.5002543413899647
ENSG00000177889,0.5809938930484356,0.4175980203546259
ENSG00000135426,0.6961616539044038,0.8707688832428029
ENSG00000139133,0.34181277636282287,0.17769930926519978
ENSG00000049130,0.6650762513765429,0.8239487084883976
ENSG00000139218,0.9467054629050489,0.7051234227430807
ENSG00000136040,0.04158037424814617,0.11704355461870532
ENSG00000120832,0.9116800014797689,0.6429292726115136
ENSG00000111142,0.9095510845083419,0.9627112376932395
ENSG00000170627,0.09213536847766676,0.07619966990755113
ENSG00000061987,0.7389475663531284,0.9975715818681424
ENSG00000013503,0.9601966343105096,0.7407076173555325
ENSG00000183283,0.917705981730679,0.9147023536947799
ENSG00000175183,0.13298478397135927,0.17295140902643788
ENSG00000123360,0.01806957813597307,0.023652493261573055
ENSG00000174989,0.9604319031552822,0.7846928551323918
ENSG00000120833,0.2677773794167903,0.4239571130724137
ENSG00000136026,0.019428664465284542,0.012210495308343235
ENSG00000102189,0.21528312704238123,0.28187991872984053
ENSG00000111785,0.9339643753086005,0.880544630152459
ENSG00000008405,0.7127869667707671,0.656059462368308
ENSG00000165891,0.45211966448337837,0.2160471536339269
ENSG00000188026,0.427936621258031,0.5031108596496646
ENSG00000139324,0.6231875081157885,0.7144792346355424
ENSG00000075035,0.17458642807280902,0.15851600754902156
ENSG00000111727,0.09757573510234929,0.10709156436693636
ENSG00000188596,0.4221988464689732,0.42902114767186184
ENSG00000139726,0.6307164863956127,0.7722226221329931
ENSG00000075188,0.7641951897314572,0.5510630549505111
ENSG00000089053,0.7311445653843717,0.9943126936765581
ENSG00000111144,0.6785676079078422,0.7466830469047512
ENSG00000074527,0.03697243679956103,0.08232986212833246
ENSG00000110801,0.6962320871293319,0.7238251412877275
ENSG00000211584,0.9147722114462975,0.8797881090726632
ENSG00000127314,0.4206344022927224,0.8997172646047811
ENSG00000088992,0.455677084882674,0.34606572958172466
ENSG00000122965,0.5670834031039613,0.32580114260657134
ENSG00000111726,0.39147923417823005,0.823842293257703
ENSG00000110931,0.9440213106274278,0.914834200503184
ENSG00000175727,0.9160620286244577,0.777387379939471
ENSG00000139344,0.8053713021343911,0.8998534516130031
ENSG00000171759,0.48928555279062225,0.2418887881357826
ENSG00000151131,0.8397271166705642,0.9957144941395717
ENSG00000111707,0.2522026281152161,0.16136622944261086
ENSG00000179941,0.10067712942603242,0.11951165677487675
ENSG00000169372,0.4148251511043708,0.1830208867118981
ENSG00000173598,0.72667300161503,0.5424701638564471
ENSG00000166046,0.417595675414571,0.6137488717639605
ENSG00000136048,0.3711828047622673,0.5544816514010799
ENSG00000127324,0.3091220369703233,0.22475486882446488
ENSG00000123384,0.04939640025000728,0.08596249317711807
ENSG00000158023,0.3412330070455945,0.2708592619006998
ENSG00000123338,0.8122964935402273,0.5808433217457765
ENSG00000120800,0.9578291480151314,0.5217051310335328
ENSG00000139292,0.4303135116741448,0.6480023520222119
ENSG00000136021,0.8146907971006669,0.6020305778526847
ENSG00000111452,0.029110572514054307,0.03789650026062453
ENSG00000184209,0.8941469483725849,0.8032299385654161
ENSG00000256223,0.8405416291113268,0.6934567080758175
ENSG00000084112,0.9983872932198186,0.84390090381567
ENSG00000089022,0.33058938990144837,0.2210159197533595
ENSG00000120805,0.8937045143369853,0.8458080374476415
ENSG00000111445,0.8360857687086862,0.6699294459086365
ENSG00000123104,0.6649932830359766,0.8237185234718424
ENSG00000189046,0.057751287367166816,0.08288805797700033
ENSG00000135090,0.8071834497043641,0.7487158875782953
ENSG00000089220,0.34343216234201457,0.20297995217324083
ENSG00000139352,0.6342303550552357,0.5904210652671225
ENSG00000135093,0.3908632200299573,0.4345168479502144
ENSG00000135678,0.0791289379740158,0.17242725923109806
ENSG00000151136,0.35473120220318244,0.350492606693073
ENSG00000139370,0.47873562276688675,0.7997876792721842
ENSG00000089041,0.89480047309551,0.9881572946054441
ENSG00000198270,0.9951044899651632,0.736910839104455
ENSG00000176422,0.31293757218036006,0.20311159630815906
ENSG00000185482,0.19150409917326694,0.05459347906414653
ENSG00000089234,0.627339701826702,0.49906277809436783
ENSG00000111666,0.6391243018203174,0.9699807096959692
ENSG00000135111,0.04569097697521647,0.032173513645283536
ENSG00000176834,0.5541698251460965,0.5810177177790032
ENSG00000257767,0.3037701309575483,0.5436988530011311
ENSG00000111696,0.5814957795835973,0.5907973333846033
ENSG00000111790,0.370058555267755,0.8592993306369305
ENSG00000127337,0.8738188335923007,0.7309564380444662
ENSG00000006831,0.8821262082788595,0.7116416836787942
ENSG00000151065,0.835133369934783,0.9217861241516568
ENSG00000111752,0.4398201188143265,0.5061605618555594
ENSG00000003056,0.8064114399852775,0.38915451561941583
ENSG00000139187,0.7237780599130087,0.5968730357307241
ENSG00000111087,0.029032367179282224,0.055363223174319506
ENSG00000123329,0.5986197729427591,0.7757803676256929
ENSG00000166986,0.7532485014036142,0.35606589132405386
ENSG00000285133,0.055173537230223786,0.1639072129941477
ENSG00000166987,0.38889135749693593,0.5003064785701757
ENSG00000166908,0.9236286618354582,0.6129190232992381
ENSG00000178498,0.15728041099055434,0.19263228077734093
ENSG00000240771,0.14907464084537467,0.15759103510178513
ENSG00000135454,0.2974472231917279,0.36129754842633255
ENSG00000135452,0.2944133930991591,0.5206995868177879
ENSG00000135446,0.352841438902047,0.5596465506627091
ENSG00000139266,0.31840688425563335,0.6943993110366073
ENSG00000037897,0.10320831099157411,0.2867040289015675
ENSG00000123427,0.5853927448994934,0.4168238499669287
ENSG00000123297,0.8804599941258022,0.6862234352610479
ENSG00000133641,0.8456251975813,0.7562115327226389
ENSG00000139719,0.6826887228359688,0.5668324345789743
ENSG00000166130,0.054819415749839444,0.19094788126584403
ENSG00000120802,0.3594533191808357,0.2527579846451257
ENSG00000139194,0.2894227309725269,0.4705512204866166
ENSG00000139182,0.19419765172235598,0.41060294485624205
ENSG00000166268,0.5410120153200183,0.5006266624271531
ENSG00000135643,0.9163265698873265,0.8008819372190075
ENSG00000175899,0.041172157412593155,0.0837012873456539
ENSG00000166148,0.02299074453776293,0.07939100951198755
ENSG00000110987,0.9385406036273579,0.9264740791331091
ENSG00000174099,0.054217327776236945,0.03564467004961615
ENSG00000110881,0.1293151710791381,0.04761905341582969
ENSG00000235162,0.06565146244886085,0.08402084223737918
ENSG00000284791,0.23730725157693652,0.23407041694769465
ENSG00000090612,0.4369491869611922,0.4596180237172327
ENSG00000127334,0.7220713197661757,0.46552688770179895
ENSG00000136051,0.5401488162305986,0.8272356729422378
ENSG00000139620,0.9513974302513983,0.45323952023807734
ENSG00000111700,0.64254226227655,0.993902377201206
ENSG00000111271,0.5955055633306509,0.530200045924498
ENSG00000133858,0.9088725584325898,0.5641439579188223
ENSG00000139350,0.6805234753965614,0.46267759255727303
ENSG00000111077,0.1312202927443255,0.17575811229037255
ENSG00000002016,0.5473831312326802,0.49220933151386725
ENSG00000111684,0.6302418201471124,0.7192303814662357
ENSG00000159403,0.14397302137638532,0.22823004244086167
ENSG00000139197,0.08835137685410553,0.07976910698351221
ENSG00000139438,0.9633379047122232,0.7096196644387661
ENSG00000111199,0.8235564907045204,0.6919200591226901
ENSG00000139433,0.7827929751791151,0.9447245847131438
ENSG00000139144,0.7051971261049094,0.737910041768858
ENSG00000083782,0.05878056081956582,0.05760012060849438
ENSG00000139329,0.007754266951553341,0.01692835257263002
ENSG00000011465,0.03145378738077255,0.042255225614204854
ENSG00000111775,0.7007645537214946,0.6773093511514188
ENSG00000170855,0.8015000879019683,0.5668511667107179
ENSG00000257218,0.51724509238115,0.4278325462728746
ENSG00000088986,0.05494722040060445,0.09926918485218626
ENSG00000110871,0.43986146025656636,0.4027348644481479
ENSG00000167272,0.8547968910034474,0.9367808106774618
ENSG00000139537,0.6218384812025604,0.7785369547571893
ENSG00000134285,0.2747040484564516,0.7545047442838274
ENSG00000167550,0.04657618782655366,0.05631556837580483
ENSG00000123416,0.6756663778068174,0.9487818409285704
ENSG00000134287,0.8957166642495895,0.8186003444699234
ENSG00000111652,0.5714748072252145,0.4962827650481122
ENSG00000089692,0.1552273504684803,0.08605189464525922
ENSG00000010610,0.6563383595471906,0.8951631291084053
ENSG00000250510,0.0771936780268891,0.09676001899512704
ENSG00000110811,0.05420571209507837,0.0763392210149731
ENSG00000010626,0.6901117126908647,0.7520059110169703
ENSG00000111674,0.8027448472244892,0.4887046915719886
ENSG00000111676,0.9247489399105884,0.9972398376908295
ENSG00000111678,0.5281568317803045,0.6430314290213928
ENSG00000111679,0.1942903286581514,0.1740305988455036
ENSG00000111669,0.8614742379131168,0.6290873602395792
ENSG00000204842,0.5120356860502187,0.7455769322929549
ENSG00000139163,0.5329480809109619,0.9036148428659323
ENSG00000187109,0.27286451208706497,0.3896008621560756
ENSG00000078237,0.018161940764355945,0.0026965657847250702
ENSG00000118972,0.9783430817863787,0.537689078648514
ENSG00000118971,0.668395859092914,0.4480041145517005
ENSG00000135414,0.5401017318244625,0.9254803778197098
ENSG00000205323,0.8206438585934687,0.7555752148521548
ENSG00000123353,0.10126433571087338,0.34158411108076864
ENSG00000123342,0.18354925061422447,0.1946648192975935
ENSG00000065357,0.6573177921041502,0.31607390487994763
ENSG00000184574,0.43670004483135194,0.45206465129700657
ENSG00000111644,0.7227892962845281,0.6575325952605189
ENSG00000111653,0.7567494609499316,0.5924834953712566
ENSG00000159335,0.5071760738600595,0.539665308797734
ENSG00000166860,0.5022363489803638,0.2860397209434527
ENSG00000166863,0.0963319465445594,0.031087662460170848
ENSG00000166866,0.9501503539247063,0.8842801763251923
ENSG00000166881,0.8586328403461652,0.5153834305276437
ENSG00000166886,0.6416127113161034,0.7954290812643208
ENSG00000166888,0.5887413804983808,0.9279160520226953
ENSG00000061273,0.3275543763123776,0.5413979390886035
ENSG00000111424,0.7410729725347964,0.9372424093211689
ENSG00000134291,0.42813536180662404,0.354472232939962
ENSG00000139219,0.18022773643655499,0.2276646161679313
ENSG00000079387,0.9116844685457138,0.5681349208024649
ENSG00000086598,0.6482637223838104,0.9702987348229408
ENSG00000111364,0.14814447415902657,0.07955238476024161
ENSG00000111361,0.9273489000879988,0.8366979371053473
ENSG00000111358,0.4796429862279875,0.3236081980136132
ENSG00000185344,0.14301609000636198,0.06704791154222238
ENSG00000152137,0.05985769384938044,0.03197866345798297
ENSG00000110841,0.9069939248981018,0.8485247889529315
ENSG00000174236,0.8524698873198665,0.7230368439410968
ENSG00000061794,0.3570542447380799,0.19141859037222922
ENSG00000087448,0.9833503607568264,0.7975889018035318
ENSG00000087494,0.06968164058059721,0.08384293075464573
ENSG00000198707,0.45400490850371333,0.6061053933121423
ENSG00000110799,0.014772769601466241,0.030696501165446862
ENSG00000198855,0.9047317767553958,0.48297730635329994
ENSG00000075856,0.3780410773349907,0.24432796064646647
ENSG00000136003,0.6626581168666174,0.8434584402389
ENSG00000183160,0.09396974429245934,0.12666607342108288
ENSG00000134531,0.3092553111010034,0.3824678174890669
ENSG00000063046,0.6822903878559005,0.9904921800738119
ENSG00000139116,0.8307280855702036,0.8098393281189544
ENSG00000184613,0.6571829448158857,0.7374051298450691
ENSG00000111716,0.5730718572369313,0.7394385585370894
ENSG00000127328,0.5740957569738732,0.9325921381522455
ENSG00000139263,0.4307426568060272,0.43620670681068774
ENSG00000161642,0.5089211348820252,0.3477450648554915
ENSG00000177675,0.4744198298148413,0.862407428298956
ENSG00000186815,0.6359805493334688,0.763604133804324
ENSG00000110876,0.2342877980155268,0.43958459221883406
ENSG00000123096,0.013594723193968598,0.020935971943799002
ENSG00000110880,0.49867926253022654,0.4985672577026745
ENSG00000167580,0.6088106753055827,0.2841351651771077
ENSG00000176871,0.4644104452164044,0.5310145199745953
ENSG00000172572,0.026931216222053442,0.03470136735912323
ENSG00000123066,0.6199501037290538,0.9487460336864824
ENSG00000134545,0.8193769661834337,0.8524932783058401
ENSG00000205707,0.10512434957230078,0.14119800352911357
ENSG00000110906,0.3954479430647184,0.39095288255551053
ENSG00000151148,0.9378983420165762,0.7123375269293148
ENSG00000139428,0.6577062354053713,0.861570319882906
ENSG00000033030,0.2860125020874852,0.19074041031618086
ENSG00000111011,0.22708345159341659,0.11013047614157684
ENSG00000184445,0.35102179689117696,0.2292767947280665
ENSG00000182782,0.15795487025099342,0.13079432105932756
ENSG00000255398,0.17540101910298844,0.17109307538709154
ENSG00000196917,0.03286993755496575,0.13236999785570386
ENSG00000130787,0.5614186129692569,0.6259406390185476
ENSG00000139722,0.2147947816816894,0.1321366614290598
ENSG00000139567,0.4791960258510175,0.6517371991992351
ENSG00000135503,0.6741785733674004,0.7416829911171146
ENSG00000161835,0.15045425793217307,0.1095785283628835
ENSG00000123358,0.5838720973275993,0.7266827802634936
ENSG00000155980,0.021103972981072337,0.058170582862839985
ENSG00000258311,0.4903128253864357,0.4448928902149626
ENSG00000135437,0.7255420572392393,0.8502677532591305
ENSG00000135404,0.42403304370830575,0.8362494913130917
ENSG00000111412,0.6812936871251555,0.9541663434431344
ENSG00000111319,0.9232094326386857,0.9530917752646672
ENSG00000111321,0.8628064745665625,0.9921440887354812
ENSG00000139192,0.9484372424023811,0.8905332410169249
ENSG00000010278,0.6597279645115226,0.7016348666914087
ENSG00000110955,0.8237039360699302,0.461349537861821
ENSG00000110958,0.9617081133000325,0.580457754271347
ENSG00000285625,0.8065812392303546,0.5915646832819339
ENSG00000025423,0.5672843135992516,0.40095264152287236
ENSG00000196531,0.6718448220972886,0.8436567254640355
ENSG00000182544,0.7365555050095063,0.7715779765156392
ENSG00000135476,0.16658948885135313,0.13088038551977002
ENSG00000123349,0.15697482082228628,0.3628386469181124
ENSG00000139637,0.703084469862715,0.7175128685949579
ENSG00000094914,0.9903241319562104,0.9297082756199085
ENSG00000185591,0.1927658876030401,0.13400241037850513
ENSG00000205352,0.8117645078548026,0.7128456300386745
ENSG00000094916,0.35212264611790034,0.60974058336405
ENSG00000123405,0.8694516781833213,0.8498725935233788
ENSG00000111481,0.7301877059186161,0.9794981606696973
ENSG00000139572,0.7424897367461398,0.8820517160820486
ENSG00000111639,0.6114739919279351,0.7259923291815813
ENSG00000010292,0.2967068170215996,0.15934838509843768
ENSG00000111640,0.5509398291605099,0.401833442655547
ENSG00000111641,0.16216854546741583,0.08725547131796377
ENSG00000111642,0.5310493696094293,0.672648729592503
ENSG00000015153,0.5681588161281432,0.3261713080014714
ENSG00000134283,0.5742688080709444,0.29564200632471277
ENSG00000139168,0.3896215618859439,0.4134850983038022
ENSG00000010295,0.27516671879042587,0.3706505171374914
ENSG00000111725,0.7521232671848476,0.7669717778941345
ENSG00000122966,0.29365946128337983,0.22674477693574904
ENSG00000089693,0.47665473605951303,0.6079335112069605
ENSG00000215021,0.2437467200235233,0.20207482453977832
ENSG00000120837,0.21786965013567902,0.3932664030545777
ENSG00000135119,0.6427525158412939,0.4121529139955
ENSG00000149948,0.0976042452919607,0.1999858065218344
ENSG00000111596,0.20655603134550635,0.5551382531401904
ENSG00000139190,0.1835158448962474,0.11694861691279117
ENSG00000135486,0.8468092142305148,0.9997825681185485
ENSG00000174206,0.8849035458116735,0.5610252829557107
ENSG00000184575,0.7131288085043332,0.8878910822682651
ENSG00000175203,0.12828141233279214,0.33065284142887585
ENSG00000184047,0.49720939185625235,0.564961243697097
ENSG00000111667,0.5261456163699643,0.37043585698814574
ENSG00000127329,0.2804317877602857,0.6798426237599693
ENSG00000139193,0.9283877341740239,0.764842482465118
ENSG00000166225,0.4580457195778965,0.7893229301986391
ENSG00000111404,0.20978236160575792,0.14371906317742678
ENSG00000173262,0.9598412727841468,0.8882684714671267
ENSG00000076108,0.36288037771091297,0.679444320544722
ENSG00000139211,0.00858959325337911,0.03932980578126188
ENSG00000198015,0.8203052044882158,0.5306343846649095
ENSG00000185480,0.2579066115774155,0.17391507844233825
ENSG00000111665,0.9699624883605702,0.838405155980853
ENSG00000111671,0.7835608108307819,0.9987964843290751
ENSG00000177575,0.6138716759713108,0.8754991489708293
ENSG00000183735,0.5534766149878075,0.23751964565483202
ENSG00000153179,0.38535320598388234,0.5811909692736569
ENSG00000135677,0.2866982473981725,0.6532360701856041
ENSG00000156076,0.35490280427202514,0.39705958332578173
ENSG00000174106,0.9223973279118463,0.5830193458389239
ENSG00000073060,0.3358019427958813,0.36746668985747755
ENSG00000050426,0.8287295258702265,0.7685898182661988
ENSG00000110925,0.43001988926846113,0.6009986481124725
ENSG00000061936,0.4241889549554235,0.3271073649973294
ENSG00000177169,0.6791787570203036,0.7503780113404083
ENSG00000177192,0.5263346734587147,0.2890106348421143
ENSG00000198598,0.08009755973932221,0.21563370298801207
ENSG00000176894,0.6114254524635891,0.6503191602993174
ENSG00000112787,0.4525218842314187,0.48206941750666277
ENSG00000166598,0.8741709571752385,0.6442451455563956
ENSG00000204954,0.869223176971624,0.5012686664074568
ENSG00000139372,0.7781926490897288,0.9790855528226384
ENSG00000188906,0.3706991010386891,0.39988609450709967
ENSG00000089127,0.2424984572288059,0.13617763361454013
ENSG00000111331,0.31304962655152685,0.19114759188420413
ENSG00000111335,0.8305494130474183,0.7294428124519341
ENSG00000157895,0.7223347675716416,0.7617726867512593
ENSG00000177119,0.20552055684023396,0.32645144541106774
ENSG00000168778,0.9384964769174626,0.977982473609075
ENSG00000111229,0.7137608791672144,0.7042641063926589
ENSG00000111231,0.5991692576148164,0.4375175178115611
ENSG00000204856,0.1444775872253113,0.26361785426165146
ENSG00000111237,0.2446346696520965,0.13310519613930616
ENSG00000196850,0.3304142261840391,0.20231229036910992
ENSG00000122986,0.7478018546744138,0.8508489018550496
ENSG00000186298,0.34449557047859736,0.43231840435096724
ENSG00000204852,0.0032673542171988154,0.004417357034552885
ENSG00000167552,0.03342241428160152,0.029927167152921756
ENSG00000135451,0.6538152887917101,0.8911516401833661
ENSG00000178401,0.7204351793495489,0.8019656623543094
ENSG00000151176,0.09162648318568371,0.13237470965564258
ENSG00000135094,0.17568765091930025,0.3065809389674739
ENSG00000139410,0.6943558279661762,0.5483038796527745
ENSG00000089060,0.2275829833079817,0.10977729835799385
ENSG00000111540,0.2406148452665019,0.5288565882481426
ENSG00000139531,0.31343413436157685,0.35037161621046886
ENSG00000123411,0.8535478240635133,0.8862494759433845
ENSG00000197728,0.9045888994465568,0.4393786213712634
ENSG00000257411,0.5238597447880647,0.4223152708146267
ENSG00000170515,0.8213632072563529,0.761990100640746
ENSG00000229117,0.5486855432951784,0.8397009135701934
ENSG00000139641,0.5045931076503538,0.6342272914475351
ENSG00000135482,0.5687513923148709,0.5591024595744898
ENSG00000092841,0.13967906257800683,0.17086664855671946
ENSG00000139613,0.7714988477069603,0.4262371757275232
ENSG00000181852,0.791203767633094,0.8586775535484401
ENSG00000139579,0.5673865614846598,0.3331735846405364
ENSG00000139540,0.7206316713742029,0.5556047685939747
ENSG00000139645,0.1853897710425796,0.09440716674736113
ENSG00000135469,0.9369920833004273,0.7842213999912233
ENSG00000062485,0.5539850418623533,0.2397133614078271
ENSG00000144785,0.8826332959806131,0.8883759893593431
ENSG00000257727,0.9052017975039031,0.4116430701176583
ENSG00000110944,0.8509408071802637,0.9513663101450963
ENSG00000121350,0.19887156757427152,0.16677883410676467
ENSG00000004700,0.6334953542695612,0.7659136539388165
ENSG00000111711,0.3471476036244704,0.8298506937965087
ENSG00000139131,0.9243203358393168,0.4749522018963944
ENSG00000167535,0.02015623558096505,0.060981389582782305
ENSG00000172602,0.06393951525806292,0.09084366381502192
ENSG00000174233,0.2900759889858368,0.1342221045338773
ENSG00000051825,0.8927184372857324,0.4469782418896987
ENSG00000111328,0.4571864818474902,0.6596831065751887
ENSG00000139697,0.8898031017027451,0.5162558531802455
ENSG00000130921,0.9718061571498259,0.976873222618452
ENSG00000150990,0.653360924356322,0.3697230871262429
ENSG00000184992,0.021826756755764558,0.013938321653457316
ENSG00000081760,0.6010178315550535,0.724079740269483
ENSG00000139233,0.8826524664583986,0.2618994953775001
ENSG00000090376,0.23886381008118165,0.6100328708651597
ENSG00000110911,0.1200063190688175,0.0842048749937556
ENSG00000135392,0.6322664518875456,0.2882879468622251
ENSG00000075089,0.2739568053505941,0.24538513073123547
ENSG00000130779,0.5345450083075235,0.6219556140089493
ENSG00000196387,0.657368492127524,0.4496088555801814
ENSG00000074590,0.03651088363456129,0.061795587429496666
ENSG00000121749,0.765636644518146,0.4788125796641507
ENSG00000186908,0.5334662170933389,0.7444985267832981
ENSG00000120820,0.004171742138075163,0.006108239568159772
ENSG00000111052,0.011575385157357475,0.012634783162304887
ENSG00000214029,0.2895939063662054,0.6002723488478545
ENSG00000150977,0.7346221896512277,0.6613336570455968
ENSG00000060237,0.9792898239765245,0.868919162292354
ENSG00000111490,0.619731762399893,0.32226075220356865
ENSG00000120798,0.6257996623810832,0.4760701489300233
ENSG00000184752,0.7513187500877676,0.9637520040046146
ENSG00000022840,0.423321166359483,0.5452842905211053
ENSG00000288623,0.33792353862548935,0.37586115190390534
ENSG00000075415,0.927847360595409,0.7417583900539095
ENSG00000120868,0.2530284217351409,0.07871786067010564
ENSG00000111269,0.6671908577392271,0.9288105149296764
ENSG00000183150,0.30906916607616497,0.41290527767947094
ENSG00000178878,0.07905755909567495,0.1586113796364932
ENSG00000213782,0.4582812178345622,0.25069326969418537
ENSG00000135100,0.3944963641811282,0.38396161699415565
ENSG00000174437,0.7587840470005572,0.46925061958062475
ENSG00000170473,0.7282998043637352,0.7188023655668766
ENSG00000185664,0.9700020457588421,0.6610289465210437
ENSG00000123374,0.5908563482023834,0.3926062040599809
ENSG00000180481,0.29278438817013025,0.2035287023863065
ENSG00000139278,0.08414093033948959,0.12556949252497532
ENSG00000111615,0.5043547113935891,0.29156504507402353
ENSG00000152936,0.36907932219459527,0.31972742303077445
ENSG00000065361,0.7721198041689012,0.6704046555290264
ENSG00000111266,0.038077014186639654,0.08483913028779112
ENSG00000013588,0.5173990359607901,0.1853144842354412
ENSG00000013583,0.7701691754621394,0.8961949317789524
ENSG00000181929,0.3614704051021821,0.3830354807735148
ENSG00000111276,0.3995613355288006,0.34878469866390205
ENSG00000089248,0.35108236287081007,0.34467006150152457
ENSG00000111300,0.56670770105244,0.3930541454498644
ENSG00000135148,0.631854045021516,0.5691865006947232
ENSG00000173064,0.29375448806279697,0.23809564386578977
ENSG00000139178,0.7928625528984131,0.9618214845792562
ENSG00000111731,0.8576727353027717,0.8761556887026197
ENSG00000175197,0.4669490995009229,0.9634880620118048
ENSG00000196510,0.8307721463926522,0.549958760542633
ENSG00000123395,0.7516862780481639,0.479268049659198
ENSG00000126746,0.5061782338651609,0.29319736323815704
ENSG00000198324,0.7911744682719342,0.665459394386622
ENSG00000084453,0.07886325437852172,0.16029644517616276
ENSG00000090975,0.6311769174039763,0.6482347381307474
ENSG00000008323,0.9612786892520852,0.8687738443290318
ENSG00000136052,0.522880112243054,0.8209785762065573
ENSG00000136045,0.5607230972519851,0.9636123522643839
ENSG00000110851,0.5693394123427108,0.3669283889853745
ENSG00000197111,0.5725659886785759,0.7310935548838537
ENSG00000139625,0.08699971387736873,0.06541808459717419
ENSG00000139546,0.6581129206828844,0.4592578893833381
ENSG00000170653,0.14262476853297715,0.21577829433222115
ENSG00000135390,0.8047575392033481,0.7472905304730474
ENSG00000198774,0.22674092594525688,0.24727424083057492
ENSG00000133636,0.4587534937937623,0.4416755895815041
ENSG00000139132,0.938856170416241,0.614162500616024
ENSG00000118308,0.5352599679482004,0.5947606912326331
ENSG00000186710,0.009558703882758127,0.015714838085479826
ENSG00000123064,0.6678735122900303,0.6271833820205082
ENSG00000139405,0.6287025142037297,0.5830246242345981
ENSG00000166578,0.9128241319853129,0.9122003602295744
ENSG00000135144,0.19031881214377006,0.35986723737180704
ENSG00000135457,0.9165966190970778,0.8476091418601611
ENSG00000123106,0.4741935208329817,0.6398116134430878
ENSG00000170477,0.2947024587623139,0.34967688612885683
ENSG00000170423,0.925653066111665,0.6456122167712135
ENSG00000111057,0.9759560741750543,0.7108606583862053
ENSG00000170421,0.8141631675855695,0.576735473599635
ENSG00000069431,0.026311291037119197,0.037384960017540915
ENSG00000185046,0.5658107295217258,0.40239404969666026
ENSG00000139437,0.4264460330076568,0.4590406465018009
ENSG00000076513,0.7835218487701895,0.7718690965589929
ENSG00000122970,0.70819861437519,0.7991295217546834
ENSG00000070019,0.9919787827696551,0.9919006079567529
ENSG00000246705,0.9142153015516242,0.9195345109133567
ENSG00000084463,0.6744242484387727,0.31759815083849624
ENSG00000111341,0.05288429138124694,0.04953219087576051
ENSG00000139055,0.2951392661653044,0.6529230427415031
ENSG00000111348,0.337839548716717,0.6423785523819352
ENSG00000171681,0.5788585447413583,0.8585935360290617
ENSG00000121316,0.797489317045768,0.6865788694690429
ENSG00000110917,0.4807789348160286,0.3518638658741775
ENSG00000175970,0.148645888198825,0.07377743388387177
ENSG00000122971,0.3046613707982491,0.510400951234536
ENSG00000157837,0.6430085522481686,0.6172996516776684
ENSG00000157782,0.3995440061210016,0.4377449890402314
ENSG00000167548,0.6794621647620165,0.48448740962772174
ENSG00000133703,0.5325459636283403,0.8693777638849568
ENSG00000089009,0.7330717675806268,0.48480098678001615
ENSG00000179295,0.9213726641697526,0.7149492876815109
ENSG00000174456,0.15336716262415212,0.09180842193595347
ENSG00000139718,0.8810478860220944,0.9914284180997991
ENSG00000183955,0.8129446169621997,0.6270399125630182
ENSG00000173588,0.6252631189314928,0.4476203203704695
ENSG00000170439,0.620545684353693,0.794407944623611
ENSG00000135108,0.6300777638588336,0.4921661983726755
ENSG00000167553,0.42101981807504485,0.6620511084366658
ENSG00000150991,0.28796060964112896,0.33212794975663207
ENSG00000089094,0.3401018115503221,0.19558439700298436
ENSG00000139436,0.5541967365771343,0.7259341361803568
ENSG00000150967,0.07050183459039312,0.1518755096783175
ENSG00000135124,0.12206953159189253,0.07503679303238303
ENSG00000205809,0.08788306083870621,0.09290441420102152
ENSG00000139631,0.368056972297623,0.33477644654102195
ENSG00000048540,0.10882903931734787,0.059418005071322354
ENSG00000155957,0.4834943895895467,0.7507435891503953
ENSG00000172551,0.1334436468455448,0.1249613702942448
ENSG00000161813,0.712411602403402,0.41432281298550766
ENSG00000028203,0.06922024391376803,0.13473656861334074
ENSG00000135679,0.49545661018137443,0.1874134555318941
ENSG00000076555,0.8456201277072124,0.9503759737660846
ENSG00000184271,0.28674495983609516,0.3284586478067571
ENSG00000135441,0.5821962143140806,0.5732965293433251
ENSG00000197837,0.30574048310857554,0.3804559023350699
ENSG00000132341,0.9447183965088646,0.6859879889401652
ENSG00000118600,0.28850545105878095,0.615072355589691
ENSG00000139714,0.7672899730858033,0.644214198742315
ENSG00000188735,0.20116466601157115,0.11642186698752852
ENSG00000139725,0.799366953778781,0.3658418222813641
ENSG00000135439,0.4877383145784284,0.9739825504271422
ENSG00000135127,0.059882999359404304,0.05647014346434192
ENSG00000111737,0.8998554553006155,0.8505613703751637
ENSG00000089154,0.6405185972648721,0.4517044181164075
ENSG00000089157,0.8348968262495863,0.9259389103659914
ENSG00000089159,0.345323746585123,0.5033031839033018
ENSG00000111186,0.772562202070571,0.7508178257323865
ENSG00000171823,0.23058671457720442,0.12319327956043048
ENSG00000082805,0.8540170086759525,0.9414676006752238
ENSG00000123095,0.12509763443651425,0.18364859962500915
ENSG00000123094,0.013930556030493346,0.02331490675954156
ENSG00000135407,0.3804506530074666,0.3529681726807772
ENSG00000069493,0.5351363405501279,0.2606097003589984
ENSG00000110848,0.16832376453054565,0.28396839061340223
ENSG00000110852,0.6981183049741804,0.7553698521055059
ENSG00000172322,0.43147145133780807,0.7317643927831408
ENSG00000072609,0.40427478896032454,0.3583089929266511
ENSG00000196458,0.5333140109682231,0.7522221457828429
ENSG00000198393,0.1460828861215229,0.23418191457720194
ENSG00000198040,0.5751088604774799,0.6927899757853409
ENSG00000170456,0.5775466935461074,0.44915033797196124
ENSG00000090615,0.6242534415840493,0.46552589279554657
ENSG00000111344,0.019157386534549008,0.010829123641241879
ENSG00000179912,0.6721233198134323,0.8884235531287178
ENSG00000185633,0.13882452592762642,0.12097744952370693
ENSG00000139343,0.9404319898642969,0.7290135673839351
ENSG00000135473,0.5912452262270737,0.7559757296964006
ENSG00000050405,0.8354687757965489,0.5834753158488134
ENSG00000170633,0.9485349077875067,0.6250942412110312
ENSG00000111291,0.9269893406700428,0.5774155338763318
ENSG00000110888,0.3851307226882916,0.6586532337791047
ENSG00000111247,0.31468858891152623,0.16893359741983172
ENSG00000010219,0.17996357977077845,0.09312891214826181
ENSG00000139180,0.6795034919059836,0.35702538999493716
ENSG00000255639,0.37559604655677203,0.254303870106017
ENSG00000130035,0.47600311741248225,0.5729192021683571
ENSG00000177990,0.32286572443425615,0.3983164452749345
ENSG00000196935,0.1870156088384707,0.3155203808400359
ENSG00000185432,0.5786342465318521,0.4770146676785497
ENSG00000123268,0.8024518067727556,0.6488023727950787
ENSG00000171847,0.801263717205019,0.4436489937046657
ENSG00000196465,0.10398616686988844,0.10826617287091991
ENSG00000065970,0.995300041607459,0.7771187655979835
ENSG00000171860,0.2569245245984586,0.401272129229195
ENSG00000089818,0.36413381529011923,0.2906088351089201
ENSG00000111729,0.16849093600261567,0.3061644614164381
ENSG00000129317,0.7658658172088699,0.4679504766390744
ENSG00000151239,0.6044549107299715,0.3722006432013748
ENSG00000198001,0.7580099544718781,0.45898861406642444
ENSG00000064763,0.8009355234452282,0.6768107108288699
ENSG00000087502,0.47749097475828706,0.7351186094519433
ENSG00000084444,0.6506241735584284,0.783841300879081
ENSG00000167767,0.18782166235661918,0.23381837559068078
ENSG00000135480,0.44711563704504087,0.5801535898396939
ENSG00000205426,0.08602299452212617,0.12571668928758098
ENSG00000185479,0.8603514074847971,0.9850511741773249
ENSG00000170465,0.5934020626105817,0.8913761537880022
ENSG00000205420,0.7187818635256269,0.7116052890032722
ENSG00000186081,0.2268137040863691,0.33179921036891885
ENSG00000155974,0.4953912920233595,0.8833892271076584
ENSG00000198431,0.7972476346165182,0.8960938216860295
ENSG00000110921,0.9715340154470015,0.9663019400046684
ENSG00000111215,0.1986210011433062,0.1910196030959059
ENSG00000111602,0.44375403901365873,0.22075400609168783
ENSG00000170581,0.489188107765435,0.8058006313475505
ENSG00000067182,0.26051091788822545,0.38940201389383444
ENSG00000029153,0.48998198527660153,0.21699629636750942
ENSG00000119242,0.18929637732781743,0.09164680443892831
ENSG00000179195,0.9334455499326059,0.7146191473018328
ENSG00000196498,0.6663361401792762,0.37934775013930244
ENSG00000187778,0.9872339074875134,0.8657130374358541
ENSG00000110844,0.5030730427804921,0.3657578465581802
ENSG00000161791,0.2541769891699486,0.3907970370633729
ENSG00000182196,0.939779326386214,0.9837474284059727
ENSG00000182326,0.13376841212045268,0.3144071859190047
ENSG00000123364,0.5567346824301039,0.504550819202914
ENSG00000123407,0.7989284785952493,0.8022172023967138
ENSG00000123388,0.2926342257480948,0.2840848646065294
ENSG00000180818,0.22222507033776767,0.20973111669460676
ENSG00000197757,0.8598926959744718,0.6037368619701109
ENSG00000180806,0.8487166656795735,0.6057918592936125
ENSG00000037965,0.739068370076619,0.7613704253967154
ENSG00000276045,0.9730960642139203,0.8082670123139646
ENSG00000171840,0.3341102461293666,0.4596375743120509
ENSG00000151067,0.24865974479663644,0.24028218171053964
ENSG00000004478,0.9569615899432731,0.6336205688098981
ENSG00000111203,0.6474456618844461,0.7965055062345038
ENSG00000053702,0.3384105324793169,0.38139123571068645
ENSG00000111206,0.7738905711842594,0.4710840046560868
ENSG00000171792,0.47440483494807506,0.7022183353893866
ENSG00000078246,0.1687292743132659,0.25431648076120617
ENSG00000197905,0.5195659123543513,0.24295174467723465
ENSG00000011105,0.12228008823767317,0.17734115061584174
ENSG00000076248,0.23636518774787335,0.2542424905106682
ENSG00000111325,0.8439408360396696,0.8257793253982497
ENSG00000135114,0.6393959873916757,0.9410261921855952
ENSG00000177084,0.6662631455311852,0.5742214531924352
ENSG00000189079,0.7176022017743522,0.5173060434445997
ENSG00000139636,0.23642227324288162,0.4175111977234115
ENSG00000057294,0.15681738882347845,0.06838780303822804
ENSG00000135506,0.3004905137157924,0.6661871776261724
ENSG00000174243,0.8949532393857542,0.5449610822329188
ENSG00000126749,0.6629057180846325,0.7447752625150342
ENSG00000185163,0.5608830145784424,0.6196557551540524
ENSG00000184967,0.5529965847677196,0.476521360630501
ENSG00000183495,0.8631948037930804,0.6095369455355883
ENSG00000087470,0.7499059207306362,0.5610586755418936
ENSG00000111537,0.1420963578227382,0.11589017271264968
ENSG00000111554,0.2662030781905002,0.13547586198552117
ENSG00000178882,0.81282258941869,0.648147160168337
ENSG00000198353,0.5402823982947639,0.4749769107528542
ENSG00000172789,0.10925249311072316,0.08080373007514222
ENSG00000123415,0.4136191583998068,0.5427852476223365
ENSG00000256537,0.1600504454200805,0.13193337272904343
ENSG00000111012,0.6196897033083777,0.8832719046808009
ENSG00000196876,0.791326586326127,0.837281896642351
ENSG00000111181,0.7778418486281323,0.5899758761773383
ENSG00000073614,0.3506746977572006,0.6580729946535188
ENSG00000120647,0.8514033622101572,0.930891337548945
ENSG00000134532,0.1583218309020874,0.16198328466818465
ENSG00000017427,0.21839258953581875,0.21933611623023083
ENSG00000067715,0.5222778728025566,0.37673510241374064
ENSG00000176915,0.2500786473812271,0.408140026599943
ENSG00000247077,0.29267226968866433,0.18522650286719203
ENSG00000139323,0.4501317297726929,0.8233712901594813
ENSG00000259075,0.7630048191611596,0.539390204836151
ENSG00000257594,0.4793647444847283,0.8143147644198154
ENSG00000070961,0.8292234676130432,0.6432088604782047
ENSG00000121361,0.01325950184017711,0.02393070356102421
ENSG00000151746,0.7032812350546487,0.9878232133799549
ENSG00000018236,0.009837514701074985,0.05912676790253603
ENSG00000110900,0.6133802499690099,0.559086648004623
ENSG00000013573,0.3628580863188936,0.25451369465893936
ENSG00000139146,0.6561892144516346,0.8792990917704004
ENSG00000111796,0.9970252188001032,0.8462300099023203
ENSG00000135406,0.34660619899604794,0.28970162335978344
ENSG00000123352,0.8475387940444552,0.7871527966781452
ENSG00000111450,0.18991032574081326,0.2862879712581669
ENSG00000170890,0.6519037530471647,0.24864980855533483
ENSG00000135097,0.14981963331926415,0.0740245733195369
ENSG00000111786,0.7514548062434973,0.598410536690362
ENSG00000111432,0.4275333092606457,0.351958408796868
ENSG00000198056,0.8731969662393262,0.6295173988474168
ENSG00000139154,0.6538658339645909,0.28539768722006326
ENSG00000052126,0.8950807869057325,0.81697345930282
ENSG00000134533,0.033518536362456934,0.019193344317945164
ENSG00000139289,0.4965009187908396,0.7509917755185771
ENSG00000177981,0.9548651547062361,0.8433132359533322
ENSG00000167528,0.4713810625710121,0.6176083006987136
ENSG00000135424,0.6162357931043085,0.5686203476518077
ENSG00000060709,0.6860108201234953,0.7852003129796253
ENSG00000133687,0.018321448190337312,0.04918648075451792
ENSG00000160072,0.18545844479987686,0.11704848737597984
ENSG00000142611,0.9599708565558498,0.945167075696709
ENSG00000157911,0.7928345068213593,0.7154912571820327
ENSG00000142655,0.2491701607653561,0.47472691853087046
ENSG00000149527,0.7475686476372354,0.6525661060216575
ENSG00000171621,0.039720192972120975,0.040254576298909335
ENSG00000142583,0.836153190402256,0.8028800019577348
ENSG00000116786,0.9070514959741915,0.9615687988263495
ENSG00000173614,0.028435951063466487,0.049033249330634104
ENSG00000142606,0.4967044600895486,0.5195892474513879
ENSG00000171729,0.6552036610632644,0.33244003351620655
ENSG00000037637,0.88672798873992,0.7925515061722548
ENSG00000159423,0.4230546931902367,0.6940897588692359
ENSG00000011021,0.5436285074652122,0.6205038548427891
ENSG00000157916,0.7240043518766783,0.7223473392565677
ENSG00000157881,0.3726396424416194,0.34700229511266767
ENSG00000048707,0.8702280530098032,0.8682252080994252
ENSG00000162444,0.018404059802114802,0.023823294650237185
ENSG00000180758,0.09086271353899737,0.13650868921088613
ENSG00000184677,0.5090363579672803,0.3195653219893501
ENSG00000131697,0.26491214127282625,0.2237604318739187
ENSG00000055070,0.7534663450800753,0.8707248652787334
ENSG00000175087,0.11479939826917526,0.09246857480023456
ENSG00000157191,0.7137983783869192,0.7453146610945018
ENSG00000162511,0.2627188899672759,0.37192156565025725
ENSG00000158014,0.45146022975771005,0.4033273055433285
ENSG00000204138,0.7404411295487608,0.6464309738882689
ENSG00000142675,0.9754879155036507,0.9076618419277249
ENSG00000197245,0.810431448369878,0.7973084012938213
ENSG00000130772,0.006279336028952219,0.005151033917415368
ENSG00000090020,0.3127095092677596,0.23758207077194543
ENSG00000157978,0.9058957160507689,0.9224938595616473
ENSG00000130770,0.7380173320973694,0.6098907365149978
ENSG00000162512,0.328279350757032,0.28611829427302904
ENSG00000158006,0.9136992864380606,0.9517746298980504
ENSG00000126698,0.8459223287010831,0.8875108102148019
ENSG00000130766,0.6560043455371729,0.8672642299254056
ENSG00000168528,0.3191782924323192,0.3698246364173702
ENSG00000169403,0.7890975774135268,0.8023617551901564
ENSG00000060688,0.2843882208992254,0.2533292300363267
ENSG00000171612,0.4210514542546776,0.5547063388984578
ENSG00000188910,0.6724233284250805,0.49673206505400846
ENSG00000116138,0.17024788938148436,0.2251068783339815
ENSG00000158161,0.25708488613750474,0.21048021882496418
ENSG00000142684,0.3851010762622551,0.3173828374729562
ENSG00000121769,0.029124483369519023,0.02230882369179634
ENSG00000142627,0.6884808874740238,0.4545912132423924
ENSG00000142632,0.2122327413956611,0.29623320980461765
ENSG00000189337,0.6877589211868087,0.7673639781504151
ENSG00000028137,0.23898312567512464,0.14915984052793654
ENSG00000130939,0.607078693565497,0.813027327574745
ENSG00000060656,0.7448357523696312,0.32764033586454666
ENSG00000163867,0.7204713216049452,0.5160812262846293
ENSG00000189280,0.6576488071340063,0.5175671507310623
ENSG00000134698,0.46420667559976825,0.6008725386317376
ENSG00000134690,0.35107117664379794,0.2747807639746507
ENSG00000132881,0.6008911906119436,0.7721116129644123
ENSG00000130940,0.1800132153575876,0.2663866127213529
ENSG00000116771,0.17299376140703807,0.28838839637997493
ENSG00000163879,0.2674921594793709,0.20503063746756928
ENSG00000116954,0.5923942359964326,0.6590901491112628
ENSG00000117215,0.42388332716056454,0.32165790999664395
ENSG00000196449,0.23933505816145756,0.21071984473889882
ENSG00000044012,0.35930929929231936,0.6136476815915186
ENSG00000179051,0.4172294755983783,0.42262268502019307
ENSG00000126067,0.4294053185341926,0.5034852977167995
ENSG00000274944,0.797897248883051,0.9414984855008502
ENSG00000132906,0.4536758708585499,0.7682056852006416
ENSG00000197312,0.63496461660104,0.6368382946053295
ENSG00000173660,0.2538669757203514,0.21406009745521914
ENSG00000054118,0.2513349823397306,0.27803156944834456
ENSG00000197982,0.5587968497586209,0.6259927189390102
ENSG00000183317,0.09584249848311,0.1474266894957387
ENSG00000183386,0.1388545662691545,0.15624163562279042
ENSG00000158315,0.2664458239539619,0.2628263218178372
ENSG00000204084,0.3696148944917833,0.2770502289396221
ENSG00000146463,0.7878183291922529,0.7453482424365259
ENSG00000183520,0.07359590966012114,0.04194838044241724
ENSG00000142686,0.9903702129798796,0.9751043727679901
ENSG00000117148,0.7333750347328962,0.8460131098622821
ENSG00000117000,0.9147084447504755,0.5418301973385944
ENSG00000092853,0.13172034335461916,0.06641933714290583
ENSG00000134697,0.8996155698343957,0.7289428148112407
ENSG00000187513,0.07926196569894822,0.08537378468675945
ENSG00000116151,0.6324801421430637,0.4816610385843453
ENSG00000006555,0.5654212575941053,0.6831202298853591
ENSG00000066056,0.03199228934813966,0.031074307093296765
ENSG00000214114,0.1864714546234296,0.13917575139743174
ENSG00000117016,0.28395172261173185,0.33974351332349756
ENSG00000121310,0.10141222732774088,0.268264499581062
ENSG00000169213,0.01033407531406876,0.020016347816000642
ENSG00000163866,0.1352277914556215,0.105587566624967
ENSG00000143001,0.9235142728113818,0.8611579819785187
ENSG00000117419,0.6110698830254176,0.6003057609854475
ENSG00000162384,0.020695719183470643,0.007255863100572698
ENSG00000162391,0.7390592029192209,0.5286748769387509
ENSG00000174348,0.018558028989749637,0.03796084942826161
ENSG00000117859,0.02182481402898315,0.08308940016139445
ENSG00000253313,0.08390461295460988,0.09829157839287353
ENSG00000162396,0.382201128027277,0.2719281522524483
ENSG00000162378,0.8764224998676198,0.8989120424803391
ENSG00000117862,0.940384959457819,0.9443572765581505
ENSG00000183431,0.24462197737050537,0.12132274736152632
ENSG00000243725,0.3008285539716211,0.19194039444416053
ENSG00000162407,0.1605503526605586,0.168756156455347
ENSG00000163877,0.04694532140008622,0.042496844025493134
ENSG00000157184,0.2572614239205068,0.37796664045908934
ENSG00000198815,0.9221573320010729,0.6935628380758341
ENSG00000134744,0.9234290970172974,0.846973543510644
ENSG00000162385,0.17120584089183755,0.2330965521666631
ENSG00000123080,0.34436431705622117,0.5202756519636309
ENSG00000162415,0.15929175144751628,0.20444592380344528
ENSG00000162600,0.5552094070589517,0.7425618289733076
ENSG00000116704,0.8593851269723054,0.8422127313521037
ENSG00000157193,0.05877179550946653,0.015204520469306083
ENSG00000116205,0.04770845706568425,0.07952725030740848
ENSG00000198841,0.23659622655210288,0.20021281736639768
ENSG00000116212,0.3779108850501579,0.47911898870892156
ENSG00000162607,0.037716926690783824,0.030600090017814857
ENSG00000154027,0.10023449074981351,0.09235615151602244
ENSG00000137960,0.8467976074184487,0.9204022024947943
ENSG00000116675,0.24586674177509946,0.5488817351942669
ENSG00000162433,0.039199945207032606,0.09414423982122798
ENSG00000213625,0.06517912333603801,0.09503932501581942
ENSG00000158966,0.7286108613642314,0.7399202990156754
ENSG00000203965,0.4669295639149721,0.5801100510960554
ENSG00000153898,0.161536613975852,0.12720498095008886
ENSG00000117069,0.1429886589817106,0.15664494567254908
ENSG00000125703,0.8249493713433469,0.759746892603695
ENSG00000162618,0.015659211345949584,0.02125362714876773
ENSG00000188786,0.1192858108003542,0.06598397565951089
ENSG00000137941,0.8775212646681476,0.5629150065769578
ENSG00000066135,0.0715128321863862,0.057621698110379045
ENSG00000117174,0.5828492052480505,0.45380570348960303
ENSG00000122420,0.07449451095966374,0.09182513692761853
ENSG00000143013,0.5789747051451231,0.35131519410068146
ENSG00000134748,0.09473382355981583,0.12185779052882538
ENSG00000142892,0.5644779126509685,0.6962077539742922
ENSG00000184005,0.029051560436137023,0.02875810423694928
ENSG00000197273,0.5201255877076802,0.6799881677354267
ENSG00000116641,0.8282303252653034,0.8048989187715156
ENSG00000172260,0.1041790042550009,0.06433012436717657
ENSG00000117480,0.002785262482783774,0.001081704614321799
ENSG00000137944,0.20129880323257474,0.13102210006029394
ENSG00000182183,0.12776303758803137,0.16091472678022373
ENSG00000067334,0.914161772428488,0.7333419550006448
ENSG00000142949,0.33243386150084386,0.35101618479100594
ENSG00000116133,0.9806637918517793,0.6159069719373538
ENSG00000116157,0.0049408579550179145,0.002403028043235638
ENSG00000143036,0.9049069793835516,0.8013434151191002
ENSG00000065243,0.39333840183738,0.2726364376321919
ENSG00000117528,0.5075239319309068,0.6226198402219245
ENSG00000172339,0.4470352416452381,0.4197527418528293
ENSG00000036549,0.8023675188906323,0.5153922862503122
ENSG00000058799,0.43574310101324076,0.2374021605482849
ENSG00000189433,0.9066174927424725,0.7669795269021847
ENSG00000179178,0.11822175634462029,0.08025988542423756
ENSG00000127124,0.9634143357506578,0.8474591606571367
ENSG00000162604,0.12380463944185599,0.2550531900089486
ENSG00000116171,0.2571503605763789,0.41347877108005926
ENSG00000137936,0.21955106354825876,0.2846943640564271
ENSG00000178028,0.8701151770083745,0.9329178132093108
ENSG00000168710,0.5127232649940652,0.5318624154952365
ENSG00000117519,0.07051512851006025,0.036189071800386115
ENSG00000134215,0.41715841889652494,0.4395056807201485
ENSG00000188641,0.9120549668264587,0.9348391976728164
ENSG00000152078,0.3174794743361216,0.22318066858914543
ENSG00000171492,0.4126275353359071,0.45743542783170843
ENSG00000170989,0.07170697904935688,0.10580366047664837
ENSG00000116299,0.710956787475995,0.922896916494108
ENSG00000137962,0.028215279505513443,0.04858437029968417
ENSG00000079739,0.23486499657472307,0.2576003228859003
ENSG00000162377,0.04978045160841912,0.04226371109397798
ENSG00000116774,0.06696898609823677,0.06759369816647963
ENSG00000023909,0.888897869572179,0.7640777618432659
ENSG00000069702,0.8476078188788413,0.9625857852587678
ENSG00000198198,0.2373063230376997,0.17348342200862155
ENSG00000116793,0.5795434558609818,0.5854705605088129
ENSG00000117525,0.48518023894837436,0.6341248234961381
ENSG00000162692,0.18962725350315296,0.39408791210866556
ENSG00000122481,0.3851959111387475,0.6032034150046681
ENSG00000198162,0.7272272451700836,0.6650309047621079
ENSG00000143079,0.7760366919766989,0.8849772431710212
ENSG00000143093,0.2925407298087269,0.4032029167418778
ENSG00000085491,0.7472065130576016,0.4173598043405997
ENSG00000173947,0.0863081994593104,0.06849319526758106
ENSG00000134198,0.15745747432505816,0.12757726397120484
ENSG00000198799,0.5463521134432636,0.3525901889134222
ENSG00000117620,0.021111214162981184,0.011733275364444138
ENSG00000162688,0.2265610537638939,0.23376062504087786
ENSG00000185946,0.19790161732696465,0.1777599310312401
ENSG00000162627,0.46853880917083046,0.2742413142014553
ENSG00000162695,0.6470913361066593,0.38236803316062973
ENSG00000265808,0.8392345519688831,0.7625474680635115
ENSG00000134247,0.820026708505664,0.8623552739739808
ENSG00000116752,0.33986104273291895,0.3433899770476312
ENSG00000162664,0.33461687489911757,0.2765829838456365
ENSG00000134253,0.8590649018567236,0.7255284592941387
ENSG00000173218,0.42949981226689504,0.4184547586353512
ENSG00000183508,0.4206470703111721,0.361490038897733
ENSG00000143398,0.6898465970303813,0.581086162399852
ENSG00000196505,0.35436361089703095,0.26400276161947317
ENSG00000065183,0.39030614275404507,0.41419321565498735
ENSG00000163393,0.2695753788778191,0.46173145581430963
ENSG00000163156,0.799115638100639,0.6831262858536533
ENSG00000156150,0.12233375616049137,0.14094378060981425
ENSG00000197323,0.8016058213065099,0.6508411606828373
ENSG00000079335,0.9945086982970741,0.8865231721759383
ENSG00000143119,0.5789019661072765,0.8274195996498684
ENSG00000171943,0.6462676516086601,0.6655596233546733
ENSG00000116830,0.023785630120329092,0.014280333178841248
ENSG00000081026,0.4873908678208677,0.6387129977627495
ENSG00000143458,0.3814369118492954,0.2915917167388824
ENSG00000163155,0.489775306832842,0.6367553850457832
ENSG00000116824,0.5510737655465315,0.3635090615421618
ENSG00000024526,0.4350579176513538,0.3196051767392508
ENSG00000117262,0.6047734618869784,0.6149377230188624
ENSG00000137947,0.6129970380401132,0.3459176123596297
ENSG00000117586,0.1508115079452694,0.2706793806181782
ENSG00000184371,0.737285428003478,0.6310777065433499
ENSG00000163154,0.9018178174055458,0.7289523554973757
ENSG00000162729,0.4238397182276703,0.575546688819408
ENSG00000143158,0.8449278200797973,0.4861942888823748
ENSG00000271092,0.5358255562621466,0.4843889885144812
ENSG00000000460,0.9116495542662512,0.9773938634894981
ENSG00000135862,0.026931429014094975,0.03163150305129736
ENSG00000143198,0.29279020818889706,0.23432964844612203
ENSG00000143621,0.9838220398139726,0.6595685786966738
ENSG00000143155,0.9907364706938906,0.9903988307018339
ENSG00000143156,0.0508317964973416,0.06200515046260715
ENSG00000198771,0.5952394218495507,0.6522631329150377
ENSG00000213064,0.5924960404615248,0.4701791449980782
ENSG00000143179,0.4592809804465854,0.42077412911594947
ENSG00000143315,0.9052333528588368,0.986777174769825
ENSG00000143185,0.5144794446110538,0.3746326601140143
ENSG00000143190,0.6722279165382693,0.5227360700004611
ENSG00000075945,0.025789105642364394,0.05447165100341711
ENSG00000117091,0.646451153685718,0.883995180792726
ENSG00000047410,0.9495291512121207,0.8469392361985228
ENSG00000018625,0.24966178167355377,0.17954553139846027
ENSG00000171806,0.7258695274212381,0.7846714857805936
ENSG00000134216,0.12108835347157645,0.10245947081583084
ENSG00000162694,0.5018999675064113,0.5020997109600254
ENSG00000118197,0.7508618034692038,0.9987256774242669
ENSG00000135842,0.29560609398384163,0.3088978486585169
ENSG00000058085,0.2855727620967421,0.44051201402989504
ENSG00000116815,0.8416520980192768,0.868146212740491
ENSG00000143167,0.14909661316686068,0.1521860089773638
ENSG00000143184,0.9947780795142142,0.9051928008312915
ENSG00000177807,0.11023899186664635,0.1139137655643403
ENSG00000143228,0.5967517265566584,0.46502370613562316
ENSG00000174514,0.7145059371874953,0.8427435569139179
ENSG00000143178,0.5318030734139414,0.7048748611635789
ENSG00000116833,0.2708203047016688,0.3143500453024129
ENSG00000000457,0.7805089016475226,0.9477676417758785
ENSG00000143507,0.7317425756085801,0.5677485372636959
ENSG00000157064,0.06096210968562543,0.35822205586462663
ENSG00000059588,0.8002724778105915,0.7242705843270701
ENSG00000122224,0.540426355653006,0.8225674449158964
ENSG00000162782,0.8251908427467616,0.8929504878881673
ENSG00000143653,0.3129237914852256,0.3614808953537665
ENSG00000158711,0.9548638687049997,0.8270234862160342
ENSG00000162851,0.9183525259001072,0.9706873519918925
ENSG00000143353,0.8953970085235159,0.874101692453569
ENSG00000197965,0.8278522575463487,0.9926189394445668
ENSG00000143493,0.9652422449806589,0.7306527014050419
ENSG00000117592,0.5277116337583635,0.6660140498837085
ENSG00000186197,0.14944242732935684,0.18291014779498121
ENSG00000007908,0.08166503005695114,0.13336232034822193
ENSG00000092978,0.8026932308345605,0.8197715575284643
ENSG00000143499,0.9819620521304709,0.8521175045034511
ENSG00000188404,0.13611245320015508,0.22715527666392363
ENSG00000143196,0.42484553159781124,0.3049270154515396
ENSG00000203697,0.8970348263720572,0.566395969679278
ENSG00000116574,0.8445873432736759,0.9538419514154369
ENSG00000121481,0.2946014268148783,0.5238601249633484
ENSG00000143248,0.031310671026472434,0.05073610478783733
ENSG00000116132,0.04370372664548512,0.08878982649804475
ENSG00000116679,0.4720742143346547,0.34582482442026197
ENSG00000143476,0.3615774875564127,0.21434483352392125
ENSG00000121486,0.33366208877076264,0.5690827803492643
ENSG00000057252,0.017205190363799378,0.0479449292344145
ENSG00000123685,0.33748013528927545,0.3730373217458044
ENSG00000162852,0.2889684228204722,0.3173877877281547
ENSG00000143842,0.7052670549984903,0.4612762862198244
ENSG00000116962,0.02649263224291233,0.028505919679823268
ENSG00000181450,0.5599917360758212,0.8870407743431844
ENSG00000120333,0.5605975648103692,0.8079998027519345
ENSG00000121644,0.6121395731107427,0.7948799741292211
ENSG00000174502,0.3318507062598773,0.6239974317463233
ENSG00000158715,0.7302381057549743,0.8652280413122874
ENSG00000162849,0.5293921810278429,0.7799603825199056
ENSG00000067533,0.554846311466795,0.8098552413439548
ENSG00000116209,0.4600648923790277,0.3206590641471706
ENSG00000116161,0.9079230184634897,0.7902376732357002
ENSG00000152104,0.2767297622966625,0.39491783858179896
ENSG00000117650,0.9132800019547828,0.7732942748200775
ENSG00000203724,0.38233400319690025,0.43468222188116934
ENSG00000168118,0.19748904512720275,0.2205673618913516
ENSG00000173726,0.18729230397120247,0.30793343805916235
ENSG00000152382,0.3440817759114436,0.3623921054576078
ENSG00000135829,0.8340472604141211,0.5519893895322681
ENSG00000134717,0.9534371020207504,0.9703419227190498
ENSG00000116668,0.7993535633440174,0.8462795331965578
ENSG00000143756,0.712673607158888,0.5512081415824761
ENSG00000143207,0.540564518712128,0.7434496992406818
ENSG00000026751,0.9389091899479649,0.739232988655464
ENSG00000150681,0.15499256823780533,0.30864000330280755
ENSG00000116906,0.18786901650308235,0.144239219247905
ENSG00000092969,0.06552318417547434,0.039388232755818695
ENSG00000157181,0.9308835772979379,0.6614951154783286
ENSG00000076258,0.7001548603665404,0.5944941170063325
ENSG00000117697,0.6712915544597672,0.7171528161170915
ENSG00000143641,0.32478894421446075,0.39643920319086245
ENSG00000010932,0.07315579192107939,0.09726642510773836
ENSG00000010072,0.7985591930915235,0.906776997123209
ENSG00000135766,0.47561722623131686,0.6733196453654402
ENSG00000168243,0.5377556722123678,0.47245186690443586
ENSG00000170382,0.13562487812198226,0.2725637438655576
ENSG00000066027,0.9990693404054124,0.862958893480043
ENSG00000094975,0.6460127000667191,0.9534118510407747
ENSG00000162772,0.12736537403440515,0.1860811573881002
ENSG00000135828,0.38885052755894145,0.5389207383602068
ENSG00000076356,0.4275127669392481,0.54153464869022
ENSG00000116711,0.8204336353226787,0.8636380970308136
ENSG00000143845,0.11780541125678937,0.13272391630534155
ENSG00000123684,0.36401731830416495,0.5620999636626922
ENSG00000117707,0.6187476714707522,0.7113794298822449
ENSG00000123836,0.11492828881933502,0.08024147780992004
ENSG00000117691,0.3048431014021235,0.1794938207501967
ENSG00000287856,0.484933452580219,0.6033091255867091
ENSG00000203705,0.42373794084797,0.5811905025817119
ENSG00000174175,0.024013012744088437,0.04312344971895724
ENSG00000171161,0.3266419031929401,0.3672388663792323
ENSG00000196878,0.6285309748375171,0.9617731171387488
ENSG00000133059,0.6362461604147128,0.7216623607158497
ENSG00000074964,0.38621655653897635,0.6836529806115883
ENSG00000116918,0.8659437351983896,0.9551428401865707
ENSG00000198929,0.21837579433793472,0.24689335575636467
ENSG00000176393,0.8532948317677534,0.6595320419202391
ENSG00000174606,0.9684237544846233,0.9708542711620202
ENSG00000179914,0.6344777742482128,0.723927203643524
ENSG00000235750,0.705757520339285,0.9505289921069394
ENSG00000116903,0.8363462743869527,0.8480597400426453
ENSG00000151414,0.19878582544658366,0.25696556146388483
ENSG00000177614,0.20822511522797063,0.23205748011406083
ENSG00000197472,0.5571342143649944,0.46968104712987324
ENSG00000136643,0.4369971578373143,0.589030521549744
ENSG00000069248,0.9980821319515888,0.8210789160155553
ENSG00000090104,0.03278027371466894,0.10440742712318178
ENSG00000185220,0.8738523912812554,0.9438234103731854
ENSG00000162769,0.4030030821364352,0.5511454583446973
ENSG00000133065,0.5650400117447641,0.38749092624855963
ENSG00000277462,0.9893947265748302,0.8427299031900378
ENSG00000035687,0.6331633754761767,0.7457996668423708
ENSG00000163431,0.15379807541732488,0.1452595379896395
ENSG00000230124,0.30217296726759973,0.49367068534353475
ENSG00000007341,0.7931347338211384,0.853662970250364
ENSG00000117222,0.38958282348524464,0.27002783285606324
ENSG00000143324,0.5656979766673373,0.8136753316156151
ENSG00000118193,0.46098103681282554,0.2608160521848039
ENSG00000198842,0.036451949510160196,0.05617524526786753
ENSG00000198756,0.947775330155548,0.6862305329790483
ENSG00000259823,0.4195650240519625,0.4042963909827353
ENSG00000135749,0.30319062906726857,0.5553305845096976
ENSG00000054282,0.5395155044290941,0.3812943232643964
ENSG00000162702,0.34576052129922563,0.5339298626757532
ENSG00000143194,0.7789757621707529,0.8016537531159893
ENSG00000054267,0.41082563903460767,0.5291748062591657
ENSG00000175137,0.6401199519720979,0.7270532755000965
ENSG00000134245,0.7173532654211605,0.660148945678531
ENSG00000069275,0.24141316234604746,0.3082624131449416
ENSG00000143674,0.7686925438941942,0.5120759018953174
ENSG00000134375,0.9856207274890232,0.5905751782072788
ENSG00000097046,0.2250881177151758,0.1166392344947595
ENSG00000185420,0.317125854636469,0.2343344169797892
ENSG00000076321,0.5064510810732774,0.6760347486023053
ENSG00000135778,0.9058747025699173,0.9700944280011496
ENSG00000117280,0.9328551811499745,0.9380676983923795
ENSG00000136636,0.17318066093649107,0.2726166564651343
ENSG00000163874,0.2903007245411162,0.4314899186537593
ENSG00000054392,0.9827963572197699,0.8867802298107736
ENSG00000188739,0.7335385821178615,0.6494817990773301
ENSG00000135750,0.6963336340631587,0.8806007305934147
ENSG00000143341,0.07172020445244297,0.11225481187692869
ENSG00000162545,0.18573001604974834,0.149615160822359
ENSG00000090432,0.46932674680202324,0.4533710928587932
ENSG00000158825,0.008648819562793219,0.008906260669502546
ENSG00000158828,0.5231777264651463,0.5652247746542064
ENSG00000134371,0.7395107832624017,0.6367186164876548
ENSG00000066557,0.2667766165208026,0.2795808375624409
ENSG00000118454,0.4110534777321564,0.3829040119774182
ENSG00000116761,0.20666207087948726,0.12701371820074792
ENSG00000007968,0.006342396063927187,0.007222202727083173
ENSG00000117318,0.580435037289914,0.922429943686115
ENSG00000142676,0.6384477057482791,0.7972545524478808
ENSG00000057757,0.42662623099100927,0.5794902581517822
ENSG00000011009,0.6702657887265692,0.6937982504413664
ENSG00000117308,0.736602607102314,0.638690156439914
ENSG00000132693,0.2919766923544387,0.1697319682307101
ENSG00000158716,0.05563805148431794,0.0441956741418619
ENSG00000181036,0.9818305703739285,0.963005476859468
ENSG00000158714,0.89956188522165,0.8975000076669744
ENSG00000163399,0.9012955623216805,0.9365862101712776
ENSG00000177888,0.9710603968898953,0.7085234247610088
ENSG00000243364,0.04331553899778738,0.040833867223742756
ENSG00000143590,0.0035594315801124785,0.0022661669688090365
ENSG00000169242,0.6350811032204539,0.9620487167729376
ENSG00000169241,0.9750118831761185,0.9622739792560393
ENSG00000163463,0.736911660069797,0.9504306962903594
ENSG00000169231,0.1845801052357134,0.17601721043621696
ENSG00000177628,0.8696970707703837,0.9397336999092244
ENSG00000116521,0.7674731031999256,0.7600541342444966
ENSG00000176444,0.7584160029858141,0.6383147040547275
ENSG00000143630,0.23924003647167535,0.13150116425695965
ENSG00000174059,0.039442747417578104,0.03264755173921845
ENSG00000142657,0.7580970193168335,0.8505647689792364
ENSG00000251503,0.7058473896582134,0.9924591522451129
ENSG00000175279,0.6277397701461329,0.7203915651773083
ENSG00000160049,0.13760499471822582,0.22178886944973372
ENSG00000122188,0.8581023945925298,0.5915240889129687
ENSG00000182004,0.9275073733371241,0.9922993609872984
ENSG00000130768,0.8815532286784216,0.6074591729469464
ENSG00000158156,0.842505479760709,0.6535909101000927
ENSG00000182118,0.21407869182253966,0.5861407721502708
ENSG00000143633,0.8746090351984707,0.8376393032158287
ENSG00000132773,0.16364689793357104,0.11667295305228251
ENSG00000070759,0.19670487919128635,0.29295041394911897
ENSG00000132763,0.15834486626526778,0.24888887714225863
ENSG00000133019,0.7497186996876883,0.830707284147018
ENSG00000162636,0.4828088598801695,0.3277376349813097
ENSG00000162639,0.7868229896045916,0.8210734101568697
ENSG00000134186,0.35014059781695295,0.2473907514281686
ENSG00000116266,0.6397048489254021,0.47134743912260724
ENSG00000215717,0.5698779114545947,0.3814304472482156
ENSG00000132676,0.7231471964338878,0.7454560355256528
ENSG00000132718,0.40173389154070716,0.4871674868595397
ENSG00000132680,0.8613857571035548,0.7237775443454519
ENSG00000163479,0.3455570816470048,0.3688120984341965
ENSG00000160803,0.5343185229476506,0.6195672448058063
ENSG00000132698,0.18926491098062748,0.2116579651732139
ENSG00000260238,0.9471268621140365,0.9769909825447803
ENSG00000242252,0.22747567436746932,0.19186496556937344
ENSG00000198952,0.6096216470478559,0.4033212509624261
ENSG00000163472,0.3946462657135432,0.4834442570779469
ENSG00000163468,0.7815825539342196,0.9716225819287311
ENSG00000254726,0.6335881925203197,0.6556931194330036
ENSG00000186377,0.020726208042340204,0.03927079395435441
ENSG00000162366,0.750848741904866,0.8748830506311853
ENSG00000143061,0.7670520618194132,0.6120027782201077
ENSG00000135821,0.15947354819064666,0.09123723193476105
ENSG00000168275,0.48143114320237046,0.28875258339245863
ENSG00000153207,0.7640537596723375,0.9117620935122016
ENSG00000156869,0.7059090441163864,0.746256985612278
ENSG00000116678,0.16174586156084486,0.30063732865154513
ENSG00000159352,0.4412709365897828,0.33663880861944473
ENSG00000158710,0.2923808963888685,0.2848318145586271
ENSG00000162734,0.16608269284695076,0.1563811966156632
ENSG00000049239,0.9265365398654267,0.8069626475982578
ENSG00000186564,0.18963898559300083,0.23394707531826178
ENSG00000244038,0.9441127906091575,0.8271221887602151
ENSG00000116690,0.028430414365563157,0.025372934980135937
ENSG00000126091,0.7780959219674486,0.6085616797393577
ENSG00000171163,0.24137604280360733,0.2825994499209923
ENSG00000172456,0.6699986228555612,0.9362794387860409
ENSG00000162946,0.1004624515170867,0.21160243352129834
ENSG00000158786,0.6330065465761309,0.9942907319165567
ENSG00000157870,0.19066675178535392,0.14676490083680493
ENSG00000179085,0.309675056795778,0.6157709121942215
ENSG00000183347,0.6725421249717223,0.910087458419972
ENSG00000116685,0.4718242504554897,0.7148194231144488
ENSG00000083444,0.24888188906467834,0.2789578427510858
ENSG00000116691,0.29972085991774855,0.37689593200747873
ENSG00000162521,0.18399805244846945,0.1146475786336605
ENSG00000162520,0.7600164642995052,0.537062609999478
ENSG00000162522,0.3195499875969204,0.32664695605068517
ENSG00000116497,0.7653115978134994,0.733429232523961
ENSG00000160097,0.0646762565873505,0.052681188758496325
ENSG00000121900,0.3934199396250473,0.5963505278884355
ENSG00000143222,0.7781534111325066,0.6864108819183128
ENSG00000143224,0.34043550159896274,0.131905802556509
ENSG00000158850,0.5176553122624987,0.709263473984687
ENSG00000158859,0.2223223010813887,0.3265021681985351
ENSG00000158869,0.5101568776228409,0.6787569432492175
ENSG00000158874,0.07193692527075064,0.07248922193323404
ENSG00000158882,0.5779657270259304,0.8472000616743925
ENSG00000248485,0.571433057893809,0.2981435157409055
ENSG00000188931,0.7073046606182416,0.8683572426394406
ENSG00000265107,0.1994251534762479,0.2475121823797361
ENSG00000188092,0.4450345584009733,0.4520246539705739
ENSG00000116688,0.5448268065107875,0.6783371578060042
ENSG00000084073,0.9434991674648437,0.7057506769064344
ENSG00000049089,0.17399718967036504,0.14861686822958697
ENSG00000187801,0.3900852025522008,0.4684855341379295
ENSG00000158887,0.4456156502745784,0.518683303276617
ENSG00000117640,0.8860445534031841,0.6907248965795543
ENSG00000127423,0.29221500990190896,0.16793131691529464
ENSG00000182749,0.22119028975487706,0.23383356304461358
ENSG00000117632,0.9920179639187189,0.854796291019784
ENSG00000187147,0.19628086264772965,0.2149623922630419
ENSG00000126106,0.29244116300779355,0.4014724052346986
ENSG00000142945,0.2926749499416847,0.1604915563575915
ENSG00000142937,0.9089838434950401,0.8706109819113095
ENSG00000173846,0.32981940336978277,0.5691047868986989
ENSG00000117425,0.11294597282622315,0.19500406607219287
ENSG00000070785,0.726912812675392,0.8690593698271235
ENSG00000126107,0.8249473673915884,0.7838887108374377
ENSG00000126088,0.12735876717800387,0.20867906041356962
ENSG00000162408,0.31316310342092335,0.27583677692851855
ENSG00000204859,0.8488132760355103,0.9018681759452719
ENSG00000171488,0.06229711473001123,0.18645552403462118
ENSG00000119285,0.8936465742603643,0.769543016678133
ENSG00000117758,0.4857034675922016,0.5245369371475213
ENSG00000117751,0.5744531242297173,0.5732875759242665
ENSG00000130775,0.17825938615720222,0.3002067356232717
ENSG00000117748,0.9808260364104471,0.9266586884661783
ENSG00000117122,0.00970763459853522,0.009256714363694973
ENSG00000159363,0.44582680537038666,0.3970148958784264
ENSG00000117118,0.6524776551710041,0.7192008239896741
ENSG00000117115,0.22623680436211352,0.1519865103082946
ENSG00000142871,0.03449881002833031,0.06356556638245137
ENSG00000143498,0.37724219997173647,0.7728404555214973
ENSG00000154305,0.7103255165044182,0.9070130295805447
ENSG00000186063,0.563551698534422,0.5458122665533952
ENSG00000162819,0.384858847546383,0.26506286743130303
ENSG00000187554,0.2476045517549614,0.3017220009400242
ENSG00000164010,0.47284715617543893,0.499020394203461
ENSG00000164011,0.8680056611424701,0.985376810127558
ENSG00000154309,0.8247384673686846,0.9985787656818661
ENSG00000143067,0.8190110208224161,0.7569835833859782
ENSG00000134240,0.15175425944325727,0.18643913086084946
ENSG00000134193,0.3093077179752028,0.5354361407735422
ENSG00000092621,0.5168923173209039,0.7590738991946888
ENSG00000130764,0.5205269494420293,0.5099455010592525
ENSG00000284770,0.6916091691352954,0.5717506338726257
ENSG00000198837,0.8882661891449681,0.7132757112496957
ENSG00000160741,0.7133454344946724,0.844136116205242
ENSG00000143578,0.6033435835274555,0.5232088429876414
ENSG00000143543,0.9709868855226326,0.885534805994123
ENSG00000143545,0.3487253623901192,0.2692827115797307
ENSG00000177954,0.5785250742868842,0.6548668661749103
ENSG00000162642,0.18816373126178648,0.17164968897471938
ENSG00000116198,0.4506058158323323,0.4282059551975934
ENSG00000169598,0.2815171818583851,0.18220823858044344
ENSG00000162836,0.9867563780409367,0.7012698913657545
ENSG00000116667,0.5084782062417106,0.539332119201178
ENSG00000125945,0.5144598469161012,0.5970991683623705
ENSG00000204219,0.7433950172314622,0.9497204586555337
ENSG00000162885,0.277085640994684,0.2727751764256089
ENSG00000173110,0.5047020454430846,0.7092672047936683
ENSG00000160752,0.9273306126458208,0.8399273126032025
ENSG00000121957,0.037715114390614764,0.05857817811745521
ENSG00000188396,0.8660636448691195,0.6063966762599278
ENSG00000116747,0.370403312359333,0.48318558367552245
ENSG00000118729,0.10487938352052734,0.059041119500379206
ENSG00000163467,0.5292582975220207,0.5242594297119346
ENSG00000117395,0.33513892915850807,0.17622211398685442
ENSG00000116874,0.6507769109768033,0.5340255013096705
ENSG00000065600,0.9993246707553743,0.7346896300335455
ENSG00000009780,0.5820497354940481,0.6012288184081911
ENSG00000023572,0.4939395823216173,0.5849427677776593
ENSG00000077254,0.7536089292731539,0.7100329133099135
ENSG00000134644,0.959152906414422,0.7014958444135215
ENSG00000215788,0.3483038284389103,0.5872373877551218
ENSG00000117625,0.5565184684090585,0.8322762725364671
ENSG00000121766,0.9964416904371803,0.7927787037360836
ENSG00000143157,0.9094342280612688,0.9677782882796454
ENSG00000160781,0.18372167164806755,0.08066139035066829
ENSG00000143344,0.29655014349926717,0.2841769170124768
ENSG00000142856,0.11159256600295744,0.13956840298418116
ENSG00000116396,0.5817725475890014,0.5378220060050964
ENSG00000163875,0.9835608951285272,0.6833837282873136
ENSG00000131238,0.33337593365182416,0.5728906079177318
ENSG00000171680,0.6500440494393422,0.6504608865778243
ENSG00000116977,0.9697821286686921,0.7519115782137792
ENSG00000242485,0.9286334893785798,0.9985688124264843
ENSG00000179403,0.9222076410647497,0.8621870328979403
ENSG00000215915,0.5818509121434987,0.419914372490766
ENSG00000135776,0.888309273053866,0.7185022481730747
ENSG00000135763,0.5430508065040627,0.30934629878740627
ENSG00000178828,0.39725972683849275,0.3255048275993226
ENSG00000169914,0.2256229666876574,0.20557271712907152
ENSG00000079277,0.3979932543736595,0.4591711453768105
ENSG00000117407,0.45448283933477507,0.5011050341991317
ENSG00000117408,0.9265757895531223,0.9573056879308295
ENSG00000117410,0.46086590346496314,0.31299785042049794
ENSG00000159214,0.5899642509325695,0.6776463687293128
ENSG00000196517,0.06787698944336137,0.1015671815686507
ENSG00000172031,0.3606250054737731,0.6562150823862469
ENSG00000228594,0.7360404322016224,0.389467297367066
ENSG00000189409,0.09373954780609713,0.07245179094666582
ENSG00000189339,0.9980988846699488,0.973210120531357
ENSG00000008128,0.3094870123645976,0.5324350008336549
ENSG00000008130,0.6674706989263157,0.44400393386952697
ENSG00000178821,0.40212672310581077,0.5026643054993689
ENSG00000158481,0.5474088821496947,0.5367109233648344
ENSG00000158488,0.43580869079716755,0.27865277413401407
ENSG00000117505,0.9775771522482837,0.7806272845857662
ENSG00000162889,0.8108006729064924,0.8652840771121235
ENSG00000162892,0.3511488350972868,0.6768104285265832
ENSG00000162894,0.6662179938072286,0.9387257411899524
ENSG00000162896,0.9929202430381512,0.9205150138368906
ENSG00000162897,0.8795719391448565,0.9861992282149665
ENSG00000182795,0.8527788070187938,0.9457113981490688
ENSG00000198890,0.3491225630435265,0.575295169880768
ENSG00000142669,0.6701973386917295,0.6699954286570198
ENSG00000169442,0.7782249484877954,0.8686080895326797
ENSG00000176083,0.35970636120598565,0.3042807100172678
ENSG00000142910,0.11880036128011785,0.11835806227348955
ENSG00000162517,0.33322338175482213,0.22166184452052884
ENSG00000085840,0.10966279962922823,0.0507756863000256
ENSG00000143751,0.9418991588476306,0.8144628593904707
ENSG00000163041,0.5193522771880443,0.2799433427794704
ENSG00000182827,0.946276651819769,0.9981030313732036
ENSG00000185155,0.991566474004236,0.783029775300764
ENSG00000143753,0.2543298674278438,0.2806183443234588
ENSG00000143748,0.7771351022555337,0.9341393558636035
ENSG00000143771,0.05719626540615187,0.14989684890939634
ENSG00000183682,0.16155132763618896,0.28903582904983827
ENSG00000163909,0.009270106195543608,0.0168461542943985
ENSG00000090621,0.43721218589612687,0.4779154686474685
ENSG00000143369,0.4916637391266594,0.3158178865419185
ENSG00000143420,0.883397942537719,0.7588525191323943
ENSG00000143457,0.251144620428115,0.2856149880127478
ENSG00000143452,0.08708924199924285,0.3206469388668762
ENSG00000143384,0.3489804072508369,0.49330496634626575
ENSG00000143793,0.6361939621117969,0.5971665584783263
ENSG00000162910,0.19807208476301763,0.21992047107578905
ENSG00000198835,0.6319036205986299,0.6671241051377905
ENSG00000181873,0.16138283041316953,0.1786051459635825
ENSG00000154370,0.5227946033019388,0.3408315633463098
ENSG00000171960,0.1510862852388716,0.14726009103814883
ENSG00000065978,0.13484959306149724,0.17149327628540303
ENSG00000117385,0.09818494455436659,0.13663962097216195
ENSG00000001460,0.4548857607744493,0.588328022926595
ENSG00000001461,0.37537753372751226,0.4135810272077768
ENSG00000117602,0.8090322136368933,0.715614885386179
ENSG00000184454,0.438981713340143,0.5649523967243968
ENSG00000177606,0.5332549818804776,0.43388457649712553
ENSG00000116539,0.8525440588090917,0.9257062117874526
ENSG00000084652,0.2731637267224081,0.24659594258762058
ENSG00000160051,0.026573926051563796,0.06866869962965534
ENSG00000183615,0.11909091308216714,0.18043432314698538
ENSG00000116478,0.533930509945328,0.6741385254849914
ENSG00000175130,0.7730820940781757,0.9041646505855888
ENSG00000162526,0.24665819724817603,0.228717505245025
ENSG00000168679,0.32442461292479313,0.4244857495051515
ENSG00000134248,0.7938012206449093,0.8154559803773078
ENSG00000198492,0.5153927359877892,0.29957503172904537
ENSG00000253304,0.01461384446169073,0.016676239262106488
ENSG00000116353,0.7634092157321597,0.5547299177044542
ENSG00000136630,0.04392427523025751,0.052571090010923006
ENSG00000116141,0.41965249388694714,0.29493325011399135
ENSG00000162817,0.4210158804005212,0.32785632265974957
ENSG00000117593,0.6633989195489396,0.6897397651119433
ENSG00000135870,0.3992613488295895,0.4042543975768942
ENSG00000197852,0.9603503907684219,0.9868622407155792
ENSG00000276600,0.3776465053042327,0.4153012239043443
ENSG00000158769,0.8464147086363318,0.9198030548020483
ENSG00000215845,0.43756626600135906,0.24997267431062603
ENSG00000158773,0.1807120162218904,0.25516105669146594
ENSG00000186517,0.60887487850247,0.4403882733578254
ENSG00000143217,0.26758140114702683,0.27942177134135027
ENSG00000143256,0.2928535890205784,0.38102078863664746
ENSG00000158793,0.726772184375464,0.5669821346383128
ENSG00000158796,0.5429991706111263,0.4960827358462434
ENSG00000196188,0.4938361269361533,0.6977142678546655
ENSG00000163050,0.4373803790933227,0.3108564508917794
ENSG00000174574,0.8029389272968137,0.6437322526213358
ENSG00000168653,0.49238874325541415,0.3742409964559693
ENSG00000121931,0.21193913137493658,0.2296021926792572
ENSG00000162777,0.21231953043666882,0.17296487967308918
ENSG00000064886,0.10163769976071763,0.16242856663052477
ENSG00000156171,0.6169511093549689,0.7886727975586558
ENSG00000169291,0.3334619473125886,0.3054592306244298
ENSG00000143252,0.5501396184059337,0.45151226622838625
ENSG00000143437,0.7266888215721667,0.7263289511535351
ENSG00000143799,0.4611305566917253,0.34816553374805137
ENSG00000158864,0.9326504764671131,0.935719588333992
ENSG00000288636,0.595280114516481,0.9767735797696636
ENSG00000117450,0.24449452763304222,0.16997318171980833
ENSG00000132780,0.31507397567690304,0.30807558122747203
ENSG00000159592,0.15808528799998026,0.1700860586522684
ENSG00000159596,0.06344107801707373,0.07786760884525905
ENSG00000143570,0.995933990362011,0.949160805150445
ENSG00000142864,0.27602464694430506,0.24285980561272674
ENSG00000198160,0.34340167363330276,0.3044493406510827
ENSG00000162426,0.02963196696078408,0.02519466992812429
ENSG00000188295,0.592476389901416,0.5725116808341406
ENSG00000116750,0.651795144050322,0.6656637578335822
ENSG00000235169,0.13720602576943766,0.14051867069936122
ENSG00000116514,0.28030637842004763,0.15618698880507503
ENSG00000162419,0.40787820369959227,0.1946149323391415
ENSG00000154222,0.8622052372008701,0.9114917624987909
ENSG00000197147,0.39293931679236493,0.26276251382292515
ENSG00000058673,0.6220357929010498,0.8858579658687876
ENSG00000131236,0.4225980798064921,0.689486182249918
ENSG00000081870,0.23125447715717096,0.3090060712820051
ENSG00000133216,0.9016630847960342,0.6576299361872096
ENSG00000143183,0.4687145992047027,0.4610416109387474
ENSG00000248333,0.6967764232725375,0.819243324657365
ENSG00000162390,0.9205493172875182,0.8673257935609378
ENSG00000117448,0.2557445686537281,0.2078761983681177
ENSG00000143387,0.016340369170142862,0.03279811021935095
ENSG00000116525,0.5116231349069701,0.4349666430087633
ENSG00000163131,0.17839080729275458,0.1612743659635069
ENSG00000183814,0.506208377971825,0.4229372166418486
ENSG00000213516,0.4016073406053745,0.3344986024439016
ENSG00000117226,0.5647990486751955,0.358050247456135
ENSG00000117228,0.9249767153024261,0.8029289442717406
ENSG00000162645,0.7852522205025397,0.8264069425757485
ENSG00000162654,0.3112718591515782,0.2815949193946739
ENSG00000126705,0.6007425774765385,0.6522875979394889
ENSG00000000938,0.917478343154629,0.9842556981158486
ENSG00000126709,0.5945881112548174,0.7099035379441326
ENSG00000137959,0.19970835651466817,0.41920127532752005
ENSG00000174151,0.062219487485110164,0.04888769700220741
ENSG00000181754,0.6535089757722221,0.5414084073714611
ENSG00000065135,0.7912187146867906,0.6537592080447145
ENSG00000073756,0.22117245290064927,0.4023184658678405
ENSG00000153904,0.19830233298470254,0.161372884726512
ENSG00000155380,0.9376205108165023,0.7463001196804606
ENSG00000188976,0.8233543277604414,0.6627813261755955
ENSG00000187583,0.7559134729082047,0.565273064497097
ENSG00000188290,0.8229673322711742,0.898103633514193
ENSG00000187608,0.3572078025579617,0.49928464514635407
ENSG00000188157,0.7802016306925406,0.595650621469829
ENSG00000116221,0.16871590840590264,0.14785925841978242
ENSG00000135775,0.8506224967732923,0.9873292925326146
ENSG00000135773,0.7916904966540096,0.6654616792974233
ENSG00000119280,0.20572844244272184,0.162921838196945
ENSG00000137965,0.8237930836282821,0.5936782769253159
ENSG00000160714,0.6429672677012448,0.6663631443275116
ENSG00000160710,0.9949772398768055,0.7196430502065729
ENSG00000159658,0.31922827927092007,0.210043807639052
ENSG00000143801,0.2836810185234406,0.3959193678968759
ENSG00000132185,0.5134151920251762,0.6739356977800928
ENSG00000081721,0.9553363672090986,0.38802022982202156
ENSG00000082512,0.5662815370124471,0.7335810389137196
ENSG00000170385,0.9305120987110297,0.967701464537989
ENSG00000118217,0.9043425820552385,0.577420727984509
ENSG00000137955,0.7291458218271762,0.5653234777735974
ENSG00000213047,0.5932594769179746,0.45598879800759784
ENSG00000117399,0.41087516715862715,0.22897369541302698
ENSG00000066322,0.286555382539079,0.24255486332128265
ENSG00000159479,0.4823963620935575,0.3446012260945893
ENSG00000116337,0.969914460754565,0.9510688734042174
ENSG00000066279,0.6234402731801667,0.3721765934541805
ENSG00000117020,0.014892764345236193,0.017484761321259465
ENSG00000198912,0.5956169496697488,0.5218526134877364
ENSG00000183856,0.5927261039470857,0.3656118815030588
ENSG00000163382,0.7314553485358076,0.6226293752084724
ENSG00000132692,0.06085356696970557,0.08265854665385493
ENSG00000132688,0.4985115637459694,0.7661308765019521
ENSG00000143320,0.06506130010785775,0.1476575063230008
ENSG00000143319,0.28922286697073296,0.19930862146557848
ENSG00000143303,0.9997061732448538,0.9417421827688149
ENSG00000143314,0.6765981592206686,0.619323009947805
ENSG00000143321,0.42559008611526417,0.5058578061153847
ENSG00000143294,0.972950186398482,0.9844266627013941
ENSG00000027869,0.8660231023248978,0.5080113263250832
ENSG00000123091,0.5572979525661884,0.386546664465227
ENSG00000237330,0.5905033764963363,0.4696293568750112
ENSG00000131591,0.42897635687356406,0.5256750519417653
ENSG00000085831,0.4129997355330497,0.4817638934912891
ENSG00000187634,0.3151217971198155,0.41188785436311426
ENSG00000156875,0.7717071005844434,0.6032699882838678
ENSG00000156876,0.10508397942160784,0.07063260948600504
ENSG00000137992,0.635167556126641,0.4920206604677896
ENSG00000137996,0.47003174515577506,0.2733661190581683
ENSG00000121774,0.9124060261658782,0.9473963781050173
ENSG00000121775,0.6682969510491332,0.48813282317384155
ENSG00000025800,0.873888388172612,0.9067514116016275
ENSG00000160050,0.161043838624688,0.14640523211481124
ENSG00000064703,0.6189496432038495,0.44873433776773486
ENSG00000122406,0.8575563464537372,0.8720093781308311
ENSG00000154511,0.5075401079609787,0.3252825557420126
ENSG00000143033,0.1323921533298458,0.10099726472030982
ENSG00000117298,0.5067422781186623,0.7112290601071456
ENSG00000143502,0.5732247590717774,0.7734480564935601
ENSG00000116791,0.3804253473668151,0.6579946139271549
ENSG00000162623,0.5768258129511843,0.3211842370460061
ENSG00000154358,0.04637200279143944,0.1314640612099387
ENSG00000183598,0.8953422335167269,0.8487752309543881
ENSG00000184260,0.9696105698912818,0.8629225131963323
ENSG00000178096,0.8731419051100089,0.6833494962781113
ENSG00000159164,0.12922048444292777,0.11501348667567525
ENSG00000143368,0.3345943370092156,0.41332998201485216
ENSG00000150337,0.587877668759829,0.9033549566170703
ENSG00000170128,0.2019297658986284,0.1603895478646083
ENSG00000116852,0.07587288047722147,0.029491776447179447
ENSG00000116857,0.4942535034071811,0.42498688969609766
ENSG00000203943,0.20519631463081442,0.15679650262150036
ENSG00000174529,0.7388564790927971,0.928635311315261
ENSG00000116984,0.46122071185938796,0.7028350110294332
ENSG00000143742,0.6748310546118639,0.8451323388741804
ENSG00000196187,0.21683489360943553,0.23488378599205495
ENSG00000243709,0.02522274939423899,0.0317433517157683
ENSG00000143819,0.7388056218382038,0.8165902105128648
ENSG00000116649,0.49130762725820676,0.5075162750565259
ENSG00000171824,0.9945503428196656,0.9413691597656977
ENSG00000117614,0.312540052640906,0.2727040857277077
ENSG00000117616,0.9646007229093301,0.8413038081378023
ENSG00000187010,0.5417120001245581,0.5160475269068971
ENSG00000183726,0.17918352816474964,0.3239601164374631
ENSG00000204178,0.17029244698689555,0.17322492132523917
ENSG00000198860,0.9373720216265338,0.973833062109909
ENSG00000180875,0.6621294572439768,0.48481139390122585
ENSG00000143382,0.7489282208980443,0.7082458976681438
ENSG00000184007,0.30575097615685204,0.228717907285346
ENSG00000137942,0.9559291687827981,0.9253322062398908
ENSG00000157077,0.9150944630461759,0.9992521479890325
ENSG00000162493,0.06334533999041145,0.1309450119426201
ENSG00000162542,0.8216079995144036,0.8136071958044894
ENSG00000178922,0.2930881727582674,0.3617878391820524
ENSG00000121753,0.8936768741719813,0.9622154999579042
ENSG00000163374,0.8519141263955607,0.9387094899177498
ENSG00000235098,0.09465722882209711,0.025177421087981395
ENSG00000143740,0.41270912665902093,0.49063062404011315
ENSG00000117411,0.6781420492082391,0.7228697053260378
ENSG00000162745,0.006308187204589389,0.01503532431832599
ENSG00000185090,0.07722444111320814,0.08369163895914077
ENSG00000157873,0.6646973508495073,0.6210769109312231
ENSG00000168264,0.6380126837952345,0.6376844215939748
ENSG00000162775,0.11357625777587761,0.05700091592126885
ENSG00000081692,0.2509539162663718,0.3288787923245148
ENSG00000179023,0.047688731970469474,0.021129426362948733
ENSG00000173171,0.7050022760268819,0.733006073770305
ENSG00000143862,0.5019102544938259,0.5464166040697989
ENSG00000143376,0.9997635744808123,0.9329076462323336
ENSG00000159409,0.6210815469508006,0.5607415457948886
ENSG00000143436,0.9705653503611873,0.9970884261624657
ENSG00000143450,0.9330412350889886,0.7557460825193844
ENSG00000196407,0.14520491155383464,0.18061188665382513
ENSG00000159445,0.9434937414597432,0.9157753032498924
ENSG00000197747,0.4340830143060138,0.5393846624094301
ENSG00000123473,0.1645740051477118,0.10026605417902738
ENSG00000020129,0.49117637864235886,0.8117079225307802
ENSG00000186603,0.9583941686047233,0.8447709267556476
ENSG00000117643,0.11266895626068162,0.20730046708080457
ENSG00000162430,0.8852198033765392,0.7989876812972669
ENSG00000173212,0.6824570687633285,0.45466737786609857
ENSG00000163531,0.09402201599651569,0.08433380937757765
ENSG00000154429,0.32116650831471116,0.1754263670365257
ENSG00000187815,0.9813283617279214,0.9719109900883874
ENSG00000117010,0.016646500792154423,0.021236660612187857
ENSG00000180098,0.2029792706110694,0.21076113864951285
ENSG00000188060,0.5809096646471468,0.7615523805563543
ENSG00000240038,0.14397595636558533,0.13047658109251814
ENSG00000117266,0.35623510124275726,0.268112740070484
ENSG00000174567,0.9012158167497387,0.7735733245441209
ENSG00000143850,0.8921567980590284,0.7417057776984397
ENSG00000197056,0.33032338941719575,0.18726864589616168
ENSG00000174842,0.16621208785331135,0.12189916666277559
ENSG00000122484,0.7392627673782961,0.71883806597467
ENSG00000163563,0.3215717651740758,0.44636409830728874
ENSG00000197532,0.5663361994304391,0.413778676111197
ENSG00000121903,0.9078895844223797,0.7171970014690718
ENSG00000034971,0.4263006537719949,0.2079148505465347
ENSG00000187730,0.48558336193504714,0.7674260746830751
ENSG00000116809,0.5764049825309259,0.6412686711600193
ENSG00000173641,0.1791999696035814,0.17124844115613788
ENSG00000185519,0.8596253824361656,0.7179158384183314
ENSG00000142634,0.09945324193033629,0.18195658051375158
ENSG00000160062,0.9082864102862251,0.6717081782891028
ENSG00000176261,0.21178398415429855,0.2982693970063845
ENSG00000213281,0.9972663970666166,0.8147031995600474
ENSG00000052723,0.6382021746966382,0.5570766226644415
ENSG00000228198,0.8647249220071077,0.9711875089087767
ENSG00000132485,0.14580573806513866,0.07141912178352589
ENSG00000143418,0.3444420998766674,0.45400188977037426
ENSG00000143412,0.70626481635334,0.8729185398250692
ENSG00000143363,0.8323114611865167,0.6009137248875536
ENSG00000143443,0.07696184284600711,0.09937134188135535
ENSG00000197622,0.9235712749848014,0.9244882474002337
ENSG00000213190,0.19763111814744855,0.08009023894154006
ENSG00000162783,0.5970107012657051,0.32797186457438726
ENSG00000160785,0.8608886026495259,0.8206605317715283
ENSG00000091483,0.7347229479721595,0.8353311028383823
ENSG00000117009,0.8756155274275603,0.9781000561237956
ENSG00000054277,0.017589480621370772,0.034861489584690576
ENSG00000203668,0.25999387196503765,0.4712142287321749
ENSG00000197785,0.6253701609858975,0.513982049190207
ENSG00000205090,0.0667184140471802,0.052303253361875614
ENSG00000160075,0.941449425850569,0.7613014969865217
ENSG00000197530,0.2777062728895416,0.25785245214272606
ENSG00000116128,0.7416898058361356,0.736374101328078
ENSG00000174371,0.9687924636708687,0.748294770552351
ENSG00000152763,0.6497920010598373,0.5885327092200379
ENSG00000118473,0.09556244691885883,0.20421531141156793
ENSG00000143815,0.7349036305031255,0.8069865727115935
ENSG00000185842,0.2742797391601199,0.3493482660534737
ENSG00000143479,0.9717370336639282,0.6181459412240811
ENSG00000212916,0.05117464754378304,0.07712926424620094
ENSG00000117600,0.015560907347919666,0.05502791240693844
ENSG00000254685,0.9777084189024763,0.8056258203887207
ENSG00000163125,0.9124645895195783,0.8449194132720244
ENSG00000271383,0.15352701224302573,0.10033691409780844
ENSG00000117481,0.7374937946423274,0.4806315433731633
ENSG00000196418,0.7192051951993528,0.7190584261881752
ENSG00000263513,0.5591602614876301,0.6403247865070287
ENSG00000160789,0.8290568411808239,0.9500631655112666
ENSG00000142798,0.2353256489639779,0.22340648723848486
ENSG00000142789,0.6768461024918999,0.6289882843398217
ENSG00000162552,0.7329742546945255,0.7885386704832106
ENSG00000263961,0.15493016931222173,0.1323675455138893
ENSG00000196550,0.9210907110289627,0.8878311237912703
ENSG00000266028,0.9987207706946671,0.783046729752547
ENSG00000263528,0.22787344478350027,0.277379967758437
ENSG00000266094,0.6569950867752816,0.8110353306954251
ENSG00000143486,0.6505526928272616,0.6290975021119163
ENSG00000058453,0.22156481879993903,0.35990055908632845
ENSG00000143494,0.16547637880957994,0.19950685304875282
ENSG00000215883,0.11778820853656277,0.16524939424254623
ENSG00000162650,0.22703987929011066,0.2175225665361157
ENSG00000120334,0.536217712104673,0.3545432757666256
ENSG00000162714,0.5925012078098411,0.7692210029196942
ENSG00000152061,0.8225543739462526,0.7058225961253212
ENSG00000143147,0.2645416571694103,0.22214513323154172
ENSG00000134256,0.6376354453230121,0.9447477023629158
ENSG00000273213,0.37788285234184726,0.6369892417746583
ENSG00000135838,0.7920081385432532,0.6936808176062413
ENSG00000180198,0.3338303437925332,0.27994208776660345
ENSG00000116922,0.6056705398886406,0.44041677565797355
ENSG00000143536,0.19697136850023295,0.4092002491383714
ENSG00000169509,0.8005717846425324,0.37117747630622566
ENSG00000116863,0.541677026478334,0.5617154441480491
ENSG00000171812,0.02779105154264943,0.028454544608446777
ENSG00000054116,0.5059203304107458,0.679523396323209
ENSG00000116871,0.5868039748819818,0.6064472300054805
ENSG00000160094,0.30850396164786414,0.22947541737238153
ENSG00000197956,0.7817721770247512,0.9792384339453394
ENSG00000196154,0.48287629999511805,0.34861122628863117
ENSG00000188015,0.8740937199114978,0.8628854651865185
ENSG00000196754,0.8301376646802556,0.9742337027079085
ENSG00000188643,0.5053266867466095,0.56466522091864
ENSG00000189334,0.5986328357857764,0.4791720072817812
ENSG00000189171,0.05660790958338316,0.11893217669503761
ENSG00000160678,0.7691291197747488,0.5281148186946967
ENSG00000160679,0.5528160468617391,0.4296649933273683
ENSG00000143553,0.3676980329752313,0.2916366385030474
ENSG00000214193,0.3305468934983358,0.31324358890789367
ENSG00000196182,0.3870512206920408,0.3037998331970454
ENSG00000181817,0.6418897403707589,0.5261058006489623
ENSG00000116885,0.41000033441612116,0.23115813916628494
ENSG00000116898,0.7297456104646882,0.7994146739837408
ENSG00000142694,0.052037653217069865,0.07868586389516696
ENSG00000135823,0.9039591886950881,0.9751596798421371
ENSG00000153029,0.39061995408332983,0.785466066712704
ENSG00000117500,0.14986418774113747,0.05623461089881417
ENSG00000122483,0.3559693326098804,0.30214982148274877
ENSG00000177868,0.14395097971105414,0.07974649717644547
ENSG00000120370,0.991690693377525,0.5709873647696786
ENSG00000004487,0.8004558488249587,0.9596309223457785
ENSG00000163207,0.6272136667756458,0.8735837933108634
ENSG00000163209,0.8053273158572603,0.9048068022428399
ENSG00000169469,0.604162910921145,0.448283074616291
ENSG00000163216,0.45847161788015767,0.7797997318067756
ENSG00000241794,0.3309273395258357,0.5348906181893756
ENSG00000203785,0.6739580268827663,0.8935462600885171
ENSG00000244094,0.9417027309113358,0.43221941281778675
ENSG00000162706,0.12920019321313045,0.13442771609405946
ENSG00000213088,0.07210126775638573,0.08910155224292197
ENSG00000179639,0.1891192300611218,0.15757580840009588
ENSG00000142661,0.8143250065561585,0.6365242140085359
ENSG00000142677,0.8488788065477713,0.9910198486960847
ENSG00000185436,0.40239533998602417,0.5001099980157027
ENSG00000163435,0.26037151463269226,0.24298262330208667
ENSG00000133067,0.012695501209821944,0.027680427039896597
ENSG00000143851,0.5471023847789234,0.39266190199513185
ENSG00000116991,0.2510428890885273,0.32501902443141156
ENSG00000116350,0.20440484843543566,0.2763263373721757
ENSG00000007933,0.16987206915634628,0.18274316302480612
ENSG00000094963,0.07233715176666485,0.1192940023047216
ENSG00000187800,0.031197011493638946,0.03903025416276989
ENSG00000132694,0.4286289843112958,0.3697615403025636
ENSG00000117036,0.9088360431901822,0.7900538078342134
ENSG00000163344,0.8288810625867388,0.6528200931175727
ENSG00000163346,0.7733806062845661,0.6773001788763351
ENSG00000163348,0.5254203873960366,0.5932442749140563
ENSG00000160691,0.4496373424544192,0.47253254967280134
ENSG00000173207,0.7673138068776588,0.6138413492297565
ENSG00000160688,0.8265692670002264,0.6938530388401236
ENSG00000160685,0.09668048355819206,0.12033467794981245
ENSG00000143537,0.32948570902318225,0.2811504084387433
ENSG00000014914,0.14393302294217325,0.16409694557428037
ENSG00000264522,0.918033669096809,0.9247668117850611
ENSG00000215784,0.6523810832045618,0.6495249251390007
ENSG00000198483,0.13562712787393838,0.0576054191956054
ENSG00000131779,0.9690096891631254,0.9840863795942963
ENSG00000271601,0.1202700981635766,0.16940856721471287
ENSG00000121851,0.3852014288337168,0.6460920171462227
ENSG00000265972,0.25080786401324545,0.298231811361163
ENSG00000271425,0.3119523098630253,0.5034096565302445
ENSG00000185483,0.28755716793784664,0.13556421934087143
ENSG00000117533,0.41297374763224204,0.44585277626868136
ENSG00000142609,0.2959193657580055,0.2982482751452943
ENSG00000286219,0.071856745683385,0.08545602317658095
ENSG00000116191,0.6407351892415627,0.7021738289330992
ENSG00000116194,0.1706398674590978,0.11730124128388078
ENSG00000142621,0.5325646131138966,0.9509360167854748
ENSG00000075151,0.6724222366463184,0.5930703326786624
ENSG00000143772,0.9716329395913326,0.9946586155779883
ENSG00000163191,0.6856971685609148,0.7424125889322628
ENSG00000266338,0.6802086460481207,0.9850743722205288
ENSG00000143409,0.7396715921649348,0.619500549536405
ENSG00000060642,0.8883000713052165,0.6661487796373683
ENSG00000204160,0.35758216304539536,0.44536489660808154
ENSG00000175793,0.29360875358186406,0.3205267269079843
ENSG00000142751,0.6961530515686424,0.5895912598709373
ENSG00000198746,0.3667976604470823,0.38499605233712475
ENSG00000090273,0.5240525245855756,0.42117061801718425
ENSG00000131910,0.5482265883520552,0.5478760155689385
ENSG00000253368,0.651671825402343,0.7131603854266766
ENSG00000158246,0.6862716895658367,0.308733526367521
ENSG00000130695,0.11909902450716911,0.0706621884291441
ENSG00000198830,0.8255705422094843,0.6394267711693473
ENSG00000158062,0.3190803765658169,0.3537171534566811
ENSG00000158615,0.5160263341722624,0.3678017402553758
ENSG00000058804,0.11053588985581203,0.06142302687429813
ENSG00000189266,0.6654005916830552,0.8299535888639062
ENSG00000188529,0.48854937379137975,0.34352746313680493
ENSG00000158055,0.7082709419329866,0.687651661792261
ENSG00000010165,0.5097148764955028,0.1922798404713386
ENSG00000197959,0.02703251063586583,0.04614793191385294
ENSG00000135845,0.37743564767359006,0.38284896571903027
ENSG00000203666,0.1887688460775638,0.3920322445285871
ENSG00000198625,0.958286465187272,0.7385096007254286
ENSG00000117713,0.711038753299754,0.639288860881523
ENSG00000085433,0.8286161958711278,0.8918387002686203
ENSG00000219481,0.5205801169594524,0.7151395183532118
ENSG00000143811,0.5758288306475557,0.5417955639580787
ENSG00000117090,0.8430909814878957,0.9096038411038406
ENSG00000078618,0.8774226447825502,0.9648320215248106
ENSG00000185104,0.9121418784102182,0.8108437220820534
ENSG00000117523,0.7513035490665165,0.46447088854693397
ENSG00000132128,0.9748869805645876,0.9933081498590214
ENSG00000142973,0.6740329438486754,0.8241199056104674
ENSG00000085552,0.652740406975636,0.7199338491209708
ENSG00000143374,0.2885832906426983,0.295680806396523
ENSG00000182134,0.6891551933460003,0.6457711218183853
ENSG00000263956,0.94093402878511,0.9040598029640136
ENSG00000142875,0.8148571865634149,0.8522100884624153
ENSG00000134250,0.131852577424739,0.24917506614534946
ENSG00000132849,0.10184876761496298,0.14340549161337598
ENSG00000170498,0.5591330563373234,0.8110743770312828
ENSG00000086015,0.43012856041389935,0.6098416957175044
ENSG00000162409,0.16029302945363888,0.15351818503025302
ENSG00000196189,0.7434937903797251,0.8793071816869407
ENSG00000088280,0.17797708178046287,0.14371105857218863
ENSG00000221978,0.8384398189390294,0.5924095011794863
ENSG00000175707,0.21918581149613434,0.20689581912515595
ENSG00000134258,0.9249799186257712,0.5276615615410823
ENSG00000122482,0.9790309270555564,0.8243067099776498
ENSG00000187961,0.3744884568166865,0.17044860610179216
ENSG00000116604,0.566876703455375,0.6316112653707435
ENSG00000185499,0.32404623894089013,0.25758862710344893
ENSG00000154451,0.23939871666202042,0.15513811850471393
ENSG00000162595,0.5017289039875052,0.762676654470847
ENSG00000011007,0.7988777681465766,0.7211355780514157
ENSG00000117305,0.44470031907773977,0.6419408624780276
ENSG00000179163,0.6558278397115552,0.5879615723014773
ENSG00000084636,0.5070935000809356,0.46322610553821686
ENSG00000143149,0.4309266000786234,0.4605715326272726
ENSG00000203852,0.5931518226361739,0.5983275592582727
ENSG00000203814,0.9843246145025547,0.985926423376233
ENSG00000270276,0.6695168051353093,0.909601101015981
ENSG00000143164,0.7530944633390838,0.914649257160764
ENSG00000184678,0.9685718472500573,0.7886226925334116
ENSG00000270882,0.9825212505075845,0.9965669744218205
ENSG00000215695,0.5820214626060288,0.8734597340944898
ENSG00000122435,0.1988453417247614,0.1515935658056302
ENSG00000203811,0.5931518226361739,0.5983275592582727
ENSG00000120341,0.13002873176461413,0.1754126810268021
ENSG00000142224,0.7939202533046298,0.6704397094556588
ENSG00000117114,0.09370619536613857,0.10153823504901688
ENSG00000117013,0.8348839402067006,0.9675987913795054
ENSG00000179862,0.6494210424860503,0.7598813187261148
ENSG00000081277,0.7795324118490391,0.9661927669870657
ENSG00000159166,0.4580988978254289,0.45574827778288385
ENSG00000159173,0.5334633267626283,0.7009058665825012
ENSG00000174307,0.39033343454232894,0.3022592095858684
ENSG00000159176,0.4118180876462514,0.3192215864468006
ENSG00000198700,0.49150325590309574,0.5911606606135542
ENSG00000198892,0.2088843502080211,0.25942056188379575
ENSG00000134369,0.293076350387372,0.38900731922143506
ENSG00000050628,0.03767276694837252,0.058470140646927495
ENSG00000186364,0.233519488064592,0.11891815066672719
ENSG00000131788,0.7742387097881059,0.6794238290552594
ENSG00000265241,0.794505844384376,0.965594235001609
ENSG00000116489,0.6913001526790636,0.6092136551559151
ENSG00000155366,0.4259894897755798,0.3932556987032507
ENSG00000155363,0.7388711808527376,0.7852458871466451
ENSG00000273136,0.7471572162730333,0.6675573193798526
ENSG00000120656,0.8213403193268853,0.9235804082564477
ENSG00000197780,0.06409740886556616,0.07766422527228219
ENSG00000136628,0.8102007249948,0.9387273606036135
ENSG00000162813,0.5808671748455632,0.5018385393595375
ENSG00000067704,0.8022422468021646,0.6307497228376133
ENSG00000118873,0.5176115098813368,0.8126786525845922
ENSG00000143776,0.24802516904107502,0.21445183680946875
ENSG00000132196,0.6822938004264273,0.876727416531408
ENSG00000127603,0.4519241595545124,0.4718847257299825
ENSG00000185860,0.6875382180380922,0.34238930357977104
ENSG00000117461,0.22904297913495514,0.13552051183806468
ENSG00000117472,0.7764718608926058,0.6155624311928032
ENSG00000171357,0.23956732588014895,0.14428626452520635
ENSG00000085999,0.08929974241769172,0.04583362419515385
ENSG00000085998,0.23122407461674885,0.25741082243994073
ENSG00000117475,0.43742495493254663,0.4737584178271892
ENSG00000117479,0.3971641516111496,0.499366696377868
ENSG00000198734,0.004999990768470101,0.02638840940659945
ENSG00000099260,0.07997204543255762,0.05215732195031219
ENSG00000203685,0.18677335448826418,0.42562810664262707
ENSG00000116580,0.9288999247398106,0.709869509883126
ENSG00000127125,0.611218916987887,0.7036256321469206
ENSG00000009307,0.6457931315828805,0.7130156828233833
ENSG00000162413,0.25105587208906294,0.3762912607175828
ENSG00000116273,0.7652080461173667,0.7813393109518965
ENSG00000117153,0.7155999360279086,0.5997710247170644
ENSG00000159346,0.7879704273750859,0.8536208146238533
ENSG00000159348,0.2006077610523596,0.13691655429943325
ENSG00000163444,0.48209193451069354,0.3816280716478001
ENSG00000163485,0.765590596587499,0.8328896128976655
ENSG00000133048,0.24385465785744,0.10485371311626147
ENSG00000127481,0.8978326712033372,0.7194226785973263
ENSG00000053372,0.6962056554227047,0.7336145240439639
ENSG00000162482,0.9804658863780793,0.9360412648150075
ENSG00000053371,0.6100014807962826,0.8678716987515545
ENSG00000040487,0.8642220312852887,0.9646339934332584
ENSG00000183155,0.9572561514722504,0.9466987182433455
ENSG00000133063,0.8443650185056297,0.9178563394773477
ENSG00000143379,0.6426687660604181,0.5573731041907117
ENSG00000007923,0.36684350806923294,0.36479867872160077
ENSG00000116731,0.9698765600221948,0.9626343950921561
ENSG00000127463,0.8654995916979388,0.7189403482705417
ENSG00000117543,0.3834933789581061,0.6233430181803645
ENSG00000164008,0.4181694136748145,0.3945950400561806
ENSG00000116406,0.6907609219488053,0.9423202102783845
ENSG00000162704,0.8098993689391704,0.6244384609762688
ENSG00000116698,0.7539862863223903,0.5199368615530009
ENSG00000121940,0.4582576515631077,0.37922212416535583
ENSG00000067606,0.3128638071887418,0.2521703268330712
ENSG00000197429,0.144942735505207,0.1431215903533044
ENSG00000184588,0.15707217447929223,0.3825577853343932
ENSG00000084070,0.5514542277818184,0.6154487194652831
ENSG00000127483,0.3338857510749056,0.34095336345008004
ENSG00000164002,0.5923494016526368,0.6286628027661415
ENSG00000133056,0.28534953593360374,0.2193335512612349
ENSG00000163159,0.6604818726936623,0.4789325594667383
ENSG00000143434,0.08904851316065752,0.047262734055855876
ENSG00000085465,0.4524546503502852,0.5459525715308823
ENSG00000116455,0.7121852580889734,0.8154319235320288
ENSG00000116459,0.5951297608178485,0.3931152749129597
ENSG00000143110,0.31535102076964894,0.392605725197553
ENSG00000282608,0.016837330798382705,0.028243190367954057
ENSG00000116473,0.6592896463994858,0.3687848482274899
ENSG00000127129,0.8763320329551689,0.969555951220699
ENSG00000143153,0.629291147522701,0.5441195141138055
ENSG00000183291,0.7240189253794276,0.40197146205232825
ENSG00000153936,0.6091531887366992,0.633444721584141
ENSG00000267561,0.17759905631159803,0.22240107458714764
ENSG00000134709,0.29501429820525676,0.36897406079625905
ENSG00000134716,0.8762846336185058,0.8069770240184956
ENSG00000181218,0.739340018392293,0.5738785970733182
ENSG00000168159,0.9017323083256421,0.9072529763677963
ENSG00000177674,0.33247198465628713,0.22025820218791145
ENSG00000177000,0.1997174967218549,0.21888170775890464
ENSG00000197520,0.8698569933468528,0.962789763835604
ENSG00000137968,0.333734643910753,0.7637174739513317
ENSG00000225828,0.7642114809831348,0.7674631795193478
ENSG00000041988,0.9403722211020036,0.8735313363335255
ENSG00000196420,0.011352699154123807,0.007589700853311122
ENSG00000072694,0.16982404786173944,0.32238420974280935
ENSG00000155367,0.012519150914081947,0.005629385505546939
ENSG00000160783,0.2754111319851935,0.19260041693460872
ENSG00000066136,0.4713728389625047,0.5223699587255346
ENSG00000134668,0.43651579538762697,0.5392762194348033
ENSG00000180488,0.7724362404224607,0.8452054343158177
ENSG00000142961,0.7125741237469811,0.7294926865096324
ENSG00000116754,0.2928779254662615,0.3025057894409592
ENSG00000077585,0.7879003685739832,0.8313157699652947
ENSG00000086619,0.4558589850098823,0.6671046676164711
ENSG00000225556,0.09427039677459867,0.1447580254245199
ENSG00000117791,0.45678915507824047,0.6733645437904902
ENSG00000186205,0.7557051524159081,0.9069280660574683
ENSG00000123472,0.7054565070835708,0.7617022460667984
ENSG00000010803,0.9209379617358079,0.968099814188605
ENSG00000196369,0.5721646775700853,0.5790413900456203
ENSG00000143333,0.24843980542055272,0.25305421880563833
ENSG00000031698,0.9904075271185863,0.7842686248387786
ENSG00000143126,0.5718304619559855,0.5526320511023749
ENSG00000134222,0.4569092939970193,0.49614039592270376
ENSG00000134243,0.9010287211229993,0.8515356062781307
ENSG00000143106,0.4100250343441004,0.20420139080921584
ENSG00000185278,0.6465384145525948,0.8012862573114271
ENSG00000117143,0.8230477602576064,0.9403198883161735
ENSG00000163564,0.7722545183202232,0.6201083626340826
ENSG00000163565,0.6118715526600509,0.8398233028700117
ENSG00000163568,0.42712292122266615,0.3852073212308853
ENSG00000004455,0.25565193757234145,0.2454678579727783
ENSG00000173372,0.8310870585095883,0.9988050068864133
ENSG00000159189,0.5431285706754327,0.746380534569109
ENSG00000173369,0.5124654762929969,0.6956048906456253
ENSG00000117335,0.2005601841219546,0.1271123456017956
ENSG00000180667,0.7123907525854563,0.43233439565665865
ENSG00000123843,0.8105782114826239,0.744368664102403
ENSG00000123838,0.16357423868243476,0.32323640798148534
ENSG00000123689,0.02948214691564596,0.02693353415999304
ENSG00000117594,0.12115187096390412,0.1685236585659133
ENSG00000009790,0.9868653700814154,0.7909187606126296
ENSG00000162757,0.7711317432631083,0.8798089845517005
ENSG00000117595,0.9690213067478218,0.997375757032646
ENSG00000117597,0.6739405529401608,0.4820833451200047
ENSG00000177181,0.6156298894776469,0.7168470935482951
ENSG00000066185,0.8901373373195615,0.9327682599782926
ENSG00000134684,0.15034752712388924,0.14964736503125958
ENSG00000132716,0.8130618184983807,0.7893626746497898
ENSG00000162735,0.5439701060325246,0.6164547284828539
ENSG00000162739,0.9703521634165195,0.749355604416601
ENSG00000066294,0.7927893654083062,0.9436431078351202
ENSG00000122218,0.23765781118847482,0.44103383039630606
ENSG00000169474,0.777382500791165,0.6445822577397161
ENSG00000118200,0.18106702235079686,0.29915523577197334
ENSG00000163362,0.8255486862454257,0.8779894880059889
ENSG00000137975,0.8017612343327004,0.8358534212410874
ENSG00000016490,0.5301369157158093,0.6053724093563059
ENSG00000016602,0.7370706619456731,0.8148345058728643
ENSG00000152904,0.32799105905597636,0.2575398446525107
ENSG00000131791,0.6047312545125286,0.47626819290985756
ENSG00000177144,0.5050215438087877,0.34199598063164394
ENSG00000162461,0.5518435249028544,0.394480713143457
ENSG00000162460,0.7152224598804484,0.46152560858027314
ENSG00000162458,0.9149738742398209,0.7400934792299325
ENSG00000076864,0.9603314899973948,0.968188091930496
ENSG00000090686,0.6155584752072749,0.45658543671957574
ENSG00000186409,0.5503807721068854,0.6547191444357955
ENSG00000116560,0.34637791253524186,0.3093305334434511
ENSG00000084072,0.5371970497638164,0.7920380458262323
ENSG00000116985,0.9934670917921902,0.7253355353875743
ENSG00000043514,0.6109666857024,0.5529967699412254
ENSG00000116990,0.04203476842004105,0.08476253738373196
ENSG00000168389,0.5649757968558761,0.4198773798649288
ENSG00000097096,0.5586029815862168,0.35478918826594674
ENSG00000143515,0.047218270885795575,0.07022338171885203
ENSG00000160753,0.522863196091007,0.4464552345906717
ENSG00000116584,0.4499020774399989,0.40608612559395363
ENSG00000143297,0.6040680966239038,0.8960468809706459
ENSG00000160856,0.9518104167025059,0.7370273475678388
ENSG00000162738,0.5629972519478839,0.28737445539127965
ENSG00000143258,0.8595523874620629,0.842078362955418
ENSG00000254706,0.17250159020946443,0.1602417789409201
ENSG00000239887,0.21359067728840708,0.1483265928432694
ENSG00000152332,0.521107787584548,0.3213770681935952
ENSG00000162733,0.04359297447686849,0.0662401540580273
ENSG00000075391,0.15600508320751277,0.2115336793607524
ENSG00000240021,0.8841411687371541,0.7910863738301251
ENSG00000154380,0.40078574907994047,0.28266182764520353
ENSG00000162676,0.7657632420112569,0.4074445319114848
ENSG00000203667,0.17011405975315425,0.3054510592121451
ENSG00000162551,0.4450352535516595,0.5635224225695553
ENSG00000136634,0.7612485508951751,0.5415369571128426
ENSG00000000971,0.059634995080854,0.0938270822824709
ENSG00000054523,0.664786780684838,0.5949250029650356
ENSG00000171793,0.5969372719143706,0.3391123778763258
ENSG00000135744,0.025716861761980223,0.043297593802613145
ENSG00000084623,0.9106882346970652,0.8219420121160922
ENSG00000143612,0.8560571820928473,0.9006648021894316
ENSG00000143569,0.2735355957142588,0.36518428048250784
ENSG00000160058,0.18642841332989918,0.3976962392801653
ENSG00000142687,0.4811121047540885,0.6342560703845144
ENSG00000116586,0.4587858149856462,0.4829134269872444
ENSG00000182866,0.31515041757580264,0.12680042132336652
ENSG00000130762,0.2792904385040867,0.21096154436473608
ENSG00000158109,0.9271813941783194,0.7878035463823072
ENSG00000116213,0.6878992301815963,0.6210477353457855
ENSG00000078900,0.6992502107857752,0.6264819395894159
ENSG00000162591,0.8018709090507306,0.9219132026022555
ENSG00000081019,0.20827785490441292,0.13730131706380286
ENSG00000134242,0.4078199313012729,0.2299530891488571
ENSG00000188761,0.2263538503265499,0.24282451938846683
ENSG00000134262,0.03603154778718461,0.03927728910015569
ENSG00000163349,0.7725141134599798,0.5592378065343812
ENSG00000118655,0.04715933353075221,0.05155812076588725
ENSG00000162496,0.16453819488579846,0.1179683278996848
ENSG00000143669,0.803355094145928,0.9317447515157533
ENSG00000184292,0.9301398786139743,0.9433421357004373
ENSG00000162601,0.5675323090642944,0.4661053698134914
ENSG00000116661,0.9167606955193389,0.9315396024718774
ENSG00000132879,0.20693269522062768,0.25264565158152047
ENSG00000116663,0.13850512945140425,0.31735543017507806
ENSG00000117133,0.21525923749764478,0.20116231638116688
ENSG00000174021,0.5224596838521905,0.5921894596125361
ENSG00000117155,0.17264544694474399,0.1806285875630897
ENSG00000116670,0.3269313361977273,0.4018489861713681
ENSG00000188610,0.37963550291191905,0.2944366967967351
ENSG00000257315,0.8363141994477975,0.6010024081592621
ENSG00000117394,0.7946364603679972,0.8737407664562488
ENSG00000177272,0.4624065133118965,0.6909265306805445
ENSG00000162711,0.3394816361264021,0.35692054683346564
ENSG00000116701,0.34440084130992155,0.42191835334702277
ENSG00000088035,0.13848200448264492,0.22283100984746873
ENSG00000081237,0.8461683005461567,0.8130668113010869
ENSG00000125459,0.6463155245016028,0.630544242207337
ENSG00000143365,0.4862431629181836,0.7153146967486584
ENSG00000162909,0.2709903947394314,0.537774437602865
ENSG00000143514,0.7262020744535285,0.8947356584112148
ENSG00000127074,0.9854182637124846,0.7415366914340011
ENSG00000116741,0.006726880380499147,0.01702350482554977
ENSG00000143575,0.47990795075891524,0.3947404953836694
ENSG00000198715,0.1331966949373597,0.09841061553531434
ENSG00000176092,0.550576938374892,0.5764976244109522
ENSG00000143643,0.3589756435508906,0.6915871776924671
ENSG00000173409,0.9688157698913129,0.9415875026476068
ENSG00000160055,0.7530135839585081,0.7033350213206924
ENSG00000116717,0.6587732534756472,0.7084036690400228
ENSG00000172380,0.21901642483116543,0.2645914667158205
ENSG00000116729,0.14048682882523794,0.15283743775447847
ENSG00000196482,0.2611702647952175,0.23121367376070837
ENSG00000143603,0.45910848368366797,0.5227754365154824
ENSG00000159527,0.50890776543808,0.9602928896090529
ENSG00000163220,0.9774200277335922,0.9074475885237384
ENSG00000163221,0.20834494458518832,0.09600804729365872
ENSG00000143546,0.7988658627704706,0.9768619223311804
ENSG00000143556,0.9292239261952785,0.7687228744278461
ENSG00000186891,0.09036902121665304,0.05223065694226946
ENSG00000078808,0.9757353049649651,0.8362108623933204
ENSG00000176022,0.6609306448360655,0.7252706592172791
ENSG00000184163,0.33835853087360274,0.4789888259844586
ENSG00000160087,0.4698275149861999,0.6754307162078279
ENSG00000162572,0.8052163318468505,0.9917748614034868
ENSG00000023902,0.8212796425376964,0.673812386852781
ENSG00000143401,0.35061677767009114,0.36045197599099543
ENSG00000118298,0.3996154327065379,0.5001248889802105
ENSG00000117362,0.8423010590440503,0.9483594620691999
ENSG00000118292,0.1664292070073354,0.2796590649044962
ENSG00000159208,0.3677417568570813,0.20348594146348625
ENSG00000266472,0.9886833296151452,0.5935445172706029
ENSG00000117360,0.1125806853566688,0.10039395602274664
ENSG00000131584,0.4620416079202755,0.3944791012219112
ENSG00000127054,0.6460706732899596,0.4538898200749667
ENSG00000224051,0.9221145910051692,0.9757364812468039
ENSG00000169962,0.2861797050581474,0.28917099228056203
ENSG00000107404,0.927372713191355,0.8511832709316209
ENSG00000162576,0.013365315742712826,0.014499202416449909
ENSG00000175756,0.8950376785572763,0.9687670876203223
ENSG00000186501,0.584178328478981,0.5005463072184645
ENSG00000142765,0.7892176716654458,0.6880487785391711
ENSG00000142733,0.18660570887376363,0.20854776362556318
ENSG00000136631,0.7169822528409796,0.8915835822399435
ENSG00000160712,0.3171446417290475,0.3936971353627553
ENSG00000132781,0.02533892124899478,0.02797609040693671
ENSG00000117054,0.3017689918031073,0.33497723027223536
ENSG00000179456,0.8898510283082804,0.9008175130966614
ENSG00000188807,0.2202856605973794,0.260067342762747
ENSG00000171603,0.8475918595947016,0.7509896044977918
ENSG00000178585,0.5618671863557887,0.9501319782645647
ENSG00000162441,0.8746082617427543,0.7123831409942356
ENSG00000174827,0.633924081904357,0.6063338658564845
ENSG00000117281,0.13742175915847418,0.13242248277705923
ENSG00000265491,0.8447602353959872,0.7121269468537301
ENSG00000186141,0.822007298389405,0.9574639388569198
ENSG00000171608,0.6745864729541868,0.8802480140215951
ENSG00000117560,0.07197533228917002,0.05242040650269693
ENSG00000269713,0.6566473236971666,0.35442406586175945
ENSG00000162825,0.3325347572391089,0.1802026378196975
ENSG00000160818,0.7054626581548845,0.566432647475543
ENSG00000268043,0.3053465947916356,0.1836190871113778
ENSG00000049245,0.853428469994711,0.7823626475290922
ENSG00000049246,0.6855205869724024,0.667577424214534
ENSG00000049247,0.1854853514491138,0.2036948761968385
ENSG00000049249,0.12372212589048681,0.11559608645130436
ENSG00000116288,0.8754331347943756,0.8551157471906619
ENSG00000116285,0.014750480843835853,0.020263985260447172
ENSG00000162368,0.15804107750808052,0.281149123534219
ENSG00000119535,0.23545104401999284,0.26294097573873737
ENSG00000143226,0.08974619216561766,0.21057853556506992
ENSG00000082497,0.4012485826190991,0.49435933565130397
ENSG00000132768,0.11109589574471364,0.06022735154898295
ENSG00000162434,0.9104098061272727,0.8608892830887549
ENSG00000142867,0.5566695091931986,0.469324953835063
ENSG00000077152,0.2514169454132701,0.18676334906802794
ENSG00000203747,0.33346822582228713,0.6663933625872622
ENSG00000162747,0.29097699934348475,0.35397208654062684
ENSG00000163545,0.5834753205023444,0.9105483441797309
ENSG00000186007,0.2862030675354551,0.11496776106165749
ENSG00000281406,0.3687726021797305,0.16526824072078883
ENSG00000162736,0.3900946923083328,0.5864705334661768
ENSG00000196352,0.47220280779786217,0.977689147883711
ENSG00000117322,0.8591176979395779,0.9784261025654273
ENSG00000203710,0.5002746012845933,0.727408379732813
ENSG00000092847,0.4788945622568579,0.5179760948035157
ENSG00000126070,0.813531886984314,0.720106703815826
ENSG00000143816,0.15880561148148964,0.32133649538578957
ENSG00000143761,0.39937341688632666,0.5350927140828263
ENSG00000185630,0.44220269211929464,0.23602097397511157
ENSG00000142784,0.7805857686286555,0.6558346196359552
ENSG00000158195,0.7335306918007121,0.6220649603500447
ENSG00000142748,0.7807687084582964,0.6195041782564411
ENSG00000188257,0.5718961735304333,0.6478749450470986
ENSG00000286019,0.04974261016275709,0.05728558593058407
ENSG00000286106,0.8466635844413498,0.95643465914495
ENSG00000264343,0.34272210937819175,0.3770570471025918
ENSG00000243749,0.9538958617111585,0.9896608173772765
ENSG00000270629,0.9724517683227825,0.7662263161864841
ENSG00000135801,0.9801943037065999,0.9146770445719219
ENSG00000186827,0.6291801898282741,0.44219303817384803
ENSG00000162599,0.7294922372532138,0.5289412493733738
ENSG00000143162,0.8220863191029897,0.7986524053607059
ENSG00000198821,0.9892004291155203,0.7662129232374372
ENSG00000171735,0.7374319603828056,0.8173987980770767
ENSG00000134255,0.0711482805155864,0.07275883801276736
ENSG00000120942,0.868342590752126,0.9704884413585387
ENSG00000198793,0.6945432977164904,0.6816081640412197
ENSG00000143373,0.6789548521887026,0.8450943140105937
ENSG00000143393,0.8337548277483002,0.8242629541376973
ENSG00000143390,0.05637478082828128,0.05551544390488301
ENSG00000143416,0.598185675586077,0.7556851892606389
ENSG00000159377,0.9928933263190787,0.8732271507008464
ENSG00000143375,0.43814012851789275,0.45692206992921747
ENSG00000143367,0.8939523924872838,0.7891414851131195
ENSG00000143442,0.9174897268591621,0.9411406389025425
ENSG00000117676,0.14661865416033842,0.09159137360363133
ENSG00000117682,0.2893098527007861,0.2089731727864324
ENSG00000120948,0.6576864010530858,0.610661887159184
ENSG00000162614,0.23340161544408403,0.18107160218422727
ENSG00000162616,0.12861813687161183,0.15691498575795484
ENSG00000162613,0.9397444982244586,0.7089744034358583
ENSG00000169418,0.02367089299673964,0.02916628163314155
ENSG00000143624,0.5137643984023843,0.47758249281388365
ENSG00000143554,0.6084309801664447,0.5212221144478272
ENSG00000143614,0.8593856638382245,0.8573912521329599
ENSG00000171385,0.765774972836649,0.9772699594154549
ENSG00000078369,0.6813345564396929,0.718548485694126
ENSG00000168765,0.27484108648918254,0.36639804928793995
ENSG00000213366,0.03761222267826182,0.03074255698942442
ENSG00000134184,0.5149117920708821,0.8258820315048321
ENSG00000134201,0.19703863596550425,0.23199981780051354
ENSG00000134202,0.1467212809139558,0.16089514160141571
ENSG00000198758,0.20355749984955554,0.3612853486013251
ENSG00000143702,0.8191614636153409,0.836159962868023
ENSG00000135835,0.7183636659583157,0.6487668842539207
ENSG00000169174,0.811355061195866,0.3099686311744577
ENSG00000162402,0.36048492031935553,0.1693436293311516
ENSG00000122417,0.7749401519163723,0.8847316897995453
ENSG00000183853,0.014640492012661021,0.02896320372312033
ENSG00000074800,0.9444514654496422,0.8599398497151034
ENSG00000131686,0.05324745310648175,0.13123463508738403
ENSG00000142599,0.9033195428018701,0.9036538196491082
ENSG00000143622,0.5760783530782163,0.7837165770137136
ENSG00000153187,0.6146861652319354,0.4491600507442839
ENSG00000065526,0.4486915233661315,0.3851822110954508
ENSG00000162585,0.7961768292559668,0.641897587628379
ENSG00000157933,0.40150036663092903,0.5199082719556778
ENSG00000162923,0.3760179960577201,0.48299071058793497
ENSG00000117139,0.30400456225231204,0.43913676343542574
ENSG00000077157,0.2887937753231891,0.2706368993212526
ENSG00000116199,0.6351380446990345,0.726549719073404
ENSG00000186283,0.698021351787296,0.5441180120981028
ENSG00000143322,0.10319078433807419,0.20857913209270215
ENSG00000181773,0.9193359876478571,0.9855086570430394
ENSG00000169905,0.671145045362458,0.9127989854349785
ENSG00000143337,0.2862604220664056,0.31573531253350895
ENSG00000116260,0.9812107122598002,0.682108874382288
ENSG00000198626,0.17992336279705579,0.2355044157002663
ENSG00000097033,0.9312793303413294,0.9411688735514343
ENSG00000143549,0.8775721766660805,0.7512272233894423
ENSG00000169504,0.11388334349636726,0.11255679861994516
ENSG00000133226,0.10116881703531264,0.11177602774724651
ENSG00000285053,0.11962551708562776,0.08833061929008305
ENSG00000188783,0.09337741761077294,0.08443045525262895
ENSG00000058668,0.3366221655084109,0.36568938111175076
ENSG00000125944,0.5088953873268496,0.38477297001816957
ENSG00000077549,0.7865451170359361,0.6677214618831644
ENSG00000173436,0.6442824371174236,0.9339287102642612
ENSG00000158747,0.638726300731145,0.7923913644403147
ENSG00000020633,0.5964579707727891,0.5982407432024031
ENSG00000070831,0.7030069642114172,0.8107149665286661
ENSG00000122176,0.0719441383947262,0.1478104035888374
ENSG00000131781,0.23993783706779143,0.1597297461378072
ENSG00000131778,0.9786534283716188,0.6826215851976949
ENSG00000269113,0.22609805038408812,0.22776346771840328
ENSG00000132122,0.42239484492407753,0.643622135611746
ENSG00000060718,0.04015151778443921,0.06926831584788741
ENSG00000135837,0.9398847641102414,0.6705552859944099
ENSG00000085832,0.5536288119842149,0.7786058663068095
ENSG00000134686,0.691797777757879,0.6677156355590999
ENSG00000159023,0.3252428247615415,0.16293733954076278
ENSG00000159388,0.6318168521375329,0.6665793913761091
ENSG00000069424,0.7907339499471432,0.833415296772993
ENSG00000116251,0.9120194850976958,0.7968804654478661
ENSG00000158286,0.33403619681829916,0.220771862393663
ENSG00000116237,0.5559192166646784,0.7591943549877173
ENSG00000158292,0.6952523602483014,0.8647088062468732
ENSG00000069812,0.1859578369817292,0.15455428934045232
ENSG00000117569,0.5071717343092127,0.36480741066083056
ENSG00000169972,0.6446327565130345,0.8495741009717439
ENSG00000178104,0.4592989445102049,0.5374681466563797
ENSG00000117152,0.0034564075330743424,0.0037593398823692233
ENSG00000117724,0.5600686541421349,0.333238899040306
ENSG00000160767,0.6012143940307451,0.8166950344362423
ENSG00000162543,0.49675465763375926,0.4849029012902052
ENSG00000157216,0.8633394863606564,0.6802337225480941
ENSG00000169641,0.8631879033060659,0.9735290248588958
ENSG00000179546,0.6622201038758643,0.4470978240184955
ENSG00000067208,0.7095185559887471,0.897263244949138
ENSG00000143774,0.6179546851639554,0.640712886951978
ENSG00000169991,0.6464994299123734,0.640579932136529
ENSG00000097021,0.3843683491987179,0.49625854203177033
ENSG00000187017,0.8437255487791168,0.8806854081864386
ENSG00000198216,0.7420535246651567,0.9541152321256069
ENSG00000162437,0.09056811257977712,0.17499836580333689
ENSG00000197562,0.40679591584561525,0.517256456001108
ENSG00000167930,0.8410163856769824,0.964962384616851
ENSG00000103126,0.4311823199603828,0.45291637118676487
ENSG00000167972,0.12110417488546246,0.20906371907453258
ENSG00000267795,0.8143637880204799,0.7787870934883281
ENSG00000131634,0.055468518711725374,0.058090143371837766
ENSG00000168096,0.9596001704618619,0.9339986313431663
ENSG00000059145,0.9382092962516768,0.8079479792745252
ENSG00000242173,0.2996676515384552,0.4994568889479183
ENSG00000187535,0.6930680622023229,0.7601377462701738
ENSG00000140632,0.6338915213606493,0.7779792833795136
ENSG00000260342,0.6351511378219156,0.6130682808775554
ENSG00000089486,0.03440592661420233,0.026586000976128555
ENSG00000103489,0.8837423914377199,0.7217199834069346
ENSG00000162104,0.21716177989678695,0.23654343988038393
ENSG00000103381,0.18988769398768687,0.0956305358732227
ENSG00000103199,0.1760422841732077,0.12406442524973303
ENSG00000103534,0.7131909391200382,0.42954942044962774
ENSG00000005339,0.7754081900945453,0.9603553415423649
ENSG00000134419,0.15603617798726055,0.514258364612167
ENSG00000076344,0.4264050831308178,0.5767426297518354
ENSG00000007376,0.27589769874549264,0.21626531113976602
ENSG00000168447,0.5697983203112067,0.25079526011759334
ENSG00000102858,0.8702674552157916,0.7531801474604427
ENSG00000103528,0.330003112939259,0.6858986756662013
ENSG00000122254,0.3674328186684628,0.44945170058048256
ENSG00000170537,0.3604435170578377,0.6160710683954491
ENSG00000130731,0.5956100930877933,0.4516657584970908
ENSG00000090905,0.5305549476330688,0.9764859226131692
ENSG00000048471,0.07224871214767373,0.10713799603028862
ENSG00000058600,0.523981643895195,0.7233580567624722
ENSG00000153443,0.44148450971334763,0.4462041024542298
ENSG00000127586,0.1672013899703576,0.18412701422251507
ENSG00000170540,0.7603713522534853,0.9402523774044745
ENSG00000091651,0.8643329511960814,0.6714803366634589
ENSG00000171208,0.00944157599911366,0.03339668235804411
ENSG00000196470,0.19776284937392397,0.27060099359297834
ENSG00000069345,0.7419005471944402,0.8268300475270228
ENSG00000067365,0.1016477221329876,0.15497331158090685
ENSG00000155330,0.36951445946187966,0.5485161944419082
ENSG00000069329,0.2895895257789457,0.5812155486403188
ENSG00000237515,0.8451091160286296,0.48484675477272077
ENSG00000103485,0.03239595812622557,0.044430817388181575
ENSG00000102910,0.6359914612189754,0.9432120098641518
ENSG00000156968,0.9242837015622895,0.9700418165123806
ENSG00000166123,0.9615692075916574,0.7903450580179251
ENSG00000102921,0.6942014506526397,0.7492432099414481
ENSG00000129636,0.3495063664560324,0.5261122888591578
ENSG00000102900,0.8829615621446658,0.8805138492077371
ENSG00000171241,0.5365564885390041,0.916259703318803
ENSG00000167186,0.873973045320035,0.9624357261355894
ENSG00000169181,0.7992650307319626,0.8464427424114455
ENSG00000122299,0.5913559196577521,0.9729695038420912
ENSG00000087245,0.03575803857118317,0.06669397500149644
ENSG00000102970,0.9461248112160142,0.73718821567065
ENSG00000166246,0.7515486610953915,0.8930643024222034
ENSG00000007545,0.1581118669153101,0.19923766519987082
ENSG00000006007,0.5228428649010743,0.7770625085103915
ENSG00000102962,0.5992838331613821,0.505346152393169
ENSG00000135720,0.25082210814880235,0.23755923157723882
ENSG00000103460,0.6749747261394272,0.800199454621787
ENSG00000141076,0.7731827338437379,0.8078293258983962
ENSG00000087253,0.285525737692726,0.3723855708670549
ENSG00000103089,0.563354960378233,0.3554134553396192
ENSG00000177508,0.9121870814654163,0.8739056243344447
ENSG00000118557,0.2264797679951254,0.2778579835279548
ENSG00000171724,0.6906374047414348,0.5860120864836442
ENSG00000178573,0.19739332289541603,0.16252104390516345
ENSG00000103047,0.2025487915868412,0.45720375068372643
ENSG00000159593,0.6726503022623931,0.8286598974027852
ENSG00000088682,0.4034938864241232,0.3052291441500503
ENSG00000070761,0.6867119020443744,0.7127986978575716
ENSG00000131153,0.6269343122104378,0.6095354352548535
ENSG00000168925,0.2550727375547968,0.26894385607206134
ENSG00000135736,0.7285683585818523,0.7781529194379828
ENSG00000176692,0.03757130816411191,0.027403290290583162
ENSG00000050820,0.9502383071038014,0.7917287650055622
ENSG00000205078,0.14326899754871514,0.1862707634800269
ENSG00000131149,0.6362342618071573,0.8960693691460421
ENSG00000103111,0.5245425535668823,0.2747191607730857
ENSG00000184939,0.6059843272462162,0.8332728251056186
ENSG00000103175,0.20599924016396534,0.20529126210827692
ENSG00000140948,0.4496472281688313,0.6711060475394163
ENSG00000172840,0.7930832523632867,0.9567469324287114
ENSG00000135686,0.6676197795243184,0.9770709341645114
ENSG00000168404,0.3271754855627732,0.8542974360452468
ENSG00000005194,0.8949492303973381,0.6657685270900218
ENSG00000154118,0.11377847197092915,0.08550668351125429
ENSG00000140937,0.008833863112966868,0.0283432227956614
ENSG00000140950,0.2988880586087615,0.4123001193813829
ENSG00000103091,0.4941424243035353,0.5405787202698351
ENSG00000103248,0.6706239001195395,0.9629580762845714
ENSG00000103257,0.839386498063486,0.4421397438701409
ENSG00000104731,0.5462871505707172,0.2880327259391724
ENSG00000159618,0.4479092661098274,0.2732863601072707
ENSG00000103335,0.6463973279335216,0.9236248781893119
ENSG00000006210,0.52894631494756,0.4432599774487431
ENSG00000153774,0.022445356072837357,0.03320364078445074
ENSG00000140876,0.5211444746935316,0.9799375894914859
ENSG00000176678,0.5493975885416346,0.6848426197758626
ENSG00000184517,0.21896534104014195,0.3727029811640168
ENSG00000140836,0.5870492173476285,0.4931064356774746
ENSG00000168411,0.9493276579069143,0.5885402915664701
ENSG00000186187,0.20204647294267467,0.16362384784658518
ENSG00000140718,0.07482184573695079,0.15174491978654242
ENSG00000103187,0.7663252109581273,0.8027640908483298
ENSG00000103121,0.738895433913201,0.7537134324591412
ENSG00000102978,0.7602364709587943,0.8805968838546296
ENSG00000118900,0.6926426234375367,0.5568507052853494
ENSG00000154102,0.5154997451864364,0.8090992236305071
ENSG00000103241,0.34159098313571945,0.3349508208440533
ENSG00000166446,0.7244789991290999,0.8284082453058861
ENSG00000183793,0.5328615099709356,0.4221175091656296
ENSG00000131650,0.28267975078363905,0.1983523424712057
ENSG00000127564,0.36242468220218893,0.26071679810897364
ENSG00000162073,0.19423831783084355,0.07036591937169089
ENSG00000213937,0.0030501826872132184,0.0072413930083839355
ENSG00000184697,0.02076426485404192,0.035848144285939014
ENSG00000131652,0.22311443069084097,0.20864752170994855
ENSG00000162069,0.09248605364151279,0.060781888788025165
ENSG00000085644,0.8745758118627873,0.7864132727643482
ENSG00000140993,0.6536170218502323,0.6304071710874937
ENSG00000103343,0.6055860672357414,0.6768300489208883
ENSG00000167981,0.4204111187675781,0.3927097887122102
ENSG00000122390,0.5693456030683486,0.49103162398160005
ENSG00000103351,0.8735540574184051,0.8702469735161865
ENSG00000167984,0.7246906855483679,0.5114675685326231
ENSG00000126602,0.3507049540804442,0.22362864538409596
ENSG00000090447,0.4495436192838882,0.45416891900734824
ENSG00000126603,0.0974231409956981,0.1475265845722307
ENSG00000217930,0.7339359363476446,0.5170781703638556
ENSG00000262246,0.9736072118378838,0.7370406007170744
ENSG00000168140,0.7632754764239946,0.5913042756631388
ENSG00000103423,0.7277571787234678,0.584067879123537
ENSG00000103415,0.8894799775224679,0.8035585309983659
ENSG00000281991,0.1462423625123769,0.15744811175035345
ENSG00000156873,0.9886463236515581,0.8943934401932586
ENSG00000196118,0.8783176414865591,0.6278472899914136
ENSG00000102870,0.860982727606947,0.7108712024659787
ENSG00000175938,0.11797167929655457,0.09202937665056692
ENSG00000099377,0.521896972682834,0.49607706466014245
ENSG00000103496,0.6780476689622925,0.5942806162310987
ENSG00000167394,0.9024568376810936,0.9192760160184952
ENSG00000167395,0.7900181812541054,0.9265520380220943
ENSG00000167397,0.06120010946503083,0.047419025848162995
ENSG00000103507,0.1779178285959067,0.1955270618315422
ENSG00000103510,0.3623534618165981,0.4735420546676321
ENSG00000052344,0.7832681394438766,0.8256561314030918
ENSG00000103490,0.25650469634443573,0.19602447434131698
ENSG00000177238,0.11232525249866775,0.06810184685613178
ENSG00000175311,0.8687928549471187,0.7881808952403583
ENSG00000103174,0.9879328088147737,0.8811187956446245
ENSG00000118894,0.6351550669281627,0.8241566047105295
ENSG00000125148,0.7792972208537462,0.7887744184931531
ENSG00000169715,0.7143576417497022,0.8481121441160553
ENSG00000205364,0.8138679399042065,0.9214578247208967
ENSG00000205362,0.86593259408345,0.9879811427949257
ENSG00000198417,0.8412260622468754,0.896765333994546
ENSG00000187193,0.9830949255345177,0.7628820861286529
ENSG00000103316,0.11062557189776612,0.06670519343736919
ENSG00000140749,0.6994107881070706,0.7390282689366454
ENSG00000140740,0.9143438376909396,0.8031359594896339
ENSG00000188322,0.42691061150417364,0.42295205902869193
ENSG00000176476,0.4864547594381493,0.5450473330298522
ENSG00000178952,0.9428831452255438,0.8154315350728771
ENSG00000177548,0.49003781906199617,0.5558861382743796
ENSG00000177455,0.9295103950108158,0.940970023682132
ENSG00000169682,0.49496626993066917,0.615607528771317
ENSG00000197471,0.8355235121655535,0.6308576139164096
ENSG00000149930,0.6332117479434806,0.37341618765443674
ENSG00000149929,0.24461210616885828,0.31613131778716275
ENSG00000169592,0.8081985262844572,0.9648805306106835
ENSG00000149927,0.1566242418327103,0.43644156113787125
ENSG00000149923,0.7550043586017028,0.7440502170732879
ENSG00000090238,0.2738530647499625,0.18737728682285174
ENSG00000102886,0.8026046895453842,0.907266798709586
ENSG00000102882,0.4868295768895632,0.33071320269094645
ENSG00000169627,0.8623919441916889,0.8534159311355295
ENSG00000169217,0.7559672835871019,0.9436536281407497
ENSG00000169221,0.9449124363585657,0.8779146934320352
ENSG00000132207,0.6512157127514115,0.6537726140542854
ENSG00000213648,0.02240232541804207,0.028086200664492102
ENSG00000198848,0.5925965290447196,0.531212401485336
ENSG00000090863,0.3646266454352608,0.8708807806503644
ENSG00000260456,0.9364084387631756,0.7330934357404773
ENSG00000186260,0.4125313018485086,0.5321731270354153
ENSG00000205609,0.8454846816354464,0.8760227615521019
ENSG00000225614,0.09886373185640265,0.212348669990746
ENSG00000184110,0.35882628413898987,0.6151447840224158
ENSG00000007541,0.958300750164192,0.9490042184158023
ENSG00000196296,0.5275408119998519,0.3198973538482301
ENSG00000089280,0.9162888299822697,0.8763432809060573
ENSG00000205358,0.6031904924460588,0.46183393671980244
ENSG00000087250,0.4107466302342462,0.22816168903672027
ENSG00000185615,0.3478497793779053,0.5440665405653909
ENSG00000006327,0.06578829974380286,0.16709311323882445
ENSG00000103145,0.14764132967900262,0.10658065120351763
ENSG00000181938,0.08604806519033958,0.03751231113870782
ENSG00000103227,0.19709289701335211,0.27974363617027725
ENSG00000067836,0.2531423222033893,0.10855567340693865
ENSG00000155666,0.32962882452403985,0.4937639917666383
ENSG00000261052,0.9789111500719723,0.9128492462762131
ENSG00000175643,0.7967168562208997,0.6027622593497695
ENSG00000184602,0.19981032061761564,0.2941238453684046
ENSG00000166454,0.8373493725696741,0.6335172775874074
ENSG00000260643,0.4348493350640191,0.2934267593614455
ENSG00000140905,0.152166809913618,0.44560056900099176
ENSG00000135697,0.28727795679929624,0.1384029657445952
ENSG00000090857,0.44110595247326645,0.39970966570758193
ENSG00000223496,0.585408449931053,0.5408103146930997
ENSG00000157349,0.5970390332579147,0.3087538223039086
ENSG00000260537,0.9666673462575965,0.8536236559733215
ENSG00000168872,0.911003190522085,0.7312637015441182
ENSG00000157350,0.3395592778852552,0.487888926822152
ENSG00000157353,0.30619652667818026,0.43599876876779253
ENSG00000189091,0.8230254555086327,0.594454563005656
ENSG00000090861,0.8084388898594556,0.760551405163508
ENSG00000261717,0.11957091135300668,0.11732921474788902
ENSG00000166822,0.7459518039787882,0.40306708703513106
ENSG00000183196,0.7945520129933403,0.8584232056377994
ENSG00000034713,0.004782073982477525,0.025634361214727657
ENSG00000166848,0.16009978428145835,0.34672669182359706
ENSG00000159461,0.6602004450252967,0.8317355437719434
ENSG00000087263,0.8636623430004003,0.9763426307274948
ENSG00000065427,0.559394667223842,0.9772214008225313
ENSG00000261609,0.47603965257522973,0.33526288042568586
ENSG00000007384,0.918394565016048,0.6443358288353223
ENSG00000103148,0.915794495600425,0.9795522801664971
ENSG00000188536,0.1226468272675589,0.10980981613101216
ENSG00000206172,0.09295710405829266,0.10106981987851914
ENSG00000182810,0.853733233945103,0.6382549822919623
ENSG00000072736,0.6448886986281566,0.42499781352971944
ENSG00000103067,0.54258116154013,0.6589986295528831
ENSG00000103066,0.10415565295143042,0.16216882031885774
ENSG00000103064,0.9993854139681863,0.6101951644803131
ENSG00000103061,0.39735980948387173,0.6792910328076143
ENSG00000103056,0.030852693430444236,0.06612102203728522
ENSG00000103150,0.45481317497309426,0.5410758876691844
ENSG00000140961,0.5986208820097191,0.6587819922899583
ENSG00000103160,0.8196719310986702,0.9986147860067542
ENSG00000169896,0.37769311914949266,0.4127421156059382
ENSG00000140678,0.5602856481404226,0.7378974383642305
ENSG00000140691,0.3320934798006884,0.28910362562583003
ENSG00000140682,0.06600853220911024,0.055217770686256905
ENSG00000140688,0.7461120443732767,0.8900230708280852
ENSG00000103502,0.061162661790461724,0.04690592447706585
ENSG00000174939,0.6798722983978395,0.416270307516864
ENSG00000149925,0.7399592577019642,0.950099839805354
ENSG00000074071,0.24670892298792577,0.3375830915975627
ENSG00000095906,0.39965641383303585,0.6061913849423339
ENSG00000099769,0.9818807379365703,0.6626028873937438
ENSG00000063854,0.9421896094140486,0.7527416526124409
ENSG00000103043,0.26593950776040526,0.5358736197398385
ENSG00000103274,0.5367837218953281,0.5483788869913869
ENSG00000182108,0.01545296571590419,0.026324469248934935
ENSG00000168434,0.8914271495401455,0.8827280901855897
ENSG00000103365,0.2663769446238051,0.4439935460635843
ENSG00000103356,0.6343127211840165,0.835155015986711
ENSG00000103353,0.33595693541892824,0.8157537844335807
ENSG00000004779,0.7944377731724549,0.8506680228597552
ENSG00000166847,0.6340464996135299,0.9052039769016162
ENSG00000166851,0.941646520866728,0.603213060551741
ENSG00000206053,0.6809552415737328,0.7591348276272221
ENSG00000162063,0.27128088738013206,0.13162451585246807
ENSG00000162062,0.39186027872433005,0.42467072451415766
ENSG00000185883,0.8294858162069888,0.9817296457177659
ENSG00000140992,0.7990608139257184,0.6902421165032053
ENSG00000162065,0.1757539090756694,0.08652611152549165
ENSG00000166783,0.898117521925812,0.8471162054848398
ENSG00000072864,0.0479335446785748,0.08145064592960491
ENSG00000103260,0.17422769943155902,0.09953907613450322
ENSG00000103254,0.9304779687730539,0.8774723596819423
ENSG00000103245,0.42313911676482474,0.5660729710772152
ENSG00000102854,0.10552635209305865,0.14106261340043935
ENSG00000197912,0.6484404998251088,0.6843777010851335
ENSG00000178773,0.4509734900603034,0.3112647183752535
ENSG00000185324,0.07906301715307457,0.08440501087280654
ENSG00000158792,0.777635275078684,0.6847875926980842
ENSG00000075399,0.055603820002760845,0.11713436614681162
ENSG00000131165,0.3664107814673393,0.6109164782860094
ENSG00000150281,0.06502359223307949,0.04139536841910409
ENSG00000103194,0.9399885485822351,0.4469533998151969
ENSG00000064270,0.589149740060319,0.6645803571736388
ENSG00000010539,0.5983623421804205,0.4990959554713216
ENSG00000007392,0.49601594721222253,0.48362791750501766
ENSG00000162086,0.8381420778627167,0.7962611581050486
ENSG00000169180,0.735418405094818,0.7217186207756169
ENSG00000122386,0.7271285455667875,0.8435282985396869
ENSG00000166816,0.4125758565655827,0.526393267762442
ENSG00000059122,0.5577378807941078,0.673935983753684
ENSG00000166164,0.5071793401965066,0.3793862733157012
ENSG00000167526,0.11511519084829021,0.22455828503168127
ENSG00000140807,0.13235096529213955,0.23060115915545493
ENSG00000205336,0.5464044576468541,0.27342420332365613
ENSG00000140854,0.7561322595309617,0.7476841495050743
ENSG00000083799,0.7760890384011842,0.9855325909831735
ENSG00000166971,0.2276288393794212,0.33808104119050647
ENSG00000204991,0.49153997419333517,0.6866552263522935
ENSG00000141002,0.41819514582629247,0.5332630358600025
ENSG00000258839,0.11913834129360312,0.193095690527449
ENSG00000141013,0.9010779639138187,0.9078751943788945
ENSG00000003249,0.5240684038045779,0.36911817431370064
ENSG00000051108,0.3768348089345518,0.9817943479878001
ENSG00000087237,0.40922263314261376,0.7940785898826167
ENSG00000140848,0.505100211875563,0.7943412705278342
ENSG00000172775,0.6492495081383001,0.9296757481789368
ENSG00000102931,0.07115737644736912,0.06431288977900802
ENSG00000125149,0.4395129443582865,0.4418429806547869
ENSG00000237172,0.13678609177839166,0.13715070550981087
ENSG00000102871,0.13949240348008482,0.1889074324085786
ENSG00000135722,0.8888445837459594,0.8746516129817239
ENSG00000196123,0.8100019848458097,0.7186532517343036
ENSG00000179044,0.5254422964907403,0.4834176253013389
ENSG00000205250,0.48362239870956447,0.7288216970152436
ENSG00000102890,0.8812655152486611,0.9661032643208167
ENSG00000168701,0.38280279850408583,0.6409285922025437
ENSG00000135723,0.4280339870372928,0.5744125131910516
ENSG00000168676,0.3807142921427764,0.38106400782799554
ENSG00000159713,0.4616966367485812,0.19683137052585675
ENSG00000159714,0.740850137740573,0.5270316899378333
ENSG00000176387,0.16585604441870816,0.22372810108207447
ENSG00000183889,0.27395978715848474,0.169234057240431
ENSG00000260914,0.7443806690612687,0.7981252066056111
ENSG00000132612,0.7491701389628143,0.6237522816762335
ENSG00000213380,0.8649514125253368,0.8522383769626778
ENSG00000258429,0.37409606424279274,0.287063467851796
ENSG00000272617,0.4184660019748059,0.8440819667060917
ENSG00000132603,0.776697620232112,0.5074008975639902
ENSG00000157315,0.6024048915139002,0.685544185092678
ENSG00000132604,0.6560117126168301,0.5380726166290253
ENSG00000176715,0.604682900943184,0.671802831431801
ENSG00000170100,0.7083705474066178,0.9736840333416117
ENSG00000103226,0.18762458244889058,0.5485147177776832
ENSG00000196557,0.10129561269069211,0.158708958359684
ENSG00000197253,0.2146626595399631,0.46967224040438127
ENSG00000172236,0.15882410881305384,0.4284927799273146
ENSG00000095917,0.08478328074654028,0.11712721163974857
ENSG00000103275,0.7147868668140304,0.9773951712684896
ENSG00000007516,0.3933650573176878,0.30369857666187516
ENSG00000007520,0.7514656422372484,0.9082642460522372
ENSG00000133393,0.8656707419565277,0.558714614490882
ENSG00000180035,0.6336047368267016,0.6656682638199716
ENSG00000179965,0.925268821349719,0.9325275018202505
ENSG00000179918,0.24154299249110756,0.34175630332689133
ENSG00000169957,0.6217993862264756,0.832213065428787
ENSG00000169951,0.2585850315809541,0.32934270835985896
ENSG00000197162,0.6226284587448032,0.43981782697949057
ENSG00000156853,0.42099355225223467,0.18534956187910617
ENSG00000156858,0.9876264233692074,0.9335679160128916
ENSG00000156860,0.6497103551742951,0.757025440871701
ENSG00000005844,0.8929088701953345,0.8593661283900509
ENSG00000070770,0.26424128184817103,0.4142019173907481
ENSG00000179958,0.22699988444434566,0.14350829240694915
ENSG00000103222,0.7570962317853949,0.9430442834103854
ENSG00000102935,0.06103138869209954,0.08379982819707321
ENSG00000121281,0.45733295156659715,0.9351290845959815
ENSG00000121274,0.9177960763976585,0.8439101650010472
ENSG00000179776,0.09143223340338354,0.10574066689352436
ENSG00000217555,0.8381277651633549,0.9456124609817603
ENSG00000254788,0.5749249540373034,0.784764659872154
ENSG00000140931,0.011270010726920413,0.008073846799080776
ENSG00000183723,0.3035907344791423,0.20572925703332995
ENSG00000188603,0.7424097591576466,0.6564460474673328
ENSG00000166780,0.049981430713668375,0.049721583971362934
ENSG00000133392,0.3533516610265468,0.33941247860760565
ENSG00000176046,0.30252026439349006,0.25417688287624585
ENSG00000197165,0.9051702010388291,0.8903238375609707
ENSG00000166548,0.4800707253512737,0.5999104426184958
ENSG00000167977,0.6282282359703548,0.46344089312364645
ENSG00000172382,0.7912613524897602,0.9674433914523727
ENSG00000007038,0.024524156597011574,0.10617110345967179
ENSG00000005001,0.9719984042317691,0.861857142891117
ENSG00000153446,0.7965419551148252,0.7554119010339473
ENSG00000140995,0.0936608495302615,0.28175978177185557
ENSG00000103168,0.9455422661538645,0.9745000210607959
ENSG00000011638,0.6283169503370853,0.6216587043156034
ENSG00000162066,0.9051456730266793,0.9961368573008325
ENSG00000099364,0.5393213768888008,0.5113372404209686
ENSG00000099385,0.9064097794925221,0.567764148837115
ENSG00000103549,0.9346630331252795,0.7580089358429137
ENSG00000153066,0.8427023445515639,0.8438225284244978
ENSG00000153406,0.7523053578560575,0.8126944987295466
ENSG00000103253,0.4786080058782286,0.29111081844739833
ENSG00000089505,0.6500679205611524,0.8749319714325701
ENSG00000062038,0.6340531606354493,0.8134960668984047
ENSG00000039068,0.6513423638806639,0.5211110918796071
ENSG00000169347,0.5002024375987186,0.48019279070692134
ENSG00000008516,0.11740194056995648,0.12083952023591943
ENSG00000103037,0.7711125692132448,0.812179001181772
ENSG00000125107,0.9140698812401948,0.5985816917493134
ENSG00000103042,0.7549074467993894,0.883395803942906
ENSG00000125166,0.4515916966801602,0.2828965938940829
ENSG00000103479,0.6099198629914503,0.9312411467339594
ENSG00000103494,0.22683068113647906,0.36090483795572514
ENSG00000258947,0.0487459642810497,0.11583016512709582
ENSG00000065457,0.2557797162974458,0.7431942256983171
ENSG00000159579,0.37930123443948516,0.6841428555161743
ENSG00000189067,0.36455244045607815,0.5564235039671386
ENSG00000213853,0.7300476777588703,0.8306651637440863
ENSG00000166188,0.9580644366069229,0.8509641216186106
ENSG00000229809,0.7716329225795318,0.47862711769378874
ENSG00000166451,0.5360010762392211,0.2653835684008714
ENSG00000205423,0.9039555205912259,0.5938274036272007
ENSG00000205730,0.7707408026851695,0.477468598538458
ENSG00000196155,0.9982892168611583,0.7360022563547706
ENSG00000090581,0.509278968318409,0.30215067478367486
ENSG00000066813,0.0332430371091215,0.028282577619066256
ENSG00000005187,0.3015784886539744,0.26088560562496194
ENSG00000066654,0.940132642241783,0.5732488015240299
ENSG00000005189,0.3594618022094044,0.592027039197057
ENSG00000183044,0.7165926449586835,0.8687640779398231
ENSG00000184857,0.7024745591283796,0.9445522665129523
ENSG00000153048,0.9585246952307303,0.9142685843672632
ENSG00000086504,0.7559963683077804,0.8357658224189852
ENSG00000129925,0.46796798690689656,0.276497170797994
ENSG00000103202,0.4360860387455854,0.19045076572736144
ENSG00000242612,0.5653815506096298,0.5132109116065148
ENSG00000125144,0.8147051247947374,0.7858266464233321
ENSG00000157429,0.8281162613976626,0.8858943698361056
ENSG00000140835,0.9422153776913998,0.9578400238862983
ENSG00000140832,0.5058220521475401,0.4478529452600777
ENSG00000040199,0.1674250632853149,0.3353345611936224
ENSG00000166747,0.9041548453130362,0.46834992480920845
ENSG00000186153,0.5549360967931404,0.5715567395601233
ENSG00000175595,0.6650642382916514,0.48862607580286277
ENSG00000091262,0.6566987358642709,0.3465897888395931
ENSG00000118898,0.6699834201393007,0.693346329534625
ENSG00000033011,0.39952626190941476,0.31021222717504005
ENSG00000134398,0.6193769311944943,0.37363055617457575
ENSG00000166869,0.5828527677276181,0.37634730661797433
ENSG00000166501,0.5608440936248282,0.7109524300097336
ENSG00000122257,0.7258389942409169,0.49022343682658276
ENSG00000182831,0.8657412477929236,0.7200572688684251
ENSG00000140650,0.9968039899345488,0.6229018348933888
ENSG00000167005,0.9633804200499335,0.48596343388180463
ENSG00000125124,0.1765758687892163,0.23144885323812453
ENSG00000224470,0.6207137629325905,0.9940540297104614
ENSG00000182149,0.4501130753222168,0.6085708834771002
ENSG00000102984,0.40432514776016837,0.3100263947279936
ENSG00000102967,0.8480559770878906,0.7820338798778055
ENSG00000140830,0.8823860460585858,0.9231260383200328
ENSG00000140829,0.2709652918591536,0.49013396910755236
ENSG00000166589,0.8218882144321991,0.8853713698385719
ENSG00000166592,0.05258429478401653,0.012969651529500158
ENSG00000166595,0.4344734706897515,0.4831175486994843
ENSG00000172831,0.9228482863340429,0.9254773682182263
ENSG00000172828,0.05248081719752129,0.10976502941261979
ENSG00000067955,0.5043584007157391,0.6519442387337135
ENSG00000102878,0.4809753025882044,0.3524442233638744
ENSG00000099381,0.9176322487773761,0.9468445528514814
ENSG00000103024,0.905752990646039,0.575710258908336
ENSG00000285043,0.985948752945451,0.6308499930926528
ENSG00000185338,0.8215658228268392,0.8224461223768099
ENSG00000213918,0.2580184611854571,0.31690752601213007
ENSG00000168488,0.6697808310049099,0.44267278990431835
ENSG00000197774,0.47097613657381043,0.38184399933320845
ENSG00000167523,0.29336951753595775,0.3286161036041315
ENSG00000103404,0.5949611021561594,0.6828928109333672
ENSG00000008517,0.6683806684153455,0.5647568903947
ENSG00000185947,0.8667826813747022,0.5429259799536663
ENSG00000270472,0.7624940704998988,0.9679547333818922
ENSG00000103355,0.7483253893538393,0.8538180894307709
ENSG00000177200,0.441512980866249,0.704350843472236
ENSG00000135702,0.9368276487504366,0.9577795934382595
ENSG00000174938,0.5689278389649549,0.4205214996112038
ENSG00000259803,0.7039812343827283,0.6386484203286371
ENSG00000180917,0.9061929490106252,0.6004913359515877
ENSG00000172137,0.06280741264522989,0.14520224451248037
ENSG00000167377,0.10494126872006301,0.20520941612019872
ENSG00000185905,0.968118505140947,0.7662847858065062
ENSG00000167371,0.562251808209814,0.7158717261774133
ENSG00000280789,0.9768628445155962,0.9688389301452247
ENSG00000013364,0.9244797308729881,0.825184704947566
ENSG00000079616,0.6592756381805863,0.457956558210574
ENSG00000138834,0.8187187106330585,0.7701318918183822
ENSG00000103196,0.0562168754509369,0.09090882227929524
ENSG00000153786,0.9423248758895744,0.8799041589871835
ENSG00000135709,0.6689277662956188,0.7076978510837085
ENSG00000140743,0.05161450767458076,0.08796079048947586
ENSG00000196678,0.38187226988645373,0.22284764699450377
ENSG00000188215,0.4959598342081335,0.4086232831004889
ENSG00000102897,0.6687199234675779,0.3928688145431841
ENSG00000005513,0.3342959652411172,0.2023213924331252
ENSG00000162078,0.8657437545435415,0.9029482052190507
ENSG00000132600,0.22629492980543187,0.3652846785241096
ENSG00000176842,0.23111672988148477,0.20467155686811847
ENSG00000132613,0.9941487144775834,0.7784737816019762
ENSG00000140987,0.36356056352800403,0.2227758812802101
ENSG00000184730,0.6702974811961961,0.8982064001029277
ENSG00000185864,0.9821503120029739,0.8391516482642132
ENSG00000149922,0.5106810411064766,0.6751295659216596
ENSG00000167208,0.6805408698619584,0.5366788007078309
ENSG00000153815,0.9673668463186741,0.8364315012342787
ENSG00000159720,0.6239424011370976,0.8695996038138957
ENSG00000103021,0.3780200117406636,0.21803716192623812
ENSG00000157106,0.833724389523441,0.5573847325367836
ENSG00000167522,0.37876930847165646,0.5140691243142406
ENSG00000257017,0.024893325468269296,0.048817465041038746
ENSG00000162009,0.9318457552538213,0.3356924311831304
ENSG00000180096,0.9679377021749707,0.8965671120433031
ENSG00000157368,0.1237724827942602,0.06465802006153656
ENSG00000116176,0.8747979684548413,0.7641999369614064
ENSG00000140943,0.6402488028661258,0.9335548620290314
ENSG00000103035,0.22528459291914651,0.641192659121659
ENSG00000196436,0.45309985995467994,0.3752326260096276
ENSG00000205084,0.7399552713522838,0.8857482790276877
ENSG00000103363,0.2739525890736332,0.21964828150552002
ENSG00000103044,0.20269660477016122,0.2443467170412342
ENSG00000168802,0.6817724469925674,0.40578758403460313
ENSG00000286140,0.281979806614942,0.3750374981096176
ENSG00000198736,0.923392400752813,0.6513414259412729
ENSG00000140986,0.7328160091832202,0.7413570201369483
ENSG00000140990,0.4849669695303266,0.4043027517772926
ENSG00000140988,0.8369523871612798,0.8885162329219349
ENSG00000183751,0.9995003343483491,0.8700998021587316
ENSG00000196408,0.0030274691404445666,0.01023096195658846
ENSG00000127561,0.7410320174256562,0.551806902917864
ENSG00000065054,0.013888016601938502,0.014932534703858922
ENSG00000065057,0.9916843255631509,0.878724831697116
ENSG00000167962,0.8871703455866464,0.8508462980501301
ENSG00000103197,0.7358771297211655,0.7289885457845857
ENSG00000174109,0.11170713715894762,0.1529045653841162
ENSG00000284395,0.788756117435218,0.6045399247899936
ENSG00000140750,0.41977887706149386,0.5427508606309405
ENSG00000103018,0.11845394731697596,0.11028747018302493
ENSG00000169955,0.4342362429623883,0.4185176686709131
ENSG00000197302,0.6115653649808093,0.4857618825949803
ENSG00000161980,0.39842467955791183,0.2812281864286239
ENSG00000161981,0.935875552491025,0.9634604431382942
ENSG00000103152,0.15015647415689076,0.06490313669965052
ENSG00000149932,0.6873124855512274,0.9074478885354156
ENSG00000015413,0.49561957197157724,0.47371409711557044
ENSG00000166669,0.5046526035122791,0.8606258898051988
ENSG00000140853,0.22549025613568657,0.11997321749002243
ENSG00000155393,0.7216178389469763,0.26968001228958516
ENSG00000103034,0.08262024529804601,0.07534220556302203
ENSG00000168807,0.41535260696720355,0.5263657488057092
ENSG00000176953,0.42299180123857805,0.16761944962372569
ENSG00000140945,0.11362104455997242,0.0672704276177432
ENSG00000230989,0.10816380640267283,0.35273483766664804
ENSG00000103550,0.7679661436725085,0.991636553808772
ENSG00000103540,0.3023114276300465,0.23686456445461032
ENSG00000167191,0.4316270800229831,0.5412037312507891
ENSG00000174628,0.8896517413115685,0.9831939478244449
ENSG00000102981,0.03857118068695243,0.021629254883256916
ENSG00000124074,0.3389368584351353,0.24349434357827107
ENSG00000141098,0.8042815156338636,0.8557664848918398
ENSG00000179583,0.16690874914937937,0.1783884653320785
ENSG00000039523,0.37472660174262806,0.6258962115114657
ENSG00000102974,0.7706467114285481,0.7832820819283363
ENSG00000141084,0.9734354429162793,0.7780568955101989
ENSG00000102901,0.8730674729605714,0.5454410107175156
ENSG00000168286,0.7818427016747358,0.9488996375727673
ENSG00000038358,0.368932878308484,0.31708604446954297
ENSG00000159792,0.17115877362535414,0.2038897939091209
ENSG00000205220,0.4359267707120925,0.3101157948851219
ENSG00000213398,0.12370017196830124,0.1508697697911395
ENSG00000141096,0.24004350245472672,0.31260264376282226
ENSG00000167261,0.17544589625082058,0.23107687659142853
ENSG00000167264,0.8716239754151155,0.8050394542459882
ENSG00000103512,0.0809016460075975,0.04667868493904419
ENSG00000179588,0.5496448614396441,0.5892563421826317
ENSG00000158545,0.7356545147675447,0.9687969695719472
ENSG00000124391,0.40449020061003427,0.5008250311074377
ENSG00000051523,0.7610555442023281,0.9693279857816728
ENSG00000167508,0.9403244141332486,0.6395410901681879
ENSG00000185669,0.3529610322291836,0.4036463145269633
ENSG00000158717,0.9179435983848702,0.6935698646568607
ENSG00000174177,0.6113162208612102,0.9440259737547958
ENSG00000103429,0.1029494617671005,0.2250128023205129
ENSG00000069764,0.04658940134172268,0.03182364412031959
ENSG00000159753,0.9312259486933013,0.7551710441564906
ENSG00000102879,0.9217143587062852,0.6699816495911746
ENSG00000158805,0.3462677812997321,0.6076971921900416
ENSG00000167513,0.5103574130947274,0.33881534558277937
ENSG00000198931,0.22660948077486714,0.40824046574321426
ENSG00000141012,0.2739298800808032,0.38236299515129923
ENSG00000129993,0.5790158186847418,0.6970972735299441
ENSG00000167515,0.6334395992003645,0.745115676985199
ENSG00000187741,0.24694947516305835,0.1080604329961609
ENSG00000077235,0.651618026205691,0.8336711697884802
ENSG00000047578,0.7327402033865045,0.7766828881481641
ENSG00000127554,0.8590375470265106,0.9455205887767762
ENSG00000131148,0.585529216648167,0.9149363175300008
ENSG00000131143,0.3836572587967908,0.8330199950091768
ENSG00000140968,0.7194574213664359,0.30102137890095143
ENSG00000213658,0.651538742050199,0.6000576771738051
ENSG00000169189,0.11316959828967847,0.2491091502978593
ENSG00000077238,0.23753557734343478,0.4040113425463371
ENSG00000103522,0.19122586876369413,0.13184427168163732
ENSG00000169246,0.8876322663032942,0.9201252710408169
ENSG00000172366,0.11937450350744323,0.11746246775168584
ENSG00000161996,0.4308876984300033,0.3925377007792209
ENSG00000103269,0.7324918493542255,0.7813412187845283
ENSG00000103266,0.7835943792802789,0.6918885138997202
ENSG00000161999,0.22562527002489682,0.15220678851726216
ENSG00000127580,0.8056967269056341,0.7653166489209171
ENSG00000127585,0.21119855635831125,0.2865654025615339
ENSG00000140983,0.3937991075428212,0.49203114386505986
ENSG00000198064,0.9496514670270626,0.8329875413958643
ENSG00000083093,0.5034567093485198,0.27951685950702204
ENSG00000140694,0.342718455463629,0.524660960134882
ENSG00000184860,0.6122552150990168,0.9288136052938594
ENSG00000086696,0.43745271851112455,0.6581691156118608
ENSG00000135698,0.9594798044338486,0.8285508340237371
ENSG00000233732,0.23926006396852795,0.508216219065309
ENSG00000271130,0.5873290636043335,0.9384847424763326
ENSG00000197943,0.6059556527741019,0.48906419725569195
ENSG00000174943,0.8932857801333274,0.7161410416875583
ENSG00000188827,0.39857218448369447,0.28822727659622027
ENSG00000171490,0.5375488033162853,0.8197783859662737
ENSG00000103342,0.6953283066372913,0.7917401788631808
ENSG00000048462,0.9787258826717015,0.785673744995472
ENSG00000102996,0.8303508947690519,0.45436658272597774
ENSG00000103005,0.7972739195834968,0.8946139306199297
ENSG00000254206,0.9741814797905948,0.8483356601386473
ENSG00000196502,0.5443770825555238,0.605337918555599
ENSG00000102977,0.6041026964102542,0.43928047703158535
ENSG00000167207,0.36671773928382856,0.314167392941204
ENSG00000102893,0.41523424523063535,0.6648689261486886
ENSG00000100726,0.2422165395834076,0.34202711562350246
ENSG00000103249,0.5544880376512249,0.4903833571553201
ENSG00000277639,0.9903751945851303,0.7328808845605769
ENSG00000180185,0.5411275799988534,0.3190546978708298
ENSG00000168101,0.7166012882931334,0.8210449233366824
ENSG00000243716,0.4680814149751398,0.6615240068721825
ENSG00000214967,0.40243208250728746,0.7009880030115955
ENSG00000125170,0.5746869467592282,0.31765142851120676
ENSG00000234719,0.7719583516960068,0.5068621904583931
ENSG00000233232,0.7658631170498905,0.9926544548206725
ENSG00000181019,0.7612900837348265,0.6164327838509809
ENSG00000141101,0.5154081373131658,0.32398232418146006
ENSG00000102908,0.5127734077337373,0.31438727686514434
ENSG00000172530,0.5353474878640372,0.7806381211278659
ENSG00000166546,0.7859219826556288,0.8594059846000458
ENSG00000187555,0.8009617890757003,0.7005951628129496
ENSG00000261740,0.8887359616525836,0.4969575198981123
ENSG00000102898,0.4651001311691195,0.45452157539324567
ENSG00000103051,0.2012309681210582,0.29876199791912067
ENSG00000038532,0.8393970639601227,0.7961151151572419
ENSG00000103264,0.8253678784762715,0.7501965441260858
ENSG00000140941,0.0663453070684773,0.2538778227325397
ENSG00000205629,0.6803651254502474,0.8278487628933142
ENSG00000155592,0.9040078398919342,0.557393281663705
ENSG00000181625,0.6691606389915807,0.8101306842433721
ENSG00000008710,0.8429598843855883,0.8725503196896522
ENSG00000167964,0.5983681208067262,0.7331211173437171
ENSG00000131653,0.8459998255088217,0.9014304290643766
ENSG00000167965,0.5820636178970913,0.7577457253371704
ENSG00000182685,0.8437398636138163,0.492159542029063
ENSG00000184207,0.639190162624405,0.9428710521326603
ENSG00000167967,0.7086272472348787,0.6041186893207412
ENSG00000167969,0.639518244117266,0.8333705199745309
ENSG00000205937,0.23468401544960016,0.1860219411623842
ENSG00000102934,0.5242385405100254,0.41439557943147753
ENSG00000090565,0.8822344664894383,0.9182602588810418
ENSG00000103326,0.17420585290039245,0.1784520436448669
ENSG00000124067,0.19425764296802675,0.26922238025998785
ENSG00000103495,0.5705372925937933,0.5485459736909897
ENSG00000006194,0.7919586424858299,0.7325446171245731
ENSG00000197006,0.7727655677717791,0.8368997845693087
ENSG00000185716,0.22574606259600408,0.3569278998014219
ENSG00000270467,0.5627970408936029,0.8252982463772642
ENSG00000271178,0.8997990722702532,0.615625156629682
ENSG00000259680,0.9149512009273002,0.8253054886056004
ENSG00000198373,0.5710057814377147,0.44542941561524063
ENSG00000214940,0.16917015171011002,0.10403759418855996
ENSG00000233024,0.8088595699934714,0.783692015112129
ENSG00000185164,0.43866052329524075,0.8577112117934156
ENSG00000183426,0.38868914826578793,0.4662293303201166
ENSG00000179889,0.5712636590273181,0.6519040208683309
ENSG00000157045,0.07013861306817569,0.03771895402053834
ENSG00000085721,0.9472658978779019,0.8930921443740293
ENSG00000080603,0.9668447102432991,0.790421536342488
ENSG00000162076,0.4859701607518614,0.2959375093565933
ENSG00000087258,0.21740794311558023,0.18684095866118172
ENSG00000183971,0.06911744118686564,0.08904008529427787
ENSG00000169203,0.9673106326526176,0.7897370374100707
ENSG00000140939,0.11841145310331166,0.12608271282313865
ENSG00000103544,0.04403315435078163,0.07107100811675408
ENSG00000162032,0.9101930461119373,0.8620802143372002
ENSG00000140859,0.550817156823277,0.8028835231130522
ENSG00000178188,0.6848970941393028,0.679575034405295
ENSG00000167978,0.5566162624372204,0.4602630295221495
ENSG00000164151,0.7931439668484599,0.5823199866706467
ENSG00000145536,0.06001235899093801,0.10356710791896692
ENSG00000171421,0.5955383433027357,0.6449114066763166
ENSG00000124279,0.5654833959581355,0.5358592464569265
ENSG00000078295,0.46761896444928064,0.42655725604186767
ENSG00000112902,0.5610024949418375,0.5595895014808693
ENSG00000145555,0.826575446616982,0.8073709483160468
ENSG00000133398,0.4432867341997492,0.545150816508057
ENSG00000124275,0.4177215254451294,0.6452798253504217
ENSG00000113569,0.6669678779983412,0.48426045833018616
ENSG00000183580,0.011090170448888013,0.014164624465675624
ENSG00000152582,0.6176014631942413,0.6173708804357074
ENSG00000164327,0.7050952865521689,0.9483445538245847
ENSG00000056097,0.7942501519370364,0.9186458643193477
ENSG00000177058,0.8476471360182467,0.9886554779637107
ENSG00000164294,0.006308449913268398,0.03878280134237261
ENSG00000016082,0.5077928393237836,0.6845487876846283
ENSG00000154122,0.22506130766126092,0.30652944293486406
ENSG00000113593,0.85983292813819,0.9634549584025194
ENSG00000151876,0.13773058252937,0.14002520910354163
ENSG00000113389,0.020799323936137103,0.03708938782783906
ENSG00000134363,0.5342372600207576,0.8355901182615726
ENSG00000112996,0.35875552919633447,0.23045095508021157
ENSG00000112964,0.009662613210737973,0.015340337122200912
ENSG00000151388,0.010729115186116923,0.023841128052361535
ENSG00000234602,0.4438356470223559,0.2580466920336717
ENSG00000039560,0.01247071292564256,0.016845210827406584
ENSG00000070193,0.19338525744810295,0.153327400771531
ENSG00000172244,0.2841814662840065,0.20737023528789283
ENSG00000170571,0.06910952375492571,0.3298513994484922
ENSG00000164181,0.249960962555117,0.27992482355696424
ENSG00000213949,0.1595362274909032,0.10635996333917892
ENSG00000035499,0.9753337288429468,0.8904361425009346
ENSG00000049860,0.35370618517800645,0.6038922273030845
ENSG00000198865,0.30480100250824077,0.38044350247181935
ENSG00000039123,0.912248093276439,0.5937657102922571
ENSG00000174695,0.281727629820859,0.5005693893442773
ENSG00000145681,0.21322505031702152,0.33523958823186073
ENSG00000038427,0.0011687684975122859,0.004062728670854222
ENSG00000083720,0.6950809602883778,0.9215139425084337
ENSG00000113387,0.682440547753455,0.8931847307148925
ENSG00000113597,0.9450177741017506,0.8086635682097554
ENSG00000113088,0.5516205552642077,0.682260609025445
ENSG00000113273,0.14780215813322026,0.2414573329608568
ENSG00000123219,0.8512830545384567,0.704863603083589
ENSG00000133401,0.1052202691491846,0.11159436618841573
ENSG00000134480,0.6762498441567664,0.8158176168923427
ENSG00000130449,0.11023131845895592,0.26376947014744
ENSG00000164171,0.7436379737065864,0.7213881192088922
ENSG00000152409,0.7070929493807969,0.9974536759405295
ENSG00000168621,0.9684282967315283,0.9929406775763924
ENSG00000164300,0.908684781633581,0.9173723302046591
ENSG00000164190,0.7961749031191125,0.4927343014187855
ENSG00000131730,0.3430067986996939,0.6040104864925416
ENSG00000145623,0.24271639541789417,0.5656634995076515
ENSG00000253251,0.7271953859035487,0.3453420680839968
ENSG00000152348,0.8075388556749883,0.6362742608134718
ENSG00000113319,0.01162475128184982,0.02290931553643028
ENSG00000197860,0.38117998106767037,0.5313371339753052
ENSG00000113384,0.9091961528134156,0.8945557034052951
ENSG00000112874,0.3176057574795954,0.10561097289606258
ENSG00000062194,0.9834583624938044,0.6733935677628871
ENSG00000113318,0.1536332185312506,0.3474728057407326
ENSG00000134061,0.5943283875685303,0.7964638676914699
ENSG00000168685,0.38579544292782475,0.5072477305953161
ENSG00000127184,0.11080406062254636,0.25660100111338197
ENSG00000152669,0.029057057187586315,0.022171249455436567
ENSG00000113494,0.5220009992906517,0.3380279832914229
ENSG00000152495,0.1018294659566857,0.19788623024037816
ENSG00000250722,0.30865417756051644,0.43646111034281054
ENSG00000164258,0.3012536871802316,0.5346366632353807
ENSG00000164211,0.5833838633022476,0.9832330876016505
ENSG00000175426,0.12225610385499663,0.1487329484210222
ENSG00000113391,0.45125139020005633,0.4691191649911761
ENSG00000067113,0.06949506873122281,0.05018602957884917
ENSG00000145782,0.7098677130744722,0.8882863426537257
ENSG00000164199,0.0010103590181317252,0.009883427785149588
ENSG00000198961,0.05045100762487247,0.11719045770279596
ENSG00000157107,0.9036852997309934,0.5346983971862678
ENSG00000134982,0.7606364060993528,0.9312325945923046
ENSG00000164400,0.19692949295236176,0.3448389856955427
ENSG00000155324,0.38815849810448744,0.3439313539768324
ENSG00000113595,0.1822356798093043,0.287255849137966
ENSG00000129596,0.029467110624001033,0.028503283815952185
ENSG00000164318,0.0029199147442460836,0.004299433832333408
ENSG00000169570,0.6086473588818943,0.4286625899009048
ENSG00000129595,0.982633913457146,0.6258054997597242
ENSG00000113522,0.49096734134970155,0.891860717931143
ENSG00000177879,0.1864478329696363,0.21773456665803453
ENSG00000113369,0.05660355882807794,0.12887878610018838
ENSG00000164209,0.5734638454124551,0.8051675818832853
ENSG00000113368,0.21571157725796444,0.1064880145036841
ENSG00000134986,0.0014269559777985647,0.0019237927107403803
ENSG00000120708,0.07483501975366032,0.13540402083180056
ENSG00000132840,0.31937899013517157,0.3013133988763996
ENSG00000271824,0.8613921788491903,0.590672044071419
ENSG00000164176,0.01702719027082731,0.017532659690141793
ENSG00000164902,0.45412175599349447,0.23937866812378553
ENSG00000058729,0.8543640698062798,0.8796613887529453
ENSG00000184838,0.16502778038948862,0.2964110069480745
ENSG00000145826,0.8884071238847533,0.934181383787818
ENSG00000113361,0.007760513688979662,0.013047298142594472
ENSG00000152413,0.18801376263029754,0.5185392994302135
ENSG00000053108,0.04948047915791644,0.10159362748575947
ENSG00000113296,0.1945268247522231,0.2184681368101255
ENSG00000112992,0.6658465380178358,0.8105313732243922
ENSG00000112972,0.8816330126612477,0.9595290127039267
ENSG00000131711,0.06419035317582121,0.03937459038918287
ENSG00000283782,0.316592331022559,0.5486198712032115
ENSG00000164283,0.10101172873283522,0.10422903797001554
ENSG00000151882,0.9627188966817678,0.9537652353254074
ENSG00000205571,0.8683959891126016,0.9775747068051326
ENSG00000173926,0.3293238422074805,0.3110849276167298
ENSG00000176788,0.005328862572078994,0.01755749223906126
ENSG00000157111,0.13523280283356343,0.16663189790701785
ENSG00000164219,0.5689131307390707,0.44259672618135415
ENSG00000113658,0.08621101748910959,0.16261531678261917
ENSG00000164197,0.050009958405329374,0.058432720964907786
ENSG00000145649,0.7629543469703505,0.6393880523847906
ENSG00000155329,0.42635489540589455,0.5658581529651452
ENSG00000145780,0.776578686385316,0.8244413272329032
ENSG00000082068,0.5388401475071678,0.48212982045298236
ENSG00000172239,0.8797953820914135,0.7115170399209143
ENSG00000064652,0.9641177586997797,0.7745011098756499
ENSG00000113532,0.3147572909045851,0.6103411740525526
ENSG00000134970,0.48470682303924717,0.7574597585956777
ENSG00000164308,0.28403575659738906,0.21274701101154517
ENSG00000205302,0.3918727886968363,0.6469883293929375
ENSG00000044115,0.9918032347826389,0.626945280754674
ENSG00000091009,0.7981722965686421,0.7045948459128047
ENSG00000178996,0.4364227325718444,0.43471247665648605
ENSG00000113272,0.6719306207491592,0.3730766443820308
ENSG00000152684,0.8160980950975224,0.5928794182965298
ENSG00000120137,0.8897463891831164,0.5712141704041793
ENSG00000145685,0.1567145762892426,0.31934559039107907
ENSG00000072786,0.5989861304224624,0.9269112277303069
ENSG00000132570,0.47265732155591633,0.6046916657000776
ENSG00000150712,0.3050992840329329,0.28872962189138335
ENSG00000113657,0.029367096277562222,0.022559392466706345
ENSG00000155858,0.9057919513797252,0.776356512260759
ENSG00000072364,0.26884679366496045,0.5350074184597156
ENSG00000157510,0.05446845840124337,0.09743145951016348
ENSG00000145817,0.2217342567848611,0.4652893516086054
ENSG00000164221,0.9087433386748069,0.9406342138993428
ENSG00000197948,0.9273359462180587,0.7005027484230897
ENSG00000168938,0.3391046128003521,0.6066518500319436
ENSG00000113638,0.9934421580174703,0.914944536181523
ENSG00000113441,0.4920694683199679,0.6558934797409417
ENSG00000165810,0.5560825804238847,0.30983793647872304
ENSG00000155846,0.17114361330884903,0.23524112427243143
ENSG00000131507,0.5239506760504975,0.9454297455230712
ENSG00000064651,0.8584768707476238,0.6804933168279199
ENSG00000168246,0.17314191848546676,0.3046625073403568
ENSG00000113552,0.9772068221659148,0.5950159280923843
ENSG00000161021,0.8507712392721873,0.796045948150002
ENSG00000164576,0.7710765866198871,0.9623467243171239
ENSG00000113643,0.9156519555674332,0.596523988208784
ENSG00000221886,0.6221796201623221,0.5794820841896393
ENSG00000112984,0.37139126704280867,0.7498089629786093
ENSG00000251201,0.4791205935687014,0.9322874176886815
ENSG00000174132,0.4585577541556599,0.5432782398361766
ENSG00000145781,0.017208489188312637,0.06537610545598041
ENSG00000145779,0.8750525841407805,0.9575785389877713
ENSG00000228716,0.49827842611084006,0.5778232217685729
ENSG00000156463,0.5914070807264281,0.5298411621513073
ENSG00000174705,0.11823655348539688,0.21931327181417828
ENSG00000275740,0.7980475192839083,0.4765276947491671
ENSG00000164611,0.6904503177795746,0.5027601987054271
ENSG00000120705,0.6198347869318076,0.8949791033328209
ENSG00000145819,0.9258121127956178,0.3650191672253875
ENSG00000164265,0.3299545138714534,0.36517859992158186
ENSG00000081791,0.8247759085946074,0.3561409206994185
ENSG00000118985,0.023831352393674007,0.03247013224731885
ENSG00000131459,0.02988115037105774,0.0431257931939809
ENSG00000113578,0.02510084735242499,0.00843854636398544
ENSG00000164284,0.838567139985573,0.9337491514166429
ENSG00000120149,0.26176364380320466,0.1540433912228615
ENSG00000145919,0.36579107272765854,0.638168083297136
ENSG00000164609,0.7380096354105024,0.4329473645994065
ENSG00000120318,0.2563577004880661,0.5838912889028107
ENSG00000118322,0.5342920913759874,0.492399409735511
ENSG00000113580,0.024891053943273393,0.06879553862802201
ENSG00000113303,0.5397067781298064,0.45072905989349865
ENSG00000113594,0.13154976448273667,0.19704524269181087
ENSG00000145715,0.0475744412723709,0.2084184715575577
ENSG00000082515,0.5695714487352113,0.8901643848922144
ENSG00000164904,0.3629168170011672,0.3703079958307265
ENSG00000183072,0.6432864754498031,0.529697026533593
ENSG00000171522,0.3164128478847653,0.13319818745864587
ENSG00000183111,0.2710556976688932,0.36071714719755976
ENSG00000123213,0.07418328213804061,0.20150103804966857
ENSG00000213316,0.2689216850664394,0.27949563324131205
ENSG00000171992,0.1016667854447718,0.12434804328150208
ENSG00000120725,0.8187827323870059,0.8928173583585227
ENSG00000113300,0.8133632945074996,0.5448435697284009
ENSG00000094755,0.506810664472697,0.5581227749545958
ENSG00000013561,0.18154460059585958,0.40045844502234784
ENSG00000214357,0.3921021744283131,0.45242764175099126
ENSG00000039319,0.865335476020766,0.8243334785716602
ENSG00000168903,0.350223271781827,0.2755809749407156
ENSG00000161013,0.6443478244427048,0.732428887354064
ENSG00000164466,0.6973102963382277,0.4464561842410265
ENSG00000198108,0.029315850982472327,0.04925081857154704
ENSG00000178776,0.00728074313620306,0.003789419145132501
ENSG00000198944,0.824142366551744,0.6656116507183254
ENSG00000164402,0.23864781124998602,0.404219682093089
ENSG00000113742,0.6050170587510507,0.6836255939829541
ENSG00000070614,0.21733636469558087,0.1845163103868003
ENSG00000113269,0.5423050039735304,0.6860204618279004
ENSG00000161011,0.3375922726850332,0.3972135375291965
ENSG00000145882,0.5178712219172803,0.6575678955291808
ENSG00000152377,0.023089931176372366,0.07525761628571036
ENSG00000133706,0.24542415745042695,0.4004741437732551
ENSG00000249751,0.027802015110092757,0.030271432683771207
ENSG00000145861,0.052365099635144116,0.02932110377931926
ENSG00000086589,0.2998747097987672,0.6638240008740456
ENSG00000164574,0.12010802251987117,0.3493102057397276
ENSG00000151883,0.25384301742564414,0.4894631843655577
ENSG00000198055,0.3272411924414475,0.2410528280383457
ENSG00000131188,0.6844584136955025,0.5422870408320235
ENSG00000183258,0.15893211291967124,0.21951214675325448
ENSG00000164296,0.050042458990725604,0.04343899441272789
ENSG00000113716,0.3851657300241279,0.7773946191560808
ENSG00000182578,0.0663793934553224,0.10940709386492806
ENSG00000113721,0.01681775684095186,0.03305504805891688
ENSG00000164307,0.863728104610008,0.9594775640777388
ENSG00000164366,0.8886385238305716,0.6287132678443402
ENSG00000180104,0.5636198305353934,0.38649453906606135
ENSG00000066230,0.8501016921043426,0.8891384820176612
ENSG00000112877,0.1773301342471779,0.13396081548686659
ENSG00000171368,0.7472070843446172,0.9178998296028797
ENSG00000015479,0.8707605953785761,0.4593759312420189
ENSG00000120727,0.19127520876988124,0.3313432492916429
ENSG00000170482,0.12745893056746638,0.13643078699024544
ENSG00000170476,0.829830401994921,0.8896901346216542
ENSG00000228672,0.8776996555944165,0.8620583033761874
ENSG00000170464,0.05070035811314893,0.06616828201537388
ENSG00000177034,0.04225173212865746,0.1102897362826187
ENSG00000170231,0.2082111766251824,0.3158388817089643
ENSG00000184347,0.06773106992745623,0.05556438634412258
ENSG00000152422,0.4507232799043668,0.5590221595140095
ENSG00000145494,0.9361794091757198,0.9698780189425974
ENSG00000132911,0.6625528065612583,0.7255026942971188
ENSG00000243414,0.198274712603446,0.12232920967669501
ENSG00000205572,0.48668734189852947,0.5303222958270934
ENSG00000135074,0.3306124986682729,0.5663915428367563
ENSG00000037474,0.6165556560477221,0.4496708045126441
ENSG00000145545,0.8978731034301602,0.7924441886791909
ENSG00000112941,0.4504226973536315,0.39300638557926326
ENSG00000188725,0.5915878151226399,0.8385907312702148
ENSG00000169567,0.7299665001819675,0.4267720212074293
ENSG00000186687,0.46404693016251886,0.37807095544046554
ENSG00000064692,0.062071023059765425,0.12756636986164993
ENSG00000131503,0.6914476408545158,0.8524981578714603
ENSG00000254996,0.8567620720284095,0.862006330253199
ENSG00000243056,0.1998995544296518,0.1982188573144082
ENSG00000131495,0.12688967895895692,0.20916574390920223
ENSG00000112855,0.8699162108762764,0.683464694801873
ENSG00000146007,0.12718334702233103,0.30989485132637223
ENSG00000243232,0.020190504027958224,0.07339194939049526
ENSG00000156427,0.7086672917168451,0.4403281019968742
ENSG00000145936,0.47772760718995577,0.3652976426004002
ENSG00000043462,0.3987089986168285,0.6280849769040144
ENSG00000170445,0.2373652822002492,0.3676638336648459
ENSG00000185129,0.8264529479788811,0.843943506434576
ENSG00000182700,0.42877771156990807,0.6030593161057352
ENSG00000120306,0.4338668900747942,0.3270156243197122
ENSG00000113068,0.14825014061101602,0.1774281264188085
ENSG00000153037,0.6970183310307962,0.8200780909566815
ENSG00000129625,0.39156620062428227,0.67734903802541
ENSG00000176055,0.7857616214838145,0.7323747212916901
ENSG00000113356,0.45411597818291416,0.42853693422689076
ENSG00000176018,0.5314634845458337,0.8796838286637654
ENSG00000113327,0.3710851562309059,0.4105304411317071
ENSG00000168944,0.950059163057693,0.6615847158822297
ENSG00000170271,0.15653937537344798,0.07395089037749472
ENSG00000082516,0.3227633581868979,0.6777561433168153
ENSG00000205089,0.8667880883863754,0.847515460248152
ENSG00000187678,0.14616496926265848,0.2924208507916309
ENSG00000196670,0.5638252119142246,0.38359433341083904
ENSG00000131446,0.2605513596005785,0.2843242566711581
ENSG00000153140,0.7172231870251433,0.8487400206531297
ENSG00000113282,0.8633734040153471,0.640312394993679
ENSG00000086200,0.6482904229887997,0.6665005886371642
ENSG00000113555,0.023161240767651907,0.030454561725953858
ENSG00000113119,0.035301694276009245,0.029493387536464796
ENSG00000112983,0.6176956632531949,0.9111457337468847
ENSG00000113645,0.5039982206980247,0.1854054469971435
ENSG00000158987,0.6834609177371915,0.7145484334340293
ENSG00000092421,0.012292915980142158,0.029580606786503514
ENSG00000152503,0.5902397413972922,0.8517424920847686
ENSG00000173210,0.10926689899311513,0.21161386673362706
ENSG00000132912,0.3348209650875982,0.6745066601259777
ENSG00000164180,0.4402277411027521,0.32600308097692965
ENSG00000155545,0.5546983254087974,0.37756999102507927
ENSG00000113407,0.6108680534472233,0.35751065585757746
ENSG00000153113,0.04357082838837664,0.06751252686394345
ENSG00000113013,0.9134673886719077,0.6009738538499184
ENSG00000251493,0.4190783209307748,0.38748320160901784
ENSG00000164331,0.7282444071128482,0.6361566359739523
ENSG00000164338,0.664834095776953,0.3510211962985612
ENSG00000152700,0.21261580630571636,0.5018192850463381
ENSG00000113615,0.15098809447217607,0.3451318744846321
ENSG00000164615,0.117050852448951,0.10044816547978155
ENSG00000145833,0.6965953962127573,0.5916017875176078
ENSG00000181904,0.20155198022971235,0.2906898788364464
ENSG00000113621,0.35930051356004133,0.4823713160403106
ENSG00000177556,0.03811974661939929,0.07697910862080441
ENSG00000082196,0.12324773667805897,0.0495260750066625
ENSG00000169258,0.2262347284251045,0.1533484755187302
ENSG00000048140,0.5046551838826531,0.30581656235300425
ENSG00000151304,0.7014034489428311,0.8370944654937342
ENSG00000113083,0.0024947659297596897,0.009468021208094757
ENSG00000181163,0.7252659428840409,0.8469976904107177
ENSG00000164182,0.43874080759765566,0.5096433465320906
ENSG00000164187,0.32872286625001357,0.2681142375134245
ENSG00000152620,0.3177147866011741,0.18991333270623442
ENSG00000145604,0.15565728384947705,0.14288961540194792
ENSG00000145907,0.7439208704266346,0.940610380280937
ENSG00000170561,0.17991683187226032,0.05426512762292175
ENSG00000169252,0.402931515285047,0.4297253400642417
ENSG00000164403,0.6260939123628371,0.801391450487525
ENSG00000131437,0.21358893619313837,0.4152548702389569
ENSG00000155508,0.9147765899712946,0.8261811157811698
ENSG00000158985,0.823735734294079,0.5440679542883413
ENSG00000164266,0.10996265996179552,0.17907724683697945
ENSG00000050748,0.7658250483747739,0.9632123774924223
ENSG00000197226,0.8833198570529708,0.7666394016328651
ENSG00000151881,0.6251318025889003,0.46349575547932065
ENSG00000156453,0.5551056443412725,0.8163471786500002
ENSG00000082074,0.5457267344401618,0.6949140397066391
ENSG00000164172,0.8234467160611025,0.9347219013125116
ENSG00000131435,0.08677612002774103,0.05547386525249513
ENSG00000197208,0.09803146428877936,0.12090713504887445
ENSG00000082213,0.2765084775075554,0.14553693062964232
ENSG00000072682,0.08461031395784187,0.13416705703569612
ENSG00000113360,0.7704936805479257,0.5954217293581322
ENSG00000172548,0.3012447123293991,0.2165123393478279
ENSG00000113161,0.7728289838941407,0.44972428531018815
ENSG00000176783,0.4637322990673406,0.6723769107491439
ENSG00000127022,0.8665756637257941,0.7720983941674731
ENSG00000183876,0.2000646711889469,0.15807282121784336
ENSG00000070814,0.306023863609598,0.2528181979390323
ENSG00000164587,0.2832403677125112,0.4227111149106786
ENSG00000079215,0.7295442648844143,0.7052005570488714
ENSG00000094880,0.724026305366936,0.934090456840857
ENSG00000158402,0.6505730655846784,0.5572152057565328
ENSG00000120709,0.46657390486162287,0.6466846260501061
ENSG00000120733,0.5007684950759586,0.7620007337255494
ENSG00000120738,0.19914444424965064,0.351415372245952
ENSG00000197603,0.268096362926725,0.31115059659839306
ENSG00000072803,0.6075325644206231,0.955032964588978
ENSG00000055147,0.13763707633246605,0.18248824397470592
ENSG00000037749,0.09066834896287237,0.24205459834418136
ENSG00000125347,0.1488142210796698,0.11117637244193124
ENSG00000176087,0.8320500710401987,0.632683498061654
ENSG00000170624,0.08155111429793781,0.0681384532746454
ENSG00000086189,0.42958804301723086,0.5008902031337996
ENSG00000184349,0.1816098955232075,0.35370242389941586
ENSG00000164244,0.5648606719191658,0.8872467686680543
ENSG00000134058,0.782828969076501,0.6992760207746442
ENSG00000183323,0.3026597288037837,0.16938648926133035
ENSG00000085231,0.6077628317501502,0.9517452345053318
ENSG00000152942,0.8279038943431882,0.525513321024722
ENSG00000152939,0.9966949230744058,0.5897237439680846
ENSG00000183474,0.635061320912113,0.5422509083306649
ENSG00000197822,0.7632319865780277,0.8026871436240886
ENSG00000066583,0.6389834872262938,0.5474467135988977
ENSG00000173545,0.9283194178711502,0.525251072937791
ENSG00000171617,0.23150064786856797,0.6546749900807304
ENSG00000256235,0.043940616058912876,0.08643274432941578
ENSG00000112893,0.39335555034098213,0.7481299909951511
ENSG00000113739,0.32811442663528906,0.6808140567823513
ENSG00000177721,0.7192521556281819,0.8797175645922901
ENSG00000113108,0.8696440248617103,0.9022553470383069
ENSG00000146094,0.7264407974315317,0.9593414224427871
ENSG00000186468,0.23955927357322196,0.5898048120225724
ENSG00000172795,0.3713478846698529,0.7768681694434388
ENSG00000168916,0.6416409646736538,0.6768065054690844
ENSG00000113312,0.6377221674207458,0.8802172194161222
ENSG00000145632,0.6502586669831221,0.5472359577865376
ENSG00000145723,0.6155745877888891,0.4816924496481487
ENSG00000113163,0.48429800180312343,0.8408515095989203
ENSG00000049167,0.5905946652049969,0.6911673865588117
ENSG00000164326,0.05081018582049996,0.04216641488965847
ENSG00000133835,0.8411953452523901,0.5225917175006262
ENSG00000154153,0.8471261136648328,0.9788988622016395
ENSG00000083312,0.47346183289647825,0.9399892994360285
ENSG00000213523,0.9473122187313578,0.949309515323793
ENSG00000043143,0.5944502993318769,0.9941914568905972
ENSG00000120314,0.9472068287749817,0.6755576369227794
ENSG00000113649,0.607783315540227,0.2996736840354322
ENSG00000253910,0.9473563874259303,0.9121800496302759
ENSG00000253731,0.7948348702748422,0.9901158875011209
ENSG00000261934,0.24057462653526498,0.3167667305322904
ENSG00000253846,0.15845486492555513,0.18990973386028545
ENSG00000254122,0.09598688344765116,0.0938507896283922
ENSG00000253159,0.06334394938245648,0.0934554687993123
ENSG00000240184,0.022084298833493585,0.015488439110144268
ENSG00000171720,0.8977973465231218,0.704907502659071
ENSG00000164620,0.8427198444355071,0.8637087396998604
ENSG00000276547,0.0372668790816659,0.02864325111931757
ENSG00000063438,0.08487610079961938,0.045139750292766304
ENSG00000145730,0.5309599995926816,0.5876445181694032
ENSG00000172262,0.1257811175903945,0.05038747700675878
ENSG00000164241,0.09219447689037254,0.08504592295664813
ENSG00000214944,0.3531292810106359,0.4210464819921461
ENSG00000172869,0.5163416157173824,0.7698504225312031
ENSG00000145908,0.04241591519069377,0.07875697935375056
ENSG00000186314,0.9503436572850884,0.9656541884958219
ENSG00000164329,0.8654778668323257,0.6816182589343764
ENSG00000131844,0.6751605922951804,0.35125263700132225
ENSG00000146054,0.9053958665940782,0.5914798226183927
ENSG00000146063,0.46626425751180256,0.35270519533948896
ENSG00000204628,0.44837228194594725,0.6503734746675832
ENSG00000183718,0.8787991830185239,0.6285467607550828
ENSG00000249915,0.5431416486241831,0.507503718594041
ENSG00000160867,0.7243846203171971,0.7614324218471873
ENSG00000169228,0.43390923376254786,0.33526726116940864
ENSG00000169230,0.6495600939159701,0.8109129024430213
ENSG00000169220,0.2959939998422061,0.37239484759604147
ENSG00000028310,0.8263055808544948,0.7063876214222975
ENSG00000071539,0.5234017342779913,0.35883107311198115
ENSG00000145506,0.7927496711341379,0.5669637435844332
ENSG00000113504,0.12179254093523732,0.045153829740947435
ENSG00000164405,0.2348066279502474,0.44364462759040857
ENSG00000164406,0.3322815420983318,0.3557671841503198
ENSG00000165671,0.6525124009532686,0.3209900038544016
ENSG00000113722,0.4760011320130959,0.6474345127073273
ENSG00000161010,0.8040894348767241,0.8752936112038594
ENSG00000145743,0.8974249181394262,0.8467073370029082
ENSG00000185305,0.6335535523833542,0.778071413145266
ENSG00000067248,0.9179727323994786,0.6443600963734549
ENSG00000205765,0.8763526802407565,0.8052122178921043
ENSG00000132563,0.2017535795763619,0.105281335950884
ENSG00000113240,0.21981772493319957,0.3883762621865676
ENSG00000073578,0.2980981202915831,0.19643187667697384
ENSG00000113448,0.9110201402179282,0.9358399042744886
ENSG00000135083,0.1647906758361275,0.303621085977136
ENSG00000170606,0.6241802116504631,0.9823077882900773
ENSG00000151422,0.1650074163010445,0.3815704181812357
ENSG00000131504,0.9169279728046582,0.43628591072289236
ENSG00000217128,0.9777854811993097,0.6514380188226256
ENSG00000113749,0.11617226215420041,0.33960081424146904
ENSG00000145741,0.49112223555893597,0.7292423740107978
ENSG00000069020,0.7993078956868351,0.8859627631603031
ENSG00000113758,0.42296758330857076,0.6263292648283707
ENSG00000253305,0.17049208333487276,0.16483375103927428
ENSG00000175471,0.3211869403306293,0.66677134837237
ENSG00000153404,0.20938351076977374,0.22050020278965718
ENSG00000155850,0.5270380269398439,0.4963958063694076
ENSG00000197375,0.28016599086929234,0.1939721918039783
ENSG00000188818,0.45024802675091724,0.3679747093223288
ENSG00000112852,0.027673646470494626,0.10065559307761365
ENSG00000113205,0.23404695596778727,0.4145537707102499
ENSG00000081818,0.022941076436266736,0.039037396975175935
ENSG00000113209,0.0049445563036244105,0.008577971880445305
ENSG00000120322,0.7688385187866908,0.9946941647801497
ENSG00000272674,0.5739558796716895,0.9180470291611016
ENSG00000177839,0.6209663867017965,0.9519161752423639
ENSG00000120324,0.3832018292312527,0.6404731325787814
ENSG00000197479,0.6692181727392533,0.7297038192546941
ENSG00000187372,0.91495551454603,0.7971798306408832
ENSG00000120327,0.8849977884831884,0.7786684121266799
ENSG00000113248,0.673415249876278,0.537250190771809
ENSG00000178913,0.4768527474586103,0.7209636499955334
ENSG00000273841,0.23761141586355577,0.5633070004533618
ENSG00000113141,0.5199270468511544,0.9238831568243423
ENSG00000164220,0.7597469451865508,0.8197514313085343
ENSG00000181104,0.004666011617659796,0.012385352479596462
ENSG00000164251,0.37336826334445705,0.6814373170020505
ENSG00000120129,0.009601337941469017,0.013496303124019796
ENSG00000037241,0.6017913907588321,0.9714370172694249
ENSG00000113732,0.4401015988275938,0.6617944608917219
ENSG00000164463,0.318906081655088,0.5469302775087173
ENSG00000113734,0.9989556089171109,0.5603509632445003
ENSG00000153006,0.5076715771366371,0.7681320961847085
ENSG00000113719,0.8256209224007582,0.8180633465155172
ENSG00000153015,0.29199864097979683,0.3857449503680386
ENSG00000146083,0.9009474429218887,0.703572619516257
ENSG00000074276,0.8204862507535986,0.8713160846020053
ENSG00000170469,0.11588915436572253,0.09787421142546623
ENSG00000175857,0.14401341365233838,0.19474707408274322
ENSG00000031003,0.8109716189435162,0.8261660256360689
ENSG00000164347,0.9362138522213214,0.8892992939304369
ENSG00000164346,0.46683023692536985,0.5963314136305151
ENSG00000198780,0.3949901618307584,0.17191292664833832
ENSG00000019582,0.7648791687530101,0.7030709012366811
ENSG00000213347,0.11324747445111787,0.17978055452842798
ENSG00000155506,0.6815198624273573,0.8553792323304756
ENSG00000134987,0.6472585337819721,0.813047961105468
ENSG00000169223,0.9458402933481967,0.9339404604361161
ENSG00000113328,0.8608078107821255,0.9967132547408158
ENSG00000170584,0.4459054633549786,0.3188810217242588
ENSG00000072571,0.8274285600672578,0.4850974940371787
ENSG00000085365,0.21538248746222682,0.3643572526720992
ENSG00000132842,0.5985180545437875,0.9547062978988547
ENSG00000170458,0.19276284797341586,0.3354627439596985
ENSG00000038274,0.95858518374835,0.9194001499613711
ENSG00000153071,0.004501859447933517,0.010538012411540149
ENSG00000131187,0.5179363074989976,0.5439980317111779
ENSG00000040275,0.7090351775212874,0.8914464804355491
ENSG00000134516,0.5274221693317315,0.8435639651877553
ENSG00000132356,0.8139143114182315,0.8197834626371779
ENSG00000145592,0.8654915383650141,0.7420317159632808
ENSG00000132357,0.41020050002107933,0.5373638032980466
ENSG00000095015,0.736578889258851,0.5668970928962909
ENSG00000155542,0.4343982041770207,0.4004578997488838
ENSG00000119048,0.03593520712491391,0.06181263601694259
ENSG00000237190,0.1407993480509535,0.11148812600946732
ENSG00000164330,0.13917590172313207,0.18097933384322698
ENSG00000145860,0.2272458774011232,0.4889453650373742
ENSG00000164332,0.6143443439494009,0.9288101246315893
ENSG00000145740,0.9746025359558559,0.5238447253797489
ENSG00000134057,0.7087869878266171,0.7436280963696917
ENSG00000155868,0.675756038863639,0.9020457474300383
ENSG00000151292,0.6913720897742834,0.872221394481263
ENSG00000113263,0.8756448254167668,0.884583103772588
ENSG00000051596,0.5864837183117491,0.9536726514654874
ENSG00000170085,0.438681186904446,0.6311290044237261
ENSG00000122203,0.3441017342198618,0.43489760250395915
ENSG00000175414,0.8231291012984379,0.9450935702014962
ENSG00000048162,0.6867020829522421,0.886086743581125
ENSG00000146066,0.6800054036293592,0.563506788737751
ENSG00000175416,0.28526417237642193,0.24265627591635439
ENSG00000113194,0.6971283005426072,0.8792703922623261
ENSG00000113763,0.25932476929573894,0.2188518395053249
ENSG00000160883,0.4591165656341408,0.3441861604315438
ENSG00000087206,0.9489673231587716,0.6358367689887459
ENSG00000113761,0.4277150818546839,0.6980961128750707
ENSG00000184840,0.22661300976101892,0.42132880674280604
ENSG00000027847,0.08717507259421269,0.11523812042311775
ENSG00000145911,0.8879805949761687,0.8099704072195554
ENSG00000145916,0.9833225457116938,0.9232534149683063
ENSG00000197451,0.6736419353728276,0.7126998264879516
ENSG00000175309,0.8525202250260038,0.9891308579384973
ENSG00000154124,0.628459982815395,0.3581288135845171
ENSG00000145912,0.7259759966056648,0.7552344893388429
ENSG00000135077,0.8185046477965655,0.9194299965087821
ENSG00000145675,0.3462659444779841,0.6111910408260885
ENSG00000145920,0.2781892456405882,0.5719549128215284
ENSG00000170234,0.6179080414730478,0.8614296462226088
ENSG00000049883,0.08040433315662031,0.3560228269737077
ENSG00000178175,0.2940602230435033,0.3965614233356568
ENSG00000211445,0.0018281378100203265,0.0023315289890552602
ENSG00000145901,0.7508839789919323,0.7155336019745928
ENSG00000198624,0.3924556552882781,0.4985971564334645
ENSG00000196743,0.7083515515873315,0.6931109905110575
ENSG00000123643,0.21477094393797688,0.3898775332685114
ENSG00000196923,0.0674344723369003,0.08833037828111488
ENSG00000113456,0.29641723217273286,0.2735168385742967
ENSG00000113460,0.4345741327245306,0.3099660084746449
ENSG00000153044,0.5904293995843264,0.5654248557075366
ENSG00000134056,0.0730299666269492,0.10656488120011193
ENSG00000176928,0.6686242292682651,0.852985281530859
ENSG00000152359,0.43400967400072954,0.9924760411556661
ENSG00000145703,0.32481663898900454,0.14368546411375954
ENSG00000164252,0.5733156016833532,0.6119797278696674
ENSG00000132846,0.9144507765655213,0.8478657017792944
ENSG00000113231,0.05621064342502859,0.06316842555937917
ENSG00000164253,0.7644219148781286,0.903614479817634
ENSG00000171530,0.30659828100709396,0.32920207565869003
ENSG00000133710,0.6622318292185713,0.6569948373029397
ENSG00000184584,0.2548370642259654,0.34437054818335944
ENSG00000171604,0.8714212355514095,0.8686417181882912
ENSG00000131508,0.4490927064266753,0.9165295090953368
ENSG00000113048,0.7387317491956098,0.8496076337057414
ENSG00000164291,0.09137427232294398,0.05581028614946967
ENSG00000145569,0.4426170859365427,0.634900115772006
ENSG00000134352,0.1361315389905167,0.1632068216244264
ENSG00000168724,0.41429538543812794,0.3383654672242541
ENSG00000181751,0.6954462300594647,0.715505210499016
ENSG00000145725,0.948833845477201,0.9703977658225095
ENSG00000069011,0.7462723219074126,0.6781940247346887
ENSG00000145824,0.7853434817059461,0.632303644594936
ENSG00000055163,0.9394910615956006,0.5621740905547037
ENSG00000234284,0.9861370679660487,0.7037284598082545
ENSG00000087116,0.0529792081244551,0.09853985853240015
ENSG00000146067,0.5480435493774897,0.43821346304801
ENSG00000112851,0.14230910787303638,0.2812475637842422
ENSG00000153914,0.93376825588977,0.7154412185159573
ENSG00000068796,0.9601219130209825,0.687562832893639
ENSG00000113249,0.07644748566041044,0.06938916407053185
ENSG00000198677,0.10546920136018008,0.17758765000261978
ENSG00000175745,0.03305886310146923,0.09850808205401437
ENSG00000169131,0.4996593281940048,0.44496729307012006
ENSG00000178338,0.8430366098860147,0.9728380906746678
ENSG00000242110,0.5048130729837331,0.966868834183966
ENSG00000197043,0.19054580539047586,0.19865729001806542
ENSG00000174358,0.3049959444229762,0.5146828746860825
ENSG00000049656,0.8258227198390198,0.6087412436015298
ENSG00000153395,0.6199145054450217,0.38995731751273466
ENSG00000172058,0.8270844889456019,0.7941683079194065
ENSG00000172062,0.4426738379184222,0.3200239413312394
ENSG00000145736,0.9801123851658922,0.9759952080438509
ENSG00000131732,0.5854643576576308,0.6819271422428498
ENSG00000145687,0.030082466908730295,0.035500551351506836
ENSG00000113558,0.15580776042939423,0.3218722108608129
ENSG00000113575,0.4726063814604017,0.8760149735751248
ENSG00000206077,0.6336566945774901,0.8174149511512517
ENSG00000161055,0.906911513324889,0.7658467077444753
ENSG00000037280,0.04574892061225821,0.05697175849725797
ENSG00000133302,0.784506140452684,0.3840371198240271
ENSG00000113648,0.7644248242307732,0.9886267350743743
ENSG00000280987,0.5617523107528315,0.4044969091793337
ENSG00000038382,0.15067699098946666,0.1848687827779555
ENSG00000177733,0.7450988129613246,0.7909752312170238
ENSG00000150756,0.914440032771479,0.8414949245611074
ENSG00000150753,0.7306395067626427,0.932030057140074
ENSG00000164237,0.853727427388862,0.7906097836693863
ENSG00000145495,0.7769624426312982,0.9339849409252753
ENSG00000113583,0.14185699373997646,0.2635755146326552
ENSG00000213585,0.7330665315811327,0.9481236737814991
ENSG00000081059,0.23225607465808984,0.2415845009120553
ENSG00000047188,0.7304350203047867,0.5605988062314334
ENSG00000171444,0.02508564246243579,0.041561919555332685
ENSG00000174136,0.2795869813156012,0.2958616481199501
ENSG00000153922,0.7517160618086252,0.4967364135376995
ENSG00000113712,0.5647692824247373,0.8412916827544019
ENSG00000112977,0.47539361148999015,0.8199381022196877
ENSG00000146013,0.1426666353069044,0.06833268410791739
ENSG00000113070,0.19365970126517298,0.2280949446860275
ENSG00000113140,0.0028323976596204134,0.005165631793049932
ENSG00000039537,0.10809394631431431,0.24580668880761114
ENSG00000112936,0.1050857419463144,0.10461882164170284
ENSG00000138829,0.04443280847625668,0.056001575958698147
ENSG00000169045,0.2185449046471965,0.1720709959379488
ENSG00000145879,0.2768593988223569,0.4369268920474386
ENSG00000204909,0.21009023844778899,0.22998253503707006
ENSG00000145868,0.449362344388477,0.9475301772041191
ENSG00000234511,0.02544302056651967,0.022832990952035344
ENSG00000122008,0.5430227959142708,0.835728428702899
ENSG00000175449,0.5908801081118726,0.4961639345463029
ENSG00000164292,0.03867908044215783,0.026743855023693443
ENSG00000173221,0.4230170212253068,0.5514960381156546
ENSG00000081189,0.20735996855878017,0.332392609013524
ENSG00000134121,0.20773476673438518,0.25267372869466487
ENSG00000144635,0.9744384171085687,0.8775505819445762
ENSG00000154822,0.8802333617662399,0.6590976774279711
ENSG00000070950,0.9050806285798566,0.7837730188872459
ENSG00000144668,0.11723843444975657,0.14673949019082877
ENSG00000188167,0.34115958470958774,0.2822446374299546
ENSG00000129810,0.3729187238786147,0.23230778471421104
ENSG00000093167,0.44265084600979654,0.5863291674801865
ENSG00000091317,0.7033176930503302,0.3997306640815238
ENSG00000170860,0.48597973562075525,0.4879887823815904
ENSG00000157152,0.058096552302850636,0.035777405242843896
ENSG00000178567,0.2759142307079381,0.32474008802541876
ENSG00000182247,0.16056975619165323,0.23908664650637623
ENSG00000114166,0.963248061716266,0.9059449424731065
ENSG00000187118,0.7833794027518396,0.7947337558441516
ENSG00000093217,0.6289556290355183,0.597002707557103
ENSG00000170011,0.5925580888922304,0.774921899266796
ENSG00000131378,0.19810743495495237,0.28232395269580957
ENSG00000170293,0.38390850387875597,0.4458892940107294
ENSG00000163528,0.8116363009443938,0.8905528002257547
ENSG00000154783,0.18915921782267625,0.27928263342555315
ENSG00000170248,0.7715632747414215,0.501735405863829
ENSG00000144455,0.323112381405786,0.43301499098369245
ENSG00000144642,0.016441645827570576,0.024454907008636922
ENSG00000175928,0.010894151886116322,0.019272621454806325
ENSG00000114353,0.544269845936691,0.6896598337233945
ENSG00000153560,0.8397755636951656,0.7570797539582848
ENSG00000163512,0.6055186963976542,0.5170966983989591
ENSG00000126062,0.3411611516914964,0.5246801842356736
ENSG00000114378,0.942557276997505,0.5744921591276904
ENSG00000114388,0.5350238959746865,0.7829020436393619
ENSG00000168301,0.4187917763966508,0.5609247150766308
ENSG00000144566,0.7125429900011924,0.9207544534449367
ENSG00000170266,0.36712321019103344,0.5605354953597883
ENSG00000160746,0.5300804298969934,0.48948659241695114
ENSG00000172939,0.7889805315553464,0.6210083036393155
ENSG00000088543,0.25531084069640575,0.3034610763420312
ENSG00000114383,0.23865113232712698,0.3409037435094755
ENSG00000144724,0.8153674183276789,0.7464465796838828
ENSG00000173473,0.5017222266664492,0.4761291481152923
ENSG00000170275,0.16455768256136277,0.10703098340309869
ENSG00000144619,0.018901350311153284,0.04377040188954434
ENSG00000068001,0.16864462439703665,0.17991776933226794
ENSG00000011198,0.3904325177879897,0.6031039316409689
ENSG00000144677,0.7275724292092592,0.7557031657953298
ENSG00000163935,0.29432352341707757,0.2420594957406767
ENSG00000114738,0.3157534005713624,0.27484503043351277
ENSG00000206538,0.01709492462505638,0.054815689429812645
ENSG00000114480,0.9110139118585788,0.8696572065553343
ENSG00000172986,0.022186888537411638,0.016483199461474515
ENSG00000114541,0.6249509647970051,0.9366554268164207
ENSG00000163618,0.3907822581814837,0.30104030056322295
ENSG00000163376,0.9499245416242909,0.9567322188511656
ENSG00000144744,0.15026448484547747,0.10793198845143158
ENSG00000121440,0.062657240931377,0.036447889741940784
ENSG00000080819,0.8433189350688597,0.8483907081717681
ENSG00000168309,0.5685733688439923,0.47367367877490285
ENSG00000227124,0.989028881760231,0.974758746253809
ENSG00000163378,0.8915294651573693,0.9463319489667354
ENSG00000044524,0.2937812171079685,0.32435849892276736
ENSG00000144747,0.14677863401751096,0.1154684795285397
ENSG00000036054,0.9667221365430636,0.892067974229895
ENSG00000154174,0.7351618927248096,0.5069767842159614
ENSG00000138468,0.6692303538653396,0.8427006998655556
ENSG00000184220,0.7714127378262119,0.6236311661317452
ENSG00000114021,0.33136080842602017,0.22094615290102057
ENSG00000255423,0.5019203004298289,0.49064449488382433
ENSG00000114423,0.7293604912697645,0.8286101792440488
ENSG00000206535,0.3477903903135582,0.6455180076713118
ENSG00000153266,0.369530787180102,0.5865305297114314
ENSG00000144810,0.01771272689326329,0.03541670500037927
ENSG00000170017,0.8395785655217987,0.964215424157365
ENSG00000144827,0.15972649273804435,0.1096160312584108
ENSG00000174500,0.9749210977788848,0.7426946888751049
ENSG00000163412,0.6867592124772344,0.49266156057706934
ENSG00000249992,0.9243274533634911,0.964800748535613
ENSG00000091972,0.03744036561706473,0.06670375663787377
ENSG00000176142,0.6311900270861641,0.4111409703787341
ENSG00000163666,0.023487279953473314,0.02709653494089296
ENSG00000145050,0.7862665965293535,0.5565006382084797
ENSG00000113845,0.7442693226192383,0.816934129559673
ENSG00000176095,0.9384590719437782,0.8635510911083193
ENSG00000198919,0.8548723406661607,0.9332914985638266
ENSG00000144837,0.10817855826266562,0.10019524607778543
ENSG00000170837,0.1108726567692602,0.08864790302566522
ENSG00000163814,0.2893788782910315,0.2520170953574369
ENSG00000121594,0.9366706651044409,0.6666023517933559
ENSG00000174738,0.14266278098078922,0.35778225081565285
ENSG00000080822,0.05605986174416768,0.05167683345702816
ENSG00000241224,0.5944327833309226,0.6363389304002973
ENSG00000189283,0.9487974867667228,0.9734580051369216
ENSG00000144746,0.8191968736972035,0.728084032116308
ENSG00000168306,0.0900917030091871,0.0737569542974307
ENSG00000153551,0.499806160607713,0.744849109113376
ENSG00000163611,0.8314913910512179,0.6112146578942801
ENSG00000163513,0.16918021466806538,0.4586731690636875
ENSG00000183813,0.8543706098443927,0.84002123412693
ENSG00000114446,0.6654879934001219,0.6021101607911954
ENSG00000185565,0.23063092114748687,0.3912760637940793
ENSG00000114520,0.8410485818997896,0.6565363125660633
ENSG00000121578,0.8722460584062748,0.6908068388956701
ENSG00000163870,0.6871064895044865,0.7264233678076376
ENSG00000144848,0.39416332756585004,0.17112850456719222
ENSG00000169087,0.9685823927958639,0.9252319866984446
ENSG00000259956,0.6257860672539035,0.6702299250835337
ENSG00000114638,0.009211785664455494,0.017771332220786286
ENSG00000170142,0.44040833795824685,0.5910732435588122
ENSG00000163519,0.8925239972798065,0.892698357137173
ENSG00000177494,0.7078717640705988,0.7562691483282901
ENSG00000163605,0.43239559579087816,0.48749975334525397
ENSG00000001617,0.5002861928054312,0.658118986557823
ENSG00000144824,0.013137159119897162,0.02412890305527008
ENSG00000158186,0.10359112954280623,0.3015560127309572
ENSG00000198643,0.2965787670562956,0.3801185773811231
ENSG00000114125,0.6272973284974314,0.6935032226320407
ENSG00000144909,0.49580404209530415,0.41329956033391635
ENSG00000065485,0.6295065807911409,0.8859022109793007
ENSG00000174564,0.26542728589575376,0.23057127849619058
ENSG00000138459,0.9507346382968108,0.812279323465639
ENSG00000145103,0.2822004736839854,0.36163778261488866
ENSG00000118007,0.7566759441557382,0.6096445793520182
ENSG00000206527,0.7359082722570118,0.7542808720238674
ENSG00000163430,0.019459893121981726,0.027154066207971953
ENSG00000157500,0.33288247138724714,0.42786086069232276
ENSG00000168875,0.0015351901523890964,0.0013036073187275756
ENSG00000114744,0.952085435950958,0.9321367924292729
ENSG00000177707,0.6491208269784547,0.9844501708819361
ENSG00000240891,0.12070900493971864,0.043211965275802816
ENSG00000163637,0.1481487804736911,0.0997138108893312
ENSG00000152977,0.7360424156763119,0.8207336563913528
ENSG00000175792,0.6759108278001493,0.9034287309707334
ENSG00000198829,0.4783241688195614,0.5250206072349481
ENSG00000065518,0.2639860672165844,0.3095371215925531
ENSG00000114107,0.29781262465526404,0.39699012312416426
ENSG00000163590,0.9417589059997705,0.7780195684758758
ENSG00000031081,0.22118249700499348,0.2712261839919363
ENSG00000047457,0.03408927303016853,0.09937320633015091
ENSG00000173193,0.8672857890399643,0.5472723969773395
ENSG00000159685,0.14788455307148407,0.10234090039536223
ENSG00000163762,0.10552545031317935,0.1696546396298472
ENSG00000163630,0.3542479914715402,0.1601031104708258
ENSG00000114771,0.004468166087964204,0.018199512138943847
ENSG00000169255,0.40770515155824605,0.6926717610650726
ENSG00000158092,0.9615629964178313,0.7653646500407649
ENSG00000114200,0.129758208231521,0.11836466200194003
ENSG00000114790,0.3286079542427778,0.21163569813799202
ENSG00000169908,0.2892969267735376,0.3846878736153121
ENSG00000181804,0.18054456694799437,0.2524741971968749
ENSG00000181788,0.631471434957251,0.6278527845634942
ENSG00000114670,0.992838912116099,0.8489707768153949
ENSG00000121858,0.3875380359227981,0.44769897753497556
ENSG00000173889,0.6738977490468352,0.9766658101513908
ENSG00000155893,0.7649169462874336,0.7879173827395196
ENSG00000168917,0.1429676405894546,0.32124641843542223
ENSG00000075420,0.1736276203384889,0.4518752528491834
ENSG00000090402,0.9065390682447432,0.887162855590305
ENSG00000163584,0.5111115149011309,0.3924798543307563
ENSG00000069849,0.7188508884986381,0.6624495527855551
ENSG00000285218,0.01355353852111779,0.012136452922030397
ENSG00000186329,0.4374184881612353,0.42047574832090484
ENSG00000163655,0.9866760886567187,0.6964738155161234
ENSG00000132394,0.4352091601609219,0.5479893444215055
ENSG00000169860,0.34573987696794106,0.5179493352186596
ENSG00000120742,0.9018415432507324,0.9266038307624502
ENSG00000154310,0.7386918452759197,0.3094802497315926
ENSG00000068885,0.660027032518711,0.5115786912294302
ENSG00000177694,0.9676255341852967,0.7765228911879812
ENSG00000181449,0.8661696740344225,0.8528668795230129
ENSG00000174953,0.5701218434371974,0.3245827880600598
ENSG00000085276,0.9270206207810121,0.6755091017198611
ENSG00000073803,0.4850270066599818,0.5531220356735809
ENSG00000197415,0.9026749778182438,0.6674020011415434
ENSG00000138463,0.36887745025061414,0.3282108354483912
ENSG00000175040,0.625508515729966,0.8612229092396373
ENSG00000082684,0.03344742961815153,0.05768408096677784
ENSG00000175054,0.9816862118614693,0.6453134590952091
ENSG00000169359,0.7647699499618481,0.9490487740539882
ENSG00000169903,0.4043449908089344,0.5398087917081413
ENSG00000163659,0.8885143238165066,0.9730028178045186
ENSG00000157005,0.562183632109396,0.5874431156896371
ENSG00000114796,0.44294242385805727,0.6556537902502464
ENSG00000136514,0.43969309408257096,0.4270939060870217
ENSG00000144730,0.6947478571610679,0.9110015930673708
ENSG00000138246,0.9020021223270036,0.8522727373481864
ENSG00000113924,0.9647270542135501,0.8741588892760596
ENSG00000163389,0.2285680349320646,0.17741712641727103
ENSG00000058866,0.33352117092100486,0.2565674660924325
ENSG00000172578,0.9497596986366971,0.7074725869615834
ENSG00000163638,0.09415699673106917,0.19113668548385515
ENSG00000176597,0.15406396027858252,0.09771798550301432
ENSG00000173905,0.7129679807910401,0.6522377221745722
ENSG00000152492,0.4221956161626784,0.7051260591429493
ENSG00000114315,0.911933733056467,0.969143258979341
ENSG00000175066,0.15741946509693236,0.11914661479000023
ENSG00000213123,0.48237273826138494,0.5213951851193471
ENSG00000113790,0.26665739624771323,0.4116087155695156
ENSG00000163959,0.606945115675291,0.8671385336772375
ENSG00000145191,0.9945319569004856,0.936930621064881
ENSG00000051382,0.3046408827248978,0.17699185062194187
ENSG00000144736,0.1385796469551551,0.1585843864727321
ENSG00000161217,0.8815095164310792,0.8975363953866914
ENSG00000186001,0.872936624348498,0.8769861366018646
ENSG00000174013,0.812371941180371,0.5295148397569329
ENSG00000113916,0.6049924421289052,0.871326749093115
ENSG00000163872,0.7917019203368975,0.44341996694865304
ENSG00000163904,0.541945631212668,0.4027333406617841
ENSG00000161267,0.4820021779065594,0.4306165992022065
ENSG00000163961,0.2521109772363573,0.19165336687409118
ENSG00000163900,0.9092345642040368,0.96828036346415
ENSG00000180611,0.2911065169286267,0.3786680386748451
ENSG00000090530,0.014801714626215821,0.018288252362023725
ENSG00000185798,0.4662902575946414,0.2696380718747897
ENSG00000188001,0.5949912200319545,0.49628821531407963
ENSG00000163960,0.3436033413342052,0.5229995225783031
ENSG00000181092,0.09674629167963802,0.11406089128268611
ENSG00000127249,0.6560893218115446,0.7332098560832825
ENSG00000244405,0.7749905606012042,0.8829684763168143
ENSG00000174928,0.4258633767326737,0.4555416532504274
ENSG00000181467,0.7391708780909998,0.871828564617527
ENSG00000182580,0.04394396053097047,0.04489973369735498
ENSG00000163898,0.6254232512892763,0.5289371081912303
ENSG00000163577,0.2310011431163816,0.34330638456484386
ENSG00000153283,0.8480434518616484,0.6555554621618358
ENSG00000163714,0.6384317759641875,0.36755386552512714
ENSG00000144820,0.9965649039690924,0.9562094401354251
ENSG00000163751,0.042251345062609684,0.15463907509158709
ENSG00000163754,0.1848016354236241,0.23123461655737687
ENSG00000071794,0.32965319574041524,0.33805837760024277
ENSG00000163755,0.8244635425277901,0.5703778322265847
ENSG00000163902,0.8305536743449979,0.5797600545580921
ENSG00000179021,0.10611531438812279,0.05517268897356864
ENSG00000081154,0.689461681063317,0.400720690262403
ENSG00000254999,0.49758932410650836,0.4557313955431114
ENSG00000134070,0.9241526244060216,0.8112153023269715
ENSG00000157017,0.23387648363099817,0.5144923376369173
ENSG00000157020,0.5178227666363762,0.6556094621296313
ENSG00000178537,0.4943317870651539,0.5849470929282994
ENSG00000178467,0.17670728051765866,0.14269847598886345
ENSG00000178149,0.6768041948231849,0.8595785154911838
ENSG00000178057,0.2434745343987622,0.1288342655648752
ENSG00000163634,0.451578153932613,0.6610890296442984
ENSG00000181847,0.3090709590234018,0.1505408824755549
ENSG00000076242,0.05470026462408008,0.11416474797465245
ENSG00000151090,0.04723889492477125,0.06697398774584505
ENSG00000172020,0.21736109693104536,0.12667094883419625
ENSG00000174748,0.5558120344041104,0.5433787346989893
ENSG00000169714,0.9153624466753305,0.7792865791792757
ENSG00000154767,0.4686263306792957,0.2929649183371999
ENSG00000073792,0.8954403566452208,0.9905084505914344
ENSG00000144908,0.4729740983271651,0.7511070969290827
ENSG00000175193,0.30409882567575125,0.31416716437611725
ENSG00000163660,0.3403132149033578,0.28148912376365587
ENSG00000144959,0.943823321554272,0.7252227792162365
ENSG00000170876,0.15098585249932855,0.22649609150490194
ENSG00000180834,0.572553459853161,0.8996592413643808
ENSG00000145107,0.16623636862583124,0.23720668965419042
ENSG00000198585,0.9082037709413776,0.7548110390055471
ENSG00000181744,0.9648915445779154,0.8528799492046466
ENSG00000144840,0.650182192700576,0.6293820606077059
ENSG00000163635,0.16421871770459412,0.11680809975195554
ENSG00000181458,0.003996589132252725,0.00750234698760243
ENSG00000075785,0.29824408979763345,0.43838013587620417
ENSG00000151092,0.23227377717596073,0.19759993538810122
ENSG00000151093,0.30859208079438233,0.29216028192665566
ENSG00000214160,0.7369399019328384,0.8789246100739018
ENSG00000284753,0.9281741324930877,0.7716638244517269
ENSG00000163888,0.9350961967861471,0.848288885422459
ENSG00000175166,0.6148060502299141,0.892736179667261
ENSG00000114867,0.7804332429876879,0.9221779431170473
ENSG00000175182,0.3284395001009972,0.1939192926913203
ENSG00000114859,0.7039301781180314,0.4958439088413158
ENSG00000060971,0.7771158833315096,0.9811591619349308
ENSG00000114354,0.7763615707897628,0.9071007921116743
ENSG00000114742,0.9027166923933962,0.7672625517899256
ENSG00000241186,0.4616842758076751,0.7502964647481756
ENSG00000178038,0.46805596127140603,0.325619451023215
ENSG00000283706,0.5945667765871758,0.9256471522537094
ENSG00000160808,0.4310350712413187,0.4172466862287316
ENSG00000160796,0.22655466086627324,0.23009830438515008
ENSG00000114739,0.792099728046405,0.750652788934574
ENSG00000121864,0.7111106882529244,0.4545360797660257
ENSG00000171109,0.40661633366495953,0.3279191853635912
ENSG00000114450,0.11598357327106801,0.18551385809581142
ENSG00000136518,0.7596732911516504,0.4610786862459221
ENSG00000136522,0.9041081520354628,0.544541232433881
ENSG00000172061,0.22301127599515164,0.2460644832606241
ENSG00000041802,0.5970144653623068,0.33685935742055756
ENSG00000185112,0.3069923700642891,0.6800201874232731
ENSG00000134107,0.5241038690486944,0.8393408468652781
ENSG00000134108,0.34262355692256447,0.516327050173705
ENSG00000134109,0.4603094811354661,0.2488765773792079
ENSG00000180376,0.8052045917513538,0.47301982022923184
ENSG00000177383,0.5319861372004091,0.4900500431194783
ENSG00000187068,0.5504676160858695,0.44727240391840617
ENSG00000156931,0.9428768458910196,0.8893050824885508
ENSG00000196455,0.8603098126147404,0.8216434808419898
ENSG00000163347,0.24804767129859567,0.2914297383467335
ENSG00000017260,0.6837039409998069,0.9926228546119216
ENSG00000114126,0.9032627318297763,0.8553998389090407
ENSG00000114405,0.32817837509810255,0.2068147402816415
ENSG00000168016,0.4760118115976574,0.7878106334076724
ENSG00000172340,0.6096359733844818,0.772833137170237
ENSG00000187091,0.8772179919720634,0.9279886073681533
ENSG00000114850,0.969114394780242,0.6068492589620303
ENSG00000034533,0.7760285761979082,0.9803615999527345
ENSG00000163636,0.1739038794968786,0.13892079071676164
ENSG00000114805,0.5297202167575784,0.6589138047248425
ENSG00000018408,0.13176019552953425,0.10417923328212257
ENSG00000144749,0.6502177515569665,0.5318469785438904
ENSG00000090534,0.04222493255501075,0.02955704436783761
ENSG00000169251,0.7579963621089367,0.7286035793016469
ENSG00000163947,0.45125716152034234,0.3470486058966844
ENSG00000114737,0.4670253472867699,0.44987154683160147
ENSG00000082996,0.7735546059059373,0.991361359851904
ENSG00000197885,0.630015088160869,0.800991462176287
ENSG00000163785,0.9737682187846219,0.9089106689122954
ENSG00000114735,0.15333213010609073,0.1711646624328291
ENSG00000072858,0.9230379831663488,0.7552732712784999
ENSG00000175455,0.2576442004771608,0.13962094423359814
ENSG00000114395,0.305408848453572,0.21900258134607434
ENSG00000114529,0.8957076959818381,0.4980629694680283
ENSG00000239620,0.5007128407499606,0.48529168964025127
ENSG00000091986,0.037588461124867786,0.052247623279099965
ENSG00000134072,0.8510087811521525,0.6076140927540444
ENSG00000250151,0.8265696629127272,0.6085566830748532
ENSG00000171135,0.27984669264293427,0.17657485987439003
ENSG00000163701,0.34247864390208554,0.21209454657177673
ENSG00000145020,0.8619195469613717,0.8964230163579332
ENSG00000145029,0.3499995674595221,0.3542434860801238
ENSG00000164062,0.4828275913443041,0.3532995211370683
ENSG00000164068,0.9404084605929139,0.8060962427555987
ENSG00000176020,0.3037600517866687,0.601177759144252
ENSG00000173540,0.9770930267470997,0.7688859370815277
ENSG00000187288,0.006879959573162574,0.00667889381336545
ENSG00000114648,0.41906963248962437,0.2527224415889351
ENSG00000156976,0.932623651475441,0.6993440707028334
ENSG00000114113,0.9602636647666318,0.7212135423649834
ENSG00000163428,0.16312903234146128,0.10557477806368391
ENSG00000157150,0.30675520231688813,0.22965458808372155
ENSG00000114209,0.7234862983138337,0.4934172363654773
ENSG00000163536,0.468883002043771,0.29860195359085256
ENSG00000114698,0.02437737538134406,0.02755162409492718
ENSG00000188313,0.7414572509283981,0.8967763374492538
ENSG00000113810,0.4627629041630671,0.2715911600144495
ENSG00000213186,0.5515074490681472,0.2484345770227435
ENSG00000186432,0.6591753046515259,0.7225968335365998
ENSG00000179674,0.47330730493471873,0.7262798713585148
ENSG00000083937,0.8100830697515974,0.5653473386763356
ENSG00000114251,0.13509722786158515,0.21581840309554823
ENSG00000114767,0.8313397912623597,0.7606526930041518
ENSG00000243989,0.4594642288880284,0.5365390461863353
ENSG00000162244,0.8416983320259004,0.9602657720747546
ENSG00000164086,0.8689286515247581,0.8332702842245343
ENSG00000164087,0.5291628973073231,0.36827731435214106
ENSG00000023330,0.4364144335891599,0.3026822671798108
ENSG00000247596,0.9278814921115041,0.9970047765277396
ENSG00000164088,0.34626649341690163,0.40647819892613224
ENSG00000164091,0.9068219775858292,0.7830151411179879
ENSG00000168237,0.5388777197109836,0.34890436486213383
ENSG00000163930,0.9151289348491525,0.8455227967126715
ENSG00000163923,0.2919479952725712,0.27313016611224705
ENSG00000073849,0.09476856168623482,0.1952251268431513
ENSG00000163884,0.12632347521312462,0.20356525062160957
ENSG00000070476,0.3550940499306817,0.28098595399420095
ENSG00000174004,0.6832102721215991,0.8193628629937764
ENSG00000180370,0.6383002876192785,0.9056376858241425
ENSG00000174007,0.39041237087011116,0.3500310000809821
ENSG00000184432,0.8425093527997807,0.44241435163624376
ENSG00000172053,0.34108143198187224,0.36319829260168024
ENSG00000172037,0.933672861528466,0.8882835498360746
ENSG00000177352,0.7526109553612332,0.8601716846213716
ENSG00000185909,0.20563345422267265,0.14754943627683087
ENSG00000240303,0.8817265560300537,0.8562220574894183
ENSG00000129048,0.5767718864811133,0.5470996938746138
ENSG00000088726,0.28217600242278157,0.12797904336406243
ENSG00000144713,0.9378631394124375,0.9201025120961568
ENSG00000082701,0.7182934259356637,0.5861279619741349
ENSG00000154917,0.17263261720788406,0.22806042906471846
ENSG00000188315,0.015216080851098235,0.004312952761554627
ENSG00000114316,0.5975750282540928,0.78851618846981
ENSG00000145014,0.227811101351277,0.14179720626729414
ENSG00000090097,0.7826916464992192,0.9357705214265168
ENSG00000114346,0.28126572642805775,0.08242551885893983
ENSG00000114127,0.49569241318014545,0.3187785526583176
ENSG00000121577,0.4402205236780392,0.35017871285139224
ENSG00000138495,0.6579865196006253,0.8170149022213925
ENSG00000007402,0.5325236335722539,0.6970201922515883
ENSG00000177479,0.8665568914723506,0.7324014823680374
ENSG00000129055,0.7956141276020726,0.5146150028978146
ENSG00000114019,0.9026202138191494,0.9526210608211457
ENSG00000114544,0.6454580350813598,0.7926271149259636
ENSG00000144868,0.036992204176878776,0.11573890869320223
ENSG00000221955,0.44912189031905014,0.2952053654692271
ENSG00000198836,0.9060805416883273,0.6267753721877876
ENSG00000169282,0.8865010430846454,0.9766830740906062
ENSG00000163320,0.7591405909659497,0.9177140957012028
ENSG00000175105,0.4592725120727499,0.21915101101498347
ENSG00000073282,0.8685029607392042,0.5735426199985616
ENSG00000091513,0.09480251571055767,0.0691665045336582
ENSG00000174640,0.0025589268440736296,0.007515386298265263
ENSG00000144891,0.1204999396266396,0.03727222159966305
ENSG00000163687,0.6796169908291162,0.9141540588668885
ENSG00000163686,0.8213241854902654,0.9359298089851141
ENSG00000163684,0.06915588969962148,0.09734883338920962
ENSG00000168297,0.410833361239499,0.3928467549488772
ENSG00000168291,0.862407936543605,0.7499235774185369
ENSG00000136521,0.7389536240669867,0.6408970427125957
ENSG00000058056,0.21660880282677059,0.36311723821867037
ENSG00000196549,0.8160365195109629,0.8610158499801726
ENSG00000255154,0.5271189854753651,0.5054600336037707
ENSG00000113838,0.9193142314359843,0.834720040276467
ENSG00000283149,0.5761552392760707,0.9629004954899577
ENSG00000145192,0.15245367100610963,0.11927556840101426
ENSG00000067560,0.4499238881155152,0.353578983853452
ENSG00000177646,0.940103022313086,0.8221277293027567
ENSG00000172780,0.3262890012225883,0.25331395170664156
ENSG00000261796,0.2275071300210626,0.06213674504586015
ENSG00000240682,0.07353923527082555,0.06637022426712977
ENSG00000172215,0.09934333359000079,0.05358444850149467
ENSG00000184500,0.019265404769380982,0.06504970421302372
ENSG00000178750,0.45236558351228595,0.4091134475294097
ENSG00000178700,0.7230004191095794,0.7994924284987757
ENSG00000178694,0.44879869334790845,0.394643994626812
ENSG00000169379,0.8847554559256942,0.7840961139893888
ENSG00000114812,0.2879806390396109,0.30359257364440717
ENSG00000093183,0.6902184280832779,0.7049630170518028
ENSG00000008324,0.4878621614598797,0.35866135477082295
ENSG00000181061,0.938331118704174,0.7867756609068635
ENSG00000144648,0.8534035492169914,0.893310790609556
ENSG00000114853,0.4794908962796415,0.6262869411798933
ENSG00000041880,0.15468327599575932,0.13596962342879457
ENSG00000178917,0.2914308577587087,0.17517007563489237
ENSG00000186448,0.540756311251304,0.7002545924096772
ENSG00000169981,0.4913032839492736,0.3130052313744948
ENSG00000131375,0.5392221093181943,0.3757450055127538
ENSG00000131370,0.9975725568548683,0.9288083138573683
ENSG00000206562,0.31404919226380634,0.3439830058112098
ENSG00000144597,0.36498256867900103,0.20837357882251098
ENSG00000131373,0.29625462953088366,0.25649765802616026
ENSG00000012171,0.46230699976544043,0.37986617517977816
ENSG00000186792,0.27162306423108235,0.2517481932008602
ENSG00000243477,0.22103610248310268,0.3142895157446782
ENSG00000090520,0.6410340811971391,0.9092938747223374
ENSG00000154743,0.9794559312268579,0.827765363733814
ENSG00000164050,0.3501153124594867,0.34519414100821766
ENSG00000164051,0.10293548230885997,0.06868801502838517
ENSG00000232112,0.380110899130531,0.4041006998446801
ENSG00000213689,0.17758729560047054,0.20543561049487977
ENSG00000114268,0.9671403027775364,0.9026773254598232
ENSG00000010256,0.2560433350377994,0.36142421837961936
ENSG00000225697,0.021083829754227946,0.033479058582826945
ENSG00000008300,0.4781089551572838,0.5348262479838674
ENSG00000213672,0.48129576696781895,0.6049878053012474
ENSG00000068745,0.37751010253215544,0.28419518428093793
ENSG00000114270,0.5159222387219203,0.718582949338483
ENSG00000075975,0.888399665372684,0.9526773487326766
ENSG00000172667,0.7894343991568216,0.544589823794112
ENSG00000121879,0.36687783521952366,0.5059203569481041
ENSG00000241553,0.8114497550119698,0.7727973072709073
ENSG00000163964,0.742566854427402,0.7676314441648552
ENSG00000197763,0.6938362020807827,0.8016922114402157
ENSG00000114779,0.555118201137123,0.8629089569322456
ENSG00000239732,0.688355603326128,0.7905030795556697
ENSG00000163918,0.3039161598646514,0.18587388646310185
ENSG00000180044,0.0665249576693215,0.05689457951201832
ENSG00000144681,0.15507094409204267,0.26077422762102875
ENSG00000144852,0.968339764592713,0.9690717958678867
ENSG00000010319,0.29256475587192854,0.35136488298957214
ENSG00000114854,0.6620205322675891,0.8916442260204075
ENSG00000010322,0.9844717400196537,0.8899999255037434
ENSG00000076201,0.9228212793789308,0.8101683497103984
ENSG00000163832,0.47821918898389093,0.3969602186759791
ENSG00000174891,0.8733945801877139,0.6761559901780585
ENSG00000113971,0.28847170986483006,0.4515827172708189
ENSG00000132153,0.5069662664120846,0.4509296540631975
ENSG00000164045,0.13745463981348233,0.0852862440305019
ENSG00000164048,0.2777304469786437,0.3841265137378054
ENSG00000172113,0.48153337785191597,0.4445193938360743
ENSG00000164053,0.3081226907686717,0.4051005732466887
ENSG00000114554,0.5351966282329625,0.26016588927836726
ENSG00000120756,0.31405577932165396,0.27787285655655347
ENSG00000163710,0.016409128412874924,0.029257924230783276
ENSG00000081307,0.7287066529694846,0.44507736170067436
ENSG00000163719,0.9530493634117091,0.8626229282965521
ENSG00000156983,0.3807052540904958,0.30838090661699796
ENSG00000011376,0.337116314039849,0.24019155249765983
ENSG00000144791,0.17910570584515745,0.14815083106931967
ENSG00000163823,0.5991607196253781,0.8884637712699155
ENSG00000121807,0.6185271129333989,0.9073703528272055
ENSG00000121797,0.19686638628559067,0.2398428539490787
ENSG00000012223,0.6384749718229579,0.8852823945185688
ENSG00000163827,0.09598109006107042,0.20598870908721692
ENSG00000163703,0.4612722697254197,0.3854541645156022
ENSG00000132170,0.798878165024943,0.5969966287308848
ENSG00000272886,0.9077787284506712,0.8000568964551107
ENSG00000016391,0.22036807663196883,0.3445110480522524
ENSG00000056736,0.5775103705967006,0.7816805977250727
ENSG00000113812,0.8933556771348412,0.5969389476279459
ENSG00000144554,0.11396191768467681,0.07236993471103147
ENSG00000114491,0.8778562189219548,0.7865213739216561
ENSG00000082781,0.0925644693227648,0.1383585556176217
ENSG00000173702,0.1440560692421227,0.10984722134107426
ENSG00000136068,0.8076486777860354,0.9210594998163611
ENSG00000160145,0.3560010284807351,0.3095515356567052
ENSG00000051341,0.07659634703607164,0.027508658419839575
ENSG00000134077,0.675911203885227,0.9547009461358473
ENSG00000068028,0.2411938925226061,0.2581854944345025
ENSG00000214706,0.6757177803212588,0.814587812315598
ENSG00000152601,0.47428239790865734,0.7396757235535046
ENSG00000163515,0.8309626193233911,0.8301213171359221
ENSG00000225526,0.6734894462350327,0.89263768516735
ENSG00000171148,0.8190268158689054,0.7449559924303427
ENSG00000150995,0.3839104300942874,0.6203356703235328
ENSG00000154928,0.6744305576357219,0.8420078086396621
ENSG00000145012,0.6317987899308151,0.6147991945902126
ENSG00000114654,0.6063986866924649,0.8188884288796086
ENSG00000145041,0.45104238412290776,0.2663819140254641
ENSG00000144857,0.05204098433973355,0.05654499782403638
ENSG00000177311,0.5205273314324592,0.8099090077950774
ENSG00000164080,0.2232187655730305,0.20729021329444444
ENSG00000163946,0.8494741630178763,0.4131548478122482
ENSG00000131389,0.3383322919665073,0.39868389467075316
ENSG00000206560,0.670703917138552,0.4275986989138876
ENSG00000163539,0.7924744666266035,0.8932344865761971
ENSG00000168386,0.07197926561546644,0.06652561831151656
ENSG00000181789,0.893295831542694,0.8182426605841994
ENSG00000183624,0.25289543873292347,0.3119222424240097
ENSG00000129071,0.48585239248845147,0.393199824504732
ENSG00000004399,0.8003600304514742,0.9414035227726806
ENSG00000182923,0.9522440615218574,0.775596333981158
ENSG00000088727,0.22158641322453143,0.2133768205782484
ENSG00000174946,0.7055227688797213,0.47178834205939213
ENSG00000174944,0.07064480495858239,0.07513143428736452
ENSG00000138271,0.0336488774143684,0.025975919982380764
ENSG00000181631,0.8886310509570892,0.962490998632676
ENSG00000160799,0.41293663992575225,0.45607540102572075
ENSG00000179152,0.6649879279308077,0.6597008679258801
ENSG00000136527,0.40898728643194104,0.2239043232387204
ENSG00000118849,0.8774358749981307,0.6066256270984416
ENSG00000118855,0.8068197481303617,0.9716997042656177
ENSG00000151967,0.06326210769467991,0.028995923373205956
ENSG00000114861,0.9043740784145995,0.8624112101476729
ENSG00000175110,0.5260727423993977,0.32437282623998337
ENSG00000144895,0.7085190893231692,0.8788370823300423
ENSG00000136059,0.6503923127942179,0.4187880032129364
ENSG00000114686,0.8030091867351775,0.5223419307328745
ENSG00000145198,0.7179607122634117,0.5835342093240061
ENSG00000073111,0.3500256854655449,0.20416981075907265
ENSG00000114631,0.9277786440995315,0.7465010358117745
ENSG00000114626,0.789093124122428,0.7396872374923786
ENSG00000187715,0.27734326452060387,0.3365115437972548
ENSG00000074416,0.17891263524025025,0.18551505006464986
ENSG00000180353,0.8086286370145792,0.9594671605360439
ENSG00000173226,0.03150658474261493,0.03320186721108247
ENSG00000145088,0.7499131779442545,0.8623029558845463
ENSG00000163406,0.21868853610274563,0.11631778903705906
ENSG00000065534,0.15376237854737393,0.13996647498482437
ENSG00000091527,0.3478303562451851,0.16656270238975257
ENSG00000163781,0.535440408666084,0.26482194928884534
ENSG00000169855,0.34796126312234943,0.4927712410033841
ENSG00000185219,0.5207837604430322,0.39703127120177784
ENSG00000114857,0.7476939387160728,0.5034110804299041
ENSG00000198843,0.8527641809412987,0.6023295349165174
ENSG00000155903,0.9312265962820901,0.8375605836371979
ENSG00000075651,0.34382365252813685,0.39458124733430433
ENSG00000113811,0.6406533824581058,0.794516406027216
ENSG00000114650,0.7965235474753678,0.8811518287994135
ENSG00000164054,0.7237719711689274,0.9289309491219926
ENSG00000154781,0.16740759957289314,0.13360776173722883
ENSG00000010318,0.3546550147522147,0.8770744559419342
ENSG00000178252,0.8820140429795442,0.9564803116072302
ENSG00000163931,0.9681267730718246,0.7863844181109828
ENSG00000248487,0.7190334626202246,0.8409328813808985
ENSG00000180767,0.3322800993211286,0.4942508791489968
ENSG00000163507,0.2398117741383307,0.1664865015943128
ENSG00000113851,0.7383388178460393,0.6888088194519595
ENSG00000144843,0.11982911458090942,0.1648467514764382
ENSG00000163882,0.8758372660588614,0.6149325401579941
ENSG00000182973,0.6534177459670545,0.5048468290593167
ENSG00000173531,0.770936544105296,0.9551924174588798
ENSG00000188958,0.36724871496777467,0.4526337856546526
ENSG00000144741,0.3033390126519621,0.2917689094957968
ENSG00000181555,0.5612169842379036,0.3722788971821279
ENSG00000161204,0.9815642927348258,0.8269524808280548
ENSG00000168137,0.5131779812059195,0.34329294067719673
ENSG00000114770,0.5048718747225875,0.7320939810348335
ENSG00000161202,0.9834431482121267,0.9804195960994045
ENSG00000161203,0.3412591021094217,0.545819898374472
ENSG00000184378,0.6650027118871825,0.7701991854366133
ENSG00000085274,0.4410851185000162,0.28614229419815174
ENSG00000114248,0.6785506125835068,0.9164731277233487
ENSG00000008952,0.43585585617079636,0.666403907900994
ENSG00000173890,0.6095067131833365,0.5915236724178229
ENSG00000164081,0.13026330435690517,0.20237988846790989
ENSG00000114503,0.6995918812115063,0.48932946923135334
ENSG00000270170,0.36465541418538816,0.37191756442229984
ENSG00000119227,0.5639010610507936,0.7990778775726828
ENSG00000163602,0.8013103976354973,0.9278030440693754
ENSG00000196428,0.14762962445658145,0.1769114673254146
ENSG00000182983,0.0449095143068489,0.11079235823589119
ENSG00000163788,0.3919589601894934,0.6146842867866603
ENSG00000144649,0.05057202003852223,0.10259735126400331
ENSG00000196639,0.24211559912247096,0.4408187277519553
ENSG00000197548,0.9417575140779437,0.7865683154324351
ENSG00000144560,0.9836858313038351,0.916306338521577
ENSG00000077092,0.07457582414906688,0.11426718970701326
ENSG00000174173,0.24613139535459447,0.12544732849240886
ENSG00000133657,0.8396155238451887,0.7902357572701934
ENSG00000185614,0.28970901573083196,0.16610730335272228
ENSG00000182179,0.4248212009264043,0.39568334067338595
ENSG00000183763,0.5973073804995008,0.5390070419755324
ENSG00000164078,0.39360826964185136,0.22181038351322785
ENSG00000164077,0.7311139382514391,0.9427821999426736
ENSG00000004534,0.39674315583102526,0.4226645740899566
ENSG00000003756,0.7423389753078955,0.5943357603278825
ENSG00000114013,0.3543627925435141,0.5499704881992908
ENSG00000121552,0.37499275388666675,0.2421846699340357
ENSG00000160124,0.3377521549878226,0.4261754609029613
ENSG00000114023,0.8974336192826912,0.8321155806994617
ENSG00000196981,0.22587025810807485,0.16340861410525587
ENSG00000114030,0.5185410585047848,0.41952593946724426
ENSG00000138496,0.28251080485301927,0.17380175883783727
ENSG00000163840,0.23203596004064972,0.12358531478421325
ENSG00000173200,0.8935562363201804,0.7682106685874724
ENSG00000125037,0.9385238267616898,0.9546747232919647
ENSG00000144867,0.9625637255693216,0.6164149658049478
ENSG00000057019,0.012609196524719412,0.021890618449354363
ENSG00000064225,0.001970992376190319,0.009099337130708507
ENSG00000163820,0.8197867240661141,0.7258932656162306
ENSG00000158234,0.30093351818876357,0.2477560698090496
ENSG00000151276,0.21989279953656501,0.24500952194260583
ENSG00000144559,0.7855941278996266,0.8968953988856607
ENSG00000033867,0.11893838332311142,0.09497257149683813
ENSG00000163689,0.8648740173101778,0.9918240343306705
ENSG00000114656,0.8721893229050508,0.594759028829617
ENSG00000160791,0.4725261302554681,0.30934033316959775
ENSG00000170364,0.7402736503373877,0.6895991552980821
ENSG00000145022,0.8958690880035414,0.9275097615134084
ENSG00000070087,0.10428022468905405,0.15933928189167512
ENSG00000171121,0.2843875920160086,0.4738045936895936
ENSG00000196542,0.8896349365247564,0.8770191302184434
ENSG00000156990,0.6012177643441716,0.39008987362876735
ENSG00000177463,0.41498003212504264,0.28319919471080446
ENSG00000132182,0.18306366072769956,0.33885408390451005
ENSG00000163517,0.19917706973013696,0.3272448334047291
ENSG00000163520,0.05514955718997012,0.06701318750739728
ENSG00000114473,0.48349692266907474,0.5528777368697346
ENSG00000182899,0.8794565527160181,0.7515218964948551
ENSG00000185621,0.43125357796631647,0.7440809872532558
ENSG00000114745,0.8935135901628675,0.8472393337497136
ENSG00000119231,0.9843393645189148,0.5179994678331565
ENSG00000163975,0.9066952485358575,0.8873071819514438
ENSG00000075711,0.9396943614615038,0.683507403306371
ENSG00000131374,0.9698407450175621,0.8908451578230898
ENSG00000134086,0.07690835118571576,0.03292217901927094
ENSG00000157036,0.5582743871692841,0.4933137873641886
ENSG00000179348,0.7464137570927529,0.41888994636623544
ENSG00000163702,0.43172449201710283,0.3422236457490718
ENSG00000173402,0.8799628659895938,0.8817781304811019
ENSG00000163933,0.7864983247310319,0.7106191255125069
ENSG00000163932,0.855932652561816,0.8872587803871624
ENSG00000144659,0.9921431619273549,0.7227058291507602
ENSG00000144655,0.12881246303630542,0.27482744066471965
ENSG00000168329,0.042656094229459735,0.0556331331725163
ENSG00000131386,0.059587133713670824,0.03572923475660079
ENSG00000154813,0.5349670174363403,0.7748501593745991
ENSG00000154814,0.5662260374331275,0.4008616509631616
ENSG00000114120,0.8808408420569606,0.6481644340598933
ENSG00000163913,0.6438321750359413,0.7776028700223914
ENSG00000168032,0.4040910246440289,0.24209437767917114
ENSG00000188846,0.18647779088154018,0.3993276086152161
ENSG00000177873,0.4203257170956085,0.2765261214103047
ENSG00000177842,0.46294000021857495,0.29401499416267407
ENSG00000172888,0.264402254643146,0.21508143541593644
ENSG00000168036,0.6221541989577787,0.5783075921717102
ENSG00000168038,0.40277475428500786,0.43044127217058237
ENSG00000182606,0.5185513122549281,0.4345178134308413
ENSG00000187094,0.985106336629947,0.5983940372067093
ENSG00000080200,0.3327811814109521,0.6826613775477464
ENSG00000170854,0.3439483346257488,0.7292086007859021
ENSG00000163527,0.3924553819638106,0.3187185143505284
ENSG00000144645,0.6893030286475532,0.8434032445988944
ENSG00000197385,0.8429514222449872,0.483180155922293
ENSG00000152642,0.7786596598543042,0.5692428048179894
ENSG00000163606,0.6763584140267196,0.46066817678001204
ENSG00000163607,0.6327859390752808,0.39971283143066394
ENSG00000163608,0.8986595445783635,0.6959471238948569
ENSG00000184307,0.37829029517934987,0.32104878537404086
ENSG00000163617,0.4130389652687355,0.4476443654441292
ENSG00000151576,0.3562529353255153,0.22154571466093365
ENSG00000172765,0.8579404782057524,0.9037689458286036
ENSG00000144935,0.08538075514497206,0.06054579774556479
ENSG00000168028,0.8138462296891558,0.8569693362647584
ENSG00000061938,0.5913491188457976,0.5379714216811693
ENSG00000072274,0.34530789674595874,0.15407223141322732
ENSG00000178053,0.13923966005148095,0.19764180415720056
ENSG00000168827,0.6788728201127161,0.524606490840783
ENSG00000079257,0.3294762047249351,0.42720831002996684
ENSG00000072756,0.6030067777642428,0.2983905231424319
ENSG00000169814,0.270114354028344,0.27174710169683286
ENSG00000131381,0.5113127515736,0.42866902194996614
ENSG00000163728,0.2673750891190401,0.35968663051448435
ENSG00000284862,0.4219478587527127,0.5902291517578904
ENSG00000205981,0.6262075847717974,0.5815076969449633
ENSG00000114416,0.4477995448827805,0.7167648349560627
ENSG00000114455,0.42861469515308415,0.3905846801671974
ENSG00000066405,0.27505241803901925,0.23054875684022463
ENSG00000158163,0.19934591198995902,0.3442013960168836
ENSG00000118017,0.31249238061873347,0.4857257707114362
ENSG00000138231,0.40330830778939597,0.2586268162925296
ENSG00000114098,0.6949085459788902,0.5688737780882368
ENSG00000071282,0.19889685127695003,0.2860772805151061
ENSG00000180914,0.09961528476110947,0.07696338515588587
ENSG00000077097,0.4879561814748372,0.40413149636618606
ENSG00000172936,0.751577171656988,0.623720120618116
ENSG00000173230,0.7379860227109434,0.5654940651136966
ENSG00000163818,0.32924793401332875,0.40614476281722933
ENSG00000157014,0.24764523633027735,0.1895819395162755
ENSG00000058262,0.8677233719444253,0.4994322580431112
ENSG00000132155,0.8458043017606143,0.6990544511554169
ENSG00000121542,0.7509609736574752,0.49581841025804485
ENSG00000173175,0.11902471771867705,0.13855228122481092
ENSG00000090539,0.018887997539373393,0.025888344799274415
ENSG00000182568,0.25734318103930526,0.5149264905183808
ENSG00000163848,0.7756630707129084,0.4522300479696558
ENSG00000173950,0.698683081210663,0.5973069029040423
ENSG00000114331,0.7419106646518808,0.6486729545160237
ENSG00000184203,0.4531534497199242,0.47847546868082946
ENSG00000189058,0.002395911277010284,0.004418312494451879
ENSG00000113966,0.33587836715571306,0.45195452133894065
ENSG00000157388,0.6537592895955167,0.3246212960648991
ENSG00000073711,0.0948680226097294,0.08334646345836742
ENSG00000114054,0.1977812770363509,0.20308271608128045
ENSG00000174579,0.4069053721328867,0.218270970768781
ENSG00000163508,0.7180015421842663,0.8647898836489281
ENSG00000163817,0.522249130090098,0.9867382331420265
ENSG00000131368,0.1751334172191485,0.2409491112896158
ENSG00000173706,0.08481117879493952,0.12201685372410684
ENSG00000283154,0.054658261480746144,0.042261561604193185
ENSG00000163938,0.854355123296059,0.7555014279358159
ENSG00000016864,0.013196187977723602,0.03661247106970856
ENSG00000114902,0.31189000726730337,0.4003901692884626
ENSG00000114904,0.7209624502241915,0.5854590271783067
ENSG00000055955,0.013626735403866498,0.02537985924013811
ENSG00000272573,0.5242223122849495,0.45211224377137293
ENSG00000248592,0.8879415593209429,0.6972721468233125
ENSG00000213533,0.8159704191389892,0.7700754306389916
ENSG00000214021,0.3276326095614634,0.23559196582832376
ENSG00000176542,0.6730314180512937,0.7321718137422712
ENSG00000121579,0.3203496858577153,0.18156912014144794
ENSG00000178075,0.2860294215518252,0.25105729966556856
ENSG00000178035,0.7267614088134882,0.7867703462492119
ENSG00000198218,0.324055056625606,0.28151539623583816
ENSG00000240747,0.22793662367507164,0.03952990375208948
ENSG00000066422,0.8251067298843877,0.457652963868173
ENSG00000181722,0.3765215856137313,0.31307482841912526
ENSG00000233276,0.14404991486810995,0.13461096973499123
ENSG00000177565,0.8526598896834764,0.7761180625768921
ENSG00000176945,0.01433705401727227,0.0080642887223925
ENSG00000145113,0.6070540668248728,0.4670883715366311
ENSG00000114115,0.5483843639310366,0.32157208456128766
ENSG00000163864,0.9930041422159052,0.7256188789375482
ENSG00000184897,0.9870859058168343,0.8848637497453008
ENSG00000172046,0.705462983555837,0.597971341448684
ENSG00000187098,0.3501053337055914,0.4631332990210747
ENSG00000014257,0.87957542795351,0.8960950186519614
ENSG00000285749,0.937410562968824,0.8421392394406682
ENSG00000144802,0.32685078755747315,0.31471843266291866
ENSG00000188338,0.3148479929083967,0.1949361276339468
ENSG00000114391,0.8209262378038289,0.8448790261851242
ENSG00000144815,0.7363939131173012,0.9837784021690106
ENSG00000047849,0.755063502739952,0.6982311041285914
ENSG00000174840,0.3491625681078868,0.29858853570025434
ENSG00000168374,0.6085688226801654,0.6960413426300915
ENSG00000174839,0.7876738485330735,0.7126265718576744
ENSG00000163807,0.5440226256523105,0.5399737527120543
ENSG00000163808,0.1391822404676432,0.08008228956556439
ENSG00000169964,0.22684963976218567,0.19911208198592015
ENSG00000075914,0.7586920513234848,0.9444772029162125
ENSG00000163815,0.46039914754029976,0.28854332037304
ENSG00000185008,0.3428582246967069,0.5107828545122883
ENSG00000163812,0.6009296254745451,0.8622460942842073
ENSG00000182504,0.28954118957323516,0.1654572369446546
ENSG00000114439,0.5298777715936808,0.8774468141021321
ENSG00000196776,0.1341256482246878,0.09534297255861213
ENSG00000114279,0.17554701296685504,0.47857780973974506
ENSG00000144674,0.708265535578956,0.5729126849634572
ENSG00000114302,0.49558013428731085,0.4638988779387153
ENSG00000152952,0.0011792115716513579,0.0033213269503547774
ENSG00000173578,0.6428234887668093,0.960212903523701
ENSG00000211456,0.8991064648967152,0.6248753770321234
ENSG00000114573,0.878700130002285,0.6885105274190322
ENSG00000163681,0.8986986830611088,0.6566977722041321
ENSG00000144647,0.787781709206735,0.8208725550679021
ENSG00000196083,0.038152135467366795,0.058076775285672795
ENSG00000114784,0.493428526704465,0.3979289863882277
ENSG00000153767,0.4136608496208558,0.17954704486825854
ENSG00000163558,0.9113228248723017,0.733364915385627
ENSG00000136603,0.07753216650949994,0.21367384102558545
ENSG00000010327,0.08119222589873297,0.155866674597506
ENSG00000168268,0.3061592081843195,0.4994719042490964
ENSG00000168273,0.9675947572318804,0.9084097009216402
ENSG00000163939,0.9922497858347002,0.9331880940188968
ENSG00000114026,0.6139532478111659,0.6819326789560389
ENSG00000122068,0.9406611415169679,0.7938539674560844
ENSG00000145016,0.7845537119449763,0.5430307601217901
ENSG00000058063,0.47227630940997134,0.6072383178403972
ENSG00000043093,0.6306451069058945,0.46075273798926975
ENSG00000078070,0.9828834791329376,0.7487400311219319
ENSG00000078081,0.9241380718321864,0.8490343599152893
ENSG00000144712,0.10971994832834464,0.09020212602365005
ENSG00000144711,0.8713560456138226,0.8718962125241807
ENSG00000154175,0.09442046169154704,0.1317765708789626
ENSG00000163704,0.2618648039097779,0.25888575838196004
ENSG00000198888,0.7116849668845775,0.8267534621122057
ENSG00000198763,0.6763159190248564,0.3939845040949995
ENSG00000198804,0.5851423338963648,0.8184506043421105
ENSG00000198712,0.9998417638945529,0.7393994280011313
ENSG00000228253,0.5630917451714355,0.47566928978416656
ENSG00000198899,0.6041344650188365,0.468545195413259
ENSG00000198938,0.39068999277712513,0.6714777329730022
ENSG00000198840,0.5940309964973689,0.9510938547432004
ENSG00000212907,0.8266577654855923,0.5740609857283407
ENSG00000198886,0.8034537167470794,0.5574009721958196
ENSG00000198786,0.9294075616282722,0.9840929725973134
ENSG00000198695,0.630955936647096,0.7583998688245727
ENSG00000198727,0.8990463819800318,0.800288137827774
